{"type": "FeatureCollection", "features": [{"type": "Feature", "properties": {"tract_id": "27109000903", "name": "Tract Census Tract 9.03", "pct_white_2020": 84.2, "pct_black_2020": 2.2, "pct_hispanic_2020": 4.7, "pct_asian_2020": 2.1, "population_2020": 4005, "is_sample_data": false, "pct_white_1970": 98, "pct_black_1970": 1.9, "pct_hispanic_1970": 4.2, "pct_asian_1970": 0.5, "pct_white_1990": 95, "pct_black_1990": 5.1, "pct_hispanic_1990": 1, "pct_asian_1990": 3.1}, "geometry": {"type": "Polygon", "coordinates": [[[-92.46987999986425, 43.949230000163624], [-92.46982999963554, 43.94874999969079], [-92.4698270001608, 43.94873500021987], [-92.46976000021364, 43.94831999999078], [-92.46957000024285, 43.947670000299674], [-92.46956199984693, 43.94765300011585], [-92.46934000008909, 43.94719000016415], [-92.4692299995859, 43.94699999987511], [-92.46879500029104, 43.94624500000983], [-92.46869999985648, 43.946079999961725], [-92.4681159997004, 43.94510700002702], [-92.46773999995675, 43.94448000028061], [-92.46745499955139, 43.943991999944224], [-92.4671800000901, 43.94352000023992], [-92.46659400028418, 43.942535999988756], [-92.46643000025266, 43.94226000018816], [-92.4663299997952, 43.942039999935574], [-92.46613999982442, 43.941640000154315], [-92.46610100036467, 43.94155100026877], [-92.46602000017383, 43.94136000006454], [-92.46593999980789, 43.9410900000227], [-92.46585000029451, 43.94069999980998], [-92.46574900001217, 43.93997799970982], [-92.46573999979134, 43.93990999984891], [-92.46572999974559, 43.93944000014852], [-92.4655680002622, 43.93943499997349], [-92.46533999975826, 43.93942999979801], [-92.4651599998332, 43.93942000009263], [-92.46508299984032, 43.93942000009263], [-92.46503000013686, 43.93942000009263], [-92.46492999967944, 43.93937999996067], [-92.46487000030329, 43.9393599998846], [-92.46475999980012, 43.93930000026283], [-92.46457099965424, 43.93916899975703], [-92.46452999964635, 43.93913999989738], [-92.46393999964248, 43.938599999770695], [-92.46385199977891, 43.93852800007326], [-92.46378200035704, 43.93846999971454], [-92.4637570002427, 43.93844999997919], [-92.46362900019618, 43.93834300018131], [-92.46359999988384, 43.938320000241916], [-92.46351299984522, 43.93826800000866], [-92.46341999995879, 43.93821200015446], [-92.46340599971509, 43.93820300030003], [-92.4633499996386, 43.93816999974405], [-92.46327000017097, 43.938132000178854], [-92.46317999975929, 43.938089999711934], [-92.46305000006295, 43.93803799992442], [-92.46297999974274, 43.93801000021902], [-92.46276999968045, 43.937949999881845], [-92.46253000037925, 43.93792999997159], [-92.46234799990607, 43.93792999997159], [-92.4621599995851, 43.93792999997159], [-92.46213100017108, 43.93793200009231], [-92.4621100002547, 43.93793400021292], [-92.46157899980204, 43.937979000321896], [-92.45999000043868, 43.938113999797544], [-92.45945999981095, 43.93815999982676], [-92.45924800009884, 43.93818000030653], [-92.4586120000642, 43.93822500022928], [-92.4584000003521, 43.93823999976474], [-92.45839000030635, 43.93775999981623], [-92.45839799980396, 43.937558000285854], [-92.4584000003521, 43.93751000030289], [-92.45840700002479, 43.935512000197384], [-92.45841000039783, 43.93490800014829], [-92.45841000039783, 43.934829999833866], [-92.45841000039783, 43.934730000143674], [-92.45841000039783, 43.934012999988525], [-92.45841000039783, 43.93368499972528], [-92.45841000039783, 43.932649999903184], [-92.45840399965174, 43.931565000243125], [-92.4584000003521, 43.93074999989707], [-92.45839600015414, 43.93064599973125], [-92.45839000030635, 43.930429999950434], [-92.45839000030635, 43.9303340000836], [-92.45839000030635, 43.930229999837316], [-92.45840500037498, 43.92909000019554], [-92.45843999963675, 43.92658000030158], [-92.45839000030635, 43.92603999998939], [-92.45833000003189, 43.925829999945904], [-92.45826599955947, 43.92569600002367], [-92.45822000042705, 43.925600000280056], [-92.45800000031902, 43.92523999986174], [-92.45774000002801, 43.92496999973573], [-92.45755000005721, 43.92483000007463], [-92.45747999973702, 43.92478000025442], [-92.45707999970394, 43.92452999987613], [-92.45680799971737, 43.924418999762175], [-92.45670999980808, 43.9243800001801], [-92.456309999775, 43.92425999976272], [-92.45585000036576, 43.92417000009959], [-92.45550999970884, 43.92415000008407], [-92.45496999993367, 43.92413000006184], [-92.4542900004164, 43.92413000006184], [-92.45344000012153, 43.92413000006184], [-92.45058499963838, 43.924137000167434], [-92.44202300035859, 43.924159000124256], [-92.44197999980256, 43.92415999976918], [-92.44035000043132, 43.92415000008407], [-92.44001999982011, 43.92409999969237], [-92.43963999987852, 43.92402000014281], [-92.43933000025713, 43.923910000020435], [-92.43920999970821, 43.923860000074], [-92.43907099979104, 43.923989000070094], [-92.43905999992037, 43.92400000007686], [-92.43894000026978, 43.92406999995476], [-92.43871000011602, 43.9241399997503], [-92.4385899995671, 43.92421999978547], [-92.43857600022172, 43.92424600022666], [-92.43855000028245, 43.924299999713064], [-92.43847999996224, 43.92440999976133], [-92.43849000000797, 43.92454999976389], [-92.43850000005374, 43.92540000010098], [-92.43849400020596, 43.925907000155775], [-92.43849000000797, 43.92626999989496], [-92.43847999996224, 43.9269900003199], [-92.43843999977928, 43.928419999995505], [-92.43845400002299, 43.9304009997105], [-92.43845999987076, 43.93110000015179], [-92.43845999987076, 43.9318999997462], [-92.43845999987076, 43.93247100010395], [-92.43845999987076, 43.934139999713096], [-92.43845800022095, 43.934186999705396], [-92.43843999977928, 43.93473999999088], [-92.4384349997564, 43.93475900021347], [-92.43843599958132, 43.9349320002244], [-92.43817000034085, 43.934930000002815], [-92.43805700036295, 43.93492799978111], [-92.43794600003487, 43.934927000317145], [-92.43751000001677, 43.93492000018756], [-92.43348399974667, 43.93488500017399], [-92.43285000026017, 43.934880000262794], [-92.43249999955749, 43.934869999792255], [-92.4315499997035, 43.93485999996691], [-92.43125000012785, 43.93485999996691], [-92.43007599996787, 43.934851999717296], [-92.42479100004732, 43.9348189998891], [-92.42010100015348, 43.934788000269116], [-92.41997499975679, 43.934788000269116], [-92.41563999969021, 43.93475999968025], [-92.41558199996389, 43.93475800009975], [-92.41541100025968, 43.93475300017787], [-92.41535400035828, 43.934752000064094], [-92.41528999988584, 43.934749999836406], [-92.41400899959575, 43.934754999758546], [-92.41307999965815, 43.93475999968025], [-92.41096999988788, 43.93473999999088], [-92.40997400000315, 43.93473999999088], [-92.40862999996385, 43.93473999999088], [-92.37433799976877, 43.934623000120766], [-92.37385200042029, 43.934620999888736], [-92.3734959998698, 43.93461999977269], [-92.3717340002541, 43.93461100002152], [-92.36088800022843, 43.9345690003021], [-92.36018100004867, 43.9345670000683], [-92.35994699969696, 43.93456599995135], [-92.35979000023643, 43.93456999977207], [-92.35904000039898, 43.93455000001881], [-92.35851999981698, 43.934521999964794], [-92.35363800030255, 43.9345030003134], [-92.34934800044182, 43.93449200030815], [-92.34864999958458, 43.93448699971698], [-92.34338300010569, 43.934482999890676], [-92.33869099966374, 43.9344790000641], [-92.33556099971928, 43.934464000226825], [-92.33478400011765, 43.93445999975206], [-92.33281999993724, 43.93449000007176], [-92.33182999990028, 43.93444999985776], [-92.33137999963849, 43.93444999985776], [-92.33027999999668, 43.93443999996178], [-92.3297050000614, 43.93443600013232], [-92.32839000033442, 43.93443000006414], [-92.32827700035652, 43.93443000006414], [-92.3279380004228, 43.93443000006414], [-92.3278250004449, 43.93443000006414], [-92.32687999971547, 43.93443000006414], [-92.32587200013515, 43.934421000284196], [-92.32575999998215, 43.9344200001648], [-92.32500000009898, 43.9344200001648], [-92.324010000062, 43.9344200001648], [-92.32083999993458, 43.934369999996015], [-92.32001599957897, 43.93435500013125], [-92.31864899997348, 43.934330999822215], [-92.31865599964615, 43.937347000085246], [-92.31865900001921, 43.937980999794085], [-92.318672000438, 43.94159900022361], [-92.31867599973764, 43.94260700002555], [-92.31868199958542, 43.94521599981671], [-92.3186599998441, 43.9488200001898], [-92.31869699965404, 43.95245500011538], [-92.31869599982912, 43.95347200027861], [-92.31870900024792, 43.955577000193564], [-92.3187150000957, 43.955800999826224], [-92.31874100003498, 43.95642700003855], [-92.31873699983701, 43.95695600017171], [-92.31871699974552, 43.959688000015994], [-92.31873500018719, 43.963342000043454], [-92.31878399969267, 43.966895000223246], [-92.31882999972342, 43.977599999725236], [-92.31882300005073, 43.981259999933975], [-92.31882300005073, 43.98411799995567], [-92.31882399987565, 43.984939999718534], [-92.31883100044665, 43.98845699988697], [-92.31883300009649, 43.99190800019668], [-92.31883300009649, 43.99199599983593], [-92.31883399992138, 43.99206299976019], [-92.31884800016509, 43.99566799988588], [-92.31884899999, 43.99723799993563], [-92.31884899999, 43.9972689999399], [-92.31886200040879, 44.001733999757015], [-92.3188630002337, 44.00201800012027], [-92.31887499992928, 44.00650000000973], [-92.3189129995641, 44.02098000015144], [-92.31893000018086, 44.02098000015144], [-92.31935000030543, 44.02098000015144], [-92.32073000032973, 44.02098000015144], [-92.32192000038323, 44.020989999694926], [-92.322952000253, 44.02099500011198], [-92.32412300003992, 44.02100199979082], [-92.32549999969116, 44.02101000006873], [-92.3270300004016, 44.02101000006873], [-92.32881999960642, 44.02102999978986], [-92.33011000011736, 44.02103999997089], [-92.33057999957232, 44.02103999997089], [-92.33153000032462, 44.02103999997089], [-92.33273000042387, 44.02105000015018], [-92.33501799957106, 44.02105000015018], [-92.33569999963645, 44.02105000015018], [-92.33634999991479, 44.02105999968185], [-92.3372100002554, 44.02105999968185], [-92.33836000012595, 44.02106999985782], [-92.33871699960301, 44.02106999985782], [-92.33903999964319, 44.02106999985782], [-92.33941999958479, 44.0210800000321], [-92.34018000036629, 44.0210800000321], [-92.34103700033387, 44.0210849997956], [-92.34303999997401, 44.02109999972957], [-92.34485000016863, 44.02112000006632], [-92.34528000033893, 44.02112000006632], [-92.34616999991846, 44.02112000006632], [-92.34703199990892, 44.021123999874455], [-92.3480100002503, 44.02113000023211], [-92.34837000010043, 44.021139999750304], [-92.3490300004245, 44.02114999991277], [-92.34973000003325, 44.021139999750304], [-92.35228000001955, 44.02116000007356], [-92.35318899986567, 44.02116000007356], [-92.35337999966137, 44.02116000007356], [-92.3543599996526, 44.02116000007356], [-92.3560700002881, 44.02117000023266], [-92.35780000011675, 44.02117000023266], [-92.35995000007, 44.02118999989977], [-92.36183999973225, 44.02118999989977], [-92.3637999997147, 44.0212000000538], [-92.36567000018374, 44.0212000000538], [-92.36721000004161, 44.02121999971085], [-92.36871999976228, 44.02121999971085], [-92.36928999967466, 44.02118999989977], [-92.36970999979923, 44.021139999750304], [-92.3698200003024, 44.02112000006632], [-92.37000000022746, 44.021090000204644], [-92.37018000015252, 44.02105999968185], [-92.37095000008145, 44.02088000010211], [-92.3716299995987, 44.02069999997588], [-92.3718199995695, 44.02065000005916], [-92.37232000006001, 44.020539999835535], [-92.37282999969794, 44.02046999988059], [-92.37322999973102, 44.020430000053814], [-92.37384999987212, 44.020410000130276], [-92.37436000040837, 44.02039999984299], [-92.37461999980107, 44.020410000130276], [-92.37480999977187, 44.020430000053814], [-92.37498999969692, 44.020439999690055], [-92.37539999977575, 44.020489999783884], [-92.37627699983481, 44.020630000209835], [-92.37658999982926, 44.02068000014343], [-92.37715800009182, 44.020760000078646], [-92.37900000007349, 44.02102000025313], [-92.37896999993626, 44.02012000015817], [-92.3789590000656, 44.01957399974715], [-92.37894999984478, 44.01903999996895], [-92.37896999993626, 44.0178899997162], [-92.37896999993626, 44.016649999950545], [-92.37895999989053, 44.015819999775026], [-92.37895999989053, 44.01565000023591], [-92.37895999989053, 44.015235999821314], [-92.37895999989053, 44.01434000005666], [-92.37894999984478, 44.014089999722636], [-92.37894999984478, 44.013789999739586], [-92.37894999984478, 44.013629999688], [-92.37893999979903, 44.01334000014968], [-92.37893999979903, 44.01205000014575], [-92.37891999970755, 44.01129000008472], [-92.37891999970755, 44.010260000261894], [-92.37890999966181, 44.00990000023892], [-92.3788899995703, 44.00936999987186], [-92.3788899995703, 44.00935000009442], [-92.37889999961605, 44.00840999971713], [-92.37889399976827, 44.00770000007308], [-92.3788899995703, 44.00715000020387], [-92.3788960003164, 44.00666599979621], [-92.37889999961605, 44.00642000021923], [-92.37889999961605, 44.005214000077316], [-92.37889999961605, 44.004730000026576], [-92.37889999961605, 44.00451500026992], [-92.37889999961605, 44.00396999986009], [-92.3788960003164, 44.003873000284244], [-92.3788899995703, 44.00365999985311], [-92.37889200011846, 44.00343800028257], [-92.3788960003164, 44.00300800031741], [-92.37889799996623, 44.00277199981726], [-92.37889999961605, 44.002550000154564], [-92.37889999961605, 44.00234000030284], [-92.3789020001642, 44.00224899968388], [-92.37892499973043, 44.001349999943564], [-92.37892999975328, 44.00116999998316], [-92.37892999975328, 44.00105000013693], [-92.37892800010347, 44.00086799997159], [-92.37892100043078, 44.000322000002846], [-92.37891999970755, 44.00014000018906], [-92.37891999970755, 44.00000999970332], [-92.37890399981403, 43.999807000149694], [-92.37887000037715, 43.99934000018868], [-92.37887000037715, 43.99881100014187], [-92.37887000037715, 43.998479000085716], [-92.37887000037715, 43.99816899981986], [-92.37887000037715, 43.997239000290435], [-92.37887000037715, 43.996929999722184], [-92.37887000037715, 43.99676700027573], [-92.37887000037715, 43.996282000087355], [-92.37887000037715, 43.996119999880754], [-92.37887000037715, 43.99562699975037], [-92.37887000037715, 43.994560000100876], [-92.37886000033141, 43.99439999987596], [-92.37885600013345, 43.994152000322835], [-92.37885000028567, 43.993659999767814], [-92.3788450002628, 43.99342400021352], [-92.37884000023992, 43.99318000021333], [-92.37884299971466, 43.992976999912166], [-92.3788460000877, 43.992715999797184], [-92.37885000028567, 43.9924799997202], [-92.37886000033141, 43.99208000016304], [-92.37885500030853, 43.9913060002667], [-92.37884000023992, 43.98880000008339], [-92.37885000028567, 43.988069999874575], [-92.37885799978328, 43.98778299971895], [-92.37888000042288, 43.987009999896905], [-92.37888000042288, 43.98661000031521], [-92.37888000042288, 43.98622899990548], [-92.37888000042288, 43.98601000008997], [-92.37885799978328, 43.98508899990222], [-92.37885000028567, 43.984709999911075], [-92.37884699991262, 43.984502000110325], [-92.37884100006484, 43.98387800021352], [-92.37884000023992, 43.98367000008309], [-92.3788329996689, 43.98239499998712], [-92.37882000014844, 43.97971000002568], [-92.37883000019417, 43.978880000104226], [-92.37883000019417, 43.97878999972698], [-92.378831999844, 43.97857300031065], [-92.37884000023992, 43.977820000218856], [-92.37883000019417, 43.97730000008924], [-92.37880500007982, 43.97588000020852], [-92.37880000005694, 43.975589999726544], [-92.37878300033852, 43.972487999979826], [-92.37877999996547, 43.971959999924294], [-92.37878300033852, 43.97161899968335], [-92.37880000005694, 43.970199999886766], [-92.378795999859, 43.97003000021396], [-92.37878400016342, 43.96952300009538], [-92.37878099979037, 43.96935399995611], [-92.37877800031565, 43.96925499968562], [-92.37877199956954, 43.96895799982364], [-92.37876999991971, 43.9688599997262], [-92.37876999991971, 43.96882000000939], [-92.37877300029277, 43.96821699978631], [-92.3787769995924, 43.96767700001672], [-92.37878499998833, 43.96629100027132], [-92.37879000001121, 43.965650000158256], [-92.37881000010269, 43.96550999993146], [-92.37887000037715, 43.965370000021196], [-92.3789380001492, 43.965274000316974], [-92.3790340004087, 43.965200999703924], [-92.37940000010657, 43.96505000018824], [-92.37927999955765, 43.964880000000136], [-92.37906000034793, 43.96437999978408], [-92.37903000021073, 43.96432000019952], [-92.37888000042288, 43.96386999976723], [-92.37880000005694, 43.96348000029931], [-92.37876999991971, 43.96309000021086], [-92.37876999991971, 43.96296000004348], [-92.3787330001098, 43.96123400009694], [-92.37869999959952, 43.959709999753926], [-92.37869700012479, 43.959485999984366], [-92.378691000277, 43.958814000135256], [-92.37868999955379, 43.95859000022097], [-92.37971999977371, 43.95896000015596], [-92.38189999986419, 43.95978000027657], [-92.38322999965978, 43.96034000019571], [-92.39071399993738, 43.964285000036675], [-92.39529099985329, 43.96694800020212], [-92.39915300009184, 43.9692199998444], [-92.40108799995993, 43.97029499987229], [-92.4021630003857, 43.97074399996614], [-92.40251800021295, 43.970873999908264], [-92.4031910000575, 43.97112699984022], [-92.40420100018595, 43.97141700013582], [-92.40546300020947, 43.9716780001609], [-92.40873999956871, 43.9721499999315], [-92.41305899974175, 43.9726450000729], [-92.413449999554, 43.9726899997636], [-92.4157500001934, 43.972909999700214], [-92.41709000003472, 43.97307000031766], [-92.41795000037533, 43.97318999985139], [-92.42385000041413, 43.97378999970112], [-92.42602600030665, 43.97405399993844], [-92.42673000011335, 43.974139999992474], [-92.42815000032063, 43.9743199998378], [-92.42827099979614, 43.97433499996195], [-92.42990000024078, 43.974549999815935], [-92.43006699974704, 43.974569000243676], [-92.43033999955853, 43.974599999805754], [-92.4314500001444, 43.97472000012666], [-92.43208199998107, 43.97475900030802], [-92.43289999959057, 43.97481000020819], [-92.43368999961099, 43.97484000020508], [-92.43444000034677, 43.97481000020819], [-92.43544000042947, 43.97475000016898], [-92.43626999973456, 43.97467999983114], [-92.43732199969578, 43.97462000030702], [-92.43749999997102, 43.974610000057226], [-92.43855799978004, 43.9745620002569], [-92.43860999965858, 43.97456000007583], [-92.43891599998034, 43.9745400002008], [-92.43906999996612, 43.97452999993754], [-92.44229399962191, 43.97430499970993], [-92.44236999978989, 43.97430099997688], [-92.4427580001274, 43.97429000022475], [-92.44353999975192, 43.974239999973925], [-92.4439900000137, 43.97418999968101], [-92.44421500014461, 43.97416999968135], [-92.44433999981807, 43.97416000000222], [-92.44467999957669, 43.97411999997598], [-92.44546999959712, 43.9740599998861], [-92.44649999981705, 43.9739499998871], [-92.44739000029492, 43.97385000006379], [-92.44781999956692, 43.97382000021325], [-92.44838000033188, 43.973829999949636], [-92.44859799989176, 43.97385100016627], [-92.44879000041068, 43.97387000017121], [-92.44996000037271, 43.9740199997925], [-92.45005300025913, 43.9740380002905], [-92.45051699986631, 43.974127000014846], [-92.4508399999065, 43.97418999968101], [-92.45190500028654, 43.974429999797934], [-92.45194999959406, 43.97444000007809], [-92.45236899989372, 43.97452799975538], [-92.4527610004292, 43.974610000057226], [-92.45348799980212, 43.97476300001026], [-92.45350100022091, 43.9747650001845], [-92.45393999971374, 43.974857999808044], [-92.45404000017116, 43.97487999974635], [-92.45433300007412, 43.974941999822484], [-92.45471200019081, 43.975020999950864], [-92.45565299982395, 43.97521899985168], [-92.45585000036576, 43.975259999862885], [-92.45623000030737, 43.97534000029209], [-92.45657500008888, 43.9754160003091], [-92.45761100015659, 43.97564699999328], [-92.457956999763, 43.97572499975929], [-92.45874000011072, 43.97590000027868], [-92.45959999955302, 43.97605999995135], [-92.46228000013402, 43.976690000249306], [-92.46239499976173, 43.976725000213534], [-92.46240999983034, 43.9767299998373], [-92.46254000042501, 43.97675000026768], [-92.46275100031218, 43.97679400002717], [-92.46287000013788, 43.97682000010478], [-92.46289000022936, 43.97656000010919], [-92.4628919998792, 43.97651600017631], [-92.46293600026013, 43.97560199995739], [-92.46293999955977, 43.975539999923875], [-92.46296999969701, 43.97529999976772], [-92.46298200029088, 43.975177999812125], [-92.46299599963626, 43.97503200021408], [-92.46300599968201, 43.97491700030006], [-92.46303300034451, 43.97464199968705], [-92.46303900019228, 43.97457400004901], [-92.46305000006295, 43.9744599999868], [-92.46305000006295, 43.974409999879114], [-92.46309799974351, 43.97377299987823], [-92.46325000007947, 43.971759999872546], [-92.46325400027743, 43.971715000123645], [-92.46332000039968, 43.97103000023902], [-92.46335999968434, 43.97058999984559], [-92.46337999977581, 43.970201000050764], [-92.46340999991305, 43.96965000025082], [-92.46343000000452, 43.96799999987866], [-92.4634350000274, 43.96771099991474], [-92.46344900027111, 43.96693099971389], [-92.46345000009602, 43.96690000002808], [-92.4634550001189, 43.96688199995286], [-92.46344599989807, 43.96683799996142], [-92.46340999991305, 43.96633999987329], [-92.46340400006527, 43.9662850001853], [-92.46337999977581, 43.96605999975584], [-92.46343000000452, 43.96532000001951], [-92.46354600035548, 43.9644989998046], [-92.4635899998381, 43.9641900001374], [-92.46365000011257, 43.96391000023108], [-92.46367000020405, 43.96381999979615], [-92.46369000029553, 43.96376000029259], [-92.46374999967166, 43.96349699983544], [-92.46379999990039, 43.96328000014271], [-92.46391999955098, 43.962870000109135], [-92.4641389998341, 43.962284000148315], [-92.46428799979702, 43.96188699978026], [-92.46440999999574, 43.961559999711106], [-92.46490999958795, 43.96055999996694], [-92.46513999974172, 43.96009399998061], [-92.46549000044442, 43.959389999824594], [-92.46613999982442, 43.9581099996857], [-92.46678000005703, 43.95676000030729], [-92.46744000038109, 43.95532999989108], [-92.46774199960656, 43.954732000012484], [-92.46819000021856, 43.95385000002906], [-92.46855000006866, 43.95310000018875], [-92.46862000038887, 43.952950000119586], [-92.46885999969005, 43.95244000028607], [-92.46910900011041, 43.95194599973891], [-92.46944999969394, 43.95126999999458], [-92.46974000012216, 43.95039999987039], [-92.46981000044238, 43.949940000195994], [-92.46987999986425, 43.949230000163624]]]}}, {"type": "Feature", "properties": {"tract_id": "27109000300", "name": "Tract Census Tract 3", "pct_white_2020": 78.3, "pct_black_2020": 7.0, "pct_hispanic_2020": 3.6, "pct_asian_2020": 9.1, "population_2020": 3622, "is_sample_data": false, "pct_white_1970": 89.1, "pct_black_1970": 8.4, "pct_hispanic_1970": 3.6, "pct_asian_1970": 2.4, "pct_white_1990": 91.7, "pct_black_1990": 9.1, "pct_hispanic_1990": 1.1, "pct_asian_1990": 6.0}, "geometry": {"type": "Polygon", "coordinates": [[[-92.46296999969701, 44.00801000028952], [-92.46300599968201, 44.00707999994867], [-92.46189199979649, 44.00708199968016], [-92.46136000041723, 44.00708999989785], [-92.45869999992775, 44.00708999989785], [-92.45844399983471, 44.00708999989785], [-92.45767499973067, 44.00708999989785], [-92.45742000036088, 44.00708999989785], [-92.45717000011561, 44.00708999989785], [-92.45642000027817, 44.00708999989785], [-92.45617000003291, 44.00708999989785], [-92.4559159995897, 44.00708999989785], [-92.45515400005668, 44.00708999989785], [-92.45489999961347, 44.00708999989785], [-92.45465799976412, 44.00708999989785], [-92.45393200021613, 44.00708999989785], [-92.45369000036679, 44.00708999989785], [-92.45344000012153, 44.00708699997787], [-92.45269000028408, 44.00708100013748], [-92.45244000003885, 44.00707999994867], [-92.45218700031884, 44.00707999994867], [-92.45172000033863, 44.00707999994867], [-92.45143099973528, 44.007085000246505], [-92.45117999966513, 44.00708999989785], [-92.45105499999167, 44.00708999989785], [-92.45099999974008, 44.00708999989785], [-92.45068300044598, 44.007110999979574], [-92.45056000042234, 44.00711999973538], [-92.45044099969833, 44.0071250000299], [-92.45035000036006, 44.00712999967788], [-92.450086999696, 44.00715000020387], [-92.44997000041846, 44.007160000141255], [-92.44958000043113, 44.007189999943385], [-92.44937000036883, 44.007219999730346], [-92.44912400032153, 44.00724799977625], [-92.44877199996904, 44.00729600028571], [-92.44875799972533, 44.00729600028571], [-92.44867700043278, 44.00731000029238], [-92.44857000030267, 44.00732000020284], [-92.44838000033188, 44.00734999992405], [-92.44827700039971, 44.00736200019594], [-92.44787999984135, 44.00740999996702], [-92.447269999746, 44.00751999999594], [-92.44710599971447, 44.00756300002812], [-92.44672400012304, 44.00766500028032], [-92.44569100042837, 44.00793800005441], [-92.44573999993386, 44.00817599972689], [-92.44582600014759, 44.00848600004], [-92.44596599988968, 44.008796000025136], [-92.44610700035498, 44.00898999971682], [-92.44621199993696, 44.00920900001838], [-92.44637199977055, 44.00979199974133], [-92.44650599966485, 44.01027999973248], [-92.44657199978707, 44.010738000300265], [-92.44659000022875, 44.01085799993197], [-92.44662299984071, 44.01108000016122], [-92.44676099993296, 44.011686000206225], [-92.44691800029182, 44.01199600026395], [-92.44711300028548, 44.01218999982583], [-92.44752099981616, 44.01248900005248], [-92.44824300006452, 44.012856999951765], [-92.44887099970325, 44.01317800000407], [-92.44908800033652, 44.013329999962096], [-92.44931500011725, 44.01348900009627], [-92.44940200015589, 44.013598999834], [-92.44950900028601, 44.01373500007335], [-92.44977200005172, 44.014212999884286], [-92.44999299998467, 44.01470199973698], [-92.45010500013767, 44.01494899990673], [-92.4501560001913, 44.015086999741925], [-92.45030000013135, 44.0154820003038], [-92.45059200020938, 44.01627900023076], [-92.45081200031743, 44.016632000099534], [-92.45096200010524, 44.01687299984056], [-92.4510449999459, 44.01698299976131], [-92.45117200016753, 44.017150999962986], [-92.451304000412, 44.01734000002461], [-92.4515289996446, 44.01761999991783], [-92.4518249999206, 44.01784400004325], [-92.45220400003727, 44.01813000015574], [-92.45263000000963, 44.01828699969431], [-92.4531840000285, 44.01840500020533], [-92.4537549997658, 44.018473000020904], [-92.45437800027996, 44.018480999994104], [-92.45512399991945, 44.01850299991475], [-92.45555999993756, 44.018599000119046], [-92.45576599980187, 44.018709000067844], [-92.45600199980343, 44.018983000027895], [-92.45608399981919, 44.01929000010577], [-92.45623100013229, 44.020347999743144], [-92.45629300005656, 44.02051600010022], [-92.45636800039964, 44.02071999980154], [-92.45660699987592, 44.02060899974712], [-92.4568739998396, 44.02064600021904], [-92.4570629999855, 44.02068000014343], [-92.45777099999016, 44.02082000012074], [-92.4587459999585, 44.021126999730406], [-92.45977199998048, 44.02123199976019], [-92.46047900016022, 44.02113000023211], [-92.46085699955368, 44.020928999869604], [-92.46108199968458, 44.02073599978646], [-92.46157499960408, 44.01998199976244], [-92.46165699961983, 44.01984800023172], [-92.4617389996356, 44.019715999703664], [-92.46190299966715, 44.019449999743486], [-92.46192699995659, 44.01929000010577], [-92.46204599978226, 44.018970000181], [-92.46207099989662, 44.01869500016791], [-92.46209600001099, 44.01822100031336], [-92.46218399987453, 44.01793299998214], [-92.46235899977673, 44.01745799983629], [-92.4625339996789, 44.017033000186395], [-92.46259599960318, 44.01664499981301], [-92.46257100038713, 44.01627099996046], [-92.4625110001127, 44.015992000195965], [-92.46253299985399, 44.01573400002348], [-92.46257899988474, 44.015642999925234], [-92.4626039999991, 44.01559300026612], [-92.46293700008503, 44.01531900014546], [-92.46293000041234, 44.01513000010244], [-92.46292000036661, 44.0145300000966], [-92.46291000032085, 44.01427999991757], [-92.46290000027511, 44.01349000017701], [-92.46290000027511, 44.01255999983516], [-92.46296999969701, 44.00801000028952]]]}}, {"type": "Feature", "properties": {"tract_id": "27109000400", "name": "Tract Census Tract 4", "pct_white_2020": 77.8, "pct_black_2020": 0.6, "pct_hispanic_2020": 1.9, "pct_asian_2020": 14.3, "population_2020": 3004, "is_sample_data": false, "pct_white_1970": 91.5, "pct_black_1970": 1.2, "pct_hispanic_1970": 4.6, "pct_asian_1970": 2.1, "pct_white_1990": 92.8, "pct_black_1990": 1, "pct_hispanic_1990": 4.3, "pct_asian_1990": 10.4}, "geometry": {"type": "Polygon", "coordinates": [[[-92.48788999960206, 44.01933000005565], [-92.48788700012733, 44.01921100010926], [-92.48787399970853, 44.01862699996093], [-92.48787000040889, 44.01844000012017], [-92.48784600011943, 44.01829199969333], [-92.48779000004295, 44.01794000002248], [-92.48769999963126, 44.017540000267836], [-92.48762199981346, 44.017308000155694], [-92.4876100001179, 44.01727000016773], [-92.48755999988919, 44.0171700003211], [-92.48751999970622, 44.01709000006398], [-92.48748999956898, 44.01700000013022], [-92.48744000023858, 44.016899999828254], [-92.48738300033718, 44.01680000000362], [-92.48722000013055, 44.01650999981702], [-92.48704400040346, 44.01621299990682], [-92.4869289998774, 44.01601899993877], [-92.48687000032616, 44.01591999996024], [-92.48619499993349, 44.01495200007509], [-92.48397200018533, 44.01176499989129], [-92.48338999967903, 44.01092999985294], [-92.48324300026427, 44.01069499998547], [-92.48317899979185, 44.01059399990481], [-92.48298899982105, 44.01029200005768], [-92.48292600007186, 44.010192000073204], [-92.48284999990386, 44.0100700001093], [-92.48262999979585, 44.00963999976077], [-92.4826130000774, 44.00960400032038], [-92.4823800004489, 44.00911000030085], [-92.48224999985425, 44.00870000010286], [-92.48217000038663, 44.008320000178024], [-92.48210000006642, 44.00793999975703], [-92.4820699999292, 44.007694000294684], [-92.48203999979197, 44.00744000028884], [-92.48203999979197, 44.00703000017727], [-92.48184599962322, 44.00703000017727], [-92.48126400001524, 44.00703000017727], [-92.4810699998465, 44.00703000017727], [-92.48058399959967, 44.00703199991049], [-92.47926999969764, 44.00704000013492], [-92.47912599975757, 44.00704000013492], [-92.47864000040909, 44.00704000013492], [-92.47847800002738, 44.007037000212435], [-92.47799199978057, 44.00703099972085], [-92.47791999981054, 44.00703000017727], [-92.47783000029717, 44.00703000017727], [-92.47775999997697, 44.00703000017727], [-92.47735599974594, 44.00703000017727], [-92.47593399988885, 44.00703000017727], [-92.47546000023591, 44.00703000017727], [-92.47472399974384, 44.00703000017727], [-92.47251799971413, 44.00703000017727], [-92.47222900000912, 44.00703000017727], [-92.47200600042635, 44.00703000017727], [-92.47178299994528, 44.00703000017727], [-92.47159999964717, 44.00703000017727], [-92.47141600042247, 44.00703000017727], [-92.4710799999635, 44.00703000017727], [-92.47105999987201, 44.00703000017727], [-92.46889200037542, 44.007038999945415], [-92.46880000031392, 44.00704000013492], [-92.46817000012706, 44.007050000090906], [-92.46747700019104, 44.00705800031287], [-92.46733999992367, 44.00706000004514], [-92.4655399997748, 44.00708999989785], [-92.46540199968256, 44.00708800016658], [-92.4647099995714, 44.00707999994867], [-92.46440199959983, 44.00707999994867], [-92.46347799968513, 44.00707999994867], [-92.46316999971353, 44.00707999994867], [-92.46300599968201, 44.00707999994867], [-92.46296999969701, 44.00801000028952], [-92.46290000027511, 44.01255999983516], [-92.46290000027511, 44.01349000017701], [-92.46291000032085, 44.01427999991757], [-92.46292000036661, 44.0145300000966], [-92.46293000041234, 44.01513000010244], [-92.46293700008503, 44.01531900014546], [-92.46296999969701, 44.016189999747304], [-92.46298999978848, 44.01688000000603], [-92.46298499976561, 44.01696199994491], [-92.46297999974274, 44.01706000010124], [-92.46313999957631, 44.01706000010124], [-92.46340900008813, 44.017056000018925], [-92.46381999999188, 44.01704999989494], [-92.46421900020003, 44.01704999989494], [-92.46449000036169, 44.01704999989494], [-92.464772000394, 44.01704999989494], [-92.46561799959261, 44.01704999989494], [-92.46589999962491, 44.01704999989494], [-92.46619000005313, 44.01704999989494], [-92.46706000043949, 44.01704999989494], [-92.4673499999694, 44.01704999989494], [-92.46750800015316, 44.01704699983272], [-92.46798099998118, 44.017040999707824], [-92.46813999998984, 44.017039999686965], [-92.46814099981474, 44.01726600009958], [-92.46814699966252, 44.017944000045155], [-92.46815000003558, 44.018170000242236], [-92.46815099986048, 44.01839400022784], [-92.46815699970827, 44.019066000275174], [-92.46816000008133, 44.01929000010577], [-92.46816299955606, 44.019519000277654], [-92.46817599997483, 44.020209999878105], [-92.46818000017282, 44.020439999690055], [-92.46818199982263, 44.02066600006292], [-92.46818799967042, 44.02134399988846], [-92.46819000021856, 44.02157000004519], [-92.46840699995352, 44.02157099998964], [-92.46905800005678, 44.02157499976741], [-92.46927499979175, 44.02157700030211], [-92.46976000021364, 44.02158000013513], [-92.47110000005497, 44.02160000030991], [-92.47243999989631, 44.02160000030991], [-92.47256999959265, 44.02160000030991], [-92.47295999957998, 44.02160000030991], [-92.47309000017464, 44.02160000030991], [-92.47374600030078, 44.02160300014176], [-92.47520999999067, 44.02160999974881], [-92.47571399978082, 44.02161799994468], [-92.47636999990694, 44.02162999991352], [-92.47685299978069, 44.02163299974381], [-92.47784000034292, 44.0216399999933], [-92.47830499977502, 44.0216399999933], [-92.47879000019692, 44.0216399999933], [-92.47928599959114, 44.021638000106684], [-92.48077399957049, 44.0216319998004], [-92.48126999986303, 44.02162999991352], [-92.48169900020842, 44.02162999991352], [-92.48298999964597, 44.02162999991352], [-92.48341999981628, 44.02162999991352], [-92.48353600016722, 44.02162999991352], [-92.48388299959855, 44.02162999991352], [-92.48399999977441, 44.02162999991352], [-92.48425800041558, 44.02162999991352], [-92.48503199964415, 44.02162999991352], [-92.48529000028533, 44.02162999991352], [-92.48541800033185, 44.02162999991352], [-92.48580099974818, 44.02162999991352], [-92.48592999961961, 44.02162999991352], [-92.48608299978048, 44.021638000106684], [-92.48611999959041, 44.0216399999933], [-92.48637999988141, 44.02162999991352], [-92.48653899989007, 44.02159899971996], [-92.48669000040111, 44.02157000004519], [-92.48686899960296, 44.02155500023012], [-92.48692999970233, 44.02154999986029], [-92.48740900027644, 44.02154999986029], [-92.4875900000264, 44.02154999986029], [-92.48764899957763, 44.02154500013596], [-92.48773999981424, 44.021539999765295], [-92.487829000401, 44.02154500013596], [-92.48788999960206, 44.02154999986029], [-92.48787999955631, 44.02122999985978], [-92.48788100027954, 44.020965000187104], [-92.48788999960206, 44.01933000005565]]]}}, {"type": "Feature", "properties": {"tract_id": "27109000500", "name": "Tract Census Tract 5", "pct_white_2020": 58.8, "pct_black_2020": 20.3, "pct_hispanic_2020": 1.6, "pct_asian_2020": 13.8, "population_2020": 2726, "is_sample_data": false, "pct_white_1970": 72.5, "pct_black_1970": 17.4, "pct_hispanic_1970": 1, "pct_asian_1970": 1.8, "pct_white_1990": 65.9, "pct_black_1990": 18.8, "pct_hispanic_1990": 4.3, "pct_asian_1990": 7.5}, "geometry": {"type": "Polygon", "coordinates": [[[-92.48810899988518, 44.03161099969161], [-92.48812599960361, 44.03133799974734], [-92.4881039998623, 44.03069900014234], [-92.4881110004333, 44.03063100014063], [-92.48811999975584, 44.03060000013296], [-92.4881110004333, 44.030437999995755], [-92.48810999971008, 44.03040000002705], [-92.4881030000374, 44.02995399976288], [-92.48810100038757, 44.02979300024924], [-92.48809499964146, 44.02968499981288], [-92.48809499964146, 44.02963699998635], [-92.48801199980079, 44.02793299969128], [-92.48798500003662, 44.02736200014665], [-92.48797800036391, 44.02720800028911], [-92.48797400016596, 44.02705300017953], [-92.48797300034106, 44.02700199995485], [-92.487969999968, 44.026886000116214], [-92.48796099974716, 44.02654000025155], [-92.48795800027243, 44.02642500001736], [-92.48794700040177, 44.02602300028194], [-92.48793999983076, 44.02574999978939], [-92.48794999987652, 44.02480999970027], [-92.48794599967856, 44.0244159998116], [-92.48794099965568, 44.02405699971671], [-92.48792999978502, 44.023039999685786], [-92.48792800013521, 44.02298299971459], [-92.48791700026455, 44.022625999838354], [-92.48790999969354, 44.022409999781324], [-92.48788999960206, 44.02178000028757], [-92.48788999960206, 44.02176499987967], [-92.48788999960206, 44.02154999986029], [-92.487829000401, 44.02154500013596], [-92.48773999981424, 44.021539999765295], [-92.48764899957763, 44.02154500013596], [-92.4875900000264, 44.02154999986029], [-92.48740900027644, 44.02154999986029], [-92.48692999970233, 44.02154999986029], [-92.48686899960296, 44.02155500023012], [-92.48669000040111, 44.02157000004519], [-92.48653899989007, 44.02159899971996], [-92.48637999988141, 44.02162999991352], [-92.48611999959041, 44.0216399999933], [-92.48608299978048, 44.021638000106684], [-92.48592999961961, 44.02162999991352], [-92.48580099974818, 44.02162999991352], [-92.48541800033185, 44.02162999991352], [-92.48529000028533, 44.02162999991352], [-92.48503199964415, 44.02162999991352], [-92.48425800041558, 44.02162999991352], [-92.48399999977441, 44.02162999991352], [-92.48388299959855, 44.02162999991352], [-92.48353600016722, 44.02162999991352], [-92.48341999981628, 44.02162999991352], [-92.48298999964597, 44.02162999991352], [-92.48169900020842, 44.02162999991352], [-92.48126999986303, 44.02162999991352], [-92.48077399957049, 44.0216319998004], [-92.47928599959114, 44.021638000106684], [-92.47879000019692, 44.0216399999933], [-92.47830499977502, 44.0216399999933], [-92.47784000034292, 44.0216399999933], [-92.47685299978069, 44.02163299974381], [-92.47636999990694, 44.02162999991352], [-92.47571399978082, 44.02161799994468], [-92.47520999999067, 44.02160999974881], [-92.47374600030078, 44.02160300014176], [-92.47309000017464, 44.02160000030991], [-92.47295999957998, 44.02160000030991], [-92.47256999959265, 44.02160000030991], [-92.47243999989631, 44.02160000030991], [-92.47110000005497, 44.02160000030991], [-92.46976000021364, 44.02158000013513], [-92.46927499979175, 44.02157700030211], [-92.46905800005678, 44.02157499976741], [-92.46840699995352, 44.02157099998964], [-92.46819000021856, 44.02157000004519], [-92.46819000021856, 44.02176100011473], [-92.46819000021856, 44.02233800023336], [-92.46819000021856, 44.02252999969484], [-92.46819199986838, 44.02271999997626], [-92.46820000026429, 44.02321999981299], [-92.46819699989123, 44.023289999750716], [-92.46819000021856, 44.023480000180164], [-92.46818799967042, 44.02366399990009], [-92.46818199982263, 44.02421500025485], [-92.46818000017282, 44.02440000017394], [-92.46818199982263, 44.024587999842446], [-92.46818799967042, 44.02515199979208], [-92.46819000021856, 44.02534000030528], [-92.46819000021856, 44.025739999756965], [-92.46818000017282, 44.02626999979802], [-92.46816000008133, 44.027239999982065], [-92.46816000008133, 44.02726800026441], [-92.46816000008133, 44.02735199974021], [-92.46816000008133, 44.02737999996965], [-92.46815599988336, 44.027609999738864], [-92.46815000003558, 44.0279700001134], [-92.4684260002201, 44.02802299982238], [-92.46871999994796, 44.02808000011466], [-92.46925300005044, 44.02819700003287], [-92.46952800041005, 44.028258000130535], [-92.46966999980195, 44.02828900007136], [-92.47009699959922, 44.028384000101646], [-92.47023999971437, 44.02841599980564], [-92.47038000035475, 44.028445999835355], [-92.47079999958102, 44.02853899996019], [-92.4709400002214, 44.02856999975407], [-92.47121800005577, 44.02863000028834], [-92.4716299997844, 44.02872000000701], [-92.47205099973388, 44.02881700028277], [-92.47232899956823, 44.02888099985179], [-92.47288000011235, 44.02900699979032], [-92.47453399977304, 44.029385999749124], [-92.47493999965391, 44.02948000014777], [-92.4750860001421, 44.029511000095376], [-92.47587199996455, 44.029677999867545], [-92.47823299980499, 44.03018200027959], [-92.47902000035067, 44.03034999989513], [-92.48082799999715, 44.03073199967818], [-92.4814799999253, 44.03087000023878], [-92.48406000004887, 44.031409999989606], [-92.48510199996436, 44.031638000072], [-92.4862519998349, 44.03189100000072], [-92.48692999970233, 44.03203999983123], [-92.48729700012345, 44.032116999991246], [-92.48731399984189, 44.032116000224676], [-92.48806000037968, 44.032279999823864], [-92.48810899988518, 44.03161099969161]]]}}, {"type": "Feature", "properties": {"tract_id": "27109000600", "name": "Tract Census Tract 6", "pct_white_2020": 73.2, "pct_black_2020": 4.9, "pct_hispanic_2020": 14.5, "pct_asian_2020": 2.6, "population_2020": 4653, "is_sample_data": false, "pct_white_1970": 89.7, "pct_black_1970": 4.2, "pct_hispanic_1970": 11.8, "pct_asian_1970": 0.2, "pct_white_1990": 82.0, "pct_black_1990": 4.4, "pct_hispanic_1990": 7.4, "pct_asian_1990": 2.3}, "geometry": {"type": "Polygon", "coordinates": [[[-92.48805399963359, 44.03238200018839], [-92.48806000037968, 44.032279999823864], [-92.48731399984189, 44.032116000224676], [-92.48729700012345, 44.032116999991246], [-92.48692999970233, 44.03203999983123], [-92.4862519998349, 44.03189100000072], [-92.48510199996436, 44.031638000072], [-92.48406000004887, 44.031409999989606], [-92.4814799999253, 44.03087000023878], [-92.48082799999715, 44.03073199967818], [-92.47902000035067, 44.03034999989513], [-92.47823299980499, 44.03018200027959], [-92.47587199996455, 44.029677999867545], [-92.4750860001421, 44.029511000095376], [-92.47493999965391, 44.02948000014777], [-92.47453399977304, 44.029385999749124], [-92.47288000011235, 44.02900699979032], [-92.47232899956823, 44.02888099985179], [-92.47205099973388, 44.02881700028277], [-92.4716299997844, 44.02872000000701], [-92.47121800005577, 44.02863000028834], [-92.4709400002214, 44.02856999975407], [-92.47079999958102, 44.02853899996019], [-92.47038000035475, 44.028445999835355], [-92.47023999971437, 44.02841599980564], [-92.47009699959922, 44.028384000101646], [-92.46966999980195, 44.02828900007136], [-92.46952800041005, 44.028258000130535], [-92.46925300005044, 44.02819700003287], [-92.46871999994796, 44.02808000011466], [-92.4684260002201, 44.02802299982238], [-92.46815000003558, 44.0279700001134], [-92.4680320000348, 44.02794600015644], [-92.46769899994888, 44.027882000223755], [-92.46752999989445, 44.027850000231474], [-92.4663490000618, 44.02761799977094], [-92.4658989998, 44.02753000000461], [-92.46561799959261, 44.02747199998443], [-92.46546000030717, 44.027439999770806], [-92.4647790000667, 44.0272839997739], [-92.46450000040744, 44.02721999977234], [-92.46420499995634, 44.02715200030046], [-92.4633229998744, 44.02695099968624], [-92.46310000029166, 44.026900000019715], [-92.46302999997144, 44.026879999695225], [-92.46274100026645, 44.02681400019134], [-92.46210000020895, 44.02667000007916], [-92.46187500007805, 44.02662099988944], [-92.46158700019795, 44.02655900018454], [-92.46129299957178, 44.02649500004606], [-92.46041300003797, 44.026302999862004], [-92.46012000013502, 44.026239999958754], [-92.45993299963895, 44.02620000014948], [-92.45972099992684, 44.02615600019893], [-92.45966300020054, 44.026143999854426], [-92.45945599961298, 44.0260999998623], [-92.45937600014537, 44.02608300016488], [-92.4591900003725, 44.02604400011869], [-92.459499000169, 44.02642300029212], [-92.45960299992608, 44.026757999830416], [-92.45958600020764, 44.02684100017339], [-92.459527999583, 44.02714500005593], [-92.4587529996312, 44.02799099990628], [-92.45806800009107, 44.02911500017034], [-92.45758799969205, 44.02990499970446], [-92.45755000005721, 44.02999999972816], [-92.45743600025439, 44.030285999974744], [-92.45739900044448, 44.030381999829416], [-92.45733699962189, 44.03053700027574], [-92.45731800025364, 44.030587000249916], [-92.45717000011561, 44.03101099983384], [-92.45711599968895, 44.03116999970311], [-92.45698799964242, 44.03153899969357], [-92.45689300010618, 44.03215699968265], [-92.45727700024574, 44.032836000238525], [-92.45771900011161, 44.03361700029557], [-92.45878000029369, 44.034858999833084], [-92.46013100000567, 44.035535999720445], [-92.46127000000556, 44.036252999778775], [-92.462384999716, 44.03695499976385], [-92.46252799983112, 44.03704499975656], [-92.46267199977117, 44.037135000258424], [-92.46268799966468, 44.037145000305706], [-92.46278399992416, 44.0371769998], [-92.46280999986342, 44.0371860001592], [-92.46285000004639, 44.03705000011094], [-92.46342900017962, 44.037383000288116], [-92.46393700016773, 44.037699999963095], [-92.4649139997859, 44.038702999979535], [-92.46506500029696, 44.038895999684996], [-92.46559599985129, 44.03950400015154], [-92.46589499960204, 44.04003399980824], [-92.46592800011231, 44.04039499989748], [-92.46586899966277, 44.04093600029559], [-92.46553800012498, 44.042054999855594], [-92.46544600006348, 44.04233799996726], [-92.4650469998553, 44.04296799986325], [-92.46500199964946, 44.04306800010187], [-92.46512899987107, 44.04314200010519], [-92.4652569999176, 44.04321700024112], [-92.46592999976214, 44.04361000020175], [-92.46658000004048, 44.04398999996668], [-92.46756099985662, 44.04453699974794], [-92.46758599997098, 44.04454999979936], [-92.46761799975802, 44.04456599980902], [-92.4676799996823, 44.044603000178064], [-92.46779600003325, 44.044667000133586], [-92.46798000015626, 44.04477000003788], [-92.46832499993775, 44.04495800031042], [-92.4684200003723, 44.0450100001294], [-92.46849999983995, 44.04506000016056], [-92.46869400000871, 44.04485999978255], [-92.46883999959857, 44.04470999970166], [-92.46929099968528, 44.044274000082176], [-92.46938000027207, 44.04419000005338], [-92.46941000040928, 44.04416999975228], [-92.46949999992265, 44.04408999977158], [-92.4696449996876, 44.04395899984439], [-92.46979000035087, 44.043830000056865], [-92.46995000018445, 44.043679999950776], [-92.47000000041317, 44.04356999984679], [-92.47000000041317, 44.04351500004107], [-92.47000000041317, 44.04332000008364], [-92.47177100024972, 44.04329899991086], [-92.47176700005176, 44.043338999803076], [-92.47184999989243, 44.043340000026035], [-92.47347000011625, 44.04335999996167], [-92.4762419998604, 44.04335999996167], [-92.47650499962616, 44.04335500013982], [-92.47800199982632, 44.04337300027133], [-92.47823899965277, 44.043376000292746], [-92.47937799965266, 44.04339000017532], [-92.48112900029604, 44.04341000009408], [-92.48417899987456, 44.04341000009408], [-92.48548000025613, 44.04341000009408], [-92.48552000043911, 44.043539999724295], [-92.48561999999822, 44.04371000000237], [-92.48567000022693, 44.04377000006003], [-92.48574300002188, 44.04365599989851], [-92.48576200028845, 44.04363700028079], [-92.48591600027423, 44.04349699995271], [-92.48602199968113, 44.043437999839846], [-92.4860750002829, 44.04341000009408], [-92.48634100042167, 44.04335699993945], [-92.48682000009747, 44.04332000008364], [-92.486984000129, 44.04332000008364], [-92.48728999955243, 44.04332000008364], [-92.4874760002236, 44.04332499990845], [-92.48764000025511, 44.04332999973279], [-92.48764000025511, 44.043300000134494], [-92.48756999993492, 44.042989999736484], [-92.48752899992704, 44.042674000185855], [-92.48748999956898, 44.042369999885686], [-92.4874700003758, 44.041870000153956], [-92.48748899974406, 44.04159900019037], [-92.48754999984342, 44.04072999989084], [-92.48755200039156, 44.0406809997017], [-92.48758099980556, 44.040015999953724], [-92.48758400017861, 44.03992799986871], [-92.48759599987419, 44.039666999684506], [-92.48760000007215, 44.039580000013345], [-92.487645000278, 44.038928000170976], [-92.48766000034661, 44.038729999711784], [-92.48771800007292, 44.03697200021782], [-92.48772999976849, 44.03662999987182], [-92.48774800021016, 44.03632000009221], [-92.48778900021803, 44.03561200015121], [-92.48782000018018, 44.035099999750436], [-92.48792999978502, 44.03390000002413], [-92.487969999968, 44.03349500008927], [-92.48800000010523, 44.03320000015653], [-92.48803000024246, 44.03278999989107], [-92.48803600009025, 44.0326880002287], [-92.48805399963359, 44.03238200018839]]]}}, {"type": "Feature", "properties": {"tract_id": "27109001000", "name": "Tract Census Tract 10", "pct_white_2020": 74.7, "pct_black_2020": 8.1, "pct_hispanic_2020": 2.8, "pct_asian_2020": 6.5, "population_2020": 4966, "is_sample_data": false, "pct_white_1970": 90.5, "pct_black_1970": 5.2, "pct_hispanic_1970": 1.5, "pct_asian_1970": 1.2, "pct_white_1990": 80.5, "pct_black_1990": 8.6, "pct_hispanic_1990": 5.3, "pct_asian_1990": 4.4}, "geometry": {"type": "Polygon", "coordinates": [[[-92.46476999984587, 44.00136999983365], [-92.46476999984587, 44.00109000011264], [-92.46473999970864, 44.000880000262434], [-92.46469000037824, 44.000670000315075], [-92.46458999992082, 44.000370000300954], [-92.46446000022448, 44.00000999970332], [-92.46444000013298, 43.99998000014723], [-92.46391000040356, 43.99883999996125], [-92.46367000020405, 43.99817000015893], [-92.46359999988384, 43.99796000031293], [-92.46339999986732, 43.997310000233405], [-92.4631599996678, 43.99638999997939], [-92.46308000020016, 43.99601000003885], [-92.46300999987997, 43.99574000014992], [-92.46295999965125, 43.99540999983797], [-92.46293000041234, 43.995189999903005], [-92.46288000018363, 43.99491000009861], [-92.46278999977193, 43.994340000245906], [-92.46266000007559, 43.99349000004648], [-92.46254999957242, 43.992690000218076], [-92.46251000028778, 43.992469999893416], [-92.46238999973886, 43.99168999980864], [-92.46236999964738, 43.99153000024756], [-92.46219999976807, 43.99057999978661], [-92.46219999976807, 43.99048999969591], [-92.46215000043767, 43.98983999987211], [-92.46212000030043, 43.989260000074815], [-92.46212000030043, 43.988790000282826], [-92.46212399960008, 43.98721899983585], [-92.4620900001632, 43.98565999995871], [-92.4620900001632, 43.985592000011394], [-92.4620900001632, 43.985500000300924], [-92.4620900001632, 43.98535999968107], [-92.46210000020895, 43.98436999977177], [-92.46208000011747, 43.98393999994361], [-92.46207000007172, 43.983480000091504], [-92.46208000011747, 43.983290000138204], [-92.46208000011747, 43.98322000017223], [-92.46208000011747, 43.98305000028055], [-92.46212000030043, 43.98172000018142], [-92.46215000043767, 43.981330000271804], [-92.46216999963083, 43.98113000010343], [-92.46227500011112, 43.97947899998691], [-92.46234000040846, 43.978460000193365], [-92.4623999997846, 43.97787000004106], [-92.46254000042501, 43.97675000026768], [-92.46240999983034, 43.9767299998373], [-92.46239499976173, 43.976725000213534], [-92.46228000013402, 43.976690000249306], [-92.45959999955302, 43.97605999995135], [-92.45874000011072, 43.97590000027868], [-92.457956999763, 43.97572499975929], [-92.45761100015659, 43.97564699999328], [-92.45657500008888, 43.9754160003091], [-92.45623000030737, 43.97534000029209], [-92.45585000036576, 43.975259999862885], [-92.45565299982395, 43.97521899985168], [-92.45471200019081, 43.975020999950864], [-92.45433300007412, 43.974941999822484], [-92.45404000017116, 43.97487999974635], [-92.45393999971374, 43.974857999808044], [-92.45350100022091, 43.9747650001845], [-92.45348799980212, 43.97476300001026], [-92.4527610004292, 43.974610000057226], [-92.45236899989372, 43.97452799975538], [-92.45238700033539, 43.97460599969825], [-92.45239400000808, 43.97463499970889], [-92.45240099968078, 43.97470700027596], [-92.45240300022891, 43.97484700015908], [-92.45240400005383, 43.974886999695634], [-92.45240099968078, 43.97492799993611], [-92.45239400000808, 43.97503100013144], [-92.45240400005383, 43.975102000136985], [-92.45245000008458, 43.9752439998934], [-92.45245500010743, 43.9752790000635], [-92.4524529995593, 43.97531400021292], [-92.45242499997022, 43.97538499988009], [-92.45240300022891, 43.97541799981488], [-92.45237599956641, 43.975447000075455], [-92.45226699978647, 43.97552199988116], [-92.45222999997655, 43.97555599981361], [-92.45221499990794, 43.975588000226566], [-92.45223900019737, 43.97561300011298], [-92.45227199980934, 43.97563699991644], [-92.45235600037324, 43.975681999925854], [-92.45257200028331, 43.975781999896434], [-92.45258900000175, 43.97578800031597], [-92.45266099997177, 43.975815000257064], [-92.45270700000252, 43.97582799986515], [-92.4527610004292, 43.97583599977179], [-92.4528109997596, 43.975834999702684], [-92.45283599987395, 43.975815000257064], [-92.45283800042209, 43.975773999982586], [-92.45286900038423, 43.97569899984868], [-92.45289100012555, 43.975669000285755], [-92.45292799993545, 43.97565900021261], [-92.45298099963891, 43.97567399999848], [-92.4530219996468, 43.975696000280934], [-92.45309000031716, 43.97575100030497], [-92.45311299988339, 43.975781999896434], [-92.45314300002063, 43.975853000297], [-92.45314399984552, 43.9758880001081], [-92.4531349996247, 43.97592299989858], [-92.45311700008135, 43.9759570002479], [-92.45306500020283, 43.97601999991199], [-92.45302800039289, 43.976048999878564], [-92.45294399982899, 43.97610100002836], [-92.45292299991259, 43.97612200008842], [-92.45295600042287, 43.976132000083574], [-92.45301999999697, 43.97613300014763], [-92.45322199966334, 43.97612100002413], [-92.45327000024223, 43.97612200008842], [-92.45331000042519, 43.97613999994921], [-92.45332700014363, 43.97617600030099], [-92.45332700014363, 43.976211999984436], [-92.45331899974772, 43.97624899970824], [-92.45327799973983, 43.976313999831056], [-92.45326100002139, 43.976351000137726], [-92.45323900028009, 43.97638300012226], [-92.45319999992202, 43.97639999984446], [-92.45309399961681, 43.97640999979281], [-92.45304699976116, 43.97641899968026], [-92.453015999799, 43.97644499992208], [-92.45300400010345, 43.9764869997914], [-92.45301699962393, 43.976515000118724], [-92.45306100000487, 43.97652299993275], [-92.45327199989205, 43.97652700016259], [-92.45336999980134, 43.97653299986044], [-92.45342099985497, 43.97654299978639], [-92.45346299968776, 43.9765659998037], [-92.45347000025878, 43.97659700026257], [-92.4534650002359, 43.97663299969083], [-92.45345299964202, 43.97667099985372], [-92.45343500009866, 43.97670599982914], [-92.45341099980924, 43.97673600016105], [-92.45337599964911, 43.97676300031755], [-92.45329500035658, 43.97680700006739], [-92.45320300029508, 43.976836999701824], [-92.45315999973904, 43.97685499999238], [-92.45312799995202, 43.976881000043285], [-92.45308399957108, 43.97694700017109], [-92.45305699980689, 43.97697699973483], [-92.45298300018706, 43.977025000168794], [-92.45290100017128, 43.97706700027433], [-92.45285599996544, 43.977083999800655], [-92.45280900010978, 43.97709599972958], [-92.45277399994967, 43.97712200032143], [-92.45274399981245, 43.97715299984357], [-92.45272799991892, 43.97718600008872], [-92.45273100029198, 43.977219999714876], [-92.45276200025411, 43.97729099968891], [-92.45277499977459, 43.97736300026783], [-92.45279099966811, 43.977396999792624], [-92.45284000007192, 43.97745999986825], [-92.45289799979824, 43.97751999975507], [-92.45292000043787, 43.97755099971589], [-92.45294200017916, 43.97762199994058], [-92.45294399982899, 43.977695000155926], [-92.45293499960816, 43.977730000174226], [-92.45291799988972, 43.977763000098705], [-92.45282599982822, 43.97789300019077], [-92.45281300030774, 43.9779270000585], [-92.45279800023911, 43.97799799983359], [-92.45277399994967, 43.978279999968514], [-92.45276700027699, 43.97835900018108], [-92.45274700018548, 43.97846599969586], [-92.45268199988817, 43.97863899985069], [-92.4526350000325, 43.97873599995233], [-92.4525360002983, 43.9789459999494], [-92.45240599970364, 43.97918200018635], [-92.45236499969576, 43.979247999695836], [-92.4523110001674, 43.97930699970453], [-92.45221099970999, 43.97938599984346], [-92.45206000009723, 43.97948200000998], [-92.45190100008857, 43.97956999997236], [-92.45181599969976, 43.97960800019494], [-92.45162800027711, 43.97968299991643], [-92.45155399975896, 43.97971300003708], [-92.45126599987886, 43.979856999758724], [-92.4511980001068, 43.97989599979828], [-92.45111000024325, 43.97994699981141], [-92.45096999960285, 43.980047999708056], [-92.45087800043964, 43.98013300013441], [-92.45078300000509, 43.980227999744386], [-92.45070299963915, 43.98030999993196], [-92.45045800031508, 43.980538000000095], [-92.45034000031433, 43.980654000004904], [-92.45025900012345, 43.98074400014225], [-92.45009500009192, 43.98096699992356], [-92.44998499958875, 43.98108700030561], [-92.44966599974654, 43.98137199991778], [-92.4493600003231, 43.981647999714696], [-92.44933199983568, 43.98167200031089], [-92.44926700043666, 43.981727999940595], [-92.44919799994139, 43.981786000101614], [-92.4489800003815, 43.98193499979853], [-92.44890099984046, 43.98198000020613], [-92.44881600034996, 43.98201500028411], [-92.44877000031921, 43.9820279998276], [-92.44859799989176, 43.98206399984148], [-92.44855199986101, 43.98207400012873], [-92.44852799957155, 43.98207899994851], [-92.44848300026405, 43.9820940000518], [-92.44844200025615, 43.982113000004766], [-92.44840500044623, 43.98213799972954], [-92.44834500017177, 43.98219800006027], [-92.44832400025535, 43.98223000012566], [-92.44831099983658, 43.98226500005626], [-92.44830800036185, 43.982301999886566], [-92.44832000005741, 43.98233699977466], [-92.44834199979873, 43.98237300024751], [-92.4483540003926, 43.98240600017703], [-92.44833699977585, 43.98243500025663], [-92.44827800022462, 43.98246800015168], [-92.44825399993519, 43.982482000199525], [-92.44808700042891, 43.98256099999219], [-92.44794799961342, 43.982665999782995], [-92.4479109998035, 43.98268900001405], [-92.44786499977275, 43.982707999776586], [-92.44781200006929, 43.98271799995537], [-92.44777299971123, 43.98270899972992], [-92.4477340002515, 43.98263699981622], [-92.44769900009139, 43.98261500016635], [-92.44765399988556, 43.982600000194694], [-92.44755400032643, 43.982577999884704], [-92.44745399986901, 43.982566999726686], [-92.44740700001333, 43.982566999726686], [-92.44736099998258, 43.982592999861915], [-92.44735299958667, 43.98262199985018], [-92.44739000029492, 43.98264600005263], [-92.44757000021997, 43.98272600022646], [-92.44760700002989, 43.982745999929875], [-92.4476150004258, 43.98277799969993], [-92.44758299974045, 43.98280900014744], [-92.44747599961032, 43.98289199995239], [-92.44743600032567, 43.98291400014601], [-92.4473960001427, 43.9829299999879], [-92.44735199976176, 43.9829339997861], [-92.44720500034698, 43.98289499980301], [-92.44715599994318, 43.98289499980301], [-92.44710599971447, 43.98290100015009], [-92.44705600038407, 43.98291200024627], [-92.44701100017822, 43.9829270001391], [-92.44696699979728, 43.98294799972407], [-92.44692400013959, 43.98297900008286], [-92.44689999985013, 43.9830089998308], [-92.4469109997208, 43.98303099998107], [-92.44695199972867, 43.98304799973905], [-92.4471080002626, 43.98308600032109], [-92.4473540003099, 43.983133999694736], [-92.44744299999834, 43.98316000022804], [-92.44747099958744, 43.98318500015827], [-92.44746899993763, 43.98322499989554], [-92.44745800006697, 43.983259999885874], [-92.44738899957169, 43.983395999874155], [-92.44734400026414, 43.9834629998109], [-92.4473629996324, 43.983492999960646], [-92.4474310003028, 43.983557999909884], [-92.44746999976252, 43.98358300031893], [-92.44750499992264, 43.98359700010385], [-92.44753599988478, 43.98358099979534], [-92.44758100009062, 43.98352599991392], [-92.44768800022075, 43.98353400007612], [-92.44773599990131, 43.98354200023725], [-92.44777100006141, 43.98355999978786], [-92.44779299980272, 43.98359099982707], [-92.44780299984846, 43.983629999999316], [-92.44780200002354, 43.98366900014599], [-92.4477769999092, 43.98374399990846], [-92.44773199970334, 43.98381599977232], [-92.44770400011426, 43.983839000204206], [-92.4476720003272, 43.98384499980955], [-92.4476299995961, 43.98382900021426], [-92.44753800043291, 43.98377699972227], [-92.4475240001892, 43.98377100011006], [-92.44748400000624, 43.98375499984845], [-92.44746599956457, 43.98376800030371], [-92.44747999980828, 43.983838000269905], [-92.44750800029568, 43.98391399975192], [-92.44753800043291, 43.983944000320136], [-92.44755599997625, 43.98397300029479], [-92.44754199973255, 43.984006999912715], [-92.4474959997018, 43.98407600031323], [-92.44746499973967, 43.984113000307566], [-92.44746999976252, 43.98413799983652], [-92.44750699957245, 43.98415200013688], [-92.4476639999313, 43.98418100000997], [-92.44769800026648, 43.98420500022854], [-92.4477219996576, 43.984241000215015], [-92.44773099987844, 43.98427399975249], [-92.4477059997641, 43.984302000285865], [-92.44766200028147, 43.984324999883036], [-92.4476150004258, 43.984339000139336], [-92.44751099977042, 43.98433700028761], [-92.44746599956457, 43.984344999694144], [-92.4474320001277, 43.98436899984641], [-92.44732400017267, 43.98449400007858], [-92.44727599959378, 43.9845610000688], [-92.44716199979096, 43.98478299981442], [-92.44715699976808, 43.984794000208204], [-92.44711800030834, 43.9848599999428], [-92.44709300019397, 43.984891999866], [-92.44700799980518, 43.98498100012739], [-92.4469829996908, 43.98501299998541], [-92.44695199972867, 43.98508000003624], [-92.4469109997208, 43.985221999845756], [-92.44687499973578, 43.985289000307006], [-92.44680699996371, 43.98538599988581], [-92.44678000019954, 43.98541599971012], [-92.4467490002374, 43.985453000162], [-92.44669700035887, 43.985505999738436], [-92.4466649996735, 43.985531999879164], [-92.44659899955124, 43.985586999841125], [-92.4465230002816, 43.98563299996997], [-92.44630800019644, 43.98572699992561], [-92.4460389996846, 43.98582599988306], [-92.44600000022486, 43.98584599983478], [-92.44597500011051, 43.985876000073], [-92.44595900021699, 43.98591199969242], [-92.44594199960024, 43.98598699985292], [-92.44594199960024, 43.98602499984632], [-92.44596000004188, 43.98605099975979], [-92.44600900044568, 43.986062999815445], [-92.44606499962389, 43.986062999815445], [-92.44610599963175, 43.98604800006865], [-92.44614300033999, 43.98602100025638], [-92.44626600036365, 43.985954999873584], [-92.44635099985415, 43.98592000017943], [-92.44639900043303, 43.98590999989368], [-92.44645399978631, 43.98591400013745], [-92.44649200031947, 43.98593200026158], [-92.44651599971058, 43.98596400025331], [-92.44653300032734, 43.986000999717255], [-92.44653800035022, 43.9860379998045], [-92.4465319996041, 43.986073000075436], [-92.44650499983993, 43.986143999804455], [-92.44646200018222, 43.98621099987147], [-92.44643500041805, 43.98624000003136], [-92.44640199990776, 43.98626499995723], [-92.44623399967827, 43.986347000208966], [-92.44619799969327, 43.9863729999814], [-92.44616599990621, 43.98640399984431], [-92.44614400016489, 43.98643700011845], [-92.44614199961677, 43.98646999972789], [-92.44615800040862, 43.9865020000759], [-92.44624100024929, 43.986596999835996], [-92.44636199972479, 43.986711999750405], [-92.44643600024294, 43.98680400016782], [-92.44644600028869, 43.98681600007121], [-92.44646200018222, 43.98684999999988], [-92.4464529999614, 43.986872999902545], [-92.44641699997638, 43.98688200014305], [-92.44624799992198, 43.98688399990904], [-92.44605200010339, 43.986910999975116], [-92.44595599984392, 43.98692999967911], [-92.44581899957657, 43.98698199999451], [-92.44577599991888, 43.986992999980856], [-92.44574499995673, 43.98696699983363], [-92.44571099962155, 43.98682399979003], [-92.44569200025329, 43.986789999846515], [-92.4456649995908, 43.986754999998354], [-92.445630000329, 43.98673200004996], [-92.44558500012317, 43.986726999975716], [-92.4455320004197, 43.98673100016444], [-92.44547999964286, 43.98674200019724], [-92.4454339996121, 43.986758000300064], [-92.44540000017524, 43.986783000007826], [-92.44537800043393, 43.98682100013801], [-92.44537900025884, 43.98685599994726], [-92.4454040003732, 43.98688200014305], [-92.44552700039685, 43.98695200031531], [-92.44556099983372, 43.986982999875856], [-92.44557500007744, 43.98701499994731], [-92.44555400016102, 43.98704500024102], [-92.44548999968862, 43.98710400025739], [-92.44547799999305, 43.987138000021055], [-92.44547600034322, 43.987211000170255], [-92.44544899968074, 43.98724099971855], [-92.44541500024386, 43.987268000268585], [-92.44539599997728, 43.98730100006239], [-92.4453900001295, 43.98733799998566], [-92.44539699980218, 43.987373000136365], [-92.44545100022887, 43.987512000014235], [-92.44547200014527, 43.98754799993417], [-92.44546700012239, 43.98757899982979], [-92.44540000017524, 43.98763399983408], [-92.44534599974857, 43.987696000165606], [-92.44530499974069, 43.98776199990531], [-92.44529700024307, 43.98779599993841], [-92.44530499974069, 43.9878319996861], [-92.4453349998779, 43.98790299989654], [-92.44537900025884, 43.987974999886625], [-92.44538500010663, 43.98800799993371], [-92.44536699966496, 43.9880350001348], [-92.445334000053, 43.988059000087866], [-92.44520099998361, 43.98812299969971], [-92.44507499958691, 43.98818900025725], [-92.44504100015004, 43.988213000147994], [-92.44502299970839, 43.98824399969631], [-92.44502000023364, 43.98827899995917], [-92.44502600008143, 43.988353999714214], [-92.4450169998606, 43.9883889999122], [-92.4449969997691, 43.98842400008952], [-92.44496699963187, 43.98845299981457], [-92.44492599962399, 43.98847300017384], [-92.44483000026285, 43.98850100001919], [-92.44478900025496, 43.98851999986057], [-92.44475900011774, 43.98854599997386], [-92.44471399991188, 43.98860999970694], [-92.44466100020844, 43.98871300008174], [-92.44458400021554, 43.98884700015751], [-92.44455499990323, 43.988916000102634], [-92.44454099965952, 43.98898700030902], [-92.44454400003256, 43.98909599975059], [-92.44455599972814, 43.98916800023247], [-92.44456699959879, 43.98920299995042], [-92.44458900023842, 43.989236999804426], [-92.44463100007123, 43.98925600005653], [-92.44467600027706, 43.989249999705436], [-92.4448190003922, 43.98920699997228], [-92.44486700007276, 43.98919599974996], [-92.44491499975334, 43.98919099988327], [-92.4449680003551, 43.98919199972736], [-92.44502299970839, 43.98919800008432], [-92.4450729999371, 43.9892100001501], [-92.44511200029514, 43.989227000077534], [-92.44513499986137, 43.98925399972412], [-92.4451440000822, 43.989293000053756], [-92.4451370004095, 43.989334000041254], [-92.44511599959479, 43.989365000296694], [-92.44508200015792, 43.989388999711935], [-92.44494999991343, 43.98945100014923], [-92.44490999973048, 43.989473999690375], [-92.44487999959324, 43.9894990001931], [-92.4448629998748, 43.989531000200785], [-92.44485899967684, 43.98956800002658], [-92.44486500042294, 43.989643000091824], [-92.44487799994343, 43.98968099968369], [-92.44492200032435, 43.98968799982694], [-92.4450250002565, 43.98968900030898], [-92.44507600031014, 43.9896839998375], [-92.44512399999071, 43.98967400018592], [-92.44516699964842, 43.98965900005903], [-92.44532800020521, 43.98957100018615], [-92.44545799990155, 43.98950800003546], [-92.4455039999323, 43.989495000190914], [-92.44554800031325, 43.9894990001931], [-92.44559500016891, 43.98951699987641], [-92.4456370000017, 43.98954300019924], [-92.44565999956791, 43.98957399969921], [-92.44566700013893, 43.989607000149874], [-92.44566700013893, 43.98964399992834], [-92.44564799987236, 43.98971899989755], [-92.445630000329, 43.9897539999369], [-92.44558299957502, 43.9898150001593], [-92.44542500028959, 43.98995700027527], [-92.44536699966496, 43.990015999982305], [-92.44534400009874, 43.99004799971125], [-92.44526499955771, 43.9901799997034], [-92.44521100002935, 43.99024100013428], [-92.44511499976988, 43.990324999713835], [-92.44504500034799, 43.99037999975882], [-92.44500699981484, 43.990401999762554], [-92.44496499998205, 43.99041699970167], [-92.4449180001264, 43.99042200011139], [-92.44467600027706, 43.99039699999746], [-92.44461500017768, 43.990390999761715], [-92.44456599977387, 43.99039200023189], [-92.44442100000893, 43.99041699970167], [-92.44428100026684, 43.990458000205265], [-92.44414999984728, 43.99051000001509], [-92.44398400016593, 43.990590999752435], [-92.44383199982995, 43.99068699989636], [-92.44378900017226, 43.99070300022839], [-92.44369499956261, 43.990721000192835], [-92.44359500000348, 43.99073200013251], [-92.44334300010841, 43.990740999787874], [-92.44324100000118, 43.99073699986944], [-92.44314599956661, 43.990721000192835], [-92.44310799993177, 43.99070000012604], [-92.44293100037977, 43.99054699987689], [-92.4428200000517, 43.99047099983889], [-92.4427570003025, 43.990444000099544], [-92.44266199986795, 43.9904260000511], [-92.44256300013375, 43.99041699970167], [-92.44236200029229, 43.99040700017354], [-92.44220300028364, 43.99040499987992], [-92.44196300008412, 43.990401999762554], [-92.44169000027264, 43.99037700028645], [-92.44159099964011, 43.990372999697186], [-92.44146599996665, 43.990378999934705], [-92.44126900032316, 43.990403000232554], [-92.44124500003372, 43.99041000029066], [-92.44120300020091, 43.99042999999054], [-92.44114100027664, 43.990485999760516], [-92.44107699980422, 43.99056400006769], [-92.44100099963624, 43.9907350002332], [-92.44098599956764, 43.99077000031973], [-92.4409189996205, 43.99088599972035], [-92.44087400031295, 43.99095099997619], [-92.44080499981767, 43.99102499977319], [-92.44057600038711, 43.9912390001341], [-92.44050100004405, 43.99133300026015], [-92.44047199973173, 43.991382999689], [-92.44045900021126, 43.99141700023304], [-92.44043800029486, 43.99154300029263], [-92.44040499978459, 43.991649000156094], [-92.44036499960163, 43.99171500002422], [-92.44030900042344, 43.99177600017003], [-92.44025699964658, 43.991813999688794], [-92.4401670001332, 43.99185899971674], [-92.4400950001632, 43.99188399986117], [-92.44005800035326, 43.991889000147296], [-92.4400330002389, 43.99188799970231], [-92.4400120003225, 43.99187699997688], [-92.43998700020815, 43.991851999829535], [-92.4399479998501, 43.99177499972313], [-92.43994500037536, 43.99175700007835], [-92.43995899972073, 43.99168399970361], [-92.43995700007092, 43.99166600003123], [-92.43993899962926, 43.9916530000131], [-92.43988799957565, 43.9916460001016], [-92.43981700032884, 43.991659999923776], [-92.43972600009224, 43.991692999860895], [-92.43964900009935, 43.991741999831596], [-92.43960800009147, 43.99178600011376], [-92.43960100041878, 43.99180399974974], [-92.4396020002437, 43.99183800005265], [-92.43962599963481, 43.99193000028029], [-92.43964400007647, 43.991963000067294], [-92.43969299958196, 43.99200199990942], [-92.43979300003939, 43.992058000135025], [-92.4398290000244, 43.992083000195585], [-92.43989799962138, 43.99214900022737], [-92.43991299968998, 43.992181999892594], [-92.4399050001924, 43.99219900026131], [-92.43984800029098, 43.99224199976567], [-92.43958700017508, 43.99236700022192], [-92.43950299961118, 43.99241400005656], [-92.43947800039514, 43.99243599995257], [-92.43947599984699, 43.99245400003771], [-92.43949199974051, 43.992469999893416], [-92.43951400038013, 43.99248299973258], [-92.43955899968766, 43.992500999803454], [-92.43968300043454, 43.99253600014105], [-92.43972600009224, 43.99255299976212], [-92.43975799987929, 43.99257600004], [-92.43978999966635, 43.99262100013645], [-92.43980599955987, 43.99265499997126], [-92.43981700032884, 43.992690000218076], [-92.43982300017662, 43.99270900001102], [-92.4398359996971, 43.99282200015068], [-92.43982999984932, 43.99291199993638], [-92.43981399995577, 43.992967000169074], [-92.43977700014587, 43.993035000069035], [-92.43974600018373, 43.993067999887884], [-92.43970000015298, 43.99310500009381], [-92.4396580003202, 43.99312899993553], [-92.43961300011433, 43.99314900001168], [-92.43954500034228, 43.99316600010343], [-92.43952000022793, 43.99316699988056], [-92.43947599984699, 43.99315899972411], [-92.43937999958752, 43.993126999733654], [-92.43933100008203, 43.993114999813606], [-92.43918200011913, 43.99310500009381], [-92.43902099956232, 43.99308100024234], [-92.43896700003395, 43.99307999981748], [-92.43894500029266, 43.99308899976307], [-92.4389410000947, 43.99310700029638], [-92.43895399961517, 43.99314999978914], [-92.43898200010257, 43.993180999990216], [-92.43903599963093, 43.9932169997031], [-92.43921599955598, 43.99331699986814], [-92.43926599978471, 43.99335699988693], [-92.43933699992982, 43.99343099991531], [-92.439483000418, 43.9934810001617], [-92.43962399998499, 43.9935070000405], [-92.43972899956698, 43.99355799999345], [-92.43989299959851, 43.99367800012797], [-92.44002099964503, 43.99377999969609], [-92.44013799982089, 43.993883000146496], [-92.44019600044551, 43.99396800015138], [-92.44019600044551, 43.994009999903604], [-92.44015899973729, 43.99410400016452], [-92.44012299975228, 43.994214000308276], [-92.44002800021603, 43.99427300030726], [-92.43985199959063, 43.994314000085794], [-92.43961599958908, 43.99433000008626], [-92.43951000018217, 43.994354999836], [-92.43943900003707, 43.99442300008429], [-92.43939100035648, 43.994507000207456], [-92.43938999963326, 43.9946690002938], [-92.43943599966403, 43.994779000036516], [-92.43954100014433, 43.99484800019407], [-92.43967000001574, 43.994915999877435], [-92.43981099958273, 43.99491700027139], [-92.43989299959851, 43.99489200011215], [-92.4400109995993, 43.99486699994237], [-92.4401870002247, 43.994884999936424], [-92.44024599977593, 43.99492800007958], [-92.44040800015762, 43.99514100019413], [-92.44046599988395, 43.995234000213756], [-92.44063099974039, 43.995277999845634], [-92.44067799959606, 43.99525200009644], [-92.44073799987052, 43.995134000047784], [-92.44070299971042, 43.99505700032219], [-92.44065699967967, 43.99499799981021], [-92.44061099964891, 43.99485300023046], [-92.4405889999076, 43.99475099992161], [-92.4406020003264, 43.99457300012845], [-92.44065000000697, 43.99450500005203], [-92.44076800000774, 43.9944460002837], [-92.44090899957473, 43.994438000299674], [-92.44106199973562, 43.99444799979486], [-92.44128400039178, 43.994555999793526], [-92.44130799978291, 43.99456800006846], [-92.44140099966933, 43.99463600007273], [-92.44175100037201, 43.99493500025023], [-92.44186799964956, 43.9950630000862], [-92.44193100029706, 43.99519499991058], [-92.44190399963456, 43.99552599986304], [-92.44197300012986, 43.99575599976591], [-92.44203099985619, 43.995858000286006], [-92.44221699962903, 43.996112999849885], [-92.44219200041297, 43.996207000010784], [-92.44216800012352, 43.9962739997046], [-92.44213200013853, 43.996333999964165], [-92.44207299968899, 43.996375999980536], [-92.4420250000084, 43.99643499976867], [-92.44201300031283, 43.996476999713565], [-92.4420250000084, 43.996519999995606], [-92.44210700002417, 43.99655400018151], [-92.44229399962191, 43.99658900006746], [-92.44238900005647, 43.99658999978696], [-92.44245900037667, 43.996632000268335], [-92.44249299981355, 43.996708999888945], [-92.44249299981355, 43.99676799999224], [-92.44242099984352, 43.99685299974215], [-92.44229699999497, 43.996949999809786], [-92.44215499970474, 43.997016999957104], [-92.44203699970397, 43.99704199986728], [-92.44187299967243, 43.99700700024853], [-92.44176700026554, 43.99699800025095], [-92.44163800039411, 43.99699800025095], [-92.44155499965511, 43.99704800007683], [-92.44153100026398, 43.997081999960194], [-92.44153100026398, 43.99715000031473], [-92.44154200013465, 43.99720999968858], [-92.44161199955651, 43.997286000143866], [-92.44168100005182, 43.99737999973901], [-92.4417859996338, 43.9974829997569], [-92.44199599969608, 43.99763600021887], [-92.44237200033803, 43.9977319999525], [-92.4425599997607, 43.99774999972369], [-92.442701000226, 43.99775900025348], [-92.44281800040189, 43.997843999876224], [-92.44282900027251, 43.99790399984074], [-92.44281699967864, 43.99793799987985], [-92.44276999982299, 43.99798000005336], [-92.4426869999823, 43.998012999707235], [-92.44254499969209, 43.99804699968388], [-92.44245099998076, 43.99807999994667], [-92.44237999983562, 43.998155999933864], [-92.44233200015505, 43.998275000126355], [-92.44222500002493, 43.998385000292934], [-92.44215300005492, 43.998468999977355], [-92.44205900034358, 43.998537000034815], [-92.44195200021346, 43.99857000002508], [-92.44182300034203, 43.99859499992722], [-92.44172799990747, 43.99862900021659], [-92.44164500006681, 43.99871300020177], [-92.44162099977736, 43.99879799975031], [-92.44163199964801, 43.99889099985431], [-92.44171299983886, 43.99896799977455], [-92.44180700044852, 43.999045000241026], [-92.44191200003048, 43.9991219999614], [-92.44201699961246, 43.999233000171294], [-92.44217999981909, 43.9993950002796], [-92.4422850002994, 43.99952300018798], [-92.44236599959194, 43.99964200022362], [-92.44238800023156, 43.99979500028803], [-92.44231799991135, 43.99996399973161], [-92.4427070000738, 44.000288999694604], [-92.44288399962579, 44.00047000004341], [-92.442953999946, 44.00059899986934], [-92.44293499967941, 44.000779999918635], [-92.44275399992945, 44.00101099977926], [-92.44243199971417, 44.00115100031445], [-92.44214499965899, 44.0012139997367], [-92.44184199971029, 44.00125100003292], [-92.44142999998165, 44.00133900003341], [-92.44133999956996, 44.00142899982554], [-92.44128600004161, 44.00154499971519], [-92.44128400039178, 44.00166100002418], [-92.44130100011022, 44.00181499968294], [-92.44145900029395, 44.002073999940436], [-92.44158099959438, 44.00235799996848], [-92.44168299970164, 44.00289899993475], [-92.44178999983177, 44.00300300032202], [-92.44189500031206, 44.00315799998304], [-92.44189399958883, 44.00331299988521], [-92.44185299958096, 44.003867000118774], [-92.44188600009123, 44.004125000225294], [-92.44197399995478, 44.00428000018557], [-92.44222400020003, 44.0042940002579], [-92.44245600000362, 44.00426900017256], [-92.4426879998072, 44.00432199974655], [-92.4427570003025, 44.00450199983593], [-92.44272100031749, 44.00456700003909], [-92.44247000024733, 44.00471999967954], [-92.442440999935, 44.00474299976449], [-92.44234399985064, 44.004822999878236], [-92.44225299961404, 44.00499000005876], [-92.44223300042086, 44.00515699976919], [-92.44232100028441, 44.00536399998034], [-92.44253399982142, 44.005505999719915], [-92.44295999979377, 44.00572799995128], [-92.44319099977245, 44.005858000184205], [-92.4434050000327, 44.005923000193825], [-92.44361799956971, 44.00594999999796], [-92.44395800022664, 44.00589999992025], [-92.44411899988515, 44.0059140002564], [-92.44426100017536, 44.00599200031496], [-92.44438199965086, 44.00640400024818], [-92.44445100014616, 44.00668800022349], [-92.44459199971315, 44.0068310002173], [-92.44500099996706, 44.0070130001808], [-92.44551399997806, 44.00751800027917], [-92.44562199993308, 44.00770700002917], [-92.44565500044338, 44.0077639998253], [-92.44569100042837, 44.00793800005441], [-92.44672400012304, 44.00766500028032], [-92.44710599971447, 44.00756300002812], [-92.447269999746, 44.00751999999594], [-92.44787999984135, 44.00740999996702], [-92.44827700039971, 44.00736200019594], [-92.44838000033188, 44.00734999992405], [-92.44857000030267, 44.00732000020284], [-92.44867700043278, 44.00731000029238], [-92.44875799972533, 44.00729600028571], [-92.44877199996904, 44.00729600028571], [-92.44912400032153, 44.00724799977625], [-92.44937000036883, 44.007219999730346], [-92.44958000043113, 44.007189999943385], [-92.44997000041846, 44.007160000141255], [-92.450086999696, 44.00715000020387], [-92.45035000036006, 44.00712999967788], [-92.45044099969833, 44.0071250000299], [-92.45056000042234, 44.00711999973538], [-92.45068300044598, 44.007110999979574], [-92.45099999974008, 44.00708999989785], [-92.45105499999167, 44.00708999989785], [-92.45117999966513, 44.00708999989785], [-92.45143099973528, 44.007085000246505], [-92.45172000033863, 44.00707999994867], [-92.45218700031884, 44.00707999994867], [-92.45244000003885, 44.00707999994867], [-92.45269000028408, 44.00708100013748], [-92.45344000012153, 44.00708699997787], [-92.45369000036679, 44.00708999989785], [-92.45393200021613, 44.00708999989785], [-92.45465799976412, 44.00708999989785], [-92.45489999961347, 44.00708999989785], [-92.45515400005668, 44.00708999989785], [-92.4559159995897, 44.00708999989785], [-92.45617000003291, 44.00708999989785], [-92.45642000027817, 44.00708999989785], [-92.45717000011561, 44.00708999989785], [-92.45742000036088, 44.00708999989785], [-92.45767499973067, 44.00708999989785], [-92.45844399983471, 44.00708999989785], [-92.45869999992775, 44.00708999989785], [-92.46136000041723, 44.00708999989785], [-92.46189199979649, 44.00708199968016], [-92.46300599968201, 44.00707999994867], [-92.46303300034451, 44.006989000139505], [-92.46303800036736, 44.006970999940584], [-92.46321099972143, 44.00643699973952], [-92.4633220000495, 44.00606199991574], [-92.46371299986176, 44.004801000051565], [-92.46372999958018, 44.00475000006953], [-92.4637799998089, 44.00464000007303], [-92.4641599997505, 44.00356000031822], [-92.46419999993347, 44.0034599999686], [-92.46464000014953, 44.002110000073834], [-92.4647099995714, 44.001910000133236], [-92.46474999975437, 44.001689999742936], [-92.46476999984587, 44.00136999983365]]]}}, {"type": "Feature", "properties": {"tract_id": "27109001100", "name": "Tract Census Tract 11", "pct_white_2020": 81.2, "pct_black_2020": 3.5, "pct_hispanic_2020": 6.7, "pct_asian_2020": 3.7, "population_2020": 3386, "is_sample_data": false, "pct_white_1970": 98, "pct_black_1970": 7.6, "pct_hispanic_1970": 3.6, "pct_asian_1970": 1.0, "pct_white_1990": 87.2, "pct_black_1990": 1.9, "pct_hispanic_1990": 8.0, "pct_asian_1990": 3.7}, "geometry": {"type": "Polygon", "coordinates": [[[-92.48477899992417, 43.996310000126115], [-92.4847799997491, 43.99628999982284], [-92.48474999961186, 43.99597999975287], [-92.48474600031221, 43.99595500004146], [-92.48473500044156, 43.99589000009628], [-92.48472399967258, 43.995825999812276], [-92.48471199997702, 43.99575799987917], [-92.48470100010637, 43.99568900013348], [-92.48468400038793, 43.9955899998244], [-92.4846600000985, 43.995449999738554], [-92.48455999964105, 43.99508000027587], [-92.48450299973966, 43.99489900028704], [-92.48450000026492, 43.99488999996969], [-92.48440999985323, 43.994680000147994], [-92.48427000011115, 43.99441000002381], [-92.48408000014035, 43.99408000007079], [-92.48368000010727, 43.9934999997014], [-92.48324999993696, 43.992979999899376], [-92.4831970002335, 43.9929219996887], [-92.4828099997209, 43.99250000001507], [-92.48239999964208, 43.99209999994641], [-92.48171000007909, 43.99153000024756], [-92.4810699998465, 43.9909400000771], [-92.48040000037497, 43.99021999989764], [-92.4800000003419, 43.98969999979365], [-92.47975000009666, 43.98933999973749], [-92.47949999985138, 43.98889000015147], [-92.47942500040664, 43.98871799998869], [-92.47936000010931, 43.988569999720255], [-92.47914000000128, 43.9880409999624], [-92.47906999968107, 43.98786999979107], [-92.47870999983097, 43.98707999991819], [-92.47819900036812, 43.986118999827625], [-92.47812999987283, 43.98599000019345], [-92.47786200008424, 43.98561200004201], [-92.47777400022068, 43.98548800013149], [-92.47773999988549, 43.985440000075705], [-92.47739000008113, 43.9849999998028], [-92.47649999960326, 43.98407000008486], [-92.47609899974528, 43.98373299996649], [-92.47550000041889, 43.98323000026477], [-92.47471000039846, 43.98267000024537], [-92.47381999992061, 43.98209999983349], [-92.47288000011235, 43.98147000005348], [-92.47146999995083, 43.980570000313804], [-92.47006499981217, 43.979640999722065], [-92.46973000007642, 43.97942000014913], [-92.46889999987302, 43.97889000028136], [-92.46834000000638, 43.978549999777904], [-92.4679979996996, 43.978364000313746], [-92.46795199966886, 43.97833900029266], [-92.46781500029984, 43.97826400016636], [-92.46777000009399, 43.97824000013177], [-92.46717099986925, 43.97795000018613], [-92.46712999986138, 43.977930000159986], [-92.46647999958306, 43.97768999996697], [-92.46592999976214, 43.9775099999936], [-92.4652719999862, 43.977355999964004], [-92.46462500008091, 43.977205000319486], [-92.46451999960061, 43.97717999981045], [-92.46430399969056, 43.97713200014818], [-92.46380900012123, 43.977022000021634], [-92.4633499996386, 43.9769200000983], [-92.46301900010079, 43.97685399994045], [-92.46298899996357, 43.97684700022303], [-92.46295499962838, 43.9768389998062], [-92.46287000013788, 43.97682000010478], [-92.46275100031218, 43.97679400002717], [-92.46254000042501, 43.97675000026768], [-92.4623999997846, 43.97787000004106], [-92.46234000040846, 43.978460000193365], [-92.46227500011112, 43.97947899998691], [-92.46216999963083, 43.98113000010343], [-92.46215000043767, 43.981330000271804], [-92.46212000030043, 43.98172000018142], [-92.46208000011747, 43.98305000028055], [-92.46208000011747, 43.98322000017223], [-92.46208000011747, 43.983290000138204], [-92.46207000007172, 43.983480000091504], [-92.46208000011747, 43.98393999994361], [-92.46210000020895, 43.98436999977177], [-92.4620900001632, 43.98535999968107], [-92.4620900001632, 43.985500000300924], [-92.4620900001632, 43.985592000011394], [-92.4620900001632, 43.98565999995871], [-92.46212399960008, 43.98721899983585], [-92.46212000030043, 43.988790000282826], [-92.46212000030043, 43.989260000074815], [-92.46215000043767, 43.98983999987211], [-92.46219999976807, 43.99048999969591], [-92.46219999976807, 43.99057999978661], [-92.46236999964738, 43.99153000024756], [-92.46238999973886, 43.99168999980864], [-92.46251000028778, 43.992469999893416], [-92.46254999957242, 43.992690000218076], [-92.46266000007559, 43.99349000004648], [-92.46278999977193, 43.994340000245906], [-92.46288000018363, 43.99491000009861], [-92.46293000041234, 43.995189999903005], [-92.46295999965125, 43.99540999983797], [-92.46300999987997, 43.99574000014992], [-92.46308000020016, 43.99601000003885], [-92.4631599996678, 43.99638999997939], [-92.46339999986732, 43.997310000233405], [-92.46359999988384, 43.99796000031293], [-92.46367000020405, 43.99817000015893], [-92.46391000040356, 43.99883999996125], [-92.46444000013298, 43.99998000014723], [-92.46446000022448, 44.00000999970332], [-92.46458999992082, 44.000370000300954], [-92.46469000037824, 44.000670000315075], [-92.46473999970864, 44.000880000262434], [-92.46476999984587, 44.00109000011264], [-92.46476999984587, 44.00136999983365], [-92.46474999975437, 44.001689999742936], [-92.4647099995714, 44.001910000133236], [-92.46464000014953, 44.002110000073834], [-92.46419999993347, 44.0034599999686], [-92.4641599997505, 44.00356000031822], [-92.4637799998089, 44.00464000007303], [-92.46372999958018, 44.00475000006953], [-92.46371299986176, 44.004801000051565], [-92.4633220000495, 44.00606199991574], [-92.46321099972143, 44.00643699973952], [-92.46303800036736, 44.006970999940584], [-92.46303300034451, 44.006989000139505], [-92.46300599968201, 44.00707999994867], [-92.46316999971353, 44.00707999994867], [-92.46347799968513, 44.00707999994867], [-92.46440199959983, 44.00707999994867], [-92.4647099995714, 44.00707999994867], [-92.46540199968256, 44.00708800016658], [-92.4655399997748, 44.00708999989785], [-92.46733999992367, 44.00706000004514], [-92.46747700019104, 44.00705800031287], [-92.46817000012706, 44.007050000090906], [-92.46880000031392, 44.00704000013492], [-92.46889200037542, 44.007038999945415], [-92.47105999987201, 44.00703000017727], [-92.4710799999635, 44.00703000017727], [-92.47141600042247, 44.00703000017727], [-92.47159999964717, 44.00703000017727], [-92.47178299994528, 44.00703000017727], [-92.47200600042635, 44.00703000017727], [-92.47222900000912, 44.00703000017727], [-92.47251799971413, 44.00703000017727], [-92.47472399974384, 44.00703000017727], [-92.47546000023591, 44.00703000017727], [-92.47593399988885, 44.00703000017727], [-92.47735599974594, 44.00703000017727], [-92.47775999997697, 44.00703000017727], [-92.47783000029717, 44.00703000017727], [-92.47791999981054, 44.00703000017727], [-92.47799199978057, 44.00703099972085], [-92.47847800002738, 44.007037000212435], [-92.47864000040909, 44.00704000013492], [-92.47912599975757, 44.00704000013492], [-92.47926999969764, 44.00704000013492], [-92.48058399959967, 44.00703199991049], [-92.4810699998465, 44.00703000017727], [-92.48126400001524, 44.00703000017727], [-92.48184599962322, 44.00703000017727], [-92.48203999979197, 44.00703000017727], [-92.48203999979197, 44.00700200002845], [-92.48203999979197, 44.006918000148836], [-92.48203999979197, 44.006889999947155], [-92.48203999979197, 44.00685000000529], [-92.48207300030225, 44.00656699971091], [-92.48210000006642, 44.006349999748686], [-92.48217000038663, 44.005920000214836], [-92.48220999967128, 44.005750000080305], [-92.48224900002934, 44.00561100027343], [-92.48234000026595, 44.00530000022319], [-92.4825710002446, 44.00453199969002], [-92.48291000017834, 44.00340999973057], [-92.4832320003936, 44.002220999863], [-92.48325999998269, 44.002120000214724], [-92.48348000009072, 44.001460000224895], [-92.48349000013647, 44.001410000239765], [-92.48351000022795, 44.00136000021255], [-92.48355999955835, 44.001200000229844], [-92.4836619996656, 44.000809999716374], [-92.48387000007806, 44.00002000019813], [-92.48422900010327, 43.99886499974961], [-92.48442999994472, 43.998220000289685], [-92.48457800008272, 43.99775500016178], [-92.48458999977828, 43.99772000031741], [-92.48476999970333, 43.99672999976815], [-92.48477899992417, 43.996310000126115]]]}}, {"type": "Feature", "properties": {"tract_id": "27109001301", "name": "Tract Census Tract 13.01", "pct_white_2020": 74.8, "pct_black_2020": 7.6, "pct_hispanic_2020": 5.9, "pct_asian_2020": 10.6, "population_2020": 4583, "is_sample_data": false, "pct_white_1970": 98, "pct_black_1970": 3.4, "pct_hispanic_1970": 6.5, "pct_asian_1970": 3.3, "pct_white_1990": 83.1, "pct_black_1990": 9.1, "pct_hispanic_1990": 5.3, "pct_asian_1990": 5.5}, "geometry": {"type": "Polygon", "coordinates": [[[-92.55287000039483, 44.03647000010475], [-92.55292100044848, 44.03643899992231], [-92.55263000019535, 44.03616999969996], [-92.55242000013305, 44.03597999990658], [-92.55229100026162, 44.03586900001048], [-92.55227000034522, 44.03584999983286], [-92.55198999996274, 44.0356699999555], [-92.55177999990048, 44.03557999981178], [-92.55172999967175, 44.0355660000211], [-92.5515299996552, 44.03551000017952], [-92.5514650002562, 44.03550399998578], [-92.55111999957637, 44.035470000168054], [-92.55065199977123, 44.03545499999533], [-92.55046000015061, 44.03545000015218], [-92.5482270003567, 44.03516299992364], [-92.54741999971954, 44.035060000108004], [-92.54614699982535, 44.03490200006166], [-92.54540000036096, 44.034809999955066], [-92.54427999972931, 44.034679999897904], [-92.54291999979652, 44.03452000003215], [-92.54232700031788, 44.03444400013834], [-92.54189999962233, 44.0343899999846], [-92.54176300025328, 44.03437399981001], [-92.54105400042371, 44.03428999995267], [-92.54102699976123, 44.03428599974126], [-92.54099999999704, 44.034282999905386], [-92.54096999985981, 44.034280000069366], [-92.54094599957037, 44.03427500012708], [-92.5409199996311, 44.03427000018437], [-92.54053700021475, 44.03422599976622], [-92.53938800016914, 44.03409599971955], [-92.5390059996794, 44.03405300019773], [-92.5389479999531, 44.03404600012245], [-92.53891199996808, 44.03404199989452], [-92.53888699985373, 44.0340390000463], [-92.53874200008877, 44.03402299977694], [-92.53867699979145, 44.03401599969811], [-92.5385470000951, 44.03400099980316], [-92.53835999959902, 44.03398000020215], [-92.5382299999027, 44.033963999916864], [-92.53817800002416, 44.03395800021242], [-92.53815700010776, 44.03395499971411], [-92.53811500027497, 44.0339499997444], [-92.53805800037357, 44.03394300030279], [-92.53802800023632, 44.03393999980372], [-92.53794600022056, 44.03392999986136], [-92.53770099999818, 44.03390000002413], [-92.53761999980733, 44.03389000007501], [-92.53727199965279, 44.0338450002831], [-92.53715000035237, 44.03382999969904], [-92.53622800008745, 44.03372099977551], [-92.53587999993292, 44.03368000010791], [-92.5358439999479, 44.033675000115004], [-92.53573599999288, 44.0336630000011], [-92.53570099983277, 44.03365899974736], [-92.53564200028154, 44.03365200027134], [-92.53554000017428, 44.03364000015282], [-92.53546800020425, 44.0336289997729], [-92.53540999957963, 44.03362099990636], [-92.5353719999448, 44.03361500016714], [-92.53525999979182, 44.03360000017069], [-92.53522299998188, 44.03359500017103], [-92.53513400029343, 44.0335839997828], [-92.53486800015463, 44.0335509998975], [-92.53478000029108, 44.03354099988948], [-92.53436099999143, 44.033487999948065], [-92.53428999984632, 44.03348000006244], [-92.5340200004079, 44.03344999999741], [-92.53310700036384, 44.03333300011533], [-92.532689999714, 44.03327999998783], [-92.53246999960596, 44.03324999982157], [-92.53217000003032, 44.033210000222084], [-92.53181000018022, 44.03317200009317], [-92.53159000007219, 44.03314999980343], [-92.53103000020553, 44.03307999988411], [-92.5308169997702, 44.0330669998992], [-92.53001000003134, 44.033019999979686], [-92.52906000017735, 44.032970000120606], [-92.5284869998919, 44.032957000111566], [-92.52771000029027, 44.0329399997974], [-92.52765000001583, 44.032929999686296], [-92.52736399978556, 44.03291899982047], [-92.52632600006802, 44.032881999904475], [-92.52600300002783, 44.03287100002974], [-92.5259799995633, 44.032870000275835], [-92.5248399997385, 44.032823999954786], [-92.5237200000052, 44.03277999975465], [-92.52142000026413, 44.032696999978036], [-92.52092999981936, 44.03268000023514], [-92.52028000043933, 44.03265999992349], [-92.51996499989677, 44.03264999976513], [-92.5190230004387, 44.032622999845785], [-92.51891999960822, 44.032619999925735], [-92.51871000044424, 44.03260999976063], [-92.51844799960512, 44.03259800007697], [-92.51766199978265, 44.032561999719626], [-92.51739999984181, 44.032550000026255], [-92.51719300015259, 44.03254400017861], [-92.51671000027883, 44.032530000316534], [-92.51657600038453, 44.03252200030163], [-92.51654000039952, 44.03252000013624], [-92.51636999962189, 44.03252000013624], [-92.51636999962189, 44.03205999970627], [-92.51634600023075, 44.03130100013602], [-92.51627000006279, 44.02886999988036], [-92.5162430002986, 44.02764800020456], [-92.51623999992555, 44.02748999977402], [-92.51620999978832, 44.026429999976], [-92.5161799996511, 44.02544099981601], [-92.51616999960535, 44.02507000019919], [-92.5161599995596, 44.02417000022218], [-92.51610000018347, 44.02260999971758], [-92.51610000018347, 44.02247700024207], [-92.51610000018347, 44.02178999969613], [-92.51609799963533, 44.02169400013673], [-92.51609500016059, 44.02148899996517], [-92.51609400033568, 44.021474000129615], [-92.51609400033568, 44.02143099984785], [-92.51609400033568, 44.02141699994467], [-92.51609299961245, 44.021373000319755], [-92.51609000013771, 44.02124299985713], [-92.51609000013771, 44.0212000000538], [-92.51599800007621, 44.02121999971085], [-92.51572299971659, 44.021280999882684], [-92.51563200037832, 44.021302000107376], [-92.51495299978765, 44.021452000019394], [-92.51428999998885, 44.02160000030991], [-92.51394000018448, 44.02169999979078], [-92.51336000022636, 44.02194000031129], [-92.51298000028476, 44.02210600016217], [-92.51269999990227, 44.02222999977857], [-92.51247399994647, 44.02233900016491], [-92.5123500000979, 44.022399999831386], [-92.51228999982345, 44.02241999972958], [-92.51223999959471, 44.02245000021014], [-92.51191599972962, 44.02259999980138], [-92.51061400042144, 44.02320700024913], [-92.51018000005317, 44.023409999820835], [-92.51009999968721, 44.02345000022083], [-92.51008799999167, 44.02345399987178], [-92.50980299958631, 44.023563999856336], [-92.50970800005005, 44.02360099977591], [-92.5094500003072, 44.02369999984868], [-92.50906000031986, 44.023839999799875], [-92.50870999961718, 44.023910000297406], [-92.50868000037828, 44.023910000297406], [-92.50795999977973, 44.024000000077415], [-92.50729000030823, 44.02402999975842], [-92.50668000021285, 44.02398799994239], [-92.5062180002555, 44.02391900008776], [-92.506090000209, 44.023899999954544], [-92.50539999974768, 44.023740000053046], [-92.50530000018856, 44.02371999995421], [-92.50377000037642, 44.02321999981299], [-92.50299000040175, 44.02297999995256], [-92.50280999957839, 44.02292200000199], [-92.50249599975903, 44.02282000015178], [-92.50230999998618, 44.02276000019591], [-92.50201000041052, 44.02266999982527], [-92.50081600015906, 44.02229900030717], [-92.50001000024513, 44.02204999987527], [-92.49915999995025, 44.02178999969613], [-92.49886000037459, 44.021740000052674], [-92.49878000000865, 44.021719999925075], [-92.49827000037071, 44.02168000029566], [-92.49814399997402, 44.02167200010817], [-92.49737999989286, 44.02162999991352], [-92.496749999706, 44.02161999983201], [-92.49663000005542, 44.02161999983201], [-92.49656999978095, 44.02160999974881], [-92.49651000040481, 44.02160999974881], [-92.4959889999979, 44.0216050000296], [-92.4952700001226, 44.02160000030991], [-92.49499200028824, 44.02160000030991], [-92.4941579998869, 44.02160000030991], [-92.49388000005254, 44.02160000030991], [-92.49353000024819, 44.02160000030991], [-92.49247999993676, 44.02160000030991], [-92.49213000013238, 44.02160000030991], [-92.49180399971917, 44.02160000030991], [-92.49082600027607, 44.02160000030991], [-92.49049999986283, 44.02160000030991], [-92.49031999993778, 44.0215200002162], [-92.49014400021069, 44.021522000106835], [-92.48947999968864, 44.02153000031457], [-92.4890269999521, 44.02155299969468], [-92.4888999997305, 44.02155999995356], [-92.48865500040644, 44.02155999995356], [-92.48850100042064, 44.02155999995356], [-92.4884699995602, 44.02155999995356], [-92.48821000016751, 44.02154999986029], [-92.48804299976292, 44.02154999986029], [-92.48788999960206, 44.02154999986029], [-92.48788999960206, 44.02176499987967], [-92.48788999960206, 44.02178000028757], [-92.48790999969354, 44.022409999781324], [-92.48791700026455, 44.022625999838354], [-92.48792800013521, 44.02298299971459], [-92.48792999978502, 44.023039999685786], [-92.48794099965568, 44.02405699971671], [-92.48794599967856, 44.0244159998116], [-92.48794999987652, 44.02480999970027], [-92.48793999983076, 44.02574999978939], [-92.48794700040177, 44.02602300028194], [-92.48795800027243, 44.02642500001736], [-92.48796099974716, 44.02654000025155], [-92.487969999968, 44.026886000116214], [-92.48797300034106, 44.02700199995485], [-92.48797400016596, 44.02705300017953], [-92.48797800036391, 44.02720800028911], [-92.48798500003662, 44.02736200014665], [-92.48801199980079, 44.02793299969128], [-92.48809499964146, 44.02963699998635], [-92.48809499964146, 44.02968499981288], [-92.48810100038757, 44.02979300024924], [-92.4881030000374, 44.02995399976288], [-92.48810999971008, 44.03040000002705], [-92.4881110004333, 44.030437999995755], [-92.48811999975584, 44.03060000013296], [-92.4881110004333, 44.03063100014063], [-92.4881039998623, 44.03069900014234], [-92.48812599960361, 44.03133799974734], [-92.48810899988518, 44.03161099969161], [-92.48806000037968, 44.032279999823864], [-92.4882799995894, 44.032320000051044], [-92.48865000038356, 44.03239999977861], [-92.48893300024078, 44.03245699973659], [-92.49051999995433, 44.03277999975465], [-92.49084999966719, 44.03285000002831], [-92.49155299964899, 44.03300100018028], [-92.49242499968518, 44.03318899969493], [-92.4946220003924, 44.033660999874265], [-92.49535999963597, 44.03381999973811], [-92.49817999995902, 44.034420000219605], [-92.50001000024513, 44.03483000018695], [-92.50121199999418, 44.035087999925146], [-92.503409999628, 44.035559999833026], [-92.50424499985427, 44.03573899969326], [-92.50674999963474, 44.03627900028532], [-92.50758599968593, 44.036459000250204], [-92.50797200037361, 44.03654199992421], [-92.50859900018743, 44.03667700015719], [-92.50912999974176, 44.036791000186156], [-92.50951700025435, 44.03687400004099], [-92.51124100023524, 44.037245000040336], [-92.51641499982775, 44.038358000308186], [-92.51649099999571, 44.03837499971385], [-92.51813999963353, 44.038729999711784], [-92.51826000018245, 44.03874999991218], [-92.51833999965007, 44.03877000010577], [-92.51837999983304, 44.038779999877164], [-92.51894200024782, 44.038900000230996], [-92.51914300008927, 44.03894300011033], [-92.51996999991962, 44.0391189998467], [-92.5219399999478, 44.039540000166205], [-92.52245200013388, 44.039651000288984], [-92.52261000031763, 44.039685000290824], [-92.52327999978912, 44.03983000006054], [-92.52409099972596, 44.04000000000668], [-92.5241009997717, 44.03986700015872], [-92.52439600022281, 44.03992900014926], [-92.52500499959494, 44.040059999947196], [-92.52508800033394, 44.04007799978835], [-92.52578100026997, 44.0402260000687], [-92.52597899973837, 44.040269000277185], [-92.52652400043472, 44.04038600002576], [-92.52684499992677, 44.040453000186105], [-92.52716799996696, 44.04051799972958], [-92.52751699994643, 44.0405849997407], [-92.52786699975078, 44.04064900016246], [-92.52836499969317, 44.04073400031306], [-92.52887699987924, 44.04081499992523], [-92.52891899971203, 44.04082100022694], [-92.5289160002373, 44.040852000054045], [-92.52890600019157, 44.040955999751326], [-92.52955999976953, 44.041029999809695], [-92.5300779998034, 44.04108999999865], [-92.5310710002134, 44.04120399993191], [-92.53147000042158, 44.04125000020539], [-92.53304700008937, 44.041330000146736], [-92.53324999958066, 44.04134000013179], [-92.53418299971621, 44.04136199996388], [-92.53492000003318, 44.04138000005523], [-92.53634000024046, 44.04134000013179], [-92.5375899996701, 44.04126099981629], [-92.53777999964089, 44.04125000020539], [-92.53848500017081, 44.04118599978709], [-92.5387229998222, 44.0411639998897], [-92.53890399957216, 44.041146999992705], [-92.53964000006422, 44.04107999997136], [-92.54141000007586, 44.04081999996145], [-92.54272999982571, 44.040570000217045], [-92.54293700041327, 44.04052400006137], [-92.54400000024515, 44.04029000023253], [-92.54533000004075, 44.039929999784064], [-92.54652000009426, 44.039560000093175], [-92.54751000013121, 44.03921000007411], [-92.54789699974549, 44.03905000017012], [-92.54820999973994, 44.03891999972822], [-92.54901400000406, 44.038575000028864], [-92.54926000005136, 44.03846999972165], [-92.5500299999803, 44.03809000006819], [-92.55072999958904, 44.03771999986532], [-92.55287000039483, 44.03647000010475]]]}}, {"type": "Feature", "properties": {"tract_id": "27109002100", "name": "Tract Census Tract 21", "pct_white_2020": 93.6, "pct_black_2020": 0.0, "pct_hispanic_2020": 3.4, "pct_asian_2020": 0.6, "population_2020": 6836, "is_sample_data": false, "pct_white_1970": 98, "pct_black_1970": 23.8, "pct_hispanic_1970": 4.0, "pct_asian_1970": 0.3, "pct_white_1990": 95, "pct_black_1990": 23.0, "pct_hispanic_1990": 5.2, "pct_asian_1990": 0}, "geometry": {"type": "Polygon", "coordinates": [[[-92.55293200031913, 43.83409900005624], [-92.55267100020322, 43.83409999991731], [-92.552528999913, 43.83409999991731], [-92.55210600031369, 43.83410200028733], [-92.55196999987126, 43.83410300014836], [-92.55191200014494, 43.83410300014836], [-92.55175499978611, 43.834104000009326], [-92.55170299990756, 43.83410499987027], [-92.5512979998516, 43.834107000240174], [-92.55121300036112, 43.83410800010112], [-92.55008699988171, 43.834062000001616], [-92.5496840003739, 43.83404600026862], [-92.54962999994721, 43.834051000226154], [-92.54946799956552, 43.83407299977505], [-92.54940999983918, 43.83408000010112], [-92.5491849997083, 43.83408099996247], [-92.54821899996078, 43.83407100005203], [-92.54695399956421, 43.83407199991357], [-92.54538500029233, 43.83405399981166], [-92.54512300035151, 43.83405200008799], [-92.54407600041314, 43.83405500032145], [-92.54341299971601, 43.83404499975869], [-92.54152200022885, 43.83403899993858], [-92.5401739999916, 43.834041000310684], [-92.53881700043183, 43.83403099974553], [-92.53568900013721, 43.83400800031854], [-92.53410900009636, 43.83399600002236], [-92.53329599961141, 43.833986000097674], [-92.5313180000856, 43.83396600024328], [-92.52927000023965, 43.833959999767266], [-92.52816200020189, 43.833961000278634], [-92.5261429997699, 43.833949999836534], [-92.52573199986618, 43.83394800010938], [-92.52426599962814, 43.833956000313556], [-92.51852700014614, 43.83392999997012], [-92.51750000029925, 43.83392900010619], [-92.51676800000514, 43.83392199976246], [-92.51561800013461, 43.83391299968954], [-92.51443599957872, 43.833892999810665], [-92.51370599983275, 43.833887999839945], [-92.51364499973339, 43.833883999733416], [-92.5135829998091, 43.833887999839945], [-92.5127790004433, 43.83388200000405], [-92.51175099987319, 43.83387899976189], [-92.50860199966215, 43.83387200006026], [-92.50606900029258, 43.83389100008166], [-92.50582099969716, 43.833892999810665], [-92.50417500043238, 43.833892999810665], [-92.50409000004358, 43.833892999810665], [-92.5023660000627, 43.83391000009695], [-92.50001199989494, 43.83393499993731], [-92.49911300009458, 43.833937000312915], [-92.49694100040003, 43.833956000313556], [-92.495327000024, 43.833971000207505], [-92.49513399968015, 43.83397600017131], [-92.49398399980963, 43.83400800031854], [-92.49394199997683, 43.83400800031854], [-92.49105700025476, 43.83404200017269], [-92.49036500014363, 43.83405899976851], [-92.48917000006725, 43.83409000001006], [-92.48891200032439, 43.83409400010274], [-92.48839699976527, 43.83410300014836], [-92.48812300012887, 43.83410499987027], [-92.48786000036316, 43.83410800010112], [-92.48705799974884, 43.834116000283835], [-92.48685400043266, 43.83411899986607], [-92.48510299978928, 43.83412899976847], [-92.4846540002507, 43.83412499967809], [-92.48385300035962, 43.83411899986607], [-92.4833019998155, 43.83411399991424], [-92.48191699976832, 43.834104000009326], [-92.4816549998275, 43.83410200028733], [-92.48110400018169, 43.83409999991731], [-92.48070499997351, 43.834095999824996], [-92.47950499987427, 43.83408400019447], [-92.47910499984117, 43.83408099996247], [-92.47905799998553, 43.83408000010112], [-92.47812200037524, 43.83407299977505], [-92.47686899967422, 43.83406399972494], [-92.47574800011598, 43.83405200008799], [-92.47517499983057, 43.83404799999249], [-92.47419300018952, 43.83404200017269], [-92.47406000012013, 43.83403999980066], [-92.47328000014545, 43.83403700021441], [-92.47270799968491, 43.83403399998004], [-92.47106800026792, 43.83403800007652], [-92.47089400019065, 43.83403800007652], [-92.46806700019489, 43.83404999971629], [-92.46737099988582, 43.83405399981166], [-92.46549700011708, 43.83405600018327], [-92.46099700019407, 43.834068999680966], [-92.45769900002014, 43.83407900023971], [-92.45603299976557, 43.834081999823844], [-92.45103700044831, 43.8340930002416], [-92.44937200001866, 43.83409900005624], [-92.44928900017797, 43.83409999991731], [-92.4490449997805, 43.83410300014836], [-92.44896500031288, 43.83410499987027], [-92.44897799983336, 43.83426100000781], [-92.44901800001634, 43.83474800031399], [-92.44903200026003, 43.83491200014256], [-92.44901200016854, 43.83618099975557], [-92.44895600009205, 43.83998799995607], [-92.44895000024427, 43.84046099972561], [-92.4489379996504, 43.84125800021191], [-92.4490099996204, 43.84205400004236], [-92.44899999957465, 43.84333499973929], [-92.44894799969613, 43.848281000017884], [-92.44882999969535, 43.84827400006221], [-92.44744200017345, 43.84826799972934], [-92.44553999991732, 43.84826200004377], [-92.44534300027382, 43.84826300031532], [-92.44397099974714, 43.848255999709686], [-92.43985999998655, 43.848241999791654], [-92.4384909998329, 43.84824100016755], [-92.43843999977928, 43.848409999886925], [-92.43840999964205, 43.84872000022425], [-92.4384199996878, 43.84945999980312], [-92.43841600038814, 43.84968700009686], [-92.4383999995963, 43.850950000244225], [-92.43840999964205, 43.852759999878465], [-92.43840499961918, 43.85405399996198], [-92.4383999995963, 43.85550999972995], [-92.44029500017972, 43.85552600018482], [-92.44073000037291, 43.855530000135914], [-92.44390999964776, 43.85557000027994], [-92.44599000017912, 43.85557000027994], [-92.44787700036662, 43.85557000027994], [-92.44997500044134, 43.85557000027994], [-92.45169000020138, 43.85557000027994], [-92.45565000034924, 43.85557999982594], [-92.45627100031525, 43.85557700002709], [-92.45837000021486, 43.85557000027994], [-92.45900000040172, 43.85557000027994], [-92.45903200018877, 43.855569000130934], [-92.4610199997603, 43.85555799978616], [-92.46168299955912, 43.8555549999862], [-92.46188199975074, 43.8555529996876], [-92.46248000015053, 43.85555100003677], [-92.4626800001671, 43.85554999988739], [-92.46376399991537, 43.855544000286564], [-92.46701600005856, 43.85552600018482], [-92.46809999980687, 43.8555199999338], [-92.4681580004315, 43.8555199999338], [-92.46833199961046, 43.8555199999338], [-92.46839000023509, 43.8555199999338], [-92.46840799977845, 43.856524000071644], [-92.46841000032657, 43.85662999982606], [-92.4684200003723, 43.85698999999308], [-92.46843000041805, 43.85886000009732], [-92.4684399995655, 43.85953600010361], [-92.46844999961124, 43.86018099994756], [-92.46845499963409, 43.86054100004987], [-92.46845700018226, 43.86066400022348], [-92.46845899983208, 43.86074899973711], [-92.46845899983208, 43.86077500005183], [-92.46845999965697, 43.86085000009888], [-92.46845999965697, 43.86089400015169], [-92.46845999965697, 43.86103600004171], [-92.46845999965697, 43.86115999989713], [-92.46845999965697, 43.861417999992035], [-92.46845999965697, 43.86219200005478], [-92.46845999965697, 43.8624500002176], [-92.46845999965697, 43.86251899990622], [-92.46845999965697, 43.86272899987517], [-92.46845999965697, 43.86276100014473], [-92.46845999965697, 43.86279899991634], [-92.46845999965697, 43.864244999849916], [-92.46845999965697, 43.86517999967866], [-92.46847999974845, 43.867569999723294], [-92.4684699997027, 43.86858299968614], [-92.46845999965697, 43.86961999978621], [-92.46845999965697, 43.870029999756945], [-92.46846700022799, 43.871367000222854], [-92.4684699997027, 43.871930000267135], [-92.4684699997027, 43.87391000009628], [-92.46845999965697, 43.875382000301855], [-92.46845200015936, 43.87661399999371], [-92.46845100033444, 43.87672000029083], [-92.46844999961124, 43.87678799985685], [-92.46844999961124, 43.87685599999274], [-92.46844999961124, 43.87735999983808], [-92.46844999961124, 43.878282000278276], [-92.46844999961124, 43.88000999975359], [-92.46843000041805, 43.88155999981767], [-92.46843000041805, 43.88290000031489], [-92.46843000041805, 43.882969000286984], [-92.46843000041805, 43.883140000014215], [-92.46841000032657, 43.88445000029649], [-92.46838000018934, 43.88448999981236], [-92.46835000005211, 43.88449999968714], [-92.46839000023509, 43.88460000028481], [-92.46841000032657, 43.88470000006716], [-92.46839000023509, 43.88541000004], [-92.46839000023509, 43.88547499981073], [-92.46840000028084, 43.88632000008768], [-92.46839000023509, 43.88784999986568], [-92.46839699990778, 43.888429999842025], [-92.46840000028084, 43.88863999980262], [-92.46837000014361, 43.889370000132665], [-92.46832499993775, 43.88936700009198], [-92.4683070003944, 43.889933999919165], [-92.46825499961756, 43.89163500003074], [-92.46823799989913, 43.8922029998118], [-92.46825499961756, 43.892537000025875], [-92.46830499984628, 43.89353599995604], [-92.46830900004424, 43.89355000024358], [-92.46832599976267, 43.89387499993631], [-92.47096299978763, 43.89183499976007], [-92.47144999985935, 43.89145999995944], [-92.4719600003956, 43.89108000003154], [-92.47239999971333, 43.89076999982795], [-92.47316999964228, 43.89030000028411], [-92.47389000024081, 43.88992000007638], [-92.47439999987874, 43.88967000020188], [-92.47505000015708, 43.88939000018432], [-92.47546000023591, 43.88923999995711], [-92.47558999993225, 43.88919000001323], [-92.47628000039357, 43.888950000086815], [-92.47793700042729, 43.88843700026265], [-92.478669999648, 43.888209999890734], [-92.48001600023542, 43.88778000011167], [-92.48033000005479, 43.88768000032038], [-92.48175500028492, 43.88723800000897], [-92.48319999970825, 43.88678999996138], [-92.48414999956223, 43.88649400009306], [-92.48526000014812, 43.88615000006037], [-92.48699900019761, 43.88559700003557], [-92.48755999988919, 43.88541999976029], [-92.48794999987652, 43.88529999976834], [-92.48800000010523, 43.88528400018275], [-92.48814999989305, 43.88523600010542], [-92.48820000012178, 43.8852199998552], [-92.48827799993957, 43.88519500014357], [-92.48856800036779, 43.88510299971597], [-92.4891879996106, 43.884910000229176], [-92.49052300032736, 43.88449199978744], [-92.491039999638, 43.88433000029289], [-92.49215600007166, 43.88398400007303], [-92.49268999999904, 43.88381999984688], [-92.4929550003129, 43.883745000212826], [-92.49315000030657, 43.8836899998601], [-92.49463999993574, 43.88322000013082], [-92.49730000042523, 43.88237000011659], [-92.49823000018773, 43.88207999982032], [-92.50000000019938, 43.88153000000279], [-92.50167999979934, 43.88098000028766], [-92.50204999969519, 43.88085999976928], [-92.50267999988205, 43.880600000190995], [-92.50333600000816, 43.8802890000993], [-92.50343999976523, 43.88024000014706], [-92.50407999999783, 43.87990999986863], [-92.5047600004134, 43.879499999880466], [-92.50534000037153, 43.87913000018563], [-92.50587000010097, 43.87873999975253], [-92.50640999987613, 43.87829999998475], [-92.50859099979151, 43.87627699979996], [-92.51037000002398, 43.87463000003087], [-92.51146700019106, 43.87360799996788], [-92.5153700004375, 43.869978999972616], [-92.5157429998081, 43.86963100012711], [-92.51686199971648, 43.86858999984845], [-92.5172359998103, 43.86824300024866], [-92.51826799968003, 43.86728199983472], [-92.52136400018763, 43.86440200019314], [-92.5223969998823, 43.86344200004861], [-92.52254300037048, 43.86330500015664], [-92.52298299968822, 43.86289599993927], [-92.52313000000132, 43.86276000011633], [-92.52327200029154, 43.86262500001382], [-92.5236990000888, 43.862223999964925], [-92.52384200020393, 43.86208999998372], [-92.5261700004324, 43.859899999872134], [-92.52633399956561, 43.859740999821305], [-92.52726000002848, 43.858849999805926], [-92.53034599959202, 43.85577100009557], [-92.53362200002465, 43.852500000138654], [-92.53604700033748, 43.8500820000951], [-92.53639299994391, 43.849735999904176], [-92.53657000039422, 43.84956000025017], [-92.53743200038465, 43.848700999742064], [-92.53777899981598, 43.84835699985397], [-92.5385400004224, 43.84759999992728], [-92.53861300021732, 43.84752599969451], [-92.54027000025108, 43.84587000020328], [-92.54110799995208, 43.84502299970437], [-92.54126000028805, 43.84487000018138], [-92.54182199980453, 43.84431200023458], [-92.54188200007896, 43.844252000020035], [-92.54194300017834, 43.844191999745185], [-92.54198800038418, 43.84414799967805], [-92.5420319998668, 43.844104000226366], [-92.54204000026272, 43.844094999745515], [-92.54233300016567, 43.84380400009591], [-92.54243100007497, 43.8437079998133], [-92.54252399996139, 43.843614999776825], [-92.54259000008364, 43.84354999970012], [-92.54279799959778, 43.84333400003296], [-92.54288999965928, 43.843239999705645], [-92.54315599979806, 43.84298100029126], [-92.5432200002705, 43.84292000032063], [-92.54394599981849, 43.84219300026662], [-92.54420899958421, 43.84193099970905], [-92.54433599980582, 43.84180299981458], [-92.54445999965438, 43.84168000025963], [-92.54472099977028, 43.841425000153194], [-92.54484999964173, 43.84129999969019], [-92.54496699981759, 43.84117899987894], [-92.54526999976629, 43.8408700002702], [-92.54532099981991, 43.84081799976562], [-92.54544100036883, 43.840698999773636], [-92.54570300030964, 43.840436000027516], [-92.5462000004271, 43.839939999679466], [-92.54649400015498, 43.83965000026465], [-92.54676000029374, 43.83938999974731], [-92.54737100021403, 43.838782000255556], [-92.54830000015163, 43.83785999984512], [-92.54926699972405, 43.8370259998124], [-92.54959999981, 43.83673999975712], [-92.54993600026899, 43.83648199980899], [-92.55019999985961, 43.836279999960105], [-92.55249200010307, 43.83457100000115], [-92.55293200031913, 43.83409900005624]]]}}, {"type": "Feature", "properties": {"tract_id": "27109001703", "name": "Tract Census Tract 17.03", "pct_white_2020": 79.1, "pct_black_2020": 4.6, "pct_hispanic_2020": 3.1, "pct_asian_2020": 5.3, "population_2020": 5184, "is_sample_data": false, "pct_white_1970": 98, "pct_black_1970": 1, "pct_hispanic_1970": 1, "pct_asian_1970": 1.1, "pct_white_1990": 91.5, "pct_black_1990": 4.5, "pct_hispanic_1990": 3.4, "pct_asian_1990": 5.8}, "geometry": {"type": "Polygon", "coordinates": [[[-92.51502700030582, 44.10817899982347], [-92.51500999968907, 44.108129999980356], [-92.51478000043363, 44.107500000037945], [-92.5147159999612, 44.10731199969419], [-92.51461999970174, 44.10703000031492], [-92.51425999985163, 44.105889999995426], [-92.51390099982643, 44.10483700030147], [-92.51362100034225, 44.10401500022699], [-92.51354400034937, 44.1037910001303], [-92.51347999987694, 44.10360000005133], [-92.51345399993768, 44.10352699998644], [-92.51330900017271, 44.103122000127804], [-92.51322999963169, 44.10290000024168], [-92.51301999956941, 44.10215999976121], [-92.51286800013175, 44.10160700018577], [-92.5127790004433, 44.10128499996907], [-92.51274199973506, 44.101150999826935], [-92.51272800038967, 44.101099000286915], [-92.51268999985653, 44.10096000024993], [-92.5126460003739, 44.10077799978166], [-92.5124699997485, 44.100050000047204], [-92.51231199956474, 44.098962000125184], [-92.51185100033061, 44.09576099981637], [-92.51161000030619, 44.0940900000846], [-92.5115900002147, 44.09395999981771], [-92.51157900034406, 44.09388200003656], [-92.51154599983377, 44.09364900009416], [-92.51153499996312, 44.09357199992245], [-92.5115199998945, 44.093468999745504], [-92.5114760004119, 44.09316000007379], [-92.51146200016818, 44.09305799985275], [-92.51139299967289, 44.0925759997176], [-92.51118799963348, 44.09113000025929], [-92.5111199998614, 44.090647999895644], [-92.51111200036382, 44.09059500008182], [-92.51108899989927, 44.090435999710024], [-92.51108200022658, 44.090383999779746], [-92.51105100026444, 44.09016999978395], [-92.51096000002786, 44.08952800031243], [-92.51092999989062, 44.08931399980032], [-92.51090200030153, 44.089120999865386], [-92.51082100011068, 44.08854499982204], [-92.51079400034651, 44.088353000066604], [-92.51064200001053, 44.08728499973035], [-92.51046000043566, 44.08600000008408], [-92.51035999997822, 44.08498999975545], [-92.51017000000743, 44.084100000007794], [-92.51016699963436, 44.08408899996485], [-92.51004000031108, 44.08361000021721], [-92.50984699996724, 44.08306100023992], [-92.50983299972354, 44.083022000273424], [-92.50979300043888, 44.08290800017421], [-92.50978000002009, 44.082870000307395], [-92.50956999995782, 44.08231000018747], [-92.50950700020861, 44.08219000002521], [-92.50935999989552, 44.0819099999907], [-92.50845699989719, 44.0802560002657], [-92.50816999984201, 44.07973000017063], [-92.50699999988001, 44.07974000012524], [-92.50694800000146, 44.07974000012524], [-92.50563999994718, 44.079750000078164], [-92.50328999997741, 44.079769999978986], [-92.50120000029862, 44.079779999926835], [-92.49883000023736, 44.07979999981752], [-92.4987209995591, 44.07979999981752], [-92.49728000033375, 44.07979999981752], [-92.49569000024717, 44.07978999987305], [-92.4948700000895, 44.079779999926835], [-92.49348500004236, 44.079773000092594], [-92.49300999966619, 44.079769999978986], [-92.49062999955918, 44.079769999978986], [-92.4892799996721, 44.079760000029445], [-92.4887099997597, 44.079760000029445], [-92.48788999960206, 44.079750000078164], [-92.48590000038071, 44.07971000025629], [-92.4852099999194, 44.07969900004241], [-92.485189000003, 44.07969900004241], [-92.48451000031065, 44.07967999972679], [-92.48311000019488, 44.07966999976203], [-92.48285300027692, 44.07966999976203], [-92.48253600008451, 44.0796720002714], [-92.48077000027084, 44.07967999972679], [-92.47867999969374, 44.079659999795595], [-92.47810999978135, 44.079659999795595], [-92.47566299972719, 44.079644000232946], [-92.47557800023668, 44.079644000232946], [-92.47557400003873, 44.079568999765016], [-92.47544699981712, 44.07956699989751], [-92.47485000014055, 44.079560000038065], [-92.47475700025413, 44.079556000302375], [-92.4744810000696, 44.079543999803036], [-92.47438900000809, 44.07954000006626], [-92.47436300006883, 44.07953899980935], [-92.47428699990084, 44.07953599968393], [-92.47426199978649, 44.07953500007224], [-92.47368100000344, 44.07954000006626], [-92.47353799988832, 44.079536999940835], [-92.47300099958788, 44.07952800020902], [-92.47141200022452, 44.079501999972194], [-92.47142200027025, 44.0795130002227], [-92.47147300032388, 44.079568999765016], [-92.47161499971578, 44.0798099997603], [-92.47162599958644, 44.07982799978215], [-92.47165400007385, 44.079874999992626], [-92.4716719996172, 44.08024200006364], [-92.47160600039328, 44.08064099968386], [-92.471721000021, 44.08085499995332], [-92.47191099999179, 44.08106799986295], [-92.47193000025837, 44.08114800022476], [-92.47197299991609, 44.0813279999979], [-92.47203599966527, 44.08145100000116], [-92.47206499997759, 44.08160399996316], [-92.47212799972678, 44.08168199980416], [-92.4721429997954, 44.081807999727154], [-92.4721429997954, 44.081885999944504], [-92.47199700020552, 44.082121000192764], [-92.47178600031833, 44.082418000189875], [-92.47157600025604, 44.08265200005657], [-92.47133400040671, 44.082790999894925], [-92.47091500010706, 44.082992000132776], [-92.4706089997853, 44.08317799998527], [-92.47052699976955, 44.083460000207396], [-92.4703469998445, 44.083961000018625], [-92.47018299981295, 44.08436900001085], [-92.47000600026094, 44.08457199974783], [-92.46958399958824, 44.084934000181995], [-92.46835900027295, 44.08598999989701], [-92.46779500020833, 44.08633100028846], [-92.46707100031014, 44.086479999976746], [-92.46650800007045, 44.086552000302234], [-92.4659769996178, 44.08665599975733], [-92.46575099966199, 44.08684199970418], [-92.46566899964623, 44.08699899979732], [-92.46568299988994, 44.087313000024], [-92.46566500034659, 44.08757899989414], [-92.46548600024646, 44.08792299985902], [-92.46521099988684, 44.08818900021215], [-92.46511399980245, 44.08825099994303], [-92.4649699998624, 44.08831200014563], [-92.46450299988217, 44.0883850002842], [-92.46381099977104, 44.08839100028273], [-92.46323199963781, 44.088335000057576], [-92.462716999977, 44.08823099968311], [-92.4624690002799, 44.08803099993803], [-92.4623570001269, 44.0877920001139], [-92.4620759999195, 44.08752499978924], [-92.46174700003154, 44.08731199989852], [-92.46136100024215, 44.0871429997424], [-92.46097399972955, 44.08694400032173], [-92.46071599998669, 44.08673000013925], [-92.46000700015712, 44.08630099989012], [-92.45966900004832, 44.08611900011544], [-92.45920500044113, 44.0861550001862], [-92.45881700010361, 44.08624900019601], [-92.4585910001478, 44.08633000014641], [-92.4584279999412, 44.08639000025323], [-92.4580200004105, 44.0865380002996], [-92.45764999961632, 44.08667900031321], [-92.45727200022289, 44.08660899977185], [-92.45699000019057, 44.08640999984516], [-92.45677099990743, 44.08624900019601], [-92.45636199965352, 44.08588899971973], [-92.45622299973635, 44.085575000322315], [-92.45616800038309, 44.08532999994519], [-92.45618000007866, 44.08509800002751], [-92.45614499991856, 44.08481199984468], [-92.45618099990358, 44.084597999692406], [-92.45609899988781, 44.08440199997737], [-92.45587299993198, 44.0841239998011], [-92.45579299956604, 44.08398000025], [-92.45576199960391, 44.08391600019359], [-92.45566600024276, 44.08378799987305], [-92.4555070002341, 44.08364499969157], [-92.45537900018759, 44.083468999986394], [-92.45519300041472, 44.08339699978012], [-92.45491999970496, 44.08331399994441], [-92.45460800043372, 44.08325100000695], [-92.45439300034857, 44.08306599993596], [-92.4542469998604, 44.0828460000054], [-92.45391399977447, 44.082688999859755], [-92.45379999997164, 44.08246200030164], [-92.45352899981, 44.082270000160406], [-92.45332700014363, 44.082163000100344], [-92.45325799964836, 44.08212700018136], [-92.4530500001342, 44.08207900025532], [-92.45279400004117, 44.082124000187115], [-92.4525570002147, 44.0821910002373], [-92.45228400040322, 44.082222999916624], [-92.4519809995562, 44.082384000198424], [-92.45166199971398, 44.082559999905016], [-92.4515579999569, 44.082860999791976], [-92.45157600039856, 44.0830589998452], [-92.45155499958385, 44.08322200017709], [-92.45149699985754, 44.08334500011434], [-92.45132600015332, 44.08348000014464], [-92.45120099958153, 44.0835690002351], [-92.45118600041123, 44.0836969997389], [-92.45112299976373, 44.08400100019293], [-92.45113899965725, 44.08411399994219], [-92.45121999984809, 44.084322000144056], [-92.45131600010757, 44.08454599979178], [-92.45134899971954, 44.08464200011864], [-92.45152500034494, 44.08475399976532], [-92.45168600000342, 44.08483400030489], [-92.45187799962405, 44.08491500025708], [-92.45207099996789, 44.08502700003217], [-92.4521990000144, 44.0852190002594], [-92.45226400031173, 44.08541099986345], [-92.45241199955143, 44.08566600014862], [-92.45243800038901, 44.085891000018755], [-92.4520640002952, 44.08645499970881], [-92.4518679995783, 44.08659599992027], [-92.45191600015718, 44.0866600003035], [-92.45209199988427, 44.0867409996911], [-92.45222099975572, 44.086836999682006], [-92.45239700038113, 44.08701299969084], [-92.45254200014608, 44.087188999821265], [-92.45276700027699, 44.08736500007328], [-92.45318700040156, 44.088630999725446], [-92.45330000037946, 44.08883900017535], [-92.4534440003195, 44.08906300013963], [-92.45359300028241, 44.08927899980874], [-92.4536209998715, 44.08931900025829], [-92.45383000010888, 44.08955999989432], [-92.45402299955441, 44.089815999797544], [-92.45424799968531, 44.090023999951505], [-92.45453499974049, 44.09018799987973], [-92.4547890001837, 44.09041400004289], [-92.45489100029094, 44.090598000291656], [-92.45506799984295, 44.0908440002069], [-92.45518900021678, 44.09111099974374], [-92.45512899994233, 44.09139699979542], [-92.45499400022311, 44.09171600015706], [-92.45478300033592, 44.0918499997452], [-92.45477400011508, 44.09186900002334], [-92.45484299971206, 44.0921530001934], [-92.4550009998958, 44.09243700029006], [-92.45528499957794, 44.09270899990371], [-92.45580099996197, 44.09292999995901], [-92.45651200033969, 44.09333299990727], [-92.456866000342, 44.09377300030239], [-92.4571829996361, 44.09430300008282], [-92.45726899984983, 44.09470199970499], [-92.45749800017869, 44.095039000213745], [-92.45797500020464, 44.09569800023245], [-92.45799000027326, 44.09594300024439], [-92.45798799972513, 44.09621299991131], [-92.45791400010529, 44.09643199983237], [-92.45784700015814, 44.0965530001037], [-92.45778699988368, 44.096662999842295], [-92.45757099997361, 44.09681699977762], [-92.45731999990345, 44.09685499971676], [-92.45706999965819, 44.09685299978847], [-92.45692700044137, 44.09687800017733], [-92.45688999973314, 44.0969559998776], [-92.45683500037987, 44.09712299981624], [-92.45713999997838, 44.09833099994871], [-92.45719600005489, 44.098442000187724], [-92.4572050002757, 44.098476999917665], [-92.45720399955249, 44.098504000137545], [-92.45719500022997, 44.09853999976638], [-92.45716799956747, 44.09860999973462], [-92.45705700013772, 44.09885799972939], [-92.4569500000076, 44.099046999791724], [-92.45675500001393, 44.09915999982713], [-92.45643899964644, 44.099209000009424], [-92.45600000015361, 44.09921999982096], [-92.45559599992255, 44.09928100032209], [-92.45515700042974, 44.09931700012297], [-92.45431499963246, 44.099210999857995], [-92.45391200012465, 44.09907000004482], [-92.45354600042674, 44.09882799987896], [-92.45284799956951, 44.09834399980151], [-92.45218499977071, 44.097911000139995], [-92.45153799986541, 44.09770499988371], [-92.45069599996647, 44.09757499982237], [-92.45001300007615, 44.09741999997117], [-92.44950500008804, 44.09729099988514], [-92.44922600042878, 44.097086999969775], [-92.44883999974108, 44.09705999974799], [-92.4486990001741, 44.09712199985664], [-92.44864499974742, 44.097273999972835], [-92.44859100021907, 44.09746399989113], [-92.44850199963228, 44.097576999726186], [-92.44825499976008, 44.0976769999939], [-92.4480599997664, 44.0978659999605], [-92.44798799979638, 44.098106000307006], [-92.4480020000401, 44.0984979998747], [-92.44807900003299, 44.099599000170436], [-92.44826900000379, 44.09999200007272], [-92.44849499995959, 44.100207999822494], [-92.44853299959443, 44.10037600015753], [-92.44857899962518, 44.1005750001863], [-92.44887900009915, 44.10229699981311], [-92.4490520003515, 44.10275599995699], [-92.44932500016299, 44.10347599980814], [-92.44940399980571, 44.10380599976589], [-92.4494940002174, 44.10418499974534], [-92.44945599968425, 44.104500999994784], [-92.44924200032231, 44.104842000091956], [-92.44904700032865, 44.10504300022085], [-92.44895799974186, 44.10522000005732], [-92.44886800022849, 44.10542200001031], [-92.44884800013702, 44.10567500017841], [-92.44886200038071, 44.10602900005192], [-92.44882499967248, 44.10626900015971], [-92.44871800044068, 44.106538999761284], [-92.44860899976241, 44.106812000096966], [-92.44828900009527, 44.1072659997866], [-92.44805899994151, 44.107467999843266], [-92.4477769999092, 44.10760499984967], [-92.44758199991553, 44.10771800029865], [-92.44737000020342, 44.107920000100655], [-92.44734199971602, 44.1079720000912], [-92.44742999957955, 44.107969999893974], [-92.44960100034751, 44.10797500006444], [-92.4516700001099, 44.10798000023454], [-92.45342000003005, 44.10798000023454], [-92.45385000020036, 44.10798999992844], [-92.45562000021201, 44.10800000026563], [-92.4563800000952, 44.10800000026563], [-92.45863999965329, 44.10800000026563], [-92.45954000017689, 44.10800000026563], [-92.46046800028957, 44.10800100004127], [-92.46292399966626, 44.108006999984696], [-92.46467000028674, 44.10800999995616], [-92.46595200040176, 44.108021999840524], [-92.46665000036069, 44.1080299999771], [-92.46728999969497, 44.10804000030757], [-92.46778000013973, 44.10804999999132], [-92.4696580001064, 44.10802400003605], [-92.46986999981851, 44.108021999840524], [-92.47304699961863, 44.107978999813575], [-92.47439499985587, 44.10800900018067], [-92.47529200000643, 44.10802799978182], [-92.47716999997311, 44.10806999999873], [-92.47743399956374, 44.10806999999873], [-92.47787999962756, 44.10806999999873], [-92.47822500030739, 44.10806999999873], [-92.47848999972292, 44.10806999999873], [-92.4794859996077, 44.108072000192585], [-92.48191000009561, 44.10808000032238], [-92.48247400016024, 44.10808000032238], [-92.48327000002844, 44.10808000032238], [-92.48347000004499, 44.10808999999937], [-92.48448600002122, 44.108093999740674], [-92.4875339999499, 44.10810900021946], [-92.48772999976849, 44.108109999993246], [-92.48854999992615, 44.108100000319645], [-92.48924000038745, 44.10808999999937], [-92.49107099960014, 44.10809500015974], [-92.49196500027595, 44.10809800012674], [-92.4948199998608, 44.108109999993246], [-92.49604000005154, 44.108109999993246], [-92.49651999955225, 44.108109999993246], [-92.49736999984712, 44.108109999993246], [-92.49829999960963, 44.10812000031019], [-92.49863799971841, 44.10812300027591], [-92.50000000019938, 44.10814000029391], [-92.50116000011565, 44.108129999980356], [-92.50270900019436, 44.108129999980356], [-92.50280000043095, 44.108129999980356], [-92.50364999982753, 44.10814000029391], [-92.50366800026919, 44.10814000029391], [-92.50576999964352, 44.10814999996074], [-92.50735600043046, 44.10813299994562], [-92.50866199993662, 44.108166999970976], [-92.50872800005884, 44.108166999970976], [-92.5094710002236, 44.108169000161546], [-92.5129350000789, 44.10817400031524], [-92.51366999984775, 44.10817899982347], [-92.51502700030582, 44.10817899982347]]]}}, {"type": "Feature", "properties": {"tract_id": "27109001202", "name": "Tract Census Tract 12.02", "pct_white_2020": 80.1, "pct_black_2020": 0.2, "pct_hispanic_2020": 3.9, "pct_asian_2020": 7.7, "population_2020": 4171, "is_sample_data": false, "pct_white_1970": 92.8, "pct_black_1970": 4.8, "pct_hispanic_1970": 1, "pct_asian_1970": 0.8, "pct_white_1990": 86.0, "pct_black_1990": 2.2, "pct_hispanic_1990": 5.1, "pct_asian_1990": 2.2}, "geometry": {"type": "Polygon", "coordinates": [[[-92.49863000022081, 43.99278999997856], [-92.49861299960406, 43.99278999997856], [-92.49856499992349, 43.99279399975863], [-92.49854900002997, 43.99279500018835], [-92.49801000007972, 43.992829999706274], [-92.49799699966091, 43.99283100013539], [-92.49679999993472, 43.99295999976626], [-92.4963480000231, 43.99301400017479], [-92.49579999985203, 43.99307999981748], [-92.49489000018099, 43.99318999992048], [-92.49395000037275, 43.99327999979439], [-92.49334000027739, 43.993370000178075], [-92.49263999977033, 43.99341999982959], [-92.49202999967497, 43.993450000117285], [-92.49155000017426, 43.993459999779], [-92.49082000042829, 43.99343999980766], [-92.49043000044095, 43.99341999982959], [-92.48956000005458, 43.993359999854974], [-92.48887999963901, 43.99331999983816], [-92.48857000001762, 43.99331000015286], [-92.48828999963514, 43.99331999983816], [-92.4880489996107, 43.99335199972449], [-92.4877599999057, 43.993390000173], [-92.48748999956898, 43.99343000014258], [-92.48715999985609, 43.993520000298794], [-92.48687000032616, 43.993610000318505], [-92.48663000012668, 43.99323999972365], [-92.48656999985221, 43.99307000009175], [-92.48654999976073, 43.99292999987715], [-92.48656999985221, 43.99278000020396], [-92.48661000003517, 43.99263999995153], [-92.48661500005807, 43.99261999970385], [-92.48663199977649, 43.992561000000265], [-92.48663900034751, 43.99254200015994], [-92.48667799980724, 43.992411000040704], [-92.48672999968578, 43.99224000018018], [-92.48680099983089, 43.992020999922616], [-92.48684400038692, 43.9918920001895], [-92.48685500025758, 43.99185700011836], [-92.48688799986952, 43.99175400002932], [-92.4868999995651, 43.99171999967834], [-92.48696499986242, 43.99148499997016], [-92.48700000002252, 43.99136000024131], [-92.48720000003907, 43.990909999813184], [-92.48724500024491, 43.99081099993321], [-92.48734800017708, 43.99058999993186], [-92.48744000023858, 43.990389999937776], [-92.48763400040733, 43.99001900011918], [-92.48787000040889, 43.989569999702084], [-92.48804000028821, 43.98926999979619], [-92.48824000030473, 43.988809999882264], [-92.48843000027554, 43.988310000119306], [-92.48843399957518, 43.9882809996781], [-92.48848999965168, 43.9879300001454], [-92.4885199997889, 43.987659999689086], [-92.4885199997889, 43.987648999826405], [-92.48853999988039, 43.98704000019313], [-92.48853700040566, 43.98696699983363], [-92.4885199997889, 43.986360000096624], [-92.48847600030629, 43.98569300000011], [-92.4884699995602, 43.98559999989518], [-92.48844500034416, 43.98492499968801], [-92.48844000032129, 43.98478000005921], [-92.4884200002298, 43.9844899997391], [-92.48839000009256, 43.98430999969712], [-92.48837000000107, 43.98425000020819], [-92.48835599975739, 43.984196000228486], [-92.48833999986385, 43.984129999755716], [-92.48830899990172, 43.98403499992565], [-92.48829300000818, 43.98398300026048], [-92.48827000044197, 43.98391000001975], [-92.4881599999388, 43.983599999918795], [-92.48809999966434, 43.983380000157865], [-92.48805000033394, 43.9831699996843], [-92.48803000024246, 43.98298000003158], [-92.48804000028821, 43.98288900010162], [-92.48807000042541, 43.982639999679726], [-92.48811999975584, 43.98251000028534], [-92.48820000012178, 43.9822600002521], [-92.48829499965801, 43.98191599978856], [-92.48835999995534, 43.98168000007657], [-92.48837000000107, 43.981549999872826], [-92.48837000000107, 43.98136000020667], [-92.48834999990959, 43.98099000016638], [-92.48816999998454, 43.98002999973907], [-92.4881599999388, 43.97989999980089], [-92.48822000021326, 43.979590000092514], [-92.48822799971086, 43.979562999928696], [-92.48834999990959, 43.9791700000326], [-92.4884699995602, 43.978920000156265], [-92.48852999983464, 43.97866999987372], [-92.48855999997188, 43.978519999716106], [-92.4885619996217, 43.97848700021234], [-92.48856900019271, 43.978332000103904], [-92.48857000001762, 43.97820999991329], [-92.48852999983464, 43.977939999850676], [-92.4885180001391, 43.97787200011064], [-92.48850999974317, 43.977820000218856], [-92.48848700017695, 43.97772099983902], [-92.4884620000626, 43.97761400027461], [-92.48841000018405, 43.97739000013922], [-92.48840099996323, 43.97729099968891], [-92.48840000013831, 43.97727999984416], [-92.48838500006968, 43.97718299994969], [-92.48835999995534, 43.977019999923414], [-92.48833999986385, 43.9767899998153], [-92.48833300019116, 43.97616200005903], [-92.48832999981812, 43.97589000024445], [-92.48832999981812, 43.97523000007821], [-92.48832800016828, 43.97504499999358], [-92.48832700034338, 43.975011999851525], [-92.4883220003205, 43.97461599994871], [-92.48831300009968, 43.973726000152496], [-92.48830999972662, 43.973430000130804], [-92.48830999972662, 43.97332400005695], [-92.48830999972662, 43.97305499987405], [-92.48830999972662, 43.97300800022652], [-92.48830999972662, 43.97296200001281], [-92.48830999972662, 43.972915999763494], [-92.48830999972662, 43.97278599976563], [-92.48830999972662, 43.97259099988181], [-92.48830999972662, 43.97221000001165], [-92.48831599957441, 43.97165799996173], [-92.48831999977237, 43.971347999892885], [-92.4883220003205, 43.971166999942845], [-92.48832499979524, 43.97083599991482], [-92.48832999981812, 43.97041999999601], [-92.48834999990959, 43.9694900001174], [-92.48834400006182, 43.96930100018448], [-92.48832999981812, 43.96879000020409], [-92.48831999977237, 43.96859999979241], [-92.48831899994747, 43.96858599970402], [-92.4883080000768, 43.96797699977641], [-92.48830499970374, 43.967773999921604], [-92.4883010004041, 43.967563000292635], [-92.48829999968088, 43.96753299985247], [-92.48829999968088, 43.967510000215995], [-92.4883070002519, 43.966810000243804], [-92.48830999972662, 43.9665699997214], [-92.48831300009968, 43.96633600025039], [-92.48832999981812, 43.96538999975151], [-92.48831999977237, 43.96500999984542], [-92.4883149997495, 43.96488300011418], [-92.48829999968088, 43.96438999981671], [-92.48831999977237, 43.963939999914665], [-92.48668899967791, 43.96394199980686], [-92.48607799975763, 43.96394699986025], [-92.48593999966536, 43.96395000002136], [-92.48476999970333, 43.96396000012642], [-92.48238999959635, 43.96397000022975], [-92.48031800035922, 43.96396099974884], [-92.47996000015893, 43.96396000012642], [-92.4792689998727, 43.96393199969878], [-92.47922000036723, 43.9639299998063], [-92.47915000004703, 43.9639299998063], [-92.47894599983252, 43.96392799991374], [-92.47844700006524, 43.963926000021125], [-92.47812599967487, 43.963924000128394], [-92.4778529998634, 43.96392299985875], [-92.47742000021836, 43.96391999969623], [-92.4768040002752, 43.963912999747514], [-92.47580800039046, 43.963902000011146], [-92.47574599956786, 43.963896999953974], [-92.47568399964359, 43.963900000117654], [-92.47474999968311, 43.9638900000025], [-92.47365800043723, 43.96388400032061], [-92.47260999977561, 43.963879999885705], [-92.47240999975908, 43.963939999914665], [-92.47219899987189, 43.963939999914665], [-92.47093900039651, 43.963939999914665], [-92.47052000009684, 43.963939999914665], [-92.47027599969935, 43.963939999914665], [-92.46954400030357, 43.963939999914665], [-92.46929999990611, 43.963939999914665], [-92.46919000030125, 43.963939999914665], [-92.46908200034623, 43.963939999914665], [-92.46843100024297, 43.963939999914665], [-92.46821399960967, 43.963939999914665], [-92.46812599974614, 43.963939999914665], [-92.46786399980532, 43.963939999914665], [-92.46777699976668, 43.963939999914665], [-92.46773300028407, 43.963939999914665], [-92.46760299968939, 43.963939999914665], [-92.4675600000317, 43.963939999914665], [-92.46745999957427, 43.963939999914665], [-92.46737000006091, 43.96395000002136], [-92.46699400031726, 43.96395000002136], [-92.46683000028574, 43.96395000002136], [-92.46576999992857, 43.96396000012642], [-92.46535999984975, 43.96395000002136], [-92.46529499955243, 43.96394699986025], [-92.46520599986395, 43.96394300007618], [-92.4647299996629, 43.96391999969623], [-92.46450999955486, 43.96391000023108], [-92.46386600002263, 43.96391000023108], [-92.46365000011257, 43.96391000023108], [-92.4635899998381, 43.9641900001374], [-92.46354600035548, 43.9644989998046], [-92.46343000000452, 43.96532000001951], [-92.46337999977581, 43.96605999975584], [-92.46340400006527, 43.9662850001853], [-92.46340999991305, 43.96633999987329], [-92.46344599989807, 43.96683799996142], [-92.4634550001189, 43.96688199995286], [-92.46345000009602, 43.96690000002808], [-92.46344900027111, 43.96693099971389], [-92.4634350000274, 43.96771099991474], [-92.46343000000452, 43.96799999987866], [-92.46340999991305, 43.96965000025082], [-92.46337999977581, 43.970201000050764], [-92.46335999968434, 43.97058999984559], [-92.46332000039968, 43.97103000023902], [-92.46325400027743, 43.971715000123645], [-92.46325000007947, 43.971759999872546], [-92.46309799974351, 43.97377299987823], [-92.46305000006295, 43.974409999879114], [-92.46305000006295, 43.9744599999868], [-92.46303900019228, 43.97457400004901], [-92.46303300034451, 43.97464199968705], [-92.46300599968201, 43.97491700030006], [-92.46299599963626, 43.97503200021408], [-92.46298200029088, 43.975177999812125], [-92.46296999969701, 43.97529999976772], [-92.46293999955977, 43.975539999923875], [-92.46293600026013, 43.97560199995739], [-92.4628919998792, 43.97651600017631], [-92.46289000022936, 43.97656000010919], [-92.46287000013788, 43.97682000010478], [-92.46295499962838, 43.9768389998062], [-92.46298899996357, 43.97684700022303], [-92.46301900010079, 43.97685399994045], [-92.4633499996386, 43.9769200000983], [-92.46380900012123, 43.977022000021634], [-92.46430399969056, 43.97713200014818], [-92.46451999960061, 43.97717999981045], [-92.46462500008091, 43.977205000319486], [-92.4652719999862, 43.977355999964004], [-92.46592999976214, 43.9775099999936], [-92.46647999958306, 43.97768999996697], [-92.46712999986138, 43.977930000159986], [-92.46717099986925, 43.97795000018613], [-92.46777000009399, 43.97824000013177], [-92.46781500029984, 43.97826400016636], [-92.46795199966886, 43.97833900029266], [-92.4679979996996, 43.978364000313746], [-92.46834000000638, 43.978549999777904], [-92.46889999987302, 43.97889000028136], [-92.46973000007642, 43.97942000014913], [-92.47006499981217, 43.979640999722065], [-92.47146999995083, 43.980570000313804], [-92.47288000011235, 43.98147000005348], [-92.47381999992061, 43.98209999983349], [-92.47471000039846, 43.98267000024537], [-92.47550000041889, 43.98323000026477], [-92.47609899974528, 43.98373299996649], [-92.47649999960326, 43.98407000008486], [-92.47739000008113, 43.9849999998028], [-92.47773999988549, 43.985440000075705], [-92.47777400022068, 43.98548800013149], [-92.47786200008424, 43.98561200004201], [-92.47812999987283, 43.98599000019345], [-92.47819900036812, 43.986118999827625], [-92.47870999983097, 43.98707999991819], [-92.47906999968107, 43.98786999979107], [-92.47914000000128, 43.9880409999624], [-92.47936000010931, 43.988569999720255], [-92.47942500040664, 43.98871799998869], [-92.47949999985138, 43.98889000015147], [-92.47975000009666, 43.98933999973749], [-92.4800000003419, 43.98969999979365], [-92.48040000037497, 43.99021999989764], [-92.4810699998465, 43.9909400000771], [-92.48171000007909, 43.99153000024756], [-92.48239999964208, 43.99209999994641], [-92.4828099997209, 43.99250000001507], [-92.4831970002335, 43.9929219996887], [-92.48324999993696, 43.992979999899376], [-92.48368000010727, 43.9934999997014], [-92.48408000014035, 43.99408000007079], [-92.48427000011115, 43.99441000002381], [-92.48440999985323, 43.994680000147994], [-92.48450000026492, 43.99488999996969], [-92.48450299973966, 43.99489900028704], [-92.48455999964105, 43.99508000027587], [-92.4846600000985, 43.995449999738554], [-92.48468400038793, 43.9955899998244], [-92.48470100010637, 43.99568900013348], [-92.48471199997702, 43.99575799987917], [-92.48472399967258, 43.995825999812276], [-92.48473500044156, 43.99589000009628], [-92.48474600031221, 43.99595500004146], [-92.48474999961186, 43.99597999975287], [-92.4847799997491, 43.99628999982284], [-92.48477899992417, 43.996310000126115], [-92.48476999970333, 43.99672999976815], [-92.48458999977828, 43.99772000031741], [-92.48457800008272, 43.99775500016178], [-92.48442999994472, 43.998220000289685], [-92.48422900010327, 43.99886499974961], [-92.48387000007806, 44.00002000019813], [-92.4836619996656, 44.000809999716374], [-92.48355999955835, 44.001200000229844], [-92.48351000022795, 44.00136000021255], [-92.48349000013647, 44.001410000239765], [-92.48348000009072, 44.001460000224895], [-92.48325999998269, 44.002120000214724], [-92.4832320003936, 44.002220999863], [-92.48291000017834, 44.00340999973057], [-92.4825710002446, 44.00453199969002], [-92.48234000026595, 44.00530000022319], [-92.48224900002934, 44.00561100027343], [-92.48220999967128, 44.005750000080305], [-92.48217000038663, 44.005920000214836], [-92.48210000006642, 44.006349999748686], [-92.48207300030225, 44.00656699971091], [-92.48203999979197, 44.00685000000529], [-92.48203999979197, 44.006889999947155], [-92.48203999979197, 44.006918000148836], [-92.48203999979197, 44.00700200002845], [-92.48203999979197, 44.00703000017727], [-92.48229000003722, 44.00703000017727], [-92.48303999987468, 44.00703000017727], [-92.4831600004236, 44.00703000017727], [-92.48329000011994, 44.007016000104514], [-92.48352000027369, 44.00698999968373], [-92.48387000007806, 44.006899999928415], [-92.48420599963873, 44.00677899984829], [-92.48442999994472, 44.00669999998318], [-92.48463699963395, 44.00656399976449], [-92.48469000023572, 44.00653000014566], [-92.48500999990286, 44.006269999755844], [-92.48520099969856, 44.00607799997905], [-92.48523000001087, 44.00605000002699], [-92.48537099957788, 44.00589800014886], [-92.48554100035551, 44.00571199979356], [-92.48570000036416, 44.005539999925674], [-92.48583199971033, 44.0054060000661], [-92.48606299968901, 44.005168999838595], [-92.48624000013933, 44.00499000005876], [-92.48628000032231, 44.00495999979014], [-92.48632999965271, 44.00491000017027], [-92.48648600018662, 44.00475000006953], [-92.4868999995651, 44.00432999969032], [-92.48723500019916, 44.00404100014853], [-92.48749700014, 44.00381799982145], [-92.48751700023146, 44.00379999995262], [-92.48757900015573, 44.00374699991228], [-92.48760000007215, 44.003730000267225], [-92.48782000018018, 44.00354199972494], [-92.48847999960593, 44.00297799969263], [-92.48869999971396, 44.00278999999801], [-92.48873999989694, 44.00275999990916], [-92.4887800000799, 44.00271999976703], [-92.48908499967844, 44.0024709998268], [-92.48979000020836, 44.00189999995696], [-92.49024499959471, 44.001519999763715], [-92.49062999955918, 44.001200000229844], [-92.49070999992512, 44.00113000006139], [-92.4909900003076, 44.00090899971669], [-92.49141000043217, 44.00058000001778], [-92.49188999993288, 44.0002299998614], [-92.49210599984295, 44.00008300017518], [-92.49219999955429, 44.00002000019813], [-92.49221999964576, 43.999999999852996], [-92.49250599987603, 43.99985100026784], [-92.49263899994541, 43.99978000013445], [-92.4926799999533, 43.99975999970837], [-92.4930520003973, 43.99959199999879], [-92.49318999959124, 43.999529999816566], [-92.49336000036887, 43.99947000020386], [-92.4941029996353, 43.99923399984621], [-92.49434000036008, 43.999159999946], [-92.4951999998024, 43.99896999977955], [-92.49601999996004, 43.99883999996125], [-92.49693399982903, 43.99873400001794], [-92.49706000022573, 43.9987199999259], [-92.49734999975561, 43.998680000291024], [-92.49789000042911, 43.99866000014032], [-92.49789000042911, 43.998549999837344], [-92.49789299990385, 43.99841500000927], [-92.49789999957655, 43.99814000031877], [-92.49793999975951, 43.99772000031741], [-92.49794399995747, 43.997684999806104], [-92.49796800024691, 43.99752100014499], [-92.49797699956943, 43.99744400028565], [-92.49798599979026, 43.99738799997265], [-92.49800800042989, 43.99722600020064], [-92.4980300001712, 43.99707000019365], [-92.4980800003999, 43.99658999978696], [-92.49808200004972, 43.99657200031008], [-92.49811399983678, 43.99635499997607], [-92.49812499970744, 43.996277000171375], [-92.4981580002177, 43.99604199976716], [-92.49816999991329, 43.99596499992727], [-92.49818400015698, 43.99586399996903], [-92.49819000000477, 43.99583000003397], [-92.49822599998977, 43.99556099970908], [-92.49824000023348, 43.99545999970947], [-92.49824000023348, 43.99543900002708], [-92.49824000023348, 43.99541999981567], [-92.49824600008127, 43.99537900015502], [-92.49825000027921, 43.99535999992438], [-92.49827600021848, 43.99513600018201], [-92.49833999979259, 43.994599999928106], [-92.49836599973186, 43.99446899982794], [-92.49841000011278, 43.994249000281876], [-92.4984600003415, 43.9939999996883], [-92.49846500036439, 43.993958999692836], [-92.49852999976339, 43.99347000008525], [-92.4985869996648, 43.9930820000209], [-92.49863000022081, 43.99278999997856]]]}}, {"type": "Feature", "properties": {"tract_id": "27109002000", "name": "Tract Census Tract 20", "pct_white_2020": 93.5, "pct_black_2020": 1.1, "pct_hispanic_2020": 2.7, "pct_asian_2020": 0.5, "population_2020": 6656, "is_sample_data": false, "pct_white_1970": 98, "pct_black_1970": 1, "pct_hispanic_1970": 6.6, "pct_asian_1970": 0.4, "pct_white_1990": 95, "pct_black_1990": 3.7, "pct_hispanic_1990": 2.7, "pct_asian_1990": 0}, "geometry": {"type": "Polygon", "coordinates": [[[-92.31901999969423, 44.09786999974845], [-92.31901999969423, 44.095969999685934], [-92.31898999955699, 44.09455000007419], [-92.31897000036383, 44.09326000006909], [-92.3189760002116, 44.09303399981314], [-92.31890900026447, 44.07519300015045], [-92.31890699971633, 44.07438399969497], [-92.31890500006651, 44.07166000015338], [-92.3189109999143, 44.07023699977507], [-92.31892799963272, 44.06585899973139], [-92.31891000008937, 44.06440000022388], [-92.31892000013511, 44.06368999980428], [-92.31890000004363, 44.06249999978801], [-92.31890599989141, 44.059915999999795], [-92.31893000018086, 44.04981999970141], [-92.31893000018086, 44.04975999996074], [-92.31893500020372, 44.04768400016854], [-92.31893799967847, 44.046466999942226], [-92.31894000022659, 44.045850000217975], [-92.31892000013511, 44.0448899998823], [-92.31892000013511, 44.042869999917684], [-92.3189109999143, 44.04198399987785], [-92.31890000004363, 44.04089999983768], [-92.31890000004363, 44.04088900015976], [-92.3189129995641, 44.037607000006055], [-92.31891799958696, 44.036512999810135], [-92.31891799958696, 44.0362999997174], [-92.31892000013511, 44.03600999998245], [-92.31890699971633, 44.035661999718606], [-92.31890000004363, 44.03545000015218], [-92.31890000004363, 44.03483000018695], [-92.31890199969345, 44.03255500011408], [-92.31890800043954, 44.026888999680594], [-92.31891000008937, 44.024910000225844], [-92.31892000013511, 44.02387299992474], [-92.31892199978492, 44.02371800013777], [-92.31893000018086, 44.0228999997832], [-92.31892000013511, 44.021979999765286], [-92.31892000013511, 44.02153000031457], [-92.31892400033308, 44.02133399975871], [-92.3189129995641, 44.02098000015144], [-92.31887499992928, 44.00650000000973], [-92.3188630002337, 44.00201800012027], [-92.31886200040879, 44.001733999757015], [-92.31884899999, 43.9972689999399], [-92.31884899999, 43.99723799993563], [-92.31884800016509, 43.99566799988588], [-92.31883399992138, 43.99206299976019], [-92.31883300009649, 43.99199599983593], [-92.31883300009649, 43.99190800019668], [-92.31883100044665, 43.98845699988697], [-92.31882399987565, 43.984939999718534], [-92.31882300005073, 43.98411799995567], [-92.31882300005073, 43.981259999933975], [-92.31882999972342, 43.977599999725236], [-92.31878399969267, 43.966895000223246], [-92.31873500018719, 43.963342000043454], [-92.31871699974552, 43.959688000015994], [-92.31873699983701, 43.95695600017171], [-92.31874100003498, 43.95642700003855], [-92.3187150000957, 43.955800999826224], [-92.31870900024792, 43.955577000193564], [-92.31869599982912, 43.95347200027861], [-92.31869699965404, 43.95245500011538], [-92.3186599998441, 43.9488200001898], [-92.31868199958542, 43.94521599981671], [-92.31867599973764, 43.94260700002555], [-92.318672000438, 43.94159900022361], [-92.31865900001921, 43.937980999794085], [-92.31865599964615, 43.937347000085246], [-92.31864899997348, 43.934330999822215], [-92.31862200020929, 43.93074400010394], [-92.31859899974474, 43.92712599975231], [-92.31857600017852, 43.923509000263564], [-92.31855199988908, 43.91989099983998], [-92.31854900041435, 43.91948100007088], [-92.31850099983546, 43.91630500004634], [-92.31846599967537, 43.91376700029056], [-92.31844999978182, 43.9127200001176], [-92.31838600020772, 43.909178999727764], [-92.31833699980392, 43.90637500028168], [-92.31832299956022, 43.90563900025943], [-92.31834299965169, 43.90447599984086], [-92.31838299983467, 43.90207200019368], [-92.31844200028422, 43.89850600008442], [-92.31843300006341, 43.894946000182], [-92.3184260003907, 43.89222700028506], [-92.31844999978182, 43.89209999977493], [-92.31843999973609, 43.89137999990351], [-92.31843999973609, 43.89126000026557], [-92.31844999978182, 43.89106999996665], [-92.31844499975897, 43.890838000190364], [-92.31842999969035, 43.890030000232485], [-92.31842999969035, 43.88872000030189], [-92.31843999973609, 43.88795000001893], [-92.31843999973609, 43.88686000023139], [-92.31844999978182, 43.88583699987606], [-92.31846999987332, 43.884169999696226], [-92.3184899999648, 43.88301999996167], [-92.3184899999648, 43.88273000023957], [-92.3184969996375, 43.87841000023129], [-92.31850000001054, 43.876970000122704], [-92.3184899999648, 43.87583000001694], [-92.31850000001054, 43.87499999982424], [-92.31850000001054, 43.87408400008434], [-92.31850699968324, 43.865426000060374], [-92.31851000005629, 43.86253999993638], [-92.31849199961462, 43.86087599972183], [-92.3184899999648, 43.86060000000684], [-92.31845999982757, 43.8590899998597], [-92.31845999982757, 43.8558870000353], [-92.31845999982757, 43.85431000001973], [-92.31845900000265, 43.854224000224114], [-92.31844899995691, 43.852979999869234], [-92.31843999973609, 43.85185999988665], [-92.3184199996446, 43.85133999984773], [-92.31839999955311, 43.85068000002144], [-92.31839000040569, 43.84986999979313], [-92.31837199996403, 43.84924900013662], [-92.31837000031422, 43.84916000004734], [-92.31837000031422, 43.84857699989054], [-92.31837000031422, 43.84837000012311], [-92.31839000040569, 43.84827000027229], [-92.31840999959887, 43.84821000015174], [-92.31834000017697, 43.84813999982684], [-92.31825999981103, 43.8480800002234], [-92.31788800026534, 43.848078000321934], [-92.31732500002566, 43.84807500014576], [-92.31452300014426, 43.848061999812316], [-92.31391999972159, 43.84805999991026], [-92.31358900018378, 43.84805499983096], [-92.31250000041263, 43.84804000023827], [-92.31137999978101, 43.84803000007584], [-92.3105610003466, 43.84803000007584], [-92.30904999990271, 43.84803000007584], [-92.30492800027147, 43.84801499982907], [-92.30340000010918, 43.84800999974594], [-92.30147699993664, 43.848016000104764], [-92.30022999998174, 43.84801999991173], [-92.29844999992436, 43.84801999991173], [-92.29647900007124, 43.84801200029753], [-92.29568999987575, 43.84800999974594], [-92.2935399999225, 43.84799000005719], [-92.2922710002263, 43.84798499997201], [-92.2912300001357, 43.84797999988638], [-92.29056899998672, 43.84797299989538], [-92.28928000019901, 43.84796000018757], [-92.28859999978344, 43.847950000011714], [-92.28760999974648, 43.847937999928085], [-92.28691000013774, 43.847930000302846], [-92.2846399996356, 43.84791199984652], [-92.28424999964825, 43.84790999993942], [-92.28364999959862, 43.84790999993942], [-92.28298900034795, 43.84790999993942], [-92.28244000035195, 43.84790999993942], [-92.28100699972589, 43.84790200031048], [-92.2805499997914, 43.847899999755185], [-92.28040900022441, 43.84790100003282], [-92.28034700030013, 43.8478990001254], [-92.28028500037584, 43.84790100003282], [-92.27900699956048, 43.847908000032255], [-92.27872999955105, 43.84790999993942], [-92.27683999988881, 43.84790999993942], [-92.27498899968631, 43.84792099975146], [-92.27364999966989, 43.847930000302846], [-92.27283000041055, 43.847930000302846], [-92.27196400022216, 43.84792200002874], [-92.27059099987055, 43.847908000032255], [-92.26159000019959, 43.84782000016456], [-92.26148999974217, 43.84782000016456], [-92.26141500029742, 43.847818000254385], [-92.26085999955531, 43.84780999996524], [-92.25835700032297, 43.847787000018734], [-92.25654999960308, 43.84776999979906], [-92.25595399975144, 43.84776999979906], [-92.25563999993207, 43.84776999979906], [-92.25189999989226, 43.84773000025392], [-92.25185999970928, 43.84772000003951], [-92.25170999992145, 43.84772000003951], [-92.25154000004214, 43.84770000025352], [-92.25141000034579, 43.847690000034085], [-92.25136000011709, 43.847690000034085], [-92.25051999986796, 43.84764000020747], [-92.24880000008503, 43.84761000016181], [-92.24874900003141, 43.84761000016181], [-92.24756999984857, 43.8476199997468], [-92.24635800005373, 43.84763100026013], [-92.24633999961208, 43.8476429997577], [-92.2462910001066, 43.84762999997797], [-92.24497800002943, 43.847606999962046], [-92.24350000009584, 43.847582000019166], [-92.24305599968183, 43.847573999698376], [-92.2413789995566, 43.84754499990312], [-92.2385609997817, 43.84749600023938], [-92.23828299994733, 43.84749100011279], [-92.23040500038275, 43.847357999700804], [-92.22981299983073, 43.84734999999783], [-92.22908700028273, 43.84734899971096], [-92.22900199989392, 43.84734600014593], [-92.22663600003061, 43.8473010001739], [-92.21873400017658, 43.84719500003365], [-92.21355300001308, 43.847184000087736], [-92.2090980002959, 43.847173999781795], [-92.2086609995546, 43.847173999781795], [-92.20742600019355, 43.847169999918094], [-92.20059800004208, 43.84715199988027], [-92.19877500032698, 43.84714499979211], [-92.19865999980092, 43.847146000082404], [-92.19861200012035, 43.84714699972481], [-92.1979970000021, 43.847146000082404], [-92.19784499966616, 43.84714699972481], [-92.19749999988466, 43.8471499999477], [-92.19739199992962, 43.84714900030534], [-92.19657699979484, 43.84715399981273], [-92.1960239996009, 43.847144000149626], [-92.19556800038963, 43.847144000149626], [-92.195108999907, 43.8471429998593], [-92.19385699992922, 43.84714200021683], [-92.19342199973603, 43.84714200021683], [-92.19248500030083, 43.84714200021683], [-92.19172000039477, 43.84713799970308], [-92.1908369995896, 43.847138999993525], [-92.19072000031206, 43.847138999993525], [-92.19061300018195, 43.847140999926424], [-92.18993699996433, 43.84713799970308], [-92.18903599961583, 43.84713799970308], [-92.18853699984855, 43.847140000283915], [-92.1881250001199, 43.84713599977008], [-92.18721600027379, 43.84713599977008], [-92.18546299998057, 43.84713399983697], [-92.18530300014702, 43.847133000194354], [-92.18481299970225, 43.847133000194354], [-92.1830779998507, 43.847131000261136], [-92.18298800033735, 43.847140000283915], [-92.18293399991066, 43.847144000149626], [-92.18277300025217, 43.84715500010292], [-92.18271999965043, 43.84716000025767], [-92.18259800035, 43.84715700003528], [-92.18223400030192, 43.8471499999477], [-92.18221000001247, 43.8471499999477], [-92.18211299992811, 43.84714499979211], [-92.18209399966153, 43.847144000149626], [-92.18203799958503, 43.847140999926424], [-92.18202000004167, 43.847140000283915], [-92.18195300009452, 43.847131999903844], [-92.181753000078, 43.84711300021154], [-92.18168799978066, 43.847106999761884], [-92.18156599958193, 43.847104000184686], [-92.18120499990691, 43.847095999799784], [-92.18114700018057, 43.84709500015647], [-92.1810850002563, 43.84709500015647], [-92.18064400021534, 43.84709700009088], [-92.18042900013019, 43.84709799973411], [-92.1800990004173, 43.847100000316296], [-92.17983300027852, 43.84710099995947], [-92.17956700013976, 43.847102999893686], [-92.17932299974227, 43.847104000184686], [-92.17888300042453, 43.847106999761884], [-92.17884300024157, 43.847106999761884], [-92.17879800003571, 43.84712699974669], [-92.17820200018404, 43.84712899968004], [-92.1774099996155, 43.84712999997059], [-92.17719000040577, 43.847131000261136], [-92.17704899994047, 43.847131999903844], [-92.17612900022371, 43.847133000194354], [-92.17233200028247, 43.8471429998593], [-92.1706369997156, 43.84714699972481], [-92.1697289996944, 43.84714800001506], [-92.16919700031515, 43.8471499999477], [-92.1688359997418, 43.8471499999477], [-92.16877999966532, 43.8471499999477], [-92.16779100035157, 43.84714699972481], [-92.16471199956243, 43.84713599977008], [-92.16269100037894, 43.84712899968004], [-92.16167100020475, 43.84712600010395], [-92.16068399964253, 43.84712000030346], [-92.1602889996323, 43.847106999761884], [-92.15983199969783, 43.8471060001188], [-92.15935300002201, 43.84710499982779], [-92.15914600033278, 43.84710499982779], [-92.15875200014749, 43.847104000184686], [-92.1583939999472, 43.847102999893686], [-92.1528889999186, 43.84709500015647], [-92.15158599988719, 43.847091000287485], [-92.14906900041116, 43.84708600012689], [-92.14830899962963, 43.8470849998356], [-92.14580499967407, 43.84708800006162], [-92.1413139999719, 43.847095999799784], [-92.13601700035576, 43.847095999799784], [-92.13576999958524, 43.84709700009088], [-92.13275599999173, 43.84711500014531], [-92.13199699993346, 43.84712400017051], [-92.13020600000542, 43.84714800001506], [-92.12971999975862, 43.847146000082404], [-92.12896200042354, 43.8471429998593], [-92.12862000011678, 43.847140999926424], [-92.12771499957032, 43.847140000283915], [-92.12759499991974, 43.847140000283915], [-92.12725199978806, 43.8471429998593], [-92.12517399980484, 43.84715700003528], [-92.12314500022542, 43.8471499999477], [-92.1157809995984, 43.84712499981328], [-92.11082899976378, 43.84712899968004], [-92.10724400043296, 43.84713599977008], [-92.10672499967589, 43.84713799970308], [-92.10507900041111, 43.84714200021683], [-92.09980899966084, 43.84715599974517], [-92.09938600006154, 43.84716000025767], [-92.09916099993065, 43.84716000025767], [-92.0990939999835, 43.84716099989984], [-92.09098899973986, 43.84716600005414], [-92.08911199959812, 43.847166999696206], [-92.08641000017413, 43.84715599974517], [-92.08224099978891, 43.84713799970308], [-92.08026200043822, 43.84712999997059], [-92.07914099998169, 43.84712600010395], [-92.07911900024037, 43.851070000094865], [-92.07911900024037, 43.85285999997491], [-92.07910900019463, 43.85425800021839], [-92.07910900019463, 43.85728200020911], [-92.079098000324, 43.85818099988401], [-92.07910599982159, 43.860132999726495], [-92.07910300034685, 43.86108899981821], [-92.07910800036973, 43.862515999808764], [-92.07909900014889, 43.86271500011616], [-92.07911099984445, 43.86356400005146], [-92.07912599991307, 43.86533400019439], [-92.079126999738, 43.866458000203245], [-92.07909199957787, 43.87599100015418], [-92.07909599977583, 43.87637499970697], [-92.07910699964648, 43.87748799982922], [-92.07912199971511, 43.879030000118696], [-92.07916100007317, 43.88289699994828], [-92.07915900042333, 43.88371599988014], [-92.07915299967725, 43.88576299983411], [-92.07913799960862, 43.88679199985924], [-92.07911900024037, 43.888102999714874], [-92.07907400003454, 43.89233999995562], [-92.07906900001166, 43.892820000004974], [-92.07906800018675, 43.89290999982632], [-92.07906300016388, 43.893234999774975], [-92.07900600026247, 43.901547999857065], [-92.07900600026247, 43.90164300019617], [-92.07900500043756, 43.90207900030531], [-92.07900399971433, 43.90264000010254], [-92.07900399971433, 43.902911999945], [-92.07900299988943, 43.903421000028374], [-92.0790020000645, 43.90430499988018], [-92.0790010002396, 43.9054240002512], [-92.07899899969146, 43.90863600031722], [-92.07899799986654, 43.90979199985902], [-92.07899600021673, 43.912971999958515], [-92.07899299984369, 43.91678600015215], [-92.07898799982081, 43.92339099999303], [-92.07898399962285, 43.92865200018895], [-92.0789800003232, 43.932969000052914], [-92.0789800003232, 43.93364000024821], [-92.07897799977508, 43.93709199975715], [-92.07896600007949, 43.94282900007637], [-92.07896899955423, 43.94406899992548], [-92.07896100005664, 43.947766999885886], [-92.07896100005664, 43.94784599993867], [-92.07896000023172, 43.94808400000345], [-92.07895799968357, 43.94865899969493], [-92.07895500020885, 43.94922799977628], [-92.07894400033818, 43.951361999707636], [-92.07894299961497, 43.95198199988083], [-92.07894400033818, 43.95223100015773], [-92.0789309999194, 43.954114000297], [-92.07893000009449, 43.95427399981021], [-92.07893000009449, 43.95452600017475], [-92.07892699972143, 43.95502099974276], [-92.07893000009449, 43.95532300022361], [-92.079022000156, 43.9699110002828], [-92.07901299993517, 43.970356000048284], [-92.07902800000379, 43.97142200020649], [-92.07902299998091, 43.97185700022098], [-92.07901899978295, 43.97268200007971], [-92.07902299998091, 43.973048999824805], [-92.07902399980583, 43.97476099983591], [-92.07902399980583, 43.97617099998406], [-92.07900399971433, 43.97695599997715], [-92.07900999956212, 43.977080000254794], [-92.07901399976006, 43.97749299994278], [-92.07901999960787, 43.97803000022344], [-92.07901999960787, 43.97873399991185], [-92.07901999960787, 43.97914799974439], [-92.07901999960787, 43.97943000023531], [-92.07901999960787, 43.979454999797], [-92.07901999960787, 43.97978000025174], [-92.07901999960787, 43.98019999987516], [-92.07901999960787, 43.98037800011194], [-92.07901999960787, 43.98062800031328], [-92.07901999960787, 43.980676999722604], [-92.07901999960787, 43.98080999985466], [-92.07901299993517, 43.98113000010343], [-92.07900999956212, 43.98130000032183], [-92.07900999956212, 43.98196000024467], [-92.07900399971433, 43.982465000279475], [-92.07900000041468, 43.98290999970008], [-92.07899000036895, 43.98378000017449], [-92.07901999960787, 43.98389000006208], [-92.07902800000379, 43.98506400012744], [-92.07903100037683, 43.9905439997667], [-92.07902800000379, 43.995788000277386], [-92.07900799991228, 44.00549199993361], [-92.07900700008739, 44.00590400010892], [-92.07904899992018, 44.01791899989899], [-92.07905300011814, 44.02033400023022], [-92.07904600044543, 44.02985600025142], [-92.07905300011814, 44.03392999986136], [-92.07905399994304, 44.03478999971643], [-92.07905999979084, 44.04314699994503], [-92.07905099957, 44.04545199997585], [-92.07905300011814, 44.050650999769445], [-92.07905800014102, 44.052209000016866], [-92.07906900001166, 44.05637900026209], [-92.07908200043045, 44.061799000312746], [-92.07908200043045, 44.062058999904096], [-92.07909099975298, 44.07096400014508], [-92.07913099993596, 44.076261000014334], [-92.07914400035475, 44.07799199967853], [-92.0791490003776, 44.08060899979414], [-92.0791490003776, 44.08067699986173], [-92.07915000020252, 44.08099400014185], [-92.07915500022537, 44.08376200021772], [-92.07915799970013, 44.0850689998125], [-92.07923700024115, 44.09816400019618], [-92.07924399991384, 44.10041399974468], [-92.0792690000282, 44.10575800024242], [-92.07927300022617, 44.106704000129085], [-92.07927300022617, 44.106740999722255], [-92.07946700039493, 44.10671100000162], [-92.07949800035706, 44.10672099991016], [-92.08353799997253, 44.106714999836235], [-92.0900969996122, 44.10672399994693], [-92.09295299992027, 44.10672600018634], [-92.09359599962758, 44.10672900022281], [-92.09429799978447, 44.106730000019944], [-92.09925899983993, 44.10673799968638], [-92.10196399963696, 44.106756999696024], [-92.10458300011857, 44.10677499990326], [-92.1058030003093, 44.106790999867826], [-92.10947999970162, 44.10680800026892], [-92.11058400043972, 44.106825000020066], [-92.11217299980306, 44.10683599970471], [-92.1125619999655, 44.106840000175914], [-92.11281700023362, 44.10684199976634], [-92.11489600004174, 44.10686099974261], [-92.11707399958408, 44.106881999946886], [-92.11798300032851, 44.10689400006025], [-92.11852099955553, 44.10689400006025], [-92.11886000038756, 44.106897999882484], [-92.11917599985674, 44.106901999704505], [-92.11978699977702, 44.1069130000198], [-92.12968200012376, 44.10708499981687], [-92.13084299986497, 44.10709999990667], [-92.13191200044295, 44.107112999766436], [-92.13845199981604, 44.10719799996987], [-92.13932600040036, 44.107203999994816], [-92.14137300042144, 44.10722100027712], [-92.14481399981221, 44.10724000013151], [-92.14934899989532, 44.107268000007714], [-92.15952999957402, 44.10728699984704], [-92.161076000178, 44.10728900006739], [-92.16637600016718, 44.10729500008309], [-92.16862700040275, 44.10731199969419], [-92.16910000023076, 44.107314999700925], [-92.16921499985851, 44.107316000133174], [-92.16939499978356, 44.107308999687255], [-92.16984500004534, 44.10729100028767], [-92.16990399959657, 44.107286000059325], [-92.16996899989391, 44.10728900006739], [-92.17716699994125, 44.10729299986289], [-92.17939499971227, 44.10728699984704], [-92.17942900004748, 44.107286000059325], [-92.17989299965465, 44.107286000059325], [-92.18053200006236, 44.10728500027161], [-92.18100300024054, 44.10728999985504], [-92.18255999981685, 44.10730700011261], [-92.18294399995641, 44.10731099990691], [-92.18380599994684, 44.107320999713984], [-92.18750400015388, 44.107340000181274], [-92.1882029999377, 44.10734099996806], [-92.18846800025158, 44.10734199975484], [-92.19107599996421, 44.10735299998825], [-92.1921389997961, 44.107358000210965], [-92.19354399993478, 44.107355999992905], [-92.1959049997752, 44.10735399977482], [-92.19899899973466, 44.107352000201665], [-92.1993269997977, 44.10735500020636], [-92.19948300033163, 44.107355999992905], [-92.19987499996878, 44.107349000196805], [-92.2002499998875, 44.10734999998344], [-92.20380400015452, 44.10735500020636], [-92.20770200037808, 44.10736599979238], [-92.21131900039425, 44.10738800024827], [-92.21205800036105, 44.10739299982299], [-92.21368699990738, 44.107415000268794], [-92.21550600032282, 44.107439000276734], [-92.21806600035488, 44.10746600027396], [-92.21896799962998, 44.107479999837665], [-92.21938600010473, 44.107479999837665], [-92.22242700036071, 44.1074880000476], [-92.22418300012866, 44.1074930002589], [-92.22665500029719, 44.107521000015204], [-92.22721400033892, 44.10747500027031], [-92.22849100043105, 44.1074930002589], [-92.22861399955639, 44.10749799982474], [-92.2291769997961, 44.10752300022768], [-92.22952999997351, 44.1074880000476], [-92.23058600013272, 44.10751200002586], [-92.23082399978409, 44.10751700023513], [-92.2309379995869, 44.1075200002315], [-92.23360200027436, 44.10745800006106], [-92.23368500011503, 44.10745800006106], [-92.23425199965436, 44.107458999845846], [-92.23433000037049, 44.107460000275665], [-92.2365480000958, 44.10750300003519], [-92.23796099973205, 44.10753000000317], [-92.23871599959239, 44.10754499998011], [-92.23967100036757, 44.10754799997502], [-92.24256600013538, 44.10755900017009], [-92.24470400039306, 44.107586000112555], [-92.2454609999032, 44.107574999922505], [-92.24666100000245, 44.10755699995888], [-92.24677800017831, 44.10755399996442], [-92.24747199993925, 44.1075489997583], [-92.2679610004166, 44.10762799999849], [-92.26904099996693, 44.10763799975195], [-92.26945600006862, 44.10763499976155], [-92.28156900014069, 44.10772500005105], [-92.29727699958929, 44.10777100024643], [-92.29950500025863, 44.1077770002132], [-92.3013460004154, 44.10776500027904], [-92.30231100033801, 44.10775900031109], [-92.30507399986135, 44.10774200018352], [-92.30539000022883, 44.10774099975848], [-92.30774799969622, 44.10772500005105], [-92.30913500029152, 44.1077169998732], [-92.31096700022745, 44.107719999859384], [-92.31252100032903, 44.10772299984546], [-92.31288899967674, 44.107719000078994], [-92.3135740001152, 44.10771199968085], [-92.31435400008986, 44.10771600009277], [-92.31735400033799, 44.107731999802624], [-92.31876899962406, 44.10773400000797], [-92.31897100018872, 44.10773400000797], [-92.31897100018872, 44.10760499984967], [-92.31897299983856, 44.1052219997026], [-92.31899700012801, 44.102990999859955], [-92.31899499957987, 44.102235999843316], [-92.31899200010513, 44.10131999995136], [-92.31899799995291, 44.10042599988088], [-92.31901999969423, 44.09786999974845]]]}}, {"type": "Feature", "properties": {"tract_id": "27109001601", "name": "Tract Census Tract 16.01", "pct_white_2020": 68.4, "pct_black_2020": 15.4, "pct_hispanic_2020": 6.7, "pct_asian_2020": 5.9, "population_2020": 4859, "is_sample_data": false, "pct_white_1970": 88.8, "pct_black_1970": 11.3, "pct_hispanic_1970": 1, "pct_asian_1970": 2.1, "pct_white_1990": 83.1, "pct_black_1990": 17.9, "pct_hispanic_1990": 8.8, "pct_asian_1990": 6.5}, "geometry": {"type": "Polygon", "coordinates": [[[-92.4666520000105, 44.06119399992255], [-92.466708000087, 44.06088500014536], [-92.46659500010908, 44.060634999872384], [-92.46655099972816, 44.06053700010742], [-92.46628700013753, 44.06011000025273], [-92.46596800029529, 44.05974800029207], [-92.46577400012653, 44.05947700013537], [-92.46577599977634, 44.059295999787686], [-92.46588700010443, 44.058806999840826], [-92.46608600029607, 44.058602000220795], [-92.46631999974947, 44.05833199995312], [-92.46637500000107, 44.05819100017039], [-92.46637699965089, 44.05795899971465], [-92.4663490000618, 44.05782700014042], [-92.46632599959726, 44.057713999899484], [-92.46618599985517, 44.05734000030036], [-92.46611700025821, 44.05708199998028], [-92.46606600020458, 44.05683699976421], [-92.46609999964146, 44.05679099997423], [-92.4662650003962, 44.056566999840776], [-92.46657199964456, 44.0561689999514], [-92.46669999969109, 44.05579600029029], [-92.46666700007911, 44.05553799969871], [-92.46654499988038, 44.05521499978826], [-92.46580300043884, 44.0542329999555], [-92.46559000000352, 44.05410299990493], [-92.46533999975826, 44.05408899997186], [-92.46522099993258, 44.05412899967961], [-92.46513399989392, 44.05412899967961], [-92.46508799986317, 44.05412999972042], [-92.46434100039878, 44.053929000225004], [-92.46387900044142, 44.05368199977907], [-92.46334600033896, 44.053331999908025], [-92.46308100002508, 44.05303399978194], [-92.46304800041312, 44.05273800022173], [-92.46317700028455, 44.05227500029187], [-92.46307400035238, 44.0518230002027], [-92.46268199981691, 44.051666999828306], [-92.46232500033985, 44.05160100016696], [-92.46204099975938, 44.051392999872775], [-92.46193600017742, 44.05113500011318], [-92.46197499963716, 44.050876999875264], [-92.46206500004885, 44.050735999773316], [-92.46236999964738, 44.050609000094674], [-92.46271000030431, 44.05055900022785], [-92.46285400024435, 44.05039199990184], [-92.46285800044231, 44.05003100003911], [-92.46280700038868, 44.0497479998762], [-92.46257700023493, 44.049488999933736], [-92.4623649996245, 44.04923000015], [-92.46210299968368, 44.04855899999699], [-92.46214200004174, 44.048146999831424], [-92.46225099982168, 44.047928000012426], [-92.4624140000283, 44.04772300017934], [-92.46253000037925, 44.04762999981323], [-92.46272000035006, 44.04747900013667], [-92.46315100034526, 44.047262000098385], [-92.46338399997377, 44.04712199994342], [-92.46376499974029, 44.046530999820966], [-92.46439999995, 44.04534799977692], [-92.46460499998942, 44.044473000297685], [-92.46471899979224, 44.04370099998849], [-92.46500199964946, 44.04306800010187], [-92.4650469998553, 44.04296799986325], [-92.46544600006348, 44.04233799996726], [-92.46553800012498, 44.042054999855594], [-92.46586899966277, 44.04093600029559], [-92.46592800011231, 44.04039499989748], [-92.46589499960204, 44.04003399980824], [-92.46559599985129, 44.03950400015154], [-92.46506500029696, 44.038895999684996], [-92.4649139997859, 44.038702999979535], [-92.46393700016773, 44.037699999963095], [-92.46342900017962, 44.037383000288116], [-92.46285000004639, 44.03705000011094], [-92.46280999986342, 44.0371860001592], [-92.46271899962682, 44.03750700023661], [-92.46255999961818, 44.03788000013188], [-92.46240999983034, 44.03781999992109], [-92.46227500011112, 44.037768999920196], [-92.46224999999677, 44.03776000029534], [-92.46195000042111, 44.03753999985629], [-92.46181999982646, 44.03741999997699], [-92.46162999985566, 44.03729999985471], [-92.46152199990064, 44.03725500006905], [-92.46123999986831, 44.0371399999594], [-92.46102999980603, 44.03705000011094], [-92.46087499999534, 44.03698900002113], [-92.45977600017844, 44.03655400010093], [-92.45940999958222, 44.03640999975783], [-92.45936000025182, 44.03639000005921], [-92.45916899955779, 44.036332000313834], [-92.4587600002022, 44.03620999988472], [-92.45843100031423, 44.03617399978425], [-92.4583169996131, 44.03616099983225], [-92.45829999989468, 44.0361600001339], [-92.45818000024407, 44.0361600001339], [-92.45810400007609, 44.0361600001339], [-92.45787599957215, 44.0361600001339], [-92.45780000030247, 44.0361600001339], [-92.45756599995073, 44.03615199996317], [-92.45754000001148, 44.03615100026467], [-92.45748999978277, 44.03614999992034], [-92.45676000003681, 44.0361419997483], [-92.45649999974579, 44.036139999705085], [-92.45633200041463, 44.036139999705085], [-92.45582799972615, 44.036139999705085], [-92.45566000039497, 44.036139999705085], [-92.45549999966309, 44.036138000307666], [-92.45502000016239, 44.03613200017752], [-92.45486000032881, 44.036130000133966], [-92.454634000373, 44.036126000046714], [-92.4541699998675, 44.03611999991534], [-92.45395599960726, 44.03611999991534], [-92.45372999965146, 44.03611999991534], [-92.45348799980212, 44.03611700017236], [-92.45276200025411, 44.03611100004008], [-92.45252000040477, 44.03610999969508], [-92.4524099999016, 44.03610999969508], [-92.45208000018872, 44.03610999969508], [-92.45196999968556, 44.03610999969508], [-92.4509100002267, 44.03610999969508], [-92.44999999965738, 44.03610000011889], [-92.44981999973231, 44.03610000011889], [-92.44873000013624, 44.036089999895204], [-92.44762000044868, 44.03608000031565], [-92.44759000031144, 44.03608000031565], [-92.44749900007486, 44.03608000031565], [-92.44746999976252, 44.03608000031565], [-92.44728099961664, 44.03607800027034], [-92.44671699955204, 44.03607200013411], [-92.44652999995428, 44.03607000008858], [-92.44626999966327, 44.03607000008858], [-92.44602000031635, 44.03605999985984], [-92.44545000040395, 44.03608000031565], [-92.44519900033379, 44.03613099983282], [-92.44520000015869, 44.036139999705085], [-92.44498000005066, 44.036190000118644], [-92.44456999997185, 44.03629000017328], [-92.444200000076, 44.03644000026176], [-92.44388000040887, 44.03661999973758], [-92.44318999994753, 44.03697000020263], [-92.44235100042164, 44.03744199997305], [-92.44214800003203, 44.03755599982184], [-92.4415899998152, 44.03787000020859], [-92.44153899976159, 44.03789900030433], [-92.44133999956996, 44.038018999859354], [-92.44074999956607, 44.03837000011708], [-92.44042999989894, 44.03859999985935], [-92.44010000018605, 44.03885999992483], [-92.43978999966635, 44.03914999991855], [-92.43898999960018, 44.03986000012448], [-92.4380399997462, 44.04073999997721], [-92.4379910002407, 44.040789999737854], [-92.43751000001677, 44.04129000018959], [-92.43723999968003, 44.041579999912905], [-92.43680200001211, 44.042136000244675], [-92.43665100039938, 44.0423129997768], [-92.43646700027637, 44.04251500018731], [-92.43630999991753, 44.0426850001781], [-92.4361469997109, 44.04286500005447], [-92.4358160001731, 44.04322699990766], [-92.43565299996649, 44.04340599985256], [-92.43561399960842, 44.04346499999728], [-92.43533199957612, 44.043768999844325], [-92.43506299996261, 44.04404499997714], [-92.43487800001468, 44.04423899992322], [-92.43455999999738, 44.04446999968616], [-92.43469899991453, 44.0445490002425], [-92.43511599966607, 44.04478799973945], [-92.4352599996061, 44.04485999978255], [-92.43540199989631, 44.04472600031382], [-92.43569999982215, 44.044450000125245], [-92.4358289996936, 44.0443250002952], [-92.4359700001589, 44.04419000005338], [-92.4362799997803, 44.04390000019166], [-92.43647999979683, 44.043759999839374], [-92.43652500000267, 44.043740000038774], [-92.43671999999634, 44.04366000012316], [-92.43693000005864, 44.04359999995408], [-92.43718000030388, 44.043560000238145], [-92.43865099966646, 44.043560000238145], [-92.43937000044009, 44.043560000238145], [-92.44011600007958, 44.043560000238145], [-92.44209000030574, 44.043560000238145], [-92.44235399989637, 44.043565000042655], [-92.44310000043416, 44.043580000099475], [-92.44377099973057, 44.04358799991302], [-92.44462000020056, 44.04359999995408], [-92.44578699978955, 44.043605999973735], [-92.44645999963409, 44.04361000020175], [-92.44671599972712, 44.04361600022039], [-92.44687999975866, 44.043619999801955], [-92.44722999956304, 44.043669999714965], [-92.44747200031067, 44.04373400003274], [-92.44772000000779, 44.04380000006604], [-92.44780000037373, 44.04382100006123], [-92.44803999967493, 44.0438869999976], [-92.44812000004089, 44.04390999974296], [-92.44825999978296, 44.043963000048535], [-92.44867999990753, 44.04412500001856], [-92.4488199996496, 44.04417999990367], [-92.44906300022217, 44.044272999874984], [-92.44955000029388, 44.04446000022938], [-92.44978899977018, 44.04455899968425], [-92.4500299997946, 44.04466000002074], [-92.45020300004695, 44.04472999982045], [-92.45024999990262, 44.04474999993254], [-92.45053000028511, 44.04491999996685], [-92.45067800042311, 44.045028999952486], [-92.45082999986077, 44.04514000012271], [-92.45108000010602, 44.045320000288186], [-92.45133899967378, 44.04544600014317], [-92.45140999981889, 44.045480000047895], [-92.45185000003495, 44.04564000002111], [-92.45234999962715, 44.045760000040275], [-92.45286000016338, 44.045839999702736], [-92.45307299970041, 44.04586400016154], [-92.45337999984709, 44.04590000018583], [-92.45365000018383, 44.04599999999498], [-92.45375999978866, 44.04603000016311], [-92.45408000035414, 44.04618000013002], [-92.45422400029418, 44.04626900014181], [-92.45445000024999, 44.046409999901215], [-92.45512999976722, 44.046939999763836], [-92.45562000021201, 44.047250000153426], [-92.45580099996197, 44.047342999824785], [-92.45605000038232, 44.047470000049714], [-92.45622000026164, 44.04753999975729], [-92.4563800000952, 44.04761000002782], [-92.45626600029239, 44.04783600011523], [-92.45617000003291, 44.04802999991392], [-92.45601000019934, 44.048519999891006], [-92.45600099997851, 44.04854700031475], [-92.4559299998334, 44.04878999970101], [-92.45590999974192, 44.04886999979098], [-92.45587600030504, 44.049050999724905], [-92.45572800016703, 44.04983699969221], [-92.45567999958814, 44.0500999998396], [-92.45560000012051, 44.05045999982466], [-92.45553200034847, 44.05087300013798], [-92.45547000042417, 44.05125999977668], [-92.45539000005824, 44.05179000014536], [-92.45532999978377, 44.052080000118025], [-92.45508299991158, 44.053190999840254], [-92.45500000007088, 44.05357000007123], [-92.45490999965921, 44.05396000029443], [-92.45488200007013, 44.054071999910356], [-92.45479800040454, 44.05440700003343], [-92.45476999991712, 44.05452000012931], [-92.45471600038877, 44.05473499998483], [-92.45470200014506, 44.054793999820674], [-92.45461000008355, 44.05517000005269], [-92.45456499987772, 44.05538200007189], [-92.45451999967186, 44.055600000073625], [-92.45446000029573, 44.05578000008613], [-92.45445000024999, 44.055830000064205], [-92.45442299958749, 44.05590000022086], [-92.45442000011276, 44.055909999683124], [-92.45434999979256, 44.056149999828165], [-92.45425000023344, 44.056549999845], [-92.45419400015696, 44.056816999859926], [-92.45413100040777, 44.05712700019962], [-92.45408799985174, 44.05733599970844], [-92.45403000012541, 44.057619999746066], [-92.45394899993455, 44.057962000288434], [-92.45390000042909, 44.05817000010529], [-92.4538660000939, 44.05829699970873], [-92.45376300016173, 44.05868100000411], [-92.45372999965146, 44.05880999972607], [-92.4537199996057, 44.0588699999814], [-92.45370000041254, 44.05893999977208], [-92.45435999983829, 44.059139999732416], [-92.45475999987138, 44.05926999969944], [-92.45576999999983, 44.05955999983874], [-92.45737000013216, 44.06002999985274], [-92.45739000022364, 44.060039999908675], [-92.4587600002022, 44.060470000069344], [-92.4602599998771, 44.06093000005657], [-92.46142999983913, 44.061259999866515], [-92.46200999979725, 44.06138999969741], [-92.46252000033351, 44.06148000000898], [-92.46314999962205, 44.06155999974072], [-92.46394999968823, 44.06161000000233], [-92.46601500015095, 44.06164000000991], [-92.4661809998323, 44.06164199983773], [-92.46632200029762, 44.06164600013871], [-92.46630100038122, 44.061547000195155], [-92.46648899980387, 44.06140000016912], [-92.4666520000105, 44.06119399992255]]]}}, {"type": "Feature", "properties": {"tract_id": "27109002200", "name": "Tract Census Tract 22", "pct_white_2020": 97.5, "pct_black_2020": 0.1, "pct_hispanic_2020": 1.3, "pct_asian_2020": 0.1, "population_2020": 3918, "is_sample_data": false, "pct_white_1970": 98, "pct_black_1970": 3.0, "pct_hispanic_1970": 1, "pct_asian_1970": 0, "pct_white_1990": 95, "pct_black_1990": 1, "pct_hispanic_1990": 1.9, "pct_asian_1990": 1.0}, "geometry": {"type": "Polygon", "coordinates": [[[-92.6893910003716, 43.84856999996961], [-92.68938700017364, 43.8484780000069], [-92.68936799990706, 43.84824600023132], [-92.68937499957977, 43.84765400026679], [-92.68936700008214, 43.84502899971579], [-92.68936700008214, 43.844605999700654], [-92.68935000036372, 43.843305999826875], [-92.68935100018862, 43.842149000020896], [-92.68935100018862, 43.84204200006842], [-92.68935399966337, 43.841720999707526], [-92.68935500038658, 43.84161500001839], [-92.6893560002115, 43.841309999685066], [-92.6893639997091, 43.84039800025905], [-92.68936799990706, 43.84009300018351], [-92.68936899973197, 43.839787000078964], [-92.68936000040947, 43.83884500013254], [-92.68935799986133, 43.83859400001121], [-92.68933299974697, 43.83589399970713], [-92.68931100000566, 43.83553700001209], [-92.6892940002872, 43.83509600029886], [-92.689292999564, 43.83504300010072], [-92.68928300041655, 43.8338470001935], [-92.68172700016893, 43.83387100019541], [-92.68011799981578, 43.83387299992515], [-92.67423100019576, 43.83390299975093], [-92.66979700039498, 43.83393099983398], [-92.66859100044796, 43.83390500012761], [-92.66573299959174, 43.833925999866395], [-92.66053999973269, 43.833937000312915], [-92.65065199995693, 43.833972999933884], [-92.64461899984875, 43.83398799982355], [-92.64363300000973, 43.834013000279256], [-92.6407650000061, 43.83399600002236], [-92.62966000041267, 43.834010999906255], [-92.60964899978623, 43.8338760001676], [-92.60838900031085, 43.83387100019541], [-92.60462199960853, 43.83387399978996], [-92.60417899991774, 43.83387299992515], [-92.60336799998093, 43.83387200006026], [-92.60003299999704, 43.83387200006026], [-92.59073500022518, 43.83387799989716], [-92.58944100041461, 43.83388299986876], [-92.58787399989423, 43.833894000323205], [-92.58108599992572, 43.833945999734205], [-92.57998200008595, 43.83395200021163], [-92.57541600004068, 43.83400000012134], [-92.57178300013099, 43.83403999980066], [-92.5695100001541, 43.834062999863264], [-92.56905700041757, 43.834062000001616], [-92.56695799961963, 43.834057000045014], [-92.5657159996876, 43.83405500032145], [-92.56468299999294, 43.834043999896686], [-92.5619920004396, 43.834043999896686], [-92.56075299998231, 43.83404499975869], [-92.56050199991216, 43.83404600026862], [-92.55975100024979, 43.834051000226154], [-92.55950500020249, 43.834052999949854], [-92.55864200038712, 43.83405899976851], [-92.55813400039901, 43.834062000001616], [-92.55403399961077, 43.8340930002416], [-92.55313800018345, 43.8340980001952], [-92.55293200031913, 43.83409900005624], [-92.55249200010307, 43.83457100000115], [-92.55019999985961, 43.836279999960105], [-92.54993600026899, 43.83648199980899], [-92.54959999981, 43.83673999975712], [-92.54926699972405, 43.8370259998124], [-92.54830000015163, 43.83785999984512], [-92.54737100021403, 43.838782000255556], [-92.54676000029374, 43.83938999974731], [-92.54649400015498, 43.83965000026465], [-92.5462000004271, 43.839939999679466], [-92.54570300030964, 43.840436000027516], [-92.54544100036883, 43.840698999773636], [-92.54532099981991, 43.84081799976562], [-92.54526999976629, 43.8408700002702], [-92.54496699981759, 43.84117899987894], [-92.54484999964173, 43.84129999969019], [-92.54472099977028, 43.841425000153194], [-92.54445999965438, 43.84168000025963], [-92.54433599980582, 43.84180299981458], [-92.54420899958421, 43.84193099970905], [-92.54394599981849, 43.84219300026662], [-92.5432200002705, 43.84292000032063], [-92.54315599979806, 43.84298100029126], [-92.54288999965928, 43.843239999705645], [-92.54279799959778, 43.84333400003296], [-92.54259000008364, 43.84354999970012], [-92.54252399996139, 43.843614999776825], [-92.54243100007497, 43.8437079998133], [-92.54233300016567, 43.84380400009591], [-92.54204000026272, 43.844094999745515], [-92.5420319998668, 43.844104000226366], [-92.54198800038418, 43.84414799967805], [-92.54194300017834, 43.844191999745185], [-92.54188200007896, 43.844252000020035], [-92.54182199980453, 43.84431200023458], [-92.54126000028805, 43.84487000018138], [-92.54110799995208, 43.84502299970437], [-92.54027000025108, 43.84587000020328], [-92.53861300021732, 43.84752599969451], [-92.5385400004224, 43.84759999992728], [-92.53777899981598, 43.84835699985397], [-92.53743200038465, 43.848700999742064], [-92.53657000039422, 43.84956000025017], [-92.53639299994391, 43.849735999904176], [-92.53604700033748, 43.8500820000951], [-92.53362200002465, 43.852500000138654], [-92.53034599959202, 43.85577100009557], [-92.52726000002848, 43.858849999805926], [-92.52633399956561, 43.859740999821305], [-92.5261700004324, 43.859899999872134], [-92.52384200020393, 43.86208999998372], [-92.5236990000888, 43.862223999964925], [-92.52327200029154, 43.86262500001382], [-92.52313000000132, 43.86276000011633], [-92.52298299968822, 43.86289599993927], [-92.52254300037048, 43.86330500015664], [-92.5223969998823, 43.86344200004861], [-92.52136400018763, 43.86440200019314], [-92.51826799968003, 43.86728199983472], [-92.5172359998103, 43.86824300024866], [-92.51686199971648, 43.86858999984845], [-92.5157429998081, 43.86963100012711], [-92.5153700004375, 43.869978999972616], [-92.51146700019106, 43.87360799996788], [-92.51037000002398, 43.87463000003087], [-92.50859099979151, 43.87627699979996], [-92.50640999987613, 43.87829999998475], [-92.50587000010097, 43.87873999975253], [-92.50534000037153, 43.87913000018563], [-92.5047600004134, 43.879499999880466], [-92.50407999999783, 43.87990999986863], [-92.50343999976523, 43.88024000014706], [-92.50333600000816, 43.8802890000993], [-92.50267999988205, 43.880600000190995], [-92.50204999969519, 43.88085999976928], [-92.50167999979934, 43.88098000028766], [-92.50000000019938, 43.88153000000279], [-92.49823000018773, 43.88207999982032], [-92.49730000042523, 43.88237000011659], [-92.49463999993574, 43.88322000013082], [-92.49315000030657, 43.8836899998601], [-92.4929550003129, 43.883745000212826], [-92.49268999999904, 43.88381999984688], [-92.49215600007166, 43.88398400007303], [-92.491039999638, 43.88433000029289], [-92.49052300032736, 43.88449199978744], [-92.4891879996106, 43.884910000229176], [-92.48856800036779, 43.88510299971597], [-92.48827799993957, 43.88519500014357], [-92.48820000012178, 43.8852199998552], [-92.48814999989305, 43.88523600010542], [-92.48800000010523, 43.88528400018275], [-92.48794999987652, 43.88529999976834], [-92.48755999988919, 43.88541999976029], [-92.48699900019761, 43.88559700003557], [-92.48526000014812, 43.88615000006037], [-92.48414999956223, 43.88649400009306], [-92.48319999970825, 43.88678999996138], [-92.48175500028492, 43.88723800000897], [-92.48033000005479, 43.88768000032038], [-92.48001600023542, 43.88778000011167], [-92.478669999648, 43.888209999890734], [-92.47793700042729, 43.88843700026265], [-92.47628000039357, 43.888950000086815], [-92.47558999993225, 43.88919000001323], [-92.47546000023591, 43.88923999995711], [-92.47505000015708, 43.88939000018432], [-92.47439999987874, 43.88967000020188], [-92.47389000024081, 43.88992000007638], [-92.47316999964228, 43.89030000028411], [-92.47239999971333, 43.89076999982795], [-92.4719600003956, 43.89108000003154], [-92.47144999985935, 43.89145999995944], [-92.47096299978763, 43.89183499976007], [-92.46832599976267, 43.89387499993631], [-92.46830900004424, 43.89355000024358], [-92.46830499984628, 43.89353599995604], [-92.46825499961756, 43.892537000025875], [-92.46823799989913, 43.8922029998118], [-92.46825499961756, 43.89163500003074], [-92.4683070003944, 43.889933999919165], [-92.46832499993775, 43.88936700009198], [-92.46837000014361, 43.889370000132665], [-92.46840000028084, 43.88863999980262], [-92.46839699990778, 43.888429999842025], [-92.46839000023509, 43.88784999986568], [-92.46840000028084, 43.88632000008768], [-92.46839000023509, 43.88547499981073], [-92.46839000023509, 43.88541000004], [-92.46841000032657, 43.88470000006716], [-92.46839000023509, 43.88460000028481], [-92.46835000005211, 43.88449999968714], [-92.46838000018934, 43.88448999981236], [-92.46841000032657, 43.88445000029649], [-92.46843000041805, 43.883140000014215], [-92.46843000041805, 43.882969000286984], [-92.46843000041805, 43.88290000031489], [-92.46843000041805, 43.88155999981767], [-92.46844999961124, 43.88000999975359], [-92.46844999961124, 43.878282000278276], [-92.46844999961124, 43.87735999983808], [-92.46844999961124, 43.87685599999274], [-92.46844999961124, 43.87678799985685], [-92.46845100033444, 43.87672000029083], [-92.46845200015936, 43.87661399999371], [-92.46845999965697, 43.875382000301855], [-92.4684699997027, 43.87391000009628], [-92.4684699997027, 43.871930000267135], [-92.46846700022799, 43.871367000222854], [-92.46845999965697, 43.870029999756945], [-92.46845999965697, 43.86961999978621], [-92.4684699997027, 43.86858299968614], [-92.46847999974845, 43.867569999723294], [-92.46845999965697, 43.86517999967866], [-92.46845999965697, 43.864244999849916], [-92.46845999965697, 43.86279899991634], [-92.46845999965697, 43.86276100014473], [-92.46845999965697, 43.86272899987517], [-92.46845999965697, 43.86251899990622], [-92.46845999965697, 43.8624500002176], [-92.46845999965697, 43.86219200005478], [-92.46845999965697, 43.861417999992035], [-92.46845999965697, 43.86115999989713], [-92.46845999965697, 43.86103600004171], [-92.46845999965697, 43.86089400015169], [-92.46845999965697, 43.86085000009888], [-92.46845899983208, 43.86077500005183], [-92.46845899983208, 43.86074899973711], [-92.46845700018226, 43.86066400022348], [-92.46845499963409, 43.86054100004987], [-92.46844999961124, 43.86018099994756], [-92.4684399995655, 43.85953600010361], [-92.46843000041805, 43.85886000009732], [-92.4684200003723, 43.85698999999308], [-92.46841000032657, 43.85662999982606], [-92.46840799977845, 43.856524000071644], [-92.46839000023509, 43.8555199999338], [-92.46833199961046, 43.8555199999338], [-92.4681580004315, 43.8555199999338], [-92.46809999980687, 43.8555199999338], [-92.46701600005856, 43.85552600018482], [-92.46376399991537, 43.855544000286564], [-92.4626800001671, 43.85554999988739], [-92.46248000015053, 43.85555100003677], [-92.46188199975074, 43.8555529996876], [-92.46168299955912, 43.8555549999862], [-92.4610199997603, 43.85555799978616], [-92.45903200018877, 43.855569000130934], [-92.45900000040172, 43.85557000027994], [-92.45837000021486, 43.85557000027994], [-92.45627100031525, 43.85557700002709], [-92.45565000034924, 43.85557999982594], [-92.45169000020138, 43.85557000027994], [-92.44997500044134, 43.85557000027994], [-92.44787700036662, 43.85557000027994], [-92.44599000017912, 43.85557000027994], [-92.44390999964776, 43.85557000027994], [-92.44073000037291, 43.855530000135914], [-92.44029500017972, 43.85552600018482], [-92.4383999995963, 43.85550999972995], [-92.43840499961918, 43.85405399996198], [-92.43840999964205, 43.852759999878465], [-92.4383999995963, 43.850950000244225], [-92.43841600038814, 43.84968700009686], [-92.4384199996878, 43.84945999980312], [-92.43840999964205, 43.84872000022425], [-92.43843999977928, 43.848409999886925], [-92.4384909998329, 43.84824100016755], [-92.4380049995861, 43.848277999851874], [-92.42433599976265, 43.84825800025298], [-92.42264899959169, 43.848255000085814], [-92.41886599989415, 43.84824899975108], [-92.41874500041862, 43.8482480001271], [-92.41829199978379, 43.84824899975108], [-92.41648400013732, 43.848246999855284], [-92.39779599963376, 43.84821399994569], [-92.38869700005353, 43.84819399967749], [-92.38776200026815, 43.84819300005263], [-92.38416299979532, 43.848175000323465], [-92.37477700015992, 43.8481460001726], [-92.36944799985841, 43.84812799978145], [-92.36898699972596, 43.84812599988159], [-92.36828000044453, 43.84812500025555], [-92.36376100025493, 43.8481370003016], [-92.35984200011497, 43.84814999997084], [-92.35223900001168, 43.8481460001726], [-92.35023999967117, 43.84814400027335], [-92.34696699961158, 43.848137999927395], [-92.33838000021743, 43.84811500010741], [-92.33269500026377, 43.84811300020713], [-92.32993900041313, 43.84811199993305], [-92.32941700018131, 43.84811000003267], [-92.32909099976808, 43.84811100030677], [-92.32712499993787, 43.84810699985806], [-92.32093799984388, 43.84808900010299], [-92.31897000036383, 43.8480800002234], [-92.3188280000736, 43.8480800002234], [-92.31855000023927, 43.8480800002234], [-92.31840100027635, 43.8480800002234], [-92.31825999981103, 43.8480800002234], [-92.31834000017697, 43.84813999982684], [-92.31840999959887, 43.84821000015174], [-92.31839000040569, 43.84827000027229], [-92.31837000031422, 43.84837000012311], [-92.31837000031422, 43.84857699989054], [-92.31837000031422, 43.84916000004734], [-92.31837199996403, 43.84924900013662], [-92.31839000040569, 43.84986999979313], [-92.31839999955311, 43.85068000002144], [-92.3184199996446, 43.85133999984773], [-92.31843999973609, 43.85185999988665], [-92.31844899995691, 43.852979999869234], [-92.31845900000265, 43.854224000224114], [-92.31845999982757, 43.85431000001973], [-92.31845999982757, 43.8558870000353], [-92.31845999982757, 43.8590899998597], [-92.3184899999648, 43.86060000000684], [-92.31849199961462, 43.86087599972183], [-92.31851000005629, 43.86253999993638], [-92.31850699968324, 43.865426000060374], [-92.31850000001054, 43.87408400008434], [-92.31850000001054, 43.87499999982424], [-92.3184899999648, 43.87583000001694], [-92.31850000001054, 43.876970000122704], [-92.3184969996375, 43.87841000023129], [-92.3184899999648, 43.88273000023957], [-92.3184899999648, 43.88301999996167], [-92.31846999987332, 43.884169999696226], [-92.31844999978182, 43.88583699987606], [-92.31843999973609, 43.88686000023139], [-92.31843999973609, 43.88795000001893], [-92.31842999969035, 43.88872000030189], [-92.31842999969035, 43.890030000232485], [-92.31844499975897, 43.890838000190364], [-92.31844999978182, 43.89106999996665], [-92.31843999973609, 43.89126000026557], [-92.31843999973609, 43.89137999990351], [-92.31844999978182, 43.89209999977493], [-92.3184260003907, 43.89222700028506], [-92.31843300006341, 43.894946000182], [-92.31844200028422, 43.89850600008442], [-92.31838299983467, 43.90207200019368], [-92.31834299965169, 43.90447599984086], [-92.31832299956022, 43.90563900025943], [-92.31833699980392, 43.90637500028168], [-92.31838600020772, 43.909178999727764], [-92.31844999978182, 43.9127200001176], [-92.31846599967537, 43.91376700029056], [-92.31850099983546, 43.91630500004634], [-92.31854900041435, 43.91948100007088], [-92.31855199988908, 43.91989099983998], [-92.31857600017852, 43.923509000263564], [-92.31859899974474, 43.92712599975231], [-92.31862200020929, 43.93074400010394], [-92.31864899997348, 43.934330999822215], [-92.32001599957897, 43.93435500013125], [-92.32083999993458, 43.934369999996015], [-92.324010000062, 43.9344200001648], [-92.32500000009898, 43.9344200001648], [-92.32575999998215, 43.9344200001648], [-92.32587200013515, 43.934421000284196], [-92.32687999971547, 43.93443000006414], [-92.3278250004449, 43.93443000006414], [-92.3279380004228, 43.93443000006414], [-92.32827700035652, 43.93443000006414], [-92.32839000033442, 43.93443000006414], [-92.3297050000614, 43.93443600013232], [-92.33027999999668, 43.93443999996178], [-92.33137999963849, 43.93444999985776], [-92.33182999990028, 43.93444999985776], [-92.33281999993724, 43.93449000007176], [-92.33478400011765, 43.93445999975206], [-92.33556099971928, 43.934464000226825], [-92.33869099966374, 43.9344790000641], [-92.34338300010569, 43.934482999890676], [-92.34864999958458, 43.93448699971698], [-92.34934800044182, 43.93449200030815], [-92.35363800030255, 43.9345030003134], [-92.35851999981698, 43.934521999964794], [-92.35904000039898, 43.93455000001881], [-92.35979000023643, 43.93456999977207], [-92.35994699969696, 43.93456599995135], [-92.36018100004867, 43.9345670000683], [-92.36088800022843, 43.9345690003021], [-92.3717340002541, 43.93461100002152], [-92.3734959998698, 43.93461999977269], [-92.37385200042029, 43.934620999888736], [-92.37433799976877, 43.934623000120766], [-92.40862999996385, 43.93473999999088], [-92.40997400000315, 43.93473999999088], [-92.41096999988788, 43.93473999999088], [-92.41307999965815, 43.93475999968025], [-92.41400899959575, 43.934754999758546], [-92.41528999988584, 43.934749999836406], [-92.41535400035828, 43.934752000064094], [-92.41541100025968, 43.93475300017787], [-92.41558199996389, 43.93475800009975], [-92.41563999969021, 43.93475999968025], [-92.41997499975679, 43.934788000269116], [-92.42010100015348, 43.934788000269116], [-92.42479100004732, 43.9348189998891], [-92.43007599996787, 43.934851999717296], [-92.43125000012785, 43.93485999996691], [-92.4315499997035, 43.93485999996691], [-92.43249999955749, 43.934869999792255], [-92.43285000026017, 43.934880000262794], [-92.43348399974667, 43.93488500017399], [-92.43751000001677, 43.93492000018756], [-92.43794600003487, 43.934927000317145], [-92.43805700036295, 43.93492799978111], [-92.43817000034085, 43.934930000002815], [-92.43843599958132, 43.9349320002244], [-92.4384349997564, 43.93475900021347], [-92.43843999977928, 43.93473999999088], [-92.43845800022095, 43.934186999705396], [-92.43845999987076, 43.934139999713096], [-92.43845999987076, 43.93247100010395], [-92.43845999987076, 43.9318999997462], [-92.43845999987076, 43.93110000015179], [-92.43845400002299, 43.9304009997105], [-92.43843999977928, 43.928419999995505], [-92.43847999996224, 43.9269900003199], [-92.43849000000797, 43.92626999989496], [-92.43849400020596, 43.925907000155775], [-92.43850000005374, 43.92540000010098], [-92.43849000000797, 43.92454999976389], [-92.43847999996224, 43.92440999976133], [-92.43855000028245, 43.924299999713064], [-92.43857600022172, 43.92424600022666], [-92.4385899995671, 43.92421999978547], [-92.43871000011602, 43.9241399997503], [-92.43894000026978, 43.92406999995476], [-92.43905999992037, 43.92400000007686], [-92.43907099979104, 43.923989000070094], [-92.43920999970821, 43.923860000074], [-92.43933000025713, 43.923910000020435], [-92.43963999987852, 43.92402000014281], [-92.44001999982011, 43.92409999969237], [-92.44035000043132, 43.92415000008407], [-92.44197999980256, 43.92415999976918], [-92.44202300035859, 43.924159000124256], [-92.45058499963838, 43.924137000167434], [-92.45344000012153, 43.92413000006184], [-92.4542900004164, 43.92413000006184], [-92.45496999993367, 43.92413000006184], [-92.45550999970884, 43.92415000008407], [-92.45585000036576, 43.92417000009959], [-92.456309999775, 43.92425999976272], [-92.45670999980808, 43.9243800001801], [-92.45680799971737, 43.924418999762175], [-92.45707999970394, 43.92452999987613], [-92.45747999973702, 43.92478000025442], [-92.45755000005721, 43.92483000007463], [-92.45774000002801, 43.92496999973573], [-92.45800000031902, 43.92523999986174], [-92.45822000042705, 43.925600000280056], [-92.45826599955947, 43.92569600002367], [-92.45833000003189, 43.925829999945904], [-92.45839000030635, 43.92603999998939], [-92.45843999963675, 43.92658000030158], [-92.45840500037498, 43.92909000019554], [-92.45839000030635, 43.930229999837316], [-92.45839000030635, 43.9303340000836], [-92.45839000030635, 43.930429999950434], [-92.45839600015414, 43.93064599973125], [-92.4584000003521, 43.93074999989707], [-92.45840399965174, 43.931565000243125], [-92.45841000039783, 43.932649999903184], [-92.45841000039783, 43.93368499972528], [-92.45841000039783, 43.934012999988525], [-92.45841000039783, 43.934730000143674], [-92.45841000039783, 43.934829999833866], [-92.45841000039783, 43.93490800014829], [-92.45840700002479, 43.935512000197384], [-92.4584000003521, 43.93751000030289], [-92.45839799980396, 43.937558000285854], [-92.45839000030635, 43.93775999981623], [-92.4584000003521, 43.93823999976474], [-92.4586120000642, 43.93822500022928], [-92.45924800009884, 43.93818000030653], [-92.45945999981095, 43.93815999982676], [-92.45999000043868, 43.938113999797544], [-92.46157899980204, 43.937979000321896], [-92.4621100002547, 43.93793400021292], [-92.46213100017108, 43.93793200009231], [-92.4621599995851, 43.93792999997159], [-92.46234799990607, 43.93792999997159], [-92.46253000037925, 43.93792999997159], [-92.46276999968045, 43.937949999881845], [-92.46297999974274, 43.93801000021902], [-92.46305000006295, 43.93803799992442], [-92.46317999975929, 43.938089999711934], [-92.46327000017097, 43.938132000178854], [-92.4633499996386, 43.93816999974405], [-92.46340599971509, 43.93820300030003], [-92.46341999995879, 43.93821200015446], [-92.46351299984522, 43.93826800000866], [-92.46359999988384, 43.938320000241916], [-92.46362900019618, 43.93834300018131], [-92.4637570002427, 43.93844999997919], [-92.46378200035704, 43.93846999971454], [-92.46385199977891, 43.93852800007326], [-92.46393999964248, 43.938599999770695], [-92.46452999964635, 43.93913999989738], [-92.46457099965424, 43.93916899975703], [-92.46475999980012, 43.93930000026283], [-92.46487000030329, 43.9393599998846], [-92.46492999967944, 43.93937999996067], [-92.46503000013686, 43.93942000009263], [-92.46508299984032, 43.93942000009263], [-92.4651599998332, 43.93942000009263], [-92.46533999975826, 43.93942999979801], [-92.4655680002622, 43.93943499997349], [-92.46572999974559, 43.93944000014852], [-92.46572999974559, 43.93939000031959], [-92.46572999974559, 43.939309999988346], [-92.4657590000579, 43.93886499990066], [-92.46576999992857, 43.938709999894776], [-92.46586000034024, 43.9381900002204], [-92.46592999976214, 43.93787000020056], [-92.466159000091, 43.937190999930685], [-92.46620000009888, 43.937070000055584], [-92.46642000020691, 43.93667999999599], [-92.46647600028341, 43.93669199967773], [-92.46664399961459, 43.93672800000207], [-92.46669999969109, 43.93674000032096], [-92.46681299966899, 43.936558000291406], [-92.46703000030227, 43.93620999999207], [-92.46715699962556, 43.93601499972589], [-92.46725999955773, 43.93586000005338], [-92.46727999964921, 43.93584000008707], [-92.4674470000538, 43.935654000142954], [-92.46765000044337, 43.93543000026575], [-92.4679399999733, 43.93515000004129], [-92.46797900033134, 43.935124999945565], [-92.46809999980687, 43.935050000242306], [-92.46820100008922, 43.935011999977014], [-92.46825999964044, 43.93499000015282], [-92.4684399995655, 43.9349500002752], [-92.46876000013094, 43.934930000002815], [-92.46906300007964, 43.934931000113636], [-92.47167800036328, 43.934944999722546], [-92.47255000039948, 43.9349500002752], [-92.47370100009492, 43.93496600010008], [-92.47397999975418, 43.934969999893895], [-92.47531499957265, 43.934969999893895], [-92.47601000005683, 43.934969999893895], [-92.47657999996922, 43.934969999893895], [-92.47715800027753, 43.934969999893895], [-92.47760000014341, 43.934969999893895], [-92.47830999979787, 43.934979999700744], [-92.4789580004264, 43.934979999700744], [-92.47906999968107, 43.934979999700744], [-92.47944999962269, 43.93499000015282], [-92.48090099979208, 43.93499000015282], [-92.48155000024552, 43.93499000015282], [-92.48251000014525, 43.93499000015282], [-92.48259999965862, 43.93496000008536], [-92.48439300013479, 43.9349099997237], [-92.48467799964183, 43.93491599974346], [-92.48617599966691, 43.93494900016469], [-92.48834400006182, 43.9350509997042], [-92.48840199978812, 43.93500900029554], [-92.49030999989203, 43.93501699987712], [-92.49053699967277, 43.93502100031442], [-92.49323099959913, 43.9350300000036], [-92.49335899964564, 43.9350300000036], [-92.49374799980806, 43.9350300000036], [-92.49387800040272, 43.9350300000036], [-92.49414399964319, 43.9350300000036], [-92.49466699969992, 43.9350300000036], [-92.4946850001416, 43.9350300000036], [-92.49494200005954, 43.9350300000036], [-92.49520900002322, 43.9350300000036], [-92.4956299999727, 43.9350300000036], [-92.49571000033865, 43.9350300000036], [-92.49627299968004, 43.935034999902186], [-92.49633200012958, 43.9350360000112], [-92.49634499965005, 43.9350360000112], [-92.49689600019418, 43.93504300012719], [-92.49696999981403, 43.93504400023611], [-92.49731799996859, 43.935048000024686], [-92.49750000044178, 43.935050000242306], [-92.49807500037704, 43.935051999812984], [-92.49832800009702, 43.935052999921766], [-92.49842500018141, 43.935052999921766], [-92.50000000019938, 43.9350600000357], [-92.50034599980579, 43.935061000144344], [-92.50091099969531, 43.93506499993177], [-92.50110400003915, 43.935066000040315], [-92.5025569998584, 43.93507400026115], [-92.50357000035989, 43.935080000264364], [-92.5069160002144, 43.93508899994456], [-92.50692999955979, 43.93509000005272], [-92.50836999985857, 43.93509999983939], [-92.50930700019207, 43.93509999983939], [-92.50996999999089, 43.93509999983939], [-92.51211999994413, 43.93510599983993], [-92.51305800010256, 43.935110000271244], [-92.51319000034704, 43.935110000271244], [-92.51341299992978, 43.935110000271244], [-92.51401800000228, 43.935110000271244], [-92.51447999995966, 43.935110000271244], [-92.51622999987981, 43.935110000271244], [-92.51689799970148, 43.93511199983991], [-92.51785799960123, 43.93511600027082], [-92.5183620002897, 43.935116999731605], [-92.51910000043159, 43.935120000054546], [-92.51995999987389, 43.935120000054546], [-92.52280000028843, 43.935120000054546], [-92.52581999972972, 43.935110000271244], [-92.52626699961846, 43.935110000271244], [-92.52836999971602, 43.935110000271244], [-92.52928000028538, 43.935110000271244], [-92.5302610001015, 43.935117999839285], [-92.53148999961475, 43.93512999983617], [-92.53593699983433, 43.93513599983373], [-92.5378290000447, 43.935139000155715], [-92.53799800009911, 43.935139000155715], [-92.53831000026864, 43.935140000263026], [-92.53837999969052, 43.935120000054546], [-92.53845000001073, 43.935118999946944], [-92.543384000302, 43.935074999722644], [-92.54833399958851, 43.935061000144344], [-92.54883400007901, 43.9350600000357], [-92.55328499959822, 43.935048000024686], [-92.55343399956114, 43.935046999915826], [-92.55801999969789, 43.93502000020516], [-92.55802999974364, 43.93548999991127], [-92.55802999974364, 43.936280999820745], [-92.55802999974364, 43.936589000282474], [-92.55803999978937, 43.93750000027465], [-92.55802999974364, 43.938770000111916], [-92.55802399989585, 43.93916699967796], [-92.55800899982724, 43.940068000034], [-92.55798999956066, 43.94132999997668], [-92.5579720000173, 43.94214000026894], [-92.55797000036749, 43.94227000006272], [-92.55797000036749, 43.94256000022022], [-92.55798000041324, 43.944199999983645], [-92.55798000041324, 43.94457100020637], [-92.55798000041324, 43.94515000000352], [-92.55798999956066, 43.94535999974279], [-92.5579999996064, 43.94537899980576], [-92.55801499967501, 43.946020999931335], [-92.55800899982724, 43.94660899971144], [-92.55798799991084, 43.94908099990085], [-92.55798200006305, 43.94952400010737], [-92.55798600026101, 43.95032099997847], [-92.55798999956066, 43.951595000122445], [-92.55798999956066, 43.95175800008053], [-92.55799100028388, 43.9521639999053], [-92.5579920001088, 43.952442999734856], [-92.5579920001088, 43.95253200012815], [-92.5579920001088, 43.95264899967942], [-92.55799399975862, 43.952931999697824], [-92.5579929999337, 43.95334199976088], [-92.5579929999337, 43.953886000311016], [-92.55800299997946, 43.956606000145065], [-92.55800999965213, 43.95801500025848], [-92.55801999969789, 43.95976199998379], [-92.55804300016243, 43.96376000029259], [-92.55804300016243, 43.963948000129484], [-92.55805400003307, 43.96597199981576], [-92.55805999988085, 43.96697800029119], [-92.5580630002539, 43.967581000161545], [-92.55806599972865, 43.96814000005579], [-92.55806999992662, 43.96836000003696], [-92.55806999992662, 43.96902000026359], [-92.55810000006383, 43.970700000249536], [-92.55809000001808, 43.971109999901564], [-92.55809000001808, 43.971249999859836], [-92.55806999992662, 43.97222000001913], [-92.55807999997235, 43.973120000260586], [-92.55809000001808, 43.97372000017104], [-92.55809000001808, 43.97435000008224], [-92.55809000001808, 43.9752400002236], [-92.5580830003454, 43.97605699975538], [-92.55807999997235, 43.97646000015585], [-92.55813000020105, 43.977750000267775], [-92.5581329996758, 43.97840800017009], [-92.55813799969866, 43.97908400015252], [-92.5581400002468, 43.97934000004536], [-92.55813000020105, 43.98113000010343], [-92.55813000020105, 43.98181999967927], [-92.55812000015531, 43.98328000005578], [-92.55815000029256, 43.98478000005921], [-92.55815000029256, 43.985670000286554], [-92.55815000029256, 43.98573499979119], [-92.55815000029256, 43.98609999986404], [-92.55816000033829, 43.98634999988499], [-92.55816000033829, 43.98637499976454], [-92.55815500031541, 43.98659099986244], [-92.55816000033829, 43.987858000100715], [-92.5581610001632, 43.9882569998148], [-92.5581619999881, 43.988541999907454], [-92.55816399963794, 43.98914599977133], [-92.55817000038402, 43.99015999991928], [-92.55818600027754, 43.99236700022192], [-92.55818600027754, 43.99247500013016], [-92.55818899975229, 43.99280100018101], [-92.55818999957721, 43.992909999727196], [-92.55818999957721, 43.99298599987337], [-92.55819200012535, 43.99321599992682], [-92.55819299995025, 43.9932930001024], [-92.55819799997312, 43.99392599972322], [-92.55819999962296, 43.99415999969915], [-92.55819999962296, 43.9955899998244], [-92.5581970001482, 43.995825999812276], [-92.55818999957721, 43.996459999924106], [-92.55818000042977, 43.99672000001125], [-92.55818000042977, 43.997090000234024], [-92.55817200003385, 43.99731799983026], [-92.5581539995922, 43.997845000220806], [-92.55813000020105, 43.998549999837344], [-92.55814799974442, 43.99989200006958], [-92.55815000029256, 43.999990000000935], [-92.5581460000946, 44.00075099975508], [-92.55814100007171, 44.00166699976664], [-92.5581400002468, 44.001990000190375], [-92.55814500026968, 44.002472000093334], [-92.55815000029256, 44.00286000014639], [-92.55811000010958, 44.00360999978365], [-92.5581129995843, 44.00391699997162], [-92.55812000015531, 44.00439999996001], [-92.55812000015531, 44.004962000239296], [-92.55812000015531, 44.00501000001406], [-92.55811000010958, 44.00585999995694], [-92.55811000010958, 44.00664800014541], [-92.55811000010958, 44.00684000001564], [-92.55810000006383, 44.007209999803024], [-92.55807699959928, 44.007766000179906], [-92.55805999988085, 44.00817999976208], [-92.55806999992662, 44.009169999855715], [-92.55806599972865, 44.00943799971082], [-92.55805999988085, 44.00997999985857], [-92.55805999988085, 44.00999600015718], [-92.55831500014898, 44.00995299995057], [-92.55851199979247, 44.00992899980661], [-92.55871600000698, 44.009868000231634], [-92.5588099997183, 44.009846999833854], [-92.55885800029719, 44.009841000272644], [-92.5589570000314, 44.00984199976885], [-92.55912400043597, 44.00985599982065], [-92.55935899971429, 44.009877000215226], [-92.5594569996236, 44.009877000215226], [-92.55950400037757, 44.00986999986918], [-92.55959499971586, 44.009841000272644], [-92.55989600001473, 44.00970799993623], [-92.5599420000455, 44.00969399984946], [-92.56014200006203, 44.00967000024684], [-92.56018700026789, 44.0096579997958], [-92.56022499990272, 44.009636999969764], [-92.56028299962904, 44.00957200015339], [-92.56031500031439, 44.00954600020691], [-92.56035600032227, 44.009538000320475], [-92.5605620001866, 44.00958000003524], [-92.5606040000194, 44.009573999800914], [-92.56062999995866, 44.00954699970809], [-92.56064900022525, 44.00951199971303], [-92.56067699981433, 44.009438999859874], [-92.56069199988295, 44.0093670000672], [-92.56071500034747, 44.009335999923145], [-92.56074700013453, 44.009308000216826], [-92.56082499995235, 44.00925200011833], [-92.56084000002095, 44.00922399972627], [-92.56082199957929, 44.00919599996702], [-92.56074799995945, 44.009138000100634], [-92.5606600000959, 44.00904700021834], [-92.56063800035459, 44.00901499975084], [-92.56062699958561, 44.00898199975539], [-92.56062699958561, 44.00894700007302], [-92.56063400015663, 44.00891000005406], [-92.5606609999208, 44.0088389997784], [-92.5606829996621, 44.008806999844786], [-92.56074299993656, 44.008748000083415], [-92.5607589998301, 44.00871399977815], [-92.5607799997465, 44.00864400007649], [-92.56079300016529, 44.008570999801144], [-92.56079599964, 44.008464000279595], [-92.56078599959427, 44.008428000125434], [-92.56076600040112, 44.00839400028285], [-92.56070799977647, 44.008335000110726], [-92.5605489997678, 44.00823399988782], [-92.56048199982065, 44.008190999695955], [-92.56044800038379, 44.00816400026575], [-92.56042599974417, 44.00813199996797], [-92.5604070003759, 44.00806299975167], [-92.56038999975915, 44.00790500010587], [-92.56036899984275, 44.0077740003053], [-92.56036499964479, 44.00770199978372], [-92.56037100039089, 44.007631000000366], [-92.56044699966056, 44.0072260002028], [-92.56140999993335, 44.00724000022599], [-92.56250000042772, 44.007250000148254], [-92.56399500007977, 44.00725499978568], [-92.56502000027682, 44.007260000068776], [-92.565820000343, 44.00726999998766], [-92.56741000042958, 44.00729999973416], [-92.56780000041691, 44.00729999973416], [-92.56950000010835, 44.00731000029238], [-92.57100099960816, 44.00732199992629], [-92.57464100008889, 44.00734899973971], [-92.57647600039785, 44.00736299973393], [-92.57739000026682, 44.00736999972974], [-92.57819000033298, 44.007380000276164], [-92.57819000033298, 44.00808299996308], [-92.57819000033298, 44.0088199999814], [-92.57817100006642, 44.010245000169974], [-92.57817000024151, 44.01036000013172], [-92.57819000033298, 44.01205000014575], [-92.57820000037873, 44.01411999989591], [-92.57818000028725, 44.01642000029498], [-92.57818000028725, 44.018210000301735], [-92.57818600013503, 44.01884400022529], [-92.57819000033298, 44.0192400002919], [-92.57818000028725, 44.0212900000722], [-92.57818000028725, 44.02135999970493], [-92.57819000033298, 44.0217099998588], [-92.5791200000955, 44.0217099998588], [-92.57972000014513, 44.0217099998588], [-92.58006999994949, 44.0217099998588], [-92.58191000028133, 44.02172399969274], [-92.58257999975285, 44.02172999998972], [-92.58284099986875, 44.02172999998972], [-92.58388199995933, 44.02172999998972], [-92.58415999979368, 44.02172999998972], [-92.5859199997596, 44.021719999925075], [-92.58700799970583, 44.02172500028062], [-92.58804999962133, 44.02172999998972], [-92.58915000016145, 44.02172999998972], [-92.58997000031911, 44.02172999998972], [-92.59031599992552, 44.021726000222465], [-92.59176000042224, 44.0217099998588], [-92.59426000017986, 44.021660000147875], [-92.59439999992193, 44.021660000147875], [-92.59547000032484, 44.02165000007143], [-92.59585000026644, 44.02165000007143], [-92.59711300011487, 44.02164099993662], [-92.59726999957539, 44.0216399999933], [-92.59938000024397, 44.0216399999933], [-92.59974799959168, 44.0216399999933], [-92.60040999956558, 44.0216399999933], [-92.60085200032978, 44.021644999709615], [-92.6012199996775, 44.02165000007143], [-92.60162399990855, 44.021651000014536], [-92.60283599970334, 44.0216570003189], [-92.6032399999344, 44.021660000147875], [-92.60422199957544, 44.02167399999367], [-92.60463000000445, 44.02168000029566], [-92.6061339998773, 44.021719999925075], [-92.60649000042777, 44.02172999998972], [-92.60716699957197, 44.02173800016939], [-92.60814999993623, 44.0217500001139], [-92.60993199964345, 44.02176000017347], [-92.611710000051, 44.02177000023136], [-92.61276000036243, 44.02178000028757], [-92.61527699983847, 44.02179500004572], [-92.61569600013813, 44.0217979998677], [-92.61602000000322, 44.021799999748914], [-92.6170600002689, 44.021799999748914], [-92.61753399992183, 44.02179699992702], [-92.61895599977892, 44.02178999969613], [-92.61905000038857, 44.02178999969613], [-92.61943000033017, 44.02180999980006], [-92.61968999972284, 44.02180999980006], [-92.61972099968499, 44.021811999680914], [-92.62024000044208, 44.02186000003045], [-92.62059199989626, 44.021911000157345], [-92.62079000026299, 44.02194000031129], [-92.62087999977635, 44.0219599997187], [-92.62106999974714, 44.02183999994334], [-92.6212000003418, 44.021799999748914], [-92.62139000031262, 44.02178000028757], [-92.62141999955153, 44.02178000028757], [-92.6223119996792, 44.02177200011353], [-92.62262999969651, 44.02177000023136], [-92.62325999988336, 44.02177000023136], [-92.62515000044392, 44.02177000023136], [-92.62572000035631, 44.02178000028757], [-92.62658800019453, 44.021788999755316], [-92.62673499960931, 44.02178999969613], [-92.62775999980637, 44.021799999748914], [-92.62821000006818, 44.021799999748914], [-92.63048999971777, 44.02178000028757], [-92.63221700007168, 44.02178000028757], [-92.63249999992891, 44.02178000028757], [-92.63320000043596, 44.02178000028757], [-92.63645800042693, 44.021766999762], [-92.6380600002091, 44.02176000017347], [-92.64187999971654, 44.02176000017347], [-92.64255000008636, 44.02176000017347], [-92.64424099955696, 44.02175199999677], [-92.64477000035978, 44.0217500001139], [-92.64557999957339, 44.0217500001139], [-92.64616999957727, 44.0217500001139], [-92.64825000010862, 44.0217500001139], [-92.65092999979127, 44.02176000017347], [-92.65159000011536, 44.021763999938436], [-92.65225999958686, 44.02177000023136], [-92.65268599955922, 44.02177000023136], [-92.65302000036837, 44.02177000023136], [-92.65364999965692, 44.02177000023136], [-92.65496000025934, 44.02178000028757], [-92.6566399998593, 44.02178000028757], [-92.65692000024177, 44.02178000028757], [-92.65722999986318, 44.02178000028757], [-92.65857999975024, 44.02178000028757], [-92.6616119997854, 44.02178000028757], [-92.66191999975699, 44.02178000028757], [-92.66339000019298, 44.02178999969613], [-92.66362000034674, 44.02178999969613], [-92.66495299961707, 44.02179500004572], [-92.66633000016662, 44.021799999748914], [-92.66914000044395, 44.021799999748914], [-92.67200000005167, 44.02180999980006], [-92.67313999987647, 44.02180999980006], [-92.67354499993242, 44.02180999980006], [-92.6737900001548, 44.02180999980006], [-92.67679000040292, 44.02181999984953], [-92.67782999977027, 44.02180999980006], [-92.67805999992405, 44.02180999980006], [-92.67810199975683, 44.018072999985925], [-92.67810000010702, 44.01604400023998], [-92.67811699982545, 44.013639999824996], [-92.67811900037357, 44.013167999789154], [-92.67812900041935, 44.011752999864136], [-92.67813299971898, 44.01128199978743], [-92.67813799974184, 44.01050899981239], [-92.67815399963538, 44.00819199986604], [-92.67816000038147, 44.00741999986063], [-92.67815299981046, 44.00671899981313], [-92.67814000028997, 44.00520999984212], [-92.67812900041935, 44.00461899976267], [-92.6781200001985, 44.00406999999618], [-92.67811000015276, 44.003920000051906], [-92.67805999992405, 44.002609999883404], [-92.67799999964959, 44.00022000004816], [-92.67800999969532, 43.99953700009049], [-92.67803700035783, 43.99900100017132], [-92.67803999983256, 43.99892600030039], [-92.67803999983256, 43.998365999732414], [-92.67801999974108, 43.997647000169266], [-92.67802999978682, 43.99713700020548], [-92.6780499998783, 43.99648700015765], [-92.67802999978682, 43.99591800032001], [-92.67801999974108, 43.9950389997341], [-92.67802999978682, 43.99450899971655], [-92.67802999978682, 43.9937700000883], [-92.67803999983256, 43.99194799987261], [-92.67803300015986, 43.98979900023419], [-92.67802099956597, 43.989388999711935], [-92.67801999974108, 43.98906900003208], [-92.6780289999619, 43.98864899981339], [-92.67802999978682, 43.988510999868446], [-92.67803900000764, 43.98763999970221], [-92.6780289999619, 43.98727900020188], [-92.6780289999619, 43.986799000099595], [-92.67803900000764, 43.98639000007501], [-92.6780289999619, 43.98589899970669], [-92.67803999983256, 43.98577000024079], [-92.6780499998783, 43.98539000016489], [-92.67805999992405, 43.98446000009319], [-92.67809000006127, 43.983319999729], [-92.67809000006127, 43.98264999986996], [-92.67808000001553, 43.98236999972418], [-92.67808000001553, 43.98194000027642], [-92.67808300038858, 43.98181999967927], [-92.67810199975683, 43.98131399999872], [-92.67812900041935, 43.98020699984368], [-92.67813600009201, 43.97934400008543], [-92.67816000038147, 43.97896100019782], [-92.67816100020637, 43.97885500030044], [-92.67814299976472, 43.978549999777904], [-92.67816600022925, 43.977108999703695], [-92.67816799987908, 43.97437900021791], [-92.67816600022925, 43.973255000090155], [-92.67817299990195, 43.970931999681255], [-92.67817299990195, 43.97077400007753], [-92.67817299990195, 43.96980899978259], [-92.67817200007703, 43.96685000002113], [-92.67817100025214, 43.96553500018089], [-92.67817100025214, 43.96437900016866], [-92.67817899974973, 43.96413600001803], [-92.67818100029787, 43.96410800031998], [-92.67818999962039, 43.96402700001069], [-92.67818999962039, 43.96399999988303], [-92.67818600032075, 43.963335000026575], [-92.67817999957464, 43.96216999977337], [-92.67818499959752, 43.96134300005592], [-92.67818999962039, 43.960680000204185], [-92.67815000033573, 43.9604899997166], [-92.67815000033573, 43.958920000239104], [-92.6781910003436, 43.95833400011629], [-92.67817799992481, 43.95413199971408], [-92.6781839997726, 43.953591000159975], [-92.6781839997726, 43.952981999778096], [-92.67818999962039, 43.95208000001304], [-92.67817999957464, 43.95094000017546], [-92.67820999971187, 43.949789999912014], [-92.67819999966613, 43.949729999821784], [-92.67819999966613, 43.94969000015914], [-92.67817999957464, 43.94959000023802], [-92.67817999957464, 43.9492500001531], [-92.67818600032075, 43.94885100025511], [-92.67819999966613, 43.947970000194566], [-92.67819999966613, 43.94673999999323], [-92.67820999971187, 43.9462600001091], [-92.67820999971187, 43.94621000019471], [-92.67820999971187, 43.945329999733055], [-92.67819999966613, 43.94436000031482], [-92.67820999971187, 43.943890000218666], [-92.67820999971187, 43.94387999996979], [-92.67821999975762, 43.94172999990315], [-92.67820999971187, 43.94137000009044], [-92.67820999971187, 43.940950000141186], [-92.67821999975762, 43.940510000122984], [-92.67822700032862, 43.93952999999341], [-92.67822999980336, 43.93913000014322], [-92.67821999975762, 43.938079999781195], [-92.67822200030574, 43.93806500020537], [-92.67821999975762, 43.93803599980727], [-92.67821999975762, 43.93802499980872], [-92.67821999975762, 43.937471000247825], [-92.67821999975762, 43.93692999976457], [-92.67822999980336, 43.935869999710576], [-92.67822899997844, 43.93581199999355], [-92.67821999975762, 43.93526000007874], [-92.6782330001764, 43.9348009997987], [-92.67824499987196, 43.93340699996727], [-92.67824900006994, 43.93293999975714], [-92.67825800029075, 43.93155200000612], [-92.67828199968189, 43.92779500006388], [-92.67827900020716, 43.92595400018443], [-92.67828599987985, 43.924958000276824], [-92.67829000007781, 43.9243919997556], [-92.67828900025289, 43.922829999722026], [-92.67829400027577, 43.92108799998359], [-92.67829400027577, 43.92033499984707], [-92.67830199977338, 43.91836400009546], [-92.67830599997133, 43.91743200001794], [-92.67829900029864, 43.917227000103004], [-92.6783090003444, 43.91669199980755], [-92.67831099999421, 43.91623299988837], [-92.67832000021505, 43.91424699974477], [-92.67831500019217, 43.912795000150965], [-92.67826599978837, 43.90637099985942], [-92.6782619995904, 43.90535199987319], [-92.67826999998631, 43.902023000036515], [-92.6782740001843, 43.90038799991092], [-92.6782740001843, 43.900282999698696], [-92.6782750000092, 43.89856900030183], [-92.67826900016142, 43.893619999689854], [-92.67826699961329, 43.891952000271125], [-92.67827199963614, 43.89007799968375], [-92.67827900020716, 43.88760200023717], [-92.67829799957542, 43.879998000294236], [-92.6783090003444, 43.87746000011771], [-92.67830199977338, 43.876289000008704], [-92.67829500010069, 43.87596400019372], [-92.67824999989483, 43.87491999967852], [-92.67825400009279, 43.873966000252075], [-92.67828300040512, 43.8679700001384], [-92.67829299955254, 43.86597200031332], [-92.67827099981123, 43.86462099998127], [-92.6782680003365, 43.8629790001074], [-92.67828400023004, 43.85835399969938], [-92.67829099990271, 43.8558129997201], [-92.67828300040512, 43.85482200007717], [-92.6782959999256, 43.84858699996127], [-92.67841099955332, 43.84858699996127], [-92.67966699972906, 43.84858399981066], [-92.68505299993198, 43.84858599969515], [-92.68613500003045, 43.84858699996127], [-92.68663999964551, 43.84855999989603], [-92.68692500005086, 43.848563000047854], [-92.68749999998613, 43.84856999996961], [-92.68880300001754, 43.84856999996961], [-92.6893910003716, 43.84856999996961]]]}}, {"type": "Feature", "properties": {"tract_id": "27109000901", "name": "Tract Census Tract 9.01", "pct_white_2020": 74.9, "pct_black_2020": 9.7, "pct_hispanic_2020": 10.5, "pct_asian_2020": 1.7, "population_2020": 7438, "is_sample_data": false, "pct_white_1970": 93.8, "pct_black_1970": 10.1, "pct_hispanic_1970": 10.8, "pct_asian_1970": 0, "pct_white_1990": 82.7, "pct_black_1990": 8.5, "pct_hispanic_1990": 3.8, "pct_asian_1990": 0}, "geometry": {"type": "Polygon", "coordinates": [[[-92.44157999976947, 44.0089800000879], [-92.44153999958651, 44.008940000263266], [-92.44142999998165, 44.008789999711496], [-92.44138200030106, 44.00872000009948], [-92.44124000001085, 44.008510000121696], [-92.44086599991702, 44.0078889998893], [-92.44079999979479, 44.00778000007564], [-92.44070299971042, 44.00760700020912], [-92.44064499998409, 44.007503000139906], [-92.44056999964101, 44.00736999972974], [-92.44044300031773, 44.00721200017631], [-92.44036999962448, 44.00711999973538], [-92.44022700040767, 44.006824999704875], [-92.44015000041476, 44.00667999995158], [-92.439920000261, 44.006260000314555], [-92.43977200012299, 44.006023999828884], [-92.43919999966246, 44.00510999968928], [-92.43894000026978, 44.004739999725814], [-92.43846400006872, 44.0040190000318], [-92.43825999985422, 44.00370999988043], [-92.43816299976983, 44.00357700001194], [-92.4379700003243, 44.003309999774224], [-92.43756000024548, 44.00281000004884], [-92.43732800044188, 44.00256700013775], [-92.4368999999214, 44.002120000214724], [-92.43662299991196, 44.00184999969651], [-92.43654000007129, 44.00177000009673], [-92.43638000023772, 44.00162000015256], [-92.43617000017544, 44.00143000010963], [-92.43609999985524, 44.00137100011875], [-92.43538000015502, 44.00077000019808], [-92.435232000017, 44.0006590002789], [-92.43502000030489, 44.000499999997906], [-92.43492999989321, 44.00044000007375], [-92.43473999992243, 44.000299999799374], [-92.43457000004311, 44.0001849997192], [-92.43448999967717, 44.000129999714446], [-92.43430999975212, 44.00000999970332], [-92.43344000026406, 43.99950200000483], [-92.43306000032247, 43.999279999737674], [-92.43223099994398, 43.9987840003196], [-92.43109000029429, 43.998100000292844], [-92.42975799995054, 43.997277999896426], [-92.42908000008315, 43.99685999968572], [-92.42893500031818, 43.99677499994583], [-92.42872299970776, 43.99664999972701], [-92.42856299987419, 43.99655600026788], [-92.42744999981356, 43.99589900026196], [-92.42707999991772, 43.995679999935945], [-92.42681499960385, 43.995520000145895], [-92.42601999956055, 43.995040999871485], [-92.42575599996991, 43.99488200004552], [-92.42569599969545, 43.99484600005013], [-92.42568399999989, 43.994838999868975], [-92.42557000019707, 43.99476999970097], [-92.42547099956457, 43.99471199994725], [-92.42540000031777, 43.994670000045645], [-92.42541200001334, 43.99466200009176], [-92.42544799999835, 43.99463699982509], [-92.4254599996939, 43.99463000026555], [-92.42504899979018, 43.99437899981847], [-92.4238400003684, 43.99363999986389], [-92.42381799972877, 43.99362700027815], [-92.42340000015236, 43.993390000173], [-92.42298400022574, 43.99314500025549], [-92.4228400002857, 43.99305999971808], [-92.42237999997816, 43.99279999975143], [-92.42184400040094, 43.99253999993828], [-92.42170299993566, 43.99247099968226], [-92.42127000029059, 43.992259999909635], [-92.42015999970472, 43.99170999972343], [-92.41946400029396, 43.99140000028658], [-92.41875499956608, 43.991083999711165], [-92.41809500014028, 43.99078900008108], [-92.41802999984297, 43.99076000020481], [-92.41707999998897, 43.990349999858104], [-92.41645900002295, 43.9900729999722], [-92.41515000014377, 43.989489999703096], [-92.41459899959962, 43.9892440000001], [-92.41449999986543, 43.98919999977229], [-92.413970000136, 43.98898999985163], [-92.41376799957133, 43.98890899986833], [-92.41316300039715, 43.98866699975448], [-92.41311999984111, 43.98865000031294], [-92.41296000000756, 43.988590000040105], [-92.41292300019764, 43.988575000285586], [-92.4128150002426, 43.98852999970663], [-92.4127790002576, 43.98851599979241], [-92.41242600008016, 43.98837099988681], [-92.41240299961564, 43.98836199987209], [-92.41220000012437, 43.98827999981862], [-92.41126100014104, 43.987937999714084], [-92.41111200017812, 43.98788399985765], [-92.4108800003745, 43.987800000055095], [-92.41061099986268, 43.98770000028902], [-92.41042000006698, 43.98762999970622], [-92.40980900014671, 43.98739599983638], [-92.40954200018302, 43.987295000159996], [-92.40943099985493, 43.98725200030319], [-92.40925400030292, 43.98718500011853], [-92.40909799976899, 43.98712500030383], [-92.40898800016414, 43.98708300020352], [-92.40846299955926, 43.986888999970105], [-92.4083300003882, 43.9868399998708], [-92.40728000007678, 43.98643999978989], [-92.40701999978579, 43.98634000031803], [-92.40689599993722, 43.98629400009075], [-92.40647800036079, 43.98614100011806], [-92.40637200005558, 43.98610200030274], [-92.40622899994045, 43.98604899996573], [-92.40580200014318, 43.98589199976293], [-92.40565999985296, 43.98583999978533], [-92.40535799972918, 43.98573399988888], [-92.40505999980334, 43.98563000025771], [-92.40454000011967, 43.98542999970908], [-92.40446200030186, 43.98539600025984], [-92.4041700002238, 43.98527000007777], [-92.40401000039024, 43.98519999986108], [-92.40363399974828, 43.984995000228984], [-92.40357000017417, 43.984959999968815], [-92.40324999960873, 43.98477000022776], [-92.40287999971288, 43.98452000001624], [-92.40234999998346, 43.98407000008486], [-92.40219799964748, 43.98391199988587], [-92.40178000007104, 43.983480000091504], [-92.4016279997351, 43.98331200018434], [-92.40117199962552, 43.98280800019584], [-92.40102000018787, 43.982639999679726], [-92.4008679998519, 43.982478999681646], [-92.40069999962242, 43.982299999966216], [-92.40064600009406, 43.982238999777366], [-92.4004250001611, 43.98198599999934], [-92.40028000039615, 43.98181999967927], [-92.40013999975575, 43.981660000013996], [-92.40001799955702, 43.98153099973968], [-92.39921699966595, 43.980682000306444], [-92.39894999970224, 43.980399999944346], [-92.39885199979297, 43.98029999999394], [-92.39855800006508, 43.979999999778585], [-92.39846000015581, 43.97989999980089], [-92.39826000013926, 43.97968999994595], [-92.3981429999634, 43.9795729999908], [-92.39733000037674, 43.97875999978644], [-92.39717499966774, 43.978607999811416], [-92.39684999997772, 43.9782900002467], [-92.39632400044627, 43.97776400013529], [-92.39550000009066, 43.97693999981822], [-92.39475199990304, 43.976186999703785], [-92.39422999967121, 43.97566000028462], [-92.39407800023355, 43.97550800013147], [-92.393834999661, 43.97526500025652], [-92.39377000026198, 43.97520000027834], [-92.39368900007113, 43.975122999903846], [-92.39364899988816, 43.9750839999615], [-92.3936380000175, 43.97507299970796], [-92.39362799997177, 43.97506300018088], [-92.39360799988027, 43.97504399991117], [-92.39346999978802, 43.97490999970788], [-92.39340000036614, 43.97482999999234], [-92.39315900034171, 43.97459600009253], [-92.39307999980068, 43.974520000319025], [-92.39303700014298, 43.97447799970495], [-92.39279000027076, 43.974239999973925], [-92.3925400000255, 43.97401399984076], [-92.39217000012965, 43.973679999848436], [-92.39160000021725, 43.973229999857544], [-92.39147999966836, 43.973143000310706], [-92.39112400001619, 43.97288399985011], [-92.39111300014555, 43.972876000192294], [-92.39104799984821, 43.97282899975666], [-92.39093999989319, 43.97274999994469], [-92.39078900028044, 43.972657000252326], [-92.39058599989086, 43.972532000311325], [-92.39015999991851, 43.97227000003117], [-92.38979000002264, 43.972050000309714], [-92.38966799982391, 43.97197700026617], [-92.38911999965282, 43.97165000013883], [-92.38889000039737, 43.97151200011422], [-92.3884700002728, 43.97126000002896], [-92.3881959997381, 43.971091000306636], [-92.38771000038962, 43.97078999995831], [-92.38713499955601, 43.97044600027834], [-92.38654999957501, 43.970096000197984], [-92.38589000014926, 43.96969999984043], [-92.38567000004124, 43.969560000107585], [-92.38541599959802, 43.96941000021239], [-92.38483999983784, 43.969069999737044], [-92.38468599985205, 43.968975999916346], [-92.38422399989469, 43.96869400020817], [-92.3840699999089, 43.96859999979241], [-92.38358299983717, 43.9683040000838], [-92.38343100039954, 43.96821200009233], [-92.38216000015518, 43.96743999974946], [-92.38212400017017, 43.967418000287786], [-92.38163999957318, 43.96712000007614], [-92.38131999990604, 43.966930000141396], [-92.38087700021525, 43.96661800016205], [-92.38071099963557, 43.96649899986049], [-92.38038299957253, 43.966207000305346], [-92.38014599974608, 43.965976999698285], [-92.37987799995744, 43.96568599975685], [-92.37953200035103, 43.965224999835634], [-92.37941400035028, 43.9650450002277], [-92.37940000010657, 43.96505000018824], [-92.3790340004087, 43.965200999703924], [-92.3789380001492, 43.965274000316974], [-92.37887000037715, 43.965370000021196], [-92.37881000010269, 43.96550999993146], [-92.37879000001121, 43.965650000158256], [-92.37878499998833, 43.96629100027132], [-92.3787769995924, 43.96767700001672], [-92.37877300029277, 43.96821699978631], [-92.37876999991971, 43.96882000000939], [-92.37876999991971, 43.9688599997262], [-92.37877199956954, 43.96895799982364], [-92.37877800031565, 43.96925499968562], [-92.37878099979037, 43.96935399995611], [-92.37878400016342, 43.96952300009538], [-92.378795999859, 43.97003000021396], [-92.37880000005694, 43.970199999886766], [-92.37878300033852, 43.97161899968335], [-92.37877999996547, 43.971959999924294], [-92.37878300033852, 43.972487999979826], [-92.37880000005694, 43.975589999726544], [-92.37880500007982, 43.97588000020852], [-92.37883000019417, 43.97730000008924], [-92.37884000023992, 43.977820000218856], [-92.378831999844, 43.97857300031065], [-92.37883000019417, 43.97878999972698], [-92.37883000019417, 43.978880000104226], [-92.37882000014844, 43.97971000002568], [-92.3788329996689, 43.98239499998712], [-92.37884000023992, 43.98367000008309], [-92.37884100006484, 43.98387800021352], [-92.37884699991262, 43.984502000110325], [-92.37885000028567, 43.984709999911075], [-92.37885799978328, 43.98508899990222], [-92.37888000042288, 43.98601000008997], [-92.37888000042288, 43.98622899990548], [-92.37888000042288, 43.98661000031521], [-92.37888000042288, 43.987009999896905], [-92.37885799978328, 43.98778299971895], [-92.37885000028567, 43.988069999874575], [-92.37884000023992, 43.98880000008339], [-92.37885500030853, 43.9913060002667], [-92.37886000033141, 43.99208000016304], [-92.37885000028567, 43.9924799997202], [-92.3788460000877, 43.992715999797184], [-92.37884299971466, 43.992976999912166], [-92.37884000023992, 43.99318000021333], [-92.3788450002628, 43.99342400021352], [-92.37885000028567, 43.993659999767814], [-92.37885600013345, 43.994152000322835], [-92.37886000033141, 43.99439999987596], [-92.37887000037715, 43.994560000100876], [-92.37887000037715, 43.99562699975037], [-92.37887000037715, 43.996119999880754], [-92.37887000037715, 43.996282000087355], [-92.37887000037715, 43.99676700027573], [-92.37887000037715, 43.996929999722184], [-92.37887000037715, 43.997239000290435], [-92.37887000037715, 43.99816899981986], [-92.37887000037715, 43.998479000085716], [-92.37887000037715, 43.99881100014187], [-92.37887000037715, 43.99934000018868], [-92.37890399981403, 43.999807000149694], [-92.37891999970755, 44.00000999970332], [-92.37891999970755, 44.00014000018906], [-92.37892100043078, 44.000322000002846], [-92.37892800010347, 44.00086799997159], [-92.37892999975328, 44.00105000013693], [-92.37892999975328, 44.00116999998316], [-92.37892499973043, 44.001349999943564], [-92.3789020001642, 44.00224899968388], [-92.37889999961605, 44.00234000030284], [-92.37889999961605, 44.002550000154564], [-92.37889799996623, 44.00277199981726], [-92.3788960003164, 44.00300800031741], [-92.37889200011846, 44.00343800028257], [-92.3788899995703, 44.00365999985311], [-92.3788960003164, 44.003873000284244], [-92.37889999961605, 44.00396999986009], [-92.37889999961605, 44.00451500026992], [-92.37889999961605, 44.004730000026576], [-92.37889999961605, 44.005214000077316], [-92.37889999961605, 44.00642000021923], [-92.3788960003164, 44.00666599979621], [-92.3788899995703, 44.00715000020387], [-92.37889399976827, 44.00770000007308], [-92.37889999961605, 44.00840999971713], [-92.3788899995703, 44.00935000009442], [-92.3788899995703, 44.00936999987186], [-92.37890999966181, 44.00990000023892], [-92.37891999970755, 44.010260000261894], [-92.37891999970755, 44.01129000008472], [-92.37893999979903, 44.01205000014575], [-92.37893999979903, 44.01334000014968], [-92.37894999984478, 44.013629999688], [-92.37894999984478, 44.013789999739586], [-92.37894999984478, 44.014089999722636], [-92.37895999989053, 44.01434000005666], [-92.37895999989053, 44.015235999821314], [-92.37895999989053, 44.01565000023591], [-92.37895999989053, 44.015819999775026], [-92.37896999993626, 44.016649999950545], [-92.37896999993626, 44.0178899997162], [-92.37894999984478, 44.01903999996895], [-92.3789590000656, 44.01957399974715], [-92.37896999993626, 44.02012000015817], [-92.37900000007349, 44.02102000025313], [-92.37983000027688, 44.02113000023211], [-92.38041000023503, 44.02118999989977], [-92.38125999963158, 44.02124000000707], [-92.38158799969464, 44.02124199990715], [-92.3849000001123, 44.02126999979279], [-92.38693000041492, 44.021279999933334], [-92.38807000023972, 44.0212900000722], [-92.38869000038083, 44.021300000209365], [-92.3889499997735, 44.021300000209365], [-92.38938699961652, 44.021300000209365], [-92.38948000040125, 44.021300000209365], [-92.39056999999733, 44.021279999933334], [-92.39145999957685, 44.02121000020615], [-92.39198000015885, 44.021139999750304], [-92.39250999988829, 44.02105999968185], [-92.39260100012487, 44.021047000290345], [-92.39359000033693, 44.02091000007], [-92.3944320002359, 44.020797999767844], [-92.39446700039599, 44.02079299998015], [-92.39509000001183, 44.020710000212524], [-92.395629999787, 44.02065000005916], [-92.3958979995756, 44.020629000249514], [-92.39601999977435, 44.02061999995966], [-92.39667000005267, 44.020580000234084], [-92.39683300025929, 44.02058300011755], [-92.39719999978209, 44.02058999984502], [-92.39791000033489, 44.020630000209835], [-92.39826000013926, 44.02068000014343], [-92.39832899973622, 44.02069099969682], [-92.39891999956502, 44.02079000010731], [-92.39906199985525, 44.02081700024926], [-92.3991299996273, 44.02082999969121], [-92.3999599998307, 44.02101000006873], [-92.40056999992606, 44.02113200013591], [-92.40066000033775, 44.02114999991277], [-92.4014100001752, 44.02125000015267], [-92.40166999956789, 44.02126999979279], [-92.40180000016255, 44.021279999933334], [-92.40233999993771, 44.021300000209365], [-92.40413000004084, 44.02131999983262], [-92.40460000039411, 44.021329999964735], [-92.40497699996267, 44.02133199986177], [-92.4064499998734, 44.021340000095165], [-92.40677000043884, 44.021340000095165], [-92.40698200015095, 44.02134199999182], [-92.40857800008531, 44.021363000194896], [-92.40911000036289, 44.02136999983029], [-92.40988000029182, 44.02136999983029], [-92.41005299964586, 44.02136999983029], [-92.4116400002577, 44.02136999983029], [-92.41222000021584, 44.02137999995396], [-92.41288399983958, 44.02137999995396], [-92.41351999987421, 44.02137999995396], [-92.41382799984578, 44.02137800005854], [-92.41408599958864, 44.021377000110824], [-92.41422299985601, 44.02137600016309], [-92.41496400037094, 44.02137199972598], [-92.4154899999024, 44.02136999983029], [-92.4163700003345, 44.02137999995396], [-92.41659999958995, 44.02140000019621], [-92.41818999967654, 44.02140000019621], [-92.41837299997465, 44.021401000143584], [-92.41929000021668, 44.02141000031482], [-92.4192700001252, 44.0212900000722], [-92.419199999805, 44.02056999997547], [-92.41914999957628, 44.0200100002432], [-92.41914000042884, 44.01900999970081], [-92.41914000042884, 44.01811000010238], [-92.41912000033736, 44.017390000148666], [-92.41912000033736, 44.01713999975282], [-92.4191300003831, 44.01650999981702], [-92.41914999957628, 44.01583000018876], [-92.41914000042884, 44.01462999987313], [-92.41914000042884, 44.01309999970436], [-92.4191300003831, 44.01241000003973], [-92.41914999957628, 44.01192999969551], [-92.41938999977579, 44.01192999969551], [-92.41971000034124, 44.011919999916195], [-92.42094999972514, 44.011859999912915], [-92.4212490003742, 44.01184900001345], [-92.42320000013581, 44.011780000244876], [-92.42382000027693, 44.01179999984899], [-92.42430999982336, 44.01181000029456], [-92.42489999982726, 44.01185000012184], [-92.42539000027202, 44.01188999992213], [-92.42610999997224, 44.01197999985877], [-92.42639000035473, 44.01202000021746], [-92.42681499960385, 44.0120719998682], [-92.42719999956832, 44.01211999970409], [-92.42758000040824, 44.01215000022788], [-92.42826999997122, 44.01215999996836], [-92.4286499999128, 44.01213999983957], [-92.42867199965413, 44.012138000278604], [-92.42901999980866, 44.012109999956806], [-92.42923499989384, 44.01208200026791], [-92.42940999979601, 44.01205999990315], [-92.42974000040721, 44.0120099998073], [-92.43065000007823, 44.01181000029456], [-92.43089899960026, 44.011740999834544], [-92.43140999996142, 44.01160000027411], [-92.43144599994643, 44.01159099990589], [-92.43169199999375, 44.01153299979728], [-92.43183000008598, 44.01149999991069], [-92.43186400042119, 44.01148899994444], [-92.43191700012463, 44.011475000278075], [-92.43196999982807, 44.011459999847354], [-92.43205799969162, 44.011436999782546], [-92.43253700026574, 44.01131700003017], [-92.43269700009931, 44.01127799996145], [-92.4330279996371, 44.011194999796096], [-92.43341000012684, 44.01110000000139], [-92.43402100004712, 44.01093700007389], [-92.4343519995849, 44.01084900009724], [-92.43450899994373, 44.010806999988944], [-92.43494999998471, 44.010689999991904], [-92.43498000012193, 44.01068200025981], [-92.43513900013059, 44.010645000031], [-92.43530300016214, 44.0106050000371], [-92.43562000035452, 44.01052999997575], [-92.4357940004318, 44.01048300027664], [-92.4359569997401, 44.01043999977696], [-92.43601600018965, 44.010423000111764], [-92.43619500028979, 44.01037599968178], [-92.43625499966593, 44.01036000013172], [-92.4363090000926, 44.01034500006509], [-92.43647499977396, 44.01030099997695], [-92.43653000002556, 44.010287000030154], [-92.43684100037017, 44.01020300028], [-92.43707999984646, 44.010140000066315], [-92.43777600015555, 44.009961999921266], [-92.43808900015, 44.009882999772856], [-92.43829599983923, 44.00982999999866], [-92.43852799964282, 44.00976700003486], [-92.44157999976947, 44.0089800000879]]]}}, {"type": "Feature", "properties": {"tract_id": "27109000200", "name": "Tract Census Tract 2", "pct_white_2020": 60.2, "pct_black_2020": 22.7, "pct_hispanic_2020": 10.2, "pct_asian_2020": 4.2, "population_2020": 5355, "is_sample_data": false, "pct_white_1970": 85.1, "pct_black_1970": 27.3, "pct_hispanic_1970": 7.3, "pct_asian_1970": 0, "pct_white_1990": 70.8, "pct_black_1990": 27.4, "pct_hispanic_1990": 7.6, "pct_asian_1990": 2.8}, "geometry": {"type": "Polygon", "coordinates": [[[-92.4591900003725, 44.02604400011869], [-92.4590339998386, 44.0256579996856], [-92.45884300004289, 44.025331000084726], [-92.45855199978973, 44.024870000165045], [-92.4582399996202, 44.0245079999052], [-92.45748800013295, 44.02346999976481], [-92.45659600000526, 44.022563999830716], [-92.45627700016304, 44.0222079999489], [-92.45614599974347, 44.021788999755316], [-92.45610200026084, 44.02140799977449], [-92.45613999989568, 44.02110799999425], [-92.45628999968352, 44.0208699998941], [-92.45636800039964, 44.02071999980154], [-92.45629300005656, 44.02051600010022], [-92.45623100013229, 44.020347999743144], [-92.45608399981919, 44.01929000010577], [-92.45600199980343, 44.018983000027895], [-92.45576599980187, 44.018709000067844], [-92.45555999993756, 44.018599000119046], [-92.45512399991945, 44.01850299991475], [-92.45437800027996, 44.018480999994104], [-92.4537549997658, 44.018473000020904], [-92.4531840000285, 44.01840500020533], [-92.45263000000963, 44.01828699969431], [-92.45220400003727, 44.01813000015574], [-92.4518249999206, 44.01784400004325], [-92.4515289996446, 44.01761999991783], [-92.451304000412, 44.01734000002461], [-92.45117200016753, 44.017150999962986], [-92.4510449999459, 44.01698299976131], [-92.45096200010524, 44.01687299984056], [-92.45081200031743, 44.016632000099534], [-92.45059200020938, 44.01627900023076], [-92.45030000013135, 44.0154820003038], [-92.4501560001913, 44.015086999741925], [-92.45010500013767, 44.01494899990673], [-92.44999299998467, 44.01470199973698], [-92.44977200005172, 44.014212999884286], [-92.44950900028601, 44.01373500007335], [-92.44940200015589, 44.013598999834], [-92.44931500011725, 44.01348900009627], [-92.44908800033652, 44.013329999962096], [-92.44887099970325, 44.01317800000407], [-92.44824300006452, 44.012856999951765], [-92.44752099981616, 44.01248900005248], [-92.44711300028548, 44.01218999982583], [-92.44691800029182, 44.01199600026395], [-92.44676099993296, 44.011686000206225], [-92.44662299984071, 44.01108000016122], [-92.44659000022875, 44.01085799993197], [-92.44657199978707, 44.010738000300265], [-92.44650599966485, 44.01027999973248], [-92.44637199977055, 44.00979199974133], [-92.44621199993696, 44.00920900001838], [-92.44610700035498, 44.00898999971682], [-92.44596599988968, 44.008796000025136], [-92.44582600014759, 44.00848600004], [-92.44573999993386, 44.00817599972689], [-92.44569100042837, 44.00793800005441], [-92.44540199982505, 44.008013000162855], [-92.44359199963044, 44.00846599996448], [-92.44343000014706, 44.008507000273546], [-92.44317099968096, 44.00857800030052], [-92.44212000044294, 44.00883999993755], [-92.44200999993978, 44.00887000018221], [-92.44197700032782, 44.008878000158745], [-92.44167000018116, 44.00896000017896], [-92.44157999976947, 44.0089800000879], [-92.43852799964282, 44.00976700003486], [-92.43829599983923, 44.00982999999866], [-92.43808900015, 44.009882999772856], [-92.43777600015555, 44.009961999921266], [-92.43707999984646, 44.010140000066315], [-92.43684100037017, 44.01020300028], [-92.43653000002556, 44.010287000030154], [-92.43647499977396, 44.01030099997695], [-92.4363090000926, 44.01034500006509], [-92.43625499966593, 44.01036000013172], [-92.43619500028979, 44.01037599968178], [-92.43601600018965, 44.010423000111764], [-92.4359569997401, 44.01043999977696], [-92.4357940004318, 44.01048300027664], [-92.43562000035452, 44.01052999997575], [-92.43530300016214, 44.0106050000371], [-92.43513900013059, 44.010645000031], [-92.43498000012193, 44.01068200025981], [-92.43494999998471, 44.010689999991904], [-92.43450899994373, 44.010806999988944], [-92.4343519995849, 44.01084900009724], [-92.43402100004712, 44.01093700007389], [-92.43341000012684, 44.01110000000139], [-92.4330279996371, 44.011194999796096], [-92.43269700009931, 44.01127799996145], [-92.43253700026574, 44.01131700003017], [-92.43205799969162, 44.011436999782546], [-92.43196999982807, 44.011459999847354], [-92.43191700012463, 44.011475000278075], [-92.43186400042119, 44.01148899994444], [-92.43183000008598, 44.01149999991069], [-92.43169199999375, 44.01153299979728], [-92.43144599994643, 44.01159099990589], [-92.43140999996142, 44.01160000027411], [-92.43089899960026, 44.011740999834544], [-92.43065000007823, 44.01181000029456], [-92.42974000040721, 44.0120099998073], [-92.42940999979601, 44.01205999990315], [-92.42923499989384, 44.01208200026791], [-92.42901999980866, 44.012109999956806], [-92.42867199965413, 44.012138000278604], [-92.4286499999128, 44.01213999983957], [-92.42826999997122, 44.01215999996836], [-92.42758000040824, 44.01215000022788], [-92.42719999956832, 44.01211999970409], [-92.42681499960385, 44.0120719998682], [-92.42639000035473, 44.01202000021746], [-92.42610999997224, 44.01197999985877], [-92.42539000027202, 44.01188999992213], [-92.42489999982726, 44.01185000012184], [-92.42430999982336, 44.01181000029456], [-92.42382000027693, 44.01179999984899], [-92.42320000013581, 44.011780000244876], [-92.4212490003742, 44.01184900001345], [-92.42094999972514, 44.011859999912915], [-92.41971000034124, 44.011919999916195], [-92.41938999977579, 44.01192999969551], [-92.41914999957628, 44.01192999969551], [-92.4191300003831, 44.01241000003973], [-92.41914000042884, 44.01309999970436], [-92.41914000042884, 44.01462999987313], [-92.41914999957628, 44.01583000018876], [-92.4191300003831, 44.01650999981702], [-92.41912000033736, 44.01713999975282], [-92.41912000033736, 44.017390000148666], [-92.41914000042884, 44.01811000010238], [-92.41914000042884, 44.01900999970081], [-92.41914999957628, 44.0200100002432], [-92.419199999805, 44.02056999997547], [-92.4192700001252, 44.0212900000722], [-92.41929000021668, 44.02141000031482], [-92.4195100003247, 44.021419999785785], [-92.42051999955481, 44.02144000001453], [-92.42088000030327, 44.02144000001453], [-92.42142699975112, 44.021444999747715], [-92.42495000005596, 44.02147999980588], [-92.42718100020006, 44.02151799967957], [-92.42784999984666, 44.02153000031457], [-92.42910000017461, 44.021539999765295], [-92.42913899963436, 44.021539999765295], [-92.42925699963513, 44.021540999710254], [-92.4292969998181, 44.021542000301174], [-92.429922999807, 44.02154600008084], [-92.43040999987872, 44.02154999986029], [-92.4318030003218, 44.02157000004519], [-92.43243000013561, 44.02158000013513], [-92.43247899964109, 44.02158000013513], [-92.43262799960401, 44.02158100007942], [-92.43267799983273, 44.02158200002369], [-92.43330399982162, 44.0215869997449], [-92.43484000037985, 44.02160000030991], [-92.43518299961322, 44.02160000030991], [-92.43581000032533, 44.02160000030991], [-92.43626999973456, 44.02160000030991], [-92.43639699995616, 44.021602000197845], [-92.43749999997102, 44.02161999983201], [-92.43804999979193, 44.0216399999933], [-92.43815799974698, 44.02163099985697], [-92.4385400002367, 44.02160000030991], [-92.43874000025323, 44.02155999995356], [-92.43876000034473, 44.02233000013466], [-92.43879999962938, 44.02275300007867], [-92.43892500020117, 44.02296399992734], [-92.43908500003474, 44.02322200029218], [-92.43960300006859, 44.02347699979738], [-92.43969000010725, 44.023499999714026], [-92.43997700016241, 44.023517000152175], [-92.44001999982011, 44.02351999988703], [-92.44044999999042, 44.02348999994794], [-92.44058100040999, 44.023482999916894], [-92.44082999993202, 44.02346999976481], [-92.44090000025223, 44.02346999976481], [-92.44113600025376, 44.02346799993988], [-92.44217999981909, 44.02345999999366], [-92.44280400015815, 44.02345999999366], [-92.44335999982685, 44.02345999999366], [-92.44335800017703, 44.023824000006755], [-92.44335599962889, 44.02398399968153], [-92.44335099960604, 44.02491600020037], [-92.44334999978112, 44.025280000316215], [-92.44391499967064, 44.025176000234374], [-92.44461000015482, 44.02504999990318], [-92.44471200026207, 44.02503600020868], [-92.44562000028327, 44.024917000088394], [-92.44574999997961, 44.024900000051716], [-92.44619100002058, 44.024847000133995], [-92.44670800022953, 44.02478399997519], [-92.44675000006232, 44.02477999976805], [-92.4475099999455, 44.02471999985812], [-92.44823999969145, 44.024680000315], [-92.44826800017887, 44.024678999777045], [-92.44879000041068, 44.02467000010206], [-92.44962999976153, 44.024659999887405], [-92.44965400005096, 44.024659999887405], [-92.45087000004374, 44.024680000315], [-92.45117999966513, 44.02470000008991], [-92.45227000015953, 44.02477999976805], [-92.45279999988895, 44.024836999949194], [-92.45300999995123, 44.024859999984116], [-92.45389000038334, 44.02498000010584], [-92.45462000012931, 44.02508999984252], [-92.45750999987423, 44.02569000021531], [-92.45759799973779, 44.025707999900156], [-92.45885800011149, 44.02597400020331], [-92.45902399979283, 44.026009000171356], [-92.4591900003725, 44.02604400011869]]]}}, {"type": "Feature", "properties": {"tract_id": "27109000100", "name": "Tract Census Tract 1", "pct_white_2020": 58.9, "pct_black_2020": 12.1, "pct_hispanic_2020": 7.3, "pct_asian_2020": 19.2, "population_2020": 1865, "is_sample_data": false, "pct_white_1970": 79.2, "pct_black_1970": 7.6, "pct_hispanic_1970": 1, "pct_asian_1970": 3.2, "pct_white_1990": 64.2, "pct_black_1990": 15.7, "pct_hispanic_1990": 1, "pct_asian_1990": 10.3}, "geometry": {"type": "Polygon", "coordinates": [[[-92.46819699989123, 44.023289999750716], [-92.46820000026429, 44.02321999981299], [-92.46819199986838, 44.02271999997626], [-92.46819000021856, 44.02252999969484], [-92.46819000021856, 44.02233800023336], [-92.46819000021856, 44.02176100011473], [-92.46819000021856, 44.02157000004519], [-92.46818799967042, 44.02134399988846], [-92.46818199982263, 44.02066600006292], [-92.46818000017282, 44.020439999690055], [-92.46817599997483, 44.020209999878105], [-92.46816299955606, 44.019519000277654], [-92.46816000008133, 44.01929000010577], [-92.46815699970827, 44.019066000275174], [-92.46815099986048, 44.01839400022784], [-92.46815000003558, 44.018170000242236], [-92.46814699966252, 44.017944000045155], [-92.46814099981474, 44.01726600009958], [-92.46813999998984, 44.017039999686965], [-92.46798099998118, 44.017040999707824], [-92.46750800015316, 44.01704699983272], [-92.4673499999694, 44.01704999989494], [-92.46706000043949, 44.01704999989494], [-92.46619000005313, 44.01704999989494], [-92.46589999962491, 44.01704999989494], [-92.46561799959261, 44.01704999989494], [-92.464772000394, 44.01704999989494], [-92.46449000036169, 44.01704999989494], [-92.46421900020003, 44.01704999989494], [-92.46381999999188, 44.01704999989494], [-92.46340900008813, 44.017056000018925], [-92.46313999957631, 44.01706000010124], [-92.46297999974274, 44.01706000010124], [-92.46298499976561, 44.01696199994491], [-92.46298999978848, 44.01688000000603], [-92.46296999969701, 44.016189999747304], [-92.46293700008503, 44.01531900014546], [-92.4626039999991, 44.01559300026612], [-92.46257899988474, 44.015642999925234], [-92.46253299985399, 44.01573400002348], [-92.4625110001127, 44.015992000195965], [-92.46257100038713, 44.01627099996046], [-92.46259599960318, 44.01664499981301], [-92.4625339996789, 44.017033000186395], [-92.46235899977673, 44.01745799983629], [-92.46218399987453, 44.01793299998214], [-92.46209600001099, 44.01822100031336], [-92.46207099989662, 44.01869500016791], [-92.46204599978226, 44.018970000181], [-92.46192699995659, 44.01929000010577], [-92.46190299966715, 44.019449999743486], [-92.4617389996356, 44.019715999703664], [-92.46165699961983, 44.01984800023172], [-92.46157499960408, 44.01998199976244], [-92.46108199968458, 44.02073599978646], [-92.46085699955368, 44.020928999869604], [-92.46047900016022, 44.02113000023211], [-92.45977199998048, 44.02123199976019], [-92.4587459999585, 44.021126999730406], [-92.45777099999016, 44.02082000012074], [-92.4570629999855, 44.02068000014343], [-92.4568739998396, 44.02064600021904], [-92.45660699987592, 44.02060899974712], [-92.45636800039964, 44.02071999980154], [-92.45628999968352, 44.0208699998941], [-92.45613999989568, 44.02110799999425], [-92.45610200026084, 44.02140799977449], [-92.45614599974347, 44.021788999755316], [-92.45627700016304, 44.0222079999489], [-92.45659600000526, 44.022563999830716], [-92.45748800013295, 44.02346999976481], [-92.4582399996202, 44.0245079999052], [-92.45855199978973, 44.024870000165045], [-92.45884300004289, 44.025331000084726], [-92.4590339998386, 44.0256579996856], [-92.4591900003725, 44.02604400011869], [-92.45937600014537, 44.02608300016488], [-92.45945599961298, 44.0260999998623], [-92.45966300020054, 44.026143999854426], [-92.45972099992684, 44.02615600019893], [-92.45993299963895, 44.02620000014948], [-92.46012000013502, 44.026239999958754], [-92.46041300003797, 44.026302999862004], [-92.46129299957178, 44.02649500004606], [-92.46158700019795, 44.02655900018454], [-92.46187500007805, 44.02662099988944], [-92.46210000020895, 44.02667000007916], [-92.46274100026645, 44.02681400019134], [-92.46302999997144, 44.026879999695225], [-92.46310000029166, 44.026900000019715], [-92.4633229998744, 44.02695099968624], [-92.46420499995634, 44.02715200030046], [-92.46450000040744, 44.02721999977234], [-92.4647790000667, 44.0272839997739], [-92.46546000030717, 44.027439999770806], [-92.46561799959261, 44.02747199998443], [-92.4658989998, 44.02753000000461], [-92.4663490000618, 44.02761799977094], [-92.46752999989445, 44.027850000231474], [-92.46769899994888, 44.027882000223755], [-92.4680320000348, 44.02794600015644], [-92.46815000003558, 44.0279700001134], [-92.46815599988336, 44.027609999738864], [-92.46816000008133, 44.02737999996965], [-92.46816000008133, 44.02735199974021], [-92.46816000008133, 44.02726800026441], [-92.46816000008133, 44.027239999982065], [-92.46818000017282, 44.02626999979802], [-92.46819000021856, 44.025739999756965], [-92.46819000021856, 44.02534000030528], [-92.46818799967042, 44.02515199979208], [-92.46818199982263, 44.024587999842446], [-92.46818000017282, 44.02440000017394], [-92.46818199982263, 44.02421500025485], [-92.46818799967042, 44.02366399990009], [-92.46819000021856, 44.023480000180164], [-92.46819699989123, 44.023289999750716]]]}}, {"type": "Feature", "properties": {"tract_id": "27109001203", "name": "Tract Census Tract 12.03", "pct_white_2020": 77.8, "pct_black_2020": 1.2, "pct_hispanic_2020": 5.6, "pct_asian_2020": 12.6, "population_2020": 7224, "is_sample_data": false, "pct_white_1970": 96.9, "pct_black_1970": 1, "pct_hispanic_1970": 1, "pct_asian_1970": 1.9, "pct_white_1990": 88.0, "pct_black_1990": 4.5, "pct_hispanic_1990": 1, "pct_asian_1990": 4.6}, "geometry": {"type": "Polygon", "coordinates": [[[-92.57820000037873, 44.01411999989591], [-92.57819000033298, 44.01205000014575], [-92.57817000024151, 44.01036000013172], [-92.57817100006642, 44.010245000169974], [-92.57819000033298, 44.0088199999814], [-92.57819000033298, 44.00808299996308], [-92.57819000033298, 44.007380000276164], [-92.57739000026682, 44.00736999972974], [-92.57647600039785, 44.00736299973393], [-92.57464100008889, 44.00734899973971], [-92.57100099960816, 44.00732199992629], [-92.56950000010835, 44.00731000029238], [-92.56780000041691, 44.00729999973416], [-92.56741000042958, 44.00729999973416], [-92.565820000343, 44.00726999998766], [-92.56502000027682, 44.007260000068776], [-92.56399500007977, 44.00725499978568], [-92.56250000042772, 44.007250000148254], [-92.56140999993335, 44.00724000022599], [-92.56044699966056, 44.0072260002028], [-92.56037100039089, 44.007631000000366], [-92.56036499964479, 44.00770199978372], [-92.56036899984275, 44.0077740003053], [-92.56038999975915, 44.00790500010587], [-92.5604070003759, 44.00806299975167], [-92.56042599974417, 44.00813199996797], [-92.56044800038379, 44.00816400026575], [-92.56048199982065, 44.008190999695955], [-92.5605489997678, 44.00823399988782], [-92.56070799977647, 44.008335000110726], [-92.56076600040112, 44.00839400028285], [-92.56078599959427, 44.008428000125434], [-92.56079599964, 44.008464000279595], [-92.56079300016529, 44.008570999801144], [-92.5607799997465, 44.00864400007649], [-92.5607589998301, 44.00871399977815], [-92.56074299993656, 44.008748000083415], [-92.5606829996621, 44.008806999844786], [-92.5606609999208, 44.0088389997784], [-92.56063400015663, 44.00891000005406], [-92.56062699958561, 44.00894700007302], [-92.56062699958561, 44.00898199975539], [-92.56063800035459, 44.00901499975084], [-92.5606600000959, 44.00904700021834], [-92.56074799995945, 44.009138000100634], [-92.56082199957929, 44.00919599996702], [-92.56084000002095, 44.00922399972627], [-92.56082499995235, 44.00925200011833], [-92.56074700013453, 44.009308000216826], [-92.56071500034747, 44.009335999923145], [-92.56069199988295, 44.0093670000672], [-92.56067699981433, 44.009438999859874], [-92.56064900022525, 44.00951199971303], [-92.56062999995866, 44.00954699970809], [-92.5606040000194, 44.009573999800914], [-92.5605620001866, 44.00958000003524], [-92.56035600032227, 44.009538000320475], [-92.56031500031439, 44.00954600020691], [-92.56028299962904, 44.00957200015339], [-92.56022499990272, 44.009636999969764], [-92.56018700026789, 44.0096579997958], [-92.56014200006203, 44.00967000024684], [-92.5599420000455, 44.00969399984946], [-92.55989600001473, 44.00970799993623], [-92.55959499971586, 44.009841000272644], [-92.55950400037757, 44.00986999986918], [-92.5594569996236, 44.009877000215226], [-92.55935899971429, 44.009877000215226], [-92.55912400043597, 44.00985599982065], [-92.5589570000314, 44.00984199976885], [-92.55885800029719, 44.009841000272644], [-92.5588099997183, 44.009846999833854], [-92.55871600000698, 44.009868000231634], [-92.55851199979247, 44.00992899980661], [-92.55831500014898, 44.00995299995057], [-92.55805999988085, 44.00999600015718], [-92.55805999988085, 44.00997999985857], [-92.55806599972865, 44.00943799971082], [-92.55806999992662, 44.009169999855715], [-92.55805999988085, 44.00817999976208], [-92.55807699959928, 44.007766000179906], [-92.55810000006383, 44.007209999803024], [-92.55811000010958, 44.00684000001564], [-92.55811000010958, 44.00664800014541], [-92.55811000010958, 44.00585999995694], [-92.55812000015531, 44.00501000001406], [-92.55812000015531, 44.004962000239296], [-92.55812000015531, 44.00439999996001], [-92.5581129995843, 44.00391699997162], [-92.55811000010958, 44.00360999978365], [-92.55815000029256, 44.00286000014639], [-92.55814500026968, 44.002472000093334], [-92.5581400002468, 44.001990000190375], [-92.55814100007171, 44.00166699976664], [-92.5581460000946, 44.00075099975508], [-92.55815000029256, 43.999990000000935], [-92.55814799974442, 43.99989200006958], [-92.55813000020105, 43.998549999837344], [-92.5581539995922, 43.997845000220806], [-92.55817200003385, 43.99731799983026], [-92.55818000042977, 43.997090000234024], [-92.55818000042977, 43.99672000001125], [-92.55818999957721, 43.996459999924106], [-92.5581970001482, 43.995825999812276], [-92.55819999962296, 43.9955899998244], [-92.55819999962296, 43.99415999969915], [-92.55819799997312, 43.99392599972322], [-92.55819299995025, 43.9932930001024], [-92.55819200012535, 43.99321599992682], [-92.55818999957721, 43.99298599987337], [-92.55818999957721, 43.992909999727196], [-92.55818899975229, 43.99280100018101], [-92.55818600027754, 43.99247500013016], [-92.55818600027754, 43.99236700022192], [-92.55817000038402, 43.99015999991928], [-92.55816399963794, 43.98914599977133], [-92.5581619999881, 43.988541999907454], [-92.5581610001632, 43.9882569998148], [-92.55816000033829, 43.987858000100715], [-92.55815500031541, 43.98659099986244], [-92.55816000033829, 43.98637499976454], [-92.55816000033829, 43.98634999988499], [-92.55815000029256, 43.98609999986404], [-92.55815000029256, 43.98573499979119], [-92.55815000029256, 43.985670000286554], [-92.55815000029256, 43.98478000005921], [-92.55812000015531, 43.98328000005578], [-92.55813000020105, 43.98181999967927], [-92.55813000020105, 43.98113000010343], [-92.5581400002468, 43.97934000004536], [-92.55813799969866, 43.97908400015252], [-92.5581329996758, 43.97840800017009], [-92.55813000020105, 43.977750000267775], [-92.55807999997235, 43.97646000015585], [-92.5580830003454, 43.97605699975538], [-92.55809000001808, 43.9752400002236], [-92.55809000001808, 43.97435000008224], [-92.55809000001808, 43.97372000017104], [-92.55807999997235, 43.973120000260586], [-92.55806999992662, 43.97222000001913], [-92.55809000001808, 43.971249999859836], [-92.55809000001808, 43.971109999901564], [-92.55810000006383, 43.970700000249536], [-92.55806999992662, 43.96902000026359], [-92.55806999992662, 43.96836000003696], [-92.55806599972865, 43.96814000005579], [-92.5580630002539, 43.967581000161545], [-92.55805999988085, 43.96697800029119], [-92.55805400003307, 43.96597199981576], [-92.55804300016243, 43.963948000129484], [-92.55804300016243, 43.96376000029259], [-92.55801999969789, 43.95976199998379], [-92.55800999965213, 43.95801500025848], [-92.55800299997946, 43.956606000145065], [-92.5579929999337, 43.953886000311016], [-92.5579929999337, 43.95334199976088], [-92.55799399975862, 43.952931999697824], [-92.5579920001088, 43.95264899967942], [-92.5579920001088, 43.95253200012815], [-92.5579920001088, 43.952442999734856], [-92.55799100028388, 43.9521639999053], [-92.55798999956066, 43.95175800008053], [-92.55798999956066, 43.951595000122445], [-92.55798600026101, 43.95032099997847], [-92.55798200006305, 43.94952400010737], [-92.55798799991084, 43.94908099990085], [-92.55800899982724, 43.94660899971144], [-92.55801499967501, 43.946020999931335], [-92.5579999996064, 43.94537899980576], [-92.55798999956066, 43.94535999974279], [-92.55798000041324, 43.94515000000352], [-92.55798000041324, 43.94457100020637], [-92.55798000041324, 43.944199999983645], [-92.55797000036749, 43.94256000022022], [-92.55797000036749, 43.94227000006272], [-92.5579720000173, 43.94214000026894], [-92.55798999956066, 43.94132999997668], [-92.55800899982724, 43.940068000034], [-92.55802399989585, 43.93916699967796], [-92.55802999974364, 43.938770000111916], [-92.55803999978937, 43.93750000027465], [-92.55802999974364, 43.936589000282474], [-92.55802999974364, 43.936280999820745], [-92.55802999974364, 43.93548999991127], [-92.55801999969789, 43.93502000020516], [-92.55343399956114, 43.935046999915826], [-92.55328499959822, 43.935048000024686], [-92.54883400007901, 43.9350600000357], [-92.54833399958851, 43.935061000144344], [-92.543384000302, 43.935074999722644], [-92.53845000001073, 43.935118999946944], [-92.53837999969052, 43.935120000054546], [-92.53831000026864, 43.935140000263026], [-92.53799800009911, 43.935139000155715], [-92.5378290000447, 43.935139000155715], [-92.53593699983433, 43.93513599983373], [-92.53148999961475, 43.93512999983617], [-92.5302610001015, 43.935117999839285], [-92.52928000028538, 43.935110000271244], [-92.52836999971602, 43.935110000271244], [-92.52626699961846, 43.935110000271244], [-92.52581999972972, 43.935110000271244], [-92.52280000028843, 43.935120000054546], [-92.51995999987389, 43.935120000054546], [-92.51910000043159, 43.935120000054546], [-92.5183620002897, 43.935116999731605], [-92.51785799960123, 43.93511600027082], [-92.51689799970148, 43.93511199983991], [-92.51622999987981, 43.935110000271244], [-92.51447999995966, 43.935110000271244], [-92.51401800000228, 43.935110000271244], [-92.51341299992978, 43.935110000271244], [-92.51319000034704, 43.935110000271244], [-92.51305800010256, 43.935110000271244], [-92.51211999994413, 43.93510599983993], [-92.50996999999089, 43.93509999983939], [-92.50930700019207, 43.93509999983939], [-92.50836999985857, 43.93509999983939], [-92.50692999955979, 43.93509000005272], [-92.5069160002144, 43.93508899994456], [-92.50357000035989, 43.935080000264364], [-92.5025569998584, 43.93507400026115], [-92.50110400003915, 43.935066000040315], [-92.50091099969531, 43.93506499993177], [-92.50034599980579, 43.935061000144344], [-92.50000000019938, 43.9350600000357], [-92.49842500018141, 43.935052999921766], [-92.49832800009702, 43.935052999921766], [-92.49807500037704, 43.935051999812984], [-92.49750000044178, 43.935050000242306], [-92.49731799996859, 43.935048000024686], [-92.49696999981403, 43.93504400023611], [-92.49689600019418, 43.93504300012719], [-92.49634499965005, 43.9350360000112], [-92.49633200012958, 43.9350360000112], [-92.49627299968004, 43.935034999902186], [-92.49571000033865, 43.9350300000036], [-92.4956299999727, 43.9350300000036], [-92.49520900002322, 43.9350300000036], [-92.49494200005954, 43.9350300000036], [-92.4946850001416, 43.9350300000036], [-92.49466699969992, 43.9350300000036], [-92.49414399964319, 43.9350300000036], [-92.49387800040272, 43.9350300000036], [-92.49374799980806, 43.9350300000036], [-92.49335899964564, 43.9350300000036], [-92.49323099959913, 43.9350300000036], [-92.49053699967277, 43.93502100031442], [-92.49030999989203, 43.93501699987712], [-92.48840199978812, 43.93500900029554], [-92.48834400006182, 43.9350509997042], [-92.48617599966691, 43.93494900016469], [-92.48467799964183, 43.93491599974346], [-92.48439300013479, 43.9349099997237], [-92.48259999965862, 43.93496000008536], [-92.48251000014525, 43.93499000015282], [-92.48155000024552, 43.93499000015282], [-92.48090099979208, 43.93499000015282], [-92.47944999962269, 43.93499000015282], [-92.47906999968107, 43.934979999700744], [-92.4789580004264, 43.934979999700744], [-92.47830999979787, 43.934979999700744], [-92.47760000014341, 43.934969999893895], [-92.47715800027753, 43.934969999893895], [-92.47657999996922, 43.934969999893895], [-92.47601000005683, 43.934969999893895], [-92.47531499957265, 43.934969999893895], [-92.47397999975418, 43.934969999893895], [-92.47370100009492, 43.93496600010008], [-92.47255000039948, 43.9349500002752], [-92.47167800036328, 43.934944999722546], [-92.46906300007964, 43.934931000113636], [-92.46876000013094, 43.934930000002815], [-92.4684399995655, 43.9349500002752], [-92.46825999964044, 43.93499000015282], [-92.46820100008922, 43.935011999977014], [-92.46809999980687, 43.935050000242306], [-92.46797900033134, 43.935124999945565], [-92.4679399999733, 43.93515000004129], [-92.46765000044337, 43.93543000026575], [-92.4674470000538, 43.935654000142954], [-92.46727999964921, 43.93584000008707], [-92.46725999955773, 43.93586000005338], [-92.46715699962556, 43.93601499972589], [-92.46703000030227, 43.93620999999207], [-92.46681299966899, 43.936558000291406], [-92.46669999969109, 43.93674000032096], [-92.46664399961459, 43.93672800000207], [-92.46647600028341, 43.93669199967773], [-92.46642000020691, 43.93667999999599], [-92.46620000009888, 43.937070000055584], [-92.466159000091, 43.937190999930685], [-92.46592999976214, 43.93787000020056], [-92.46586000034024, 43.9381900002204], [-92.46576999992857, 43.938709999894776], [-92.4657590000579, 43.93886499990066], [-92.46572999974559, 43.939309999988346], [-92.46572999974559, 43.93939000031959], [-92.46572999974559, 43.93944000014852], [-92.46573999979134, 43.93990999984891], [-92.46574900001217, 43.93997799970982], [-92.46585000029451, 43.94069999980998], [-92.46593999980789, 43.9410900000227], [-92.46602000017383, 43.94136000006454], [-92.46610100036467, 43.94155100026877], [-92.46613999982442, 43.941640000154315], [-92.4663299997952, 43.942039999935574], [-92.46643000025266, 43.94226000018816], [-92.46659400028418, 43.942535999988756], [-92.4671800000901, 43.94352000023992], [-92.46745499955139, 43.943991999944224], [-92.46773999995675, 43.94448000028061], [-92.4681159997004, 43.94510700002702], [-92.46869999985648, 43.946079999961725], [-92.46879500029104, 43.94624500000983], [-92.4692299995859, 43.94699999987511], [-92.46934000008909, 43.94719000016415], [-92.46956199984693, 43.94765300011585], [-92.46957000024285, 43.947670000299674], [-92.46976000021364, 43.94831999999078], [-92.4698270001608, 43.94873500021987], [-92.46982999963554, 43.94874999969079], [-92.46987999986425, 43.949230000163624], [-92.46981000044238, 43.949940000195994], [-92.46974000012216, 43.95039999987039], [-92.46944999969394, 43.95126999999458], [-92.46910900011041, 43.95194599973891], [-92.46885999969005, 43.95244000028607], [-92.46862000038887, 43.952950000119586], [-92.46855000006866, 43.95310000018875], [-92.46819000021856, 43.95385000002906], [-92.46774199960656, 43.954732000012484], [-92.46744000038109, 43.95532999989108], [-92.46678000005703, 43.95676000030729], [-92.46613999982442, 43.9581099996857], [-92.46549000044442, 43.959389999824594], [-92.46513999974172, 43.96009399998061], [-92.46490999958795, 43.96055999996694], [-92.46440999999574, 43.961559999711106], [-92.46428799979702, 43.96188699978026], [-92.4641389998341, 43.962284000148315], [-92.46391999955098, 43.962870000109135], [-92.46379999990039, 43.96328000014271], [-92.46374999967166, 43.96349699983544], [-92.46369000029553, 43.96376000029259], [-92.46367000020405, 43.96381999979615], [-92.46365000011257, 43.96391000023108], [-92.46386600002263, 43.96391000023108], [-92.46450999955486, 43.96391000023108], [-92.4647299996629, 43.96391999969623], [-92.46520599986395, 43.96394300007618], [-92.46529499955243, 43.96394699986025], [-92.46535999984975, 43.96395000002136], [-92.46576999992857, 43.96396000012642], [-92.46683000028574, 43.96395000002136], [-92.46699400031726, 43.96395000002136], [-92.46737000006091, 43.96395000002136], [-92.46745999957427, 43.963939999914665], [-92.4675600000317, 43.963939999914665], [-92.46760299968939, 43.963939999914665], [-92.46773300028407, 43.963939999914665], [-92.46777699976668, 43.963939999914665], [-92.46786399980532, 43.963939999914665], [-92.46812599974614, 43.963939999914665], [-92.46821399960967, 43.963939999914665], [-92.46843100024297, 43.963939999914665], [-92.46908200034623, 43.963939999914665], [-92.46919000030125, 43.963939999914665], [-92.46929999990611, 43.963939999914665], [-92.46954400030357, 43.963939999914665], [-92.47027599969935, 43.963939999914665], [-92.47052000009684, 43.963939999914665], [-92.47093900039651, 43.963939999914665], [-92.47219899987189, 43.963939999914665], [-92.47240999975908, 43.963939999914665], [-92.47260999977561, 43.963879999885705], [-92.47365800043723, 43.96388400032061], [-92.47474999968311, 43.9638900000025], [-92.47568399964359, 43.963900000117654], [-92.47574599956786, 43.963896999953974], [-92.47580800039046, 43.963902000011146], [-92.4768040002752, 43.963912999747514], [-92.47742000021836, 43.96391999969623], [-92.4778529998634, 43.96392299985875], [-92.47812599967487, 43.963924000128394], [-92.47844700006524, 43.963926000021125], [-92.47894599983252, 43.96392799991374], [-92.47915000004703, 43.9639299998063], [-92.47922000036723, 43.9639299998063], [-92.4792689998727, 43.96393199969878], [-92.47996000015893, 43.96396000012642], [-92.48031800035922, 43.96396099974884], [-92.48238999959635, 43.96397000022975], [-92.48476999970333, 43.96396000012642], [-92.48593999966536, 43.96395000002136], [-92.48607799975763, 43.96394699986025], [-92.48668899967791, 43.96394199980686], [-92.48831999977237, 43.963939999914665], [-92.48829999968088, 43.96438999981671], [-92.4883149997495, 43.96488300011418], [-92.48831999977237, 43.96500999984542], [-92.48832999981812, 43.96538999975151], [-92.48831300009968, 43.96633600025039], [-92.48830999972662, 43.9665699997214], [-92.4883070002519, 43.966810000243804], [-92.48829999968088, 43.967510000215995], [-92.48829999968088, 43.96753299985247], [-92.4883010004041, 43.967563000292635], [-92.48830499970374, 43.967773999921604], [-92.4883080000768, 43.96797699977641], [-92.48831899994747, 43.96858599970402], [-92.48831999977237, 43.96859999979241], [-92.48832999981812, 43.96879000020409], [-92.48834400006182, 43.96930100018448], [-92.48834999990959, 43.9694900001174], [-92.48832999981812, 43.97041999999601], [-92.48832499979524, 43.97083599991482], [-92.4883220003205, 43.971166999942845], [-92.48831999977237, 43.971347999892885], [-92.48831599957441, 43.97165799996173], [-92.48830999972662, 43.97221000001165], [-92.48830999972662, 43.97259099988181], [-92.48830999972662, 43.97278599976563], [-92.48830999972662, 43.972915999763494], [-92.48830999972662, 43.97296200001281], [-92.48830999972662, 43.97300800022652], [-92.48830999972662, 43.97305499987405], [-92.48830999972662, 43.97332400005695], [-92.48830999972662, 43.973430000130804], [-92.48831300009968, 43.973726000152496], [-92.4883220003205, 43.97461599994871], [-92.48832700034338, 43.975011999851525], [-92.48832800016828, 43.97504499999358], [-92.48832999981812, 43.97523000007821], [-92.48832999981812, 43.97589000024445], [-92.48833300019116, 43.97616200005903], [-92.48833999986385, 43.9767899998153], [-92.48835999995534, 43.977019999923414], [-92.48838500006968, 43.97718299994969], [-92.48840000013831, 43.97727999984416], [-92.48840099996323, 43.97729099968891], [-92.48841000018405, 43.97739000013922], [-92.4884620000626, 43.97761400027461], [-92.48848700017695, 43.97772099983902], [-92.48850999974317, 43.977820000218856], [-92.4885180001391, 43.97787200011064], [-92.48852999983464, 43.977939999850676], [-92.48857000001762, 43.97820999991329], [-92.48856900019271, 43.978332000103904], [-92.4885619996217, 43.97848700021234], [-92.48855999997188, 43.978519999716106], [-92.48852999983464, 43.97866999987372], [-92.4884699995602, 43.978920000156265], [-92.48834999990959, 43.9791700000326], [-92.48822799971086, 43.979562999928696], [-92.48822000021326, 43.979590000092514], [-92.4881599999388, 43.97989999980089], [-92.48816999998454, 43.98002999973907], [-92.48834999990959, 43.98099000016638], [-92.48837000000107, 43.98136000020667], [-92.48837000000107, 43.981549999872826], [-92.48835999995534, 43.98168000007657], [-92.48829499965801, 43.98191599978856], [-92.48820000012178, 43.9822600002521], [-92.48811999975584, 43.98251000028534], [-92.48807000042541, 43.982639999679726], [-92.48804000028821, 43.98288900010162], [-92.48803000024246, 43.98298000003158], [-92.48805000033394, 43.9831699996843], [-92.48809999966434, 43.983380000157865], [-92.4881599999388, 43.983599999918795], [-92.48827000044197, 43.98391000001975], [-92.48829300000818, 43.98398300026048], [-92.48830899990172, 43.98403499992565], [-92.48833999986385, 43.984129999755716], [-92.48835599975739, 43.984196000228486], [-92.48837000000107, 43.98425000020819], [-92.48839000009256, 43.98430999969712], [-92.4884200002298, 43.9844899997391], [-92.48844000032129, 43.98478000005921], [-92.48844500034416, 43.98492499968801], [-92.4884699995602, 43.98559999989518], [-92.48847600030629, 43.98569300000011], [-92.4885199997889, 43.986360000096624], [-92.48853700040566, 43.98696699983363], [-92.48853999988039, 43.98704000019313], [-92.4885199997889, 43.987648999826405], [-92.4885199997889, 43.987659999689086], [-92.48848999965168, 43.9879300001454], [-92.48843399957518, 43.9882809996781], [-92.48843000027554, 43.988310000119306], [-92.48824000030473, 43.988809999882264], [-92.48804000028821, 43.98926999979619], [-92.48787000040889, 43.989569999702084], [-92.48763400040733, 43.99001900011918], [-92.48744000023858, 43.990389999937776], [-92.48734800017708, 43.99058999993186], [-92.48724500024491, 43.99081099993321], [-92.48720000003907, 43.990909999813184], [-92.48700000002252, 43.99136000024131], [-92.48696499986242, 43.99148499997016], [-92.4868999995651, 43.99171999967834], [-92.48688799986952, 43.99175400002932], [-92.48685500025758, 43.99185700011836], [-92.48684400038692, 43.9918920001895], [-92.48680099983089, 43.992020999922616], [-92.48672999968578, 43.99224000018018], [-92.48667799980724, 43.992411000040704], [-92.48663900034751, 43.99254200015994], [-92.48663199977649, 43.992561000000265], [-92.48661500005807, 43.99261999970385], [-92.48661000003517, 43.99263999995153], [-92.48656999985221, 43.99278000020396], [-92.48654999976073, 43.99292999987715], [-92.48656999985221, 43.99307000009175], [-92.48663000012668, 43.99323999972365], [-92.48687000032616, 43.993610000318505], [-92.48715999985609, 43.993520000298794], [-92.48748999956898, 43.99343000014258], [-92.4877599999057, 43.993390000173], [-92.4880489996107, 43.99335199972449], [-92.48828999963514, 43.99331999983816], [-92.48857000001762, 43.99331000015286], [-92.48887999963901, 43.99331999983816], [-92.48956000005458, 43.993359999854974], [-92.49043000044095, 43.99341999982959], [-92.49082000042829, 43.99343999980766], [-92.49155000017426, 43.993459999779], [-92.49202999967497, 43.993450000117285], [-92.49263999977033, 43.99341999982959], [-92.49334000027739, 43.993370000178075], [-92.49395000037275, 43.99327999979439], [-92.49489000018099, 43.99318999992048], [-92.49579999985203, 43.99307999981748], [-92.4963480000231, 43.99301400017479], [-92.49679999993472, 43.99295999976626], [-92.49799699966091, 43.99283100013539], [-92.49801000007972, 43.992829999706274], [-92.49854900002997, 43.99279500018835], [-92.49856499992349, 43.99279399975863], [-92.49861299960406, 43.99278999997856], [-92.49863000022081, 43.99278999997856], [-92.4985869996648, 43.9930820000209], [-92.49852999976339, 43.99347000008525], [-92.49846500036439, 43.993958999692836], [-92.4984600003415, 43.9939999996883], [-92.49841000011278, 43.994249000281876], [-92.49836599973186, 43.99446899982794], [-92.49833999979259, 43.994599999928106], [-92.49827600021848, 43.99513600018201], [-92.49825000027921, 43.99535999992438], [-92.49824600008127, 43.99537900015502], [-92.49824000023348, 43.99541999981567], [-92.49824000023348, 43.99543900002708], [-92.49824000023348, 43.99545999970947], [-92.49822599998977, 43.99556099970908], [-92.49819000000477, 43.99583000003397], [-92.49818400015698, 43.99586399996903], [-92.49816999991329, 43.99596499992727], [-92.4981580002177, 43.99604199976716], [-92.49812499970744, 43.996277000171375], [-92.49811399983678, 43.99635499997607], [-92.49808200004972, 43.99657200031008], [-92.4980800003999, 43.99658999978696], [-92.4980300001712, 43.99707000019365], [-92.49800800042989, 43.99722600020064], [-92.49798599979026, 43.99738799997265], [-92.49797699956943, 43.99744400028565], [-92.49796800024691, 43.99752100014499], [-92.49794399995747, 43.997684999806104], [-92.49793999975951, 43.99772000031741], [-92.49789999957655, 43.99814000031877], [-92.49789299990385, 43.99841500000927], [-92.49789000042911, 43.998549999837344], [-92.49789000042911, 43.99866000014032], [-92.49797999994249, 43.99866000014032], [-92.49854999985486, 43.998709999858164], [-92.49870300001575, 43.99874099973961], [-92.4987900000544, 43.998760000180035], [-92.49914999990449, 43.99885000000708], [-92.4993399998753, 43.99892000028079], [-92.49954999993759, 43.99900999986514], [-92.49981000022859, 43.999149999952415], [-92.50000000019938, 43.999279999737674], [-92.50039000018671, 43.999580000093644], [-92.50076699975527, 43.9999760002053], [-92.50080000026554, 44.00000999970332], [-92.501325999797, 44.00057499981776], [-92.50169300021813, 44.000970000104594], [-92.50201000041052, 44.001310000143135], [-92.50227999984897, 44.001560000068736], [-92.50254000013996, 44.00178000029492], [-92.5028399997156, 44.00202000002246], [-92.50289300031737, 44.002051999740495], [-92.50320999961146, 44.002239999835226], [-92.50336600014539, 44.00231300014794], [-92.50350000003968, 44.002376000274836], [-92.50390500009564, 44.00256599987282], [-92.50403999981485, 44.00262999999486], [-92.50474199997173, 44.00288099978709], [-92.50621999990533, 44.00340999973057], [-92.50653000042504, 44.003529999972535], [-92.50683000000069, 44.003680000256765], [-92.50687000018365, 44.00370000000756], [-92.50728000026248, 44.00396000003104], [-92.50746000018754, 44.004079999806684], [-92.50753999965518, 44.0041399999265], [-92.50783799958099, 44.00442900027832], [-92.50788000031211, 44.00447000014714], [-92.5081399997048, 44.0047799997982], [-92.5082800003452, 44.00501000001406], [-92.50838999995004, 44.005220000106554], [-92.50846000027025, 44.0054699997089], [-92.50853300006517, 44.00577800017401], [-92.50855999982936, 44.0058899997704], [-92.50858999996659, 44.00628999992573], [-92.50860000001232, 44.006375999803865], [-92.50860000001232, 44.00663900031798], [-92.50860000001232, 44.00672700007978], [-92.50860000001232, 44.00683800027595], [-92.50860000001232, 44.006986000214425], [-92.50860000001232, 44.0071710002643], [-92.50860000001232, 44.007282999815075], [-92.50860000001232, 44.00740999996702], [-92.50859300033963, 44.007803000266385], [-92.50859099979151, 44.00793400000291], [-92.50858999996659, 44.00799999984931], [-92.50859300033963, 44.00803100004553], [-92.50862799960142, 44.008321999867746], [-92.5086400001953, 44.00842000008826], [-92.5086679997844, 44.0085899996779], [-92.50869999957145, 44.00878000004886], [-92.50874099957932, 44.008936999790755], [-92.50876999989164, 44.00905000003918], [-92.50878599978518, 44.0090930002544], [-92.50885000025758, 44.009253999776654], [-92.50889999958797, 44.00938000008112], [-92.50907399966525, 44.00974500010349], [-92.509119999696, 44.00984000013037], [-92.50913499976463, 44.00986599994797], [-92.50928399972754, 44.010132000259986], [-92.50933999980404, 44.01023000007425], [-92.50950999968336, 44.01047999988219], [-92.50972999979138, 44.01073999990844], [-92.50984100011947, 44.0108559996817], [-92.5099499998994, 44.01097000027374], [-92.51006000040259, 44.011070000238625], [-92.51029999970378, 44.01129000008472], [-92.51052200035994, 44.01146599989088], [-92.51083000033152, 44.011710000285234], [-92.5113299999237, 44.01205000014575], [-92.51161000030619, 44.0122099999377], [-92.51198000020204, 44.0123899999953], [-92.51206999971541, 44.01242400013146], [-92.51263999962781, 44.012639999743186], [-92.51303999966089, 44.01278399969334], [-92.51372400027442, 44.01303100009918], [-92.51391000004725, 44.01309800017572], [-92.51419000042974, 44.013199999954125], [-92.51423999976014, 44.0132199997254], [-92.51463499977035, 44.01338000023715], [-92.51471000011341, 44.01341000012354], [-92.51497100022932, 44.01354399999064], [-92.51508000000928, 44.0135999999129], [-92.51543999985938, 44.013799999849596], [-92.51565099974658, 44.01394300014023], [-92.51566900018824, 44.01395499972426], [-92.51569099992956, 44.013971000242606], [-92.51575299985383, 44.014016999689915], [-92.51576799992245, 44.01402799983332], [-92.51592100008331, 44.01414000000296], [-92.51613000032069, 44.014320000017], [-92.51620300011564, 44.0143869999294], [-92.51639999975913, 44.014570000027454], [-92.51661999986715, 44.01484000014698], [-92.51673700004301, 44.01499000025645], [-92.5167999997922, 44.01507000011661], [-92.51687500013527, 44.01518899997542], [-92.51694000043258, 44.01528999998314], [-92.51700400000671, 44.01541799983529], [-92.51703999999171, 44.01549000003447], [-92.51714999959657, 44.015759999841315], [-92.51727000014547, 44.016360000322344], [-92.51730000028272, 44.01676999989416], [-92.51727000014547, 44.01709000006398], [-92.51726099992464, 44.01717399974975], [-92.51722599976455, 44.017312000221], [-92.51720999987103, 44.017390000148666], [-92.51707000012894, 44.0178700002279], [-92.51683999997518, 44.018509999887804], [-92.51628000010852, 44.01992999994192], [-92.51613000032069, 44.02032999972279], [-92.51610000018347, 44.020519999949116], [-92.51609000013771, 44.02079000010731], [-92.51609000013771, 44.020877000233675], [-92.51609000013771, 44.02094099997785], [-92.51609000013771, 44.021134999991446], [-92.51609000013771, 44.0212000000538], [-92.51615000041217, 44.02118999989977], [-92.5161799996511, 44.02117999974409], [-92.51628000010852, 44.02116000007356], [-92.51686099989156, 44.02104099992429], [-92.51705500006032, 44.02100299974486], [-92.51706799958079, 44.02099999988265], [-92.51710600011396, 44.02099200024936], [-92.51712000035766, 44.020989999694926], [-92.51732600022197, 44.02094599975311], [-92.51848799978806, 44.02070399981236], [-92.5187000003985, 44.02066000030423], [-92.51942799959632, 44.02050100001849], [-92.51968200003954, 44.02044500015351], [-92.52003000019408, 44.02037000026302], [-92.5208899996364, 44.02018999988036], [-92.52112099961506, 44.02016899990778], [-92.52133999989819, 44.020149999864685], [-92.52185000043444, 44.020129999846695], [-92.52232999993515, 44.02016000019413], [-92.52294000003053, 44.020209999878105], [-92.52417000026698, 44.02028999980152], [-92.52441399976614, 44.02030999976553], [-92.52514000021247, 44.02037000026302], [-92.52580999968399, 44.0204199997699], [-92.5262699999915, 44.02046999988059], [-92.52645400011453, 44.02050999968042], [-92.52673000029905, 44.02056999997547], [-92.52729000016569, 44.02073000003486], [-92.52770000024454, 44.02088000010211], [-92.52818499976811, 44.021083999842936], [-92.52838999980753, 44.02117000023266], [-92.52868000023575, 44.021280999882684], [-92.52885099993996, 44.021345999784984], [-92.52893999962843, 44.02137999995396], [-92.52932999961578, 44.02147999980588], [-92.52937999984448, 44.02148899996517], [-92.52956099959445, 44.0215230000521], [-92.52975999978608, 44.02155999995356], [-92.53031999965273, 44.02161999983201], [-92.53164299977561, 44.02164700024195], [-92.53178000004297, 44.02165000007143], [-92.53181799967781, 44.02165000007143], [-92.53194999992229, 44.02165000007143], [-92.53335000003808, 44.02162999991352], [-92.5335979997352, 44.021644999709615], [-92.5336479999639, 44.02164800018512], [-92.533675999553, 44.02165000007143], [-92.53375000007115, 44.021653999843814], [-92.53379899957666, 44.0216570003189], [-92.53384999963028, 44.021660000147875], [-92.53434000007503, 44.021740000052674], [-92.5346899998794, 44.02180999980006], [-92.53497000026191, 44.02189000014842], [-92.53507999986674, 44.02193000028212], [-92.53526999983755, 44.021979999765286], [-92.53547800025002, 44.022069999891535], [-92.5359200001159, 44.02225999970931], [-92.53601999967499, 44.02231000020615], [-92.53627900014109, 44.022433000111924], [-92.53690000010711, 44.022729999872226], [-92.53708000003216, 44.022810000270994], [-92.53748000006523, 44.02297000009877], [-92.53793000032704, 44.02313999996744], [-92.53834000040587, 44.023259999695235], [-92.53878999976935, 44.02334999981613], [-92.54003000005156, 44.02345999999366], [-92.54289999970501, 44.02367000000068], [-92.54297000002522, 44.023679999736395], [-92.54378699980983, 44.02373499986746], [-92.54444999960863, 44.02378000023038], [-92.54541000040669, 44.02381000002272], [-92.54625099958243, 44.02379099985456], [-92.54627999989474, 44.023789999947546], [-92.54635000021494, 44.02378000023038], [-92.54721700022826, 44.02376299986766], [-92.54738000043487, 44.02376000014508], [-92.54763999982755, 44.023740000053046], [-92.54775000033072, 44.0237299996815], [-92.54795000034726, 44.02371999995421], [-92.54860999977303, 44.02362999974912], [-92.5490099998061, 44.02351999988703], [-92.54942999993068, 44.023370000039755], [-92.54955999962702, 44.02331999979102], [-92.549747999948, 44.023241999913026], [-92.55040999992191, 44.02297000009877], [-92.55054999966399, 44.022910000294715], [-92.55125799966864, 44.02259799994715], [-92.55280000007467, 44.021920000251214], [-92.55331999975833, 44.02176000017347], [-92.55341199981984, 44.021740999994265], [-92.5536699995627, 44.02168999972108], [-92.5539299998537, 44.02166499986246], [-92.55418000009897, 44.02165199995768], [-92.55484999957045, 44.02162999991352], [-92.55498099999004, 44.02162999991352], [-92.5573870000363, 44.02163700016331], [-92.55818999957721, 44.0216399999933], [-92.55901200028299, 44.0216399999933], [-92.56104000003748, 44.0216399999933], [-92.5614779997054, 44.02164299982313], [-92.5623000004112, 44.02165000007143], [-92.56271100031493, 44.02165000007143], [-92.56394800022409, 44.02165000007143], [-92.56435999995276, 44.02165000007143], [-92.56541000026417, 44.021660000147875], [-92.56712500002422, 44.0216690002798], [-92.56782100033331, 44.0216730000509], [-92.5692499998631, 44.02168000029566], [-92.57090000022416, 44.02168999972108], [-92.57188000021537, 44.02168999972108], [-92.57410999963624, 44.02168999972108], [-92.57527999959825, 44.02169999979078], [-92.57542299971338, 44.02169999979078], [-92.57668300008707, 44.02170500014796], [-92.57819000033298, 44.0217099998588], [-92.57818000028725, 44.02135999970493], [-92.57818000028725, 44.0212900000722], [-92.57819000033298, 44.0192400002919], [-92.57818600013503, 44.01884400022529], [-92.57818000028725, 44.018210000301735], [-92.57818000028725, 44.01642000029498], [-92.57820000037873, 44.01411999989591]]]}}, {"type": "Feature", "properties": {"tract_id": "27109000902", "name": "Tract Census Tract 9.02", "pct_white_2020": 81.2, "pct_black_2020": 7.1, "pct_hispanic_2020": 5.0, "pct_asian_2020": 3.0, "population_2020": 3086, "is_sample_data": false, "pct_white_1970": 98, "pct_black_1970": 11.5, "pct_hispanic_1970": 8.8, "pct_asian_1970": 1.2, "pct_white_1990": 86.9, "pct_black_1990": 7.4, "pct_hispanic_1990": 1, "pct_asian_1990": 0}, "geometry": {"type": "Polygon", "coordinates": [[[-92.4534650002359, 43.97663299969083], [-92.45347000025878, 43.97659700026257], [-92.45346299968776, 43.9765659998037], [-92.45342099985497, 43.97654299978639], [-92.45336999980134, 43.97653299986044], [-92.45327199989205, 43.97652700016259], [-92.45306100000487, 43.97652299993275], [-92.45301699962393, 43.976515000118724], [-92.45300400010345, 43.9764869997914], [-92.453015999799, 43.97644499992208], [-92.45304699976116, 43.97641899968026], [-92.45309399961681, 43.97640999979281], [-92.45319999992202, 43.97639999984446], [-92.45323900028009, 43.97638300012226], [-92.45326100002139, 43.976351000137726], [-92.45327799973983, 43.976313999831056], [-92.45331899974772, 43.97624899970824], [-92.45332700014363, 43.976211999984436], [-92.45332700014363, 43.97617600030099], [-92.45331000042519, 43.97613999994921], [-92.45327000024223, 43.97612200008842], [-92.45322199966334, 43.97612100002413], [-92.45301999999697, 43.97613300014763], [-92.45295600042287, 43.976132000083574], [-92.45292299991259, 43.97612200008842], [-92.45294399982899, 43.97610100002836], [-92.45302800039289, 43.976048999878564], [-92.45306500020283, 43.97601999991199], [-92.45311700008135, 43.9759570002479], [-92.4531349996247, 43.97592299989858], [-92.45314399984552, 43.9758880001081], [-92.45314300002063, 43.975853000297], [-92.45311299988339, 43.975781999896434], [-92.45309000031716, 43.97575100030497], [-92.4530219996468, 43.975696000280934], [-92.45298099963891, 43.97567399999848], [-92.45292799993545, 43.97565900021261], [-92.45289100012555, 43.975669000285755], [-92.45286900038423, 43.97569899984868], [-92.45283800042209, 43.975773999982586], [-92.45283599987395, 43.975815000257064], [-92.4528109997596, 43.975834999702684], [-92.4527610004292, 43.97583599977179], [-92.45270700000252, 43.97582799986515], [-92.45266099997177, 43.975815000257064], [-92.45258900000175, 43.97578800031597], [-92.45257200028331, 43.975781999896434], [-92.45235600037324, 43.975681999925854], [-92.45227199980934, 43.97563699991644], [-92.45223900019737, 43.97561300011298], [-92.45221499990794, 43.975588000226566], [-92.45222999997655, 43.97555599981361], [-92.45226699978647, 43.97552199988116], [-92.45237599956641, 43.975447000075455], [-92.45240300022891, 43.97541799981488], [-92.45242499997022, 43.97538499988009], [-92.4524529995593, 43.97531400021292], [-92.45245500010743, 43.9752790000635], [-92.45245000008458, 43.9752439998934], [-92.45240400005383, 43.975102000136985], [-92.45239400000808, 43.97503100013144], [-92.45240099968078, 43.97492799993611], [-92.45240400005383, 43.974886999695634], [-92.45240300022891, 43.97484700015908], [-92.45240099968078, 43.97470700027596], [-92.45239400000808, 43.97463499970889], [-92.45238700033539, 43.97460599969825], [-92.45236899989372, 43.97452799975538], [-92.45194999959406, 43.97444000007809], [-92.45190500028654, 43.974429999797934], [-92.4508399999065, 43.97418999968101], [-92.45051699986631, 43.974127000014846], [-92.45005300025913, 43.9740380002905], [-92.44996000037271, 43.9740199997925], [-92.44879000041068, 43.97387000017121], [-92.44859799989176, 43.97385100016627], [-92.44838000033188, 43.973829999949636], [-92.44781999956692, 43.97382000021325], [-92.44739000029492, 43.97385000006379], [-92.44649999981705, 43.9739499998871], [-92.44546999959712, 43.9740599998861], [-92.44467999957669, 43.97411999997598], [-92.44433999981807, 43.97416000000222], [-92.44421500014461, 43.97416999968135], [-92.4439900000137, 43.97418999968101], [-92.44353999975192, 43.974239999973925], [-92.4427580001274, 43.97429000022475], [-92.44236999978989, 43.97430099997688], [-92.44229399962191, 43.97430499970993], [-92.43906999996612, 43.97452999993754], [-92.43891599998034, 43.9745400002008], [-92.43860999965858, 43.97456000007583], [-92.43855799978004, 43.9745620002569], [-92.43749999997102, 43.974610000057226], [-92.43732199969578, 43.97462000030702], [-92.43626999973456, 43.97467999983114], [-92.43544000042947, 43.97475000016898], [-92.43444000034677, 43.97481000020819], [-92.43368999961099, 43.97484000020508], [-92.43289999959057, 43.97481000020819], [-92.43208199998107, 43.97475900030802], [-92.4314500001444, 43.97472000012666], [-92.43033999955853, 43.974599999805754], [-92.43006699974704, 43.974569000243676], [-92.42990000024078, 43.974549999815935], [-92.42827099979614, 43.97433499996195], [-92.42815000032063, 43.9743199998378], [-92.42673000011335, 43.974139999992474], [-92.42602600030665, 43.97405399993844], [-92.42385000041413, 43.97378999970112], [-92.41795000037533, 43.97318999985139], [-92.41709000003472, 43.97307000031766], [-92.4157500001934, 43.972909999700214], [-92.413449999554, 43.9726899997636], [-92.41305899974175, 43.9726450000729], [-92.40873999956871, 43.9721499999315], [-92.40546300020947, 43.9716780001609], [-92.40420100018595, 43.97141700013582], [-92.4031910000575, 43.97112699984022], [-92.40251800021295, 43.970873999908264], [-92.4021630003857, 43.97074399996614], [-92.40108799995993, 43.97029499987229], [-92.39915300009184, 43.9692199998444], [-92.39529099985329, 43.96694800020212], [-92.39071399993738, 43.964285000036675], [-92.38322999965978, 43.96034000019571], [-92.38189999986419, 43.95978000027657], [-92.37971999977371, 43.95896000015596], [-92.37868999955379, 43.95859000022097], [-92.378691000277, 43.958814000135256], [-92.37869700012479, 43.959485999984366], [-92.37869999959952, 43.959709999753926], [-92.3787330001098, 43.96123400009694], [-92.37876999991971, 43.96296000004348], [-92.37876999991971, 43.96309000021086], [-92.37880000005694, 43.96348000029931], [-92.37888000042288, 43.96386999976723], [-92.37903000021073, 43.96432000019952], [-92.37906000034793, 43.96437999978408], [-92.37927999955765, 43.964880000000136], [-92.37940000010657, 43.96505000018824], [-92.37941400035028, 43.9650450002277], [-92.37953200035103, 43.965224999835634], [-92.37987799995744, 43.96568599975685], [-92.38014599974608, 43.965976999698285], [-92.38038299957253, 43.966207000305346], [-92.38071099963557, 43.96649899986049], [-92.38087700021525, 43.96661800016205], [-92.38131999990604, 43.966930000141396], [-92.38163999957318, 43.96712000007614], [-92.38212400017017, 43.967418000287786], [-92.38216000015518, 43.96743999974946], [-92.38343100039954, 43.96821200009233], [-92.38358299983717, 43.9683040000838], [-92.3840699999089, 43.96859999979241], [-92.38422399989469, 43.96869400020817], [-92.38468599985205, 43.968975999916346], [-92.38483999983784, 43.969069999737044], [-92.38541599959802, 43.96941000021239], [-92.38567000004124, 43.969560000107585], [-92.38589000014926, 43.96969999984043], [-92.38654999957501, 43.970096000197984], [-92.38713499955601, 43.97044600027834], [-92.38771000038962, 43.97078999995831], [-92.3881959997381, 43.971091000306636], [-92.3884700002728, 43.97126000002896], [-92.38889000039737, 43.97151200011422], [-92.38911999965282, 43.97165000013883], [-92.38966799982391, 43.97197700026617], [-92.38979000002264, 43.972050000309714], [-92.39015999991851, 43.97227000003117], [-92.39058599989086, 43.972532000311325], [-92.39078900028044, 43.972657000252326], [-92.39093999989319, 43.97274999994469], [-92.39104799984821, 43.97282899975666], [-92.39111300014555, 43.972876000192294], [-92.39112400001619, 43.97288399985011], [-92.39147999966836, 43.973143000310706], [-92.39160000021725, 43.973229999857544], [-92.39217000012965, 43.973679999848436], [-92.3925400000255, 43.97401399984076], [-92.39279000027076, 43.974239999973925], [-92.39303700014298, 43.97447799970495], [-92.39307999980068, 43.974520000319025], [-92.39315900034171, 43.97459600009253], [-92.39340000036614, 43.97482999999234], [-92.39346999978802, 43.97490999970788], [-92.39360799988027, 43.97504399991117], [-92.39362799997177, 43.97506300018088], [-92.3936380000175, 43.97507299970796], [-92.39364899988816, 43.9750839999615], [-92.39368900007113, 43.975122999903846], [-92.39377000026198, 43.97520000027834], [-92.393834999661, 43.97526500025652], [-92.39407800023355, 43.97550800013147], [-92.39422999967121, 43.97566000028462], [-92.39475199990304, 43.976186999703785], [-92.39550000009066, 43.97693999981822], [-92.39632400044627, 43.97776400013529], [-92.39684999997772, 43.9782900002467], [-92.39717499966774, 43.978607999811416], [-92.39733000037674, 43.97875999978644], [-92.3981429999634, 43.9795729999908], [-92.39826000013926, 43.97968999994595], [-92.39846000015581, 43.97989999980089], [-92.39855800006508, 43.979999999778585], [-92.39885199979297, 43.98029999999394], [-92.39894999970224, 43.980399999944346], [-92.39921699966595, 43.980682000306444], [-92.40001799955702, 43.98153099973968], [-92.40013999975575, 43.981660000013996], [-92.40028000039615, 43.98181999967927], [-92.4004250001611, 43.98198599999934], [-92.40064600009406, 43.982238999777366], [-92.40069999962242, 43.982299999966216], [-92.4008679998519, 43.982478999681646], [-92.40102000018787, 43.982639999679726], [-92.40117199962552, 43.98280800019584], [-92.4016279997351, 43.98331200018434], [-92.40178000007104, 43.983480000091504], [-92.40219799964748, 43.98391199988587], [-92.40234999998346, 43.98407000008486], [-92.40287999971288, 43.98452000001624], [-92.40324999960873, 43.98477000022776], [-92.40357000017417, 43.984959999968815], [-92.40363399974828, 43.984995000228984], [-92.40401000039024, 43.98519999986108], [-92.4041700002238, 43.98527000007777], [-92.40446200030186, 43.98539600025984], [-92.40454000011967, 43.98542999970908], [-92.40505999980334, 43.98563000025771], [-92.40535799972918, 43.98573399988888], [-92.40565999985296, 43.98583999978533], [-92.40580200014318, 43.98589199976293], [-92.40622899994045, 43.98604899996573], [-92.40637200005558, 43.98610200030274], [-92.40647800036079, 43.98614100011806], [-92.40689599993722, 43.98629400009075], [-92.40701999978579, 43.98634000031803], [-92.40728000007678, 43.98643999978989], [-92.4083300003882, 43.9868399998708], [-92.40846299955926, 43.986888999970105], [-92.40898800016414, 43.98708300020352], [-92.40909799976899, 43.98712500030383], [-92.40925400030292, 43.98718500011853], [-92.40943099985493, 43.98725200030319], [-92.40954200018302, 43.987295000159996], [-92.40980900014671, 43.98739599983638], [-92.41042000006698, 43.98762999970622], [-92.41061099986268, 43.98770000028902], [-92.4108800003745, 43.987800000055095], [-92.41111200017812, 43.98788399985765], [-92.41126100014104, 43.987937999714084], [-92.41220000012437, 43.98827999981862], [-92.41240299961564, 43.98836199987209], [-92.41242600008016, 43.98837099988681], [-92.4127790002576, 43.98851599979241], [-92.4128150002426, 43.98852999970663], [-92.41292300019764, 43.988575000285586], [-92.41296000000756, 43.988590000040105], [-92.41311999984111, 43.98865000031294], [-92.41316300039715, 43.98866699975448], [-92.41376799957133, 43.98890899986833], [-92.413970000136, 43.98898999985163], [-92.41449999986543, 43.98919999977229], [-92.41459899959962, 43.9892440000001], [-92.41515000014377, 43.989489999703096], [-92.41645900002295, 43.9900729999722], [-92.41707999998897, 43.990349999858104], [-92.41802999984297, 43.99076000020481], [-92.41809500014028, 43.99078900008108], [-92.41875499956608, 43.991083999711165], [-92.41946400029396, 43.99140000028658], [-92.42015999970472, 43.99170999972343], [-92.42127000029059, 43.992259999909635], [-92.42170299993566, 43.99247099968226], [-92.42184400040094, 43.99253999993828], [-92.42237999997816, 43.99279999975143], [-92.4228400002857, 43.99305999971808], [-92.42298400022574, 43.99314500025549], [-92.42340000015236, 43.993390000173], [-92.42381799972877, 43.99362700027815], [-92.4238400003684, 43.99363999986389], [-92.42504899979018, 43.99437899981847], [-92.4254599996939, 43.99463000026555], [-92.42544799999835, 43.99463699982509], [-92.42541200001334, 43.99466200009176], [-92.42540000031777, 43.994670000045645], [-92.42547099956457, 43.99471199994725], [-92.42557000019707, 43.99476999970097], [-92.42568399999989, 43.994838999868975], [-92.42569599969545, 43.99484600005013], [-92.42575599996991, 43.99488200004552], [-92.42601999956055, 43.995040999871485], [-92.42681499960385, 43.995520000145895], [-92.42707999991772, 43.995679999935945], [-92.42744999981356, 43.99589900026196], [-92.42856299987419, 43.99655600026788], [-92.42872299970776, 43.99664999972701], [-92.42893500031818, 43.99677499994583], [-92.42908000008315, 43.99685999968572], [-92.42975799995054, 43.997277999896426], [-92.43109000029429, 43.998100000292844], [-92.43223099994398, 43.9987840003196], [-92.43306000032247, 43.999279999737674], [-92.43344000026406, 43.99950200000483], [-92.43430999975212, 44.00000999970332], [-92.43448999967717, 44.000129999714446], [-92.43457000004311, 44.0001849997192], [-92.43473999992243, 44.000299999799374], [-92.43492999989321, 44.00044000007375], [-92.43502000030489, 44.000499999997906], [-92.435232000017, 44.0006590002789], [-92.43538000015502, 44.00077000019808], [-92.43609999985524, 44.00137100011875], [-92.43617000017544, 44.00143000010963], [-92.43638000023772, 44.00162000015256], [-92.43654000007129, 44.00177000009673], [-92.43662299991196, 44.00184999969651], [-92.4368999999214, 44.002120000214724], [-92.43732800044188, 44.00256700013775], [-92.43756000024548, 44.00281000004884], [-92.4379700003243, 44.003309999774224], [-92.43816299976983, 44.00357700001194], [-92.43825999985422, 44.00370999988043], [-92.43846400006872, 44.0040190000318], [-92.43894000026978, 44.004739999725814], [-92.43919999966246, 44.00510999968928], [-92.43977200012299, 44.006023999828884], [-92.439920000261, 44.006260000314555], [-92.44015000041476, 44.00667999995158], [-92.44022700040767, 44.006824999704875], [-92.44036999962448, 44.00711999973538], [-92.44044300031773, 44.00721200017631], [-92.44056999964101, 44.00736999972974], [-92.44064499998409, 44.007503000139906], [-92.44070299971042, 44.00760700020912], [-92.44079999979479, 44.00778000007564], [-92.44086599991702, 44.0078889998893], [-92.44124000001085, 44.008510000121696], [-92.44138200030106, 44.00872000009948], [-92.44142999998165, 44.008789999711496], [-92.44153999958651, 44.008940000263266], [-92.44157999976947, 44.0089800000879], [-92.44167000018116, 44.00896000017896], [-92.44197700032782, 44.008878000158745], [-92.44200999993978, 44.00887000018221], [-92.44212000044294, 44.00883999993755], [-92.44317099968096, 44.00857800030052], [-92.44343000014706, 44.008507000273546], [-92.44359199963044, 44.00846599996448], [-92.44540199982505, 44.008013000162855], [-92.44569100042837, 44.00793800005441], [-92.44565500044338, 44.0077639998253], [-92.44562199993308, 44.00770700002917], [-92.44551399997806, 44.00751800027917], [-92.44500099996706, 44.0070130001808], [-92.44459199971315, 44.0068310002173], [-92.44445100014616, 44.00668800022349], [-92.44438199965086, 44.00640400024818], [-92.44426100017536, 44.00599200031496], [-92.44411899988515, 44.0059140002564], [-92.44395800022664, 44.00589999992025], [-92.44361799956971, 44.00594999999796], [-92.4434050000327, 44.005923000193825], [-92.44319099977245, 44.005858000184205], [-92.44295999979377, 44.00572799995128], [-92.44253399982142, 44.005505999719915], [-92.44232100028441, 44.00536399998034], [-92.44223300042086, 44.00515699976919], [-92.44225299961404, 44.00499000005876], [-92.44234399985064, 44.004822999878236], [-92.442440999935, 44.00474299976449], [-92.44247000024733, 44.00471999967954], [-92.44272100031749, 44.00456700003909], [-92.4427570003025, 44.00450199983593], [-92.4426879998072, 44.00432199974655], [-92.44245600000362, 44.00426900017256], [-92.44222400020003, 44.0042940002579], [-92.44197399995478, 44.00428000018557], [-92.44188600009123, 44.004125000225294], [-92.44185299958096, 44.003867000118774], [-92.44189399958883, 44.00331299988521], [-92.44189500031206, 44.00315799998304], [-92.44178999983177, 44.00300300032202], [-92.44168299970164, 44.00289899993475], [-92.44158099959438, 44.00235799996848], [-92.44145900029395, 44.002073999940436], [-92.44130100011022, 44.00181499968294], [-92.44128400039178, 44.00166100002418], [-92.44128600004161, 44.00154499971519], [-92.44133999956996, 44.00142899982554], [-92.44142999998165, 44.00133900003341], [-92.44184199971029, 44.00125100003292], [-92.44214499965899, 44.0012139997367], [-92.44243199971417, 44.00115100031445], [-92.44275399992945, 44.00101099977926], [-92.44293499967941, 44.000779999918635], [-92.442953999946, 44.00059899986934], [-92.44288399962579, 44.00047000004341], [-92.4427070000738, 44.000288999694604], [-92.44231799991135, 43.99996399973161], [-92.44238800023156, 43.99979500028803], [-92.44236599959194, 43.99964200022362], [-92.4422850002994, 43.99952300018798], [-92.44217999981909, 43.9993950002796], [-92.44201699961246, 43.999233000171294], [-92.44191200003048, 43.9991219999614], [-92.44180700044852, 43.999045000241026], [-92.44171299983886, 43.99896799977455], [-92.44163199964801, 43.99889099985431], [-92.44162099977736, 43.99879799975031], [-92.44164500006681, 43.99871300020177], [-92.44172799990747, 43.99862900021659], [-92.44182300034203, 43.99859499992722], [-92.44195200021346, 43.99857000002508], [-92.44205900034358, 43.998537000034815], [-92.44215300005492, 43.998468999977355], [-92.44222500002493, 43.998385000292934], [-92.44233200015505, 43.998275000126355], [-92.44237999983562, 43.998155999933864], [-92.44245099998076, 43.99807999994667], [-92.44254499969209, 43.99804699968388], [-92.4426869999823, 43.998012999707235], [-92.44276999982299, 43.99798000005336], [-92.44281699967864, 43.99793799987985], [-92.44282900027251, 43.99790399984074], [-92.44281800040189, 43.997843999876224], [-92.442701000226, 43.99775900025348], [-92.4425599997607, 43.99774999972369], [-92.44237200033803, 43.9977319999525], [-92.44199599969608, 43.99763600021887], [-92.4417859996338, 43.9974829997569], [-92.44168100005182, 43.99737999973901], [-92.44161199955651, 43.997286000143866], [-92.44154200013465, 43.99720999968858], [-92.44153100026398, 43.99715000031473], [-92.44153100026398, 43.997081999960194], [-92.44155499965511, 43.99704800007683], [-92.44163800039411, 43.99699800025095], [-92.44176700026554, 43.99699800025095], [-92.44187299967243, 43.99700700024853], [-92.44203699970397, 43.99704199986728], [-92.44215499970474, 43.997016999957104], [-92.44229699999497, 43.996949999809786], [-92.44242099984352, 43.99685299974215], [-92.44249299981355, 43.99676799999224], [-92.44249299981355, 43.996708999888945], [-92.44245900037667, 43.996632000268335], [-92.44238900005647, 43.99658999978696], [-92.44229399962191, 43.99658900006746], [-92.44210700002417, 43.99655400018151], [-92.4420250000084, 43.996519999995606], [-92.44201300031283, 43.996476999713565], [-92.4420250000084, 43.99643499976867], [-92.44207299968899, 43.996375999980536], [-92.44213200013853, 43.996333999964165], [-92.44216800012352, 43.9962739997046], [-92.44219200041297, 43.996207000010784], [-92.44221699962903, 43.996112999849885], [-92.44203099985619, 43.995858000286006], [-92.44197300012986, 43.99575599976591], [-92.44190399963456, 43.99552599986304], [-92.44193100029706, 43.99519499991058], [-92.44186799964956, 43.9950630000862], [-92.44175100037201, 43.99493500025023], [-92.44140099966933, 43.99463600007273], [-92.44130799978291, 43.99456800006846], [-92.44128400039178, 43.994555999793526], [-92.44106199973562, 43.99444799979486], [-92.44090899957473, 43.994438000299674], [-92.44076800000774, 43.9944460002837], [-92.44065000000697, 43.99450500005203], [-92.4406020003264, 43.99457300012845], [-92.4405889999076, 43.99475099992161], [-92.44061099964891, 43.99485300023046], [-92.44065699967967, 43.99499799981021], [-92.44070299971042, 43.99505700032219], [-92.44073799987052, 43.995134000047784], [-92.44067799959606, 43.99525200009644], [-92.44063099974039, 43.995277999845634], [-92.44046599988395, 43.995234000213756], [-92.44040800015762, 43.99514100019413], [-92.44024599977593, 43.99492800007958], [-92.4401870002247, 43.994884999936424], [-92.4400109995993, 43.99486699994237], [-92.43989299959851, 43.99489200011215], [-92.43981099958273, 43.99491700027139], [-92.43967000001574, 43.994915999877435], [-92.43954100014433, 43.99484800019407], [-92.43943599966403, 43.994779000036516], [-92.43938999963326, 43.9946690002938], [-92.43939100035648, 43.994507000207456], [-92.43943900003707, 43.99442300008429], [-92.43951000018217, 43.994354999836], [-92.43961599958908, 43.99433000008626], [-92.43985199959063, 43.994314000085794], [-92.44002800021603, 43.99427300030726], [-92.44012299975228, 43.994214000308276], [-92.44015899973729, 43.99410400016452], [-92.44019600044551, 43.994009999903604], [-92.44019600044551, 43.99396800015138], [-92.44013799982089, 43.993883000146496], [-92.44002099964503, 43.99377999969609], [-92.43989299959851, 43.99367800012797], [-92.43972899956698, 43.99355799999345], [-92.43962399998499, 43.9935070000405], [-92.439483000418, 43.9934810001617], [-92.43933699992982, 43.99343099991531], [-92.43926599978471, 43.99335699988693], [-92.43921599955598, 43.99331699986814], [-92.43903599963093, 43.9932169997031], [-92.43898200010257, 43.993180999990216], [-92.43895399961517, 43.99314999978914], [-92.4389410000947, 43.99310700029638], [-92.43894500029266, 43.99308899976307], [-92.43896700003395, 43.99307999981748], [-92.43902099956232, 43.99308100024234], [-92.43918200011913, 43.99310500009381], [-92.43933100008203, 43.993114999813606], [-92.43937999958752, 43.993126999733654], [-92.43947599984699, 43.99315899972411], [-92.43952000022793, 43.99316699988056], [-92.43954500034228, 43.99316600010343], [-92.43961300011433, 43.99314900001168], [-92.4396580003202, 43.99312899993553], [-92.43970000015298, 43.99310500009381], [-92.43974600018373, 43.993067999887884], [-92.43977700014587, 43.993035000069035], [-92.43981399995577, 43.992967000169074], [-92.43982999984932, 43.99291199993638], [-92.4398359996971, 43.99282200015068], [-92.43982300017662, 43.99270900001102], [-92.43981700032884, 43.992690000218076], [-92.43980599955987, 43.99265499997126], [-92.43978999966635, 43.99262100013645], [-92.43975799987929, 43.99257600004], [-92.43972600009224, 43.99255299976212], [-92.43968300043454, 43.99253600014105], [-92.43955899968766, 43.992500999803454], [-92.43951400038013, 43.99248299973258], [-92.43949199974051, 43.992469999893416], [-92.43947599984699, 43.99245400003771], [-92.43947800039514, 43.99243599995257], [-92.43950299961118, 43.99241400005656], [-92.43958700017508, 43.99236700022192], [-92.43984800029098, 43.99224199976567], [-92.4399050001924, 43.99219900026131], [-92.43991299968998, 43.992181999892594], [-92.43989799962138, 43.99214900022737], [-92.4398290000244, 43.992083000195585], [-92.43979300003939, 43.992058000135025], [-92.43969299958196, 43.99200199990942], [-92.43964400007647, 43.991963000067294], [-92.43962599963481, 43.99193000028029], [-92.4396020002437, 43.99183800005265], [-92.43960100041878, 43.99180399974974], [-92.43960800009147, 43.99178600011376], [-92.43964900009935, 43.991741999831596], [-92.43972600009224, 43.991692999860895], [-92.43981700032884, 43.991659999923776], [-92.43988799957565, 43.9916460001016], [-92.43993899962926, 43.9916530000131], [-92.43995700007092, 43.99166600003123], [-92.43995899972073, 43.99168399970361], [-92.43994500037536, 43.99175700007835], [-92.4399479998501, 43.99177499972313], [-92.43998700020815, 43.991851999829535], [-92.4400120003225, 43.99187699997688], [-92.4400330002389, 43.99188799970231], [-92.44005800035326, 43.991889000147296], [-92.4400950001632, 43.99188399986117], [-92.4401670001332, 43.99185899971674], [-92.44025699964658, 43.991813999688794], [-92.44030900042344, 43.99177600017003], [-92.44036499960163, 43.99171500002422], [-92.44040499978459, 43.991649000156094], [-92.44043800029486, 43.99154300029263], [-92.44045900021126, 43.99141700023304], [-92.44047199973173, 43.991382999689], [-92.44050100004405, 43.99133300026015], [-92.44057600038711, 43.9912390001341], [-92.44080499981767, 43.99102499977319], [-92.44087400031295, 43.99095099997619], [-92.4409189996205, 43.99088599972035], [-92.44098599956764, 43.99077000031973], [-92.44100099963624, 43.9907350002332], [-92.44107699980422, 43.99056400006769], [-92.44114100027664, 43.990485999760516], [-92.44120300020091, 43.99042999999054], [-92.44124500003372, 43.99041000029066], [-92.44126900032316, 43.990403000232554], [-92.44146599996665, 43.990378999934705], [-92.44159099964011, 43.990372999697186], [-92.44169000027264, 43.99037700028645], [-92.44196300008412, 43.990401999762554], [-92.44220300028364, 43.99040499987992], [-92.44236200029229, 43.99040700017354], [-92.44256300013375, 43.99041699970167], [-92.44266199986795, 43.9904260000511], [-92.4427570003025, 43.990444000099544], [-92.4428200000517, 43.99047099983889], [-92.44293100037977, 43.99054699987689], [-92.44310799993177, 43.99070000012604], [-92.44314599956661, 43.990721000192835], [-92.44324100000118, 43.99073699986944], [-92.44334300010841, 43.990740999787874], [-92.44359500000348, 43.99073200013251], [-92.44369499956261, 43.990721000192835], [-92.44378900017226, 43.99070300022839], [-92.44383199982995, 43.99068699989636], [-92.44398400016593, 43.990590999752435], [-92.44414999984728, 43.99051000001509], [-92.44428100026684, 43.990458000205265], [-92.44442100000893, 43.99041699970167], [-92.44456599977387, 43.99039200023189], [-92.44461500017768, 43.990390999761715], [-92.44467600027706, 43.99039699999746], [-92.4449180001264, 43.99042200011139], [-92.44496499998205, 43.99041699970167], [-92.44500699981484, 43.990401999762554], [-92.44504500034799, 43.99037999975882], [-92.44511499976988, 43.990324999713835], [-92.44521100002935, 43.99024100013428], [-92.44526499955771, 43.9901799997034], [-92.44534400009874, 43.99004799971125], [-92.44536699966496, 43.990015999982305], [-92.44542500028959, 43.98995700027527], [-92.44558299957502, 43.9898150001593], [-92.445630000329, 43.9897539999369], [-92.44564799987236, 43.98971899989755], [-92.44566700013893, 43.98964399992834], [-92.44566700013893, 43.989607000149874], [-92.44565999956791, 43.98957399969921], [-92.4456370000017, 43.98954300019924], [-92.44559500016891, 43.98951699987641], [-92.44554800031325, 43.9894990001931], [-92.4455039999323, 43.989495000190914], [-92.44545799990155, 43.98950800003546], [-92.44532800020521, 43.98957100018615], [-92.44516699964842, 43.98965900005903], [-92.44512399999071, 43.98967400018592], [-92.44507600031014, 43.9896839998375], [-92.4450250002565, 43.98968900030898], [-92.44492200032435, 43.98968799982694], [-92.44487799994343, 43.98968099968369], [-92.44486500042294, 43.989643000091824], [-92.44485899967684, 43.98956800002658], [-92.4448629998748, 43.989531000200785], [-92.44487999959324, 43.9894990001931], [-92.44490999973048, 43.989473999690375], [-92.44494999991343, 43.98945100014923], [-92.44508200015792, 43.989388999711935], [-92.44511599959479, 43.989365000296694], [-92.4451370004095, 43.989334000041254], [-92.4451440000822, 43.989293000053756], [-92.44513499986137, 43.98925399972412], [-92.44511200029514, 43.989227000077534], [-92.4450729999371, 43.9892100001501], [-92.44502299970839, 43.98919800008432], [-92.4449680003551, 43.98919199972736], [-92.44491499975334, 43.98919099988327], [-92.44486700007276, 43.98919599974996], [-92.4448190003922, 43.98920699997228], [-92.44467600027706, 43.989249999705436], [-92.44463100007123, 43.98925600005653], [-92.44458900023842, 43.989236999804426], [-92.44456699959879, 43.98920299995042], [-92.44455599972814, 43.98916800023247], [-92.44454400003256, 43.98909599975059], [-92.44454099965952, 43.98898700030902], [-92.44455499990323, 43.988916000102634], [-92.44458400021554, 43.98884700015751], [-92.44466100020844, 43.98871300008174], [-92.44471399991188, 43.98860999970694], [-92.44475900011774, 43.98854599997386], [-92.44478900025496, 43.98851999986057], [-92.44483000026285, 43.98850100001919], [-92.44492599962399, 43.98847300017384], [-92.44496699963187, 43.98845299981457], [-92.4449969997691, 43.98842400008952], [-92.4450169998606, 43.9883889999122], [-92.44502600008143, 43.988353999714214], [-92.44502000023364, 43.98827899995917], [-92.44502299970839, 43.98824399969631], [-92.44504100015004, 43.988213000147994], [-92.44507499958691, 43.98818900025725], [-92.44520099998361, 43.98812299969971], [-92.445334000053, 43.988059000087866], [-92.44536699966496, 43.9880350001348], [-92.44538500010663, 43.98800799993371], [-92.44537900025884, 43.987974999886625], [-92.4453349998779, 43.98790299989654], [-92.44530499974069, 43.9878319996861], [-92.44529700024307, 43.98779599993841], [-92.44530499974069, 43.98776199990531], [-92.44534599974857, 43.987696000165606], [-92.44540000017524, 43.98763399983408], [-92.44546700012239, 43.98757899982979], [-92.44547200014527, 43.98754799993417], [-92.44545100022887, 43.987512000014235], [-92.44539699980218, 43.987373000136365], [-92.4453900001295, 43.98733799998566], [-92.44539599997728, 43.98730100006239], [-92.44541500024386, 43.987268000268585], [-92.44544899968074, 43.98724099971855], [-92.44547600034322, 43.987211000170255], [-92.44547799999305, 43.987138000021055], [-92.44548999968862, 43.98710400025739], [-92.44555400016102, 43.98704500024102], [-92.44557500007744, 43.98701499994731], [-92.44556099983372, 43.986982999875856], [-92.44552700039685, 43.98695200031531], [-92.4454040003732, 43.98688200014305], [-92.44537900025884, 43.98685599994726], [-92.44537800043393, 43.98682100013801], [-92.44540000017524, 43.986783000007826], [-92.4454339996121, 43.986758000300064], [-92.44547999964286, 43.98674200019724], [-92.4455320004197, 43.98673100016444], [-92.44558500012317, 43.986726999975716], [-92.445630000329, 43.98673200004996], [-92.4456649995908, 43.986754999998354], [-92.44569200025329, 43.986789999846515], [-92.44571099962155, 43.98682399979003], [-92.44574499995673, 43.98696699983363], [-92.44577599991888, 43.986992999980856], [-92.44581899957657, 43.98698199999451], [-92.44595599984392, 43.98692999967911], [-92.44605200010339, 43.986910999975116], [-92.44624799992198, 43.98688399990904], [-92.44641699997638, 43.98688200014305], [-92.4464529999614, 43.986872999902545], [-92.44646200018222, 43.98684999999988], [-92.44644600028869, 43.98681600007121], [-92.44643600024294, 43.98680400016782], [-92.44636199972479, 43.986711999750405], [-92.44624100024929, 43.986596999835996], [-92.44615800040862, 43.9865020000759], [-92.44614199961677, 43.98646999972789], [-92.44614400016489, 43.98643700011845], [-92.44616599990621, 43.98640399984431], [-92.44619799969327, 43.9863729999814], [-92.44623399967827, 43.986347000208966], [-92.44640199990776, 43.98626499995723], [-92.44643500041805, 43.98624000003136], [-92.44646200018222, 43.98621099987147], [-92.44650499983993, 43.986143999804455], [-92.4465319996041, 43.986073000075436], [-92.44653800035022, 43.9860379998045], [-92.44653300032734, 43.986000999717255], [-92.44651599971058, 43.98596400025331], [-92.44649200031947, 43.98593200026158], [-92.44645399978631, 43.98591400013745], [-92.44639900043303, 43.98590999989368], [-92.44635099985415, 43.98592000017943], [-92.44626600036365, 43.985954999873584], [-92.44614300033999, 43.98602100025638], [-92.44610599963175, 43.98604800006865], [-92.44606499962389, 43.986062999815445], [-92.44600900044568, 43.986062999815445], [-92.44596000004188, 43.98605099975979], [-92.44594199960024, 43.98602499984632], [-92.44594199960024, 43.98598699985292], [-92.44595900021699, 43.98591199969242], [-92.44597500011051, 43.985876000073], [-92.44600000022486, 43.98584599983478], [-92.4460389996846, 43.98582599988306], [-92.44630800019644, 43.98572699992561], [-92.4465230002816, 43.98563299996997], [-92.44659899955124, 43.985586999841125], [-92.4466649996735, 43.985531999879164], [-92.44669700035887, 43.985505999738436], [-92.4467490002374, 43.985453000162], [-92.44678000019954, 43.98541599971012], [-92.44680699996371, 43.98538599988581], [-92.44687499973578, 43.985289000307006], [-92.4469109997208, 43.985221999845756], [-92.44695199972867, 43.98508000003624], [-92.4469829996908, 43.98501299998541], [-92.44700799980518, 43.98498100012739], [-92.44709300019397, 43.984891999866], [-92.44711800030834, 43.9848599999428], [-92.44715699976808, 43.984794000208204], [-92.44716199979096, 43.98478299981442], [-92.44727599959378, 43.9845610000688], [-92.44732400017267, 43.98449400007858], [-92.4474320001277, 43.98436899984641], [-92.44746599956457, 43.984344999694144], [-92.44751099977042, 43.98433700028761], [-92.4476150004258, 43.984339000139336], [-92.44766200028147, 43.984324999883036], [-92.4477059997641, 43.984302000285865], [-92.44773099987844, 43.98427399975249], [-92.4477219996576, 43.984241000215015], [-92.44769800026648, 43.98420500022854], [-92.4476639999313, 43.98418100000997], [-92.44750699957245, 43.98415200013688], [-92.44746999976252, 43.98413799983652], [-92.44746499973967, 43.984113000307566], [-92.4474959997018, 43.98407600031323], [-92.44754199973255, 43.984006999912715], [-92.44755599997625, 43.98397300029479], [-92.44753800043291, 43.983944000320136], [-92.44750800029568, 43.98391399975192], [-92.44747999980828, 43.983838000269905], [-92.44746599956457, 43.98376800030371], [-92.44748400000624, 43.98375499984845], [-92.4475240001892, 43.98377100011006], [-92.44753800043291, 43.98377699972227], [-92.4476299995961, 43.98382900021426], [-92.4476720003272, 43.98384499980955], [-92.44770400011426, 43.983839000204206], [-92.44773199970334, 43.98381599977232], [-92.4477769999092, 43.98374399990846], [-92.44780200002354, 43.98366900014599], [-92.44780299984846, 43.983629999999316], [-92.44779299980272, 43.98359099982707], [-92.44777100006141, 43.98355999978786], [-92.44773599990131, 43.98354200023725], [-92.44768800022075, 43.98353400007612], [-92.44758100009062, 43.98352599991392], [-92.44753599988478, 43.98358099979534], [-92.44750499992264, 43.98359700010385], [-92.44746999976252, 43.98358300031893], [-92.4474310003028, 43.983557999909884], [-92.4473629996324, 43.983492999960646], [-92.44734400026414, 43.9834629998109], [-92.44738899957169, 43.983395999874155], [-92.44745800006697, 43.983259999885874], [-92.44746899993763, 43.98322499989554], [-92.44747099958744, 43.98318500015827], [-92.44744299999834, 43.98316000022804], [-92.4473540003099, 43.983133999694736], [-92.4471080002626, 43.98308600032109], [-92.44695199972867, 43.98304799973905], [-92.4469109997208, 43.98303099998107], [-92.44689999985013, 43.9830089998308], [-92.44692400013959, 43.98297900008286], [-92.44696699979728, 43.98294799972407], [-92.44701100017822, 43.9829270001391], [-92.44705600038407, 43.98291200024627], [-92.44710599971447, 43.98290100015009], [-92.44715599994318, 43.98289499980301], [-92.44720500034698, 43.98289499980301], [-92.44735199976176, 43.9829339997861], [-92.4473960001427, 43.9829299999879], [-92.44743600032567, 43.98291400014601], [-92.44747599961032, 43.98289199995239], [-92.44758299974045, 43.98280900014744], [-92.4476150004258, 43.98277799969993], [-92.44760700002989, 43.982745999929875], [-92.44757000021997, 43.98272600022646], [-92.44739000029492, 43.98264600005263], [-92.44735299958667, 43.98262199985018], [-92.44736099998258, 43.982592999861915], [-92.44740700001333, 43.982566999726686], [-92.44745399986901, 43.982566999726686], [-92.44755400032643, 43.982577999884704], [-92.44765399988556, 43.982600000194694], [-92.44769900009139, 43.98261500016635], [-92.4477340002515, 43.98263699981622], [-92.44777299971123, 43.98270899972992], [-92.44781200006929, 43.98271799995537], [-92.44786499977275, 43.982707999776586], [-92.4479109998035, 43.98268900001405], [-92.44794799961342, 43.982665999782995], [-92.44808700042891, 43.98256099999219], [-92.44825399993519, 43.982482000199525], [-92.44827800022462, 43.98246800015168], [-92.44833699977585, 43.98243500025663], [-92.4483540003926, 43.98240600017703], [-92.44834199979873, 43.98237300024751], [-92.44832000005741, 43.98233699977466], [-92.44830800036185, 43.982301999886566], [-92.44831099983658, 43.98226500005626], [-92.44832400025535, 43.98223000012566], [-92.44834500017177, 43.98219800006027], [-92.44840500044623, 43.98213799972954], [-92.44844200025615, 43.982113000004766], [-92.44848300026405, 43.9820940000518], [-92.44852799957155, 43.98207899994851], [-92.44855199986101, 43.98207400012873], [-92.44859799989176, 43.98206399984148], [-92.44877000031921, 43.9820279998276], [-92.44881600034996, 43.98201500028411], [-92.44890099984046, 43.98198000020613], [-92.4489800003815, 43.98193499979853], [-92.44919799994139, 43.981786000101614], [-92.44926700043666, 43.981727999940595], [-92.44933199983568, 43.98167200031089], [-92.4493600003231, 43.981647999714696], [-92.44966599974654, 43.98137199991778], [-92.44998499958875, 43.98108700030561], [-92.45009500009192, 43.98096699992356], [-92.45025900012345, 43.98074400014225], [-92.45034000031433, 43.980654000004904], [-92.45045800031508, 43.980538000000095], [-92.45070299963915, 43.98030999993196], [-92.45078300000509, 43.980227999744386], [-92.45087800043964, 43.98013300013441], [-92.45096999960285, 43.980047999708056], [-92.45111000024325, 43.97994699981141], [-92.4511980001068, 43.97989599979828], [-92.45126599987886, 43.979856999758724], [-92.45155399975896, 43.97971300003708], [-92.45162800027711, 43.97968299991643], [-92.45181599969976, 43.97960800019494], [-92.45190100008857, 43.97956999997236], [-92.45206000009723, 43.97948200000998], [-92.45221099970999, 43.97938599984346], [-92.4523110001674, 43.97930699970453], [-92.45236499969576, 43.979247999695836], [-92.45240599970364, 43.97918200018635], [-92.4525360002983, 43.9789459999494], [-92.4526350000325, 43.97873599995233], [-92.45268199988817, 43.97863899985069], [-92.45274700018548, 43.97846599969586], [-92.45276700027699, 43.97835900018108], [-92.45277399994967, 43.978279999968514], [-92.45279800023911, 43.97799799983359], [-92.45281300030774, 43.9779270000585], [-92.45282599982822, 43.97789300019077], [-92.45291799988972, 43.977763000098705], [-92.45293499960816, 43.977730000174226], [-92.45294399982899, 43.977695000155926], [-92.45294200017916, 43.97762199994058], [-92.45292000043787, 43.97755099971589], [-92.45289799979824, 43.97751999975507], [-92.45284000007192, 43.97745999986825], [-92.45279099966811, 43.977396999792624], [-92.45277499977459, 43.97736300026783], [-92.45276200025411, 43.97729099968891], [-92.45273100029198, 43.977219999714876], [-92.45272799991892, 43.97718600008872], [-92.45274399981245, 43.97715299984357], [-92.45277399994967, 43.97712200032143], [-92.45280900010978, 43.97709599972958], [-92.45285599996544, 43.977083999800655], [-92.45290100017128, 43.97706700027433], [-92.45298300018706, 43.977025000168794], [-92.45305699980689, 43.97697699973483], [-92.45308399957108, 43.97694700017109], [-92.45312799995202, 43.976881000043285], [-92.45315999973904, 43.97685499999238], [-92.45320300029508, 43.976836999701824], [-92.45329500035658, 43.97680700006739], [-92.45337599964911, 43.97676300031755], [-92.45341099980924, 43.97673600016105], [-92.45343500009866, 43.97670599982914], [-92.45345299964202, 43.97667099985372], [-92.4534650002359, 43.97663299969083]]]}}, {"type": "Feature", "properties": {"tract_id": "27109001602", "name": "Tract Census Tract 16.02", "pct_white_2020": 74.6, "pct_black_2020": 1.1, "pct_hispanic_2020": 6.5, "pct_asian_2020": 10.8, "population_2020": 3077, "is_sample_data": false, "pct_white_1970": 96.9, "pct_black_1970": 3.5, "pct_hispanic_1970": 8.2, "pct_asian_1970": 3.1, "pct_white_1990": 84.2, "pct_black_1990": 3.1, "pct_hispanic_1990": 3.0, "pct_asian_1990": 6.1}, "geometry": {"type": "Polygon", "coordinates": [[[-92.45626600029239, 44.04783600011523], [-92.4563800000952, 44.04761000002782], [-92.45622000026164, 44.04753999975729], [-92.45605000038232, 44.047470000049714], [-92.45580099996197, 44.047342999824785], [-92.45562000021201, 44.047250000153426], [-92.45512999976722, 44.046939999763836], [-92.45445000024999, 44.046409999901215], [-92.45422400029418, 44.04626900014181], [-92.45408000035414, 44.04618000013002], [-92.45375999978866, 44.04603000016311], [-92.45365000018383, 44.04599999999498], [-92.45337999984709, 44.04590000018583], [-92.45307299970041, 44.04586400016154], [-92.45286000016338, 44.045839999702736], [-92.45234999962715, 44.045760000040275], [-92.45185000003495, 44.04564000002111], [-92.45140999981889, 44.045480000047895], [-92.45133899967378, 44.04544600014317], [-92.45108000010602, 44.045320000288186], [-92.45082999986077, 44.04514000012271], [-92.45067800042311, 44.045028999952486], [-92.45053000028511, 44.04491999996685], [-92.45024999990262, 44.04474999993254], [-92.45020300004695, 44.04472999982045], [-92.4500299997946, 44.04466000002074], [-92.44978899977018, 44.04455899968425], [-92.44955000029388, 44.04446000022938], [-92.44906300022217, 44.044272999874984], [-92.4488199996496, 44.04417999990367], [-92.44867999990753, 44.04412500001856], [-92.44825999978296, 44.043963000048535], [-92.44812000004089, 44.04390999974296], [-92.44803999967493, 44.0438869999976], [-92.44780000037373, 44.04382100006123], [-92.44772000000779, 44.04380000006604], [-92.44747200031067, 44.04373400003274], [-92.44722999956304, 44.043669999714965], [-92.44687999975866, 44.043619999801955], [-92.44671599972712, 44.04361600022039], [-92.44645999963409, 44.04361000020175], [-92.44578699978955, 44.043605999973735], [-92.44462000020056, 44.04359999995408], [-92.44377099973057, 44.04358799991302], [-92.44310000043416, 44.043580000099475], [-92.44235399989637, 44.043565000042655], [-92.44209000030574, 44.043560000238145], [-92.44011600007958, 44.043560000238145], [-92.43937000044009, 44.043560000238145], [-92.43865099966646, 44.043560000238145], [-92.43718000030388, 44.043560000238145], [-92.43693000005864, 44.04359999995408], [-92.43671999999634, 44.04366000012316], [-92.43652500000267, 44.043740000038774], [-92.43647999979683, 44.043759999839374], [-92.4362799997803, 44.04390000019166], [-92.4359700001589, 44.04419000005338], [-92.4358289996936, 44.0443250002952], [-92.43569999982215, 44.044450000125245], [-92.43540199989631, 44.04472600031382], [-92.4352599996061, 44.04485999978255], [-92.43511599966607, 44.04478799973945], [-92.43469899991453, 44.0445490002425], [-92.43455999999738, 44.04446999968616], [-92.43452999986015, 44.044489999885975], [-92.43431999979785, 44.04468000015642], [-92.43419900032234, 44.04478199983956], [-92.43385000034289, 44.04508000016124], [-92.433260000339, 44.04558999983374], [-92.433112000201, 44.04571400004014], [-92.43274899997785, 44.04602399974326], [-92.43263500017501, 44.04611899975456], [-92.43239999999838, 44.04631999992865], [-92.43229399969317, 44.04640599986227], [-92.43217999989035, 44.046499999736994], [-92.43215099957804, 44.0465239999284], [-92.4314300000529, 44.04712000027088], [-92.43095999969962, 44.04734000000432], [-92.43068000021546, 44.04742000011565], [-92.43036999969574, 44.04746300026811], [-92.43017999972494, 44.04748999988235], [-92.42914000035758, 44.0475900002357], [-92.42909000012888, 44.04759999980976], [-92.42908099990804, 44.04789199992932], [-92.42908000008315, 44.04793999982007], [-92.42909000012888, 44.04871000014866], [-92.42909199977869, 44.04876800004476], [-92.42910500019748, 44.04906099969799], [-92.42911199987017, 44.04923000015], [-92.42913299978656, 44.04974000024892], [-92.42914000035758, 44.04991000016687], [-92.42915000040333, 44.05008000024253], [-92.4292600000082, 44.050520000147465], [-92.42934000037414, 44.050740000165455], [-92.42948799961381, 44.051058000132294], [-92.42955999958384, 44.05120999981381], [-92.42974000040721, 44.051459999851765], [-92.43006000007435, 44.05184000026422], [-92.43041999992447, 44.052169999731724], [-92.43066000012396, 44.052359999901846], [-92.43095999969962, 44.052550000108006], [-92.43151000041884, 44.05286000018915], [-92.43231999963244, 44.053188999726984], [-92.43284000021443, 44.05339999968329], [-92.4334500003098, 44.0536199999785], [-92.43331999971515, 44.053789999734846], [-92.4386819996286, 44.0559329999248], [-92.43915000033208, 44.05612000026674], [-92.43981999980358, 44.05638000026486], [-92.43988900029886, 44.05640699968773], [-92.4417299995573, 44.0571200002682], [-92.44222000000207, 44.057290000306125], [-92.44229000032226, 44.057319999920395], [-92.44246299967631, 44.05736200000042], [-92.4428200000517, 44.057450000009936], [-92.44303099993888, 44.05749399996568], [-92.44345000023853, 44.05757999981407], [-92.44353499972904, 44.05758900030147], [-92.44373999976844, 44.05760999992698], [-92.44403000019668, 44.0576400000247], [-92.44607999969249, 44.05768999972338], [-92.44747999980828, 44.057709999978364], [-92.44803999967493, 44.057709999978364], [-92.44879999955812, 44.05774000002542], [-92.44897299981048, 44.057748999842914], [-92.44933000018587, 44.05777000005726], [-92.44979999964083, 44.05785000028306], [-92.45043999987342, 44.0579900002567], [-92.45062999984421, 44.05804000030541], [-92.4523599996729, 44.058550000068905], [-92.45352999963491, 44.05888999983781], [-92.45362000004658, 44.05891999993256], [-92.45370000041254, 44.05893999977208], [-92.4537199996057, 44.0588699999814], [-92.45372999965146, 44.05880999972607], [-92.45376300016173, 44.05868100000411], [-92.4538660000939, 44.05829699970873], [-92.45390000042909, 44.05817000010529], [-92.45394899993455, 44.057962000288434], [-92.45403000012541, 44.057619999746066], [-92.45408799985174, 44.05733599970844], [-92.45413100040777, 44.05712700019962], [-92.45419400015696, 44.056816999859926], [-92.45425000023344, 44.056549999845], [-92.45434999979256, 44.056149999828165], [-92.45442000011276, 44.055909999683124], [-92.45442299958749, 44.05590000022086], [-92.45445000024999, 44.055830000064205], [-92.45446000029573, 44.05578000008613], [-92.45451999967186, 44.055600000073625], [-92.45456499987772, 44.05538200007189], [-92.45461000008355, 44.05517000005269], [-92.45470200014506, 44.054793999820674], [-92.45471600038877, 44.05473499998483], [-92.45476999991712, 44.05452000012931], [-92.45479800040454, 44.05440700003343], [-92.45488200007013, 44.054071999910356], [-92.45490999965921, 44.05396000029443], [-92.45500000007088, 44.05357000007123], [-92.45508299991158, 44.053190999840254], [-92.45532999978377, 44.052080000118025], [-92.45539000005824, 44.05179000014536], [-92.45547000042417, 44.05125999977668], [-92.45553200034847, 44.05087300013798], [-92.45560000012051, 44.05045999982466], [-92.45567999958814, 44.0500999998396], [-92.45572800016703, 44.04983699969221], [-92.45587600030504, 44.049050999724905], [-92.45590999974192, 44.04886999979098], [-92.4559299998334, 44.04878999970101], [-92.45600099997851, 44.04854700031475], [-92.45601000019934, 44.048519999891006], [-92.45617000003291, 44.04802999991392], [-92.45626600029239, 44.04783600011523]]]}}, {"type": "Feature", "properties": {"tract_id": "27109001701", "name": "Tract Census Tract 17.01", "pct_white_2020": 50.1, "pct_black_2020": 30.1, "pct_hispanic_2020": 4.9, "pct_asian_2020": 9.9, "population_2020": 5056, "is_sample_data": false, "pct_white_1970": 66.9, "pct_black_1970": 33.9, "pct_hispanic_1970": 2.8, "pct_asian_1970": 2.2, "pct_white_1990": 63.9, "pct_black_1990": 32.3, "pct_hispanic_1990": 5.2, "pct_asian_1990": 4.4}, "geometry": {"type": "Polygon", "coordinates": [[[-92.50816999984201, 44.07973000017063], [-92.50810999956757, 44.07960999993793], [-92.50787000026637, 44.07918000006338], [-92.50774100039494, 44.078959000258216], [-92.50758800023407, 44.07869700014114], [-92.50661200044081, 44.077023000120846], [-92.50653999957245, 44.07689999994712], [-92.50625000004254, 44.07636999975275], [-92.50621300023263, 44.07630399987592], [-92.50610199990454, 44.07610599980375], [-92.50606599991953, 44.07604099994851], [-92.50569100000082, 44.07536800026904], [-92.50456600024464, 44.07335200027769], [-92.50419200015081, 44.07268000007792], [-92.50396799984483, 44.07227900022857], [-92.5032969996501, 44.07107599986811], [-92.50307400006734, 44.07067599988406], [-92.50289699961702, 44.07035899983214], [-92.50236699988758, 44.069409000244356], [-92.5021910001605, 44.06909300029432], [-92.50216199984818, 44.069042000109576], [-92.50207800018259, 44.068889999728505], [-92.50204999969519, 44.06883999980657], [-92.50166300008091, 44.06812800010474], [-92.50142999955409, 44.06769999967967], [-92.50121700001706, 44.067336000019736], [-92.50102000037357, 44.06700000028331], [-92.5005099998373, 44.06610000005312], [-92.50045799995878, 44.066020000001544], [-92.50002000029086, 44.065339999716365], [-92.49958199972464, 44.064574999982916], [-92.49939000010401, 44.06423999993618], [-92.49926000040766, 44.063997999913845], [-92.49918199969154, 44.06385299991726], [-92.49909999967579, 44.063699999887525], [-92.49845000029576, 44.06251000007223], [-92.49831300002842, 44.06225699984994], [-92.49796999989674, 44.061619999791404], [-92.49664599994894, 44.06163100013836], [-92.4958690003473, 44.061650999707666], [-92.49564599986623, 44.061656999835336], [-92.49517200021329, 44.06166599970294], [-92.49476999963207, 44.061660000221714], [-92.49461999984426, 44.061660000221714], [-92.49225999982872, 44.06167999978123], [-92.48963000037479, 44.06169999997947], [-92.48885000040012, 44.06169000020396], [-92.48885000040012, 44.061750000122835], [-92.48885000040012, 44.06180000022398], [-92.48885200004993, 44.06196199982264], [-92.4888579998977, 44.062447999832], [-92.48886000044585, 44.062610000239566], [-92.48887200014141, 44.06288700026011], [-92.48890999977625, 44.06371800029125], [-92.48892300019504, 44.06399600016561], [-92.48892599966977, 44.0640720002337], [-92.48893599971552, 44.0643030001051], [-92.48893999991348, 44.064380000292275], [-92.48893599971552, 44.06445800024563], [-92.48892300019504, 44.06469499972153], [-92.48891999982199, 44.06477500027283], [-92.48892099964691, 44.06486999989944], [-92.488927000393, 44.06515499980115], [-92.48892999986774, 44.06525000010899], [-92.48892499984485, 44.065553999811215], [-92.48891999982199, 44.06588000029661], [-92.4888999997305, 44.066468000188664], [-92.48890999977625, 44.066590000268896], [-92.48890700030152, 44.06677299991776], [-92.4888999997305, 44.06711400005033], [-92.4888999997305, 44.067139999921146], [-92.48888700021003, 44.06775299999671], [-92.48887999963901, 44.06806999980615], [-92.48887999963901, 44.0681380000837], [-92.48887999963901, 44.06847999989644], [-92.4888779999892, 44.06867399984036], [-92.48887200014141, 44.06925599972963], [-92.48886999959328, 44.069449999711864], [-92.48885299987484, 44.06989699998189], [-92.48881000021714, 44.07109000030262], [-92.48880699984409, 44.07124099980006], [-92.48880000017141, 44.07169000023122], [-92.48879599997343, 44.07218400022993], [-92.48879000012563, 44.07317999980832], [-92.4887800000799, 44.07366600001025], [-92.48877000003417, 44.07416000029501], [-92.48876900020925, 44.074219999837105], [-92.4887659998362, 44.07440099973292], [-92.4887659998362, 44.07446200001883], [-92.48876300036147, 44.0746520002947], [-92.48875999998843, 44.07492999980289], [-92.48875300031573, 44.075222000043624], [-92.48874999994267, 44.07541199981549], [-92.48874800029284, 44.07551000012507], [-92.48874099972186, 44.07580499975478], [-92.48873999989694, 44.075903999731885], [-92.48873800024711, 44.07599900021259], [-92.4887309996761, 44.07628400009427], [-92.4887299998512, 44.076380000275236], [-92.48872599965324, 44.07677100027727], [-92.48871300013275, 44.07794699983063], [-92.4887099997597, 44.07833999971269], [-92.48870499973684, 44.07851300030137], [-92.48869999971396, 44.07875000029043], [-92.48870300008701, 44.0790319996778], [-92.48870499973684, 44.07920599979637], [-92.48870599956174, 44.079291999725356], [-92.4887089999348, 44.079553000177754], [-92.4887099997597, 44.07963999985759], [-92.4887099997597, 44.07968400009944], [-92.4887099997597, 44.079760000029445], [-92.4892799996721, 44.079760000029445], [-92.49062999955918, 44.079769999978986], [-92.49300999966619, 44.079769999978986], [-92.49348500004236, 44.079773000092594], [-92.4948700000895, 44.079779999926835], [-92.49569000024717, 44.07978999987305], [-92.49728000033375, 44.07979999981752], [-92.4987209995591, 44.07979999981752], [-92.49883000023736, 44.07979999981752], [-92.50120000029862, 44.079779999926835], [-92.50328999997741, 44.079769999978986], [-92.50563999994718, 44.079750000078164], [-92.50694800000146, 44.07974000012524], [-92.50699999988001, 44.07974000012524], [-92.50816999984201, 44.07973000017063]]]}}, {"type": "Feature", "properties": {"tract_id": "27109001702", "name": "Tract Census Tract 17.02", "pct_white_2020": 63.4, "pct_black_2020": 13.0, "pct_hispanic_2020": 12.0, "pct_asian_2020": 5.6, "population_2020": 4540, "is_sample_data": false, "pct_white_1970": 79.1, "pct_black_1970": 14.3, "pct_hispanic_1970": 1, "pct_asian_1970": 2.1, "pct_white_1990": 76.5, "pct_black_1990": 12.9, "pct_hispanic_1990": 8.7, "pct_asian_1990": 3.5}, "geometry": {"type": "Polygon", "coordinates": [[[-92.48893599971552, 44.06445800024563], [-92.48893999991348, 44.064380000292275], [-92.48893599971552, 44.0643030001051], [-92.48892599966977, 44.0640720002337], [-92.48892300019504, 44.06399600016561], [-92.48890999977625, 44.06371800029125], [-92.48887200014141, 44.06288700026011], [-92.48886000044585, 44.062610000239566], [-92.4888579998977, 44.062447999832], [-92.48885200004993, 44.06196199982264], [-92.48885000040012, 44.06180000022398], [-92.48885000040012, 44.061750000122835], [-92.48885000040012, 44.06169000020396], [-92.48800400030319, 44.06169999997947], [-92.48796499994512, 44.061675000214706], [-92.48793900000587, 44.061647000052524], [-92.48532000042256, 44.06163000022427], [-92.48144300011539, 44.06158799994407], [-92.47706000036824, 44.06155999974072], [-92.47438599963505, 44.06155999974072], [-92.47406000012013, 44.06155999974072], [-92.47398999979991, 44.06155999974072], [-92.47385000005784, 44.06156200021678], [-92.47275999956345, 44.06157999997955], [-92.47147999999659, 44.06164000000991], [-92.47057000032555, 44.06167000000229], [-92.4701300001095, 44.06167000000229], [-92.46947999983117, 44.06167999978123], [-92.46882999955282, 44.06167999978123], [-92.46632200029762, 44.06164600013871], [-92.46599400023456, 44.06193299988722], [-92.4658639996399, 44.06222499970143], [-92.46566600017151, 44.062817999865864], [-92.4654200001242, 44.0637450002411], [-92.46534899997908, 44.0640890000063], [-92.4654200001242, 44.064528999749655], [-92.46549100026931, 44.06482700012133], [-92.46551700020859, 44.06498999968561], [-92.46557800030796, 44.065131999914364], [-92.46550700016284, 44.065278999710515], [-92.46514899996255, 44.06557700017953], [-92.46490799993812, 44.06578099968762], [-92.46467100011165, 44.06597999993519], [-92.46450700008013, 44.06623999988317], [-92.46445699985142, 44.066527999783396], [-92.46452200014875, 44.06661199975926], [-92.4645460004382, 44.066640999984514], [-92.46464299962425, 44.06662800026368], [-92.46579400021801, 44.06648400008653], [-92.4663420003891, 44.06641500001201], [-92.46714800030304, 44.06634800017133], [-92.46880299978865, 44.06653199975421], [-92.46883600029894, 44.06655499974253], [-92.4694959997247, 44.06660699996383], [-92.47038000035475, 44.066840999748955], [-92.47115399958334, 44.06725700016678], [-92.47154799976863, 44.06793599992281], [-92.47211000018342, 44.06849100025957], [-92.47234399963685, 44.06902799983602], [-92.47238800001777, 44.069539000252824], [-92.47232600009349, 44.0700829996931], [-92.47160999969293, 44.070857000292406], [-92.47119399976631, 44.071341999813065], [-92.47107199956757, 44.071493999705815], [-92.47045099960155, 44.071893000229366], [-92.47028699957, 44.07207299975976], [-92.47019100020887, 44.07224300010436], [-92.4702149996, 44.07278199994252], [-92.47001299993364, 44.073003000229335], [-92.46973599992421, 44.073216999726355], [-92.46922100026339, 44.07349500016723], [-92.46881899968217, 44.07367499998831], [-92.46873099981862, 44.07370600004566], [-92.46851499990856, 44.07378399997236], [-92.46808300008843, 44.07387499986451], [-92.46769899994888, 44.07387200009723], [-92.46738699977932, 44.07383299988201], [-92.46713999990713, 44.073777000074145], [-92.46696300035512, 44.07373700008677], [-92.46677099983619, 44.07378199990933], [-92.46675999996553, 44.073792000223825], [-92.46625899965011, 44.07423899996983], [-92.46609899981654, 44.074491000270186], [-92.46624299975659, 44.07464899992142], [-92.46659500010908, 44.07490000007668], [-92.46673900004913, 44.07515200014373], [-92.46667499957672, 44.07550000010095], [-92.46649800002471, 44.075847000273725], [-92.46661000017771, 44.0760990001802], [-92.46691399995132, 44.07630300020968], [-92.46694599973837, 44.07669800000429], [-92.46691399995132, 44.07721899975922], [-92.46699400031726, 44.07748699978122], [-92.46699400031726, 44.07751900006874], [-92.46720000018159, 44.07761900004902], [-92.4672500004103, 44.077644000179], [-92.46763399965154, 44.077720999790266], [-92.46814599983762, 44.07782699985388], [-92.46869200035889, 44.07791699969792], [-92.46878100004734, 44.07793200008884], [-92.46888200032967, 44.07794800011444], [-92.46931800034777, 44.078117999715865], [-92.46941799990688, 44.07817099973848], [-92.46981700011506, 44.07838499990707], [-92.47050599985313, 44.07873300021117], [-92.47089800038862, 44.07900299971585], [-92.4709319998255, 44.07903499982884], [-92.47120200016222, 44.079281999695034], [-92.47125599969058, 44.079338000101316], [-92.47135399959988, 44.07943699997542], [-92.47141200022452, 44.079501999972194], [-92.47300099958788, 44.07952800020902], [-92.47353799988832, 44.079536999940835], [-92.47368100000344, 44.07954000006626], [-92.47426199978649, 44.07953500007224], [-92.47428699990084, 44.07953599968393], [-92.47436300006883, 44.07953899980935], [-92.47438900000809, 44.07954000006626], [-92.4744810000696, 44.079543999803036], [-92.47475700025413, 44.079556000302375], [-92.47485000014055, 44.079560000038065], [-92.47544699981712, 44.07956699989751], [-92.47557400003873, 44.079568999765016], [-92.47557800023668, 44.079644000232946], [-92.47566299972719, 44.079644000232946], [-92.47810999978135, 44.079659999795595], [-92.47867999969374, 44.079659999795595], [-92.48077000027084, 44.07967999972679], [-92.48253600008451, 44.0796720002714], [-92.48285300027692, 44.07966999976203], [-92.48311000019488, 44.07966999976203], [-92.48451000031065, 44.07967999972679], [-92.485189000003, 44.07969900004241], [-92.4852099999194, 44.07969900004241], [-92.48590000038071, 44.07971000025629], [-92.48788999960206, 44.079750000078164], [-92.4887099997597, 44.079760000029445], [-92.4887099997597, 44.07968400009944], [-92.4887099997597, 44.07963999985759], [-92.4887089999348, 44.079553000177754], [-92.48870599956174, 44.079291999725356], [-92.48870499973684, 44.07920599979637], [-92.48870300008701, 44.0790319996778], [-92.48869999971396, 44.07875000029043], [-92.48870499973684, 44.07851300030137], [-92.4887099997597, 44.07833999971269], [-92.48871300013275, 44.07794699983063], [-92.48872599965324, 44.07677100027727], [-92.4887299998512, 44.076380000275236], [-92.4887309996761, 44.07628400009427], [-92.48873800024711, 44.07599900021259], [-92.48873999989694, 44.075903999731885], [-92.48874099972186, 44.07580499975478], [-92.48874800029284, 44.07551000012507], [-92.48874999994267, 44.07541199981549], [-92.48875300031573, 44.075222000043624], [-92.48875999998843, 44.07492999980289], [-92.48876300036147, 44.0746520002947], [-92.4887659998362, 44.07446200001883], [-92.4887659998362, 44.07440099973292], [-92.48876900020925, 44.074219999837105], [-92.48877000003417, 44.07416000029501], [-92.4887800000799, 44.07366600001025], [-92.48879000012563, 44.07317999980832], [-92.48879599997343, 44.07218400022993], [-92.48880000017141, 44.07169000023122], [-92.48880699984409, 44.07124099980006], [-92.48881000021714, 44.07109000030262], [-92.48885299987484, 44.06989699998189], [-92.48886999959328, 44.069449999711864], [-92.48887200014141, 44.06925599972963], [-92.4888779999892, 44.06867399984036], [-92.48887999963901, 44.06847999989644], [-92.48887999963901, 44.0681380000837], [-92.48887999963901, 44.06806999980615], [-92.48888700021003, 44.06775299999671], [-92.4888999997305, 44.067139999921146], [-92.4888999997305, 44.06711400005033], [-92.48890700030152, 44.06677299991776], [-92.48890999977625, 44.066590000268896], [-92.4888999997305, 44.066468000188664], [-92.48891999982199, 44.06588000029661], [-92.48892499984485, 44.065553999811215], [-92.48892999986774, 44.06525000010899], [-92.488927000393, 44.06515499980115], [-92.48892099964691, 44.06486999989944], [-92.48891999982199, 44.06477500027283], [-92.48892300019504, 44.06469499972153], [-92.48893599971552, 44.06445800024563]]]}}, {"type": "Feature", "properties": {"tract_id": "27109001800", "name": "Tract Census Tract 18", "pct_white_2020": 89.7, "pct_black_2020": 1.4, "pct_hispanic_2020": 4.6, "pct_asian_2020": 2.7, "population_2020": 5844, "is_sample_data": false, "pct_white_1970": 98, "pct_black_1970": 1, "pct_hispanic_1970": 5.6, "pct_asian_1970": 1.2, "pct_white_1990": 95, "pct_black_1990": 1, "pct_hispanic_1990": 1.8, "pct_asian_1990": 4.2}, "geometry": {"type": "Polygon", "coordinates": [[[-92.67817799992481, 44.040168999834336], [-92.67817999957464, 44.03968000015882], [-92.67817000042722, 44.038787999693035], [-92.67816000038147, 44.037780000177364], [-92.67813000024424, 44.03579000014978], [-92.67811900037357, 44.034646999977085], [-92.6781059999548, 44.0332670000468], [-92.67810500012988, 44.03317900027169], [-92.67810199975683, 44.032915999915396], [-92.67810199975683, 44.03282900001949], [-92.67810099993193, 44.032791000292114], [-92.67810000010702, 44.03267700031797], [-92.67810000010702, 44.03264000025088], [-92.67810000010702, 44.0325900000712], [-92.67810000010702, 44.03244299985398], [-92.67810000010702, 44.03239399991583], [-92.67810000010702, 44.03234700010843], [-92.67810000010702, 44.03220599981673], [-92.67810000010702, 44.03218500022552], [-92.67810000010702, 44.03216000027194], [-92.67810000010702, 44.0321039997951], [-92.67810000010702, 44.03204899967896], [-92.67810000010702, 44.03200899991467], [-92.67810000010702, 44.031974000260284], [-92.67810000010702, 44.03173200012821], [-92.67810000010702, 44.03141599995201], [-92.67810000010702, 44.031230000188735], [-92.67810000010702, 44.03090899969308], [-92.67810000010702, 44.03007000005605], [-92.67809799955886, 44.02994600004609], [-92.67809599990905, 44.029626000155226], [-92.67809400025922, 44.029504000129435], [-92.67809099988618, 44.02914099993342], [-92.67809000006127, 44.02902000001992], [-92.67808900023637, 44.02897000001559], [-92.67808800041145, 44.028905999896786], [-92.67808599986331, 44.0288210002175], [-92.67808500003841, 44.02877199986829], [-92.67808099984045, 44.028575000177675], [-92.67808000001553, 44.02854999999307], [-92.67807900019062, 44.028198999698255], [-92.67808900023637, 44.026994999692604], [-92.67810000010702, 44.0258500000211], [-92.67808000001553, 44.02402000008179], [-92.67807900019062, 44.02359299984764], [-92.67806199957387, 44.02231200007008], [-92.67805999992405, 44.02210999990379], [-92.67805999992405, 44.02188599974598], [-92.67805999992405, 44.02180999980006], [-92.67782999977027, 44.02180999980006], [-92.67679000040292, 44.02181999984953], [-92.6737900001548, 44.02180999980006], [-92.67354499993242, 44.02180999980006], [-92.67313999987647, 44.02180999980006], [-92.67200000005167, 44.02180999980006], [-92.66914000044395, 44.021799999748914], [-92.66633000016662, 44.021799999748914], [-92.66495299961707, 44.02179500004572], [-92.66362000034674, 44.02178999969613], [-92.66339000019298, 44.02178999969613], [-92.66191999975699, 44.02178000028757], [-92.6616119997854, 44.02178000028757], [-92.65857999975024, 44.02178000028757], [-92.65722999986318, 44.02178000028757], [-92.65692000024177, 44.02178000028757], [-92.6566399998593, 44.02178000028757], [-92.65496000025934, 44.02178000028757], [-92.65364999965692, 44.02177000023136], [-92.65302000036837, 44.02177000023136], [-92.65268599955922, 44.02177000023136], [-92.65225999958686, 44.02177000023136], [-92.65159000011536, 44.021763999938436], [-92.65092999979127, 44.02176000017347], [-92.64825000010862, 44.0217500001139], [-92.64616999957727, 44.0217500001139], [-92.64557999957339, 44.0217500001139], [-92.64477000035978, 44.0217500001139], [-92.64424099955696, 44.02175199999677], [-92.64255000008636, 44.02176000017347], [-92.64187999971654, 44.02176000017347], [-92.6380600002091, 44.02176000017347], [-92.63645800042693, 44.021766999762], [-92.63320000043596, 44.02178000028757], [-92.63249999992891, 44.02178000028757], [-92.63221700007168, 44.02178000028757], [-92.63048999971777, 44.02178000028757], [-92.62821000006818, 44.021799999748914], [-92.62820300039549, 44.02237999992649], [-92.62818999997668, 44.02359999986569], [-92.62818099975586, 44.02412000000224], [-92.62817999993095, 44.024199999817164], [-92.62818599977874, 44.02453899986946], [-92.62818999997668, 44.02470000008991], [-92.62818999997668, 44.02486199976209], [-92.62818999997668, 44.02502000009242], [-92.62819099980159, 44.025540000045574], [-92.62819300034973, 44.02590199981655], [-92.62820000002243, 44.02757999993191], [-92.62820800041834, 44.028060000188326], [-92.62822000011393, 44.028650000022296], [-92.62822000011393, 44.02889999968029], [-92.62811100033399, 44.028901000147], [-92.62812600040257, 44.0297600001906], [-92.62813999974799, 44.030554999780435], [-92.62814300012103, 44.030724999856446], [-92.62825899957366, 44.03073199967818], [-92.6282600002969, 44.03078999973762], [-92.6282600002969, 44.03086599979647], [-92.6282600002969, 44.03120000027645], [-92.62832999971877, 44.031289999967846], [-92.62833499974164, 44.03173299990126], [-92.6283399997645, 44.032030000214114], [-92.6283399997645, 44.03209599972269], [-92.62834200031264, 44.032293999745], [-92.62834300013756, 44.032361000013736], [-92.62834399996247, 44.03252500022659], [-92.62834399996247, 44.0325779997376], [-92.62834599961229, 44.03279599971376], [-92.62834899998535, 44.033231000095896], [-92.62834999981027, 44.03324999982157], [-92.62835800020619, 44.03344900025332], [-92.62836200040415, 44.03355899977354], [-92.62837499992462, 44.033888999692515], [-92.62837999994747, 44.03400000006833], [-92.62838999999325, 44.03427000018437], [-92.62838900016831, 44.03444100031047], [-92.62838199959731, 44.035766999835396], [-92.62837999994747, 44.03620999988472], [-92.62837999994747, 44.03631300028472], [-92.62837999994747, 44.03635899983491], [-92.62837999994747, 44.036927999868524], [-92.62837999994747, 44.03706800022071], [-92.62837999994747, 44.03728999983354], [-92.62838199959731, 44.037473999952745], [-92.62840199968879, 44.039085000165855], [-92.62840400023694, 44.039215999892576], [-92.6284080004349, 44.03956099973416], [-92.62841099990962, 44.03980399982066], [-92.62841099990962, 44.03983399989775], [-92.62841099990962, 44.039844000135304], [-92.62841299955946, 44.040038999910365], [-92.62842000013045, 44.04054999998529], [-92.62842000013045, 44.040579999684645], [-92.62842000013045, 44.04074399975298], [-92.62842000013045, 44.040980000251594], [-92.62842000013045, 44.04107999997136], [-92.62842400032841, 44.04151399998931], [-92.6284300001762, 44.04204000005834], [-92.62843699984889, 44.04311799983498], [-92.6284379996738, 44.043262000018785], [-92.62844000022196, 44.04348000007942], [-92.62844299969667, 44.04365299989133], [-92.62844699989462, 44.04387000023628], [-92.62845000026769, 44.04398999996668], [-92.62845699994038, 44.04452300013643], [-92.62846100013834, 44.04474100007666], [-92.62846199996325, 44.04486999981752], [-92.62846799981104, 44.04525999986333], [-92.62847000035917, 44.045389999953755], [-92.62847200000898, 44.04554300016156], [-92.62848100022983, 44.04600299988337], [-92.62848399970456, 44.04615699997465], [-92.6284870000776, 44.046325000145956], [-92.62848999955236, 44.046480000215794], [-92.62848999955236, 44.04683100006613], [-92.62848999955236, 44.04699999977838], [-92.62848999955236, 44.047880000111995], [-92.62849200010048, 44.048050000203155], [-92.62852999973532, 44.0501800000971], [-92.62852999973532, 44.05120000020354], [-92.62852999973532, 44.05130999969736], [-92.6285289999104, 44.05144200024067], [-92.62852100041279, 44.05225099984822], [-92.62851999968957, 44.052349999840125], [-92.62851999968957, 44.052467000262844], [-92.62851999968957, 44.05248600027653], [-92.62851999968957, 44.05266600007013], [-92.62851999968957, 44.053189999783626], [-92.62852600043567, 44.053914000206404], [-92.6285280000855, 44.05414499968432], [-92.62852999973532, 44.05432999978744], [-92.6287110003836, 44.0543329998995], [-92.62908999960197, 44.05434000016039], [-92.63077000010023, 44.05432000005837], [-92.63079000019172, 44.05432000005837], [-92.63133099979181, 44.05432000005837], [-92.63261799992968, 44.05432000005837], [-92.6337600003026, 44.05432000005837], [-92.63537999962811, 44.05432999978744], [-92.63648199981807, 44.05432999978744], [-92.63693999957745, 44.05432999978744], [-92.63776999978086, 44.05431399983273], [-92.63791700009396, 44.0543109997197], [-92.63832299997482, 44.05430300006313], [-92.63836200033289, 44.05430200002528], [-92.63841000001345, 44.05430099998742], [-92.63850999957258, 44.05429999994954], [-92.63855800015145, 44.05429999994954], [-92.63870499956623, 44.05429999994954], [-92.63875399997005, 44.05429999994954], [-92.63973899998412, 44.05429999994954], [-92.64001000014578, 44.05429999994954], [-92.64095999999977, 44.05429999994954], [-92.6426940000264, 44.05429299968392], [-92.64270999991993, 44.05429299968392], [-92.64332000001531, 44.0542900002154], [-92.64340500040412, 44.0542900002154], [-92.64349800029053, 44.05428900017734], [-92.64351699965879, 44.05428900017734], [-92.64367999986541, 44.054288000139266], [-92.64461600037401, 44.05428199991042], [-92.64506999993544, 44.05427999983401], [-92.64721999988869, 44.05427999983401], [-92.64742400010319, 44.05427599968093], [-92.64835999971348, 44.054259999711675], [-92.64836300008652, 44.05415800020948], [-92.64837899998005, 44.05371500007341], [-92.64843000003367, 44.052259999854336], [-92.64843300040674, 44.052080000118025], [-92.64844000007942, 44.051729999817915], [-92.64844400027738, 44.05153499978647], [-92.64845099995007, 44.051088000321215], [-92.64845799962278, 44.050684999914736], [-92.648459000346, 44.05063199981267], [-92.64847000021665, 44.0500599999931], [-92.64847000021665, 44.04974699976144], [-92.64847000021665, 44.04929999971463], [-92.64847000021665, 44.04927600000238], [-92.64847000021665, 44.049206999887616], [-92.64847000021665, 44.049184000261924], [-92.64847000021665, 44.04880499972613], [-92.64847000021665, 44.04827999981575], [-92.64846600001869, 44.04794200011061], [-92.64846199982073, 44.04766899985959], [-92.64845699979786, 44.04729100011681], [-92.64845500014803, 44.04719499989025], [-92.64845199977498, 44.04690700021414], [-92.64845099995007, 44.04681100001093], [-92.64844199972924, 44.04615299991866], [-92.64843800042959, 44.04588799996496], [-92.64841599978998, 44.04417899969489], [-92.64840999994219, 44.043699999771626], [-92.64840999994219, 44.04356699983524], [-92.64862699967718, 44.04357200028488], [-92.64864699976866, 44.04357200028488], [-92.65589000002184, 44.04358199989156], [-92.65588900019694, 44.04346999980986], [-92.6559589996188, 44.04346999980986], [-92.65608699966532, 44.04346999980986], [-92.65683300020314, 44.04346999980986], [-92.65747000006267, 44.04346999980986], [-92.66016999983682, 44.04348999970161], [-92.66050299992277, 44.043487999906425], [-92.66226999956135, 44.04348000007942], [-92.66488999986788, 44.04348999970161], [-92.66610000001286, 44.04348999970161], [-92.66643999977148, 44.04348999970161], [-92.66653000018317, 44.04348999970161], [-92.66674000024545, 44.0434999999678], [-92.66861999986196, 44.04348999970161], [-92.6698700001899, 44.0434999999678], [-92.67129700006988, 44.043507999792105], [-92.67170999962345, 44.043510000232295], [-92.67375300034486, 44.04350100018804], [-92.67405999959321, 44.0434999999678], [-92.67711000007004, 44.043510000232295], [-92.67817000042722, 44.043510000232295], [-92.67817000042722, 44.041909999719515], [-92.67817799992481, 44.040168999834336]]]}}, {"type": "Feature", "properties": {"tract_id": "27109001603", "name": "Tract Census Tract 16.03", "pct_white_2020": 81.8, "pct_black_2020": 0.0, "pct_hispanic_2020": 3.2, "pct_asian_2020": 9.4, "population_2020": 4567, "is_sample_data": false, "pct_white_1970": 97.1, "pct_black_1970": 27.6, "pct_hispanic_1970": 1, "pct_asian_1970": 0.9, "pct_white_1990": 90.0, "pct_black_1990": 23.9, "pct_hispanic_1990": 1, "pct_asian_1990": 5.9}, "geometry": {"type": "Polygon", "coordinates": [[[-92.47238800001777, 44.069539000252824], [-92.47234399963685, 44.06902799983602], [-92.47211000018342, 44.06849100025957], [-92.47154799976863, 44.06793599992281], [-92.47115399958334, 44.06725700016678], [-92.47038000035475, 44.066840999748955], [-92.4694959997247, 44.06660699996383], [-92.46883600029894, 44.06655499974253], [-92.46880299978865, 44.06653199975421], [-92.46714800030304, 44.06634800017133], [-92.4663420003891, 44.06641500001201], [-92.46579400021801, 44.06648400008653], [-92.46464299962425, 44.06662800026368], [-92.4645460004382, 44.066640999984514], [-92.46452200014875, 44.06661199975926], [-92.46445699985142, 44.066527999783396], [-92.46450700008013, 44.06623999988317], [-92.46467100011165, 44.06597999993519], [-92.46490799993812, 44.06578099968762], [-92.46514899996255, 44.06557700017953], [-92.46550700016284, 44.065278999710515], [-92.46557800030796, 44.065131999914364], [-92.46551700020859, 44.06498999968561], [-92.46549100026931, 44.06482700012133], [-92.4654200001242, 44.064528999749655], [-92.46534899997908, 44.0640890000063], [-92.4654200001242, 44.0637450002411], [-92.46566600017151, 44.062817999865864], [-92.4658639996399, 44.06222499970143], [-92.46599400023456, 44.06193299988722], [-92.46632200029762, 44.06164600013871], [-92.4661809998323, 44.06164199983773], [-92.46601500015095, 44.06164000000991], [-92.46394999968823, 44.06161000000233], [-92.46314999962205, 44.06155999974072], [-92.46252000033351, 44.06148000000898], [-92.46200999979725, 44.06138999969741], [-92.46142999983913, 44.061259999866515], [-92.4602599998771, 44.06093000005657], [-92.4587600002022, 44.060470000069344], [-92.45739000022364, 44.060039999908675], [-92.45737000013216, 44.06002999985274], [-92.45576999999983, 44.05955999983874], [-92.45475999987138, 44.05926999969944], [-92.45435999983829, 44.059139999732416], [-92.45370000041254, 44.05893999977208], [-92.45362000004658, 44.05891999993256], [-92.45352999963491, 44.05888999983781], [-92.4523599996729, 44.058550000068905], [-92.45062999984421, 44.05804000030541], [-92.45043999987342, 44.0579900002567], [-92.44979999964083, 44.05785000028306], [-92.44933000018587, 44.05777000005726], [-92.44897299981048, 44.057748999842914], [-92.44879999955812, 44.05774000002542], [-92.44803999967493, 44.057709999978364], [-92.44747999980828, 44.057709999978364], [-92.44607999969249, 44.05768999972338], [-92.44403000019668, 44.0576400000247], [-92.44373999976844, 44.05760999992698], [-92.44353499972904, 44.05758900030147], [-92.44345000023853, 44.05757999981407], [-92.44303099993888, 44.05749399996568], [-92.4428200000517, 44.057450000009936], [-92.44246299967631, 44.05736200000042], [-92.44229000032226, 44.057319999920395], [-92.44222000000207, 44.057290000306125], [-92.4417299995573, 44.0571200002682], [-92.43988900029886, 44.05640699968773], [-92.43981999980358, 44.05638000026486], [-92.43915000033208, 44.05612000026674], [-92.4386819996286, 44.0559329999248], [-92.43331999971515, 44.053789999734846], [-92.4334500003098, 44.0536199999785], [-92.43284000021443, 44.05339999968329], [-92.43231999963244, 44.053188999726984], [-92.43151000041884, 44.05286000018915], [-92.43095999969962, 44.052550000108006], [-92.43066000012396, 44.052359999901846], [-92.43041999992447, 44.052169999731724], [-92.43006000007435, 44.05184000026422], [-92.42974000040721, 44.051459999851765], [-92.42955999958384, 44.05120999981381], [-92.42948799961381, 44.051058000132294], [-92.42934000037414, 44.050740000165455], [-92.4292600000082, 44.050520000147465], [-92.42915000040333, 44.05008000024253], [-92.42914000035758, 44.04991000016687], [-92.42913299978656, 44.04974000024892], [-92.42911199987017, 44.04923000015], [-92.42910500019748, 44.04906099969799], [-92.42909199977869, 44.04876800004476], [-92.42909000012888, 44.04871000014866], [-92.42908000008315, 44.04793999982007], [-92.42908099990804, 44.04789199992932], [-92.42909000012888, 44.04759999980976], [-92.42883999988362, 44.04762000024423], [-92.42837000042866, 44.04767000000943], [-92.42760299997444, 44.04772300017934], [-92.42664999974741, 44.04778999979023], [-92.42568999984766, 44.04784000005761], [-92.42535000008904, 44.04784000005761], [-92.42527999976885, 44.04782999987838], [-92.42516000011825, 44.04784000005761], [-92.42342000024384, 44.047819999697474], [-92.42313099964052, 44.04782300013932], [-92.4219399997621, 44.04784000005761], [-92.42164000018646, 44.04783600011523], [-92.42117200038132, 44.047828999731244], [-92.4205100004074, 44.047819999697474], [-92.41976800006756, 44.047825999935334], [-92.41930000026241, 44.04782999987838], [-92.41910799974346, 44.04782999987838], [-92.4189400004123, 44.04782999987838], [-92.41853600018126, 44.04786700014569], [-92.41834600021048, 44.04788500019758], [-92.41818999967654, 44.047899999806205], [-92.41784400007013, 44.04793900032046], [-92.41765999994712, 44.04796000013969], [-92.41702999976026, 44.048090000115685], [-92.41673000018461, 44.048159999736285], [-92.41636299976349, 44.048236000116155], [-92.41586999984399, 44.0483399997643], [-92.41545999976516, 44.048419999816396], [-92.41537000025178, 44.04843399979828], [-92.41466999974475, 44.048550000074144], [-92.41386800002876, 44.048690000082296], [-92.41364000042313, 44.048730000208295], [-92.41336699971333, 44.04877000030732], [-92.41335300036795, 44.04877199992415], [-92.41331300018497, 44.048776999934475], [-92.41329999976618, 44.04877999968218], [-92.41322000029857, 44.04879999971821], [-92.41296699968024, 44.048834000280415], [-92.41292999987033, 44.048839999769925], [-92.4124629998901, 44.04892400030716], [-92.41200000010781, 44.04900999968843], [-92.41197300034365, 44.049014999678676], [-92.41168299991541, 44.04907500017399], [-92.41164299973244, 44.04908299989109], [-92.41160400027269, 44.049090000126924], [-92.41143000019544, 44.049121000146705], [-92.41105000025382, 44.04918699998906], [-92.41079199961266, 44.04923199975134], [-92.41057999990055, 44.04926999991137], [-92.41040599982328, 44.049301999959276], [-92.40987500026894, 44.04940099971543], [-92.40979699955281, 44.04941600023148], [-92.4097100004125, 44.04943299969256], [-92.40953200013728, 44.04946599977194], [-92.40899700038497, 44.04956600001748], [-92.4088800002091, 44.04958800002305], [-92.40881999993465, 44.049600000139996], [-92.4077539997297, 44.04980200023756], [-92.40744999995609, 44.04985999970994], [-92.40727900025186, 44.04989099997237], [-92.40603999979457, 44.050120000075516], [-92.40575000026465, 44.05017000031295], [-92.40443999966224, 44.050409999832056], [-92.4033600001119, 44.05059999983772], [-92.4033390001955, 44.05060400023905], [-92.40265200010725, 44.05072999983019], [-92.4017900001168, 44.05088999982654], [-92.40110999970125, 44.05101000018579], [-92.40089299996626, 44.051047999850724], [-92.40024500023605, 44.05116500026304], [-92.4002200001217, 44.05117000007136], [-92.40003000015089, 44.05120999981381], [-92.39979199960122, 44.05125600006532], [-92.39907799974877, 44.05139399995974], [-92.39884000009741, 44.05144000006835], [-92.3958399998493, 44.05197000011743], [-92.39550000009066, 44.05205999989833], [-92.3952499998454, 44.052150000188064], [-92.39511799960093, 44.052206999870435], [-92.39501999969163, 44.05224999977573], [-92.39462999970429, 44.05246999982366], [-92.39440000044884, 44.05266000032254], [-92.39423999971696, 44.05283000025219], [-92.3939600002328, 44.053230000098644], [-92.39384999972961, 44.05349999974273], [-92.39381999959238, 44.05387999997799], [-92.39380000039921, 44.05429999994954], [-92.39381000044494, 44.054810000291255], [-92.39381999959238, 44.05512000016289], [-92.39381000044494, 44.055549999901295], [-92.39373000007902, 44.05585000030188], [-92.39365999975882, 44.05598999983957], [-92.39363999966733, 44.056020000112454], [-92.39347999983376, 44.05627999990406], [-92.39327999981722, 44.056509999835825], [-92.39311999998365, 44.05664999974982], [-92.39269999985908, 44.05692999987605], [-92.39234000000897, 44.057079999998436], [-92.39200000025035, 44.05719000019102], [-92.39153999994281, 44.057279999785784], [-92.3912300003214, 44.05731000005069], [-92.39059000008882, 44.05731000005069], [-92.38940000003531, 44.057290000306125], [-92.38900000000223, 44.057290000306125], [-92.38804000010249, 44.057300000179254], [-92.38708500022562, 44.05729600023023], [-92.38537999961301, 44.057290000306125], [-92.38373000015027, 44.05726999990928], [-92.38327800023866, 44.057267999933785], [-92.38298600016061, 44.05726599995823], [-92.38211099975138, 44.057261000019025], [-92.38182000039654, 44.057260000031135], [-92.3812400004384, 44.057260000031135], [-92.3794999996657, 44.057260000031135], [-92.37891999970755, 44.057260000031135], [-92.37867000036061, 44.057260000031135], [-92.37795999980781, 44.057260000031135], [-92.37704599993883, 44.05725400010339], [-92.3762199999334, 44.05725000015125], [-92.37536999963852, 44.05724000026968], [-92.37499999974266, 44.05724000026968], [-92.37214000013496, 44.057219999855946], [-92.37144999967363, 44.057219999855946], [-92.37142700010742, 44.05722099984451], [-92.37118000023523, 44.05724000026968], [-92.37074000001917, 44.057319999920395], [-92.37050999986538, 44.057390000252404], [-92.37024000042697, 44.05749000002976], [-92.36999000018172, 44.05760999992698], [-92.36966999961626, 44.05780000007392], [-92.36946999959972, 44.05794999992912], [-92.36928999967466, 44.058140000276154], [-92.36911999979534, 44.05835999974637], [-92.36899599994679, 44.058598999679454], [-92.36897000000752, 44.05864999982385], [-92.36889999968733, 44.05885999972791], [-92.36887999959583, 44.059070000178224], [-92.36886000040268, 44.059530000068264], [-92.36886000040268, 44.0607600001408], [-92.36886000040268, 44.061739999710234], [-92.36885700002962, 44.06175600024047], [-92.3688200002197, 44.06203999973431], [-92.36873999985376, 44.06228000020826], [-92.3686799995793, 44.062439999983695], [-92.36864000029465, 44.06251999970928], [-92.36849800000441, 44.06273700000206], [-92.3684899996085, 44.062749999931896], [-92.3684059999429, 44.06285999991894], [-92.36827000039878, 44.063039999808986], [-92.36809999962115, 44.063202999775164], [-92.3679900000163, 44.06330999990893], [-92.3678000000455, 44.06348999972173], [-92.36778400015199, 44.06350099972128], [-92.36750999961727, 44.063699999887525], [-92.36709000039103, 44.063930000044245], [-92.3670669999265, 44.063939000211825], [-92.36681000000854, 44.064049999799366], [-92.36674999973408, 44.06407999986153], [-92.36652999962605, 44.064149999947375], [-92.36636999979248, 44.06419999995804], [-92.36603000003387, 44.064279999887276], [-92.36557200027445, 44.0643589998404], [-92.36505000004264, 44.064410000187195], [-92.36173799962498, 44.06440199995851], [-92.36079000031914, 44.06440000022388], [-92.36045999970793, 44.06440000022388], [-92.35981000032791, 44.06440000022388], [-92.35823000028707, 44.064390000258925], [-92.35793300018615, 44.064390000258925], [-92.35781000016252, 44.064390000258925], [-92.35694999982188, 44.064380000292275], [-92.35613800006016, 44.064380000292275], [-92.35284699955889, 44.064380000292275], [-92.34990999995829, 44.064380000292275], [-92.34942399971148, 44.064380000292275], [-92.34912999998363, 44.064380000292275], [-92.34505000018515, 44.064369999678426], [-92.34317200021849, 44.064369999678426], [-92.34235999955844, 44.064369999678426], [-92.33884999967239, 44.064380000292275], [-92.33710499977511, 44.064380000292275], [-92.3367800000851, 44.064380000292275], [-92.33340999994113, 44.0643599997084], [-92.3318740002812, 44.064363999825716], [-92.33013000020884, 44.064369999678426], [-92.32788499982105, 44.064369999678426], [-92.32714000000647, 44.064369999678426], [-92.32627999966584, 44.064380000292275], [-92.32392999969608, 44.064380000292275], [-92.3226300000377, 44.064390000258925], [-92.32127000010489, 44.064390000258925], [-92.32115299992903, 44.064390000258925], [-92.31944999986455, 44.06440000022388], [-92.3191650003575, 44.06440000022388], [-92.31891000008937, 44.06440000022388], [-92.31892799963272, 44.06585899973139], [-92.3189109999143, 44.07023699977507], [-92.31890500006651, 44.07166000015338], [-92.31890699971633, 44.07438399969497], [-92.31890900026447, 44.07519300015045], [-92.3189760002116, 44.09303399981314], [-92.31897000036383, 44.09326000006909], [-92.31898999955699, 44.09455000007419], [-92.31901999969423, 44.095969999685934], [-92.31901999969423, 44.09786999974845], [-92.31899799995291, 44.10042599988088], [-92.31899200010513, 44.10131999995136], [-92.31899499957987, 44.102235999843316], [-92.31899700012801, 44.102990999859955], [-92.31897299983856, 44.1052219997026], [-92.31897100018872, 44.10760499984967], [-92.31897100018872, 44.10773400000797], [-92.31907999996868, 44.10774299996352], [-92.3193989998109, 44.107733000227825], [-92.32397599972683, 44.10774500016843], [-92.32485899963368, 44.10774800015324], [-92.32512999979532, 44.10774899993309], [-92.3283600001972, 44.1077600000908], [-92.32874500016167, 44.10775599968186], [-92.32923999973099, 44.10774999971296], [-92.3296199996726, 44.10774999971296], [-92.33015399959997, 44.10774999971296], [-92.33039999964727, 44.10774999971296], [-92.33116000042878, 44.10776999982187], [-92.3321200003285, 44.107780000196335], [-92.33403299955695, 44.10778900014488], [-92.33438300025965, 44.107790999703205], [-92.33579300042118, 44.107798000092046], [-92.33643399958036, 44.10780100007412], [-92.3383500000802, 44.107810000019455], [-92.33900000035854, 44.1078000002951], [-92.3392799998427, 44.10778999992407], [-92.34108300036462, 44.107780000196335], [-92.34123999982515, 44.107780000196335], [-92.34191100001986, 44.10778300017932], [-92.34384000004017, 44.10778999992407], [-92.34491000044308, 44.10778999992407], [-92.34619000000995, 44.10778999992407], [-92.34733200038289, 44.10779500010978], [-92.348269999643, 44.1078000002951], [-92.3489819998456, 44.107804999834975], [-92.34941600021386, 44.10780900024059], [-92.34992400020198, 44.10781300000092], [-92.35073000011595, 44.10781999974212], [-92.35145099964107, 44.10781999974212], [-92.35196000035242, 44.10781999974212], [-92.35222200029324, 44.10782100016578], [-92.3530080001157, 44.10782700012748], [-92.35327000005651, 44.10783000010807], [-92.35453299990496, 44.107839999827355], [-92.35458899998146, 44.107839999827355], [-92.35651999965157, 44.10785499972556], [-92.35849999972551, 44.107870000265], [-92.3585490001293, 44.10787100004283], [-92.35882000029095, 44.10787999997751], [-92.36110999998628, 44.10787999997751], [-92.36155900042317, 44.10787999997751], [-92.36256000033079, 44.10787999997751], [-92.36715399996513, 44.1078940000882], [-92.36902000023625, 44.10790000004244], [-92.37103200009722, 44.10790000004244], [-92.3718199995695, 44.10790000004244], [-92.37499999974266, 44.107909999749886], [-92.3754800001417, 44.107920000100655], [-92.37706799968015, 44.107920000100655], [-92.37844000020684, 44.107920000100655], [-92.37908000043944, 44.10792999980466], [-92.38309800031361, 44.10792999980466], [-92.38370000001305, 44.10792999980466], [-92.3866399999867, 44.107960000196684], [-92.38906000027669, 44.107960000196684], [-92.39006000035938, 44.107969999893974], [-92.39170999982211, 44.107969999893974], [-92.39357000024543, 44.107969999893974], [-92.39498000040697, 44.10798999992844], [-92.39515100011121, 44.10798999992844], [-92.39808000021421, 44.10798999992844], [-92.39916999981027, 44.10800000026563], [-92.40000000001368, 44.10800000026563], [-92.40076699956957, 44.108004000013075], [-92.4017900001168, 44.10800999995616], [-92.40215499998978, 44.10800999995616], [-92.40229999975473, 44.10800999995616], [-92.40556100011875, 44.10801599989867], [-92.40716000042617, 44.10802000029001], [-92.40796600034012, 44.10802400003605], [-92.41008799980597, 44.108033999722515], [-92.41497100004361, 44.10806000031836], [-92.41887199974192, 44.108030999752216], [-92.42093300000671, 44.10801599989867], [-92.42180000002001, 44.10800999995616], [-92.42328600034953, 44.10800999995616], [-92.42438000014357, 44.10800999995616], [-92.42709699963615, 44.108004000013075], [-92.42774400043976, 44.10800199981687], [-92.4291699995965, 44.10800000026563], [-92.42922999987096, 44.10800000026563], [-92.4296349999269, 44.10799400032155], [-92.42998999975416, 44.10798999992844], [-92.4308529995695, 44.10798999992844], [-92.4312600001736, 44.10798999992844], [-92.43149299980209, 44.108047999796675], [-92.43153700018301, 44.10808000032238], [-92.43158300021378, 44.10810600025303], [-92.4316330004425, 44.10812600024149], [-92.43168500032102, 44.10814000029391], [-92.43186000022322, 44.108161999816694], [-92.43195599958437, 44.108169000161546], [-92.43205000019401, 44.10817500008792], [-92.43228799984537, 44.10817899982347], [-92.43298199960634, 44.10812199985732], [-92.4333230000882, 44.10808999999937], [-92.43361000014336, 44.10806700003026], [-92.43412399997926, 44.108030999752216], [-92.43473999992243, 44.10800000026563], [-92.43505799993973, 44.10799099970424], [-92.43531400003276, 44.10798000023454], [-92.43585999965573, 44.107981000010504], [-92.43628599962807, 44.10798199978646], [-92.43688099965482, 44.107992000125], [-92.4370909997171, 44.10799599987299], [-92.43744600044266, 44.10799500009727], [-92.43794500020995, 44.10799400032155], [-92.43866999993305, 44.10798999992844], [-92.43892500020117, 44.10798999992844], [-92.43918999961672, 44.10798999992844], [-92.43924800024135, 44.10799299990077], [-92.43936000039434, 44.10799299990077], [-92.44048500015053, 44.10799299990077], [-92.44202099981044, 44.107992000125], [-92.44584000039129, 44.10799099970424], [-92.44592999990466, 44.10799099970424], [-92.44640899958046, 44.10798999992844], [-92.44734199971602, 44.1079720000912], [-92.44737000020342, 44.107920000100655], [-92.44758199991553, 44.10771800029865], [-92.4477769999092, 44.10760499984967], [-92.44805899994151, 44.107467999843266], [-92.44828900009527, 44.1072659997866], [-92.44860899976241, 44.106812000096966], [-92.44871800044068, 44.106538999761284], [-92.44882499967248, 44.10626900015971], [-92.44886200038071, 44.10602900005192], [-92.44884800013702, 44.10567500017841], [-92.44886800022849, 44.10542200001031], [-92.44895799974186, 44.10522000005732], [-92.44904700032865, 44.10504300022085], [-92.44924200032231, 44.104842000091956], [-92.44945599968425, 44.104500999994784], [-92.4494940002174, 44.10418499974534], [-92.44940399980571, 44.10380599976589], [-92.44932500016299, 44.10347599980814], [-92.4490520003515, 44.10275599995699], [-92.44887900009915, 44.10229699981311], [-92.44857899962518, 44.1005750001863], [-92.44853299959443, 44.10037600015753], [-92.44849499995959, 44.100207999822494], [-92.44826900000379, 44.09999200007272], [-92.44807900003299, 44.099599000170436], [-92.4480020000401, 44.0984979998747], [-92.44798799979638, 44.098106000307006], [-92.4480599997664, 44.0978659999605], [-92.44825499976008, 44.0976769999939], [-92.44850199963228, 44.097576999726186], [-92.44859100021907, 44.09746399989113], [-92.44864499974742, 44.097273999972835], [-92.4486990001741, 44.09712199985664], [-92.44883999974108, 44.09705999974799], [-92.44922600042878, 44.097086999969775], [-92.44950500008804, 44.09729099988514], [-92.45001300007615, 44.09741999997117], [-92.45069599996647, 44.09757499982237], [-92.45153799986541, 44.09770499988371], [-92.45218499977071, 44.097911000139995], [-92.45284799956951, 44.09834399980151], [-92.45354600042674, 44.09882799987896], [-92.45391200012465, 44.09907000004482], [-92.45431499963246, 44.099210999857995], [-92.45515700042974, 44.09931700012297], [-92.45559599992255, 44.09928100032209], [-92.45600000015361, 44.09921999982096], [-92.45643899964644, 44.099209000009424], [-92.45675500001393, 44.09915999982713], [-92.4569500000076, 44.099046999791724], [-92.45705700013772, 44.09885799972939], [-92.45716799956747, 44.09860999973462], [-92.45719500022997, 44.09853999976638], [-92.45720399955249, 44.098504000137545], [-92.4572050002757, 44.098476999917665], [-92.45719600005489, 44.098442000187724], [-92.45713999997838, 44.09833099994871], [-92.45683500037987, 44.09712299981624], [-92.45688999973314, 44.0969559998776], [-92.45692700044137, 44.09687800017733], [-92.45706999965819, 44.09685299978847], [-92.45731999990345, 44.09685499971676], [-92.45757099997361, 44.09681699977762], [-92.45778699988368, 44.096662999842295], [-92.45784700015814, 44.0965530001037], [-92.45791400010529, 44.09643199983237], [-92.45798799972513, 44.09621299991131], [-92.45799000027326, 44.09594300024439], [-92.45797500020464, 44.09569800023245], [-92.45749800017869, 44.095039000213745], [-92.45726899984983, 44.09470199970499], [-92.4571829996361, 44.09430300008282], [-92.456866000342, 44.09377300030239], [-92.45651200033969, 44.09333299990727], [-92.45580099996197, 44.09292999995901], [-92.45528499957794, 44.09270899990371], [-92.4550009998958, 44.09243700029006], [-92.45484299971206, 44.0921530001934], [-92.45477400011508, 44.09186900002334], [-92.45478300033592, 44.0918499997452], [-92.45499400022311, 44.09171600015706], [-92.45512899994233, 44.09139699979542], [-92.45518900021678, 44.09111099974374], [-92.45506799984295, 44.0908440002069], [-92.45489100029094, 44.090598000291656], [-92.4547890001837, 44.09041400004289], [-92.45453499974049, 44.09018799987973], [-92.45424799968531, 44.090023999951505], [-92.45402299955441, 44.089815999797544], [-92.45383000010888, 44.08955999989432], [-92.4536209998715, 44.08931900025829], [-92.45359300028241, 44.08927899980874], [-92.4534440003195, 44.08906300013963], [-92.45330000037946, 44.08883900017535], [-92.45318700040156, 44.088630999725446], [-92.45276700027699, 44.08736500007328], [-92.45254200014608, 44.087188999821265], [-92.45239700038113, 44.08701299969084], [-92.45222099975572, 44.086836999682006], [-92.45209199988427, 44.0867409996911], [-92.45191600015718, 44.0866600003035], [-92.4518679995783, 44.08659599992027], [-92.4520640002952, 44.08645499970881], [-92.45243800038901, 44.085891000018755], [-92.45241199955143, 44.08566600014862], [-92.45226400031173, 44.08541099986345], [-92.4521990000144, 44.0852190002594], [-92.45207099996789, 44.08502700003217], [-92.45187799962405, 44.08491500025708], [-92.45168600000342, 44.08483400030489], [-92.45152500034494, 44.08475399976532], [-92.45134899971954, 44.08464200011864], [-92.45131600010757, 44.08454599979178], [-92.45121999984809, 44.084322000144056], [-92.45113899965725, 44.08411399994219], [-92.45112299976373, 44.08400100019293], [-92.45118600041123, 44.0836969997389], [-92.45120099958153, 44.0835690002351], [-92.45132600015332, 44.08348000014464], [-92.45149699985754, 44.08334500011434], [-92.45155499958385, 44.08322200017709], [-92.45157600039856, 44.0830589998452], [-92.4515579999569, 44.082860999791976], [-92.45166199971398, 44.082559999905016], [-92.4519809995562, 44.082384000198424], [-92.45228400040322, 44.082222999916624], [-92.4525570002147, 44.0821910002373], [-92.45279400004117, 44.082124000187115], [-92.4530500001342, 44.08207900025532], [-92.45325799964836, 44.08212700018136], [-92.45332700014363, 44.082163000100344], [-92.45352899981, 44.082270000160406], [-92.45379999997164, 44.08246200030164], [-92.45391399977447, 44.082688999859755], [-92.4542469998604, 44.0828460000054], [-92.45439300034857, 44.08306599993596], [-92.45460800043372, 44.08325100000695], [-92.45491999970496, 44.08331399994441], [-92.45519300041472, 44.08339699978012], [-92.45537900018759, 44.083468999986394], [-92.4555070002341, 44.08364499969157], [-92.45566600024276, 44.08378799987305], [-92.45576199960391, 44.08391600019359], [-92.45579299956604, 44.08398000025], [-92.45587299993198, 44.0841239998011], [-92.45609899988781, 44.08440199997737], [-92.45618099990358, 44.084597999692406], [-92.45614499991856, 44.08481199984468], [-92.45618000007866, 44.08509800002751], [-92.45616800038309, 44.08532999994519], [-92.45622299973635, 44.085575000322315], [-92.45636199965352, 44.08588899971973], [-92.45677099990743, 44.08624900019601], [-92.45699000019057, 44.08640999984516], [-92.45727200022289, 44.08660899977185], [-92.45764999961632, 44.08667900031321], [-92.4580200004105, 44.0865380002996], [-92.4584279999412, 44.08639000025323], [-92.4585910001478, 44.08633000014641], [-92.45881700010361, 44.08624900019601], [-92.45920500044113, 44.0861550001862], [-92.45966900004832, 44.08611900011544], [-92.46000700015712, 44.08630099989012], [-92.46071599998669, 44.08673000013925], [-92.46097399972955, 44.08694400032173], [-92.46136100024215, 44.0871429997424], [-92.46174700003154, 44.08731199989852], [-92.4620759999195, 44.08752499978924], [-92.4623570001269, 44.0877920001139], [-92.4624690002799, 44.08803099993803], [-92.462716999977, 44.08823099968311], [-92.46323199963781, 44.088335000057576], [-92.46381099977104, 44.08839100028273], [-92.46450299988217, 44.0883850002842], [-92.4649699998624, 44.08831200014563], [-92.46511399980245, 44.08825099994303], [-92.46521099988684, 44.08818900021215], [-92.46548600024646, 44.08792299985902], [-92.46566500034659, 44.08757899989414], [-92.46568299988994, 44.087313000024], [-92.46566899964623, 44.08699899979732], [-92.46575099966199, 44.08684199970418], [-92.4659769996178, 44.08665599975733], [-92.46650800007045, 44.086552000302234], [-92.46707100031014, 44.086479999976746], [-92.46779500020833, 44.08633100028846], [-92.46835900027295, 44.08598999989701], [-92.46958399958824, 44.084934000181995], [-92.47000600026094, 44.08457199974783], [-92.47018299981295, 44.08436900001085], [-92.4703469998445, 44.083961000018625], [-92.47052699976955, 44.083460000207396], [-92.4706089997853, 44.08317799998527], [-92.47091500010706, 44.082992000132776], [-92.47133400040671, 44.082790999894925], [-92.47157600025604, 44.08265200005657], [-92.47178600031833, 44.082418000189875], [-92.47199700020552, 44.082121000192764], [-92.4721429997954, 44.081885999944504], [-92.4721429997954, 44.081807999727154], [-92.47212799972678, 44.08168199980416], [-92.47206499997759, 44.08160399996316], [-92.47203599966527, 44.08145100000116], [-92.47197299991609, 44.0813279999979], [-92.47193000025837, 44.08114800022476], [-92.47191099999179, 44.08106799986295], [-92.471721000021, 44.08085499995332], [-92.47160600039328, 44.08064099968386], [-92.4716719996172, 44.08024200006364], [-92.47165400007385, 44.079874999992626], [-92.47162599958644, 44.07982799978215], [-92.47161499971578, 44.0798099997603], [-92.47147300032388, 44.079568999765016], [-92.47142200027025, 44.0795130002227], [-92.47141200022452, 44.079501999972194], [-92.47135399959988, 44.07943699997542], [-92.47125599969058, 44.079338000101316], [-92.47120200016222, 44.079281999695034], [-92.4709319998255, 44.07903499982884], [-92.47089800038862, 44.07900299971585], [-92.47050599985313, 44.07873300021117], [-92.46981700011506, 44.07838499990707], [-92.46941799990688, 44.07817099973848], [-92.46931800034777, 44.078117999715865], [-92.46888200032967, 44.07794800011444], [-92.46878100004734, 44.07793200008884], [-92.46869200035889, 44.07791699969792], [-92.46814599983762, 44.07782699985388], [-92.46763399965154, 44.077720999790266], [-92.4672500004103, 44.077644000179], [-92.46720000018159, 44.07761900004902], [-92.46699400031726, 44.07751900006874], [-92.46699400031726, 44.07748699978122], [-92.46691399995132, 44.07721899975922], [-92.46694599973837, 44.07669800000429], [-92.46691399995132, 44.07630300020968], [-92.46661000017771, 44.0760990001802], [-92.46649800002471, 44.075847000273725], [-92.46667499957672, 44.07550000010095], [-92.46673900004913, 44.07515200014373], [-92.46659500010908, 44.07490000007668], [-92.46624299975659, 44.07464899992142], [-92.46609899981654, 44.074491000270186], [-92.46625899965011, 44.07423899996983], [-92.46675999996553, 44.073792000223825], [-92.46677099983619, 44.07378199990933], [-92.46696300035512, 44.07373700008677], [-92.46713999990713, 44.073777000074145], [-92.46738699977932, 44.07383299988201], [-92.46769899994888, 44.07387200009723], [-92.46808300008843, 44.07387499986451], [-92.46851499990856, 44.07378399997236], [-92.46873099981862, 44.07370600004566], [-92.46881899968217, 44.07367499998831], [-92.46922100026339, 44.07349500016723], [-92.46973599992421, 44.073216999726355], [-92.47001299993364, 44.073003000229335], [-92.4702149996, 44.07278199994252], [-92.47019100020887, 44.07224300010436], [-92.47028699957, 44.07207299975976], [-92.47045099960155, 44.071893000229366], [-92.47107199956757, 44.071493999705815], [-92.47119399976631, 44.071341999813065], [-92.47160999969293, 44.070857000292406], [-92.47232600009349, 44.0700829996931], [-92.47238800001777, 44.069539000252824]]]}}, {"type": "Feature", "properties": {"tract_id": "27109001201", "name": "Tract Census Tract 12.01", "pct_white_2020": 75.6, "pct_black_2020": 4.0, "pct_hispanic_2020": 11.8, "pct_asian_2020": 6.4, "population_2020": 4854, "is_sample_data": false, "pct_white_1970": 87.2, "pct_black_1970": 1, "pct_hispanic_1970": 8.7, "pct_asian_1970": 1.0, "pct_white_1990": 83.4, "pct_black_1990": 1.3, "pct_hispanic_1990": 15.4, "pct_asian_1990": 2.5}, "geometry": {"type": "Polygon", "coordinates": [[[-92.51730000028272, 44.01676999989416], [-92.51727000014547, 44.016360000322344], [-92.51714999959657, 44.015759999841315], [-92.51703999999171, 44.01549000003447], [-92.51700400000671, 44.01541799983529], [-92.51694000043258, 44.01528999998314], [-92.51687500013527, 44.01518899997542], [-92.5167999997922, 44.01507000011661], [-92.51673700004301, 44.01499000025645], [-92.51661999986715, 44.01484000014698], [-92.51639999975913, 44.014570000027454], [-92.51620300011564, 44.0143869999294], [-92.51613000032069, 44.014320000017], [-92.51592100008331, 44.01414000000296], [-92.51576799992245, 44.01402799983332], [-92.51575299985383, 44.014016999689915], [-92.51569099992956, 44.013971000242606], [-92.51566900018824, 44.01395499972426], [-92.51565099974658, 44.01394300014023], [-92.51543999985938, 44.013799999849596], [-92.51508000000928, 44.0135999999129], [-92.51497100022932, 44.01354399999064], [-92.51471000011341, 44.01341000012354], [-92.51463499977035, 44.01338000023715], [-92.51423999976014, 44.0132199997254], [-92.51419000042974, 44.013199999954125], [-92.51391000004725, 44.01309800017572], [-92.51372400027442, 44.01303100009918], [-92.51303999966089, 44.01278399969334], [-92.51263999962781, 44.012639999743186], [-92.51206999971541, 44.01242400013146], [-92.51198000020204, 44.0123899999953], [-92.51161000030619, 44.0122099999377], [-92.5113299999237, 44.01205000014575], [-92.51083000033152, 44.011710000285234], [-92.51052200035994, 44.01146599989088], [-92.51029999970378, 44.01129000008472], [-92.51006000040259, 44.011070000238625], [-92.5099499998994, 44.01097000027374], [-92.50984100011947, 44.0108559996817], [-92.50972999979138, 44.01073999990844], [-92.50950999968336, 44.01047999988219], [-92.50933999980404, 44.01023000007425], [-92.50928399972754, 44.010132000259986], [-92.50913499976463, 44.00986599994797], [-92.509119999696, 44.00984000013037], [-92.50907399966525, 44.00974500010349], [-92.50889999958797, 44.00938000008112], [-92.50885000025758, 44.009253999776654], [-92.50878599978518, 44.0090930002544], [-92.50876999989164, 44.00905000003918], [-92.50874099957932, 44.008936999790755], [-92.50869999957145, 44.00878000004886], [-92.5086679997844, 44.0085899996779], [-92.5086400001953, 44.00842000008826], [-92.50862799960142, 44.008321999867746], [-92.50859300033963, 44.00803100004553], [-92.50858999996659, 44.00799999984931], [-92.50859099979151, 44.00793400000291], [-92.50859300033963, 44.007803000266385], [-92.50860000001232, 44.00740999996702], [-92.50860000001232, 44.007282999815075], [-92.50860000001232, 44.0071710002643], [-92.50860000001232, 44.006986000214425], [-92.50860000001232, 44.00683800027595], [-92.50860000001232, 44.00672700007978], [-92.50860000001232, 44.00663900031798], [-92.50860000001232, 44.006375999803865], [-92.50858999996659, 44.00628999992573], [-92.50855999982936, 44.0058899997704], [-92.50853300006517, 44.00577800017401], [-92.50846000027025, 44.0054699997089], [-92.50838999995004, 44.005220000106554], [-92.5082800003452, 44.00501000001406], [-92.5081399997048, 44.0047799997982], [-92.50788000031211, 44.00447000014714], [-92.50783799958099, 44.00442900027832], [-92.50753999965518, 44.0041399999265], [-92.50746000018754, 44.004079999806684], [-92.50728000026248, 44.00396000003104], [-92.50687000018365, 44.00370000000756], [-92.50683000000069, 44.003680000256765], [-92.50653000042504, 44.003529999972535], [-92.50621999990533, 44.00340999973057], [-92.50474199997173, 44.00288099978709], [-92.50403999981485, 44.00262999999486], [-92.50390500009564, 44.00256599987282], [-92.50350000003968, 44.002376000274836], [-92.50336600014539, 44.00231300014794], [-92.50320999961146, 44.002239999835226], [-92.50289300031737, 44.002051999740495], [-92.5028399997156, 44.00202000002246], [-92.50254000013996, 44.00178000029492], [-92.50227999984897, 44.001560000068736], [-92.50201000041052, 44.001310000143135], [-92.50169300021813, 44.000970000104594], [-92.501325999797, 44.00057499981776], [-92.50080000026554, 44.00000999970332], [-92.50076699975527, 43.9999760002053], [-92.50039000018671, 43.999580000093644], [-92.50000000019938, 43.999279999737674], [-92.49981000022859, 43.999149999952415], [-92.49954999993759, 43.99900999986514], [-92.4993399998753, 43.99892000028079], [-92.49914999990449, 43.99885000000708], [-92.4987900000544, 43.998760000180035], [-92.49870300001575, 43.99874099973961], [-92.49854999985486, 43.998709999858164], [-92.49797999994249, 43.99866000014032], [-92.49789000042911, 43.99866000014032], [-92.49734999975561, 43.998680000291024], [-92.49706000022573, 43.9987199999259], [-92.49693399982903, 43.99873400001794], [-92.49601999996004, 43.99883999996125], [-92.4951999998024, 43.99896999977955], [-92.49434000036008, 43.999159999946], [-92.4941029996353, 43.99923399984621], [-92.49336000036887, 43.99947000020386], [-92.49318999959124, 43.999529999816566], [-92.4930520003973, 43.99959199999879], [-92.4926799999533, 43.99975999970837], [-92.49263899994541, 43.99978000013445], [-92.49250599987603, 43.99985100026784], [-92.49221999964576, 43.999999999852996], [-92.49219999955429, 44.00002000019813], [-92.49210599984295, 44.00008300017518], [-92.49188999993288, 44.0002299998614], [-92.49141000043217, 44.00058000001778], [-92.4909900003076, 44.00090899971669], [-92.49070999992512, 44.00113000006139], [-92.49062999955918, 44.001200000229844], [-92.49024499959471, 44.001519999763715], [-92.48979000020836, 44.00189999995696], [-92.48908499967844, 44.0024709998268], [-92.4887800000799, 44.00271999976703], [-92.48873999989694, 44.00275999990916], [-92.48869999971396, 44.00278999999801], [-92.48847999960593, 44.00297799969263], [-92.48782000018018, 44.00354199972494], [-92.48760000007215, 44.003730000267225], [-92.48757900015573, 44.00374699991228], [-92.48751700023146, 44.00379999995262], [-92.48749700014, 44.00381799982145], [-92.48723500019916, 44.00404100014853], [-92.4868999995651, 44.00432999969032], [-92.48648600018662, 44.00475000006953], [-92.48632999965271, 44.00491000017027], [-92.48628000032231, 44.00495999979014], [-92.48624000013933, 44.00499000005876], [-92.48606299968901, 44.005168999838595], [-92.48583199971033, 44.0054060000661], [-92.48570000036416, 44.005539999925674], [-92.48554100035551, 44.00571199979356], [-92.48537099957788, 44.00589800014886], [-92.48523000001087, 44.00605000002699], [-92.48520099969856, 44.00607799997905], [-92.48500999990286, 44.006269999755844], [-92.48469000023572, 44.00653000014566], [-92.48463699963395, 44.00656399976449], [-92.48442999994472, 44.00669999998318], [-92.48420599963873, 44.00677899984829], [-92.48387000007806, 44.006899999928415], [-92.48352000027369, 44.00698999968373], [-92.48329000011994, 44.007016000104514], [-92.4831600004236, 44.00703000017727], [-92.48303999987468, 44.00703000017727], [-92.48229000003722, 44.00703000017727], [-92.48203999979197, 44.00703000017727], [-92.48203999979197, 44.00744000028884], [-92.4820699999292, 44.007694000294684], [-92.48210000006642, 44.00793999975703], [-92.48217000038663, 44.008320000178024], [-92.48224999985425, 44.00870000010286], [-92.4823800004489, 44.00911000030085], [-92.4826130000774, 44.00960400032038], [-92.48262999979585, 44.00963999976077], [-92.48284999990386, 44.0100700001093], [-92.48292600007186, 44.010192000073204], [-92.48298899982105, 44.01029200005768], [-92.48317899979185, 44.01059399990481], [-92.48324300026427, 44.01069499998547], [-92.48338999967903, 44.01092999985294], [-92.48397200018533, 44.01176499989129], [-92.48619499993349, 44.01495200007509], [-92.48687000032616, 44.01591999996024], [-92.4869289998774, 44.01601899993877], [-92.48704400040346, 44.01621299990682], [-92.48722000013055, 44.01650999981702], [-92.48738300033718, 44.01680000000362], [-92.48744000023858, 44.016899999828254], [-92.48748999956898, 44.01700000013022], [-92.48751999970622, 44.01709000006398], [-92.48755999988919, 44.0171700003211], [-92.4876100001179, 44.01727000016773], [-92.48762199981346, 44.017308000155694], [-92.48769999963126, 44.017540000267836], [-92.48779000004295, 44.01794000002248], [-92.48784600011943, 44.01829199969333], [-92.48787000040889, 44.01844000012017], [-92.48787399970853, 44.01862699996093], [-92.48788700012733, 44.01921100010926], [-92.48788999960206, 44.01933000005565], [-92.48788100027954, 44.020965000187104], [-92.48787999955631, 44.02122999985978], [-92.48788999960206, 44.02154999986029], [-92.48804299976292, 44.02154999986029], [-92.48821000016751, 44.02154999986029], [-92.4884699995602, 44.02155999995356], [-92.48850100042064, 44.02155999995356], [-92.48865500040644, 44.02155999995356], [-92.4888999997305, 44.02155999995356], [-92.4890269999521, 44.02155299969468], [-92.48947999968864, 44.02153000031457], [-92.49014400021069, 44.021522000106835], [-92.49031999993778, 44.0215200002162], [-92.49049999986283, 44.02160000030991], [-92.49082600027607, 44.02160000030991], [-92.49180399971917, 44.02160000030991], [-92.49213000013238, 44.02160000030991], [-92.49247999993676, 44.02160000030991], [-92.49353000024819, 44.02160000030991], [-92.49388000005254, 44.02160000030991], [-92.4941579998869, 44.02160000030991], [-92.49499200028824, 44.02160000030991], [-92.4952700001226, 44.02160000030991], [-92.4959889999979, 44.0216050000296], [-92.49651000040481, 44.02160999974881], [-92.49656999978095, 44.02160999974881], [-92.49663000005542, 44.02161999983201], [-92.496749999706, 44.02161999983201], [-92.49737999989286, 44.02162999991352], [-92.49814399997402, 44.02167200010817], [-92.49827000037071, 44.02168000029566], [-92.49878000000865, 44.021719999925075], [-92.49886000037459, 44.021740000052674], [-92.49915999995025, 44.02178999969613], [-92.50001000024513, 44.02204999987527], [-92.50081600015906, 44.02229900030717], [-92.50201000041052, 44.02266999982527], [-92.50230999998618, 44.02276000019591], [-92.50249599975903, 44.02282000015178], [-92.50280999957839, 44.02292200000199], [-92.50299000040175, 44.02297999995256], [-92.50377000037642, 44.02321999981299], [-92.50530000018856, 44.02371999995421], [-92.50539999974768, 44.023740000053046], [-92.506090000209, 44.023899999954544], [-92.5062180002555, 44.02391900008776], [-92.50668000021285, 44.02398799994239], [-92.50729000030823, 44.02402999975842], [-92.50795999977973, 44.024000000077415], [-92.50868000037828, 44.023910000297406], [-92.50870999961718, 44.023910000297406], [-92.50906000031986, 44.023839999799875], [-92.5094500003072, 44.02369999984868], [-92.50970800005005, 44.02360099977591], [-92.50980299958631, 44.023563999856336], [-92.51008799999167, 44.02345399987178], [-92.51009999968721, 44.02345000022083], [-92.51018000005317, 44.023409999820835], [-92.51061400042144, 44.02320700024913], [-92.51191599972962, 44.02259999980138], [-92.51223999959471, 44.02245000021014], [-92.51228999982345, 44.02241999972958], [-92.5123500000979, 44.022399999831386], [-92.51247399994647, 44.02233900016491], [-92.51269999990227, 44.02222999977857], [-92.51298000028476, 44.02210600016217], [-92.51336000022636, 44.02194000031129], [-92.51394000018448, 44.02169999979078], [-92.51428999998885, 44.02160000030991], [-92.51495299978765, 44.021452000019394], [-92.51563200037832, 44.021302000107376], [-92.51572299971659, 44.021280999882684], [-92.51599800007621, 44.02121999971085], [-92.51609000013771, 44.0212000000538], [-92.51609000013771, 44.021134999991446], [-92.51609000013771, 44.02094099997785], [-92.51609000013771, 44.020877000233675], [-92.51609000013771, 44.02079000010731], [-92.51610000018347, 44.020519999949116], [-92.51613000032069, 44.02032999972279], [-92.51628000010852, 44.01992999994192], [-92.51683999997518, 44.018509999887804], [-92.51707000012894, 44.0178700002279], [-92.51720999987103, 44.017390000148666], [-92.51722599976455, 44.017312000221], [-92.51726099992464, 44.01717399974975], [-92.51727000014547, 44.01709000006398], [-92.51730000028272, 44.01676999989416]]]}}, {"type": "Feature", "properties": {"tract_id": "27109002300", "name": "Tract Census Tract 23", "pct_white_2020": 87.7, "pct_black_2020": 0.5, "pct_hispanic_2020": 3.1, "pct_asian_2020": 5.5, "population_2020": 6048, "is_sample_data": false, "pct_white_1970": 98, "pct_black_1970": 4.5, "pct_hispanic_1970": 1.8, "pct_asian_1970": 0.4, "pct_white_1990": 95, "pct_black_1990": 3.7, "pct_hispanic_1990": 1, "pct_asian_1990": 8.3}, "geometry": {"type": "Polygon", "coordinates": [[[-92.46280999986342, 44.0371860001592], [-92.46278399992416, 44.0371769998], [-92.46268799966468, 44.037145000305706], [-92.46267199977117, 44.037135000258424], [-92.46252799983112, 44.03704499975656], [-92.462384999716, 44.03695499976385], [-92.46127000000556, 44.036252999778775], [-92.46013100000567, 44.035535999720445], [-92.45878000029369, 44.034858999833084], [-92.45771900011161, 44.03361700029557], [-92.45727700024574, 44.032836000238525], [-92.45689300010618, 44.03215699968265], [-92.45698799964242, 44.03153899969357], [-92.45711599968895, 44.03116999970311], [-92.45717000011561, 44.03101099983384], [-92.45731800025364, 44.030587000249916], [-92.45733699962189, 44.03053700027574], [-92.45739900044448, 44.030381999829416], [-92.45743600025439, 44.030285999974744], [-92.45755000005721, 44.02999999972816], [-92.45758799969205, 44.02990499970446], [-92.45806800009107, 44.02911500017034], [-92.4587529996312, 44.02799099990628], [-92.459527999583, 44.02714500005593], [-92.45958600020764, 44.02684100017339], [-92.45960299992608, 44.026757999830416], [-92.459499000169, 44.02642300029212], [-92.4591900003725, 44.02604400011869], [-92.45902399979283, 44.026009000171356], [-92.45885800011149, 44.02597400020331], [-92.45759799973779, 44.025707999900156], [-92.45750999987423, 44.02569000021531], [-92.45462000012931, 44.02508999984252], [-92.45389000038334, 44.02498000010584], [-92.45300999995123, 44.024859999984116], [-92.45279999988895, 44.024836999949194], [-92.45227000015953, 44.02477999976805], [-92.45117999966513, 44.02470000008991], [-92.45087000004374, 44.024680000315], [-92.44965400005096, 44.024659999887405], [-92.44962999976153, 44.024659999887405], [-92.44879000041068, 44.02467000010206], [-92.44826800017887, 44.024678999777045], [-92.44823999969145, 44.024680000315], [-92.4475099999455, 44.02471999985812], [-92.44675000006232, 44.02477999976805], [-92.44670800022953, 44.02478399997519], [-92.44619100002058, 44.024847000133995], [-92.44574999997961, 44.024900000051716], [-92.44562000028327, 44.024917000088394], [-92.44471200026207, 44.02503600020868], [-92.44461000015482, 44.02504999990318], [-92.44391499967064, 44.025176000234374], [-92.44334999978112, 44.025280000316215], [-92.44335099960604, 44.02491600020037], [-92.44335599962889, 44.02398399968153], [-92.44335800017703, 44.023824000006755], [-92.44335999982685, 44.02345999999366], [-92.44280400015815, 44.02345999999366], [-92.44217999981909, 44.02345999999366], [-92.44113600025376, 44.02346799993988], [-92.44090000025223, 44.02346999976481], [-92.44082999993202, 44.02346999976481], [-92.44058100040999, 44.023482999916894], [-92.44044999999042, 44.02348999994794], [-92.44001999982011, 44.02351999988703], [-92.43997700016241, 44.023517000152175], [-92.43969000010725, 44.023499999714026], [-92.43960300006859, 44.02347699979738], [-92.43908500003474, 44.02322200029218], [-92.43892500020117, 44.02296399992734], [-92.43879999962938, 44.02275300007867], [-92.43876000034473, 44.02233000013466], [-92.43874000025323, 44.02155999995356], [-92.4385400002367, 44.02160000030991], [-92.43815799974698, 44.02163099985697], [-92.43804999979193, 44.0216399999933], [-92.43749999997102, 44.02161999983201], [-92.43639699995616, 44.021602000197845], [-92.43626999973456, 44.02160000030991], [-92.43581000032533, 44.02160000030991], [-92.43518299961322, 44.02160000030991], [-92.43484000037985, 44.02160000030991], [-92.43330399982162, 44.0215869997449], [-92.43267799983273, 44.02158200002369], [-92.43262799960401, 44.02158100007942], [-92.43247899964109, 44.02158000013513], [-92.43243000013561, 44.02158000013513], [-92.4318030003218, 44.02157000004519], [-92.43040999987872, 44.02154999986029], [-92.429922999807, 44.02154600008084], [-92.4292969998181, 44.021542000301174], [-92.42925699963513, 44.021540999710254], [-92.42913899963436, 44.021539999765295], [-92.42910000017461, 44.021539999765295], [-92.42784999984666, 44.02153000031457], [-92.42718100020006, 44.02151799967957], [-92.42495000005596, 44.02147999980588], [-92.42142699975112, 44.021444999747715], [-92.42088000030327, 44.02144000001453], [-92.42051999955481, 44.02144000001453], [-92.4195100003247, 44.021419999785785], [-92.41929000021668, 44.02141000031482], [-92.41837299997465, 44.021401000143584], [-92.41818999967654, 44.02140000019621], [-92.41659999958995, 44.02140000019621], [-92.4163700003345, 44.02137999995396], [-92.4154899999024, 44.02136999983029], [-92.41496400037094, 44.02137199972598], [-92.41422299985601, 44.02137600016309], [-92.41408599958864, 44.021377000110824], [-92.41382799984578, 44.02137800005854], [-92.41351999987421, 44.02137999995396], [-92.41288399983958, 44.02137999995396], [-92.41222000021584, 44.02137999995396], [-92.4116400002577, 44.02136999983029], [-92.41005299964586, 44.02136999983029], [-92.40988000029182, 44.02136999983029], [-92.40911000036289, 44.02136999983029], [-92.40857800008531, 44.021363000194896], [-92.40698200015095, 44.02134199999182], [-92.40677000043884, 44.021340000095165], [-92.4064499998734, 44.021340000095165], [-92.40497699996267, 44.02133199986177], [-92.40460000039411, 44.021329999964735], [-92.40413000004084, 44.02131999983262], [-92.40233999993771, 44.021300000209365], [-92.40180000016255, 44.021279999933334], [-92.40166999956789, 44.02126999979279], [-92.4014100001752, 44.02125000015267], [-92.40066000033775, 44.02114999991277], [-92.40056999992606, 44.02113200013591], [-92.3999599998307, 44.02101000006873], [-92.3991299996273, 44.02082999969121], [-92.39906199985525, 44.02081700024926], [-92.39891999956502, 44.02079000010731], [-92.39832899973622, 44.02069099969682], [-92.39826000013926, 44.02068000014343], [-92.39791000033489, 44.020630000209835], [-92.39719999978209, 44.02058999984502], [-92.39683300025929, 44.02058300011755], [-92.39667000005267, 44.020580000234084], [-92.39601999977435, 44.02061999995966], [-92.3958979995756, 44.020629000249514], [-92.395629999787, 44.02065000005916], [-92.39509000001183, 44.020710000212524], [-92.39446700039599, 44.02079299998015], [-92.3944320002359, 44.020797999767844], [-92.39359000033693, 44.02091000007], [-92.39260100012487, 44.021047000290345], [-92.39250999988829, 44.02105999968185], [-92.39198000015885, 44.021139999750304], [-92.39145999957685, 44.02121000020615], [-92.39056999999733, 44.021279999933334], [-92.38948000040125, 44.021300000209365], [-92.38938699961652, 44.021300000209365], [-92.3889499997735, 44.021300000209365], [-92.38869000038083, 44.021300000209365], [-92.38807000023972, 44.0212900000722], [-92.38693000041492, 44.021279999933334], [-92.3849000001123, 44.02126999979279], [-92.38158799969464, 44.02124199990715], [-92.38125999963158, 44.02124000000707], [-92.38041000023503, 44.02118999989977], [-92.37983000027688, 44.02113000023211], [-92.37900000007349, 44.02102000025313], [-92.37715800009182, 44.020760000078646], [-92.37658999982926, 44.02068000014343], [-92.37627699983481, 44.020630000209835], [-92.37539999977575, 44.020489999783884], [-92.37498999969692, 44.020439999690055], [-92.37480999977187, 44.020430000053814], [-92.37461999980107, 44.020410000130276], [-92.37436000040837, 44.02039999984299], [-92.37384999987212, 44.020410000130276], [-92.37322999973102, 44.020430000053814], [-92.37282999969794, 44.02046999988059], [-92.37232000006001, 44.020539999835535], [-92.3718199995695, 44.02065000005916], [-92.3716299995987, 44.02069999997588], [-92.37095000008145, 44.02088000010211], [-92.37018000015252, 44.02105999968185], [-92.37000000022746, 44.021090000204644], [-92.3698200003024, 44.02112000006632], [-92.36970999979923, 44.021139999750304], [-92.36928999967466, 44.02118999989977], [-92.36871999976228, 44.02121999971085], [-92.36721000004161, 44.02121999971085], [-92.36567000018374, 44.0212000000538], [-92.3637999997147, 44.0212000000538], [-92.36183999973225, 44.02118999989977], [-92.35995000007, 44.02118999989977], [-92.35780000011675, 44.02117000023266], [-92.3560700002881, 44.02117000023266], [-92.3543599996526, 44.02116000007356], [-92.35337999966137, 44.02116000007356], [-92.35318899986567, 44.02116000007356], [-92.35228000001955, 44.02116000007356], [-92.34973000003325, 44.021139999750304], [-92.3490300004245, 44.02114999991277], [-92.34837000010043, 44.021139999750304], [-92.3480100002503, 44.02113000023211], [-92.34703199990892, 44.021123999874455], [-92.34616999991846, 44.02112000006632], [-92.34528000033893, 44.02112000006632], [-92.34485000016863, 44.02112000006632], [-92.34303999997401, 44.02109999972957], [-92.34103700033387, 44.0210849997956], [-92.34018000036629, 44.0210800000321], [-92.33941999958479, 44.0210800000321], [-92.33903999964319, 44.02106999985782], [-92.33871699960301, 44.02106999985782], [-92.33836000012595, 44.02106999985782], [-92.3372100002554, 44.02105999968185], [-92.33634999991479, 44.02105999968185], [-92.33569999963645, 44.02105000015018], [-92.33501799957106, 44.02105000015018], [-92.33273000042387, 44.02105000015018], [-92.33153000032462, 44.02103999997089], [-92.33057999957232, 44.02103999997089], [-92.33011000011736, 44.02103999997089], [-92.32881999960642, 44.02102999978986], [-92.3270300004016, 44.02101000006873], [-92.32549999969116, 44.02101000006873], [-92.32412300003992, 44.02100199979082], [-92.322952000253, 44.02099500011198], [-92.32192000038323, 44.020989999694926], [-92.32073000032973, 44.02098000015144], [-92.31935000030543, 44.02098000015144], [-92.31893000018086, 44.02098000015144], [-92.3189129995641, 44.02098000015144], [-92.31892400033308, 44.02133399975871], [-92.31892000013511, 44.02153000031457], [-92.31892000013511, 44.021979999765286], [-92.31893000018086, 44.0228999997832], [-92.31892199978492, 44.02371800013777], [-92.31892000013511, 44.02387299992474], [-92.31891000008937, 44.024910000225844], [-92.31890800043954, 44.026888999680594], [-92.31890199969345, 44.03255500011408], [-92.31890000004363, 44.03483000018695], [-92.31890000004363, 44.03545000015218], [-92.31890699971633, 44.035661999718606], [-92.31892000013511, 44.03600999998245], [-92.31891799958696, 44.0362999997174], [-92.31891799958696, 44.036512999810135], [-92.3189129995641, 44.037607000006055], [-92.31890000004363, 44.04088900015976], [-92.31890000004363, 44.04089999983768], [-92.3189109999143, 44.04198399987785], [-92.31892000013511, 44.042869999917684], [-92.31892000013511, 44.0448899998823], [-92.31894000022659, 44.045850000217975], [-92.31893799967847, 44.046466999942226], [-92.31893500020372, 44.04768400016854], [-92.31893000018086, 44.04975999996074], [-92.31893000018086, 44.04981999970141], [-92.31890599989141, 44.059915999999795], [-92.31890000004363, 44.06249999978801], [-92.31892000013511, 44.06368999980428], [-92.31891000008937, 44.06440000022388], [-92.3191650003575, 44.06440000022388], [-92.31944999986455, 44.06440000022388], [-92.32115299992903, 44.064390000258925], [-92.32127000010489, 44.064390000258925], [-92.3226300000377, 44.064390000258925], [-92.32392999969608, 44.064380000292275], [-92.32627999966584, 44.064380000292275], [-92.32714000000647, 44.064369999678426], [-92.32788499982105, 44.064369999678426], [-92.33013000020884, 44.064369999678426], [-92.3318740002812, 44.064363999825716], [-92.33340999994113, 44.0643599997084], [-92.3367800000851, 44.064380000292275], [-92.33710499977511, 44.064380000292275], [-92.33884999967239, 44.064380000292275], [-92.34235999955844, 44.064369999678426], [-92.34317200021849, 44.064369999678426], [-92.34505000018515, 44.064369999678426], [-92.34912999998363, 44.064380000292275], [-92.34942399971148, 44.064380000292275], [-92.34990999995829, 44.064380000292275], [-92.35284699955889, 44.064380000292275], [-92.35613800006016, 44.064380000292275], [-92.35694999982188, 44.064380000292275], [-92.35781000016252, 44.064390000258925], [-92.35793300018615, 44.064390000258925], [-92.35823000028707, 44.064390000258925], [-92.35981000032791, 44.06440000022388], [-92.36045999970793, 44.06440000022388], [-92.36079000031914, 44.06440000022388], [-92.36173799962498, 44.06440199995851], [-92.36505000004264, 44.064410000187195], [-92.36557200027445, 44.0643589998404], [-92.36603000003387, 44.064279999887276], [-92.36636999979248, 44.06419999995804], [-92.36652999962605, 44.064149999947375], [-92.36674999973408, 44.06407999986153], [-92.36681000000854, 44.064049999799366], [-92.3670669999265, 44.063939000211825], [-92.36709000039103, 44.063930000044245], [-92.36750999961727, 44.063699999887525], [-92.36778400015199, 44.06350099972128], [-92.3678000000455, 44.06348999972173], [-92.3679900000163, 44.06330999990893], [-92.36809999962115, 44.063202999775164], [-92.36827000039878, 44.063039999808986], [-92.3684059999429, 44.06285999991894], [-92.3684899996085, 44.062749999931896], [-92.36849800000441, 44.06273700000206], [-92.36864000029465, 44.06251999970928], [-92.3686799995793, 44.062439999983695], [-92.36873999985376, 44.06228000020826], [-92.3688200002197, 44.06203999973431], [-92.36885700002962, 44.06175600024047], [-92.36886000040268, 44.061739999710234], [-92.36886000040268, 44.0607600001408], [-92.36886000040268, 44.059530000068264], [-92.36887999959583, 44.059070000178224], [-92.36889999968733, 44.05885999972791], [-92.36897000000752, 44.05864999982385], [-92.36899599994679, 44.058598999679454], [-92.36911999979534, 44.05835999974637], [-92.36928999967466, 44.058140000276154], [-92.36946999959972, 44.05794999992912], [-92.36966999961626, 44.05780000007392], [-92.36999000018172, 44.05760999992698], [-92.37024000042697, 44.05749000002976], [-92.37050999986538, 44.057390000252404], [-92.37074000001917, 44.057319999920395], [-92.37118000023523, 44.05724000026968], [-92.37142700010742, 44.05722099984451], [-92.37144999967363, 44.057219999855946], [-92.37214000013496, 44.057219999855946], [-92.37499999974266, 44.05724000026968], [-92.37536999963852, 44.05724000026968], [-92.3762199999334, 44.05725000015125], [-92.37704599993883, 44.05725400010339], [-92.37795999980781, 44.057260000031135], [-92.37867000036061, 44.057260000031135], [-92.37891999970755, 44.057260000031135], [-92.3794999996657, 44.057260000031135], [-92.3812400004384, 44.057260000031135], [-92.38182000039654, 44.057260000031135], [-92.38211099975138, 44.057261000019025], [-92.38298600016061, 44.05726599995823], [-92.38327800023866, 44.057267999933785], [-92.38373000015027, 44.05726999990928], [-92.38537999961301, 44.057290000306125], [-92.38708500022562, 44.05729600023023], [-92.38804000010249, 44.057300000179254], [-92.38900000000223, 44.057290000306125], [-92.38940000003531, 44.057290000306125], [-92.39059000008882, 44.05731000005069], [-92.3912300003214, 44.05731000005069], [-92.39153999994281, 44.057279999785784], [-92.39200000025035, 44.05719000019102], [-92.39234000000897, 44.057079999998436], [-92.39269999985908, 44.05692999987605], [-92.39311999998365, 44.05664999974982], [-92.39327999981722, 44.056509999835825], [-92.39347999983376, 44.05627999990406], [-92.39363999966733, 44.056020000112454], [-92.39365999975882, 44.05598999983957], [-92.39373000007902, 44.05585000030188], [-92.39381000044494, 44.055549999901295], [-92.39381999959238, 44.05512000016289], [-92.39381000044494, 44.054810000291255], [-92.39380000039921, 44.05429999994954], [-92.39381999959238, 44.05387999997799], [-92.39384999972961, 44.05349999974273], [-92.3939600002328, 44.053230000098644], [-92.39423999971696, 44.05283000025219], [-92.39440000044884, 44.05266000032254], [-92.39462999970429, 44.05246999982366], [-92.39501999969163, 44.05224999977573], [-92.39511799960093, 44.052206999870435], [-92.3952499998454, 44.052150000188064], [-92.39550000009066, 44.05205999989833], [-92.3958399998493, 44.05197000011743], [-92.39884000009741, 44.05144000006835], [-92.39907799974877, 44.05139399995974], [-92.39979199960122, 44.05125600006532], [-92.40003000015089, 44.05120999981381], [-92.4002200001217, 44.05117000007136], [-92.40024500023605, 44.05116500026304], [-92.40089299996626, 44.051047999850724], [-92.40110999970125, 44.05101000018579], [-92.4017900001168, 44.05088999982654], [-92.40265200010725, 44.05072999983019], [-92.4033390001955, 44.05060400023905], [-92.4033600001119, 44.05059999983772], [-92.40443999966224, 44.050409999832056], [-92.40575000026465, 44.05017000031295], [-92.40603999979457, 44.050120000075516], [-92.40727900025186, 44.04989099997237], [-92.40744999995609, 44.04985999970994], [-92.4077539997297, 44.04980200023756], [-92.40881999993465, 44.049600000139996], [-92.4088800002091, 44.04958800002305], [-92.40899700038497, 44.04956600001748], [-92.40953200013728, 44.04946599977194], [-92.4097100004125, 44.04943299969256], [-92.40979699955281, 44.04941600023148], [-92.40987500026894, 44.04940099971543], [-92.41040599982328, 44.049301999959276], [-92.41057999990055, 44.04926999991137], [-92.41079199961266, 44.04923199975134], [-92.41105000025382, 44.04918699998906], [-92.41143000019544, 44.049121000146705], [-92.41160400027269, 44.049090000126924], [-92.41164299973244, 44.04908299989109], [-92.41168299991541, 44.04907500017399], [-92.41197300034365, 44.049014999678676], [-92.41200000010781, 44.04900999968843], [-92.4124629998901, 44.04892400030716], [-92.41292999987033, 44.048839999769925], [-92.41296699968024, 44.048834000280415], [-92.41322000029857, 44.04879999971821], [-92.41329999976618, 44.04877999968218], [-92.41331300018497, 44.048776999934475], [-92.41335300036795, 44.04877199992415], [-92.41336699971333, 44.04877000030732], [-92.41364000042313, 44.048730000208295], [-92.41386800002876, 44.048690000082296], [-92.41466999974475, 44.048550000074144], [-92.41537000025178, 44.04843399979828], [-92.41545999976516, 44.048419999816396], [-92.41586999984399, 44.0483399997643], [-92.41636299976349, 44.048236000116155], [-92.41673000018461, 44.048159999736285], [-92.41702999976026, 44.048090000115685], [-92.41765999994712, 44.04796000013969], [-92.41784400007013, 44.04793900032046], [-92.41818999967654, 44.047899999806205], [-92.41834600021048, 44.04788500019758], [-92.41853600018126, 44.04786700014569], [-92.4189400004123, 44.04782999987838], [-92.41910799974346, 44.04782999987838], [-92.41930000026241, 44.04782999987838], [-92.41976800006756, 44.047825999935334], [-92.4205100004074, 44.047819999697474], [-92.42117200038132, 44.047828999731244], [-92.42164000018646, 44.04783600011523], [-92.4219399997621, 44.04784000005761], [-92.42313099964052, 44.04782300013932], [-92.42342000024384, 44.047819999697474], [-92.42516000011825, 44.04784000005761], [-92.42527999976885, 44.04782999987838], [-92.42535000008904, 44.04784000005761], [-92.42568999984766, 44.04784000005761], [-92.42664999974741, 44.04778999979023], [-92.42760299997444, 44.04772300017934], [-92.42837000042866, 44.04767000000943], [-92.42883999988362, 44.04762000024423], [-92.42909000012888, 44.04759999980976], [-92.42914000035758, 44.0475900002357], [-92.43017999972494, 44.04748999988235], [-92.43036999969574, 44.04746300026811], [-92.43068000021546, 44.04742000011565], [-92.43095999969962, 44.04734000000432], [-92.4314300000529, 44.04712000027088], [-92.43215099957804, 44.0465239999284], [-92.43217999989035, 44.046499999736994], [-92.43229399969317, 44.04640599986227], [-92.43239999999838, 44.04631999992865], [-92.43263500017501, 44.04611899975456], [-92.43274899997785, 44.04602399974326], [-92.433112000201, 44.04571400004014], [-92.433260000339, 44.04558999983374], [-92.43385000034289, 44.04508000016124], [-92.43419900032234, 44.04478199983956], [-92.43431999979785, 44.04468000015642], [-92.43452999986015, 44.044489999885975], [-92.43455999999738, 44.04446999968616], [-92.43487800001468, 44.04423899992322], [-92.43506299996261, 44.04404499997714], [-92.43533199957612, 44.043768999844325], [-92.43561399960842, 44.04346499999728], [-92.43565299996649, 44.04340599985256], [-92.4358160001731, 44.04322699990766], [-92.4361469997109, 44.04286500005447], [-92.43630999991753, 44.0426850001781], [-92.43646700027637, 44.04251500018731], [-92.43665100039938, 44.0423129997768], [-92.43680200001211, 44.042136000244675], [-92.43723999968003, 44.041579999912905], [-92.43751000001677, 44.04129000018959], [-92.4379910002407, 44.040789999737854], [-92.4380399997462, 44.04073999997721], [-92.43898999960018, 44.03986000012448], [-92.43978999966635, 44.03914999991855], [-92.44010000018605, 44.03885999992483], [-92.44042999989894, 44.03859999985935], [-92.44074999956607, 44.03837000011708], [-92.44133999956996, 44.038018999859354], [-92.44153899976159, 44.03789900030433], [-92.4415899998152, 44.03787000020859], [-92.44214800003203, 44.03755599982184], [-92.44235100042164, 44.03744199997305], [-92.44318999994753, 44.03697000020263], [-92.44388000040887, 44.03661999973758], [-92.444200000076, 44.03644000026176], [-92.44456999997185, 44.03629000017328], [-92.44498000005066, 44.036190000118644], [-92.44520000015869, 44.036139999705085], [-92.44519900033379, 44.03613099983282], [-92.44545000040395, 44.03608000031565], [-92.44602000031635, 44.03605999985984], [-92.44626999966327, 44.03607000008858], [-92.44652999995428, 44.03607000008858], [-92.44671699955204, 44.03607200013411], [-92.44728099961664, 44.03607800027034], [-92.44746999976252, 44.03608000031565], [-92.44749900007486, 44.03608000031565], [-92.44759000031144, 44.03608000031565], [-92.44762000044868, 44.03608000031565], [-92.44873000013624, 44.036089999895204], [-92.44981999973231, 44.03610000011889], [-92.44999999965738, 44.03610000011889], [-92.4509100002267, 44.03610999969508], [-92.45196999968556, 44.03610999969508], [-92.45208000018872, 44.03610999969508], [-92.4524099999016, 44.03610999969508], [-92.45252000040477, 44.03610999969508], [-92.45276200025411, 44.03611100004008], [-92.45348799980212, 44.03611700017236], [-92.45372999965146, 44.03611999991534], [-92.45395599960726, 44.03611999991534], [-92.4541699998675, 44.03611999991534], [-92.454634000373, 44.036126000046714], [-92.45486000032881, 44.036130000133966], [-92.45502000016239, 44.03613200017752], [-92.45549999966309, 44.036138000307666], [-92.45566000039497, 44.036139999705085], [-92.45582799972615, 44.036139999705085], [-92.45633200041463, 44.036139999705085], [-92.45649999974579, 44.036139999705085], [-92.45676000003681, 44.0361419997483], [-92.45748999978277, 44.03614999992034], [-92.45754000001148, 44.03615100026467], [-92.45756599995073, 44.03615199996317], [-92.45780000030247, 44.0361600001339], [-92.45787599957215, 44.0361600001339], [-92.45810400007609, 44.0361600001339], [-92.45818000024407, 44.0361600001339], [-92.45829999989468, 44.0361600001339], [-92.4583169996131, 44.03616099983225], [-92.45843100031423, 44.03617399978425], [-92.4587600002022, 44.03620999988472], [-92.45916899955779, 44.036332000313834], [-92.45936000025182, 44.03639000005921], [-92.45940999958222, 44.03640999975783], [-92.45977600017844, 44.03655400010093], [-92.46087499999534, 44.03698900002113], [-92.46102999980603, 44.03705000011094], [-92.46123999986831, 44.0371399999594], [-92.46152199990064, 44.03725500006905], [-92.46162999985566, 44.03729999985471], [-92.46181999982646, 44.03741999997699], [-92.46195000042111, 44.03753999985629], [-92.46224999999677, 44.03776000029534], [-92.46227500011112, 44.037768999920196], [-92.46240999983034, 44.03781999992109], [-92.46255999961818, 44.03788000013188], [-92.46271899962682, 44.03750700023661], [-92.46280999986342, 44.0371860001592]]]}}, {"type": "Feature", "properties": {"tract_id": "27109001502", "name": "Tract Census Tract 15.02", "pct_white_2020": 80.0, "pct_black_2020": 2.7, "pct_hispanic_2020": 9.4, "pct_asian_2020": 4.2, "population_2020": 2733, "is_sample_data": false, "pct_white_1970": 97.0, "pct_black_1970": 2.8, "pct_hispanic_1970": 7.4, "pct_asian_1970": 0.8, "pct_white_1990": 93.6, "pct_black_1990": 1.5, "pct_hispanic_1990": 8.9, "pct_asian_1990": 0.9}, "geometry": {"type": "Polygon", "coordinates": [[[-92.48932999990082, 44.04664800011668], [-92.48944999955143, 44.04676999971531], [-92.4888360001564, 44.04593500000912], [-92.48850700026843, 44.045450000246944], [-92.48826899971874, 44.04501499981152], [-92.48803100006738, 44.044580000056094], [-92.48787500043176, 44.044120000261266], [-92.48770700020226, 44.043498000173], [-92.48767100021726, 44.04340800029624], [-92.48764000025511, 44.04332999973279], [-92.4874760002236, 44.04332499990845], [-92.48728999955243, 44.04332000008364], [-92.486984000129, 44.04332000008364], [-92.48682000009747, 44.04332000008364], [-92.48634100042167, 44.04335699993945], [-92.4860750002829, 44.04341000009408], [-92.48602199968113, 44.043437999839846], [-92.48591600027423, 44.04349699995271], [-92.48576200028845, 44.04363700028079], [-92.48574300002188, 44.04365599989851], [-92.48567000022693, 44.04377000006003], [-92.48561999999822, 44.04371000000237], [-92.48552000043911, 44.043539999724295], [-92.48548000025613, 44.04341000009408], [-92.48417899987456, 44.04341000009408], [-92.48112900029604, 44.04341000009408], [-92.47937799965266, 44.04339000017532], [-92.47823899965277, 44.043376000292746], [-92.47800199982632, 44.04337300027133], [-92.47650499962616, 44.04335500013982], [-92.4762419998604, 44.04335999996167], [-92.47347000011625, 44.04335999996167], [-92.47184999989243, 44.043340000026035], [-92.47176700005176, 44.043338999803076], [-92.47177100024972, 44.04329899991086], [-92.47000000041317, 44.04332000008364], [-92.47000000041317, 44.04351500004107], [-92.47000000041317, 44.04356999984679], [-92.46995000018445, 44.043679999950776], [-92.46979000035087, 44.043830000056865], [-92.4696449996876, 44.04395899984439], [-92.46949999992265, 44.04408999977158], [-92.46941000040928, 44.04416999975228], [-92.46938000027207, 44.04419000005338], [-92.46929099968528, 44.044274000082176], [-92.46883999959857, 44.04470999970166], [-92.46869400000871, 44.04485999978255], [-92.46849999983995, 44.04506000016056], [-92.46895000010174, 44.045350000154976], [-92.46898500026184, 44.04537499970954], [-92.46916000016402, 44.045499999906724], [-92.46929999990611, 44.04561000030119], [-92.46996000023019, 44.046170000316245], [-92.47026999985158, 44.046450000275584], [-92.47030900020965, 44.0464950001802], [-92.47034000017177, 44.04653000029758], [-92.47067999993041, 44.046939999763836], [-92.47080899980183, 44.047087999689815], [-92.47119899978918, 44.04753199983178], [-92.47133000020875, 44.04768000021567], [-92.4713899995849, 44.04775000032075], [-92.47154899959355, 44.04791200026515], [-92.47192000021263, 44.04828999991899], [-92.47216000041215, 44.04849999976042], [-92.47224499990264, 44.04857199981142], [-92.47249000012502, 44.04877999968218], [-92.47262999986712, 44.048899999796895], [-92.47298999971723, 44.049169999811696], [-92.47309500019752, 44.04922799990296], [-92.47326000005395, 44.049320000220696], [-92.47334500044278, 44.04936499988193], [-92.47357999972111, 44.04949000005286], [-92.47360200036071, 44.04949899983287], [-92.47369199987409, 44.04953799993991], [-92.47378200028577, 44.04957599990365], [-92.47397999975418, 44.04966000004275], [-92.47405500009725, 44.04968200001336], [-92.4741499996335, 44.049710000022856], [-92.47434999965004, 44.04975999996074], [-92.4747200004442, 44.04984000003188], [-92.47497900001197, 44.04987600022234], [-92.47508000029433, 44.04988999986003], [-92.47518999989916, 44.04988999986003], [-92.47542699972563, 44.04989400030936], [-92.47614099957808, 44.04990900005484], [-92.47615999984465, 44.04991000016687], [-92.47637999995267, 44.04991000016687], [-92.47694300019238, 44.04991600019305], [-92.4786350003862, 44.04993699995702], [-92.47883000037987, 44.04994000029168], [-92.47920000027572, 44.04994000029168], [-92.47946600041452, 44.04994500020335], [-92.48026399993255, 44.04996300026941], [-92.48053000007133, 44.049969999755575], [-92.48050199958394, 44.050671999918464], [-92.48047999984261, 44.05125999977668], [-92.48045999975113, 44.052349999840125], [-92.48050999997984, 44.05276999968713], [-92.48055000016281, 44.052949999908755], [-92.4806899999049, 44.053350000235895], [-92.48074000013361, 44.05343999985648], [-92.48083999969272, 44.053350000235895], [-92.48098199998294, 44.05326800027602], [-92.48109999998373, 44.0531999997035], [-92.481310000046, 44.05313000022892], [-92.48183599957747, 44.0530160000036], [-92.48212799965552, 44.05295400015135], [-92.48244599967283, 44.05291000005028], [-92.48340100044801, 44.05278099974148], [-92.48349000013647, 44.052759999694636], [-92.48371199989433, 44.05269800022007], [-92.48422200043058, 44.05255399973203], [-92.48575399989252, 44.05212200004087], [-92.48593999966536, 44.052070000009024], [-92.48626000023081, 44.051959999989904], [-92.4864769999658, 44.05188499994771], [-92.48681000005172, 44.051769999827776], [-92.48712999971886, 44.05166799991065], [-92.4873499998269, 44.05160000008349], [-92.48762199981346, 44.05150200021429], [-92.48773999981424, 44.051459999851765], [-92.48833999986385, 44.05130000010399], [-92.48846100023768, 44.05128000026654], [-92.48859000010911, 44.05125999977668], [-92.48874999994267, 44.05125999977668], [-92.48874999994267, 44.05107499976774], [-92.48874999994267, 44.05088000016225], [-92.48874300026999, 44.05052299980694], [-92.48873999989694, 44.050340000288], [-92.48873599969897, 44.04998099968433], [-92.4887299998512, 44.049320000220696], [-92.48873999989694, 44.04890700005431], [-92.48874999994267, 44.048550000074144], [-92.48875300031573, 44.048428000267634], [-92.48875999998843, 44.04817999998161], [-92.48875999998843, 44.04806199998603], [-92.48875999998843, 44.04793999982007], [-92.48875999998843, 44.04766600005557], [-92.48875999998843, 44.047129999924294], [-92.4887800000799, 44.04699000010303], [-92.48884000035436, 44.04689000002808], [-92.48885899972262, 44.046875999681305], [-92.4889700000507, 44.04680000013916], [-92.4890899997013, 44.04673000020273], [-92.48932999990082, 44.04664800011668]]]}}, {"type": "Feature", "properties": {"tract_id": "27109001503", "name": "Tract Census Tract 15.03", "pct_white_2020": 82.9, "pct_black_2020": 0.4, "pct_hispanic_2020": 11.0, "pct_asian_2020": 1.5, "population_2020": 2540, "is_sample_data": false, "pct_white_1970": 97.1, "pct_black_1970": 3.2, "pct_hispanic_1970": 4.3, "pct_asian_1970": 0, "pct_white_1990": 95, "pct_black_1990": 1.9, "pct_hispanic_1990": 5.8, "pct_asian_1990": 2.3}, "geometry": {"type": "Polygon", "coordinates": [[[-92.48074000013361, 44.05343999985648], [-92.4806899999049, 44.053350000235895], [-92.48055000016281, 44.052949999908755], [-92.48050999997984, 44.05276999968713], [-92.48045999975113, 44.052349999840125], [-92.48047999984261, 44.05125999977668], [-92.48050199958394, 44.050671999918464], [-92.48053000007133, 44.049969999755575], [-92.48026399993255, 44.04996300026941], [-92.47946600041452, 44.04994500020335], [-92.47920000027572, 44.04994000029168], [-92.47883000037987, 44.04994000029168], [-92.4786350003862, 44.04993699995702], [-92.47694300019238, 44.04991600019305], [-92.47637999995267, 44.04991000016687], [-92.47615999984465, 44.04991000016687], [-92.47614099957808, 44.04990900005484], [-92.47542699972563, 44.04989400030936], [-92.47518999989916, 44.04988999986003], [-92.47508000029433, 44.04988999986003], [-92.47497900001197, 44.04987600022234], [-92.4747200004442, 44.04984000003188], [-92.47434999965004, 44.04975999996074], [-92.4741499996335, 44.049710000022856], [-92.47405500009725, 44.04968200001336], [-92.47397999975418, 44.04966000004275], [-92.47378200028577, 44.04957599990365], [-92.47369199987409, 44.04953799993991], [-92.47360200036071, 44.04949899983287], [-92.47357999972111, 44.04949000005286], [-92.47334500044278, 44.04936499988193], [-92.47326000005395, 44.049320000220696], [-92.47309500019752, 44.04922799990296], [-92.47298999971723, 44.049169999811696], [-92.47262999986712, 44.048899999796895], [-92.47249000012502, 44.04877999968218], [-92.47224499990264, 44.04857199981142], [-92.47216000041215, 44.04849999976042], [-92.47192000021263, 44.04828999991899], [-92.47154899959355, 44.04791200026515], [-92.4713899995849, 44.04775000032075], [-92.47133000020875, 44.04768000021567], [-92.47119899978918, 44.04753199983178], [-92.47080899980183, 44.047087999689815], [-92.47067999993041, 44.046939999763836], [-92.47034000017177, 44.04653000029758], [-92.47030900020965, 44.0464950001802], [-92.47026999985158, 44.046450000275584], [-92.46996000023019, 44.046170000316245], [-92.46929999990611, 44.04561000030119], [-92.46916000016402, 44.045499999906724], [-92.46898500026184, 44.04537499970954], [-92.46895000010174, 44.045350000154976], [-92.46849999983995, 44.04506000016056], [-92.4684200003723, 44.0450100001294], [-92.46832499993775, 44.04495800031042], [-92.46798000015626, 44.04477000003788], [-92.46779600003325, 44.044667000133586], [-92.4676799996823, 44.044603000178064], [-92.46761799975802, 44.04456599980902], [-92.46758599997098, 44.04454999979936], [-92.46756099985662, 44.04453699974794], [-92.46658000004048, 44.04398999996668], [-92.46592999976214, 44.04361000020175], [-92.4652569999176, 44.04321700024112], [-92.46512899987107, 44.04314200010519], [-92.46500199964946, 44.04306800010187], [-92.46471899979224, 44.04370099998849], [-92.46460499998942, 44.044473000297685], [-92.46439999995, 44.04534799977692], [-92.46376499974029, 44.046530999820966], [-92.46338399997377, 44.04712199994342], [-92.46315100034526, 44.047262000098385], [-92.46272000035006, 44.04747900013667], [-92.46253000037925, 44.04762999981323], [-92.4624140000283, 44.04772300017934], [-92.46225099982168, 44.047928000012426], [-92.46214200004174, 44.048146999831424], [-92.46210299968368, 44.04855899999699], [-92.4623649996245, 44.04923000015], [-92.46257700023493, 44.049488999933736], [-92.46280700038868, 44.0497479998762], [-92.46285800044231, 44.05003100003911], [-92.46285400024435, 44.05039199990184], [-92.46271000030431, 44.05055900022785], [-92.46236999964738, 44.050609000094674], [-92.46206500004885, 44.050735999773316], [-92.46197499963716, 44.050876999875264], [-92.46193600017742, 44.05113500011318], [-92.46204099975938, 44.051392999872775], [-92.46232500033985, 44.05160100016696], [-92.46268199981691, 44.051666999828306], [-92.46307400035238, 44.0518230002027], [-92.46317700028455, 44.05227500029187], [-92.46304800041312, 44.05273800022173], [-92.46308100002508, 44.05303399978194], [-92.46334600033896, 44.053331999908025], [-92.46387900044142, 44.05368199977907], [-92.46434100039878, 44.053929000225004], [-92.46508799986317, 44.05412999972042], [-92.46513399989392, 44.05412899967961], [-92.46522099993258, 44.05412899967961], [-92.46533999975826, 44.05408899997186], [-92.46559000000352, 44.05410299990493], [-92.46580300043884, 44.0542329999555], [-92.46654499988038, 44.05521499978826], [-92.46666700007911, 44.05553799969871], [-92.46669999969109, 44.05579600029029], [-92.46657199964456, 44.0561689999514], [-92.4662650003962, 44.056566999840776], [-92.46609999964146, 44.05679099997423], [-92.46606600020458, 44.05683699976421], [-92.46611700025821, 44.05708199998028], [-92.46618599985517, 44.05734000030036], [-92.46632599959726, 44.057713999899484], [-92.4663490000618, 44.05782700014042], [-92.46637699965089, 44.05795899971465], [-92.46637500000107, 44.05819100017039], [-92.46631999974947, 44.05833199995312], [-92.46608600029607, 44.058602000220795], [-92.46588700010443, 44.058806999840826], [-92.46577599977634, 44.059295999787686], [-92.46577400012653, 44.05947700013537], [-92.46596800029529, 44.05974800029207], [-92.46628700013753, 44.06011000025273], [-92.46655099972816, 44.06053700010742], [-92.46659500010908, 44.060634999872384], [-92.466708000087, 44.06088500014536], [-92.4666520000105, 44.06119399992255], [-92.46648899980387, 44.06140000016912], [-92.46630100038122, 44.061547000195155], [-92.46632200029762, 44.06164600013871], [-92.46882999955282, 44.06167999978123], [-92.46947999983117, 44.06167999978123], [-92.4701300001095, 44.06167000000229], [-92.47057000032555, 44.06167000000229], [-92.47147999999659, 44.06164000000991], [-92.47275999956345, 44.06157999997955], [-92.47385000005784, 44.06156200021678], [-92.47398999979991, 44.06155999974072], [-92.47406000012013, 44.06155999974072], [-92.47407000016587, 44.06148000000898], [-92.47407000016587, 44.06143000028311], [-92.47407000016587, 44.06100999988596], [-92.47406299959485, 44.06098699967979], [-92.47399999984567, 44.060750000206525], [-92.47389000024081, 44.060559999842866], [-92.47381999992061, 44.060440000114454], [-92.47356999967535, 44.06017999986848], [-92.47341999988753, 44.06006000001543], [-92.47326799955157, 44.0599739998958], [-92.47316999964228, 44.059919999771836], [-92.47287000006662, 44.05977999984275], [-92.47289000015812, 44.05974000007888], [-92.47299399991519, 44.05960999985274], [-92.47314000040335, 44.05942999986289], [-92.47335999961308, 44.0592900000663], [-92.47347599996402, 44.05920899989449], [-92.4736500000413, 44.05908999996709], [-92.47408799970923, 44.05878699995639], [-92.474650000124, 44.05839999979702], [-92.47529000035661, 44.05792999975516], [-92.4753670003495, 44.057833000010106], [-92.4754100000072, 44.05777999984932], [-92.47550000041889, 44.05757999981407], [-92.47554999974929, 44.05734000030036], [-92.47562099989439, 44.05699000009968], [-92.47567000029821, 44.05675000013136], [-92.47573999972008, 44.056449999771345], [-92.47598499994245, 44.05599399987682], [-92.47602000010257, 44.0559299998938], [-92.4761769995631, 44.055694000205804], [-92.47625100008125, 44.05558199978405], [-92.47644000022713, 44.05529999969769], [-92.4764519999227, 44.05523999969832], [-92.4764800004101, 44.05510999992166], [-92.47673999980279, 44.055090000079645], [-92.47684100008512, 44.05505899995614], [-92.47704000027676, 44.054999999738676], [-92.47788999967331, 44.0547230002627], [-92.478240000376, 44.05460999990857], [-92.47834999998085, 44.0545699998801], [-92.47840400040754, 44.05456599974666], [-92.4785299999059, 44.05456000019155], [-92.47868999973949, 44.05458000021252], [-92.47885999961879, 44.054660000228985], [-92.47889399995398, 44.05467800015321], [-92.47901000030494, 44.05474000013732], [-92.4790499995896, 44.05474000013732], [-92.47920699994845, 44.05463400004182], [-92.47967999977644, 44.05432000005837], [-92.47982999956427, 44.05419999994981], [-92.48001200003746, 44.05404800019495], [-92.48055799966042, 44.053591999880695], [-92.48074000013361, 44.05343999985648]]]}}, {"type": "Feature", "properties": {"tract_id": "27109001404", "name": "Tract Census Tract 14.04", "pct_white_2020": 82.8, "pct_black_2020": 0.0, "pct_hispanic_2020": 5.4, "pct_asian_2020": 9.4, "population_2020": 6473, "is_sample_data": false, "pct_white_1970": 98, "pct_black_1970": 23.9, "pct_hispanic_1970": 2.0, "pct_asian_1970": 0, "pct_white_1990": 90.7, "pct_black_1990": 25.8, "pct_hispanic_1990": 4.9, "pct_asian_1990": 2.9}, "geometry": {"type": "Polygon", "coordinates": [[[-92.55833000021761, 44.10339000020463], [-92.55832699984455, 44.10299499994629], [-92.5583100001261, 44.09988000025017], [-92.5583100001261, 44.09967999990111], [-92.55830000008037, 44.09730999970541], [-92.55830000008037, 44.096173000253515], [-92.55830000008037, 44.09578999995045], [-92.5583100001261, 44.094769999701946], [-92.5583100001261, 44.09428999998678], [-92.5583169997988, 44.09409400012796], [-92.55831500014898, 44.09390000029299], [-92.5583159999739, 44.09379500001042], [-92.55830000008037, 44.093465000305], [-92.55830000008037, 44.09244499995499], [-92.55830000008037, 44.09216099989674], [-92.55830000008037, 44.091727000072076], [-92.55830000008037, 44.09149400002674], [-92.55830000008037, 44.09053900000773], [-92.55830000008037, 44.09026000020815], [-92.55827999998888, 44.088230000218395], [-92.55829000003463, 44.087080000011234], [-92.55829099985954, 44.08697700014225], [-92.55830000008037, 44.08643000007558], [-92.55830000008037, 44.08579000031771], [-92.55829699970732, 44.084950000249925], [-92.55828900020971, 44.08306599993596], [-92.55829199968446, 44.081989000289035], [-92.55829400023259, 44.08123399991223], [-92.55829500005751, 44.08094299988777], [-92.55829800043055, 44.079956999885965], [-92.55830000008037, 44.079593000105774], [-92.55830000008037, 44.07949099971964], [-92.55830000008037, 44.07945899985327], [-92.55830000008037, 44.07944399984946], [-92.55827999998888, 44.07944500010797], [-92.55822999976016, 44.07944899985117], [-92.55780499961274, 44.07944399984946], [-92.55712500009548, 44.07943599971677], [-92.55632300037948, 44.07942599971078], [-92.55628499984635, 44.07942599971078], [-92.55582999956167, 44.079420000093556], [-92.55547999975731, 44.07941399983042], [-92.5544999997661, 44.07940000007447], [-92.55443199999404, 44.0793989998152], [-92.55408300001457, 44.079398000201245], [-92.5534019997741, 44.07939399980926], [-92.55229999958414, 44.079390000062396], [-92.55135999977588, 44.079390000062396], [-92.5509100004124, 44.079390000062396], [-92.55068000025864, 44.079390000062396], [-92.55017999976813, 44.079390000062396], [-92.54868000009323, 44.079390000062396], [-92.54825199957274, 44.079390000062396], [-92.54817999960274, 44.079390000062396], [-92.54773299971397, 44.07938399979617], [-92.54657000032296, 44.079370000033116], [-92.54639500042077, 44.07936699989908], [-92.54595000018185, 44.07936000001598], [-92.54540200001077, 44.0793580001414], [-92.54375800039581, 44.07935199987194], [-92.54321000022473, 44.0793499999971], [-92.54266399970348, 44.0793499999971], [-92.54242000020432, 44.0793499999971], [-92.54105000022575, 44.07933999997656], [-92.54102900030935, 44.079338999716285], [-92.54048500033622, 44.07933399970528], [-92.54015100042538, 44.07932999995434], [-92.5391520001676, 44.07931999993039], [-92.53907000015184, 44.07931999993039], [-92.53881999990658, 44.07932999995434], [-92.5385689998364, 44.07933300009023], [-92.53781999982385, 44.079344999987065], [-92.53756999957861, 44.0793499999971], [-92.5369419999399, 44.079353999746715], [-92.53627999996598, 44.07936000001598], [-92.53560000044875, 44.07936000001598], [-92.53505700030053, 44.07936399976487], [-92.53442999958841, 44.079370000033116], [-92.53439500032664, 44.079370000033116], [-92.53428999984632, 44.079370000033116], [-92.53425499968623, 44.079370000033116], [-92.53331999990084, 44.079370000033116], [-92.53318099998367, 44.07937100029289], [-92.52996200035078, 44.079416999962085], [-92.52976999983183, 44.079420000093556], [-92.52919999991943, 44.079420000093556], [-92.52889000029803, 44.07943000010061], [-92.52789000021532, 44.079440000105926], [-92.52780200035177, 44.07944099971916], [-92.52726000002848, 44.079450000109546], [-92.52637999959637, 44.07946000011153], [-92.52554000024554, 44.07946000011153], [-92.52548300034414, 44.07946099972443], [-92.52453799961471, 44.07946899985369], [-92.52427400002406, 44.079470999724506], [-92.52417500028986, 44.079471999982566], [-92.52344999966844, 44.07948000011033], [-92.52325899987275, 44.07948000011033], [-92.52323999960618, 44.07948000011033], [-92.52268700031053, 44.07948800023706], [-92.52249700033973, 44.07949199997735], [-92.52238699983656, 44.079493000235004], [-92.52205899977349, 44.079498000232576], [-92.52194999999354, 44.07950000010242], [-92.52164500039504, 44.07948800023706], [-92.5211299998359, 44.079470000111776], [-92.52094999991085, 44.079450000109546], [-92.52079000007727, 44.079410000084856], [-92.52073900002365, 44.079393000195225], [-92.52045000031865, 44.079299999877506], [-92.5202849995639, 44.07922400000197], [-92.52021000011914, 44.079190000110955], [-92.51992999973666, 44.078990000128805], [-92.51986000031478, 44.078920000168964], [-92.51984600007106, 44.07890800018598], [-92.51970999962863, 44.078790000116015], [-92.51933999973278, 44.078920000168964], [-92.5191649998306, 44.07897800016002], [-92.5188900003693, 44.07907000007373], [-92.5184400001075, 44.07920000015683], [-92.51773999960045, 44.0793499999971], [-92.5174900002535, 44.07938100030817], [-92.51710000026617, 44.07943000010061], [-92.51691799979298, 44.07943899984732], [-92.51646599988135, 44.079461999982655], [-92.51633000033722, 44.079470000111776], [-92.51574500035622, 44.07948399985116], [-92.51511099997141, 44.07949899984483], [-92.51465999988471, 44.0795100000959], [-92.51460100033347, 44.0795100000959], [-92.51442499970805, 44.0795130002227], [-92.51436699998176, 44.0795139998347], [-92.51371500005358, 44.07952300021398], [-92.51265999971929, 44.07954000006626], [-92.51187999974461, 44.07954000006626], [-92.51176099991893, 44.079543000191535], [-92.51110999981567, 44.079560000038065], [-92.51077099988197, 44.07956699989751], [-92.51045899971243, 44.079575000012476], [-92.50975699955556, 44.07959100023913], [-92.50951600042946, 44.07959699983896], [-92.50915700040426, 44.07959999996135], [-92.50900000004542, 44.07959999996135], [-92.50836999985857, 44.07960999993793], [-92.50810999956757, 44.07960999993793], [-92.50816999984201, 44.07973000017063], [-92.50845699989719, 44.0802560002657], [-92.50935999989552, 44.0819099999907], [-92.50950700020861, 44.08219000002521], [-92.50956999995782, 44.08231000018747], [-92.50978000002009, 44.082870000307395], [-92.50979300043888, 44.08290800017421], [-92.50983299972354, 44.083022000273424], [-92.50984699996724, 44.08306100023992], [-92.51004000031108, 44.08361000021721], [-92.51016699963436, 44.08408899996485], [-92.51017000000743, 44.084100000007794], [-92.51035999997822, 44.08498999975545], [-92.51046000043566, 44.08600000008408], [-92.51064200001053, 44.08728499973035], [-92.51079400034651, 44.088353000066604], [-92.51082100011068, 44.08854499982204], [-92.51090200030153, 44.089120999865386], [-92.51092999989062, 44.08931399980032], [-92.51096000002786, 44.08952800031243], [-92.51105100026444, 44.09016999978395], [-92.51108200022658, 44.090383999779746], [-92.51108899989927, 44.090435999710024], [-92.51111200036382, 44.09059500008182], [-92.5111199998614, 44.090647999895644], [-92.51118799963348, 44.09113000025929], [-92.51139299967289, 44.0925759997176], [-92.51146200016818, 44.09305799985275], [-92.5114760004119, 44.09316000007379], [-92.5115199998945, 44.093468999745504], [-92.51153499996312, 44.09357199992245], [-92.51154599983377, 44.09364900009416], [-92.51157900034406, 44.09388200003656], [-92.5115900002147, 44.09395999981771], [-92.51161000030619, 44.0940900000846], [-92.51185100033061, 44.09576099981637], [-92.51231199956474, 44.098962000125184], [-92.5124699997485, 44.100050000047204], [-92.5126460003739, 44.10077799978166], [-92.51268999985653, 44.10096000024993], [-92.51272800038967, 44.101099000286915], [-92.51274199973506, 44.101150999826935], [-92.5127790004433, 44.10128499996907], [-92.51286800013175, 44.10160700018577], [-92.51301999956941, 44.10215999976121], [-92.51322999963169, 44.10290000024168], [-92.51330900017271, 44.103122000127804], [-92.51345399993768, 44.10352699998644], [-92.51347999987694, 44.10360000005133], [-92.51354400034937, 44.1037910001303], [-92.51362100034225, 44.10401500022699], [-92.51390099982643, 44.10483700030147], [-92.51425999985163, 44.105889999995426], [-92.51461999970174, 44.10703000031492], [-92.5147159999612, 44.10731199969419], [-92.51478000043363, 44.107500000037945], [-92.51500999968907, 44.108129999980356], [-92.51502700030582, 44.10817899982347], [-92.51543800020956, 44.10818799971126], [-92.51560700026397, 44.10818300020379], [-92.51607500006912, 44.10818399997626], [-92.51617200015347, 44.10818600016631], [-92.51649299964552, 44.10818900012868], [-92.51734600031347, 44.10813599991069], [-92.51792999957124, 44.10814000029391], [-92.51851999957512, 44.10814999996074], [-92.51967000034396, 44.10818000024105], [-92.52210099960628, 44.10820199974894], [-92.52290999989329, 44.10820999986115], [-92.52370999995946, 44.108220000161175], [-92.52485999982999, 44.10822999981443], [-92.52763300029739, 44.10822999981443], [-92.52863000000704, 44.10822999981443], [-92.53103000020553, 44.10824000011106], [-92.53160400031588, 44.10824500025874], [-92.53431999998357, 44.10826999970072], [-92.53461700008448, 44.10826999970072], [-92.53474000010812, 44.10826999970072], [-92.53722999982, 44.10827999999053], [-92.53878999976935, 44.1082900002787], [-92.53957999978978, 44.10829999992017], [-92.54258000003789, 44.10831000020491], [-92.54269700021375, 44.10831000020491], [-92.54540000036096, 44.10833000012435], [-92.54619000038136, 44.10833999975903], [-92.54818999964847, 44.10835000003701], [-92.55091999955984, 44.10835000003701], [-92.55404000035688, 44.10833000012435], [-92.55442100012337, 44.10833000012435], [-92.55647999984002, 44.10833000012435], [-92.55833000021761, 44.10833999975903], [-92.55833000021761, 44.10772500005105], [-92.55833000021761, 44.107389999820164], [-92.55833000021761, 44.106730000019944], [-92.55832400036982, 44.10588300002567], [-92.55832000017186, 44.10527000019938], [-92.55833000021761, 44.10339000020463]]]}}, {"type": "Feature", "properties": {"tract_id": "27109001902", "name": "Tract Census Tract 19.02", "pct_white_2020": 92.9, "pct_black_2020": 0.6, "pct_hispanic_2020": 4.4, "pct_asian_2020": 0.7, "population_2020": 4469, "is_sample_data": false, "pct_white_1970": 98, "pct_black_1970": 1, "pct_hispanic_1970": 1, "pct_asian_1970": 0, "pct_white_1990": 95, "pct_black_1990": 1, "pct_hispanic_1990": 4.9, "pct_asian_1990": 1.6}, "geometry": {"type": "Polygon", "coordinates": [[[-92.60160999966483, 44.19510700010157], [-92.60171099994717, 44.195107999690784], [-92.601536000045, 44.195028000294776], [-92.60101399981319, 44.19478899976154], [-92.6008399997359, 44.19471000017252], [-92.60067999990234, 44.19463699999341], [-92.60020000040163, 44.19441800020169], [-92.60003999966973, 44.194345999907085], [-92.5996299995909, 44.19416000018807], [-92.59766200011087, 44.19329099991384], [-92.5949680001845, 44.19210100012791], [-92.59483000009224, 44.192040000142576], [-92.59296999966892, 44.19121000026638], [-92.590560000323, 44.19014999987249], [-92.59052699981271, 44.190135000261826], [-92.58909999993276, 44.189489999865216], [-92.5881600001245, 44.18905999997365], [-92.58829999986658, 44.188830000196944], [-92.58830999991234, 44.1888099998379], [-92.5883500000953, 44.188639999732466], [-92.5883500000953, 44.18821999971919], [-92.58840000032401, 44.18709099997997], [-92.58838100005744, 44.18586399972252], [-92.58838299970726, 44.185761000025686], [-92.58838299970726, 44.18574000016549], [-92.58838100005744, 44.18560999991342], [-92.58838000023252, 44.18552199991705], [-92.58837299966153, 44.18510000007066], [-92.58836500016392, 44.18459999993284], [-92.58835500011817, 44.184365000000646], [-92.58835299957003, 44.18432500011078], [-92.58835199974513, 44.18428999970172], [-92.58834900027038, 44.18420900001896], [-92.58834800044549, 44.18418600005695], [-92.58834699972225, 44.184160000117075], [-92.58834400024752, 44.18414099988127], [-92.58833500002669, 44.18351100025645], [-92.58830300023963, 44.18277100006423], [-92.58827800012527, 44.18203399967942], [-92.58804100029883, 44.1806569997308], [-92.58803999957559, 44.17972999978327], [-92.58794000001647, 44.17921000009023], [-92.58790200038165, 44.1789630002884], [-92.58785999965053, 44.178690000320834], [-92.58778100000782, 44.1782250000996], [-92.58773999999994, 44.177979999796456], [-92.58767999972548, 44.177679999682326], [-92.58765899980908, 44.177581000050566], [-92.58763000039508, 44.17743999978056], [-92.58758000016637, 44.17709000026662], [-92.58755000002914, 44.17693999974693], [-92.58747999970895, 44.176509999793204], [-92.58745499959458, 44.176378999897345], [-92.58738000014984, 44.17598000027058], [-92.58732999992111, 44.175730000070075], [-92.58728399989036, 44.17547100015427], [-92.58722000031625, 44.175100000121354], [-92.5871099998131, 44.174600000218916], [-92.58697000007099, 44.17411000004147], [-92.58696000002526, 44.17405000006867], [-92.58692499986516, 44.1739650000564], [-92.58679000014594, 44.17364000001664], [-92.58673999991723, 44.17357000002145], [-92.58667999964277, 44.17351999969791], [-92.5867299998715, 44.173420000212175], [-92.5867299998715, 44.17290999993984], [-92.58679000014594, 44.171900000167874], [-92.58679099997086, 44.171891000321786], [-92.58685999956784, 44.17088999985139], [-92.58686999961357, 44.17045000016751], [-92.58692999988801, 44.169939999985004], [-92.58700000020823, 44.16968999995254], [-92.5870400003912, 44.169520000124166], [-92.58728999973815, 44.16881000001693], [-92.58744000042428, 44.16855999970533], [-92.58780500029725, 44.16792600028284], [-92.58803999957559, 44.16751999976877], [-92.5881600001245, 44.16727999975679], [-92.58824999963787, 44.16704000005707], [-92.5883500000953, 44.166749999761464], [-92.58843999960868, 44.16631000012321], [-92.58845999970016, 44.16575999998746], [-92.58844999965442, 44.16530000009512], [-92.5884200004155, 44.16467999997198], [-92.58841000036976, 44.164339999944175], [-92.58840000032401, 44.163480000034895], [-92.58836500016392, 44.16221099973364], [-92.5883500000953, 44.16163999998022], [-92.5883500000953, 44.161250000061244], [-92.58833500002669, 44.160261999855855], [-92.58833000000382, 44.15989999991665], [-92.58830599971435, 44.15914399990232], [-92.58829999986658, 44.15893000008958], [-92.58829999986658, 44.15871999968144], [-92.58829999986658, 44.15798000029577], [-92.58827999977511, 44.157069999745396], [-92.58827999977511, 44.156379999718276], [-92.5882510003611, 44.15578999989972], [-92.58824999963787, 44.155769999933554], [-92.5882599996836, 44.155220000141824], [-92.58829999986658, 44.1550999997287], [-92.58834000004956, 44.15503000028804], [-92.58842999956292, 44.15493999987241], [-92.5885400000661, 44.154870000241964], [-92.58861399968595, 44.15483299985131], [-92.58889999991621, 44.15469000007438], [-92.58917000025296, 44.15458000005976], [-92.58945999978286, 44.154460000278696], [-92.58967800024108, 44.15437799994424], [-92.59034000021497, 44.15413000026704], [-92.59092000017311, 44.15386999995424], [-92.59121999974876, 44.15370999998562], [-92.59181999979839, 44.15331000009975], [-92.59207000004365, 44.15310000031507], [-92.59218999969423, 44.15298999991478], [-92.59260599962084, 44.15258300006694], [-92.59312000035506, 44.15205999982039], [-92.59328000018863, 44.15189000010391], [-92.59340999988498, 44.151749999969724], [-92.59415999972242, 44.150970000232654], [-92.59447000024214, 44.150629999831565], [-92.59477999986353, 44.150300000318], [-92.59502599991083, 44.149984999764285], [-92.5951799998966, 44.14978999996019], [-92.5954400001876, 44.149369999731064], [-92.59563000015842, 44.14901000010247], [-92.59595999987128, 44.14838000030331], [-92.59603000019149, 44.14821000030017], [-92.59647000040754, 44.14696000029431], [-92.5966300002411, 44.146580000290186], [-92.59699000009122, 44.145939999978296], [-92.59735999998706, 44.14535000021148], [-92.59767999965422, 44.1448799998703], [-92.59792999989946, 44.14460000017876], [-92.59812999991601, 44.14439999967809], [-92.59828999974958, 44.144289999822966], [-92.59858000017782, 44.14410000023505], [-92.59876400030083, 44.144016000066216], [-92.59878000019434, 44.14400999991146], [-92.59899000025663, 44.14391000003561], [-92.59973000004835, 44.14358999981031], [-92.5999400001106, 44.143470000245564], [-92.60047999988579, 44.14306999993477], [-92.60079999955293, 44.1427900000385], [-92.60055600005377, 44.14267599978321], [-92.59982600030781, 44.142334000275106], [-92.59958299973526, 44.142221000269835], [-92.59929300020534, 44.14208399993917], [-92.59891999993644, 44.14190999982316], [-92.59841399959815, 44.14169500019408], [-92.59811999987026, 44.141570000094795], [-92.5980799996873, 44.14163000022707], [-92.59800000021967, 44.141700000089415], [-92.59782000029462, 44.14182999979778], [-92.5976999997457, 44.14190000006764], [-92.59766999960847, 44.14192000022159], [-92.5973399998956, 44.14207999992004], [-92.596959999954, 44.14221000008092], [-92.59651999973795, 44.142370000282696], [-92.59602000014574, 44.14253999969965], [-92.59565000024989, 44.14265999986548], [-92.59488000032096, 44.14293800007546], [-92.59415999972242, 44.143199999849585], [-92.59282999992683, 44.143659999927216], [-92.591469999994, 44.1441300003124], [-92.5908499998529, 44.144289999822966], [-92.59055000027726, 44.14434999976932], [-92.59052000014002, 44.14434999976932], [-92.59022999971178, 44.144389999699705], [-92.58989999999892, 44.14441000029937], [-92.58937000026948, 44.14443000024762], [-92.58824999963787, 44.144440000219184], [-92.5878000002744, 44.144440000219184], [-92.5872799996924, 44.144440000219184], [-92.58569999965157, 44.14447000012375], [-92.58528999957272, 44.14447000012375], [-92.58475999984331, 44.144480000088585], [-92.58447199996323, 44.144480000088585], [-92.5838800003095, 44.144480000088585], [-92.58295999969444, 44.144480000088585], [-92.58274999963216, 44.144480000088585], [-92.58096999957476, 44.14447000012375], [-92.58092500026726, 44.14447099992694], [-92.58037999957088, 44.14447900028555], [-92.57971000009938, 44.14449000005168], [-92.57874500017678, 44.14449000005168], [-92.57841000044101, 44.14449000005168], [-92.57820000037873, 44.14449000005168], [-92.57817600008929, 44.14449000005168], [-92.57810400011927, 44.14449000005168], [-92.57807999982981, 44.14449000005168], [-92.57726999971791, 44.144480000088585], [-92.57703000041671, 44.144480000088585], [-92.57590499976223, 44.144480000088585], [-92.57586999960213, 44.144480000088585], [-92.57427000036812, 44.144450000189096], [-92.57236999976182, 44.144450000189096], [-92.57193000044408, 44.144440000219184], [-92.57093000036137, 44.14443000024762], [-92.57053000032829, 44.14443000024762], [-92.56938399975739, 44.144420000274316], [-92.56937000041202, 44.144420000274316], [-92.56871000008793, 44.144420000274316], [-92.56817000031278, 44.14441000029937], [-92.56721000041303, 44.14441000029937], [-92.565820000343, 44.144389999699705], [-92.56538799962453, 44.144389999699705], [-92.56525999957803, 44.144389999699705], [-92.56133999961314, 44.144359999754485], [-92.55992199995401, 44.14435400027927], [-92.55868000002197, 44.14434999976932], [-92.55810000006383, 44.14434999976932], [-92.55813000020105, 44.14419999978905], [-92.55813000020105, 44.144120000288325], [-92.5581329996758, 44.14285199988134], [-92.55813600004885, 44.14147400001425], [-92.5581400002468, 44.14022999973349], [-92.55818000042977, 44.137519999765146], [-92.55817000038402, 44.13652000014547], [-92.55818999957721, 44.133540000022855], [-92.55819999962296, 44.13288000020408], [-92.55819999962296, 44.132838000212146], [-92.55819999962296, 44.13076999977405], [-92.55819999962296, 44.13033000006482], [-92.55819999962296, 44.12995999989695], [-92.55820899984377, 44.12852099969787], [-92.55820999966869, 44.128479999903966], [-92.55823999980592, 44.12721000001031], [-92.55823999980592, 44.12573000010637], [-92.55824999985165, 44.124869999824085], [-92.55825300022472, 44.12420800019632], [-92.5582599998974, 44.1227699999695], [-92.55824999985165, 44.12183999969388], [-92.55825499987453, 44.12129800001745], [-92.55827999998888, 44.119120000212234], [-92.5583159999739, 44.117660999726645], [-92.55832000017186, 44.11750000003061], [-92.55832799966946, 44.116885999814926], [-92.55834000026334, 44.11596999992144], [-92.55834000026334, 44.115560000011584], [-92.55834100008826, 44.11541499996027], [-92.55834600011111, 44.113998999767134], [-92.55835000030908, 44.11305000018162], [-92.55835000030908, 44.11247000029492], [-92.55833000021761, 44.1109599999113], [-92.55833000021761, 44.10995000014995], [-92.55833000021761, 44.109754999702545], [-92.55833000021761, 44.10833999975903], [-92.55647999984002, 44.10833000012435], [-92.55442100012337, 44.10833000012435], [-92.55404000035688, 44.10833000012435], [-92.55091999955984, 44.10835000003701], [-92.54818999964847, 44.10835000003701], [-92.54619000038136, 44.10833999975903], [-92.54540000036096, 44.10833000012435], [-92.54269700021375, 44.10831000020491], [-92.54258000003789, 44.10831000020491], [-92.53957999978978, 44.10829999992017], [-92.53878999976935, 44.1082900002787], [-92.53722999982, 44.10827999999053], [-92.53474000010812, 44.10826999970072], [-92.53461700008448, 44.10826999970072], [-92.53431999998357, 44.10826999970072], [-92.53160400031588, 44.10824500025874], [-92.53103000020553, 44.10824000011106], [-92.52863000000704, 44.10822999981443], [-92.52763300029739, 44.10822999981443], [-92.52485999982999, 44.10822999981443], [-92.52370999995946, 44.108220000161175], [-92.52290999989329, 44.10820999986115], [-92.52210099960628, 44.10820199974894], [-92.51967000034396, 44.10818000024105], [-92.51851999957512, 44.10814999996074], [-92.51792999957124, 44.10814000029391], [-92.51734600031347, 44.10813599991069], [-92.51649299964552, 44.10818900012868], [-92.51617200015347, 44.10818600016631], [-92.51607500006912, 44.10818399997626], [-92.51560700026397, 44.10818300020379], [-92.51543800020956, 44.10818799971126], [-92.51502700030582, 44.10817899982347], [-92.51366999984775, 44.10817899982347], [-92.5129350000789, 44.10817400031524], [-92.5094710002236, 44.108169000161546], [-92.50872800005884, 44.108166999970976], [-92.50866199993662, 44.108166999970976], [-92.50735600043046, 44.10813299994562], [-92.50576999964352, 44.10814999996074], [-92.50366800026919, 44.10814000029391], [-92.50364999982753, 44.10814000029391], [-92.50280000043095, 44.108129999980356], [-92.50270900019436, 44.108129999980356], [-92.50116000011565, 44.108129999980356], [-92.50000000019938, 44.10814000029391], [-92.49863799971841, 44.10812300027591], [-92.49829999960963, 44.10812000031019], [-92.49736999984712, 44.108109999993246], [-92.49651999955225, 44.108109999993246], [-92.49604000005154, 44.108109999993246], [-92.4948199998608, 44.108109999993246], [-92.49196500027595, 44.10809800012674], [-92.49107099960014, 44.10809500015974], [-92.48924000038745, 44.10808999999937], [-92.48854999992615, 44.108100000319645], [-92.48772999976849, 44.108109999993246], [-92.4875339999499, 44.10810900021946], [-92.48448600002122, 44.108093999740674], [-92.48347000004499, 44.10808999999937], [-92.48327000002844, 44.10808000032238], [-92.48247400016024, 44.10808000032238], [-92.48191000009561, 44.10808000032238], [-92.4794859996077, 44.108072000192585], [-92.47848999972292, 44.10806999999873], [-92.47822500030739, 44.10806999999873], [-92.47787999962756, 44.10806999999873], [-92.47743399956374, 44.10806999999873], [-92.47716999997311, 44.10806999999873], [-92.47529200000643, 44.10802799978182], [-92.47439499985587, 44.10800900018067], [-92.47304699961863, 44.107978999813575], [-92.46986999981851, 44.108021999840524], [-92.4696580001064, 44.10802400003605], [-92.46778000013973, 44.10804999999132], [-92.46728999969497, 44.10804000030757], [-92.46665000036069, 44.1080299999771], [-92.46595200040176, 44.108021999840524], [-92.46467000028674, 44.10800999995616], [-92.46292399966626, 44.108006999984696], [-92.46046800028957, 44.10800100004127], [-92.45954000017689, 44.10800000026563], [-92.45863999965329, 44.10800000026563], [-92.4563800000952, 44.10800000026563], [-92.45562000021201, 44.10800000026563], [-92.45385000020036, 44.10798999992844], [-92.45342000003005, 44.10798000023454], [-92.4516700001099, 44.10798000023454], [-92.44960100034751, 44.10797500006444], [-92.44742999957955, 44.107969999893974], [-92.44734199971602, 44.1079720000912], [-92.44640899958046, 44.10798999992844], [-92.44592999990466, 44.10799099970424], [-92.44584000039129, 44.10799099970424], [-92.44202099981044, 44.107992000125], [-92.44048500015053, 44.10799299990077], [-92.43936000039434, 44.10799299990077], [-92.43924800024135, 44.10799299990077], [-92.43918999961672, 44.10798999992844], [-92.43892500020117, 44.10798999992844], [-92.43866999993305, 44.10798999992844], [-92.43794500020995, 44.10799400032155], [-92.43744600044266, 44.10799500009727], [-92.4370909997171, 44.10799599987299], [-92.43688099965482, 44.107992000125], [-92.43628599962807, 44.10798199978646], [-92.43585999965573, 44.107981000010504], [-92.43531400003276, 44.10798000023454], [-92.43505799993973, 44.10799099970424], [-92.43473999992243, 44.10800000026563], [-92.43412399997926, 44.108030999752216], [-92.43361000014336, 44.10806700003026], [-92.4333230000882, 44.10808999999937], [-92.43298199960634, 44.10812199985732], [-92.43228799984537, 44.10817899982347], [-92.43205000019401, 44.10817500008792], [-92.43195599958437, 44.108169000161546], [-92.43186000022322, 44.108161999816694], [-92.43168500032102, 44.10814000029391], [-92.4316330004425, 44.10812600024149], [-92.43158300021378, 44.10810600025303], [-92.43153700018301, 44.10808000032238], [-92.43149299980209, 44.108047999796675], [-92.4312600001736, 44.10798999992844], [-92.4308529995695, 44.10798999992844], [-92.42998999975416, 44.10798999992844], [-92.4296349999269, 44.10799400032155], [-92.42922999987096, 44.10800000026563], [-92.4291699995965, 44.10800000026563], [-92.42774400043976, 44.10800199981687], [-92.42709699963615, 44.108004000013075], [-92.42438000014357, 44.10800999995616], [-92.42328600034953, 44.10800999995616], [-92.42180000002001, 44.10800999995616], [-92.42093300000671, 44.10801599989867], [-92.41887199974192, 44.108030999752216], [-92.41497100004361, 44.10806000031836], [-92.41008799980597, 44.108033999722515], [-92.40796600034012, 44.10802400003605], [-92.40716000042617, 44.10802000029001], [-92.40556100011875, 44.10801599989867], [-92.40229999975473, 44.10800999995616], [-92.40215499998978, 44.10800999995616], [-92.4017900001168, 44.10800999995616], [-92.40076699956957, 44.108004000013075], [-92.40000000001368, 44.10800000026563], [-92.39916999981027, 44.10800000026563], [-92.39808000021421, 44.10798999992844], [-92.39515100011121, 44.10798999992844], [-92.39498000040697, 44.10798999992844], [-92.39357000024543, 44.107969999893974], [-92.39170999982211, 44.107969999893974], [-92.39006000035938, 44.107969999893974], [-92.38906000027669, 44.107960000196684], [-92.3866399999867, 44.107960000196684], [-92.38370000001305, 44.10792999980466], [-92.38309800031361, 44.10792999980466], [-92.37908000043944, 44.10792999980466], [-92.37844000020684, 44.107920000100655], [-92.37706799968015, 44.107920000100655], [-92.3754800001417, 44.107920000100655], [-92.37499999974266, 44.107909999749886], [-92.3718199995695, 44.10790000004244], [-92.37103200009722, 44.10790000004244], [-92.36902000023625, 44.10790000004244], [-92.36715399996513, 44.1078940000882], [-92.36256000033079, 44.10787999997751], [-92.36155900042317, 44.10787999997751], [-92.36110999998628, 44.10787999997751], [-92.35882000029095, 44.10787999997751], [-92.3585490001293, 44.10787100004283], [-92.35849999972551, 44.107870000265], [-92.35651999965157, 44.10785499972556], [-92.35458899998146, 44.107839999827355], [-92.35453299990496, 44.107839999827355], [-92.35327000005651, 44.10783000010807], [-92.3530080001157, 44.10782700012748], [-92.35222200029324, 44.10782100016578], [-92.35196000035242, 44.10781999974212], [-92.35145099964107, 44.10781999974212], [-92.35073000011595, 44.10781999974212], [-92.34992400020198, 44.10781300000092], [-92.34941600021386, 44.10780900024059], [-92.3489819998456, 44.107804999834975], [-92.348269999643, 44.1078000002951], [-92.34733200038289, 44.10779500010978], [-92.34619000000995, 44.10778999992407], [-92.34491000044308, 44.10778999992407], [-92.34384000004017, 44.10778999992407], [-92.34191100001986, 44.10778300017932], [-92.34123999982515, 44.107780000196335], [-92.34108300036462, 44.107780000196335], [-92.3392799998427, 44.10778999992407], [-92.33900000035854, 44.1078000002951], [-92.3383500000802, 44.107810000019455], [-92.33643399958036, 44.10780100007412], [-92.33579300042118, 44.107798000092046], [-92.33438300025965, 44.107790999703205], [-92.33403299955695, 44.10778900014488], [-92.3321200003285, 44.107780000196335], [-92.33116000042878, 44.10776999982187], [-92.33039999964727, 44.10774999971296], [-92.33015399959997, 44.10774999971296], [-92.3296199996726, 44.10774999971296], [-92.32923999973099, 44.10774999971296], [-92.32874500016167, 44.10775599968186], [-92.3283600001972, 44.1077600000908], [-92.32512999979532, 44.10774899993309], [-92.32485899963368, 44.10774800015324], [-92.32397599972683, 44.10774500016843], [-92.3193989998109, 44.107733000227825], [-92.31907999996868, 44.10774299996352], [-92.31897100018872, 44.10773400000797], [-92.31888999999788, 44.11686400031485], [-92.31890900026447, 44.121912999711746], [-92.31890599989141, 44.122202999810554], [-92.31889500002075, 44.123129000162415], [-92.31889500002075, 44.1231469998973], [-92.31891000008937, 44.124982000015095], [-92.31888099977705, 44.1277489999967], [-92.31890400024157, 44.12856699982595], [-92.31891000008937, 44.130878000250895], [-92.3188919996477, 44.132087999840685], [-92.31889500002075, 44.135223000151676], [-92.31889699967057, 44.136704000021304], [-92.31890599989141, 44.13817499975251], [-92.31889300037092, 44.13931799968705], [-92.31891400028732, 44.140359000227214], [-92.31893500020372, 44.15027700002137], [-92.31893699985355, 44.15126000010751], [-92.31893799967847, 44.151573999974396], [-92.31892500015798, 44.15266700029073], [-92.31892799963272, 44.153775000186336], [-92.31890800043954, 44.15485100023589], [-92.31890699971633, 44.154870000241964], [-92.31890699971633, 44.15601400008856], [-92.3189190003102, 44.15704599991909], [-92.31892000013511, 44.15776300010528], [-92.31892000013511, 44.15839500006218], [-92.31892400033308, 44.159415999935376], [-92.31892299960984, 44.15956400017531], [-92.31892199978492, 44.15978299991889], [-92.3189129995641, 44.161044999722876], [-92.31891199973919, 44.16255599984971], [-92.3189269998078, 44.1640180000557], [-92.3189190003102, 44.16562200007423], [-92.31891599993715, 44.166428000140314], [-92.31892299960984, 44.16931100006546], [-92.31894500024947, 44.17854099987608], [-92.31895600012012, 44.18006900015769], [-92.31895399957197, 44.18122100022718], [-92.31895199992216, 44.18256700023744], [-92.31897299983856, 44.18386400029065], [-92.31897000036383, 44.18603299971694], [-92.31896799981568, 44.18727299993137], [-92.31899700012801, 44.19150299968034], [-92.31899799995291, 44.19164899998327], [-92.31898200005939, 44.19242600017857], [-92.31899899977783, 44.19341700021201], [-92.31898600025735, 44.194057000174254], [-92.3206790002761, 44.19405099995525], [-92.3217639998493, 44.19405799978127], [-92.32282500003139, 44.194052999813636], [-92.32466199999017, 44.194060000283514], [-92.32643899967451, 44.19407000021718], [-92.3267330003007, 44.19407000021718], [-92.32723299989289, 44.19407200007492], [-92.3305999996638, 44.194078000291725], [-92.33190000022049, 44.19407500018337], [-92.33315100037336, 44.194104999971735], [-92.33325000010755, 44.19410699982824], [-92.33348100008624, 44.19410600022204], [-92.33441599987162, 44.19410300011511], [-92.3355769996128, 44.19410600022204], [-92.3357099996822, 44.19410600022204], [-92.33672900003147, 44.19412199971619], [-92.33699500017025, 44.19412700032205], [-92.33772200044147, 44.19413100003356], [-92.3385259998073, 44.1941240002162], [-92.33896699984827, 44.19412700032205], [-92.33909999991765, 44.1941279999279], [-92.33928099966762, 44.19413100003356], [-92.33956400042314, 44.19412999978367], [-92.3405030004065, 44.19412700032205], [-92.34520599982078, 44.1941160001479], [-92.3466379997236, 44.194149000020126], [-92.34679799955718, 44.19417199995912], [-92.34688999961868, 44.19418600022567], [-92.34695699956583, 44.19420100009346], [-92.34697900020547, 44.194206000048595], [-92.34717300037423, 44.1941739998134], [-92.3499309998747, 44.19418300012282], [-92.35020799988412, 44.19418399972771], [-92.35029999994563, 44.19418399972771], [-92.35146400005986, 44.19418800007942], [-92.35335700009516, 44.194188999684286], [-92.35368299961009, 44.19418199987382], [-92.35372600016609, 44.19418199987382], [-92.35391500031199, 44.194189999933165], [-92.355077999703, 44.19419199978679], [-92.35587500029443, 44.19419300003561], [-92.35604000015087, 44.19418199987382], [-92.35874999997077, 44.19421499970904], [-92.35898900034536, 44.19419400028447], [-92.35951499987682, 44.19417699991666], [-92.36124800007853, 44.1942040001954], [-92.36241200019278, 44.194204999799936], [-92.3636390000562, 44.19422599986472], [-92.36646400040215, 44.194233000314], [-92.36897300038058, 44.194240999722325], [-92.36944200001062, 44.19423800026636], [-92.36992300023456, 44.1942350001662], [-92.37092400014218, 44.19426400026955], [-92.3718899998897, 44.19425999992299], [-92.37284700031469, 44.19427999972079], [-92.37403900001802, 44.19426400026955], [-92.37494399966617, 44.19428500031326], [-92.37535499956991, 44.19429000026121], [-92.37564400017322, 44.19427999972079], [-92.37612299984902, 44.194282000215445], [-92.37636600042157, 44.19428099996813], [-92.37654899982138, 44.194282000215445], [-92.37699200041047, 44.194297000058846], [-92.37747799975895, 44.19428900001403], [-92.3776989996919, 44.19429000026121], [-92.37795499978493, 44.19429099986434], [-92.38414199987892, 44.19431300014522], [-92.38775600042038, 44.19432300003596], [-92.39429099977058, 44.19433199967859], [-92.39576299985639, 44.19433299992504], [-92.39686699969616, 44.19433299992504], [-92.40210499976105, 44.19433799986892], [-92.41045100002913, 44.19438699968307], [-92.41794399962923, 44.19441399986559], [-92.42082000002878, 44.19443999979108], [-92.42154099955393, 44.19444499972588], [-92.42163500016359, 44.19444599997042], [-92.42178999997428, 44.194447999815395], [-92.42254700038274, 44.194455999838624], [-92.42296199958612, 44.19446099977207], [-92.43014499956485, 44.19448799992069], [-92.43769300031487, 44.19451500005689], [-92.43841100036526, 44.19451699989953], [-92.44222400020003, 44.194531000084076], [-92.44265299964711, 44.19454299977957], [-92.44381400028661, 44.19451399981353], [-92.44536800038819, 44.1945219998278], [-92.44759799980905, 44.1945080002852], [-92.44849400013467, 44.194476999813915], [-92.44870300037206, 44.19448199974558], [-92.45106300038759, 44.19446300026062], [-92.45362199969642, 44.194455999838624], [-92.45375099956784, 44.194455999838624], [-92.45617199968274, 44.19446099977207], [-92.46002200022573, 44.19448400023342], [-92.46323699966068, 44.19450200011213], [-92.46509200006113, 44.19451500005689], [-92.46629200016038, 44.1945219998278], [-92.46751999984872, 44.19456800004978], [-92.46815599988336, 44.19456399972386], [-92.46841000032657, 44.19456300012541], [-92.46845200015936, 44.19456300012541], [-92.46955699982405, 44.19455699995799], [-92.4701369997822, 44.194553999874024], [-92.47069199962598, 44.194550999789904], [-92.47762100005981, 44.19460699983184], [-92.47990599973227, 44.19462500031705], [-92.48006100044127, 44.19462599991445], [-92.4819510001035, 44.1946419999115], [-92.48294399961522, 44.19463399991351], [-92.48430000024837, 44.19462500031705], [-92.48649700005727, 44.19463899983191], [-92.48686500030331, 44.19463800023468], [-92.48736900009347, 44.19465600006639], [-92.49285999987835, 44.19468999987657], [-92.49516299999247, 44.19466700013971], [-92.4957930001793, 44.19468199988511], [-92.4981220002327, 44.194712000008494], [-92.50425900009796, 44.19475000009998], [-92.50648100002122, 44.19474599978642], [-92.50813700023005, 44.19475900032144], [-92.50852499966926, 44.19475999991656], [-92.50891200018187, 44.19476199975089], [-92.51411500008668, 44.19474800026524], [-92.51726500012259, 44.19477400004338], [-92.5182779997258, 44.19478000018875], [-92.51932899986213, 44.194786999928176], [-92.5213619996395, 44.194785000094704], [-92.52337699987352, 44.19480499971433], [-92.52349900007225, 44.19479699973848], [-92.5237550001653, 44.19479699973848], [-92.52396400040267, 44.19481399992739], [-92.5261849996027, 44.194815999759875], [-92.52652600008454, 44.19482100030686], [-92.5268599999954, 44.19482600020933], [-92.5280640002926, 44.194842999745795], [-92.52852500042506, 44.19485000012183], [-92.52912799994941, 44.19485899968393], [-92.53272400004919, 44.19485300019072], [-92.53345299997025, 44.194858000090484], [-92.53492300040622, 44.19486900012609], [-92.53521100028631, 44.1948699997194], [-92.53665800025776, 44.19487299978723], [-92.54097599970758, 44.19488399982008], [-92.54331900000467, 44.19483900008263], [-92.54404299990286, 44.19487500026179], [-92.54753400042064, 44.19487400002454], [-92.54846800038112, 44.19487400002454], [-92.5485160000617, 44.19487400002454], [-92.54880700031484, 44.194878999922516], [-92.55087100005436, 44.1949160003138], [-92.5544229997732, 44.19490899994562], [-92.55715500023271, 44.194921000208225], [-92.55791900031386, 44.19492499986583], [-92.55893299974196, 44.19492999975948], [-92.564750999765, 44.194956000101385], [-92.57148400038024, 44.194970000181684], [-92.57772699965241, 44.19499599986187], [-92.57807399998204, 44.19502899988533], [-92.57823499964053, 44.195028000294776], [-92.57867800022962, 44.19500000015845], [-92.58241900009435, 44.19497500007152], [-92.58304300043342, 44.1950039998107], [-92.58320400009191, 44.195003000219714], [-92.58332999959028, 44.19500199998464], [-92.58360999997278, 44.19500000015845], [-92.58365900037657, 44.19500000015845], [-92.58533999980145, 44.19500999993266], [-92.58563699990238, 44.1950149998191], [-92.58589999966809, 44.19501999970512], [-92.5878499996048, 44.195030000119964], [-92.58917899957547, 44.195030000119964], [-92.59113000023541, 44.195030000119964], [-92.59189400031654, 44.195030000119964], [-92.59196000043877, 44.195030000119964], [-92.5934400000222, 44.19505000030052], [-92.59418800020983, 44.195055000183565], [-92.59485000018374, 44.195060000066235], [-92.59495300011588, 44.195060000066235], [-92.59534999977592, 44.195060000066235], [-92.5953980003548, 44.195060000066235], [-92.596699999663, 44.1950699998302], [-92.5967349998231, 44.1950699998302], [-92.59718099988693, 44.19507400012178], [-92.59766200011087, 44.195077999769], [-92.59788999971651, 44.19508000023655], [-92.5989800002109, 44.19508000023655], [-92.59910599970928, 44.19508200006002], [-92.59942999957438, 44.19508999999719], [-92.59958799975811, 44.19508999999719], [-92.59970199956093, 44.19508999999719], [-92.60005499973836, 44.19508999999719], [-92.60016000021865, 44.19508999999719], [-92.60028800026518, 44.195091999820264], [-92.60067300022963, 44.19509999975607], [-92.60080200010108, 44.19510299981223], [-92.60084999978166, 44.19510299981223], [-92.60095000023907, 44.19510299981223], [-92.60098700004899, 44.1951040000456], [-92.60107300026272, 44.19510500027895], [-92.60119999958602, 44.19510500027895], [-92.60158299990066, 44.195105999868254], [-92.60160999966483, 44.19510700010157]]]}}, {"type": "Feature", "properties": {"tract_id": "27109001403", "name": "Tract Census Tract 14.03", "pct_white_2020": 70.4, "pct_black_2020": 8.9, "pct_hispanic_2020": 2.9, "pct_asian_2020": 12.2, "population_2020": 7533, "is_sample_data": false, "pct_white_1970": 88.1, "pct_black_1970": 7.2, "pct_hispanic_1970": 1, "pct_asian_1970": 1.9, "pct_white_1990": 79.6, "pct_black_1990": 11.4, "pct_hispanic_1990": 1, "pct_asian_1990": 3.2}, "geometry": {"type": "Polygon", "coordinates": [[[-92.55940999976794, 44.065500000258396], [-92.55929900033816, 44.06538000021519], [-92.55905999996357, 44.0651199997173], [-92.55877999958108, 44.06465000009011], [-92.55864999988474, 44.06432999978814], [-92.5585700004171, 44.06403999977528], [-92.5585550003485, 44.06392099987531], [-92.55852500021128, 44.06369200020836], [-92.5585200001884, 44.063650000100026], [-92.5585200001884, 44.06321000027849], [-92.55851900036349, 44.063160999965426], [-92.55851599999043, 44.062981999689036], [-92.55851500016553, 44.06292599994218], [-92.55851000014266, 44.06261999985973], [-92.55850500011978, 44.06230499971754], [-92.5584930004242, 44.06149699988035], [-92.558491999701, 44.06145899981944], [-92.55849099987607, 44.06139300009732], [-92.55848900022626, 44.06128800021174], [-92.55848699967811, 44.061121999723724], [-92.5584850000283, 44.06101400022964], [-92.55848400020338, 44.060939000034686], [-92.55848300037847, 44.06088300029193], [-92.55848199965524, 44.060782999789666], [-92.55848000000542, 44.06066199993721], [-92.55848000000542, 44.06063000021767], [-92.55844800021838, 44.060457000284394], [-92.55841899990605, 44.06030499980648], [-92.55838899976884, 44.06020600020267], [-92.5583729998753, 44.060154000168424], [-92.55832000017186, 44.059980000193434], [-92.55819999962296, 44.0597500001838], [-92.55811000010958, 44.05959000023954], [-92.55789000000156, 44.05926999969944], [-92.55781600038169, 44.05918900014582], [-92.55757399963404, 44.05892499973167], [-92.55739500043224, 44.05876899999005], [-92.55735000022638, 44.05873000015181], [-92.55727499988332, 44.05868100000411], [-92.5569300001018, 44.05845999982225], [-92.55679799985734, 44.05839000010967], [-92.55659000034319, 44.05828000020968], [-92.55664399987154, 44.058220000002], [-92.55680600025325, 44.05804200025482], [-92.55686099960653, 44.05798299978172], [-92.55705899997325, 44.057767000119334], [-92.55735799972398, 44.05775299976134], [-92.55748900014356, 44.05776000026352], [-92.55778000039669, 44.05700999994558], [-92.55797000036749, 44.05674000016534], [-92.5581400002468, 44.05641999971631], [-92.5582599998974, 44.05610000012029], [-92.55833000021761, 44.055769999956304], [-92.55835299978382, 44.05541800012159], [-92.55836000035482, 44.055320000114335], [-92.55837000040057, 44.05301000029145], [-92.55835000030908, 44.051769999827776], [-92.55834000026334, 44.050555999924605], [-92.55832799966946, 44.04903800001561], [-92.55831099995102, 44.04691199973621], [-92.55830500010325, 44.04619100011698], [-92.55829000003463, 44.044309999781305], [-92.55829199968446, 44.04403000003806], [-92.55830000008037, 44.04330999978703], [-92.55830000008037, 44.04228000023247], [-92.55829900025547, 44.04213500000139], [-92.55829300040767, 44.040644000111804], [-92.55828400018684, 44.03861299992201], [-92.55828300036193, 44.03840600017501], [-92.55827999998888, 44.03743999997376], [-92.55827999998888, 44.037166000076695], [-92.55827999998888, 44.036343999887215], [-92.55827999998888, 44.03614999992034], [-92.55827999998888, 44.03607000008858], [-92.55827800033907, 44.03594200026229], [-92.55827199959296, 44.03555799977022], [-92.55826999994314, 44.03543000012955], [-92.55826999994314, 44.03528400021199], [-92.55826999994314, 44.03484600023842], [-92.55826999994314, 44.03470000017367], [-92.55826599974517, 44.03440899998451], [-92.55826400009535, 44.03423099971265], [-92.55825400004962, 44.033538999758534], [-92.55825300022472, 44.0334679999091], [-92.55824999985165, 44.03324999982157], [-92.55680999955288, 44.034150000141146], [-92.5545859999798, 44.03543299990731], [-92.55453999994906, 44.035459999838054], [-92.55383100011949, 44.03588800018196], [-92.55292100044848, 44.03643899992231], [-92.55287000039483, 44.03647000010475], [-92.55072999958904, 44.03771999986532], [-92.5500299999803, 44.03809000006819], [-92.54926000005136, 44.03846999972165], [-92.54901400000406, 44.038575000028864], [-92.54820999973994, 44.03891999972822], [-92.54789699974549, 44.03905000017012], [-92.54751000013121, 44.03921000007411], [-92.54652000009426, 44.039560000093175], [-92.54533000004075, 44.039929999784064], [-92.54400000024515, 44.04029000023253], [-92.54293700041327, 44.04052400006137], [-92.54272999982571, 44.040570000217045], [-92.54141000007586, 44.04081999996145], [-92.53964000006422, 44.04107999997136], [-92.53890399957216, 44.041146999992705], [-92.5387229998222, 44.0411639998897], [-92.53848500017081, 44.04118599978709], [-92.53777999964089, 44.04125000020539], [-92.5375899996701, 44.04126099981629], [-92.53634000024046, 44.04134000013179], [-92.53492000003318, 44.04138000005523], [-92.53418299971621, 44.04136199996388], [-92.53324999958066, 44.04134000013179], [-92.53304700008937, 44.041330000146736], [-92.53147000042158, 44.04125000020539], [-92.5310710002134, 44.04120399993191], [-92.5300779998034, 44.04108999999865], [-92.52955999976953, 44.041029999809695], [-92.52890600019157, 44.040955999751326], [-92.5289160002373, 44.040852000054045], [-92.52891899971203, 44.04082100022694], [-92.52887699987924, 44.04081499992523], [-92.52836499969317, 44.04073400031306], [-92.52786699975078, 44.04064900016246], [-92.52751699994643, 44.0405849997407], [-92.52716799996696, 44.04051799972958], [-92.52684499992677, 44.040453000186105], [-92.52652400043472, 44.04038600002576], [-92.52597899973837, 44.040269000277185], [-92.52578100026997, 44.0402260000687], [-92.52508800033394, 44.04007799978835], [-92.52500499959494, 44.040059999947196], [-92.52439600022281, 44.03992900014926], [-92.5241009997717, 44.03986700015872], [-92.52409099972596, 44.04000000000668], [-92.52327999978912, 44.03983000006054], [-92.52261000031763, 44.039685000290824], [-92.52245200013388, 44.039651000288984], [-92.5219399999478, 44.039540000166205], [-92.51996999991962, 44.0391189998467], [-92.51914300008927, 44.03894300011033], [-92.51894200024782, 44.038900000230996], [-92.51837999983304, 44.038779999877164], [-92.51833999965007, 44.03877000010577], [-92.51826000018245, 44.03874999991218], [-92.51813999963353, 44.038729999711784], [-92.51840099974945, 44.03949900000426], [-92.51847299971946, 44.039709000014454], [-92.51849000033623, 44.039760000282804], [-92.51897999988267, 44.04134000013179], [-92.51912499964763, 44.04182999991564], [-92.51913999971623, 44.041880000047904], [-92.5193690000451, 44.04260599971887], [-92.51943099996937, 44.04280200032136], [-92.5196169997422, 44.04339300019583], [-92.51968000038971, 44.04358999970478], [-92.51990299997247, 44.04358999970478], [-92.51995999987389, 44.04358999970478], [-92.51999300038416, 44.04369000018489], [-92.52035999990697, 44.04481000022825], [-92.52053999983202, 44.045409999843024], [-92.52094999991085, 44.04669999974349], [-92.52124000033908, 44.047519999941535], [-92.52171999983977, 44.0490600002173], [-92.52199000017652, 44.0498700001921], [-92.52223000037604, 44.05063999996513], [-92.52235699969933, 44.05102699983503], [-92.52244000043832, 44.05128000026654], [-92.5226499996023, 44.05198000024331], [-92.52308999981834, 44.05329000019766], [-92.52311999995558, 44.05338999979723], [-92.52335000010935, 44.05416000029001], [-92.52339500031519, 44.05429399972193], [-92.52349999989717, 44.05460999990857], [-92.52378000027966, 44.05552000003589], [-92.52387999983878, 44.055909999683124], [-92.52399000034193, 44.05653999984527], [-92.52401999958086, 44.05789999980442], [-92.52402999962659, 44.05807999992661], [-92.52406999980957, 44.06251000007223], [-92.52406999980957, 44.063430000275304], [-92.52381000041687, 44.063430000275304], [-92.52358399956277, 44.06343200004266], [-92.52350900011798, 44.06343200004266], [-92.52304600033573, 44.06343499969357], [-92.52238000016385, 44.06343999975691], [-92.52228800010235, 44.063443999936396], [-92.52216000005583, 44.06344999988235], [-92.52181000025146, 44.06346000000615], [-92.52125000038482, 44.063470000128206], [-92.520756999567, 44.06348299989705], [-92.52017999998192, 44.063499999838776], [-92.51999500003399, 44.06351199971873], [-92.51988000040626, 44.06352000006768], [-92.51918499992208, 44.06355800009674], [-92.51826000018245, 44.06360999972328], [-92.51780999992064, 44.063650000100026], [-92.51721999991676, 44.063699999887525], [-92.5170890003955, 44.06372699984554], [-92.51676700018024, 44.06379200031565], [-92.51662999991288, 44.06382000010887], [-92.5161599995596, 44.06396000016722], [-92.5159899996803, 44.064019999722], [-92.51548000004234, 44.06420999995509], [-92.51523200034522, 44.064318999942685], [-92.51413000015529, 44.06480999991518], [-92.51360999957328, 44.06497999982027], [-92.51312000002683, 44.065100000028885], [-92.51293699972872, 44.06513599997952], [-92.51281999955286, 44.065159999719235], [-92.5124200004181, 44.065219999994255], [-92.51212999998987, 44.06522999981901], [-92.5117099998653, 44.06525000010899], [-92.51163899972019, 44.06525000010899], [-92.511463999818, 44.06525099996193], [-92.51028999965804, 44.06525999992868], [-92.50946600020075, 44.06525999992868], [-92.50944000026146, 44.06525999992868], [-92.50880000002887, 44.06526999974667], [-92.50771000043281, 44.065282999765735], [-92.50724000007952, 44.06529000002308], [-92.5070500001087, 44.06529000002308], [-92.50508000008054, 44.06529999983606], [-92.50502999985183, 44.06529999983606], [-92.50443999984793, 44.06530300003781], [-92.50335000025187, 44.06531000029279], [-92.5029309999522, 44.06531000029279], [-92.50254000013996, 44.06531000029279], [-92.50218100011476, 44.06531299984853], [-92.5016770003246, 44.06531600004963], [-92.50125999967477, 44.06532000010234], [-92.50101199997765, 44.06532500000648], [-92.50028999972929, 44.065339999716365], [-92.50026799998798, 44.065339999716365], [-92.50002000029086, 44.065339999716365], [-92.50045799995878, 44.066020000001544], [-92.5005099998373, 44.06610000005312], [-92.50102000037357, 44.06700000028331], [-92.50121700001706, 44.067336000019736], [-92.50142999955409, 44.06769999967967], [-92.50166300008091, 44.06812800010474], [-92.50204999969519, 44.06883999980657], [-92.50207800018259, 44.068889999728505], [-92.50216199984818, 44.069042000109576], [-92.5021910001605, 44.06909300029432], [-92.50236699988758, 44.069409000244356], [-92.50289699961702, 44.07035899983214], [-92.50307400006734, 44.07067599988406], [-92.5032969996501, 44.07107599986811], [-92.50396799984483, 44.07227900022857], [-92.50419200015081, 44.07268000007792], [-92.50456600024464, 44.07335200027769], [-92.50569100000082, 44.07536800026904], [-92.50606599991953, 44.07604099994851], [-92.50610199990454, 44.07610599980375], [-92.50621300023263, 44.07630399987592], [-92.50625000004254, 44.07636999975275], [-92.50653999957245, 44.07689999994712], [-92.50661200044081, 44.077023000120846], [-92.50758800023407, 44.07869700014114], [-92.50774100039494, 44.078959000258216], [-92.50787000026637, 44.07918000006338], [-92.50810999956757, 44.07960999993793], [-92.50836999985857, 44.07960999993793], [-92.50900000004542, 44.07959999996135], [-92.50915700040426, 44.07959999996135], [-92.50951600042946, 44.07959699983896], [-92.50975699955556, 44.07959100023913], [-92.51045899971243, 44.079575000012476], [-92.51077099988197, 44.07956699989751], [-92.51110999981567, 44.079560000038065], [-92.51176099991893, 44.079543000191535], [-92.51187999974461, 44.07954000006626], [-92.51265999971929, 44.07954000006626], [-92.51371500005358, 44.07952300021398], [-92.51436699998176, 44.0795139998347], [-92.51442499970805, 44.0795130002227], [-92.51460100033347, 44.0795100000959], [-92.51465999988471, 44.0795100000959], [-92.51511099997141, 44.07949899984483], [-92.51574500035622, 44.07948399985116], [-92.51633000033722, 44.079470000111776], [-92.51646599988135, 44.079461999982655], [-92.51691799979298, 44.07943899984732], [-92.51710000026617, 44.07943000010061], [-92.5174900002535, 44.07938100030817], [-92.51773999960045, 44.0793499999971], [-92.5184400001075, 44.07920000015683], [-92.5188900003693, 44.07907000007373], [-92.5191649998306, 44.07897800016002], [-92.51933999973278, 44.078920000168964], [-92.51970999962863, 44.078790000116015], [-92.51984600007106, 44.07890800018598], [-92.51986000031478, 44.078920000168964], [-92.51992999973666, 44.078990000128805], [-92.52021000011914, 44.079190000110955], [-92.5202849995639, 44.07922400000197], [-92.52045000031865, 44.079299999877506], [-92.52073900002365, 44.079393000195225], [-92.52079000007727, 44.079410000084856], [-92.52094999991085, 44.079450000109546], [-92.5211299998359, 44.079470000111776], [-92.52164500039504, 44.07948800023706], [-92.52194999999354, 44.07950000010242], [-92.52205899977349, 44.079498000232576], [-92.52238699983656, 44.079493000235004], [-92.52249700033973, 44.07949199997735], [-92.52268700031053, 44.07948800023706], [-92.52323999960618, 44.07948000011033], [-92.52325899987275, 44.07948000011033], [-92.52344999966844, 44.07948000011033], [-92.52417500028986, 44.079471999982566], [-92.52427400002406, 44.079470999724506], [-92.52453799961471, 44.07946899985369], [-92.52548300034414, 44.07946099972443], [-92.52554000024554, 44.07946000011153], [-92.52637999959637, 44.07946000011153], [-92.52726000002848, 44.079450000109546], [-92.52780200035177, 44.07944099971916], [-92.52789000021532, 44.079440000105926], [-92.52889000029803, 44.07943000010061], [-92.52919999991943, 44.079420000093556], [-92.52976999983183, 44.079420000093556], [-92.52996200035078, 44.079416999962085], [-92.53318099998367, 44.07937100029289], [-92.53331999990084, 44.079370000033116], [-92.53425499968623, 44.079370000033116], [-92.53428999984632, 44.079370000033116], [-92.53439500032664, 44.079370000033116], [-92.53442999958841, 44.079370000033116], [-92.53505700030053, 44.07936399976487], [-92.53560000044875, 44.07936000001598], [-92.53627999996598, 44.07936000001598], [-92.5369419999399, 44.079353999746715], [-92.53756999957861, 44.0793499999971], [-92.53781999982385, 44.079344999987065], [-92.5385689998364, 44.07933300009023], [-92.53881999990658, 44.07932999995434], [-92.53907000015184, 44.07931999993039], [-92.5391520001676, 44.07931999993039], [-92.54015100042538, 44.07932999995434], [-92.54048500033622, 44.07933399970528], [-92.54102900030935, 44.079338999716285], [-92.54105000022575, 44.07933999997656], [-92.54242000020432, 44.0793499999971], [-92.54266399970348, 44.0793499999971], [-92.54321000022473, 44.0793499999971], [-92.54375800039581, 44.07935199987194], [-92.54540200001077, 44.0793580001414], [-92.54595000018185, 44.07936000001598], [-92.54639500042077, 44.07936699989908], [-92.54657000032296, 44.079370000033116], [-92.54773299971397, 44.07938399979617], [-92.54817999960274, 44.079390000062396], [-92.54825199957274, 44.079390000062396], [-92.54868000009323, 44.079390000062396], [-92.55017999976813, 44.079390000062396], [-92.55068000025864, 44.079390000062396], [-92.5509100004124, 44.079390000062396], [-92.55135999977588, 44.079390000062396], [-92.55229999958414, 44.079390000062396], [-92.5534019997741, 44.07939399980926], [-92.55408300001457, 44.079398000201245], [-92.55443199999404, 44.0793989998152], [-92.5544999997661, 44.07940000007447], [-92.55547999975731, 44.07941399983042], [-92.55582999956167, 44.079420000093556], [-92.55628499984635, 44.07942599971078], [-92.55632300037948, 44.07942599971078], [-92.55712500009548, 44.07943599971677], [-92.55780499961274, 44.07944399984946], [-92.55822999976016, 44.07944899985117], [-92.55827999998888, 44.07944500010797], [-92.55830000008037, 44.07944399984946], [-92.55830099990528, 44.07943199997274], [-92.55830799957798, 44.07936000001598], [-92.55831500014898, 44.07929400024751], [-92.55830599992815, 44.078947999904706], [-92.55830799957798, 44.07883300007579], [-92.5583100001261, 44.07868000004665], [-92.5583100001261, 44.078079999999176], [-92.5583100001261, 44.078021000136005], [-92.55832500019473, 44.076046999908364], [-92.55833000021761, 44.07538999972369], [-92.55833000021761, 44.075125000233975], [-92.55833400041557, 44.07433300019714], [-92.55833400041557, 44.074213999692], [-92.55833500024046, 44.07406900019576], [-92.55833500024046, 44.07378499968116], [-92.55833900043844, 44.0729330002862], [-92.55834000026334, 44.07289999973109], [-92.55835000030908, 44.07264999985651], [-92.55835000030908, 44.07219400016904], [-92.55835000030908, 44.0719539998734], [-92.55835000030908, 44.071839999746956], [-92.55835000030908, 44.071510000181384], [-92.55837000040057, 44.06993000027522], [-92.55838700011901, 44.068460000052376], [-92.55838700011901, 44.068414000256304], [-92.55838700011901, 44.068375000317005], [-92.55838899976884, 44.06825900014706], [-92.55838999959374, 44.068220999908405], [-92.55839499961661, 44.067780000042546], [-92.55840999968522, 44.066469999853396], [-92.5584499998682, 44.066129999721824], [-92.55850199974674, 44.06603399969562], [-92.55851000014266, 44.066020000001544], [-92.55865300025779, 44.06588500015346], [-92.55866999997623, 44.065869999936176], [-92.55901999978059, 44.065690000259714], [-92.55921800014731, 44.06559300031827], [-92.55940999976794, 44.065500000258396]]]}}, {"type": "Feature", "properties": {"tract_id": "27109001901", "name": "Tract Census Tract 19.01", "pct_white_2020": 94.2, "pct_black_2020": 0.0, "pct_hispanic_2020": 1.0, "pct_asian_2020": 2.1, "population_2020": 3692, "is_sample_data": false, "pct_white_1970": 98, "pct_black_1970": 24.9, "pct_hispanic_1970": 5.3, "pct_asian_1970": 1.2, "pct_white_1990": 95, "pct_black_1990": 22.0, "pct_hispanic_1990": 2.1, "pct_asian_1990": 0}, "geometry": {"type": "Polygon", "coordinates": [[[-92.67871699987506, 44.19551600007373], [-92.6786909999358, 44.19322900025095], [-92.67868599991293, 44.19281499979131], [-92.67867400021737, 44.18640600000248], [-92.67866900019449, 44.1840579997963], [-92.6786630003467, 44.18272500029758], [-92.67865699960062, 44.179654000178736], [-92.6786619996235, 44.17862399999731], [-92.67864699955487, 44.17727300006178], [-92.67864300025524, 44.176917000170356], [-92.67863599968422, 44.17523699983921], [-92.67861300011799, 44.16859699986461], [-92.67861300011799, 44.16840599987256], [-92.6786120002931, 44.168355000282816], [-92.67860800009512, 44.16811699989615], [-92.67860800009512, 44.16806900019997], [-92.67861099956986, 44.16801899972314], [-92.67861099956986, 44.16782000002139], [-92.67861099956986, 44.16778199996641], [-92.67860999974494, 44.16758699968902], [-92.67858999965347, 44.167209999945264], [-92.67858999965347, 44.16702499972122], [-92.67858999965347, 44.16632999973864], [-92.67856999956197, 44.164720000301294], [-92.67856999956197, 44.16351999988905], [-92.67856999956197, 44.16349000000096], [-92.67856999956197, 44.16339400012772], [-92.67856999956197, 44.163220000321736], [-92.67855799986641, 44.16301800014029], [-92.67855200001864, 44.16289300008673], [-92.6785500003688, 44.16286000011601], [-92.67853699995001, 44.162518000270175], [-92.67851000018584, 44.16177999985105], [-92.67851000018584, 44.161394000212574], [-92.67851000018584, 44.1611499997494], [-92.67850000014009, 44.161020000057235], [-92.67849599994214, 44.15966699987931], [-92.67848199969842, 44.158713999732434], [-92.67846400015509, 44.1571399999885], [-92.67847599985065, 44.156759999788], [-92.67848000004861, 44.15630999986253], [-92.6784499999114, 44.155769999933554], [-92.6784499999114, 44.15563499998482], [-92.67845099973628, 44.15560999996041], [-92.67845999995713, 44.15456400014605], [-92.67847099982778, 44.15435400031209], [-92.67846199960694, 44.154125000135515], [-92.6784309996448, 44.15381399988567], [-92.6784309996448, 44.15353299974049], [-92.67841499975127, 44.15309100017867], [-92.6784089999035, 44.15267300021006], [-92.67840999972842, 44.15263999967939], [-92.67841800012434, 44.15254899981959], [-92.67841999977415, 44.15251999982064], [-92.67839999968267, 44.15187000010508], [-92.67840999972842, 44.151400000114954], [-92.67839800003283, 44.14954300005696], [-92.6783879999871, 44.14840899975824], [-92.67840399988064, 44.148198000198036], [-92.67834000030653, 44.147440000297244], [-92.67834000030653, 44.14680300022107], [-92.67834000030653, 44.14669999997899], [-92.67833000026079, 44.14577999978301], [-92.67833000026079, 44.145200000193746], [-92.67833000026079, 44.14489500003501], [-92.67833000026079, 44.14486000007451], [-92.67834000030653, 44.14425900002016], [-92.67834000030653, 44.144229999815586], [-92.67834000030653, 44.14412100009739], [-92.67834000030653, 44.14370699968289], [-92.67834000030653, 44.143570000222105], [-92.67834000030653, 44.14347100006569], [-92.67834000030653, 44.1431779998345], [-92.67834000030653, 44.1430800001367], [-92.67834000030653, 44.14269000003001], [-92.67831000016929, 44.14145000029201], [-92.67830000012356, 44.14087999999301], [-92.67830000012356, 44.14022999973349], [-92.67832000021505, 44.1396599999048], [-92.67832000021505, 44.13836999989052], [-92.67831900039013, 44.13830899976116], [-92.67831900039013, 44.13820899989897], [-92.67828099985697, 44.13775200029443], [-92.67828800042798, 44.13773399985249], [-92.67828099985697, 44.13742500011344], [-92.67828000003207, 44.13739000023714], [-92.67826999998631, 44.13610999971935], [-92.67824999989483, 44.135369999858476], [-92.6782399998491, 44.13460000000352], [-92.67824999989483, 44.13398000031737], [-92.67825999994058, 44.13349999983353], [-92.67825999994058, 44.13302999993139], [-92.67825699956755, 44.13290700018313], [-92.6782399998491, 44.132170000193774], [-92.67822999980336, 44.131229999980405], [-92.67822999980336, 44.13113199979386], [-92.67822999980336, 44.13054000026166], [-92.6782320003515, 44.13040800011458], [-92.67823800019929, 44.13001199983748], [-92.6782399998491, 44.129879999799876], [-92.67822999980336, 44.12921999970018], [-92.67823099962827, 44.12911500024994], [-92.6782399998491, 44.128299999858726], [-92.67822999980336, 44.12756000014274], [-92.67822999980336, 44.12682299984454], [-92.67822999980336, 44.12662000006674], [-92.67823900002418, 44.1260590001499], [-92.6782399998491, 44.12602000016793], [-92.678240999674, 44.12583499977052], [-92.67824800024502, 44.12516400011439], [-92.67824999989483, 44.12499999983024], [-92.67824900006994, 44.12494099969921], [-92.67822999980336, 44.123919999924475], [-92.67822999980336, 44.122794999715914], [-92.67822999980336, 44.122750999948785], [-92.67823099962827, 44.122730000224266], [-92.67823400000132, 44.122401999873134], [-92.67824999989483, 44.12118499973811], [-92.67824999989483, 44.12115999995529], [-92.67823900002418, 44.12065400019401], [-92.67823099962827, 44.120319999942424], [-92.67821999975762, 44.11980999984287], [-92.67823700037437, 44.1193199999251], [-92.67824900006994, 44.1189870001058], [-92.67824999989483, 44.118949999795035], [-92.67825999994058, 44.11862999973134], [-92.67825999994058, 44.118419999755325], [-92.67826599978837, 44.11817300017037], [-92.67827099981123, 44.11796700022297], [-92.6782740001843, 44.11730199984295], [-92.6782609997655, 44.11663499981384], [-92.67824300022214, 44.116023999848586], [-92.6782399998491, 44.1154900001202], [-92.67824999989483, 44.11445999996321], [-92.67824999989483, 44.11279000018017], [-92.67825999994058, 44.11188000019677], [-92.67826999998631, 44.11139000030597], [-92.6782399998491, 44.1106679999927], [-92.67828300040512, 44.109030000136556], [-92.67827300035938, 44.108555000203076], [-92.67826699961329, 44.108304000292236], [-92.6782619995904, 44.10805899989871], [-92.67825999994058, 44.10700999995562], [-92.67823400000132, 44.10586900008373], [-92.67822999980336, 44.10567999989802], [-92.67822700032862, 44.10505100011555], [-92.6782399998491, 44.10479600019741], [-92.67822399995558, 44.10447799991931], [-92.67821999975762, 44.10380999979708], [-92.67821999975762, 44.10315999988527], [-92.67821999975762, 44.10299599980657], [-92.67821999975762, 44.102503000197586], [-92.67821999975762, 44.10234000010296], [-92.67821700028288, 44.10211100008936], [-92.67820999971187, 44.10142700019266], [-92.67820999971187, 44.10134999982753], [-92.67820499968899, 44.10120000029445], [-92.67820399986408, 44.101172000124436], [-92.67820100038935, 44.10108800017986], [-92.67819999966613, 44.10105999995681], [-92.67819499964325, 44.10060000029168], [-92.67818999962039, 44.10012000016305], [-92.67819600036648, 44.09921999982096], [-92.67819999966613, 44.09876000003267], [-92.67820300003916, 44.09859799987502], [-92.67821499973473, 44.09811499979299], [-92.67821999975762, 44.09795399974905], [-92.67822999980336, 44.09758000022701], [-92.67821999975762, 44.09737999983955], [-92.67822700032862, 44.09671999989025], [-92.6782330001764, 44.096310999958604], [-92.67819999966613, 44.095509999774585], [-92.67820999971187, 44.09515000018102], [-92.67821999975762, 44.09384000006218], [-92.67821999975762, 44.09372900021665], [-92.67822300013066, 44.09339500005257], [-92.67822399995558, 44.09328500004148], [-92.67822800015354, 44.092590000226686], [-92.678240999674, 44.09050500016736], [-92.67824599969688, 44.08981100002681], [-92.67824999989483, 44.089099999804354], [-92.67825699956755, 44.08803300016467], [-92.67826400013854, 44.08696700012036], [-92.67826900016142, 44.086257000052655], [-92.67826999998631, 44.08616999977903], [-92.6782609997655, 44.08550499976499], [-92.67828500005493, 44.08530899982877], [-92.67827699965902, 44.08518700026478], [-92.67828099985697, 44.083186999807175], [-92.67829900029864, 44.07946000011153], [-92.67829400027577, 44.07851300030137], [-92.67826900016142, 44.07615600004093], [-92.67826900016142, 44.07588399981505], [-92.67827099981123, 44.074923999729776], [-92.67826599978837, 44.07398299977474], [-92.67825499991771, 44.07234099985335], [-92.67820300003916, 44.068841000244326], [-92.67819700019139, 44.067981000283545], [-92.67816000038147, 44.063831999923956], [-92.67818999962039, 44.05791000022005], [-92.67817000042722, 44.05764999983872], [-92.67816600022925, 44.057308000076546], [-92.67820300003916, 44.05675900009928], [-92.67820700023715, 44.05622800029529], [-92.67817899974973, 44.05541800012159], [-92.67818200012276, 44.05266900026649], [-92.67817000042722, 44.05238000002023], [-92.67816700005417, 44.05233999977672], [-92.67815000033573, 44.052150000188064], [-92.67816000038147, 44.05179100022562], [-92.67816100020637, 44.05156499973378], [-92.67816500040435, 44.05071400019416], [-92.67817000042722, 44.04988000002691], [-92.67819899984121, 44.048059000201974], [-92.67822200030574, 44.04590000018583], [-92.67819299999343, 44.044265000153985], [-92.67817000042722, 44.043510000232295], [-92.67711000007004, 44.043510000232295], [-92.67405999959321, 44.0434999999678], [-92.67375300034486, 44.04350100018804], [-92.67170999962345, 44.043510000232295], [-92.67129700006988, 44.043507999792105], [-92.6698700001899, 44.0434999999678], [-92.66861999986196, 44.04348999970161], [-92.66674000024545, 44.0434999999678], [-92.66653000018317, 44.04348999970161], [-92.66643999977148, 44.04348999970161], [-92.66610000001286, 44.04348999970161], [-92.66488999986788, 44.04348999970161], [-92.66226999956135, 44.04348000007942], [-92.66050299992277, 44.043487999906425], [-92.66016999983682, 44.04348999970161], [-92.65747000006267, 44.04346999980986], [-92.65683300020314, 44.04346999980986], [-92.65608699966532, 44.04346999980986], [-92.6559589996188, 44.04346999980986], [-92.65588900019694, 44.04346999980986], [-92.65589000002184, 44.04358199989156], [-92.64864699976866, 44.04357200028488], [-92.64862699967718, 44.04357200028488], [-92.64840999994219, 44.04356699983524], [-92.64840999994219, 44.043699999771626], [-92.64841599978998, 44.04417899969489], [-92.64843800042959, 44.04588799996496], [-92.64844199972924, 44.04615299991866], [-92.64845099995007, 44.04681100001093], [-92.64845199977498, 44.04690700021414], [-92.64845500014803, 44.04719499989025], [-92.64845699979786, 44.04729100011681], [-92.64846199982073, 44.04766899985959], [-92.64846600001869, 44.04794200011061], [-92.64847000021665, 44.04827999981575], [-92.64847000021665, 44.04880499972613], [-92.64847000021665, 44.049184000261924], [-92.64847000021665, 44.049206999887616], [-92.64847000021665, 44.04927600000238], [-92.64847000021665, 44.04929999971463], [-92.64847000021665, 44.04974699976144], [-92.64847000021665, 44.0500599999931], [-92.648459000346, 44.05063199981267], [-92.64845799962278, 44.050684999914736], [-92.64845099995007, 44.051088000321215], [-92.64844400027738, 44.05153499978647], [-92.64844000007942, 44.051729999817915], [-92.64843300040674, 44.052080000118025], [-92.64843000003367, 44.052259999854336], [-92.64837899998005, 44.05371500007341], [-92.64836300008652, 44.05415800020948], [-92.64835999971348, 44.054259999711675], [-92.64742400010319, 44.05427599968093], [-92.64721999988869, 44.05427999983401], [-92.64506999993544, 44.05427999983401], [-92.64461600037401, 44.05428199991042], [-92.64367999986541, 44.054288000139266], [-92.64351699965879, 44.05428900017734], [-92.64349800029053, 44.05428900017734], [-92.64340500040412, 44.0542900002154], [-92.64332000001531, 44.0542900002154], [-92.64270999991993, 44.05429299968392], [-92.6426940000264, 44.05429299968392], [-92.64095999999977, 44.05429999994954], [-92.64001000014578, 44.05429999994954], [-92.63973899998412, 44.05429999994954], [-92.63875399997005, 44.05429999994954], [-92.63870499956623, 44.05429999994954], [-92.63855800015145, 44.05429999994954], [-92.63850999957258, 44.05429999994954], [-92.63841000001345, 44.05430099998742], [-92.63836200033289, 44.05430200002528], [-92.63832299997482, 44.05430300006313], [-92.63791700009396, 44.0543109997197], [-92.63776999978086, 44.05431399983273], [-92.63693999957745, 44.05432999978744], [-92.63648199981807, 44.05432999978744], [-92.63537999962811, 44.05432999978744], [-92.6337600003026, 44.05432000005837], [-92.63261799992968, 44.05432000005837], [-92.63133099979181, 44.05432000005837], [-92.63079000019172, 44.05432000005837], [-92.63077000010023, 44.05432000005837], [-92.62908999960197, 44.05434000016039], [-92.6287110003836, 44.0543329998995], [-92.62852999973532, 44.05432999978744], [-92.6285280000855, 44.05414499968432], [-92.62852600043567, 44.053914000206404], [-92.62851999968957, 44.053189999783626], [-92.62851999968957, 44.05266600007013], [-92.62851999968957, 44.05248600027653], [-92.62851999968957, 44.052467000262844], [-92.62851999968957, 44.052349999840125], [-92.62852100041279, 44.05225099984822], [-92.6285289999104, 44.05144200024067], [-92.62852999973532, 44.05130999969736], [-92.62852999973532, 44.05120000020354], [-92.62852999973532, 44.0501800000971], [-92.62849200010048, 44.048050000203155], [-92.62848999955236, 44.047880000111995], [-92.62848999955236, 44.04699999977838], [-92.62848999955236, 44.04683100006613], [-92.62848999955236, 44.046480000215794], [-92.6284870000776, 44.046325000145956], [-92.62848399970456, 44.04615699997465], [-92.62848100022983, 44.04600299988337], [-92.62847200000898, 44.04554300016156], [-92.62847000035917, 44.045389999953755], [-92.62846799981104, 44.04525999986333], [-92.62846199996325, 44.04486999981752], [-92.62846100013834, 44.04474100007666], [-92.62845699994038, 44.04452300013643], [-92.62845000026769, 44.04398999996668], [-92.62844699989462, 44.04387000023628], [-92.62844299969667, 44.04365299989133], [-92.62844000022196, 44.04348000007942], [-92.6284379996738, 44.043262000018785], [-92.62843699984889, 44.04311799983498], [-92.6284300001762, 44.04204000005834], [-92.62842400032841, 44.04151399998931], [-92.62842000013045, 44.04107999997136], [-92.62842000013045, 44.040980000251594], [-92.62842000013045, 44.04074399975298], [-92.62842000013045, 44.040579999684645], [-92.62842000013045, 44.04054999998529], [-92.62841299955946, 44.040038999910365], [-92.62841099990962, 44.039844000135304], [-92.62841099990962, 44.03983399989775], [-92.62841099990962, 44.03980399982066], [-92.6284080004349, 44.03956099973416], [-92.62840400023694, 44.039215999892576], [-92.62840199968879, 44.039085000165855], [-92.62838199959731, 44.037473999952745], [-92.62837999994747, 44.03728999983354], [-92.62837999994747, 44.03706800022071], [-92.62837999994747, 44.036927999868524], [-92.62837999994747, 44.03635899983491], [-92.62837999994747, 44.03631300028472], [-92.62837999994747, 44.03620999988472], [-92.62838199959731, 44.035766999835396], [-92.62838900016831, 44.03444100031047], [-92.62838999999325, 44.03427000018437], [-92.62837999994747, 44.03400000006833], [-92.62837499992462, 44.033888999692515], [-92.62836200040415, 44.03355899977354], [-92.62835800020619, 44.03344900025332], [-92.62834999981027, 44.03324999982157], [-92.62834899998535, 44.033231000095896], [-92.62834599961229, 44.03279599971376], [-92.62834399996247, 44.0325779997376], [-92.62834399996247, 44.03252500022659], [-92.62834300013756, 44.032361000013736], [-92.62834200031264, 44.032293999745], [-92.6283399997645, 44.03209599972269], [-92.6283399997645, 44.032030000214114], [-92.62833499974164, 44.03173299990126], [-92.62832999971877, 44.031289999967846], [-92.6282600002969, 44.03120000027645], [-92.6282600002969, 44.03086599979647], [-92.6282600002969, 44.03078999973762], [-92.62825899957366, 44.03073199967818], [-92.62814300012103, 44.030724999856446], [-92.62813999974799, 44.030554999780435], [-92.62812600040257, 44.0297600001906], [-92.62811100033399, 44.028901000147], [-92.62822000011393, 44.02889999968029], [-92.62822000011393, 44.028650000022296], [-92.62820800041834, 44.028060000188326], [-92.62820000002243, 44.02757999993191], [-92.62819300034973, 44.02590199981655], [-92.62819099980159, 44.025540000045574], [-92.62818999997668, 44.02502000009242], [-92.62818999997668, 44.02486199976209], [-92.62818999997668, 44.02470000008991], [-92.62818599977874, 44.02453899986946], [-92.62817999993095, 44.024199999817164], [-92.62818099975586, 44.02412000000224], [-92.62818999997668, 44.02359999986569], [-92.62820300039549, 44.02237999992649], [-92.62821000006818, 44.021799999748914], [-92.62775999980637, 44.021799999748914], [-92.62673499960931, 44.02178999969613], [-92.62658800019453, 44.021788999755316], [-92.62572000035631, 44.02178000028757], [-92.62515000044392, 44.02177000023136], [-92.62325999988336, 44.02177000023136], [-92.62262999969651, 44.02177000023136], [-92.6223119996792, 44.02177200011353], [-92.62141999955153, 44.02178000028757], [-92.62139000031262, 44.02178000028757], [-92.6212000003418, 44.021799999748914], [-92.62106999974714, 44.02183999994334], [-92.62087999977635, 44.0219599997187], [-92.62079000026299, 44.02194000031129], [-92.62059199989626, 44.021911000157345], [-92.62024000044208, 44.02186000003045], [-92.61972099968499, 44.021811999680914], [-92.61968999972284, 44.02180999980006], [-92.61943000033017, 44.02180999980006], [-92.61905000038857, 44.02178999969613], [-92.61895599977892, 44.02178999969613], [-92.61753399992183, 44.02179699992702], [-92.6170600002689, 44.021799999748914], [-92.61602000000322, 44.021799999748914], [-92.61569600013813, 44.0217979998677], [-92.61527699983847, 44.02179500004572], [-92.61276000036243, 44.02178000028757], [-92.611710000051, 44.02177000023136], [-92.60993199964345, 44.02176000017347], [-92.60814999993623, 44.0217500001139], [-92.60716699957197, 44.02173800016939], [-92.60649000042777, 44.02172999998972], [-92.6061339998773, 44.021719999925075], [-92.60463000000445, 44.02168000029566], [-92.60422199957544, 44.02167399999367], [-92.6032399999344, 44.021660000147875], [-92.60283599970334, 44.0216570003189], [-92.60162399990855, 44.021651000014536], [-92.6012199996775, 44.02165000007143], [-92.60085200032978, 44.021644999709615], [-92.60040999956558, 44.0216399999933], [-92.59974799959168, 44.0216399999933], [-92.59938000024397, 44.0216399999933], [-92.59726999957539, 44.0216399999933], [-92.59711300011487, 44.02164099993662], [-92.59585000026644, 44.02165000007143], [-92.59547000032484, 44.02165000007143], [-92.59439999992193, 44.021660000147875], [-92.59426000017986, 44.021660000147875], [-92.59176000042224, 44.0217099998588], [-92.59031599992552, 44.021726000222465], [-92.58997000031911, 44.02172999998972], [-92.58915000016145, 44.02172999998972], [-92.58804999962133, 44.02172999998972], [-92.58700799970583, 44.02172500028062], [-92.5859199997596, 44.021719999925075], [-92.58415999979368, 44.02172999998972], [-92.58388199995933, 44.02172999998972], [-92.58284099986875, 44.02172999998972], [-92.58257999975285, 44.02172999998972], [-92.58191000028133, 44.02172399969274], [-92.58006999994949, 44.0217099998588], [-92.57972000014513, 44.0217099998588], [-92.5791200000955, 44.0217099998588], [-92.57819000033298, 44.0217099998588], [-92.57668300008707, 44.02170500014796], [-92.57542299971338, 44.02169999979078], [-92.57527999959825, 44.02169999979078], [-92.57410999963624, 44.02168999972108], [-92.57188000021537, 44.02168999972108], [-92.57090000022416, 44.02168999972108], [-92.5692499998631, 44.02168000029566], [-92.56782100033331, 44.0216730000509], [-92.56712500002422, 44.0216690002798], [-92.56541000026417, 44.021660000147875], [-92.56435999995276, 44.02165000007143], [-92.56394800022409, 44.02165000007143], [-92.56271100031493, 44.02165000007143], [-92.5623000004112, 44.02165000007143], [-92.5614779997054, 44.02164299982313], [-92.56104000003748, 44.0216399999933], [-92.55901200028299, 44.0216399999933], [-92.55818999957721, 44.0216399999933], [-92.5581829999045, 44.0218890002093], [-92.55818000042977, 44.02203999986465], [-92.55818700010246, 44.022639000175516], [-92.55818999957721, 44.022889999915904], [-92.5581970001482, 44.02349400024213], [-92.55820999966869, 44.02448999985598], [-92.55821999971442, 44.024910000225844], [-92.55821999971442, 44.025304999942236], [-92.55821999971442, 44.02591000007915], [-92.55822200026256, 44.02625300014931], [-92.55822999976016, 44.02708999985914], [-92.55822999976016, 44.02728500026789], [-92.55822999976016, 44.02762999981704], [-92.55823700033118, 44.02820300032058], [-92.55823999980592, 44.02836000031236], [-92.55823999980592, 44.02992500029997], [-92.55823999980592, 44.03050000016437], [-92.55824200035406, 44.03096100021736], [-92.55824900002675, 44.03234700010843], [-92.55824999985165, 44.032490000231086], [-92.55824999985165, 44.03281000015885], [-92.55824999985165, 44.03289700008265], [-92.55824999985165, 44.03316200002121], [-92.55824999985165, 44.03324999982157], [-92.55825300022472, 44.0334679999091], [-92.55825400004962, 44.033538999758534], [-92.55826400009535, 44.03423099971265], [-92.55826599974517, 44.03440899998451], [-92.55826999994314, 44.03470000017367], [-92.55826999994314, 44.03484600023842], [-92.55826999994314, 44.03528400021199], [-92.55826999994314, 44.03543000012955], [-92.55827199959296, 44.03555799977022], [-92.55827800033907, 44.03594200026229], [-92.55827999998888, 44.03607000008858], [-92.55827999998888, 44.03614999992034], [-92.55827999998888, 44.036343999887215], [-92.55827999998888, 44.037166000076695], [-92.55827999998888, 44.03743999997376], [-92.55828300036193, 44.03840600017501], [-92.55828400018684, 44.03861299992201], [-92.55829300040767, 44.040644000111804], [-92.55829900025547, 44.04213500000139], [-92.55830000008037, 44.04228000023247], [-92.55830000008037, 44.04330999978703], [-92.55829199968446, 44.04403000003806], [-92.55829000003463, 44.044309999781305], [-92.55830500010325, 44.04619100011698], [-92.55831099995102, 44.04691199973621], [-92.55832799966946, 44.04903800001561], [-92.55834000026334, 44.050555999924605], [-92.55835000030908, 44.051769999827776], [-92.55837000040057, 44.05301000029145], [-92.55836000035482, 44.055320000114335], [-92.55835299978382, 44.05541800012159], [-92.55833000021761, 44.055769999956304], [-92.5582599998974, 44.05610000012029], [-92.5581400002468, 44.05641999971631], [-92.55797000036749, 44.05674000016534], [-92.55778000039669, 44.05700999994558], [-92.55748900014356, 44.05776000026352], [-92.55735799972398, 44.05775299976134], [-92.55705899997325, 44.057767000119334], [-92.55686099960653, 44.05798299978172], [-92.55680600025325, 44.05804200025482], [-92.55664399987154, 44.058220000002], [-92.55659000034319, 44.05828000020968], [-92.55679799985734, 44.05839000010967], [-92.5569300001018, 44.05845999982225], [-92.55727499988332, 44.05868100000411], [-92.55735000022638, 44.05873000015181], [-92.55739500043224, 44.05876899999005], [-92.55757399963404, 44.05892499973167], [-92.55781600038169, 44.05918900014582], [-92.55789000000156, 44.05926999969944], [-92.55811000010958, 44.05959000023954], [-92.55819999962296, 44.0597500001838], [-92.55832000017186, 44.059980000193434], [-92.5583729998753, 44.060154000168424], [-92.55838899976884, 44.06020600020267], [-92.55841899990605, 44.06030499980648], [-92.55844800021838, 44.060457000284394], [-92.55848000000542, 44.06063000021767], [-92.55848000000542, 44.06066199993721], [-92.55848199965524, 44.060782999789666], [-92.55848300037847, 44.06088300029193], [-92.55848400020338, 44.060939000034686], [-92.5584850000283, 44.06101400022964], [-92.55848699967811, 44.061121999723724], [-92.55848900022626, 44.06128800021174], [-92.55849099987607, 44.06139300009732], [-92.558491999701, 44.06145899981944], [-92.5584930004242, 44.06149699988035], [-92.55850500011978, 44.06230499971754], [-92.55851000014266, 44.06261999985973], [-92.55851500016553, 44.06292599994218], [-92.55851599999043, 44.062981999689036], [-92.55851900036349, 44.063160999965426], [-92.5585200001884, 44.06321000027849], [-92.5585200001884, 44.063650000100026], [-92.55852500021128, 44.06369200020836], [-92.5585550003485, 44.06392099987531], [-92.5585700004171, 44.06403999977528], [-92.55864999988474, 44.06432999978814], [-92.55877999958108, 44.06465000009011], [-92.55905999996357, 44.0651199997173], [-92.55929900033816, 44.06538000021519], [-92.55940999976794, 44.065500000258396], [-92.55921800014731, 44.06559300031827], [-92.55901999978059, 44.065690000259714], [-92.55866999997623, 44.065869999936176], [-92.55865300025779, 44.06588500015346], [-92.55851000014266, 44.066020000001544], [-92.55850199974674, 44.06603399969562], [-92.5584499998682, 44.066129999721824], [-92.55840999968522, 44.066469999853396], [-92.55839499961661, 44.067780000042546], [-92.55838999959374, 44.068220999908405], [-92.55838899976884, 44.06825900014706], [-92.55838700011901, 44.068375000317005], [-92.55838700011901, 44.068414000256304], [-92.55838700011901, 44.068460000052376], [-92.55837000040057, 44.06993000027522], [-92.55835000030908, 44.071510000181384], [-92.55835000030908, 44.071839999746956], [-92.55835000030908, 44.0719539998734], [-92.55835000030908, 44.07219400016904], [-92.55835000030908, 44.07264999985651], [-92.55834000026334, 44.07289999973109], [-92.55833900043844, 44.0729330002862], [-92.55833500024046, 44.07378499968116], [-92.55833500024046, 44.07406900019576], [-92.55833400041557, 44.074213999692], [-92.55833400041557, 44.07433300019714], [-92.55833000021761, 44.075125000233975], [-92.55833000021761, 44.07538999972369], [-92.55832500019473, 44.076046999908364], [-92.5583100001261, 44.078021000136005], [-92.5583100001261, 44.078079999999176], [-92.5583100001261, 44.07868000004665], [-92.55830799957798, 44.07883300007579], [-92.55830599992815, 44.078947999904706], [-92.55831500014898, 44.07929400024751], [-92.55830799957798, 44.07936000001598], [-92.55830099990528, 44.07943199997274], [-92.55830000008037, 44.07944399984946], [-92.55830000008037, 44.07945899985327], [-92.55830000008037, 44.07949099971964], [-92.55830000008037, 44.079593000105774], [-92.55829800043055, 44.079956999885965], [-92.55829500005751, 44.08094299988777], [-92.55829400023259, 44.08123399991223], [-92.55829199968446, 44.081989000289035], [-92.55828900020971, 44.08306599993596], [-92.55829699970732, 44.084950000249925], [-92.55830000008037, 44.08579000031771], [-92.55830000008037, 44.08643000007558], [-92.55829099985954, 44.08697700014225], [-92.55829000003463, 44.087080000011234], [-92.55827999998888, 44.088230000218395], [-92.55830000008037, 44.09026000020815], [-92.55830000008037, 44.09053900000773], [-92.55830000008037, 44.09149400002674], [-92.55830000008037, 44.091727000072076], [-92.55830000008037, 44.09216099989674], [-92.55830000008037, 44.09244499995499], [-92.55830000008037, 44.093465000305], [-92.5583159999739, 44.09379500001042], [-92.55831500014898, 44.09390000029299], [-92.5583169997988, 44.09409400012796], [-92.5583100001261, 44.09428999998678], [-92.5583100001261, 44.094769999701946], [-92.55830000008037, 44.09578999995045], [-92.55830000008037, 44.096173000253515], [-92.55830000008037, 44.09730999970541], [-92.5583100001261, 44.09967999990111], [-92.5583100001261, 44.09988000025017], [-92.55832699984455, 44.10299499994629], [-92.55833000021761, 44.10339000020463], [-92.55832000017186, 44.10527000019938], [-92.55832400036982, 44.10588300002567], [-92.55833000021761, 44.106730000019944], [-92.55833000021761, 44.107389999820164], [-92.55833000021761, 44.10772500005105], [-92.55833000021761, 44.10833999975903], [-92.55833000021761, 44.109754999702545], [-92.55833000021761, 44.10995000014995], [-92.55833000021761, 44.1109599999113], [-92.55835000030908, 44.11247000029492], [-92.55835000030908, 44.11305000018162], [-92.55834600011111, 44.113998999767134], [-92.55834100008826, 44.11541499996027], [-92.55834000026334, 44.115560000011584], [-92.55834000026334, 44.11596999992144], [-92.55832799966946, 44.116885999814926], [-92.55832000017186, 44.11750000003061], [-92.5583159999739, 44.117660999726645], [-92.55827999998888, 44.119120000212234], [-92.55825499987453, 44.12129800001745], [-92.55824999985165, 44.12183999969388], [-92.5582599998974, 44.1227699999695], [-92.55825300022472, 44.12420800019632], [-92.55824999985165, 44.124869999824085], [-92.55823999980592, 44.12573000010637], [-92.55823999980592, 44.12721000001031], [-92.55820999966869, 44.128479999903966], [-92.55820899984377, 44.12852099969787], [-92.55819999962296, 44.12995999989695], [-92.55819999962296, 44.13033000006482], [-92.55819999962296, 44.13076999977405], [-92.55819999962296, 44.132838000212146], [-92.55819999962296, 44.13288000020408], [-92.55818999957721, 44.133540000022855], [-92.55817000038402, 44.13652000014547], [-92.55818000042977, 44.137519999765146], [-92.5581400002468, 44.14022999973349], [-92.55813600004885, 44.14147400001425], [-92.5581329996758, 44.14285199988134], [-92.55813000020105, 44.144120000288325], [-92.55813000020105, 44.14419999978905], [-92.55810000006383, 44.14434999976932], [-92.55868000002197, 44.14434999976932], [-92.55992199995401, 44.14435400027927], [-92.56133999961314, 44.144359999754485], [-92.56525999957803, 44.144389999699705], [-92.56538799962453, 44.144389999699705], [-92.565820000343, 44.144389999699705], [-92.56721000041303, 44.14441000029937], [-92.56817000031278, 44.14441000029937], [-92.56871000008793, 44.144420000274316], [-92.56937000041202, 44.144420000274316], [-92.56938399975739, 44.144420000274316], [-92.57053000032829, 44.14443000024762], [-92.57093000036137, 44.14443000024762], [-92.57193000044408, 44.144440000219184], [-92.57236999976182, 44.144450000189096], [-92.57427000036812, 44.144450000189096], [-92.57586999960213, 44.144480000088585], [-92.57590499976223, 44.144480000088585], [-92.57703000041671, 44.144480000088585], [-92.57726999971791, 44.144480000088585], [-92.57807999982981, 44.14449000005168], [-92.57810400011927, 44.14449000005168], [-92.57817600008929, 44.14449000005168], [-92.57820000037873, 44.14449000005168], [-92.57841000044101, 44.14449000005168], [-92.57874500017678, 44.14449000005168], [-92.57971000009938, 44.14449000005168], [-92.58037999957088, 44.14447900028555], [-92.58092500026726, 44.14447099992694], [-92.58096999957476, 44.14447000012375], [-92.58274999963216, 44.144480000088585], [-92.58295999969444, 44.144480000088585], [-92.5838800003095, 44.144480000088585], [-92.58447199996323, 44.144480000088585], [-92.58475999984331, 44.144480000088585], [-92.58528999957272, 44.14447000012375], [-92.58569999965157, 44.14447000012375], [-92.5872799996924, 44.144440000219184], [-92.5878000002744, 44.144440000219184], [-92.58824999963787, 44.144440000219184], [-92.58937000026948, 44.14443000024762], [-92.58989999999892, 44.14441000029937], [-92.59022999971178, 44.144389999699705], [-92.59052000014002, 44.14434999976932], [-92.59055000027726, 44.14434999976932], [-92.5908499998529, 44.144289999822966], [-92.591469999994, 44.1441300003124], [-92.59282999992683, 44.143659999927216], [-92.59415999972242, 44.143199999849585], [-92.59488000032096, 44.14293800007546], [-92.59565000024989, 44.14265999986548], [-92.59602000014574, 44.14253999969965], [-92.59651999973795, 44.142370000282696], [-92.596959999954, 44.14221000008092], [-92.5973399998956, 44.14207999992004], [-92.59766999960847, 44.14192000022159], [-92.5976999997457, 44.14190000006764], [-92.59782000029462, 44.14182999979778], [-92.59800000021967, 44.141700000089415], [-92.5980799996873, 44.14163000022707], [-92.59811999987026, 44.141570000094795], [-92.59841399959815, 44.14169500019408], [-92.59891999993644, 44.14190999982316], [-92.59929300020534, 44.14208399993917], [-92.59958299973526, 44.142221000269835], [-92.59982600030781, 44.142334000275106], [-92.60055600005377, 44.14267599978321], [-92.60079999955293, 44.1427900000385], [-92.60047999988579, 44.14306999993477], [-92.5999400001106, 44.143470000245564], [-92.59973000004835, 44.14358999981031], [-92.59899000025663, 44.14391000003561], [-92.59878000019434, 44.14400999991146], [-92.59876400030083, 44.144016000066216], [-92.59858000017782, 44.14410000023505], [-92.59828999974958, 44.144289999822966], [-92.59812999991601, 44.14439999967809], [-92.59792999989946, 44.14460000017876], [-92.59767999965422, 44.1448799998703], [-92.59735999998706, 44.14535000021148], [-92.59699000009122, 44.145939999978296], [-92.5966300002411, 44.146580000290186], [-92.59647000040754, 44.14696000029431], [-92.59603000019149, 44.14821000030017], [-92.59595999987128, 44.14838000030331], [-92.59563000015842, 44.14901000010247], [-92.5954400001876, 44.149369999731064], [-92.5951799998966, 44.14978999996019], [-92.59502599991083, 44.149984999764285], [-92.59477999986353, 44.150300000318], [-92.59447000024214, 44.150629999831565], [-92.59415999972242, 44.150970000232654], [-92.59340999988498, 44.151749999969724], [-92.59328000018863, 44.15189000010391], [-92.59312000035506, 44.15205999982039], [-92.59260599962084, 44.15258300006694], [-92.59218999969423, 44.15298999991478], [-92.59207000004365, 44.15310000031507], [-92.59181999979839, 44.15331000009975], [-92.59121999974876, 44.15370999998562], [-92.59092000017311, 44.15386999995424], [-92.59034000021497, 44.15413000026704], [-92.58967800024108, 44.15437799994424], [-92.58945999978286, 44.154460000278696], [-92.58917000025296, 44.15458000005976], [-92.58889999991621, 44.15469000007438], [-92.58861399968595, 44.15483299985131], [-92.5885400000661, 44.154870000241964], [-92.58842999956292, 44.15493999987241], [-92.58834000004956, 44.15503000028804], [-92.58829999986658, 44.1550999997287], [-92.5882599996836, 44.155220000141824], [-92.58824999963787, 44.155769999933554], [-92.5882510003611, 44.15578999989972], [-92.58827999977511, 44.156379999718276], [-92.58827999977511, 44.157069999745396], [-92.58829999986658, 44.15798000029577], [-92.58829999986658, 44.15871999968144], [-92.58829999986658, 44.15893000008958], [-92.58830599971435, 44.15914399990232], [-92.58833000000382, 44.15989999991665], [-92.58833500002669, 44.160261999855855], [-92.5883500000953, 44.161250000061244], [-92.5883500000953, 44.16163999998022], [-92.58836500016392, 44.16221099973364], [-92.58840000032401, 44.163480000034895], [-92.58841000036976, 44.164339999944175], [-92.5884200004155, 44.16467999997198], [-92.58844999965442, 44.16530000009512], [-92.58845999970016, 44.16575999998746], [-92.58843999960868, 44.16631000012321], [-92.5883500000953, 44.166749999761464], [-92.58824999963787, 44.16704000005707], [-92.5881600001245, 44.16727999975679], [-92.58803999957559, 44.16751999976877], [-92.58780500029725, 44.16792600028284], [-92.58744000042428, 44.16855999970533], [-92.58728999973815, 44.16881000001693], [-92.5870400003912, 44.169520000124166], [-92.58700000020823, 44.16968999995254], [-92.58692999988801, 44.169939999985004], [-92.58686999961357, 44.17045000016751], [-92.58685999956784, 44.17088999985139], [-92.58679099997086, 44.171891000321786], [-92.58679000014594, 44.171900000167874], [-92.5867299998715, 44.17290999993984], [-92.5867299998715, 44.173420000212175], [-92.58667999964277, 44.17351999969791], [-92.58673999991723, 44.17357000002145], [-92.58679000014594, 44.17364000001664], [-92.58692499986516, 44.1739650000564], [-92.58696000002526, 44.17405000006867], [-92.58697000007099, 44.17411000004147], [-92.5871099998131, 44.174600000218916], [-92.58722000031625, 44.175100000121354], [-92.58728399989036, 44.17547100015427], [-92.58732999992111, 44.175730000070075], [-92.58738000014984, 44.17598000027058], [-92.58745499959458, 44.176378999897345], [-92.58747999970895, 44.176509999793204], [-92.58755000002914, 44.17693999974693], [-92.58758000016637, 44.17709000026662], [-92.58763000039508, 44.17743999978056], [-92.58765899980908, 44.177581000050566], [-92.58767999972548, 44.177679999682326], [-92.58773999999994, 44.177979999796456], [-92.58778100000782, 44.1782250000996], [-92.58785999965053, 44.178690000320834], [-92.58790200038165, 44.1789630002884], [-92.58794000001647, 44.17921000009023], [-92.58803999957559, 44.17972999978327], [-92.58804100029883, 44.1806569997308], [-92.58827800012527, 44.18203399967942], [-92.58830300023963, 44.18277100006423], [-92.58833500002669, 44.18351100025645], [-92.58834400024752, 44.18414099988127], [-92.58834699972225, 44.184160000117075], [-92.58834800044549, 44.18418600005695], [-92.58834900027038, 44.18420900001896], [-92.58835199974513, 44.18428999970172], [-92.58835299957003, 44.18432500011078], [-92.58835500011817, 44.184365000000646], [-92.58836500016392, 44.18459999993284], [-92.58837299966153, 44.18510000007066], [-92.58838000023252, 44.18552199991705], [-92.58838100005744, 44.18560999991342], [-92.58838299970726, 44.18574000016549], [-92.58838299970726, 44.185761000025686], [-92.58838100005744, 44.18586399972252], [-92.58840000032401, 44.18709099997997], [-92.5883500000953, 44.18821999971919], [-92.5883500000953, 44.188639999732466], [-92.58830999991234, 44.1888099998379], [-92.58829999986658, 44.188830000196944], [-92.5881600001245, 44.18905999997365], [-92.58909999993276, 44.189489999865216], [-92.59052699981271, 44.190135000261826], [-92.590560000323, 44.19014999987249], [-92.59296999966892, 44.19121000026638], [-92.59483000009224, 44.192040000142576], [-92.5949680001845, 44.19210100012791], [-92.59766200011087, 44.19329099991384], [-92.5996299995909, 44.19416000018807], [-92.60003999966973, 44.194345999907085], [-92.60020000040163, 44.19441800020169], [-92.60067999990234, 44.19463699999341], [-92.6008399997359, 44.19471000017252], [-92.60101399981319, 44.19478899976154], [-92.601536000045, 44.195028000294776], [-92.60171099994717, 44.195107999690784], [-92.60182899994795, 44.195107999690784], [-92.60193500025318, 44.195107999690784], [-92.60217000042981, 44.19511000015738], [-92.60236600024838, 44.19511699985757], [-92.60238999963953, 44.195127999844864], [-92.60311500026093, 44.19512199973497], [-92.60336299995805, 44.195118999679764], [-92.60372799983104, 44.19511500003534], [-92.60437999975919, 44.195107999690784], [-92.60601300040179, 44.1951320001325], [-92.60842600012077, 44.19514199988425], [-92.60872200039678, 44.19514699975955], [-92.60903899969087, 44.19514699975955], [-92.6096250003951, 44.19515100004583], [-92.61109300028295, 44.1951579997412], [-92.61126200033735, 44.195162000026805], [-92.61134000015515, 44.19516399984748], [-92.61190900024265, 44.19517900011041], [-92.61217899968106, 44.19518200016255], [-92.61298799996806, 44.19519300013773], [-92.6132590001297, 44.195196999776876], [-92.61335000036631, 44.195198000008645], [-92.61362599965251, 44.195201000059775], [-92.61371799971403, 44.195202000291516], [-92.61383900008785, 44.19520299987913], [-92.61420499978573, 44.19520599993005], [-92.61432699998447, 44.1952079997492], [-92.614779999721, 44.19520599993005], [-92.61482699957668, 44.19520599993005], [-92.61501599972257, 44.19520499969842], [-92.61593899981237, 44.195202000291516], [-92.61620699960098, 44.195201000059775], [-92.61632899979972, 44.195201000059775], [-92.61683000011513, 44.19519999982806], [-92.61706199991873, 44.19520299987913], [-92.61775800022782, 44.195215000081866], [-92.6179900000314, 44.19521999995091], [-92.61837800036893, 44.19522199976963], [-92.61937000005571, 44.19522999968779], [-92.61954199958485, 44.195232999737286], [-92.61992999992238, 44.19524000006698], [-92.62050499985764, 44.195258999945494], [-92.62052999997199, 44.19526000017626], [-92.62223300003647, 44.19526900031983], [-92.62240999958848, 44.1952699999063], [-92.62280999962157, 44.1952699999063], [-92.62356899967983, 44.1952699999063], [-92.62375000032813, 44.1952699999063], [-92.62431600004255, 44.19528200009538], [-92.62512000030668, 44.195299999730345], [-92.62582499993829, 44.1953040000063], [-92.62692899977809, 44.195310000097706], [-92.62883699988197, 44.19531999981927], [-92.63034400012788, 44.19532899995366], [-92.63050499978635, 44.19533000018319], [-92.63099000020826, 44.19533300022765], [-92.63115199969165, 44.19533399981304], [-92.63182999955909, 44.19533699985729], [-92.6338659997095, 44.19534799980353], [-92.63409000001549, 44.195350000261925], [-92.6342099996661, 44.195350000261925], [-92.63451000014007, 44.19538000004525], [-92.63454399957692, 44.19538000004525], [-92.63473299972281, 44.195381000273954], [-92.63553000031425, 44.19538999975496], [-92.6362600000602, 44.19538000004525], [-92.63647900034333, 44.1953699996898], [-92.63670399957591, 44.19535899974767], [-92.63676800004832, 44.19535999997674], [-92.63678099956881, 44.19535999997674], [-92.63690899961531, 44.19535999997674], [-92.63736999974778, 44.19536300001962], [-92.63751899971068, 44.195364000248574], [-92.63766100000092, 44.19536499983348], [-92.63788500030691, 44.1953660000624], [-92.6382719999212, 44.195369000105025], [-92.63873800007651, 44.19537299973223], [-92.63937999995892, 44.19538000004525], [-92.63979000003775, 44.19538000004525], [-92.6402500003453, 44.19538000004525], [-92.64128700023792, 44.19538000004525], [-92.64215000005326, 44.19538000004525], [-92.6425679996297, 44.19538000004525], [-92.64261000036082, 44.19538000004525], [-92.6426809996076, 44.19539200021194], [-92.64380399971397, 44.19539800029438], [-92.64506800028563, 44.195408000001], [-92.64533100005136, 44.19540600018865], [-92.64629299960092, 44.19541200026963], [-92.64666000002205, 44.19542000016199], [-92.64667300044083, 44.195418999933985], [-92.64671299972548, 44.195417999705974], [-92.64672699996919, 44.195417999705974], [-92.6468890003509, 44.195414000081776], [-92.64706000005512, 44.195409999813336], [-92.64722599973648, 44.195409999813336], [-92.64737700024753, 44.195409999813336], [-92.64753999955583, 44.195409999813336], [-92.64769400043994, 44.195411000041496], [-92.6481560003973, 44.1954159998939], [-92.648311000208, 44.195417999705974], [-92.64835200021587, 44.195417999705974], [-92.64847799971426, 44.195418999933985], [-92.64852000044536, 44.19542000016199], [-92.6486569998144, 44.1954209997459], [-92.64871299989089, 44.19542199997387], [-92.64891399973234, 44.19542500001364], [-92.64923000009985, 44.195429000281116], [-92.64934300007775, 44.19543100009274], [-92.64984199984502, 44.19543899998247], [-92.64989999957135, 44.195440000210176], [-92.649958000196, 44.19543899998247], [-92.65009600028824, 44.19543700017117], [-92.65048999957523, 44.19543100009274], [-92.65052999975819, 44.19542999986488], [-92.65068200009416, 44.195414000081776], [-92.65072999977475, 44.195409999813336], [-92.65091800009571, 44.19541299985367], [-92.65129999968714, 44.19542000016199], [-92.651789000307, 44.195429000281116], [-92.65181000022339, 44.19542999986488], [-92.65202699995837, 44.19543100009274], [-92.6540990000938, 44.19544200002138], [-92.65496899958185, 44.19544800009874], [-92.65516000027587, 44.19544999990968], [-92.65602999976393, 44.19544999990968], [-92.65649400026942, 44.19544999990968], [-92.65732000027486, 44.19544999990968], [-92.65788599998929, 44.1954620000621], [-92.65822999994587, 44.195469999947676], [-92.65834999959648, 44.195469999947676], [-92.65842999996242, 44.195469999947676], [-92.65867000016192, 44.195469999947676], [-92.65874999962956, 44.195469999947676], [-92.65882699962245, 44.195469999947676], [-92.65906000014927, 44.195469999947676], [-92.65913799996707, 44.195469999947676], [-92.65930299982352, 44.195469999947676], [-92.65979800029116, 44.195469999947676], [-92.65982000003245, 44.195469999947676], [-92.65991999959158, 44.19547100017482], [-92.6599630001476, 44.19547199975786], [-92.66008000032346, 44.195472999985014], [-92.66043199977764, 44.195477999832164], [-92.66054999977842, 44.195480000286146], [-92.66064400038807, 44.195480000286146], [-92.66081000006942, 44.195480000286146], [-92.66092499969716, 44.195480000286146], [-92.6610200001317, 44.195480000286146], [-92.66135200039272, 44.195480000286146], [-92.66234800027746, 44.195480000286146], [-92.66267999964018, 44.195480000286146], [-92.66278500012048, 44.195480000286146], [-92.66310200031289, 44.195480000286146], [-92.66320799971977, 44.195480000286146], [-92.66334599981205, 44.195480000286146], [-92.66371999990585, 44.195480000286146], [-92.66376099991373, 44.195480000286146], [-92.66389999983092, 44.195480000286146], [-92.66412999998468, 44.195480000286146], [-92.66416900034272, 44.195479000059166], [-92.66480000035452, 44.195469999947676], [-92.66497799973142, 44.195469999947676], [-92.66524800006816, 44.195469999947676], [-92.66552699972742, 44.19546800013738], [-92.66631599992293, 44.19547700024918], [-92.66633900038747, 44.195477999832164], [-92.66643899994656, 44.195477999832164], [-92.66670900028332, 44.19551199981216], [-92.66685099967523, 44.195539000123254], [-92.66704400001908, 44.19557600010013], [-92.67135700034433, 44.1956059997684], [-92.67263199988835, 44.19558200016385], [-92.67572599984778, 44.19554800022421], [-92.67645899996681, 44.1955399997052], [-92.67773500023404, 44.1955269999865], [-92.67793100005261, 44.19552399995197], [-92.67852000023159, 44.19551700030007], [-92.67871699987506, 44.19551600007373]]]}}, {"type": "Feature", "properties": {"tract_id": "27109001401", "name": "Tract Census Tract 14.01", "pct_white_2020": 51.9, "pct_black_2020": 35.8, "pct_hispanic_2020": 1.9, "pct_asian_2020": 7.2, "population_2020": 5360, "is_sample_data": false, "pct_white_1970": 62.3, "pct_black_1970": 39.2, "pct_hispanic_1970": 1, "pct_asian_1970": 2.9, "pct_white_1990": 64.3, "pct_black_1990": 36.2, "pct_hispanic_1990": 1, "pct_asian_1990": 4.8}, "geometry": {"type": "Polygon", "coordinates": [[[-92.52406999980957, 44.063430000275304], [-92.52406999980957, 44.06251000007223], [-92.52402999962659, 44.05807999992661], [-92.52401999958086, 44.05789999980442], [-92.52399000034193, 44.05653999984527], [-92.52387999983878, 44.055909999683124], [-92.52378000027966, 44.05552000003589], [-92.52349999989717, 44.05460999990857], [-92.52339500031519, 44.05429399972193], [-92.52335000010935, 44.05416000029001], [-92.52311999995558, 44.05338999979723], [-92.52308999981834, 44.05329000019766], [-92.5226499996023, 44.05198000024331], [-92.52244000043832, 44.05128000026654], [-92.52235699969933, 44.05102699983503], [-92.52223000037604, 44.05063999996513], [-92.52199000017652, 44.0498700001921], [-92.52171999983977, 44.0490600002173], [-92.52124000033908, 44.047519999941535], [-92.52094999991085, 44.04669999974349], [-92.52053999983202, 44.045409999843024], [-92.52035999990697, 44.04481000022825], [-92.51999300038416, 44.04369000018489], [-92.51995999987389, 44.04358999970478], [-92.51990299997247, 44.04358999970478], [-92.51968000038971, 44.04358999970478], [-92.5196169997422, 44.04339300019583], [-92.51943099996937, 44.04280200032136], [-92.5193690000451, 44.04260599971887], [-92.51913999971623, 44.041880000047904], [-92.51912499964763, 44.04182999991564], [-92.51897999988267, 44.04134000013179], [-92.51849000033623, 44.039760000282804], [-92.51847299971946, 44.039709000014454], [-92.51840099974945, 44.03949900000426], [-92.51813999963353, 44.038729999711784], [-92.51649099999571, 44.03837499971385], [-92.51641499982775, 44.038358000308186], [-92.51124100023524, 44.037245000040336], [-92.50951700025435, 44.03687400004099], [-92.50912999974176, 44.036791000186156], [-92.50859900018743, 44.03667700015719], [-92.50797200037361, 44.03654199992421], [-92.50758599968593, 44.036459000250204], [-92.50674999963474, 44.03627900028532], [-92.50424499985427, 44.03573899969326], [-92.503409999628, 44.035559999833026], [-92.50121199999418, 44.035087999925146], [-92.50001000024513, 44.03483000018695], [-92.49817999995902, 44.034420000219605], [-92.49535999963597, 44.03381999973811], [-92.4946220003924, 44.033660999874265], [-92.49242499968518, 44.03318899969493], [-92.49155299964899, 44.03300100018028], [-92.49084999966719, 44.03285000002831], [-92.49051999995433, 44.03277999975465], [-92.48893300024078, 44.03245699973659], [-92.48865000038356, 44.03239999977861], [-92.4882799995894, 44.032320000051044], [-92.48806000037968, 44.032279999823864], [-92.48805399963359, 44.03238200018839], [-92.48803600009025, 44.0326880002287], [-92.48803000024246, 44.03278999989107], [-92.48800000010523, 44.03320000015653], [-92.487969999968, 44.03349500008927], [-92.48792999978502, 44.03390000002413], [-92.48782000018018, 44.035099999750436], [-92.48778900021803, 44.03561200015121], [-92.48774800021016, 44.03632000009221], [-92.48772999976849, 44.03662999987182], [-92.48771800007292, 44.03697200021782], [-92.48766000034661, 44.038729999711784], [-92.487645000278, 44.038928000170976], [-92.48760000007215, 44.039580000013345], [-92.48759599987419, 44.039666999684506], [-92.48758400017861, 44.03992799986871], [-92.48758099980556, 44.040015999953724], [-92.48755200039156, 44.0406809997017], [-92.48754999984342, 44.04072999989084], [-92.48748899974406, 44.04159900019037], [-92.4874700003758, 44.041870000153956], [-92.48748999956898, 44.042369999885686], [-92.48752899992704, 44.042674000185855], [-92.48756999993492, 44.042989999736484], [-92.48764000025511, 44.043300000134494], [-92.48764000025511, 44.04332999973279], [-92.48767100021726, 44.04340800029624], [-92.48770700020226, 44.043498000173], [-92.48787500043176, 44.044120000261266], [-92.48803100006738, 44.044580000056094], [-92.48826899971874, 44.04501499981152], [-92.48850700026843, 44.045450000246944], [-92.4888360001564, 44.04593500000912], [-92.48944999955143, 44.04676999971531], [-92.48952499989448, 44.0468689998295], [-92.49043000044095, 44.04806999983996], [-92.49061500038887, 44.048338000132844], [-92.49125999974603, 44.04926999991137], [-92.49187900006223, 44.0502989998525], [-92.49246400004324, 44.051314000050745], [-92.49345400008019, 44.05303200030895], [-92.49403999988611, 44.054050000279204], [-92.49435000040582, 44.05462799984799], [-92.49561999992697, 44.05700000002347], [-92.4960800002345, 44.05789000003262], [-92.4964750002447, 44.058758999719444], [-92.49662000000966, 44.0590799997507], [-92.4971000004087, 44.060009999735854], [-92.49789999957655, 44.06148000000898], [-92.49793999975951, 44.06154999994157], [-92.49796999989674, 44.061619999791404], [-92.49831300002842, 44.06225699984994], [-92.49845000029576, 44.06251000007223], [-92.49909999967579, 44.063699999887525], [-92.49918199969154, 44.06385299991726], [-92.49926000040766, 44.063997999913845], [-92.49939000010401, 44.06423999993618], [-92.49958199972464, 44.064574999982916], [-92.50002000029086, 44.065339999716365], [-92.50026799998798, 44.065339999716365], [-92.50028999972929, 44.065339999716365], [-92.50101199997765, 44.06532500000648], [-92.50125999967477, 44.06532000010234], [-92.5016770003246, 44.06531600004963], [-92.50218100011476, 44.06531299984853], [-92.50254000013996, 44.06531000029279], [-92.5029309999522, 44.06531000029279], [-92.50335000025187, 44.06531000029279], [-92.50443999984793, 44.06530300003781], [-92.50502999985183, 44.06529999983606], [-92.50508000008054, 44.06529999983606], [-92.5070500001087, 44.06529000002308], [-92.50724000007952, 44.06529000002308], [-92.50771000043281, 44.065282999765735], [-92.50880000002887, 44.06526999974667], [-92.50944000026146, 44.06525999992868], [-92.50946600020075, 44.06525999992868], [-92.51028999965804, 44.06525999992868], [-92.511463999818, 44.06525099996193], [-92.51163899972019, 44.06525000010899], [-92.5117099998653, 44.06525000010899], [-92.51212999998987, 44.06522999981901], [-92.5124200004181, 44.065219999994255], [-92.51281999955286, 44.065159999719235], [-92.51293699972872, 44.06513599997952], [-92.51312000002683, 44.065100000028885], [-92.51360999957328, 44.06497999982027], [-92.51413000015529, 44.06480999991518], [-92.51523200034522, 44.064318999942685], [-92.51548000004234, 44.06420999995509], [-92.5159899996803, 44.064019999722], [-92.5161599995596, 44.06396000016722], [-92.51662999991288, 44.06382000010887], [-92.51676700018024, 44.06379200031565], [-92.5170890003955, 44.06372699984554], [-92.51721999991676, 44.063699999887525], [-92.51780999992064, 44.063650000100026], [-92.51826000018245, 44.06360999972328], [-92.51918499992208, 44.06355800009674], [-92.51988000040626, 44.06352000006768], [-92.51999500003399, 44.06351199971873], [-92.52017999998192, 44.063499999838776], [-92.520756999567, 44.06348299989705], [-92.52125000038482, 44.063470000128206], [-92.52181000025146, 44.06346000000615], [-92.52216000005583, 44.06344999988235], [-92.52228800010235, 44.063443999936396], [-92.52238000016385, 44.06343999975691], [-92.52304600033573, 44.06343499969357], [-92.52350900011798, 44.06343200004266], [-92.52358399956277, 44.06343200004266], [-92.52381000041687, 44.063430000275304], [-92.52406999980957, 44.063430000275304]]]}}, {"type": "Feature", "properties": {"tract_id": "27109001501", "name": "Tract Census Tract 15.01", "pct_white_2020": 72.2, "pct_black_2020": 10.7, "pct_hispanic_2020": 4.9, "pct_asian_2020": 6.3, "population_2020": 2950, "is_sample_data": false, "pct_white_1970": 95.3, "pct_black_1970": 11.5, "pct_hispanic_1970": 3.5, "pct_asian_1970": 1.0, "pct_white_1990": 79.8, "pct_black_1990": 8.7, "pct_hispanic_1990": 2.8, "pct_asian_1990": 2.7}, "geometry": {"type": "Polygon", "coordinates": [[[-92.49796999989674, 44.061619999791404], [-92.49793999975951, 44.06154999994157], [-92.49789999957655, 44.06148000000898], [-92.4971000004087, 44.060009999735854], [-92.49662000000966, 44.0590799997507], [-92.4964750002447, 44.058758999719444], [-92.4960800002345, 44.05789000003262], [-92.49561999992697, 44.05700000002347], [-92.49435000040582, 44.05462799984799], [-92.49403999988611, 44.054050000279204], [-92.49345400008019, 44.05303200030895], [-92.49246400004324, 44.051314000050745], [-92.49187900006223, 44.0502989998525], [-92.49125999974603, 44.04926999991137], [-92.49061500038887, 44.048338000132844], [-92.49043000044095, 44.04806999983996], [-92.48952499989448, 44.0468689998295], [-92.48944999955143, 44.04676999971531], [-92.48932999990082, 44.04664800011668], [-92.4890899997013, 44.04673000020273], [-92.4889700000507, 44.04680000013916], [-92.48885899972262, 44.046875999681305], [-92.48884000035436, 44.04689000002808], [-92.4887800000799, 44.04699000010303], [-92.48875999998843, 44.047129999924294], [-92.48875999998843, 44.04766600005557], [-92.48875999998843, 44.04793999982007], [-92.48875999998843, 44.04806199998603], [-92.48875999998843, 44.04817999998161], [-92.48875300031573, 44.048428000267634], [-92.48874999994267, 44.048550000074144], [-92.48873999989694, 44.04890700005431], [-92.4887299998512, 44.049320000220696], [-92.48873599969897, 44.04998099968433], [-92.48873999989694, 44.050340000288], [-92.48874300026999, 44.05052299980694], [-92.48874999994267, 44.05088000016225], [-92.48874999994267, 44.05107499976774], [-92.48874999994267, 44.05125999977668], [-92.48859000010911, 44.05125999977668], [-92.48846100023768, 44.05128000026654], [-92.48833999986385, 44.05130000010399], [-92.48773999981424, 44.051459999851765], [-92.48762199981346, 44.05150200021429], [-92.4873499998269, 44.05160000008349], [-92.48712999971886, 44.05166799991065], [-92.48681000005172, 44.051769999827776], [-92.4864769999658, 44.05188499994771], [-92.48626000023081, 44.051959999989904], [-92.48593999966536, 44.052070000009024], [-92.48575399989252, 44.05212200004087], [-92.48422200043058, 44.05255399973203], [-92.48371199989433, 44.05269800022007], [-92.48349000013647, 44.052759999694636], [-92.48340100044801, 44.05278099974148], [-92.48244599967283, 44.05291000005028], [-92.48212799965552, 44.05295400015135], [-92.48183599957747, 44.0530160000036], [-92.481310000046, 44.05313000022892], [-92.48109999998373, 44.0531999997035], [-92.48098199998294, 44.05326800027602], [-92.48083999969272, 44.053350000235895], [-92.48074000013361, 44.05343999985648], [-92.48055799966042, 44.053591999880695], [-92.48001200003746, 44.05404800019495], [-92.47982999956427, 44.05419999994981], [-92.47967999977644, 44.05432000005837], [-92.47920699994845, 44.05463400004182], [-92.4790499995896, 44.05474000013732], [-92.47901000030494, 44.05474000013732], [-92.47889399995398, 44.05467800015321], [-92.47885999961879, 44.054660000228985], [-92.47868999973949, 44.05458000021252], [-92.4785299999059, 44.05456000019155], [-92.47840400040754, 44.05456599974666], [-92.47834999998085, 44.0545699998801], [-92.478240000376, 44.05460999990857], [-92.47788999967331, 44.0547230002627], [-92.47704000027676, 44.054999999738676], [-92.47684100008512, 44.05505899995614], [-92.47673999980279, 44.055090000079645], [-92.4764800004101, 44.05510999992166], [-92.4764519999227, 44.05523999969832], [-92.47644000022713, 44.05529999969769], [-92.47625100008125, 44.05558199978405], [-92.4761769995631, 44.055694000205804], [-92.47602000010257, 44.0559299998938], [-92.47598499994245, 44.05599399987682], [-92.47573999972008, 44.056449999771345], [-92.47567000029821, 44.05675000013136], [-92.47562099989439, 44.05699000009968], [-92.47554999974929, 44.05734000030036], [-92.47550000041889, 44.05757999981407], [-92.4754100000072, 44.05777999984932], [-92.4753670003495, 44.057833000010106], [-92.47529000035661, 44.05792999975516], [-92.474650000124, 44.05839999979702], [-92.47408799970923, 44.05878699995639], [-92.4736500000413, 44.05908999996709], [-92.47347599996402, 44.05920899989449], [-92.47335999961308, 44.0592900000663], [-92.47314000040335, 44.05942999986289], [-92.47299399991519, 44.05960999985274], [-92.47289000015812, 44.05974000007888], [-92.47287000006662, 44.05977999984275], [-92.47316999964228, 44.059919999771836], [-92.47326799955157, 44.0599739998958], [-92.47341999988753, 44.06006000001543], [-92.47356999967535, 44.06017999986848], [-92.47381999992061, 44.060440000114454], [-92.47389000024081, 44.060559999842866], [-92.47399999984567, 44.060750000206525], [-92.47406299959485, 44.06098699967979], [-92.47407000016587, 44.06100999988596], [-92.47407000016587, 44.06143000028311], [-92.47407000016587, 44.06148000000898], [-92.47406000012013, 44.06155999974072], [-92.47438599963505, 44.06155999974072], [-92.47706000036824, 44.06155999974072], [-92.48144300011539, 44.06158799994407], [-92.48532000042256, 44.06163000022427], [-92.48793900000587, 44.061647000052524], [-92.48796499994512, 44.061675000214706], [-92.48800400030319, 44.06169999997947], [-92.48885000040012, 44.06169000020396], [-92.48963000037479, 44.06169999997947], [-92.49225999982872, 44.06167999978123], [-92.49461999984426, 44.061660000221714], [-92.49476999963207, 44.061660000221714], [-92.49517200021329, 44.06166599970294], [-92.49564599986623, 44.061656999835336], [-92.4958690003473, 44.061650999707666], [-92.49664599994894, 44.06163100013836], [-92.49796999989674, 44.061619999791404]]]}}, {"type": "Feature", "properties": {"tract_id": "27109001302", "name": "Tract Census Tract 13.02", "pct_white_2020": 81.8, "pct_black_2020": 5.9, "pct_hispanic_2020": 0.7, "pct_asian_2020": 8.9, "population_2020": 5034, "is_sample_data": false, "pct_white_1970": 98, "pct_black_1970": 6.3, "pct_hispanic_1970": 6.3, "pct_asian_1970": 1.4, "pct_white_1990": 91.6, "pct_black_1990": 5.5, "pct_hispanic_1990": 1.7, "pct_asian_1990": 4.0}, "geometry": {"type": "Polygon", "coordinates": [[[-92.55824999985165, 44.03281000015885], [-92.55824999985165, 44.032490000231086], [-92.55824900002675, 44.03234700010843], [-92.55824200035406, 44.03096100021736], [-92.55823999980592, 44.03050000016437], [-92.55823999980592, 44.02992500029997], [-92.55823999980592, 44.02836000031236], [-92.55823700033118, 44.02820300032058], [-92.55822999976016, 44.02762999981704], [-92.55822999976016, 44.02728500026789], [-92.55822999976016, 44.02708999985914], [-92.55822200026256, 44.02625300014931], [-92.55821999971442, 44.02591000007915], [-92.55821999971442, 44.025304999942236], [-92.55821999971442, 44.024910000225844], [-92.55820999966869, 44.02448999985598], [-92.5581970001482, 44.02349400024213], [-92.55818999957721, 44.022889999915904], [-92.55818700010246, 44.022639000175516], [-92.55818000042977, 44.02203999986465], [-92.5581829999045, 44.0218890002093], [-92.55818999957721, 44.0216399999933], [-92.5573870000363, 44.02163700016331], [-92.55498099999004, 44.02162999991352], [-92.55484999957045, 44.02162999991352], [-92.55418000009897, 44.02165199995768], [-92.5539299998537, 44.02166499986246], [-92.5536699995627, 44.02168999972108], [-92.55341199981984, 44.021740999994265], [-92.55331999975833, 44.02176000017347], [-92.55280000007467, 44.021920000251214], [-92.55125799966864, 44.02259799994715], [-92.55054999966399, 44.022910000294715], [-92.55040999992191, 44.02297000009877], [-92.549747999948, 44.023241999913026], [-92.54955999962702, 44.02331999979102], [-92.54942999993068, 44.023370000039755], [-92.5490099998061, 44.02351999988703], [-92.54860999977303, 44.02362999974912], [-92.54795000034726, 44.02371999995421], [-92.54775000033072, 44.0237299996815], [-92.54763999982755, 44.023740000053046], [-92.54738000043487, 44.02376000014508], [-92.54721700022826, 44.02376299986766], [-92.54635000021494, 44.02378000023038], [-92.54627999989474, 44.023789999947546], [-92.54625099958243, 44.02379099985456], [-92.54541000040669, 44.02381000002272], [-92.54444999960863, 44.02378000023038], [-92.54378699980983, 44.02373499986746], [-92.54297000002522, 44.023679999736395], [-92.54289999970501, 44.02367000000068], [-92.54003000005156, 44.02345999999366], [-92.53878999976935, 44.02334999981613], [-92.53834000040587, 44.023259999695235], [-92.53793000032704, 44.02313999996744], [-92.53748000006523, 44.02297000009877], [-92.53708000003216, 44.022810000270994], [-92.53690000010711, 44.022729999872226], [-92.53627900014109, 44.022433000111924], [-92.53601999967499, 44.02231000020615], [-92.5359200001159, 44.02225999970931], [-92.53547800025002, 44.022069999891535], [-92.53526999983755, 44.021979999765286], [-92.53507999986674, 44.02193000028212], [-92.53497000026191, 44.02189000014842], [-92.5346899998794, 44.02180999980006], [-92.53434000007503, 44.021740000052674], [-92.53384999963028, 44.021660000147875], [-92.53379899957666, 44.0216570003189], [-92.53375000007115, 44.021653999843814], [-92.533675999553, 44.02165000007143], [-92.5336479999639, 44.02164800018512], [-92.5335979997352, 44.021644999709615], [-92.53335000003808, 44.02162999991352], [-92.53194999992229, 44.02165000007143], [-92.53181799967781, 44.02165000007143], [-92.53178000004297, 44.02165000007143], [-92.53164299977561, 44.02164700024195], [-92.53031999965273, 44.02161999983201], [-92.52975999978608, 44.02155999995356], [-92.52956099959445, 44.0215230000521], [-92.52937999984448, 44.02148899996517], [-92.52932999961578, 44.02147999980588], [-92.52893999962843, 44.02137999995396], [-92.52885099993996, 44.021345999784984], [-92.52868000023575, 44.021280999882684], [-92.52838999980753, 44.02117000023266], [-92.52818499976811, 44.021083999842936], [-92.52770000024454, 44.02088000010211], [-92.52729000016569, 44.02073000003486], [-92.52673000029905, 44.02056999997547], [-92.52645400011453, 44.02050999968042], [-92.5262699999915, 44.02046999988059], [-92.52580999968399, 44.0204199997699], [-92.52514000021247, 44.02037000026302], [-92.52441399976614, 44.02030999976553], [-92.52417000026698, 44.02028999980152], [-92.52294000003053, 44.020209999878105], [-92.52232999993515, 44.02016000019413], [-92.52185000043444, 44.020129999846695], [-92.52133999989819, 44.020149999864685], [-92.52112099961506, 44.02016899990778], [-92.5208899996364, 44.02018999988036], [-92.52003000019408, 44.02037000026302], [-92.51968200003954, 44.02044500015351], [-92.51942799959632, 44.02050100001849], [-92.5187000003985, 44.02066000030423], [-92.51848799978806, 44.02070399981236], [-92.51732600022197, 44.02094599975311], [-92.51712000035766, 44.020989999694926], [-92.51710600011396, 44.02099200024936], [-92.51706799958079, 44.02099999988265], [-92.51705500006032, 44.02100299974486], [-92.51686099989156, 44.02104099992429], [-92.51628000010852, 44.02116000007356], [-92.5161799996511, 44.02117999974409], [-92.51615000041217, 44.02118999989977], [-92.51609000013771, 44.0212000000538], [-92.51609000013771, 44.02124299985713], [-92.51609299961245, 44.021373000319755], [-92.51609400033568, 44.02141699994467], [-92.51609400033568, 44.02143099984785], [-92.51609400033568, 44.021474000129615], [-92.51609500016059, 44.02148899996517], [-92.51609799963533, 44.02169400013673], [-92.51610000018347, 44.02178999969613], [-92.51610000018347, 44.02247700024207], [-92.51610000018347, 44.02260999971758], [-92.5161599995596, 44.02417000022218], [-92.51616999960535, 44.02507000019919], [-92.5161799996511, 44.02544099981601], [-92.51620999978832, 44.026429999976], [-92.51623999992555, 44.02748999977402], [-92.5162430002986, 44.02764800020456], [-92.51627000006279, 44.02886999988036], [-92.51634600023075, 44.03130100013602], [-92.51636999962189, 44.03205999970627], [-92.51636999962189, 44.03252000013624], [-92.51654000039952, 44.03252000013624], [-92.51657600038453, 44.03252200030163], [-92.51671000027883, 44.032530000316534], [-92.51719300015259, 44.03254400017861], [-92.51739999984181, 44.032550000026255], [-92.51766199978265, 44.032561999719626], [-92.51844799960512, 44.03259800007697], [-92.51871000044424, 44.03260999976063], [-92.51891999960822, 44.032619999925735], [-92.5190230004387, 44.032622999845785], [-92.51996499989677, 44.03264999976513], [-92.52028000043933, 44.03265999992349], [-92.52092999981936, 44.03268000023514], [-92.52142000026413, 44.032696999978036], [-92.5237200000052, 44.03277999975465], [-92.5248399997385, 44.032823999954786], [-92.5259799995633, 44.032870000275835], [-92.52600300002783, 44.03287100002974], [-92.52632600006802, 44.032881999904475], [-92.52736399978556, 44.03291899982047], [-92.52765000001583, 44.032929999686296], [-92.52771000029027, 44.0329399997974], [-92.5284869998919, 44.032957000111566], [-92.52906000017735, 44.032970000120606], [-92.53001000003134, 44.033019999979686], [-92.5308169997702, 44.0330669998992], [-92.53103000020553, 44.03307999988411], [-92.53159000007219, 44.03314999980343], [-92.53181000018022, 44.03317200009317], [-92.53217000003032, 44.033210000222084], [-92.53246999960596, 44.03324999982157], [-92.532689999714, 44.03327999998783], [-92.53310700036384, 44.03333300011533], [-92.5340200004079, 44.03344999999741], [-92.53428999984632, 44.03348000006244], [-92.53436099999143, 44.033487999948065], [-92.53478000029108, 44.03354099988948], [-92.53486800015463, 44.0335509998975], [-92.53513400029343, 44.0335839997828], [-92.53522299998188, 44.03359500017103], [-92.53525999979182, 44.03360000017069], [-92.5353719999448, 44.03361500016714], [-92.53540999957963, 44.03362099990636], [-92.53546800020425, 44.0336289997729], [-92.53554000017428, 44.03364000015282], [-92.53564200028154, 44.03365200027134], [-92.53570099983277, 44.03365899974736], [-92.53573599999288, 44.0336630000011], [-92.5358439999479, 44.033675000115004], [-92.53587999993292, 44.03368000010791], [-92.53622800008745, 44.03372099977551], [-92.53715000035237, 44.03382999969904], [-92.53727199965279, 44.0338450002831], [-92.53761999980733, 44.03389000007501], [-92.53770099999818, 44.03390000002413], [-92.53794600022056, 44.03392999986136], [-92.53802800023632, 44.03393999980372], [-92.53805800037357, 44.03394300030279], [-92.53811500027497, 44.0339499997444], [-92.53815700010776, 44.03395499971411], [-92.53817800002416, 44.03395800021242], [-92.5382299999027, 44.033963999916864], [-92.53835999959902, 44.03398000020215], [-92.5385470000951, 44.03400099980316], [-92.53867699979145, 44.03401599969811], [-92.53874200008877, 44.03402299977694], [-92.53888699985373, 44.0340390000463], [-92.53891199996808, 44.03404199989452], [-92.5389479999531, 44.03404600012245], [-92.5390059996794, 44.03405300019773], [-92.53938800016914, 44.03409599971955], [-92.54053700021475, 44.03422599976622], [-92.5409199996311, 44.03427000018437], [-92.54094599957037, 44.03427500012708], [-92.54096999985981, 44.034280000069366], [-92.54099999999704, 44.034282999905386], [-92.54102699976123, 44.03428599974126], [-92.54105400042371, 44.03428999995267], [-92.54176300025328, 44.03437399981001], [-92.54189999962233, 44.0343899999846], [-92.54232700031788, 44.03444400013834], [-92.54291999979652, 44.03452000003215], [-92.54427999972931, 44.034679999897904], [-92.54540000036096, 44.034809999955066], [-92.54614699982535, 44.03490200006166], [-92.54741999971954, 44.035060000108004], [-92.5482270003567, 44.03516299992364], [-92.55046000015061, 44.03545000015218], [-92.55065199977123, 44.03545499999533], [-92.55111999957637, 44.035470000168054], [-92.5514650002562, 44.03550399998578], [-92.5515299996552, 44.03551000017952], [-92.55172999967175, 44.0355660000211], [-92.55177999990048, 44.03557999981178], [-92.55198999996274, 44.0356699999555], [-92.55227000034522, 44.03584999983286], [-92.55229100026162, 44.03586900001048], [-92.55242000013305, 44.03597999990658], [-92.55263000019535, 44.03616999969996], [-92.55292100044848, 44.03643899992231], [-92.55383100011949, 44.03588800018196], [-92.55453999994906, 44.035459999838054], [-92.5545859999798, 44.03543299990731], [-92.55680999955288, 44.034150000141146], [-92.55824999985165, 44.03324999982157], [-92.55824999985165, 44.03316200002121], [-92.55824999985165, 44.03289700008265], [-92.55824999985165, 44.03281000015885]]]}}]}