{"type": "FeatureCollection", "features": [{"type": "Feature", "properties": {"tract_id": "36061021303", "name": "Census Tract 213.03", "pct_white_2020": 20.3, "pct_black_2020": 38.5, "pct_hispanic_2020": 31.9, "pct_asian_2020": 5.8, "population_2020": 6539}, "geometry": {"type": "Polygon", "coordinates": [[[-73.95546, 40.81449], [-73.95571, 40.81414], [-73.9552, 40.81355], [-73.95408, 40.81228], [-73.95354, 40.81205], [-73.9521, 40.81144], [-73.95151, 40.81201], [-73.95093, 40.81258], [-73.95177, 40.81294], [-73.95132, 40.81357], [-73.95086, 40.81419], [-73.95297, 40.81507], [-73.95287, 40.81585], [-73.95276, 40.81654], [-73.95227, 40.81722], [-73.95177, 40.81791], [-73.95088, 40.8184], [-73.9522, 40.81895], [-73.95272, 40.81824], [-73.95319, 40.81759], [-73.95356, 40.81708], [-73.95409, 40.81636], [-73.95455, 40.81574], [-73.955, 40.81511], [-73.95546, 40.81449]]]}}, {"type": "Feature", "properties": {"tract_id": "36061023100", "name": "Census Tract 231", "pct_white_2020": 16.0, "pct_black_2020": 32.1, "pct_hispanic_2020": 41.7, "pct_asian_2020": 2.8, "population_2020": 6787}, "geometry": {"type": "Polygon", "coordinates": [[[-73.94712, 40.8259], [-73.9476, 40.82523], [-73.94622, 40.82465], [-73.94476, 40.82403], [-73.94384, 40.82365], [-73.94292, 40.82326], [-73.94243, 40.82391], [-73.94196, 40.82455], [-73.9415, 40.82517], [-73.94105, 40.82579], [-73.9406, 40.82641], [-73.9411, 40.82671], [-73.94154, 40.82682], [-73.94245, 40.82721], [-73.94278, 40.82734], [-73.9439, 40.82782], [-73.94529, 40.8284], [-73.94575, 40.82778], [-73.9462, 40.82715], [-73.94666, 40.82653], [-73.94712, 40.8259]]]}}, {"type": "Feature", "properties": {"tract_id": "36061023802", "name": "Census Tract 238.02", "pct_white_2020": 36.3, "pct_black_2020": 14.3, "pct_hispanic_2020": 13.2, "pct_asian_2020": 31.4, "population_2020": 5340}, "geometry": {"type": "Polygon", "coordinates": [[[-73.94997, 40.76365], [-73.94983, 40.76359], [-73.94914, 40.76404], [-73.94845, 40.76348], [-73.94805, 40.76371], [-73.94776, 40.76407], [-73.94771, 40.76412], [-73.94764, 40.76419], [-73.94749, 40.76412], [-73.94738, 40.76407], [-73.94734, 40.76409], [-73.94729, 40.76411], [-73.94724, 40.76413], [-73.94718, 40.76414], [-73.94713, 40.76411], [-73.94702, 40.76406], [-73.94698, 40.76404], [-73.9467, 40.7639], [-73.94663, 40.76387], [-73.94472, 40.76288], [-73.9435, 40.7645], [-73.94158, 40.76662], [-73.94131, 40.76692], [-73.94046, 40.76753], [-73.94035, 40.76765], [-73.93984, 40.76799], [-73.9382, 40.76873], [-73.9364, 40.76947], [-73.93532, 40.77049], [-73.93496, 40.77173], [-73.93747, 40.7725], [-73.94004, 40.77295], [-73.94015, 40.77295], [-73.94019, 40.77295], [-73.94024, 40.77294], [-73.94029, 40.77293], [-73.94073, 40.77246], [-73.94142, 40.77231], [-73.94215, 40.77204], [-73.94466, 40.76985], [-73.94484, 40.7696], [-73.94507, 40.76927], [-73.94514, 40.76911], [-73.94521, 40.76893], [-73.9454, 40.76865], [-73.94773, 40.76608], [-73.9491, 40.76438], [-73.94934, 40.76434], [-73.94997, 40.76365]]]}}, {"type": "Feature", "properties": {"tract_id": "36061031704", "name": "Census Tract 317.04", "pct_white_2020": 60.4, "pct_black_2020": 1.4, "pct_hispanic_2020": 10.3, "pct_asian_2020": 26.1, "population_2020": 10540}, "geometry": {"type": "Polygon", "coordinates": [[[-74.02529, 40.70726], [-74.02568, 40.70476], [-74.01976, 40.70416], [-74.01968, 40.70415], [-74.01951, 40.70385], [-74.01864, 40.70415], [-74.01755, 40.70428], [-74.01677, 40.70458], [-74.01664, 40.70463], [-74.01663, 40.7048], [-74.01661, 40.70496], [-74.01658, 40.70509], [-74.01642, 40.70548], [-74.01613, 40.70624], [-74.01596, 40.70668], [-74.01583, 40.70698], [-74.01577, 40.70715], [-74.01575, 40.70719], [-74.01569, 40.7073], [-74.01561, 40.70749], [-74.01559, 40.70753], [-74.01553, 40.70767], [-74.01551, 40.70771], [-74.0152, 40.70846], [-74.01486, 40.70939], [-74.0147, 40.70978], [-74.01453, 40.71037], [-74.01436, 40.71101], [-74.01461, 40.71111], [-74.01579, 40.71157], [-74.01663, 40.71212], [-74.01734, 40.71225], [-74.01789, 40.71236], [-74.01859, 40.7122], [-74.0244, 40.71311], [-74.02468, 40.71127], [-74.02495, 40.70947], [-74.02513, 40.70834], [-74.02529, 40.70726]]]}}, {"type": "Feature", "properties": {"tract_id": "36061018000", "name": "Census Tract 180", "pct_white_2020": 14.1, "pct_black_2020": 26.0, "pct_hispanic_2020": 52.6, "pct_asian_2020": 6.3, "population_2020": 6970}, "geometry": {"type": "Polygon", "coordinates": [[[-73.9428, 40.79413], [-73.94327, 40.79349], [-73.94103, 40.79255], [-73.93865, 40.79156], [-73.93819, 40.79219], [-73.93774, 40.79282], [-73.93726, 40.79347], [-73.93681, 40.79409], [-73.93636, 40.7947], [-73.93591, 40.79531], [-73.93752, 40.79598], [-73.93795, 40.79616], [-73.93828, 40.7963], [-73.94052, 40.79726], [-73.94093, 40.7967], [-73.94141, 40.79604], [-73.94188, 40.79541], [-73.94235, 40.79476], [-73.9428, 40.79413]]]}}, {"type": "Feature", "properties": {"tract_id": "36061006600", "name": "Census Tract 66", "pct_white_2020": 56.7, "pct_black_2020": 8.4, "pct_hispanic_2020": 12.2, "pct_asian_2020": 18.1, "population_2020": 11615}, "geometry": {"type": "Polygon", "coordinates": [[[-73.98221, 40.74012], [-73.98266, 40.7395], [-73.98042, 40.73855], [-73.97805, 40.73755], [-73.9776, 40.73817], [-73.97715, 40.7388], [-73.9767, 40.73941], [-73.97625, 40.74003], [-73.97615, 40.74017], [-73.9758, 40.74064], [-73.97817, 40.74164], [-73.97865, 40.74185], [-73.97997, 40.7424], [-73.98041, 40.74259], [-73.98086, 40.74197], [-73.98131, 40.74135], [-73.98162, 40.74092], [-73.98176, 40.74073], [-73.98221, 40.74012]]]}}, {"type": "Feature", "properties": {"tract_id": "36061008000", "name": "Census Tract 80", "pct_white_2020": 65.3, "pct_black_2020": 6.2, "pct_hispanic_2020": 9.4, "pct_asian_2020": 17.1, "population_2020": 5137}, "geometry": {"type": "Polygon", "coordinates": [[[-73.9804, 40.74837], [-73.98085, 40.74775], [-73.97924, 40.74707], [-73.97878, 40.74688], [-73.97864, 40.74681], [-73.97848, 40.74675], [-73.97823, 40.74664], [-73.97764, 40.74639], [-73.97719, 40.74701], [-73.97673, 40.74763], [-73.97635, 40.74815], [-73.97629, 40.74825], [-73.97583, 40.74886], [-73.97538, 40.74948], [-73.97494, 40.7501], [-73.97445, 40.75077], [-73.97605, 40.75144], [-73.97711, 40.75188], [-73.97768, 40.75212], [-73.97816, 40.75146], [-73.97861, 40.75084], [-73.97906, 40.75022], [-73.9795, 40.7496], [-73.97995, 40.74898], [-73.9804, 40.74837]]]}}, {"type": "Feature", "properties": {"tract_id": "36061001001", "name": "Census Tract 10.01", "pct_white_2020": 67.8, "pct_black_2020": 1.7, "pct_hispanic_2020": 13.0, "pct_asian_2020": 10.0, "population_2020": 1696}, "geometry": {"type": "Polygon", "coordinates": [[[-73.97949, 40.71489], [-73.97996, 40.71397], [-73.97929, 40.71376], [-73.97874, 40.7136], [-73.97852, 40.71353], [-73.97843, 40.7135], [-73.97759, 40.71325], [-73.97738, 40.71319], [-73.97725, 40.71315], [-73.97593, 40.71291], [-73.97279, 40.70938], [-73.97231, 40.70907], [-73.97057, 40.70755], [-73.97032, 40.70733], [-73.97024, 40.70737], [-73.97014, 40.70741], [-73.96961, 40.70763], [-73.96985, 40.70799], [-73.96989, 40.70877], [-73.96994, 40.70931], [-73.96961, 40.71016], [-73.96913, 40.71214], [-73.96907, 40.71238], [-73.96905, 40.71248], [-73.96902, 40.71251], [-73.96899, 40.71253], [-73.96894, 40.71257], [-73.96889, 40.71262], [-73.96886, 40.71265], [-73.97523, 40.71458], [-73.97634, 40.71492], [-73.9764, 40.71493], [-73.97645, 40.71495], [-73.97655, 40.71498], [-73.97661, 40.715], [-73.97659, 40.71505], [-73.97646, 40.7153], [-73.97724, 40.71548], [-73.97792, 40.71565], [-73.97808, 40.71569], [-73.97844, 40.7158], [-73.97854, 40.71584], [-73.97891, 40.71595], [-73.97899, 40.7158], [-73.97902, 40.71575], [-73.9791, 40.71561], [-73.97913, 40.71555], [-73.97922, 40.7154], [-73.97949, 40.71489]]]}}, {"type": "Feature", "properties": {"tract_id": "36061007700", "name": "Census Tract 77", "pct_white_2020": 80.8, "pct_black_2020": 0.6, "pct_hispanic_2020": 6.6, "pct_asian_2020": 2.9, "population_2020": 5706}, "geometry": {"type": "Polygon", "coordinates": [[[-74.00583, 40.73653], [-74.00596, 40.73585], [-74.00513, 40.73596], [-74.00353, 40.73618], [-74.00195, 40.73641], [-74.00109, 40.73656], [-74.00065, 40.73723], [-74.00018, 40.73786], [-73.99968, 40.73855], [-74.0007, 40.73898], [-74.00128, 40.73923], [-74.00178, 40.73944], [-74.00252, 40.73975], [-74.00274, 40.73984], [-74.00506, 40.74082], [-74.00516, 40.74086], [-74.00529, 40.74002], [-74.00539, 40.73941], [-74.00549, 40.73875], [-74.00559, 40.73814], [-74.00569, 40.73755], [-74.00577, 40.73717], [-74.00586, 40.73693], [-74.00583, 40.73653]]]}}, {"type": "Feature", "properties": {"tract_id": "36061011201", "name": "Census Tract 112.01", "pct_white_2020": 73.0, "pct_black_2020": 1.7, "pct_hispanic_2020": 5.6, "pct_asian_2020": 16.8, "population_2020": 936}, "geometry": {"type": "Polygon", "coordinates": [[[-73.9772, 40.76432], [-73.97769, 40.76364], [-73.97446, 40.76229], [-73.97397, 40.76297], [-73.97346, 40.76366], [-73.97301, 40.76428], [-73.97364, 40.76457], [-73.97623, 40.76568], [-73.9767, 40.765], [-73.9772, 40.76432]]]}}, {"type": "Feature", "properties": {"tract_id": "36061017401", "name": "Census Tract 174.01", "pct_white_2020": 13.9, "pct_black_2020": 33.9, "pct_hispanic_2020": 41.3, "pct_asian_2020": 8.8, "population_2020": 5508}, "geometry": {"type": "Polygon", "coordinates": [[[-73.95061, 40.79497], [-73.95111, 40.79429], [-73.94951, 40.79361], [-73.9479, 40.79293], [-73.94741, 40.7936], [-73.94695, 40.79423], [-73.94648, 40.79486], [-73.94604, 40.79547], [-73.94765, 40.79616], [-73.94885, 40.7967], [-73.94922, 40.79691], [-73.94941, 40.79663], [-73.94969, 40.79622], [-73.95016, 40.79559], [-73.95061, 40.79497]]]}}, {"type": "Feature", "properties": {"tract_id": "36061015602", "name": "Census Tract 156.02", "pct_white_2020": 23.8, "pct_black_2020": 13.8, "pct_hispanic_2020": 49.3, "pct_asian_2020": 13.0, "population_2020": 2212}, "geometry": {"type": "Polygon", "coordinates": [[[-73.94911, 40.78549], [-73.94933, 40.78519], [-73.94892, 40.78502], [-73.94868, 40.78492], [-73.94707, 40.78424], [-73.94472, 40.78325], [-73.94422, 40.78393], [-73.94332, 40.78517], [-73.9457, 40.78617], [-73.94613, 40.78636], [-73.94633, 40.78644], [-73.94792, 40.78712], [-73.94838, 40.7865], [-73.94883, 40.78588], [-73.94911, 40.78549]]]}}, {"type": "Feature", "properties": {"tract_id": "36061020101", "name": "Census Tract 201.01", "pct_white_2020": 52.2, "pct_black_2020": 11.1, "pct_hispanic_2020": 8.4, "pct_asian_2020": 22.9, "population_2020": 1858}, "geometry": {"type": "Polygon", "coordinates": [[[-73.96155, 40.80614], [-73.96201, 40.80551], [-73.96007, 40.80471], [-73.95995, 40.80506], [-73.95983, 40.80543], [-73.95936, 40.80612], [-73.95841, 40.80742], [-73.95979, 40.80799], [-73.96011, 40.80812], [-73.96105, 40.80682], [-73.96132, 40.80646], [-73.96136, 40.8064], [-73.96155, 40.80614]]]}}, {"type": "Feature", "properties": {"tract_id": "36061022200", "name": "Census Tract 222", "pct_white_2020": 31.4, "pct_black_2020": 43.8, "pct_hispanic_2020": 7.3, "pct_asian_2020": 4.2, "population_2020": 3350}, "geometry": {"type": "Polygon", "coordinates": [[[-73.95213, 40.80886], [-73.95258, 40.80824], [-73.94974, 40.80704], [-73.9469, 40.80584], [-73.94644, 40.80647], [-73.94598, 40.8071], [-73.94548, 40.80777], [-73.94499, 40.80845], [-73.94784, 40.80964], [-73.95068, 40.81084], [-73.95117, 40.81017], [-73.95166, 40.80949], [-73.95213, 40.80886]]]}}, {"type": "Feature", "properties": {"tract_id": "36061013800", "name": "Census Tract 138", "pct_white_2020": 74.3, "pct_black_2020": 1.5, "pct_hispanic_2020": 10.4, "pct_asian_2020": 10.1, "population_2020": 12826}, "geometry": {"type": "Polygon", "coordinates": [[[-73.9568, 40.77497], [-73.95729, 40.77428], [-73.95672, 40.77404], [-73.95506, 40.77334], [-73.95466, 40.77317], [-73.95409, 40.77293], [-73.95347, 40.77267], [-73.95269, 40.77234], [-73.95219, 40.77302], [-73.95186, 40.77346], [-73.95178, 40.77358], [-73.95177, 40.77359], [-73.95172, 40.77366], [-73.95126, 40.77429], [-73.9508, 40.77493], [-73.95034, 40.77556], [-73.95086, 40.77578], [-73.95094, 40.77582], [-73.95223, 40.77636], [-73.95271, 40.77656], [-73.95494, 40.7775], [-73.95541, 40.77687], [-73.95587, 40.77624], [-73.95633, 40.7756], [-73.95658, 40.77526], [-73.95678, 40.77499], [-73.9568, 40.77497]]]}}, {"type": "Feature", "properties": {"tract_id": "36061007400", "name": "Census Tract 74", "pct_white_2020": 70.2, "pct_black_2020": 4.3, "pct_hispanic_2020": 6.3, "pct_asian_2020": 18.2, "population_2020": 5056}, "geometry": {"type": "Polygon", "coordinates": [[[-73.98685, 40.7453], [-73.9873, 40.74468], [-73.9857, 40.74401], [-73.98408, 40.74333], [-73.98363, 40.74395], [-73.98318, 40.74456], [-73.98273, 40.74518], [-73.98228, 40.7458], [-73.98183, 40.74642], [-73.98136, 40.74715], [-73.98085, 40.74775], [-73.98247, 40.74843], [-73.98408, 40.7491], [-73.98456, 40.74844], [-73.98505, 40.74777], [-73.9855, 40.74715], [-73.98595, 40.74654], [-73.98639, 40.74592], [-73.98685, 40.7453]]]}}, {"type": "Feature", "properties": {"tract_id": "36061003200", "name": "Census Tract 32", "pct_white_2020": 73.3, "pct_black_2020": 2.8, "pct_hispanic_2020": 10.5, "pct_asian_2020": 7.7, "population_2020": 7523}, "geometry": {"type": "Polygon", "coordinates": [[[-73.98705, 40.7252], [-73.9875, 40.72458], [-73.98529, 40.72365], [-73.98296, 40.72267], [-73.98252, 40.72328], [-73.98208, 40.72388], [-73.98164, 40.72449], [-73.98121, 40.72507], [-73.98077, 40.72568], [-73.98033, 40.72628], [-73.97991, 40.72687], [-73.98223, 40.72785], [-73.98266, 40.72726], [-73.98487, 40.72819], [-73.98531, 40.7276], [-73.98575, 40.72699], [-73.98618, 40.72641], [-73.98662, 40.7258], [-73.98705, 40.7252]]]}}, {"type": "Feature", "properties": {"tract_id": "36061026100", "name": "Census Tract 261", "pct_white_2020": 4.6, "pct_black_2020": 1.5, "pct_hispanic_2020": 89.7, "pct_asian_2020": 1.8, "population_2020": 12794}, "geometry": {"type": "Polygon", "coordinates": [[[-73.93727, 40.84448], [-73.93752, 40.84414], [-73.93714, 40.84398], [-73.93613, 40.84355], [-73.93592, 40.84347], [-73.9357, 40.84338], [-73.93467, 40.84296], [-73.93445, 40.84325], [-73.93421, 40.84357], [-73.93372, 40.84425], [-73.93323, 40.84491], [-73.93277, 40.84554], [-73.93233, 40.84615], [-73.93224, 40.84627], [-73.93218, 40.84634], [-73.9321, 40.84646], [-73.93207, 40.8465], [-73.93201, 40.84658], [-73.93198, 40.84662], [-73.93192, 40.84671], [-73.93185, 40.8468], [-73.93139, 40.84743], [-73.93285, 40.84804], [-73.93424, 40.84863], [-73.93469, 40.848], [-73.93477, 40.84789], [-73.93488, 40.84775], [-73.93498, 40.84761], [-73.93508, 40.84749], [-73.93517, 40.84736], [-73.93562, 40.84673], [-73.93608, 40.84611], [-73.93657, 40.84543], [-73.93704, 40.84479], [-73.93727, 40.84448]]]}}, {"type": "Feature", "properties": {"tract_id": "36061022500", "name": "Census Tract 225", "pct_white_2020": 12.5, "pct_black_2020": 22.4, "pct_hispanic_2020": 59.2, "pct_asian_2020": 2.0, "population_2020": 10647}, "geometry": {"type": "Polygon", "coordinates": [[[-73.96358, 40.82664], [-73.96379, 40.82635], [-73.95919, 40.82434], [-73.95741, 40.82327], [-73.95722, 40.82323], [-73.95708, 40.8232], [-73.95651, 40.82312], [-73.95634, 40.82309], [-73.95577, 40.8229], [-73.95573, 40.82289], [-73.9557, 40.82288], [-73.95368, 40.82202], [-73.95291, 40.8217], [-73.95148, 40.8211], [-73.95083, 40.82083], [-73.95038, 40.82144], [-73.94992, 40.82207], [-73.94946, 40.82269], [-73.94901, 40.82331], [-73.94969, 40.8236], [-73.95185, 40.82451], [-73.95368, 40.82531], [-73.95383, 40.82537], [-73.95426, 40.82555], [-73.95485, 40.82582], [-73.95488, 40.82583], [-73.95499, 40.82588], [-73.95746, 40.82687], [-73.96259, 40.8289], [-73.96265, 40.82874], [-73.96358, 40.82664]]]}}, {"type": "Feature", "properties": {"tract_id": "36061004100", "name": "Census Tract 41", "pct_white_2020": 49.6, "pct_black_2020": 1.3, "pct_hispanic_2020": 6.2, "pct_asian_2020": 39.9, "population_2020": 7051}, "geometry": {"type": "Polygon", "coordinates": [[[-73.99942, 40.71868], [-73.99996, 40.71802], [-73.99931, 40.71755], [-73.99859, 40.7171], [-73.99776, 40.71681], [-73.99698, 40.71654], [-73.99606, 40.71623], [-73.99543, 40.71728], [-73.99481, 40.71846], [-73.99442, 40.71939], [-73.99438, 40.71952], [-73.99426, 40.71978], [-73.99403, 40.72032], [-73.9938, 40.72094], [-73.99471, 40.72131], [-73.99546, 40.72162], [-73.99627, 40.72195], [-73.99712, 40.7223], [-73.9974, 40.72145], [-73.99748, 40.72125], [-73.99757, 40.72103], [-73.99766, 40.72084], [-73.99852, 40.71979], [-73.99923, 40.71891], [-73.99942, 40.71868]]]}}, {"type": "Feature", "properties": {"tract_id": "36061002100", "name": "Census Tract 21", "pct_white_2020": 63.5, "pct_black_2020": 6.5, "pct_hispanic_2020": 10.8, "pct_asian_2020": 16.4, "population_2020": 7275}, "geometry": {"type": "Polygon", "coordinates": [[[-74.01338, 40.71441], [-74.0137, 40.71367], [-74.01255, 40.71315], [-74.01166, 40.7128], [-74.01012, 40.71209], [-74.0086, 40.71139], [-74.0081, 40.712], [-74.00767, 40.71253], [-74.00722, 40.71305], [-74.00675, 40.71362], [-74.00631, 40.71417], [-74.00589, 40.71468], [-74.00754, 40.71543], [-74.00882, 40.71601], [-74.0092, 40.71619], [-74.01083, 40.71693], [-74.01097, 40.7163], [-74.01138, 40.71649], [-74.01163, 40.7166], [-74.01256, 40.71703], [-74.01273, 40.71711], [-74.01292, 40.7164], [-74.01303, 40.71595], [-74.0131, 40.71562], [-74.0132, 40.7152], [-74.01323, 40.71506], [-74.01338, 40.71441]]]}}, {"type": "Feature", "properties": {"tract_id": "36061001402", "name": "Census Tract 14.02", "pct_white_2020": 26.8, "pct_black_2020": 7.6, "pct_hispanic_2020": 26.2, "pct_asian_2020": 33.4, "population_2020": 3286}, "geometry": {"type": "Polygon", "coordinates": [[[-73.98788, 40.71741], [-73.98837, 40.71645], [-73.98753, 40.7162], [-73.98672, 40.71595], [-73.98587, 40.7157], [-73.9858, 40.71568], [-73.98501, 40.71544], [-73.98454, 40.71639], [-73.98423, 40.71696], [-73.98417, 40.71707], [-73.98414, 40.71713], [-73.98407, 40.71726], [-73.98403, 40.71733], [-73.984, 40.71741], [-73.9834, 40.71857], [-73.98423, 40.71883], [-73.98507, 40.71908], [-73.98591, 40.71934], [-73.98675, 40.71959], [-73.98736, 40.71837], [-73.98743, 40.71821], [-73.98751, 40.71807], [-73.98788, 40.71741]]]}}, {"type": "Feature", "properties": {"tract_id": "36061028100", "name": "Census Tract 281", "pct_white_2020": 64.9, "pct_black_2020": 3.4, "pct_hispanic_2020": 15.9, "pct_asian_2020": 5.6, "population_2020": 3278}, "geometry": {"type": "Polygon", "coordinates": [[[-73.9367, 40.85562], [-73.93688, 40.85514], [-73.93604, 40.85492], [-73.93463, 40.8545], [-73.93427, 40.85558], [-73.9337, 40.85674], [-73.93368, 40.85678], [-73.93343, 40.85727], [-73.93341, 40.85732], [-73.93298, 40.85811], [-73.93228, 40.85945], [-73.93226, 40.85947], [-73.93224, 40.85949], [-73.93221, 40.8595], [-73.93218, 40.85952], [-73.93215, 40.85953], [-73.93302, 40.85982], [-73.93315, 40.85975], [-73.93328, 40.85968], [-73.93342, 40.85961], [-73.93356, 40.85956], [-73.9337, 40.8595], [-73.93385, 40.85946], [-73.93399, 40.85941], [-73.93409, 40.85938], [-73.9344, 40.85884], [-73.93451, 40.85861], [-73.9356, 40.85711], [-73.9367, 40.85562]]]}}, {"type": "Feature", "properties": {"tract_id": "36061029900", "name": "Census Tract 299", "pct_white_2020": 3.1, "pct_black_2020": 18.0, "pct_hispanic_2020": 75.7, "pct_asian_2020": 0.3, "population_2020": 3806}, "geometry": {"type": "Polygon", "coordinates": [[[-73.92441, 40.86171], [-73.92474, 40.86159], [-73.92354, 40.85984], [-73.92296, 40.85891], [-73.92289, 40.85886], [-73.92278, 40.85683], [-73.92277, 40.85639], [-73.92287, 40.85587], [-73.92216, 40.85561], [-73.92096, 40.85511], [-73.92027, 40.85623], [-73.92, 40.85668], [-73.91929, 40.85747], [-73.9185, 40.85835], [-73.91821, 40.85868], [-73.91698, 40.85991], [-73.9165, 40.86038], [-73.9149, 40.86198], [-73.91434, 40.86252], [-73.91085, 40.86653], [-73.91021, 40.86759], [-73.91006, 40.86785], [-73.9098, 40.86828], [-73.9092, 40.86978], [-73.90911, 40.87168], [-73.9086, 40.87168], [-73.90868, 40.87176], [-73.91049, 40.87401], [-73.91059, 40.87393], [-73.91143, 40.8733], [-73.91152, 40.87324], [-73.91176, 40.87305], [-73.91183, 40.873], [-73.91188, 40.87294], [-73.91194, 40.87287], [-73.91198, 40.87281], [-73.91208, 40.87271], [-73.91217, 40.87261], [-73.91227, 40.87252], [-73.91237, 40.87243], [-73.91248, 40.87234], [-73.91259, 40.87225], [-73.91327, 40.87172], [-73.91381, 40.8713], [-73.91401, 40.87116], [-73.91469, 40.87022], [-73.91518, 40.86955], [-73.91568, 40.86889], [-73.91614, 40.86825], [-73.91659, 40.86763], [-73.91704, 40.86703], [-73.91721, 40.86681], [-73.91811, 40.86559], [-73.91845, 40.86511], [-73.91894, 40.86446], [-73.91942, 40.86379], [-73.9196, 40.86356], [-73.91988, 40.86317], [-73.92028, 40.86261], [-73.92061, 40.86311], [-73.92217, 40.86253], [-73.9225, 40.86241], [-73.92362, 40.862], [-73.92441, 40.86171]]]}}, {"type": "Feature", "properties": {"tract_id": "36061023200", "name": "Census Tract 232", "pct_white_2020": 6.3, "pct_black_2020": 45.8, "pct_hispanic_2020": 45.0, "pct_asian_2020": 1.8, "population_2020": 9581}, "geometry": {"type": "Polygon", "coordinates": [[[-73.94287, 40.82154], [-73.94332, 40.82092], [-73.94048, 40.81972], [-73.94025, 40.81962], [-73.93803, 40.81868], [-73.93764, 40.81852], [-73.93718, 40.81914], [-73.93672, 40.81977], [-73.93623, 40.82044], [-73.93586, 40.82094], [-73.9358, 40.82103], [-73.93574, 40.82111], [-73.93859, 40.82231], [-73.9398, 40.82282], [-73.93986, 40.82285], [-73.9399, 40.82286], [-73.94009, 40.82294], [-73.94143, 40.82351], [-73.94192, 40.82284], [-73.94241, 40.82216], [-73.94287, 40.82154]]]}}, {"type": "Feature", "properties": {"tract_id": "36061009100", "name": "Census Tract 91", "pct_white_2020": 64.1, "pct_black_2020": 10.5, "pct_hispanic_2020": 10.2, "pct_asian_2020": 10.7, "population_2020": 6654}, "geometry": {"type": "Polygon", "coordinates": [[[-73.99849, 40.74529], [-73.99897, 40.74463], [-73.99613, 40.74343], [-73.99329, 40.74223], [-73.99281, 40.7429], [-73.99232, 40.74357], [-73.99206, 40.74392], [-73.99187, 40.74419], [-73.99142, 40.7448], [-73.99426, 40.746], [-73.99512, 40.74637], [-73.9971, 40.7472], [-73.99755, 40.74658], [-73.99801, 40.74595], [-73.99849, 40.74529]]]}}, {"type": "Feature", "properties": {"tract_id": "36061008601", "name": "Census Tract 86.01", "pct_white_2020": 50.8, "pct_black_2020": 1.8, "pct_hispanic_2020": 12.8, "pct_asian_2020": 31.4, "population_2020": 3127}, "geometry": {"type": "Polygon", "coordinates": [[[-73.97303, 40.74445], [-73.97351, 40.74378], [-73.97223, 40.74325], [-73.97211, 40.7432], [-73.97206, 40.74319], [-73.97203, 40.74318], [-73.97199, 40.74316], [-73.97164, 40.74302], [-73.97157, 40.74299], [-73.96262, 40.73903], [-73.96244, 40.73964], [-73.96243, 40.73967], [-73.96191, 40.741], [-73.9618, 40.74113], [-73.96168, 40.74158], [-73.96138, 40.7428], [-73.96129, 40.74289], [-73.96118, 40.743], [-73.96083, 40.74364], [-73.96056, 40.74402], [-73.96051, 40.74411], [-73.96027, 40.74443], [-73.96021, 40.74451], [-73.9677, 40.74787], [-73.96798, 40.74801], [-73.96813, 40.74807], [-73.96815, 40.74808], [-73.9682, 40.7481], [-73.96829, 40.7482], [-73.96831, 40.74821], [-73.96846, 40.74829], [-73.96961, 40.74877], [-73.96967, 40.74879], [-73.96975, 40.74883], [-73.96985, 40.7488], [-73.9699, 40.74883], [-73.96999, 40.74887], [-73.97045, 40.74821], [-73.97037, 40.74809], [-73.97078, 40.74754], [-73.97123, 40.74692], [-73.97166, 40.7463], [-73.97175, 40.74619], [-73.97194, 40.74593], [-73.97203, 40.74581], [-73.97213, 40.74568], [-73.97249, 40.74518], [-73.97258, 40.74507], [-73.97303, 40.74445]]]}}, {"type": "Feature", "properties": {"tract_id": "36061029100", "name": "Census Tract 291", "pct_white_2020": 8.4, "pct_black_2020": 4.1, "pct_hispanic_2020": 80.2, "pct_asian_2020": 5.9, "population_2020": 11967}, "geometry": {"type": "Polygon", "coordinates": [[[-73.92727, 40.86553], [-73.92701, 40.86513], [-73.92662, 40.86452], [-73.92601, 40.86358], [-73.92537, 40.86258], [-73.92474, 40.86159], [-73.92441, 40.86171], [-73.92362, 40.862], [-73.9225, 40.86241], [-73.92217, 40.86253], [-73.92061, 40.86311], [-73.92107, 40.86382], [-73.92125, 40.86411], [-73.92188, 40.8651], [-73.9225, 40.86606], [-73.92311, 40.86702], [-73.92501, 40.86634], [-73.92587, 40.86603], [-73.9261, 40.86595], [-73.92727, 40.86553]]]}}, {"type": "Feature", "properties": {"tract_id": "36061029300", "name": "Census Tract 293", "pct_white_2020": 5.5, "pct_black_2020": 1.8, "pct_hispanic_2020": 90.9, "pct_asian_2020": 1.8, "population_2020": 9361}, "geometry": {"type": "Polygon", "coordinates": [[[-73.92311, 40.86702], [-73.9225, 40.86606], [-73.92188, 40.8651], [-73.92125, 40.86411], [-73.92107, 40.86382], [-73.92061, 40.86311], [-73.92028, 40.86261], [-73.91988, 40.86317], [-73.9196, 40.86356], [-73.91942, 40.86379], [-73.91894, 40.86446], [-73.91845, 40.86511], [-73.91811, 40.86559], [-73.91721, 40.86681], [-73.91704, 40.86703], [-73.91841, 40.86758], [-73.91975, 40.86811], [-73.92121, 40.86769], [-73.92311, 40.86702]]]}}, {"type": "Feature", "properties": {"tract_id": "36061016300", "name": "Census Tract 163", "pct_white_2020": 76.4, "pct_black_2020": 2.4, "pct_hispanic_2020": 9.2, "pct_asian_2020": 8.5, "population_2020": 6989}, "geometry": {"type": "Polygon", "coordinates": [[[-73.99484, 40.78382], [-73.99477, 40.78379], [-73.99048, 40.78238], [-73.99017, 40.78225], [-73.98814, 40.78141], [-73.98741, 40.78109], [-73.98736, 40.78106], [-73.98731, 40.78104], [-73.98707, 40.78091], [-73.98654, 40.78066], [-73.98568, 40.78031], [-73.98537, 40.78108], [-73.98507, 40.78178], [-73.98352, 40.78113], [-73.98235, 40.78063], [-73.98152, 40.78028], [-73.98067, 40.77993], [-73.98021, 40.78056], [-73.97975, 40.7812], [-73.97959, 40.78142], [-73.97929, 40.78184], [-73.97882, 40.78246], [-73.98047, 40.78316], [-73.98166, 40.78366], [-73.9833, 40.78435], [-73.98264, 40.78498], [-73.98357, 40.78536], [-73.98394, 40.78551], [-73.98406, 40.78556], [-73.9842, 40.78562], [-73.98481, 40.78588], [-73.98485, 40.7859], [-73.98505, 40.786], [-73.99137, 40.78858], [-73.99169, 40.78814], [-73.993, 40.78635], [-73.99394, 40.78506], [-73.99484, 40.78382]]]}}, {"type": "Feature", "properties": {"tract_id": "36061029500", "name": "Census Tract 295", "pct_white_2020": 30.7, "pct_black_2020": 4.0, "pct_hispanic_2020": 54.5, "pct_asian_2020": 3.9, "population_2020": 7716}, "geometry": {"type": "Polygon", "coordinates": [[[-73.92872, 40.86674], [-73.92806, 40.8662], [-73.92727, 40.86553], [-73.9261, 40.86595], [-73.92587, 40.86603], [-73.92501, 40.86634], [-73.92311, 40.86702], [-73.92121, 40.86769], [-73.92173, 40.8685], [-73.92214, 40.86915], [-73.92234, 40.86946], [-73.92382, 40.86902], [-73.92623, 40.86851], [-73.927, 40.86795], [-73.92872, 40.86674]]]}}, {"type": "Feature", "properties": {"tract_id": "36061029700", "name": "Census Tract 297", "pct_white_2020": null, "pct_black_2020": null, "pct_hispanic_2020": null, "pct_asian_2020": null, "population_2020": 17, "dominant_group_2020": null, "diversity_index_2020": null}, "geometry": {"type": "Polygon", "coordinates": [[[-73.93818, 40.87504], [-73.93835, 40.87475], [-73.93252, 40.86991], [-73.93172, 40.86922], [-73.93141, 40.86896], [-73.93128, 40.86884], [-73.93118, 40.86877], [-73.93092, 40.86857], [-73.92999, 40.86779], [-73.92934, 40.86726], [-73.92872, 40.86674], [-73.927, 40.86795], [-73.92623, 40.86851], [-73.92382, 40.86902], [-73.92234, 40.86946], [-73.92214, 40.86915], [-73.92197, 40.86922], [-73.92164, 40.86939], [-73.92133, 40.86957], [-73.92118, 40.86967], [-73.9209, 40.86988], [-73.91925, 40.87101], [-73.9197, 40.87206], [-73.91946, 40.87225], [-73.91846, 40.87302], [-73.91718, 40.8725], [-73.91628, 40.87212], [-73.91506, 40.8716], [-73.91409, 40.8712], [-73.91401, 40.87116], [-73.91381, 40.8713], [-73.91327, 40.87172], [-73.91259, 40.87225], [-73.91248, 40.87234], [-73.91237, 40.87243], [-73.91227, 40.87252], [-73.91217, 40.87261], [-73.91208, 40.87271], [-73.91198, 40.87281], [-73.91194, 40.87287], [-73.91188, 40.87294], [-73.91183, 40.873], [-73.91176, 40.87305], [-73.91152, 40.87324], [-73.91143, 40.8733], [-73.91059, 40.87393], [-73.91049, 40.87401], [-73.91053, 40.87407], [-73.9152, 40.87558], [-73.91731, 40.87604], [-73.91893, 40.87639], [-73.91912, 40.87643], [-73.91981, 40.87658], [-73.92163, 40.87832], [-73.9226, 40.87878], [-73.9245, 40.87897], [-73.92465, 40.87904], [-73.92497, 40.87914], [-73.93379, 40.88221], [-73.93391, 40.88201], [-73.93812, 40.87513], [-73.93818, 40.87504]]]}}, {"type": "Feature", "properties": {"tract_id": "36061030300", "name": "Census Tract 303", "pct_white_2020": 31.7, "pct_black_2020": 6.2, "pct_hispanic_2020": 55.6, "pct_asian_2020": 2.3, "population_2020": 4110}, "geometry": {"type": "Polygon", "coordinates": [[[-73.92197, 40.86922], [-73.92214, 40.86915], [-73.92173, 40.8685], [-73.92121, 40.86769], [-73.91975, 40.86811], [-73.91841, 40.86758], [-73.91704, 40.86703], [-73.91659, 40.86763], [-73.91614, 40.86825], [-73.91568, 40.86889], [-73.91518, 40.86955], [-73.91588, 40.86985], [-73.91627, 40.86958], [-73.91697, 40.87015], [-73.91792, 40.87092], [-73.91856, 40.87148], [-73.91946, 40.87225], [-73.9197, 40.87206], [-73.91925, 40.87101], [-73.9209, 40.86988], [-73.92118, 40.86967], [-73.92133, 40.86957], [-73.92164, 40.86939], [-73.92197, 40.86922]]]}}, {"type": "Feature", "properties": {"tract_id": "36061028700", "name": "Census Tract 287", "pct_white_2020": 28.5, "pct_black_2020": 3.7, "pct_hispanic_2020": 61.9, "pct_asian_2020": 1.7, "population_2020": 4116}, "geometry": {"type": "Polygon", "coordinates": [[[-73.94578, 40.86262], [-73.94584, 40.86252], [-73.93779, 40.85981], [-73.93749, 40.8597], [-73.93699, 40.85961], [-73.93629, 40.85928], [-73.9358, 40.85896], [-73.93561, 40.85886], [-73.93552, 40.85897], [-73.93541, 40.85906], [-73.9353, 40.85916], [-73.93517, 40.85924], [-73.93503, 40.85931], [-73.93489, 40.85937], [-73.93473, 40.85942], [-73.93439, 40.85932], [-73.93432, 40.85932], [-73.93422, 40.85934], [-73.93409, 40.85938], [-73.93399, 40.85941], [-73.93385, 40.85946], [-73.9337, 40.8595], [-73.93356, 40.85956], [-73.93342, 40.85961], [-73.93328, 40.85968], [-73.93315, 40.85975], [-73.93302, 40.85982], [-73.93215, 40.85953], [-73.93212, 40.85953], [-73.93208, 40.85954], [-73.93205, 40.85954], [-73.93201, 40.85953], [-73.93198, 40.85952], [-73.93131, 40.85933], [-73.93121, 40.85967], [-73.93077, 40.86064], [-73.93017, 40.86165], [-73.93008, 40.86187], [-73.93004, 40.86199], [-73.93, 40.8621], [-73.92969, 40.86221], [-73.9286, 40.86261], [-73.92777, 40.86293], [-73.92692, 40.86324], [-73.92601, 40.86358], [-73.92662, 40.86452], [-73.92701, 40.86513], [-73.92727, 40.86553], [-73.92806, 40.8662], [-73.92872, 40.86674], [-73.92934, 40.86726], [-73.92999, 40.86779], [-73.93092, 40.86857], [-73.93118, 40.86877], [-73.93128, 40.86884], [-73.93141, 40.86896], [-73.93172, 40.86922], [-73.93252, 40.86991], [-73.93835, 40.87475], [-73.93891, 40.87384], [-73.93895, 40.87378], [-73.94295, 40.86724], [-73.94304, 40.86709], [-73.94578, 40.86262]]]}}, {"type": "Feature", "properties": {"tract_id": "36061004500", "name": "Census Tract 45", "pct_white_2020": 70.1, "pct_black_2020": 2.2, "pct_hispanic_2020": 6.5, "pct_asian_2020": 17.0, "population_2020": 1226}, "geometry": {"type": "Polygon", "coordinates": [[[-74.00143, 40.71994], [-74.00188, 40.7194], [-74.00127, 40.71896], [-74.00053, 40.71843], [-73.99996, 40.71802], [-73.99942, 40.71868], [-73.99923, 40.71891], [-73.99852, 40.71979], [-73.99766, 40.72084], [-73.99757, 40.72103], [-73.99748, 40.72125], [-73.9974, 40.72145], [-73.99712, 40.7223], [-73.99766, 40.72253], [-73.99798, 40.72266], [-73.99881, 40.72302], [-73.99985, 40.72179], [-74.00066, 40.72084], [-74.00143, 40.71994]]]}}, {"type": "Feature", "properties": {"tract_id": "36061004700", "name": "Census Tract 47", "pct_white_2020": 77.9, "pct_black_2020": 0.0, "pct_hispanic_2020": 5.4, "pct_asian_2020": 13.2, "population_2020": 2466}, "geometry": {"type": "Polygon", "coordinates": [[[-74.00539, 40.72211], [-74.00539, 40.72204], [-74.00538, 40.72196], [-74.00535, 40.72189], [-74.00531, 40.72182], [-74.00523, 40.72174], [-74.00463, 40.72135], [-74.00393, 40.72085], [-74.00351, 40.72056], [-74.00326, 40.72038], [-74.0026, 40.7199], [-74.00188, 40.7194], [-74.00143, 40.71994], [-74.00066, 40.72084], [-73.99985, 40.72179], [-74.00066, 40.72218], [-74.0014, 40.72256], [-74.00203, 40.72286], [-74.00217, 40.72293], [-74.00204, 40.72309], [-74.00113, 40.72417], [-74.00193, 40.72455], [-74.00262, 40.72488], [-74.00338, 40.72525], [-74.00378, 40.72545], [-74.0039, 40.7255], [-74.00403, 40.72551], [-74.00427, 40.72491], [-74.00458, 40.72417], [-74.00479, 40.72363], [-74.00506, 40.72298], [-74.00536, 40.72218], [-74.00539, 40.72211]]]}}, {"type": "Feature", "properties": {"tract_id": "36061005800", "name": "Census Tract 58", "pct_white_2020": 51.2, "pct_black_2020": 7.7, "pct_hispanic_2020": 12.3, "pct_asian_2020": 22.1, "population_2020": 4237}, "geometry": {"type": "Polygon", "coordinates": [[[-73.99329, 40.74223], [-73.99374, 40.74162], [-73.99052, 40.74026], [-73.99007, 40.74088], [-73.98958, 40.74155], [-73.98932, 40.74191], [-73.98923, 40.74203], [-73.98904, 40.74228], [-73.98901, 40.74232], [-73.98864, 40.74281], [-73.98819, 40.74345], [-73.98775, 40.74407], [-73.9873, 40.74468], [-73.98873, 40.74529], [-73.99052, 40.74604], [-73.99097, 40.74542], [-73.99114, 40.74518], [-73.99142, 40.7448], [-73.99187, 40.74419], [-73.99206, 40.74392], [-73.99232, 40.74357], [-73.99281, 40.7429], [-73.99329, 40.74223]]]}}, {"type": "Feature", "properties": {"tract_id": "36061004900", "name": "Census Tract 49", "pct_white_2020": 78.1, "pct_black_2020": 0.8, "pct_hispanic_2020": 9.6, "pct_asian_2020": 11.5, "population_2020": 4323}, "geometry": {"type": "Polygon", "coordinates": [[[-74.00403, 40.72551], [-74.0039, 40.7255], [-74.00378, 40.72545], [-74.00338, 40.72525], [-74.00262, 40.72488], [-74.00193, 40.72455], [-74.00113, 40.72417], [-74.00204, 40.72309], [-74.00217, 40.72293], [-74.00203, 40.72286], [-74.0014, 40.72256], [-74.00066, 40.72218], [-73.99985, 40.72179], [-73.99881, 40.72302], [-73.99778, 40.72424], [-73.99677, 40.72543], [-73.99761, 40.7258], [-73.99836, 40.72617], [-73.99912, 40.72654], [-73.99936, 40.72666], [-73.99992, 40.72693], [-74.00063, 40.72729], [-74.00139, 40.72766], [-74.00215, 40.72804], [-74.00251, 40.7276], [-74.00279, 40.72727], [-74.00312, 40.72688], [-74.00373, 40.72625], [-74.00386, 40.72593], [-74.00403, 40.72551]]]}}, {"type": "Feature", "properties": {"tract_id": "36061005400", "name": "Census Tract 54", "pct_white_2020": 69.1, "pct_black_2020": 2.3, "pct_hispanic_2020": 9.2, "pct_asian_2020": 16.0, "population_2020": 4713}, "geometry": {"type": "Polygon", "coordinates": [[[-73.99634, 40.73804], [-73.99684, 40.73736], [-73.99362, 40.736], [-73.99312, 40.73669], [-73.99265, 40.73733], [-73.99223, 40.73792], [-73.9918, 40.7385], [-73.99138, 40.73909], [-73.99094, 40.73967], [-73.9908, 40.73988], [-73.99052, 40.74026], [-73.99374, 40.74162], [-73.99403, 40.74122], [-73.99417, 40.74103], [-73.99459, 40.74044], [-73.99502, 40.73986], [-73.99545, 40.73927], [-73.99587, 40.73869], [-73.99634, 40.73804]]]}}, {"type": "Feature", "properties": {"tract_id": "36061005501", "name": "Census Tract 55.01", "pct_white_2020": 54.1, "pct_black_2020": 5.5, "pct_hispanic_2020": 8.7, "pct_asian_2020": 27.4, "population_2020": 4987}, "geometry": {"type": "Polygon", "coordinates": [[[-73.99992, 40.72693], [-73.99936, 40.72666], [-73.99912, 40.72654], [-73.99836, 40.72617], [-73.99761, 40.7258], [-73.99677, 40.72543], [-73.99645, 40.72581], [-73.99618, 40.72612], [-73.99584, 40.72653], [-73.99527, 40.72721], [-73.99475, 40.72782], [-73.99425, 40.72841], [-73.99506, 40.72881], [-73.99581, 40.72918], [-73.99657, 40.72955], [-73.99736, 40.72994], [-73.99789, 40.72931], [-73.9984, 40.72873], [-73.99895, 40.72807], [-73.99992, 40.72693]]]}}, {"type": "Feature", "properties": {"tract_id": "36061005600", "name": "Census Tract 56", "pct_white_2020": 56.3, "pct_black_2020": 6.3, "pct_hispanic_2020": 19.7, "pct_asian_2020": 9.3, "population_2020": 4319}, "geometry": {"type": "Polygon", "coordinates": [[[-73.99007, 40.74088], [-73.99052, 40.74026], [-73.98958, 40.73987], [-73.9873, 40.7389], [-73.98685, 40.73952], [-73.98637, 40.74019], [-73.98588, 40.74085], [-73.98543, 40.74147], [-73.98498, 40.74209], [-73.98453, 40.74271], [-73.98408, 40.74333], [-73.9857, 40.74401], [-73.9873, 40.74468], [-73.98775, 40.74407], [-73.98819, 40.74345], [-73.98864, 40.74281], [-73.98901, 40.74232], [-73.98904, 40.74228], [-73.98923, 40.74203], [-73.98932, 40.74191], [-73.98958, 40.74155], [-73.99007, 40.74088]]]}}, {"type": "Feature", "properties": {"tract_id": "36061005700", "name": "Census Tract 57", "pct_white_2020": 84.3, "pct_black_2020": 0.7, "pct_hispanic_2020": 2.3, "pct_asian_2020": 9.1, "population_2020": 2957}, "geometry": {"type": "Polygon", "coordinates": [[[-73.99488, 40.72902], [-73.99506, 40.72881], [-73.99425, 40.72841], [-73.99372, 40.72815], [-73.99315, 40.72787], [-73.99155, 40.72709], [-73.99136, 40.72756], [-73.99128, 40.72776], [-73.99121, 40.72805], [-73.99098, 40.72894], [-73.99092, 40.72917], [-73.99076, 40.72974], [-73.99072, 40.7299], [-73.9905, 40.73057], [-73.99046, 40.73085], [-73.99041, 40.73115], [-73.99039, 40.73129], [-73.99146, 40.73174], [-73.99192, 40.73117], [-73.99241, 40.73059], [-73.99325, 40.73095], [-73.99364, 40.73048], [-73.99406, 40.72998], [-73.99455, 40.72941], [-73.99488, 40.72902]]]}}, {"type": "Feature", "properties": {"tract_id": "36061006000", "name": "Census Tract 60", "pct_white_2020": 73.3, "pct_black_2020": 1.0, "pct_hispanic_2020": 9.0, "pct_asian_2020": 11.7, "population_2020": 5630}, "geometry": {"type": "Polygon", "coordinates": [[[-73.97956, 40.73542], [-73.97986, 40.73498], [-73.97925, 40.73469], [-73.97898, 40.73456], [-73.97772, 40.73404], [-73.97698, 40.73373], [-73.97616, 40.73339], [-73.97542, 40.733], [-73.97483, 40.73276], [-73.97465, 40.73269], [-73.97449, 40.73262], [-73.97441, 40.73259], [-73.97436, 40.73257], [-73.97424, 40.73254], [-73.97408, 40.73247], [-73.9738, 40.73233], [-73.97365, 40.73231], [-73.96144, 40.7273], [-73.96139, 40.72752], [-73.96128, 40.72804], [-73.96117, 40.72806], [-73.96116, 40.72811], [-73.96122, 40.72815], [-73.96111, 40.7282], [-73.96106, 40.72844], [-73.96105, 40.72847], [-73.96104, 40.72849], [-73.96103, 40.72851], [-73.96099, 40.72866], [-73.96099, 40.72876], [-73.96099, 40.72877], [-73.96104, 40.72878], [-73.96105, 40.72894], [-73.96107, 40.72911], [-73.96108, 40.72915], [-73.96108, 40.72919], [-73.96109, 40.72926], [-73.96111, 40.72936], [-73.96114, 40.72943], [-73.9612, 40.72942], [-73.96121, 40.72951], [-73.97355, 40.73494], [-73.97443, 40.73531], [-73.97467, 40.7354], [-73.97475, 40.73543], [-73.97483, 40.73538], [-73.97496, 40.73537], [-73.97511, 40.73539], [-73.97514, 40.73539], [-73.97522, 40.7354], [-73.97589, 40.73567], [-73.97636, 40.73587], [-73.97644, 40.7359], [-73.97823, 40.73668], [-73.9785, 40.73679], [-73.97891, 40.73616], [-73.97905, 40.73597], [-73.97935, 40.73555], [-73.97956, 40.73542]]]}}, {"type": "Feature", "properties": {"tract_id": "36061006100", "name": "Census Tract 61", "pct_white_2020": 57.5, "pct_black_2020": 6.2, "pct_hispanic_2020": 9.6, "pct_asian_2020": 23.8, "population_2020": 5218}, "geometry": {"type": "Polygon", "coordinates": [[[-73.99505, 40.73403], [-73.99549, 40.73344], [-73.99504, 40.73325], [-73.99381, 40.73273], [-73.99283, 40.73232], [-73.99227, 40.73208], [-73.99146, 40.73174], [-73.99039, 40.73129], [-73.99021, 40.732], [-73.99003, 40.73276], [-73.98987, 40.73353], [-73.98985, 40.73396], [-73.9899, 40.73444], [-73.99075, 40.73484], [-73.9912, 40.73501], [-73.99171, 40.73521], [-73.99362, 40.736], [-73.99412, 40.73531], [-73.99459, 40.73467], [-73.99505, 40.73403]]]}}, {"type": "Feature", "properties": {"tract_id": "36061006800", "name": "Census Tract 68", "pct_white_2020": 61.8, "pct_black_2020": 10.1, "pct_hispanic_2020": 10.2, "pct_asian_2020": 13.9, "population_2020": 7265}, "geometry": {"type": "Polygon", "coordinates": [[[-73.9873, 40.7389], [-73.98685, 40.73871], [-73.98642, 40.73853], [-73.98568, 40.73822], [-73.98498, 40.73793], [-73.98408, 40.73755], [-73.98363, 40.73816], [-73.98315, 40.73883], [-73.98266, 40.7395], [-73.98221, 40.74012], [-73.98176, 40.74073], [-73.98162, 40.74092], [-73.98131, 40.74135], [-73.98086, 40.74197], [-73.98246, 40.74265], [-73.98408, 40.74333], [-73.98453, 40.74271], [-73.98498, 40.74209], [-73.98543, 40.74147], [-73.98588, 40.74085], [-73.98637, 40.74019], [-73.98685, 40.73952], [-73.9873, 40.7389]]]}}, {"type": "Feature", "properties": {"tract_id": "36061006200", "name": "Census Tract 62", "pct_white_2020": 37.3, "pct_black_2020": 24.6, "pct_hispanic_2020": 14.7, "pct_asian_2020": 19.4, "population_2020": 4234}, "geometry": {"type": "Polygon", "coordinates": [[[-73.9785, 40.73679], [-73.97823, 40.73668], [-73.97644, 40.7359], [-73.97636, 40.73587], [-73.97589, 40.73567], [-73.97522, 40.7354], [-73.97514, 40.73539], [-73.97511, 40.73539], [-73.97496, 40.73537], [-73.97483, 40.73538], [-73.97475, 40.73543], [-73.97467, 40.7354], [-73.97443, 40.73531], [-73.97355, 40.73494], [-73.96121, 40.72951], [-73.96126, 40.72975], [-73.96131, 40.7303], [-73.96145, 40.73099], [-73.96184, 40.73163], [-73.962, 40.73204], [-73.96215, 40.73245], [-73.9619, 40.73249], [-73.96193, 40.73268], [-73.96223, 40.73265], [-73.96225, 40.73271], [-73.96226, 40.73274], [-73.96227, 40.73277], [-73.96228, 40.73283], [-73.96229, 40.7329], [-73.96231, 40.73312], [-73.96234, 40.73345], [-73.96235, 40.73381], [-73.9626, 40.7349], [-73.96266, 40.73633], [-73.96267, 40.73641], [-73.96267, 40.73645], [-73.96263, 40.73655], [-73.96248, 40.7368], [-73.96261, 40.73881], [-73.96262, 40.73903], [-73.97157, 40.74299], [-73.97164, 40.74302], [-73.97199, 40.74316], [-73.97203, 40.74318], [-73.97206, 40.74319], [-73.97211, 40.7432], [-73.97223, 40.74325], [-73.97351, 40.74378], [-73.97401, 40.7431], [-73.97441, 40.74256], [-73.97492, 40.74185], [-73.97534, 40.74127], [-73.9758, 40.74064], [-73.97615, 40.74017], [-73.97625, 40.74003], [-73.9767, 40.73941], [-73.97715, 40.7388], [-73.9776, 40.73817], [-73.97805, 40.73755], [-73.9785, 40.73679]]]}}, {"type": "Feature", "properties": {"tract_id": "36061006400", "name": "Census Tract 64", "pct_white_2020": 68.3, "pct_black_2020": 8.1, "pct_hispanic_2020": 9.4, "pct_asian_2020": 11.0, "population_2020": 7513}, "geometry": {"type": "Polygon", "coordinates": [[[-73.98451, 40.73696], [-73.98493, 40.73638], [-73.98437, 40.73614], [-73.98269, 40.73543], [-73.98027, 40.73441], [-73.97986, 40.73498], [-73.97956, 40.73542], [-73.97935, 40.73555], [-73.97905, 40.73597], [-73.97891, 40.73616], [-73.9785, 40.73679], [-73.97805, 40.73755], [-73.98042, 40.73855], [-73.98266, 40.7395], [-73.98315, 40.73883], [-73.98363, 40.73816], [-73.98408, 40.73755], [-73.98437, 40.73714], [-73.98442, 40.73708], [-73.98445, 40.73705], [-73.98451, 40.73696]]]}}, {"type": "Feature", "properties": {"tract_id": "36061006500", "name": "Census Tract 65", "pct_white_2020": 77.6, "pct_black_2020": 3.4, "pct_hispanic_2020": 7.2, "pct_asian_2020": 10.1, "population_2020": 6088}, "geometry": {"type": "Polygon", "coordinates": [[[-74.00277, 40.72845], [-74.00281, 40.72837], [-74.00215, 40.72804], [-74.00139, 40.72766], [-74.00063, 40.72729], [-73.99992, 40.72693], [-73.99895, 40.72807], [-73.9984, 40.72873], [-73.99789, 40.72931], [-73.99736, 40.72994], [-73.99657, 40.72955], [-73.99606, 40.73015], [-73.99556, 40.73071], [-73.99697, 40.73141], [-73.99861, 40.73222], [-74.00007, 40.73293], [-74.00051, 40.73231], [-74.00073, 40.73201], [-74.00095, 40.73171], [-74.00141, 40.73106], [-74.00168, 40.73058], [-74.0018, 40.73039], [-74.00214, 40.7298], [-74.0022, 40.72965], [-74.0023, 40.72945], [-74.00251, 40.729], [-74.00277, 40.72845]]]}}, {"type": "Feature", "properties": {"tract_id": "36061006700", "name": "Census Tract 67", "pct_white_2020": 76.8, "pct_black_2020": 3.3, "pct_hispanic_2020": 10.5, "pct_asian_2020": 5.8, "population_2020": 5020}, "geometry": {"type": "Polygon", "coordinates": [[[-74.00697, 40.72949], [-74.00709, 40.72877], [-74.00531, 40.72861], [-74.00313, 40.72839], [-74.00281, 40.72837], [-74.00277, 40.72845], [-74.00251, 40.729], [-74.0023, 40.72945], [-74.0022, 40.72965], [-74.00214, 40.7298], [-74.0018, 40.73039], [-74.00168, 40.73058], [-74.00141, 40.73106], [-74.00095, 40.73171], [-74.00117, 40.73177], [-74.00166, 40.73232], [-74.00212, 40.73284], [-74.00347, 40.73237], [-74.00361, 40.73232], [-74.00511, 40.73184], [-74.00571, 40.73163], [-74.00578, 40.73159], [-74.00662, 40.73167], [-74.00674, 40.73095], [-74.00686, 40.73023], [-74.00697, 40.72949]]]}}, {"type": "Feature", "properties": {"tract_id": "36061006900", "name": "Census Tract 69", "pct_white_2020": 74.2, "pct_black_2020": 1.3, "pct_hispanic_2020": 10.4, "pct_asian_2020": 9.3, "population_2020": 2491}, "geometry": {"type": "Polygon", "coordinates": [[[-74.02064, 40.73039], [-74.02097, 40.72904], [-74.01489, 40.7285], [-74.01138, 40.72823], [-74.01087, 40.72818], [-74.01064, 40.72817], [-74.01054, 40.7291], [-74.00935, 40.72899], [-74.00859, 40.72891], [-74.00709, 40.72877], [-74.00697, 40.72949], [-74.00686, 40.73023], [-74.00674, 40.73095], [-74.00662, 40.73167], [-74.00657, 40.73199], [-74.0065, 40.73243], [-74.00641, 40.73305], [-74.00752, 40.73285], [-74.00863, 40.73264], [-74.00987, 40.73245], [-74.01026, 40.7324], [-74.01045, 40.73238], [-74.011, 40.73232], [-74.01973, 40.73275], [-74.02006, 40.73276], [-74.02039, 40.73143], [-74.02064, 40.73039]]]}}, {"type": "Feature", "properties": {"tract_id": "36061007100", "name": "Census Tract 71", "pct_white_2020": 72.0, "pct_black_2020": 5.2, "pct_hispanic_2020": 11.1, "pct_asian_2020": 9.8, "population_2020": 4995}, "geometry": {"type": "Polygon", "coordinates": [[[-74.00279, 40.73362], [-74.00257, 40.73337], [-74.00212, 40.73284], [-74.00166, 40.73232], [-74.00117, 40.73177], [-74.00095, 40.73171], [-74.00073, 40.73201], [-74.00051, 40.73231], [-74.00007, 40.73293], [-73.99955, 40.73361], [-73.99919, 40.73413], [-73.99871, 40.73478], [-73.99856, 40.735], [-73.99827, 40.73539], [-73.9978, 40.73603], [-73.99734, 40.73667], [-73.99684, 40.73736], [-73.99922, 40.73836], [-73.99968, 40.73855], [-74.00018, 40.73786], [-74.00065, 40.73723], [-74.00109, 40.73656], [-74.00195, 40.73641], [-74.00177, 40.73576], [-74.00169, 40.73553], [-74.00157, 40.73513], [-74.00139, 40.73448], [-74.00121, 40.73384], [-74.00176, 40.73377], [-74.00279, 40.73362]]]}}, {"type": "Feature", "properties": {"tract_id": "36061007300", "name": "Census Tract 73", "pct_white_2020": 74.9, "pct_black_2020": 2.7, "pct_hispanic_2020": 14.7, "pct_asian_2020": 6.2, "population_2020": 5683}, "geometry": {"type": "Polygon", "coordinates": [[[-74.00657, 40.73199], [-74.00662, 40.73167], [-74.00578, 40.73159], [-74.00571, 40.73163], [-74.00511, 40.73184], [-74.00361, 40.73232], [-74.00347, 40.73237], [-74.00212, 40.73284], [-74.00257, 40.73337], [-74.00279, 40.73362], [-74.00176, 40.73377], [-74.00121, 40.73384], [-74.00139, 40.73448], [-74.00157, 40.73513], [-74.00169, 40.73553], [-74.00177, 40.73576], [-74.00195, 40.73641], [-74.00353, 40.73618], [-74.00513, 40.73596], [-74.00596, 40.73585], [-74.00607, 40.73513], [-74.00618, 40.73444], [-74.00629, 40.73374], [-74.00641, 40.73305], [-74.0065, 40.73243], [-74.00657, 40.73199]]]}}, {"type": "Feature", "properties": {"tract_id": "36061025300", "name": "Census Tract 253", "pct_white_2020": 13.2, "pct_black_2020": 2.5, "pct_hispanic_2020": 77.8, "pct_asian_2020": 3.3, "population_2020": 11434}, "geometry": {"type": "Polygon", "coordinates": [[[-73.94195, 40.84298], [-73.94201, 40.84281], [-73.93933, 40.84168], [-73.93793, 40.84109], [-73.93646, 40.84048], [-73.93604, 40.84107], [-73.93572, 40.8415], [-73.9356, 40.84168], [-73.93557, 40.84171], [-73.93514, 40.84231], [-73.93467, 40.84296], [-73.9357, 40.84338], [-73.93592, 40.84347], [-73.93613, 40.84355], [-73.93714, 40.84398], [-73.93752, 40.84414], [-73.93873, 40.84464], [-73.93885, 40.84468], [-73.93922, 40.84483], [-73.94052, 40.84537], [-73.94079, 40.84469], [-73.94085, 40.84452], [-73.94093, 40.84436], [-73.94103, 40.8442], [-73.94114, 40.84405], [-73.94163, 40.84344], [-73.94176, 40.84329], [-73.94186, 40.84314], [-73.94195, 40.84298]]]}}, {"type": "Feature", "properties": {"tract_id": "36061027100", "name": "Census Tract 271", "pct_white_2020": 23.1, "pct_black_2020": 8.0, "pct_hispanic_2020": 63.4, "pct_asian_2020": 4.3, "population_2020": 8364}, "geometry": {"type": "Polygon", "coordinates": [[[-73.93634, 40.85109], [-73.93666, 40.85045], [-73.93575, 40.85017], [-73.9364, 40.84954], [-73.93547, 40.84914], [-73.93424, 40.84863], [-73.93373, 40.84932], [-73.93331, 40.8499], [-73.93286, 40.85051], [-73.93243, 40.85109], [-73.93199, 40.8517], [-73.9315, 40.85238], [-73.931, 40.85306], [-73.93223, 40.85358], [-73.93371, 40.85417], [-73.93463, 40.8545], [-73.93604, 40.85492], [-73.93614, 40.8547], [-73.93622, 40.85449], [-73.93629, 40.85427], [-73.93633, 40.85404], [-73.93635, 40.85382], [-73.93636, 40.85358], [-73.93639, 40.85333], [-73.93643, 40.85309], [-73.93648, 40.85285], [-73.93654, 40.85261], [-73.93572, 40.85234], [-73.93634, 40.85109]]]}}, {"type": "Feature", "properties": {"tract_id": "36061028300", "name": "Census Tract 283", "pct_white_2020": 17.8, "pct_black_2020": 2.7, "pct_hispanic_2020": 73.7, "pct_asian_2020": 3.3, "population_2020": 8275}, "geometry": {"type": "Polygon", "coordinates": [[[-73.93263, 40.85672], [-73.93212, 40.85658], [-73.93148, 40.85685], [-73.9305, 40.8573], [-73.92973, 40.85738], [-73.92893, 40.85745], [-73.92823, 40.85717], [-73.92796, 40.85734], [-73.9278, 40.85744], [-73.92761, 40.85759], [-73.92743, 40.85776], [-73.92727, 40.85793], [-73.92712, 40.85811], [-73.9271, 40.85828], [-73.92705, 40.85844], [-73.92698, 40.85861], [-73.92688, 40.85876], [-73.92677, 40.85892], [-73.92663, 40.85905], [-73.92647, 40.85918], [-73.92642, 40.85921], [-73.9263, 40.85929], [-73.92611, 40.85938], [-73.92591, 40.85951], [-73.92574, 40.85964], [-73.92557, 40.85979], [-73.92542, 40.85995], [-73.92529, 40.86013], [-73.92517, 40.86031], [-73.92509, 40.8605], [-73.92502, 40.8607], [-73.92498, 40.86089], [-73.92488, 40.86154], [-73.92515, 40.86145], [-73.92567, 40.86126], [-73.9265, 40.86096], [-73.92733, 40.86065], [-73.92842, 40.86024], [-73.92882, 40.86009], [-73.93049, 40.85949], [-73.93083, 40.85936], [-73.93131, 40.85933], [-73.93182, 40.85827], [-73.93204, 40.85784], [-73.93263, 40.85672]]]}}, {"type": "Feature", "properties": {"tract_id": "36061014402", "name": "Census Tract 144.02", "pct_white_2020": 70.8, "pct_black_2020": 7.4, "pct_hispanic_2020": 11.3, "pct_asian_2020": 7.5, "population_2020": 6742}, "geometry": {"type": "Polygon", "coordinates": [[[-73.94937, 40.77688], [-73.94919, 40.7768], [-73.94799, 40.77629], [-73.94712, 40.77593], [-73.94528, 40.77515], [-73.94476, 40.77494], [-73.94527, 40.77425], [-73.94573, 40.77362], [-73.94475, 40.77319], [-73.94453, 40.77309], [-73.94447, 40.77307], [-73.94434, 40.77311], [-73.94276, 40.77487], [-73.94249, 40.77549], [-73.94236, 40.77581], [-73.94194, 40.77603], [-73.94196, 40.77634], [-73.94223, 40.77757], [-73.94259, 40.7775], [-73.94269, 40.7775], [-73.94283, 40.77749], [-73.94291, 40.77749], [-73.94338, 40.77687], [-73.94351, 40.77693], [-73.94388, 40.77708], [-73.94531, 40.77769], [-73.94571, 40.77786], [-73.94797, 40.77881], [-73.94842, 40.77818], [-73.94888, 40.77755], [-73.94897, 40.77743], [-73.94937, 40.77688]]]}}, {"type": "Feature", "properties": {"tract_id": "36061015601", "name": "Census Tract 156.01", "pct_white_2020": 58.7, "pct_black_2020": 4.8, "pct_hispanic_2020": 15.7, "pct_asian_2020": 14.6, "population_2020": 4879}, "geometry": {"type": "Polygon", "coordinates": [[[-73.94982, 40.78452], [-73.95028, 40.78389], [-73.94853, 40.78315], [-73.94804, 40.78294], [-73.94567, 40.78195], [-73.94521, 40.78257], [-73.94472, 40.78325], [-73.94707, 40.78424], [-73.94868, 40.78492], [-73.94892, 40.78502], [-73.94933, 40.78519], [-73.94982, 40.78452]]]}}, {"type": "Feature", "properties": {"tract_id": "36061021600", "name": "Census Tract 216", "pct_white_2020": 22.4, "pct_black_2020": 49.2, "pct_hispanic_2020": 17.1, "pct_asian_2020": 4.9, "population_2020": 9294}, "geometry": {"type": "Polygon", "coordinates": [[[-73.95799, 40.80083], [-73.9582, 40.80055], [-73.9578, 40.80048], [-73.95776, 40.80047], [-73.95529, 40.79944], [-73.95248, 40.79825], [-73.95201, 40.79883], [-73.95153, 40.79946], [-73.95119, 40.79995], [-73.95109, 40.80009], [-73.95064, 40.80072], [-73.95256, 40.80153], [-73.95348, 40.80192], [-73.95632, 40.80311], [-73.95678, 40.80249], [-73.95724, 40.80186], [-73.9577, 40.80123], [-73.95794, 40.80089], [-73.95799, 40.80083]]]}}, {"type": "Feature", "properties": {"tract_id": "36061022000", "name": "Census Tract 220", "pct_white_2020": 33.3, "pct_black_2020": 39.8, "pct_hispanic_2020": 16.5, "pct_asian_2020": 5.5, "population_2020": 6369}, "geometry": {"type": "Polygon", "coordinates": [[[-73.95396, 40.80635], [-73.95442, 40.80572], [-73.95276, 40.80503], [-73.95157, 40.80453], [-73.94873, 40.80333], [-73.94827, 40.80396], [-73.94789, 40.80448], [-73.94781, 40.80459], [-73.94735, 40.80521], [-73.9469, 40.80584], [-73.94974, 40.80704], [-73.95258, 40.80824], [-73.95292, 40.80778], [-73.95304, 40.80761], [-73.9535, 40.80698], [-73.95396, 40.80635]]]}}, {"type": "Feature", "properties": {"tract_id": "36061012200", "name": "Census Tract 122", "pct_white_2020": 92.8, "pct_black_2020": 0.0, "pct_hispanic_2020": 3.3, "pct_asian_2020": 3.3, "population_2020": 2608}, "geometry": {"type": "Polygon", "coordinates": [[[-73.97073, 40.76739], [-73.97119, 40.76677], [-73.96959, 40.76609], [-73.96797, 40.76541], [-73.96752, 40.76604], [-73.96706, 40.76667], [-73.96661, 40.76729], [-73.96615, 40.76792], [-73.96569, 40.76854], [-73.96524, 40.76917], [-73.96478, 40.7698], [-73.96639, 40.77048], [-73.96799, 40.77115], [-73.96844, 40.77052], [-73.9689, 40.7699], [-73.96936, 40.76927], [-73.96983, 40.76865], [-73.97028, 40.76803], [-73.97073, 40.76739]]]}}, {"type": "Feature", "properties": {"tract_id": "36061024100", "name": "Census Tract 241", "pct_white_2020": 14.6, "pct_black_2020": 22.8, "pct_hispanic_2020": 58.6, "pct_asian_2020": 2.2, "population_2020": 8197}, "geometry": {"type": "Polygon", "coordinates": [[[-73.9587, 40.83773], [-73.95882, 40.83746], [-73.9504, 40.83437], [-73.95028, 40.83433], [-73.94993, 40.8342], [-73.94991, 40.83419], [-73.94989, 40.83418], [-73.94981, 40.83415], [-73.94979, 40.83415], [-73.94977, 40.83414], [-73.94967, 40.8341], [-73.94962, 40.83408], [-73.94934, 40.83398], [-73.9489, 40.83407], [-73.94829, 40.83386], [-73.94582, 40.83277], [-73.94298, 40.83157], [-73.9425, 40.83224], [-73.94203, 40.83286], [-73.94158, 40.83349], [-73.94443, 40.83468], [-73.94551, 40.83512], [-73.9485, 40.83641], [-73.94879, 40.83651], [-73.94899, 40.83659], [-73.94905, 40.83662], [-73.94916, 40.83666], [-73.94918, 40.83667], [-73.94959, 40.83683], [-73.9536, 40.83823], [-73.95783, 40.83972], [-73.95802, 40.83929], [-73.9587, 40.83773]]]}}, {"type": "Feature", "properties": {"tract_id": "36061017200", "name": "Census Tract 172", "pct_white_2020": 10.7, "pct_black_2020": 30.9, "pct_hispanic_2020": 47.8, "pct_asian_2020": 4.7, "population_2020": 5325}, "geometry": {"type": "Polygon", "coordinates": [[[-73.9479, 40.79293], [-73.94839, 40.79226], [-73.94677, 40.79157], [-73.94517, 40.79089], [-73.94468, 40.79157], [-73.94418, 40.79225], [-73.94372, 40.79287], [-73.94327, 40.79349], [-73.9428, 40.79413], [-73.94235, 40.79476], [-73.94188, 40.79541], [-73.94348, 40.79607], [-73.9451, 40.79676], [-73.94557, 40.79612], [-73.94604, 40.79547], [-73.94648, 40.79486], [-73.94695, 40.79423], [-73.94741, 40.7936], [-73.9479, 40.79293]]]}}, {"type": "Feature", "properties": {"tract_id": "36061001300", "name": "Census Tract 13", "pct_white_2020": 62.0, "pct_black_2020": 7.1, "pct_hispanic_2020": 5.5, "pct_asian_2020": 18.3, "population_2020": 4861}, "geometry": {"type": "Polygon", "coordinates": [[[-74.01661, 40.70496], [-74.01663, 40.7048], [-74.01657, 40.70477], [-74.01542, 40.70468], [-74.01518, 40.70467], [-74.01429, 40.70455], [-74.01329, 40.70465], [-74.01333, 40.70503], [-74.01336, 40.70541], [-74.01325, 40.70587], [-74.01251, 40.70677], [-74.01195, 40.70745], [-74.0117, 40.70776], [-74.01125, 40.7083], [-74.01101, 40.70859], [-74.01085, 40.7088], [-74.01054, 40.70915], [-74.00999, 40.70981], [-74.00954, 40.71033], [-74.00947, 40.71041], [-74.00906, 40.71089], [-74.0086, 40.71139], [-74.01012, 40.71209], [-74.01166, 40.7128], [-74.01255, 40.71315], [-74.0137, 40.71367], [-74.01415, 40.71221], [-74.01436, 40.71101], [-74.01453, 40.71037], [-74.0147, 40.70978], [-74.01486, 40.70939], [-74.0152, 40.70846], [-74.01551, 40.70771], [-74.01553, 40.70767], [-74.01559, 40.70753], [-74.01561, 40.70749], [-74.01569, 40.7073], [-74.01575, 40.70719], [-74.01577, 40.70715], [-74.01583, 40.70698], [-74.01596, 40.70668], [-74.01613, 40.70624], [-74.01642, 40.70548], [-74.01658, 40.70509], [-74.01661, 40.70496]]]}}, {"type": "Feature", "properties": {"tract_id": "36061001401", "name": "Census Tract 14.01", "pct_white_2020": 70.3, "pct_black_2020": 2.7, "pct_hispanic_2020": 9.9, "pct_asian_2020": 7.9, "population_2020": 3165}, "geometry": {"type": "Polygon", "coordinates": [[[-73.99023, 40.71453], [-73.99022, 40.71441], [-73.98934, 40.71413], [-73.9887, 40.71419], [-73.98716, 40.71431], [-73.98608, 40.7144], [-73.98534, 40.71446], [-73.98471, 40.71451], [-73.98312, 40.71462], [-73.98279, 40.71466], [-73.98245, 40.7147], [-73.983, 40.71483], [-73.98334, 40.71493], [-73.98426, 40.71521], [-73.98501, 40.71544], [-73.9858, 40.71568], [-73.98587, 40.7157], [-73.98672, 40.71595], [-73.98753, 40.7162], [-73.98837, 40.71645], [-73.98915, 40.71671], [-73.98975, 40.71555], [-73.9902, 40.71466], [-73.99023, 40.71453]]]}}, {"type": "Feature", "properties": {"tract_id": "36061000600", "name": "Census Tract 6", "pct_white_2020": 8.0, "pct_black_2020": 6.1, "pct_hispanic_2020": 30.7, "pct_asian_2020": 51.8, "population_2020": 10751}, "geometry": {"type": "Polygon", "coordinates": [[[-73.99256, 40.71439], [-73.99247, 40.71386], [-73.99239, 40.71319], [-73.99227, 40.71247], [-73.99218, 40.71178], [-73.99198, 40.71091], [-73.99178, 40.70982], [-73.99186, 40.70981], [-73.9919, 40.7098], [-73.992, 40.70979], [-73.99207, 40.70977], [-73.99203, 40.70969], [-73.99197, 40.70959], [-73.99194, 40.70953], [-73.98938, 40.70514], [-73.98922, 40.70514], [-73.98796, 40.70513], [-73.98758, 40.70516], [-73.98745, 40.70517], [-73.98727, 40.70518], [-73.98687, 40.70516], [-73.98676, 40.70512], [-73.98669, 40.70507], [-73.98664, 40.70502], [-73.98662, 40.70498], [-73.98653, 40.70498], [-73.98651, 40.70549], [-73.98627, 40.70579], [-73.98655, 40.7093], [-73.9866, 40.71028], [-73.98661, 40.71039], [-73.98662, 40.71046], [-73.98674, 40.71154], [-73.98693, 40.7129], [-73.98706, 40.71364], [-73.98716, 40.71431], [-73.9887, 40.71419], [-73.98934, 40.71413], [-73.99022, 40.71441], [-73.99075, 40.71455], [-73.99123, 40.71449], [-73.99213, 40.71442], [-73.99256, 40.71439]]]}}, {"type": "Feature", "properties": {"tract_id": "36061000700", "name": "Census Tract 7", "pct_white_2020": 69.4, "pct_black_2020": 4.5, "pct_hispanic_2020": 7.7, "pct_asian_2020": 13.0, "population_2020": 8674}, "geometry": {"type": "Polygon", "coordinates": [[[-74.01251, 40.70677], [-74.0124, 40.70679], [-74.01187, 40.70655], [-74.01119, 40.70628], [-74.01042, 40.706], [-74.01028, 40.70595], [-74.00987, 40.7058], [-74.00999, 40.70533], [-74.00998, 40.70515], [-74.00975, 40.70477], [-74.00946, 40.70455], [-74.0091, 40.70419], [-74.00899, 40.70408], [-74.00854, 40.7037], [-74.00798, 40.70319], [-74.00795, 40.70314], [-74.00793, 40.70311], [-74.0079, 40.70308], [-74.00787, 40.70302], [-74.00785, 40.703], [-74.00781, 40.70289], [-74.00773, 40.7028], [-74.00753, 40.7026], [-74.00698, 40.70214], [-74.00607, 40.70136], [-74.00045, 40.69874], [-73.99838, 40.69805], [-73.99803, 40.69876], [-73.9975, 40.69965], [-73.9967, 40.70088], [-73.99814, 40.70153], [-74.00363, 40.7033], [-74.00421, 40.70428], [-74.00455, 40.70484], [-74.00434, 40.70496], [-74.00456, 40.7051], [-74.00463, 40.70516], [-74.00475, 40.70523], [-74.00552, 40.70579], [-74.00602, 40.70614], [-74.00678, 40.70672], [-74.00709, 40.70695], [-74.00746, 40.70722], [-74.00778, 40.70742], [-74.00827, 40.70772], [-74.00937, 40.70861], [-74.00966, 40.70876], [-74.01015, 40.70898], [-74.01054, 40.70915], [-74.01085, 40.7088], [-74.01101, 40.70859], [-74.01125, 40.7083], [-74.0117, 40.70776], [-74.01195, 40.70745], [-74.01251, 40.70677]]]}}, {"type": "Feature", "properties": {"tract_id": "36061000500", "name": "Census Tract 5", "pct_white_2020": null, "pct_black_2020": null, "pct_hispanic_2020": null, "pct_asian_2020": null, "population_2020": 0, "dominant_group_2020": null, "diversity_index_2020": null}, "geometry": {"type": "Polygon", "coordinates": [[[-74.03544, 40.68512], [-74.03459, 40.68483], [-74.03457, 40.68487], [-74.0194, 40.67957], [-74.01935, 40.67955], [-74.01932, 40.67961], [-74.01908, 40.67976], [-74.01893, 40.67984], [-74.01898, 40.6799], [-74.01874, 40.68005], [-74.01867, 40.68009], [-74.01858, 40.68014], [-74.01848, 40.6802], [-74.01826, 40.68033], [-74.0178, 40.68062], [-74.01771, 40.68066], [-74.01764, 40.6806], [-74.01757, 40.68064], [-74.01756, 40.68064], [-74.01746, 40.68063], [-74.01744, 40.68064], [-74.01729, 40.68073], [-74.01652, 40.68119], [-74.01631, 40.68132], [-74.01535, 40.6819], [-74.01524, 40.682], [-74.01532, 40.68211], [-74.01527, 40.68214], [-74.01317, 40.68341], [-74.01284, 40.68361], [-74.01277, 40.6836], [-74.01263, 40.68347], [-74.01248, 40.68355], [-74.01213, 40.68377], [-74.01192, 40.68389], [-74.01094, 40.68448], [-74.00859, 40.6859], [-74.00851, 40.68596], [-74.00842, 40.68602], [-74.00816, 40.68618], [-74.00795, 40.68629], [-74.00793, 40.68628], [-74.0079, 40.68625], [-74.00784, 40.68624], [-74.00778, 40.68625], [-74.00773, 40.68625], [-74.00767, 40.68627], [-74.00762, 40.68629], [-74.00754, 40.68632], [-74.0075, 40.68634], [-74.00741, 40.68639], [-74.00724, 40.68645], [-74.00715, 40.68648], [-74.00706, 40.6865], [-74.00702, 40.68653], [-74.00699, 40.68651], [-74.00687, 40.68646], [-74.00676, 40.68641], [-74.00659, 40.68635], [-74.00651, 40.68631], [-74.00644, 40.6863], [-74.00641, 40.68629], [-74.00635, 40.68629], [-74.00587, 40.68621], [-74.00563, 40.68678], [-74.00504, 40.68756], [-74.00459, 40.68822], [-74.00392, 40.68886], [-74.00382, 40.68893], [-74.00341, 40.68961], [-74.00302, 40.69035], [-74.00299, 40.69043], [-74.00276, 40.69036], [-74.00262, 40.69032], [-74.00243, 40.69027], [-74.00218, 40.69021], [-74.00196, 40.69014], [-74.00185, 40.69039], [-74.00096, 40.69013], [-74.0007, 40.69061], [-74.00133, 40.69123], [-74.00197, 40.69184], [-74.00182, 40.69222], [-74.00174, 40.69241], [-74.00154, 40.69279], [-74.00132, 40.69321], [-74.00128, 40.6933], [-74.00119, 40.69348], [-74.00096, 40.69407], [-74.00173, 40.69432], [-74.00233, 40.69453], [-74.00296, 40.69475], [-74.00299, 40.6948], [-74.00283, 40.69504], [-74.00266, 40.69531], [-74.01156, 40.69867], [-74.01337, 40.69914], [-74.01527, 40.69967], [-74.01529, 40.69968], [-74.01566, 40.69978], [-74.01903, 40.70072], [-74.0225, 40.70117], [-74.02615, 40.70165], [-74.02639, 40.7001], [-74.03355, 40.68826], [-74.03544, 40.68512]]]}}, {"type": "Feature", "properties": {"tract_id": "36061000900", "name": "Census Tract 9", "pct_white_2020": 59.8, "pct_black_2020": 7.5, "pct_hispanic_2020": 11.0, "pct_asian_2020": 16.6, "population_2020": 1824}, "geometry": {"type": "Polygon", "coordinates": [[[-74.01443, 40.70315], [-74.01441, 40.70308], [-74.01439, 40.703], [-74.01435, 40.70293], [-74.01431, 40.70286], [-74.01421, 40.70274], [-74.01383, 40.70241], [-74.01381, 40.70213], [-74.01382, 40.7021], [-74.01384, 40.70209], [-74.01387, 40.70208], [-74.01393, 40.70207], [-74.01397, 40.70204], [-74.01399, 40.70202], [-74.01401, 40.702], [-74.01401, 40.70198], [-74.01398, 40.70153], [-74.01381, 40.70131], [-74.01375, 40.7012], [-74.01372, 40.70113], [-74.01371, 40.70107], [-74.01367, 40.70087], [-74.01358, 40.70037], [-74.01365, 40.70022], [-74.01337, 40.69914], [-74.01156, 40.69867], [-74.00266, 40.69531], [-74.00283, 40.69504], [-74.00299, 40.6948], [-74.00296, 40.69475], [-74.00233, 40.69453], [-74.00173, 40.69432], [-74.00096, 40.69407], [-74.0007, 40.69439], [-74.00028, 40.69496], [-73.99988, 40.6956], [-73.9996, 40.69607], [-73.99946, 40.69628], [-73.99942, 40.69636], [-73.99943, 40.69641], [-73.99948, 40.69647], [-73.99953, 40.69658], [-73.99947, 40.6967], [-73.9993, 40.6968], [-73.99918, 40.69688], [-73.99899, 40.69681], [-73.99894, 40.69694], [-73.99886, 40.69692], [-73.99876, 40.69711], [-73.99885, 40.69714], [-73.99838, 40.69805], [-74.00045, 40.69874], [-74.00607, 40.70136], [-74.00698, 40.70214], [-74.00753, 40.7026], [-74.00773, 40.7028], [-74.00781, 40.70289], [-74.00785, 40.703], [-74.00787, 40.70302], [-74.0079, 40.70308], [-74.00793, 40.70311], [-74.00795, 40.70314], [-74.00798, 40.70319], [-74.00854, 40.7037], [-74.00899, 40.70408], [-74.0091, 40.70419], [-74.00946, 40.70455], [-74.00975, 40.70477], [-74.00998, 40.70515], [-74.00999, 40.70533], [-74.00987, 40.7058], [-74.01028, 40.70595], [-74.01042, 40.706], [-74.01119, 40.70628], [-74.01187, 40.70655], [-74.0124, 40.70679], [-74.01251, 40.70677], [-74.01325, 40.70587], [-74.01336, 40.70541], [-74.01333, 40.70503], [-74.01329, 40.70465], [-74.01429, 40.70455], [-74.01427, 40.70452], [-74.01426, 40.70449], [-74.01425, 40.70446], [-74.01425, 40.70442], [-74.01439, 40.7036], [-74.01443, 40.70315]]]}}, {"type": "Feature", "properties": {"tract_id": "36061001002", "name": "Census Tract 10.02", "pct_white_2020": 2.6, "pct_black_2020": 18.7, "pct_hispanic_2020": 61.7, "pct_asian_2020": 15.2, "population_2020": 5989}, "geometry": {"type": "Polygon", "coordinates": [[[-73.98023, 40.7171], [-73.98058, 40.71645], [-73.98002, 40.71629], [-73.97923, 40.71605], [-73.97909, 40.71601], [-73.97891, 40.71595], [-73.97854, 40.71584], [-73.97844, 40.7158], [-73.97808, 40.71569], [-73.97792, 40.71565], [-73.97724, 40.71548], [-73.97646, 40.7153], [-73.97659, 40.71505], [-73.97661, 40.715], [-73.97655, 40.71498], [-73.97645, 40.71495], [-73.9764, 40.71493], [-73.97634, 40.71492], [-73.97523, 40.71458], [-73.96886, 40.71265], [-73.96882, 40.71269], [-73.96847, 40.713], [-73.96837, 40.71413], [-73.96804, 40.71497], [-73.968, 40.71511], [-73.96772, 40.71604], [-73.97363, 40.71861], [-73.97474, 40.71884], [-73.97487, 40.71878], [-73.97492, 40.71877], [-73.97499, 40.71875], [-73.97512, 40.71875], [-73.97545, 40.71895], [-73.97614, 40.71909], [-73.97635, 40.71913], [-73.97648, 40.71916], [-73.97674, 40.71921], [-73.97705, 40.71928], [-73.97722, 40.71931], [-73.97803, 40.71964], [-73.97875, 40.71993], [-73.97904, 40.71939], [-73.97907, 40.71932], [-73.97942, 40.71867], [-73.97949, 40.71853], [-73.97996, 40.71759], [-73.97999, 40.71754], [-73.9802, 40.71715], [-73.98023, 40.7171]]]}}, {"type": "Feature", "properties": {"tract_id": "36061001200", "name": "Census Tract 12", "pct_white_2020": 53.6, "pct_black_2020": 2.8, "pct_hispanic_2020": 19.7, "pct_asian_2020": 19.7, "population_2020": 4157}, "geometry": {"type": "Polygon", "coordinates": [[[-73.98454, 40.71639], [-73.98501, 40.71544], [-73.98426, 40.71521], [-73.98334, 40.71493], [-73.983, 40.71483], [-73.98245, 40.7147], [-73.98234, 40.71466], [-73.98165, 40.71446], [-73.98092, 40.71426], [-73.97996, 40.71397], [-73.97949, 40.71489], [-73.97922, 40.7154], [-73.97913, 40.71555], [-73.9791, 40.71561], [-73.97902, 40.71575], [-73.97899, 40.7158], [-73.97891, 40.71595], [-73.97909, 40.71601], [-73.97923, 40.71605], [-73.98002, 40.71629], [-73.98058, 40.71645], [-73.98144, 40.71672], [-73.98229, 40.71698], [-73.9831, 40.71718], [-73.98248, 40.71829], [-73.9834, 40.71857], [-73.984, 40.71741], [-73.98403, 40.71733], [-73.98407, 40.71726], [-73.98414, 40.71713], [-73.98417, 40.71707], [-73.98423, 40.71696], [-73.98454, 40.71639]]]}}, {"type": "Feature", "properties": {"tract_id": "36061000100", "name": "Census Tract 1", "pct_white_2020": null, "pct_black_2020": null, "pct_hispanic_2020": null, "pct_asian_2020": null, "population_2020": 0, "dominant_group_2020": null, "diversity_index_2020": null}, "geometry": {"type": "MultiPolygon", "coordinates": [[[[-74.04721, 40.69089], [-74.04721, 40.69084], [-74.0472, 40.69079], [-74.04719, 40.69079], [-74.04715, 40.69072], [-74.04705, 40.69063], [-74.04703, 40.69059], [-74.04703, 40.69056], [-74.04704, 40.69048], [-74.04715, 40.69043], [-74.04718, 40.69041], [-74.04692, 40.6901], [-74.04691, 40.69008], [-74.04648, 40.68959], [-74.04625, 40.68932], [-74.04537, 40.68888], [-74.04507, 40.68874], [-74.04479, 40.68859], [-74.04472, 40.68858], [-74.04445, 40.68853], [-74.04435, 40.68851], [-74.04413, 40.68854], [-74.04396, 40.68857], [-74.04394, 40.68857], [-74.04362, 40.68876], [-74.0435, 40.68917], [-74.04346, 40.68963], [-74.04386, 40.69017], [-74.04389, 40.69019], [-74.04457, 40.69056], [-74.04503, 40.69073], [-74.04543, 40.6909], [-74.04597, 40.6911], [-74.04598, 40.69111], [-74.04611, 40.69113], [-74.04614, 40.69112], [-74.04616, 40.6911], [-74.04618, 40.69109], [-74.04631, 40.69109], [-74.04649, 40.69108], [-74.04654, 40.69108], [-74.04697, 40.69105], [-74.04704, 40.69104], [-74.0471, 40.69102], [-74.04715, 40.69099], [-74.04719, 40.69094], [-74.04719, 40.69093], [-74.04721, 40.69089]]], [[[-74.04075, 40.70017], [-74.04074, 40.70013], [-74.04072, 40.7001], [-74.0407, 40.70007], [-74.04069, 40.70005], [-74.04069, 40.70001], [-74.04068, 40.69998], [-74.04067, 40.69996], [-74.04067, 40.69993], [-74.04066, 40.69991], [-74.04064, 40.69988], [-74.04062, 40.69986], [-74.04061, 40.69983], [-74.04062, 40.6998], [-74.04061, 40.69977], [-74.0406, 40.69974], [-74.04058, 40.69971], [-74.04055, 40.69968], [-74.04053, 40.69966], [-74.04051, 40.69963], [-74.04048, 40.69959], [-74.04047, 40.69956], [-74.04047, 40.69953], [-74.04047, 40.69949], [-74.04045, 40.69947], [-74.04044, 40.69944], [-74.04043, 40.69941], [-74.0404, 40.69939], [-74.04035, 40.69937], [-74.04032, 40.69937], [-74.04028, 40.69935], [-74.04024, 40.69933], [-74.04021, 40.69932], [-74.04019, 40.69928], [-74.04019, 40.69925], [-74.04019, 40.69922], [-74.04016, 40.6992], [-74.04007, 40.69917], [-74.03998, 40.69912], [-74.03995, 40.6991], [-74.0399, 40.69907], [-74.03986, 40.69904], [-74.03985, 40.69903], [-74.03982, 40.69901], [-74.0398, 40.69898], [-74.0398, 40.69894], [-74.03982, 40.69891], [-74.03987, 40.69889], [-74.03991, 40.69888], [-74.03995, 40.69888], [-74.03999, 40.69889], [-74.04003, 40.6989], [-74.04004, 40.6989], [-74.04006, 40.69891], [-74.0401, 40.69893], [-74.04015, 40.6989], [-74.04021, 40.69885], [-74.04023, 40.69883], [-74.04008, 40.69871], [-74.03993, 40.69859], [-74.03967, 40.69877], [-74.03965, 40.6988], [-74.03963, 40.69879], [-74.03958, 40.69879], [-74.03954, 40.69879], [-74.03951, 40.69878], [-74.03949, 40.69878], [-74.03947, 40.69875], [-74.03944, 40.69874], [-74.03941, 40.69874], [-74.03938, 40.69873], [-74.03937, 40.69871], [-74.03934, 40.69868], [-74.03932, 40.69867], [-74.03929, 40.69863], [-74.03924, 40.69861], [-74.0392, 40.6986], [-74.03917, 40.69859], [-74.03912, 40.69859], [-74.03906, 40.6986], [-74.03901, 40.69859], [-74.03896, 40.69859], [-74.03893, 40.69861], [-74.03888, 40.69861], [-74.03883, 40.69862], [-74.03878, 40.69864], [-74.03874, 40.69864], [-74.03871, 40.69865], [-74.03868, 40.69866], [-74.03865, 40.69866], [-74.03863, 40.69867], [-74.03862, 40.69867], [-74.0386, 40.69868], [-74.03862, 40.6987], [-74.03861, 40.69872], [-74.03857, 40.69873], [-74.03853, 40.69871], [-74.03851, 40.6987], [-74.03845, 40.69868], [-74.03842, 40.69867], [-74.03839, 40.69867], [-74.03837, 40.69867], [-74.03837, 40.69869], [-74.03838, 40.69871], [-74.0384, 40.69873], [-74.03843, 40.69879], [-74.03845, 40.69883], [-74.03847, 40.69887], [-74.03846, 40.69892], [-74.03846, 40.69898], [-74.03847, 40.69902], [-74.0385, 40.69907], [-74.03849, 40.69911], [-74.03851, 40.69915], [-74.03853, 40.69917], [-74.03856, 40.69919], [-74.0386, 40.69921], [-74.03863, 40.69924], [-74.03866, 40.69926], [-74.0387, 40.69928], [-74.03872, 40.6993], [-74.03874, 40.69933], [-74.03876, 40.69937], [-74.03877, 40.6994], [-74.03878, 40.69941], [-74.0388, 40.69944], [-74.0388, 40.69949], [-74.03881, 40.69953], [-74.03884, 40.69956], [-74.03888, 40.6996], [-74.03889, 40.69963], [-74.03894, 40.69966], [-74.03899, 40.69966], [-74.03902, 40.69966], [-74.03907, 40.69967], [-74.03912, 40.69967], [-74.03916, 40.69968], [-74.03925, 40.69969], [-74.03929, 40.69971], [-74.03933, 40.69973], [-74.03938, 40.69975], [-74.03943, 40.69976], [-74.03948, 40.69978], [-74.03951, 40.69982], [-74.03955, 40.69984], [-74.03959, 40.69985], [-74.03962, 40.69986], [-74.03966, 40.69987], [-74.03969, 40.6999], [-74.03971, 40.69993], [-74.03975, 40.69995], [-74.03978, 40.69995], [-74.03982, 40.69996], [-74.03986, 40.69997], [-74.0399, 40.69998], [-74.03993, 40.69999], [-74.03997, 40.70002], [-74.03999, 40.70004], [-74.04002, 40.70006], [-74.04005, 40.70007], [-74.04008, 40.70009], [-74.04012, 40.7001], [-74.04015, 40.7001], [-74.04019, 40.70011], [-74.04025, 40.70012], [-74.04028, 40.70011], [-74.04033, 40.7001], [-74.04038, 40.70011], [-74.04041, 40.70013], [-74.04046, 40.70015], [-74.0405, 40.70016], [-74.04053, 40.70018], [-74.04057, 40.70019], [-74.04061, 40.7002], [-74.04065, 40.70021], [-74.0407, 40.70021], [-74.04073, 40.70019], [-74.04075, 40.70017]]]]}}, {"type": "Feature", "properties": {"tract_id": "36061000201", "name": "Census Tract 2.01", "pct_white_2020": 8.9, "pct_black_2020": 8.1, "pct_hispanic_2020": 65.5, "pct_asian_2020": 15.0, "population_2020": 2666}, "geometry": {"type": "Polygon", "coordinates": [[[-73.98716, 40.71431], [-73.98706, 40.71364], [-73.98693, 40.7129], [-73.98674, 40.71154], [-73.98662, 40.71046], [-73.98661, 40.71039], [-73.9866, 40.71028], [-73.98655, 40.7093], [-73.98627, 40.70579], [-73.98651, 40.70549], [-73.98653, 40.70498], [-73.98643, 40.70508], [-73.98643, 40.70535], [-73.98585, 40.70541], [-73.98419, 40.70558], [-73.98455, 40.70949], [-73.98465, 40.71046], [-73.98466, 40.71051], [-73.98468, 40.71061], [-73.9847, 40.7107], [-73.98478, 40.71123], [-73.98485, 40.71171], [-73.98495, 40.71235], [-73.98506, 40.71308], [-73.98511, 40.71379], [-73.98524, 40.71385], [-73.98534, 40.71446], [-73.98608, 40.7144], [-73.98716, 40.71431]]]}}, {"type": "Feature", "properties": {"tract_id": "36061000202", "name": "Census Tract 2.02", "pct_white_2020": 22.9, "pct_black_2020": 16.3, "pct_hispanic_2020": 37.6, "pct_asian_2020": 20.6, "population_2020": 7001}, "geometry": {"type": "Polygon", "coordinates": [[[-73.98534, 40.71446], [-73.98524, 40.71385], [-73.98511, 40.71379], [-73.98506, 40.71308], [-73.98495, 40.71235], [-73.98485, 40.71171], [-73.98478, 40.71123], [-73.9847, 40.7107], [-73.98468, 40.71061], [-73.98466, 40.71051], [-73.98465, 40.71046], [-73.98455, 40.70949], [-73.98419, 40.70558], [-73.98344, 40.70564], [-73.98343, 40.70558], [-73.9834, 40.70547], [-73.98335, 40.70545], [-73.98323, 40.70548], [-73.98308, 40.70548], [-73.98308, 40.70552], [-73.98282, 40.70556], [-73.98274, 40.70558], [-73.98275, 40.70553], [-73.98257, 40.70552], [-73.98245, 40.70551], [-73.98245, 40.70555], [-73.98233, 40.70555], [-73.98221, 40.70554], [-73.98203, 40.70552], [-73.98186, 40.70549], [-73.98099, 40.70537], [-73.98091, 40.70591], [-73.98033, 40.70585], [-73.97948, 40.70582], [-73.97923, 40.70577], [-73.97907, 40.70596], [-73.97548, 40.70749], [-73.97502, 40.70774], [-73.97482, 40.70788], [-73.97455, 40.70808], [-73.97443, 40.70817], [-73.97426, 40.7083], [-73.97324, 40.70904], [-73.97306, 40.70918], [-73.97279, 40.70938], [-73.97593, 40.71291], [-73.97725, 40.71315], [-73.97738, 40.71319], [-73.97759, 40.71325], [-73.97843, 40.7135], [-73.97852, 40.71353], [-73.97874, 40.7136], [-73.97929, 40.71376], [-73.97996, 40.71397], [-73.98092, 40.71426], [-73.98165, 40.71446], [-73.98234, 40.71466], [-73.98245, 40.7147], [-73.98279, 40.71466], [-73.98312, 40.71462], [-73.98471, 40.71451], [-73.98534, 40.71446]]]}}, {"type": "Feature", "properties": {"tract_id": "36061010200", "name": "Census Tract 102", "pct_white_2020": 81.9, "pct_black_2020": 3.3, "pct_hispanic_2020": 3.3, "pct_asian_2020": 3.3, "population_2020": 243}, "geometry": {"type": "Polygon", "coordinates": [[[-73.9772, 40.75854], [-73.97766, 40.75791], [-73.97604, 40.75723], [-73.97444, 40.75656], [-73.97398, 40.75718], [-73.97352, 40.75781], [-73.97307, 40.75843], [-73.97261, 40.75906], [-73.97216, 40.75968], [-73.9717, 40.76031], [-73.97124, 40.76094], [-73.97285, 40.76161], [-73.97446, 40.76229], [-73.97492, 40.76167], [-73.97537, 40.76104], [-73.97583, 40.76042], [-73.97629, 40.75979], [-73.97674, 40.75917], [-73.9772, 40.75854]]]}}, {"type": "Feature", "properties": {"tract_id": "36061010300", "name": "Census Tract 103", "pct_white_2020": 54.1, "pct_black_2020": 8.0, "pct_hispanic_2020": 8.0, "pct_asian_2020": 24.4, "population_2020": 2648}, "geometry": {"type": "Polygon", "coordinates": [[[-74.00086, 40.75221], [-74.00097, 40.75206], [-73.99931, 40.75138], [-73.99876, 40.75116], [-73.99812, 40.7509], [-73.9953, 40.74967], [-73.99484, 40.75029], [-73.99433, 40.751], [-73.99395, 40.75152], [-73.99346, 40.75219], [-73.9963, 40.75339], [-73.9976, 40.75393], [-73.99813, 40.75415], [-73.99815, 40.75417], [-73.99817, 40.75417], [-73.99819, 40.75418], [-73.99822, 40.7542], [-73.99826, 40.75421], [-73.99829, 40.75422], [-73.99914, 40.75458], [-73.99963, 40.75392], [-74.00002, 40.75339], [-74.00053, 40.75269], [-74.00086, 40.75221]]]}}, {"type": "Feature", "properties": {"tract_id": "36061010400", "name": "Census Tract 104", "pct_white_2020": 66.8, "pct_black_2020": 2.0, "pct_hispanic_2020": 7.3, "pct_asian_2020": 20.5, "population_2020": 741}, "geometry": {"type": "Polygon", "coordinates": [[[-73.98043, 40.7599], [-73.98089, 40.75927], [-73.97904, 40.75849], [-73.97891, 40.75844], [-73.97847, 40.75825], [-73.97766, 40.75791], [-73.9772, 40.75854], [-73.97674, 40.75917], [-73.97629, 40.75979], [-73.97583, 40.76042], [-73.97537, 40.76104], [-73.97492, 40.76167], [-73.97446, 40.76229], [-73.97769, 40.76364], [-73.97814, 40.76302], [-73.9786, 40.7624], [-73.97906, 40.76177], [-73.97951, 40.76115], [-73.97997, 40.76053], [-73.98043, 40.7599]]]}}, {"type": "Feature", "properties": {"tract_id": "36061007600", "name": "Census Tract 76", "pct_white_2020": 42.8, "pct_black_2020": 3.4, "pct_hispanic_2020": 13.3, "pct_asian_2020": 35.0, "population_2020": 2442}, "geometry": {"type": "Polygon", "coordinates": [[[-73.99007, 40.74666], [-73.99052, 40.74604], [-73.98873, 40.74529], [-73.9873, 40.74468], [-73.98685, 40.7453], [-73.98639, 40.74592], [-73.98595, 40.74654], [-73.9855, 40.74715], [-73.98505, 40.74777], [-73.98456, 40.74844], [-73.98408, 40.7491], [-73.98442, 40.74925], [-73.98679, 40.75024], [-73.98729, 40.75045], [-73.98778, 40.74977], [-73.98797, 40.74949], [-73.98827, 40.74915], [-73.98871, 40.74851], [-73.98917, 40.74789], [-73.98962, 40.74728], [-73.99007, 40.74666]]]}}, {"type": "Feature", "properties": {"tract_id": "36061007800", "name": "Census Tract 78", "pct_white_2020": 47.5, "pct_black_2020": 1.3, "pct_hispanic_2020": 20.8, "pct_asian_2020": 24.0, "population_2020": 9023}, "geometry": {"type": "Polygon", "coordinates": [[[-73.97764, 40.74639], [-73.97812, 40.74573], [-73.97736, 40.7454], [-73.97588, 40.74478], [-73.97522, 40.74451], [-73.97351, 40.74378], [-73.97303, 40.74445], [-73.97258, 40.74507], [-73.97249, 40.74518], [-73.97213, 40.74568], [-73.97203, 40.74581], [-73.97194, 40.74593], [-73.97175, 40.74619], [-73.97166, 40.7463], [-73.97123, 40.74692], [-73.97274, 40.74756], [-73.97359, 40.74792], [-73.97497, 40.7485], [-73.97583, 40.74886], [-73.97629, 40.74825], [-73.97635, 40.74815], [-73.97673, 40.74763], [-73.97719, 40.74701], [-73.97764, 40.74639]]]}}, {"type": "Feature", "properties": {"tract_id": "36061007900", "name": "Census Tract 79", "pct_white_2020": 74.4, "pct_black_2020": 0.0, "pct_hispanic_2020": 17.3, "pct_asian_2020": 4.6, "population_2020": 4211}, "geometry": {"type": "Polygon", "coordinates": [[[-74.0184, 40.73959], [-74.01918, 40.73637], [-74.01301, 40.73612], [-74.01066, 40.73602], [-74.01014, 40.736], [-74.00993, 40.736], [-74.00832, 40.73619], [-74.00662, 40.73643], [-74.00583, 40.73653], [-74.00586, 40.73693], [-74.00577, 40.73717], [-74.00569, 40.73755], [-74.00559, 40.73814], [-74.00549, 40.73875], [-74.00539, 40.73941], [-74.00529, 40.74002], [-74.00516, 40.74086], [-74.00537, 40.74095], [-74.00697, 40.74163], [-74.0082, 40.74215], [-74.0087, 40.74236], [-74.00889, 40.74238], [-74.00933, 40.74257], [-74.01728, 40.74418], [-74.01734, 40.74393], [-74.0174, 40.74371], [-74.01789, 40.7417], [-74.01814, 40.74067], [-74.0184, 40.73959]]]}}, {"type": "Feature", "properties": {"tract_id": "36061008100", "name": "Census Tract 81", "pct_white_2020": 74.0, "pct_black_2020": 2.0, "pct_hispanic_2020": 13.8, "pct_asian_2020": 7.1, "population_2020": 6639}, "geometry": {"type": "Polygon", "coordinates": [[[-74.00202, 40.74044], [-74.00252, 40.73975], [-74.00178, 40.73944], [-74.00128, 40.73923], [-74.0007, 40.73898], [-73.99968, 40.73855], [-73.99922, 40.73836], [-73.99684, 40.73736], [-73.99634, 40.73804], [-73.99587, 40.73869], [-73.99545, 40.73927], [-73.99502, 40.73986], [-73.99786, 40.74106], [-73.99815, 40.74118], [-74.0007, 40.74225], [-74.00113, 40.74167], [-74.00155, 40.74108], [-74.00202, 40.74044]]]}}, {"type": "Feature", "properties": {"tract_id": "36061007500", "name": "Census Tract 75", "pct_white_2020": 79.3, "pct_black_2020": 2.8, "pct_hispanic_2020": 5.5, "pct_asian_2020": 5.7, "population_2020": 3692}, "geometry": {"type": "Polygon", "coordinates": [[[-74.02006, 40.73276], [-74.01973, 40.73275], [-74.011, 40.73232], [-74.01045, 40.73238], [-74.01026, 40.7324], [-74.00987, 40.73245], [-74.00863, 40.73264], [-74.00752, 40.73285], [-74.00641, 40.73305], [-74.00629, 40.73374], [-74.00618, 40.73444], [-74.00607, 40.73513], [-74.00596, 40.73585], [-74.00583, 40.73653], [-74.00662, 40.73643], [-74.00832, 40.73619], [-74.00993, 40.736], [-74.01014, 40.736], [-74.01066, 40.73602], [-74.01301, 40.73612], [-74.01918, 40.73637], [-74.01932, 40.73581], [-74.01943, 40.73537], [-74.01961, 40.73463], [-74.02006, 40.73276]]]}}, {"type": "Feature", "properties": {"tract_id": "36061008400", "name": "Census Tract 84", "pct_white_2020": 50.0, "pct_black_2020": 3.4, "pct_hispanic_2020": 7.0, "pct_asian_2020": 34.1, "population_2020": 1590}, "geometry": {"type": "Polygon", "coordinates": [[[-73.98685, 40.75108], [-73.98729, 40.75045], [-73.98679, 40.75024], [-73.98442, 40.74925], [-73.98408, 40.7491], [-73.98362, 40.74972], [-73.98317, 40.75034], [-73.98272, 40.75096], [-73.98227, 40.75158], [-73.98182, 40.7522], [-73.98137, 40.75281], [-73.98089, 40.75348], [-73.98412, 40.75484], [-73.9846, 40.75418], [-73.98504, 40.75355], [-73.98549, 40.75294], [-73.98595, 40.75232], [-73.9864, 40.7517], [-73.98685, 40.75108]]]}}, {"type": "Feature", "properties": {"tract_id": "36061009000", "name": "Census Tract 90", "pct_white_2020": 68.0, "pct_black_2020": 3.3, "pct_hispanic_2020": 3.8, "pct_asian_2020": 21.4, "population_2020": 6947}, "geometry": {"type": "Polygon", "coordinates": [[[-73.97304, 40.75269], [-73.9735, 40.75207], [-73.97126, 40.75112], [-73.96897, 40.75014], [-73.96891, 40.75011], [-73.96843, 40.75076], [-73.96797, 40.75137], [-73.96778, 40.75163], [-73.9678, 40.75172], [-73.9677, 40.75204], [-73.96726, 40.75264], [-73.96723, 40.75269], [-73.96715, 40.75277], [-73.96704, 40.75286], [-73.96692, 40.75298], [-73.96676, 40.75319], [-73.96671, 40.75321], [-73.96662, 40.75324], [-73.96898, 40.75425], [-73.97106, 40.75513], [-73.97122, 40.75519], [-73.97168, 40.75457], [-73.97214, 40.75394], [-73.97259, 40.75332], [-73.97304, 40.75269]]]}}, {"type": "Feature", "properties": {"tract_id": "36061009200", "name": "Census Tract 92", "pct_white_2020": 58.0, "pct_black_2020": 1.6, "pct_hispanic_2020": 3.2, "pct_asian_2020": 33.1, "population_2020": 1436}, "geometry": {"type": "Polygon", "coordinates": [[[-73.97788, 40.7531], [-73.97837, 40.75242], [-73.97768, 40.75212], [-73.97711, 40.75188], [-73.97605, 40.75144], [-73.97445, 40.75077], [-73.97396, 40.75144], [-73.9735, 40.75207], [-73.97304, 40.75269], [-73.97259, 40.75332], [-73.97214, 40.75394], [-73.97168, 40.75457], [-73.97122, 40.75519], [-73.97282, 40.75587], [-73.97444, 40.75656], [-73.9749, 40.75593], [-73.97535, 40.7553], [-73.97581, 40.75468], [-73.97652, 40.75497], [-73.97697, 40.75435], [-73.97743, 40.75372], [-73.97788, 40.7531]]]}}, {"type": "Feature", "properties": {"tract_id": "36061009300", "name": "Census Tract 93", "pct_white_2020": 62.2, "pct_black_2020": 6.0, "pct_hispanic_2020": 20.1, "pct_asian_2020": 4.4, "population_2020": 9632}, "geometry": {"type": "Polygon", "coordinates": [[[-74.00417, 40.74769], [-74.00465, 40.74702], [-74.00181, 40.74583], [-73.99897, 40.74463], [-73.99849, 40.74529], [-73.99801, 40.74595], [-73.99755, 40.74658], [-73.9971, 40.7472], [-73.99792, 40.74755], [-73.99924, 40.74811], [-73.9994, 40.74817], [-73.99994, 40.7484], [-74.00055, 40.74865], [-74.00088, 40.74879], [-74.0012, 40.74893], [-74.00141, 40.74901], [-74.00279, 40.74959], [-74.00324, 40.74897], [-74.00368, 40.74836], [-74.00394, 40.748], [-74.00417, 40.74769]]]}}, {"type": "Feature", "properties": {"tract_id": "36061009400", "name": "Census Tract 94", "pct_white_2020": 44.9, "pct_black_2020": 0.0, "pct_hispanic_2020": 5.6, "pct_asian_2020": 4.5, "population_2020": 89}, "geometry": {"type": "Polygon", "coordinates": [[[-73.9804, 40.75415], [-73.98089, 40.75348], [-73.97929, 40.7528], [-73.97837, 40.75242], [-73.97788, 40.7531], [-73.97743, 40.75372], [-73.97697, 40.75435], [-73.97652, 40.75497], [-73.97581, 40.75468], [-73.97535, 40.7553], [-73.9749, 40.75593], [-73.97444, 40.75656], [-73.97604, 40.75723], [-73.97766, 40.75791], [-73.97812, 40.75728], [-73.97856, 40.75665], [-73.97902, 40.75603], [-73.97948, 40.75541], [-73.97994, 40.75478], [-73.9804, 40.75415]]]}}, {"type": "Feature", "properties": {"tract_id": "36061009600", "name": "Census Tract 96", "pct_white_2020": 36.1, "pct_black_2020": 11.0, "pct_hispanic_2020": 12.9, "pct_asian_2020": 36.8, "population_2020": 310}, "geometry": {"type": "Polygon", "coordinates": [[[-73.98362, 40.75552], [-73.98412, 40.75484], [-73.98089, 40.75348], [-73.9804, 40.75415], [-73.97994, 40.75478], [-73.97948, 40.75541], [-73.97902, 40.75603], [-73.97856, 40.75665], [-73.97812, 40.75728], [-73.97766, 40.75791], [-73.97847, 40.75825], [-73.97891, 40.75844], [-73.97904, 40.75849], [-73.98089, 40.75927], [-73.98134, 40.75865], [-73.98179, 40.75802], [-73.98226, 40.75739], [-73.98271, 40.75677], [-73.98317, 40.75614], [-73.98362, 40.75552]]]}}, {"type": "Feature", "properties": {"tract_id": "36061008700", "name": "Census Tract 87", "pct_white_2020": 67.0, "pct_black_2020": 7.1, "pct_hispanic_2020": 11.2, "pct_asian_2020": 11.6, "population_2020": 6133}, "geometry": {"type": "Polygon", "coordinates": [[[-74.00028, 40.74284], [-74.0007, 40.74225], [-73.99815, 40.74118], [-73.99786, 40.74106], [-73.99502, 40.73986], [-73.99459, 40.74044], [-73.99417, 40.74103], [-73.99403, 40.74122], [-73.99374, 40.74162], [-73.99329, 40.74223], [-73.99613, 40.74343], [-73.99897, 40.74463], [-73.99942, 40.74401], [-73.99985, 40.74342], [-74.00003, 40.74317], [-74.00028, 40.74284]]]}}, {"type": "Feature", "properties": {"tract_id": "36061008800", "name": "Census Tract 88", "pct_white_2020": 59.0, "pct_black_2020": 3.0, "pct_hispanic_2020": 1.7, "pct_asian_2020": 23.6, "population_2020": 7491}, "geometry": {"type": "Polygon", "coordinates": [[[-73.97538, 40.74948], [-73.97583, 40.74886], [-73.97497, 40.7485], [-73.97359, 40.74792], [-73.97274, 40.74756], [-73.97123, 40.74692], [-73.97078, 40.74754], [-73.97037, 40.74809], [-73.97045, 40.74821], [-73.96999, 40.74887], [-73.96994, 40.74891], [-73.96964, 40.74916], [-73.96954, 40.7492], [-73.96932, 40.74952], [-73.96891, 40.75011], [-73.96897, 40.75014], [-73.97126, 40.75112], [-73.9735, 40.75207], [-73.97396, 40.75144], [-73.97445, 40.75077], [-73.97494, 40.7501], [-73.97538, 40.74948]]]}}, {"type": "Feature", "properties": {"tract_id": "36061011700", "name": "Census Tract 117", "pct_white_2020": 53.9, "pct_black_2020": 6.1, "pct_hispanic_2020": 15.4, "pct_asian_2020": 19.3, "population_2020": 4991}, "geometry": {"type": "Polygon", "coordinates": [[[-74.01014, 40.76288], [-74.01024, 40.76275], [-74.00985, 40.76258], [-74.0059, 40.761], [-74.00456, 40.76044], [-74.00383, 40.76013], [-74.00347, 40.75997], [-74.00305, 40.75978], [-74.00284, 40.75969], [-74.00007, 40.7584], [-74.00014, 40.75831], [-73.99867, 40.75771], [-73.99731, 40.75711], [-73.99723, 40.75721], [-73.99703, 40.75749], [-73.99696, 40.75759], [-73.99692, 40.75764], [-73.99685, 40.75773], [-73.9968, 40.75779], [-73.99664, 40.75801], [-73.99641, 40.75834], [-73.99594, 40.75898], [-73.99547, 40.75963], [-73.99623, 40.75995], [-73.99832, 40.76082], [-73.99924, 40.76121], [-73.99935, 40.76126], [-74.00104, 40.76197], [-74.00115, 40.76203], [-74.00128, 40.76208], [-74.00172, 40.76221], [-74.00468, 40.76343], [-74.00821, 40.76482], [-74.0086, 40.76498], [-74.00953, 40.76372], [-74.00988, 40.76323], [-74.01005, 40.76301], [-74.01014, 40.76288]]]}}, {"type": "Feature", "properties": {"tract_id": "36061011900", "name": "Census Tract 119", "pct_white_2020": 28.1, "pct_black_2020": 43.8, "pct_hispanic_2020": 23.3, "pct_asian_2020": 3.7, "population_2020": 1040}, "geometry": {"type": "Polygon", "coordinates": [[[-73.9893, 40.75791], [-73.98979, 40.75723], [-73.98695, 40.75604], [-73.9864, 40.7558], [-73.98412, 40.75484], [-73.98362, 40.75552], [-73.98317, 40.75614], [-73.98271, 40.75677], [-73.98226, 40.75739], [-73.98509, 40.75859], [-73.98532, 40.75869], [-73.98793, 40.75979], [-73.98839, 40.75916], [-73.98884, 40.75853], [-73.9893, 40.75791]]]}}, {"type": "Feature", "properties": {"tract_id": "36061012000", "name": "Census Tract 120", "pct_white_2020": 80.6, "pct_black_2020": 6.7, "pct_hispanic_2020": 4.1, "pct_asian_2020": 7.4, "population_2020": 2993}, "geometry": {"type": "Polygon", "coordinates": [[[-73.96752, 40.76604], [-73.96797, 40.76541], [-73.96636, 40.76473], [-73.96475, 40.76406], [-73.9643, 40.76468], [-73.96384, 40.76531], [-73.9634, 40.76591], [-73.96293, 40.76656], [-73.96247, 40.76719], [-73.96215, 40.76763], [-73.96201, 40.76781], [-73.96156, 40.76844], [-73.96316, 40.76911], [-73.96478, 40.7698], [-73.96524, 40.76917], [-73.96569, 40.76854], [-73.96615, 40.76792], [-73.96661, 40.76729], [-73.96706, 40.76667], [-73.96752, 40.76604]]]}}, {"type": "Feature", "properties": {"tract_id": "36061012400", "name": "Census Tract 124", "pct_white_2020": 67.3, "pct_black_2020": 1.1, "pct_hispanic_2020": 7.1, "pct_asian_2020": 19.9, "population_2020": 9826}, "geometry": {"type": "Polygon", "coordinates": [[[-73.95696, 40.76649], [-73.95741, 40.76587], [-73.95694, 40.76567], [-73.95516, 40.76492], [-73.9547, 40.76555], [-73.95264, 40.76467], [-73.95257, 40.76464], [-73.95244, 40.76458], [-73.95231, 40.76456], [-73.94997, 40.76365], [-73.94934, 40.76434], [-73.9491, 40.76438], [-73.94773, 40.76608], [-73.95009, 40.76704], [-73.95028, 40.76712], [-73.9504, 40.76716], [-73.9505, 40.7672], [-73.95279, 40.76817], [-73.95349, 40.76847], [-73.9543, 40.76881], [-73.95504, 40.76912], [-73.95526, 40.76881], [-73.9555, 40.76849], [-73.95575, 40.76815], [-73.956, 40.7678], [-73.9565, 40.76712], [-73.95673, 40.7668], [-73.95696, 40.76649]]]}}, {"type": "Feature", "properties": {"tract_id": "36061011401", "name": "Census Tract 114.01", "pct_white_2020": 77.9, "pct_black_2020": 0.8, "pct_hispanic_2020": 4.0, "pct_asian_2020": 12.1, "population_2020": 1066}, "geometry": {"type": "Polygon", "coordinates": [[[-73.97255, 40.7649], [-73.97301, 40.76428], [-73.97141, 40.76359], [-73.9698, 40.76291], [-73.96934, 40.76355], [-73.96889, 40.76416], [-73.96843, 40.76479], [-73.96797, 40.76541], [-73.96959, 40.76609], [-73.97119, 40.76677], [-73.97165, 40.76614], [-73.9721, 40.76552], [-73.97255, 40.7649]]]}}, {"type": "Feature", "properties": {"tract_id": "36061011402", "name": "Census Tract 114.02", "pct_white_2020": 71.2, "pct_black_2020": 0.5, "pct_hispanic_2020": 7.6, "pct_asian_2020": 12.8, "population_2020": 2371}, "geometry": {"type": "Polygon", "coordinates": [[[-73.96934, 40.76355], [-73.9698, 40.76291], [-73.96819, 40.76223], [-73.96658, 40.76155], [-73.96613, 40.76218], [-73.96586, 40.76254], [-73.96567, 40.76281], [-73.96521, 40.76343], [-73.96475, 40.76406], [-73.96636, 40.76473], [-73.96797, 40.76541], [-73.96843, 40.76479], [-73.96889, 40.76416], [-73.96934, 40.76355]]]}}, {"type": "Feature", "properties": {"tract_id": "36061011500", "name": "Census Tract 115", "pct_white_2020": 44.1, "pct_black_2020": 6.8, "pct_hispanic_2020": 19.0, "pct_asian_2020": 27.3, "population_2020": 3475}, "geometry": {"type": "Polygon", "coordinates": [[[-73.99723, 40.75721], [-73.99731, 40.75711], [-73.99578, 40.75646], [-73.99562, 40.75639], [-73.99517, 40.7562], [-73.99511, 40.75618], [-73.99501, 40.75614], [-73.99447, 40.75591], [-73.99163, 40.75471], [-73.99118, 40.75533], [-73.99073, 40.75595], [-73.99028, 40.75657], [-73.98979, 40.75723], [-73.99065, 40.75759], [-73.99263, 40.75843], [-73.99394, 40.75898], [-73.99488, 40.75938], [-73.99547, 40.75963], [-73.99594, 40.75898], [-73.99641, 40.75834], [-73.99664, 40.75801], [-73.9968, 40.75779], [-73.99685, 40.75773], [-73.99692, 40.75764], [-73.99696, 40.75759], [-73.99703, 40.75749], [-73.99723, 40.75721]]]}}, {"type": "Feature", "properties": {"tract_id": "36061009800", "name": "Census Tract 98", "pct_white_2020": 69.0, "pct_black_2020": 1.2, "pct_hispanic_2020": 9.2, "pct_asian_2020": 18.2, "population_2020": 8116}, "geometry": {"type": "Polygon", "coordinates": [[[-73.97122, 40.75519], [-73.97106, 40.75513], [-73.96898, 40.75425], [-73.96662, 40.75324], [-73.96654, 40.75335], [-73.96637, 40.75359], [-73.96635, 40.75361], [-73.96616, 40.75388], [-73.9657, 40.75451], [-73.96543, 40.75487], [-73.96524, 40.75513], [-73.96479, 40.75576], [-73.96451, 40.75613], [-73.96433, 40.75638], [-73.96474, 40.75656], [-73.96592, 40.75705], [-73.9667, 40.75738], [-73.96894, 40.75833], [-73.96939, 40.7577], [-73.96985, 40.75708], [-73.97031, 40.75645], [-73.97076, 40.75582], [-73.97097, 40.75554], [-73.97122, 40.75519]]]}}, {"type": "Feature", "properties": {"tract_id": "36061010000", "name": "Census Tract 100", "pct_white_2020": 53.1, "pct_black_2020": 2.0, "pct_hispanic_2020": 20.6, "pct_asian_2020": 17.7, "population_2020": 1636}, "geometry": {"type": "Polygon", "coordinates": [[[-73.97398, 40.75718], [-73.97444, 40.75656], [-73.97282, 40.75587], [-73.97122, 40.75519], [-73.97097, 40.75554], [-73.97076, 40.75582], [-73.97031, 40.75645], [-73.96985, 40.75708], [-73.96939, 40.7577], [-73.96894, 40.75833], [-73.96848, 40.75895], [-73.96802, 40.75958], [-73.96963, 40.76025], [-73.97124, 40.76094], [-73.9717, 40.76031], [-73.97216, 40.75968], [-73.97261, 40.75906], [-73.97307, 40.75843], [-73.97352, 40.75781], [-73.97398, 40.75718]]]}}, {"type": "Feature", "properties": {"tract_id": "36061013300", "name": "Census Tract 133", "pct_white_2020": 49.1, "pct_black_2020": 2.4, "pct_hispanic_2020": 12.9, "pct_asian_2020": 30.4, "population_2020": 6304}, "geometry": {"type": "Polygon", "coordinates": [[[-73.99133, 40.76531], [-73.99179, 40.76468], [-73.98895, 40.76349], [-73.98759, 40.76292], [-73.9861, 40.76229], [-73.98565, 40.76291], [-73.98519, 40.76354], [-73.98473, 40.76417], [-73.98428, 40.76479], [-73.98712, 40.76599], [-73.98996, 40.76719], [-73.99042, 40.76656], [-73.99073, 40.76614], [-73.99088, 40.76593], [-73.99133, 40.76531]]]}}, {"type": "Feature", "properties": {"tract_id": "36061013400", "name": "Census Tract 134", "pct_white_2020": 81.0, "pct_black_2020": 3.7, "pct_hispanic_2020": 6.1, "pct_asian_2020": 7.2, "population_2020": 11387}, "geometry": {"type": "Polygon", "coordinates": [[[-73.95918, 40.7717], [-73.95965, 40.77106], [-73.95907, 40.77082], [-73.95899, 40.77079], [-73.9574, 40.77012], [-73.95667, 40.76981], [-73.95504, 40.76912], [-73.95476, 40.76951], [-73.95457, 40.76975], [-73.95411, 40.77039], [-73.95397, 40.77059], [-73.95386, 40.77073], [-73.95384, 40.77077], [-73.95365, 40.77102], [-73.95319, 40.77166], [-73.95269, 40.77234], [-73.95347, 40.77267], [-73.95409, 40.77293], [-73.95466, 40.77317], [-73.95506, 40.77334], [-73.95672, 40.77404], [-73.95729, 40.77428], [-73.95779, 40.7736], [-73.95826, 40.77297], [-73.95848, 40.77265], [-73.95862, 40.77246], [-73.95863, 40.77246], [-73.95872, 40.77233], [-73.95918, 40.7717]]]}}, {"type": "Feature", "properties": {"tract_id": "36061013700", "name": "Census Tract 137", "pct_white_2020": 65.1, "pct_black_2020": 6.3, "pct_hispanic_2020": 6.5, "pct_asian_2020": 16.0, "population_2020": 6673}, "geometry": {"type": "Polygon", "coordinates": [[[-73.98382, 40.76542], [-73.98428, 40.76479], [-73.98247, 40.76403], [-73.98143, 40.76359], [-73.98029, 40.76311], [-73.9786, 40.7624], [-73.97814, 40.76302], [-73.97769, 40.76364], [-73.9772, 40.76432], [-73.9767, 40.765], [-73.97623, 40.76568], [-73.97908, 40.76688], [-73.98143, 40.76787], [-73.98148, 40.76782], [-73.98154, 40.76778], [-73.98161, 40.76774], [-73.98163, 40.76773], [-73.98184, 40.76767], [-73.982, 40.76769], [-73.98215, 40.76773], [-73.98238, 40.7674], [-73.98288, 40.76672], [-73.98337, 40.76605], [-73.98382, 40.76542]]]}}, {"type": "Feature", "properties": {"tract_id": "36061012700", "name": "Census Tract 127", "pct_white_2020": 54.5, "pct_black_2020": 1.8, "pct_hispanic_2020": 22.8, "pct_asian_2020": 10.2, "population_2020": 7092}, "geometry": {"type": "Polygon", "coordinates": [[[-73.99316, 40.76281], [-73.99361, 40.76218], [-73.99266, 40.76178], [-73.99236, 40.76166], [-73.99076, 40.76099], [-73.98872, 40.76012], [-73.98793, 40.75979], [-73.98748, 40.7604], [-73.98701, 40.76104], [-73.98686, 40.76126], [-73.98656, 40.76166], [-73.9861, 40.76229], [-73.98759, 40.76292], [-73.98895, 40.76349], [-73.99179, 40.76468], [-73.99224, 40.76406], [-73.9927, 40.76343], [-73.99316, 40.76281]]]}}, {"type": "Feature", "properties": {"tract_id": "36061012800", "name": "Census Tract 128", "pct_white_2020": 82.5, "pct_black_2020": 0.2, "pct_hispanic_2020": 7.9, "pct_asian_2020": 7.2, "population_2020": 5089}, "geometry": {"type": "Polygon", "coordinates": [[[-73.96432, 40.77042], [-73.96478, 40.7698], [-73.96316, 40.76911], [-73.96156, 40.76844], [-73.9611, 40.76906], [-73.9606, 40.76975], [-73.96011, 40.77043], [-73.95965, 40.77106], [-73.95918, 40.7717], [-73.95872, 40.77233], [-73.95863, 40.77246], [-73.95862, 40.77246], [-73.95848, 40.77265], [-73.95826, 40.77297], [-73.95986, 40.77364], [-73.96147, 40.77432], [-73.96194, 40.77369], [-73.9624, 40.77305], [-73.96286, 40.77242], [-73.96333, 40.77179], [-73.96382, 40.7711], [-73.96432, 40.77042]]]}}, {"type": "Feature", "properties": {"tract_id": "36061013000", "name": "Census Tract 130", "pct_white_2020": 80.6, "pct_black_2020": 0.9, "pct_hispanic_2020": 6.4, "pct_asian_2020": 10.8, "population_2020": 3632}, "geometry": {"type": "Polygon", "coordinates": [[[-73.96753, 40.77178], [-73.96799, 40.77115], [-73.96639, 40.77048], [-73.96478, 40.7698], [-73.96432, 40.77042], [-73.96382, 40.7711], [-73.96333, 40.77179], [-73.96286, 40.77242], [-73.9624, 40.77305], [-73.96194, 40.77369], [-73.96147, 40.77432], [-73.96174, 40.77443], [-73.96309, 40.775], [-73.96469, 40.77568], [-73.96515, 40.77504], [-73.96561, 40.77441], [-73.96607, 40.77377], [-73.96654, 40.77314], [-73.96704, 40.77246], [-73.96753, 40.77178]]]}}, {"type": "Feature", "properties": {"tract_id": "36061021800", "name": "Census Tract 218", "pct_white_2020": 23.6, "pct_black_2020": 45.6, "pct_hispanic_2020": 17.1, "pct_asian_2020": 9.8, "population_2020": 5756}, "geometry": {"type": "Polygon", "coordinates": [[[-73.95586, 40.80374], [-73.95632, 40.80311], [-73.95348, 40.80192], [-73.95256, 40.80153], [-73.95064, 40.80072], [-73.95044, 40.80098], [-73.95019, 40.80133], [-73.94968, 40.80202], [-73.94919, 40.8027], [-73.94873, 40.80333], [-73.95157, 40.80453], [-73.95276, 40.80503], [-73.95442, 40.80572], [-73.95487, 40.8051], [-73.95537, 40.80442], [-73.95586, 40.80374]]]}}, {"type": "Feature", "properties": {"tract_id": "36061021900", "name": "Census Tract 219", "pct_white_2020": 6.4, "pct_black_2020": 35.2, "pct_hispanic_2020": 53.9, "pct_asian_2020": 1.6, "population_2020": 6147}, "geometry": {"type": "Polygon", "coordinates": [[[-73.9678, 40.82085], [-73.96787, 40.82077], [-73.96347, 40.81873], [-73.96298, 40.81851], [-73.96207, 40.8181], [-73.9619, 40.81805], [-73.96182, 40.81802], [-73.96169, 40.81797], [-73.96158, 40.81791], [-73.96142, 40.81783], [-73.96102, 40.81765], [-73.96069, 40.81751], [-73.95949, 40.81701], [-73.95862, 40.81605], [-73.95829, 40.81569], [-73.95783, 40.81516], [-73.95755, 40.81483], [-73.95698, 40.81419], [-73.95627, 40.81337], [-73.95571, 40.81414], [-73.95546, 40.81449], [-73.955, 40.81511], [-73.95455, 40.81574], [-73.95409, 40.81636], [-73.95356, 40.81708], [-73.95319, 40.81759], [-73.95272, 40.81824], [-73.95495, 40.81917], [-73.95545, 40.81938], [-73.95602, 40.8188], [-73.95823, 40.81973], [-73.95887, 40.82001], [-73.95932, 40.82019], [-73.95942, 40.82023], [-73.95948, 40.82026], [-73.95954, 40.82028], [-73.95966, 40.8203], [-73.96001, 40.82042], [-73.96119, 40.82107], [-73.96598, 40.82335], [-73.96647, 40.82268], [-73.96656, 40.82255], [-73.9678, 40.82085]]]}}, {"type": "Feature", "properties": {"tract_id": "36061022102", "name": "Census Tract 221.02", "pct_white_2020": 23.3, "pct_black_2020": 43.7, "pct_hispanic_2020": 17.4, "pct_asian_2020": 6.8, "population_2020": 2645}, "geometry": {"type": "Polygon", "coordinates": [[[-73.94801, 40.81712], [-73.94836, 40.81637], [-73.94703, 40.81583], [-73.94655, 40.8165], [-73.94606, 40.81718], [-73.9456, 40.8178], [-73.94514, 40.81842], [-73.94469, 40.81905], [-73.94423, 40.81967], [-73.94378, 40.82029], [-73.94515, 40.82088], [-73.94608, 40.82126], [-73.9464, 40.82057], [-73.94672, 40.81989], [-73.94704, 40.81921], [-73.94735, 40.81853], [-73.94767, 40.81785], [-73.94801, 40.81712]]]}}, {"type": "Feature", "properties": {"tract_id": "36061022302", "name": "Census Tract 223.02", "pct_white_2020": 11.8, "pct_black_2020": 16.5, "pct_hispanic_2020": 61.5, "pct_asian_2020": 8.0, "population_2020": 3036}, "geometry": {"type": "Polygon", "coordinates": [[[-73.9659, 40.82346], [-73.96598, 40.82335], [-73.96119, 40.82107], [-73.96001, 40.82042], [-73.95966, 40.8203], [-73.95954, 40.82028], [-73.95948, 40.82026], [-73.95942, 40.82023], [-73.95932, 40.82019], [-73.95887, 40.82001], [-73.95823, 40.81973], [-73.95602, 40.8188], [-73.95545, 40.81938], [-73.95508, 40.8201], [-73.95544, 40.82025], [-73.95687, 40.82087], [-73.95752, 40.82114], [-73.95793, 40.8213], [-73.95821, 40.82142], [-73.9583, 40.82146], [-73.95841, 40.8215], [-73.95853, 40.82154], [-73.95864, 40.82158], [-73.95874, 40.82162], [-73.96123, 40.82277], [-73.96514, 40.8245], [-73.96517, 40.82446], [-73.96559, 40.82388], [-73.96572, 40.82371], [-73.9659, 40.82346]]]}}, {"type": "Feature", "properties": {"tract_id": "36061022400", "name": "Census Tract 224", "pct_white_2020": 7.8, "pct_black_2020": 61.9, "pct_hispanic_2020": 25.1, "pct_asian_2020": 2.4, "population_2020": 7517}, "geometry": {"type": "Polygon", "coordinates": [[[-73.95022, 40.81148], [-73.95068, 40.81084], [-73.94784, 40.80964], [-73.94499, 40.80845], [-73.94454, 40.80907], [-73.94408, 40.80969], [-73.94362, 40.81032], [-73.9434, 40.81063], [-73.94317, 40.81094], [-73.94603, 40.81212], [-73.94598, 40.81218], [-73.94557, 40.81275], [-73.94709, 40.81339], [-73.94769, 40.81364], [-73.94842, 40.81394], [-73.94848, 40.81386], [-73.94883, 40.81337], [-73.9493, 40.81273], [-73.94931, 40.81271], [-73.94976, 40.8121], [-73.95022, 40.81148]]]}}, {"type": "Feature", "properties": {"tract_id": "36061022600", "name": "Census Tract 226", "pct_white_2020": 20.1, "pct_black_2020": 37.4, "pct_hispanic_2020": 34.1, "pct_asian_2020": 4.5, "population_2020": 5400}, "geometry": {"type": "Polygon", "coordinates": [[[-73.94795, 40.81458], [-73.94842, 40.81394], [-73.94769, 40.81364], [-73.94709, 40.81339], [-73.94557, 40.81275], [-73.94598, 40.81218], [-73.94603, 40.81212], [-73.94317, 40.81094], [-73.94272, 40.81157], [-73.94225, 40.8122], [-73.94215, 40.81234], [-73.9418, 40.81282], [-73.94135, 40.81344], [-73.94205, 40.81373], [-73.94248, 40.81391], [-73.94419, 40.81463], [-73.94703, 40.81583], [-73.94749, 40.81521], [-73.94795, 40.81458]]]}}, {"type": "Feature", "properties": {"tract_id": "36061020000", "name": "Census Tract 200", "pct_white_2020": 34.3, "pct_black_2020": 47.3, "pct_hispanic_2020": 9.8, "pct_asian_2020": 4.3, "population_2020": 3123}, "geometry": {"type": "Polygon", "coordinates": [[[-73.94827, 40.80396], [-73.94808, 40.80388], [-73.94552, 40.80279], [-73.9453, 40.8027], [-73.94505, 40.8026], [-73.94467, 40.80313], [-73.9446, 40.80323], [-73.94613, 40.80388], [-73.94569, 40.80452], [-73.94524, 40.80514], [-73.94478, 40.80576], [-73.9443, 40.80639], [-73.9434, 40.80601], [-73.94275, 40.80574], [-73.94226, 40.80642], [-73.94177, 40.80709], [-73.94499, 40.80845], [-73.94548, 40.80777], [-73.94598, 40.8071], [-73.94644, 40.80647], [-73.9469, 40.80584], [-73.94735, 40.80521], [-73.94781, 40.80459], [-73.94789, 40.80448], [-73.94827, 40.80396]]]}}, {"type": "Feature", "properties": {"tract_id": "36061020102", "name": "Census Tract 201.02", "pct_white_2020": 24.3, "pct_black_2020": 52.3, "pct_hispanic_2020": 12.8, "pct_asian_2020": 4.9, "population_2020": 4028}, "geometry": {"type": "Polygon", "coordinates": [[[-73.95825, 40.80471], [-73.9582, 40.80389], [-73.95778, 40.80373], [-73.95632, 40.80311], [-73.95586, 40.80374], [-73.95537, 40.80442], [-73.95487, 40.8051], [-73.95442, 40.80572], [-73.95587, 40.80634], [-73.95727, 40.80692], [-73.95772, 40.80629], [-73.95818, 40.8056], [-73.95825, 40.80471]]]}}, {"type": "Feature", "properties": {"tract_id": "36061022800", "name": "Census Tract 228", "pct_white_2020": 10.7, "pct_black_2020": 63.8, "pct_hispanic_2020": 18.6, "pct_asian_2020": 1.7, "population_2020": 6542}, "geometry": {"type": "Polygon", "coordinates": [[[-73.94655, 40.8165], [-73.94703, 40.81583], [-73.94419, 40.81463], [-73.94248, 40.81391], [-73.94205, 40.81373], [-73.94135, 40.81344], [-73.94085, 40.81411], [-73.94037, 40.81477], [-73.93991, 40.8154], [-73.93968, 40.81572], [-73.93946, 40.81603], [-73.9423, 40.81723], [-73.94514, 40.81842], [-73.9456, 40.8178], [-73.94606, 40.81718], [-73.94655, 40.8165]]]}}, {"type": "Feature", "properties": {"tract_id": "36061022900", "name": "Census Tract 229", "pct_white_2020": 18.1, "pct_black_2020": 17.2, "pct_hispanic_2020": 60.6, "pct_asian_2020": 1.5, "population_2020": 9177}, "geometry": {"type": "Polygon", "coordinates": [[[-73.96246, 40.82918], [-73.96259, 40.8289], [-73.95746, 40.82687], [-73.95499, 40.82588], [-73.95488, 40.82583], [-73.95485, 40.82582], [-73.95426, 40.82555], [-73.95383, 40.82537], [-73.95368, 40.82531], [-73.95185, 40.82451], [-73.94969, 40.8236], [-73.94901, 40.82331], [-73.94855, 40.82394], [-73.9481, 40.82456], [-73.9476, 40.82523], [-73.94712, 40.8259], [-73.94996, 40.8271], [-73.95127, 40.82766], [-73.95197, 40.82704], [-73.95206, 40.82708], [-73.95259, 40.8273], [-73.95352, 40.82728], [-73.95361, 40.82728], [-73.95371, 40.82728], [-73.95443, 40.82807], [-73.96168, 40.83096], [-73.96246, 40.82918]]]}}, {"type": "Feature", "properties": {"tract_id": "36061023000", "name": "Census Tract 230", "pct_white_2020": 4.7, "pct_black_2020": 62.1, "pct_hispanic_2020": 23.6, "pct_asian_2020": 5.6, "population_2020": 8803}, "geometry": {"type": "Polygon", "coordinates": [[[-73.94469, 40.81905], [-73.94514, 40.81842], [-73.9423, 40.81723], [-73.93946, 40.81603], [-73.93899, 40.81666], [-73.93854, 40.81728], [-73.93834, 40.81756], [-73.93809, 40.8179], [-73.93764, 40.81852], [-73.93803, 40.81868], [-73.94025, 40.81962], [-73.94048, 40.81972], [-73.94332, 40.82092], [-73.94378, 40.82029], [-73.94423, 40.81967], [-73.94469, 40.81905]]]}}, {"type": "Feature", "properties": {"tract_id": "36061020901", "name": "Census Tract 209.01", "pct_white_2020": 4.0, "pct_black_2020": 40.1, "pct_hispanic_2020": 49.3, "pct_asian_2020": 3.3, "population_2020": 3388}, "geometry": {"type": "Polygon", "coordinates": [[[-73.95743, 40.81178], [-73.95781, 40.81126], [-73.9568, 40.81084], [-73.95497, 40.81006], [-73.95358, 40.80948], [-73.95328, 40.80988], [-73.95308, 40.81009], [-73.95259, 40.81076], [-73.9521, 40.81144], [-73.95354, 40.81205], [-73.95408, 40.81228], [-73.9552, 40.81355], [-73.95571, 40.81414], [-73.95627, 40.81337], [-73.95683, 40.81261], [-73.95733, 40.81192], [-73.95735, 40.81189], [-73.95743, 40.81178]]]}}, {"type": "Feature", "properties": {"tract_id": "36061021000", "name": "Census Tract 210", "pct_white_2020": 2.9, "pct_black_2020": 66.5, "pct_hispanic_2020": 22.1, "pct_asian_2020": 5.1, "population_2020": 7038}, "geometry": {"type": "Polygon", "coordinates": [[[-73.93859, 40.81144], [-73.93902, 40.81086], [-73.93741, 40.81018], [-73.93582, 40.8095], [-73.93578, 40.80954], [-73.93558, 40.80982], [-73.93531, 40.81011], [-73.93517, 40.81025], [-73.93502, 40.81038], [-73.93496, 40.81042], [-73.93487, 40.81049], [-73.93473, 40.8106], [-73.93424, 40.81085], [-73.93414, 40.81089], [-73.93267, 40.81149], [-73.9326, 40.81152], [-73.9326, 40.81199], [-73.93249, 40.81288], [-73.93242, 40.81357], [-73.93242, 40.81403], [-73.93241, 40.81406], [-73.9324, 40.81415], [-73.9324, 40.81419], [-73.93239, 40.81422], [-73.93239, 40.81425], [-73.93238, 40.81432], [-73.93237, 40.8144], [-73.93236, 40.81459], [-73.93236, 40.81468], [-73.93235, 40.81475], [-73.93233, 40.81492], [-73.93233, 40.8151], [-73.93226, 40.818], [-73.93233, 40.81946], [-73.93233, 40.81949], [-73.93233, 40.8195], [-73.93382, 40.81949], [-73.93412, 40.81955], [-73.93431, 40.81963], [-73.93448, 40.8197], [-73.93447, 40.81961], [-73.93445, 40.81933], [-73.93444, 40.81915], [-73.93434, 40.81876], [-73.93427, 40.81875], [-73.93398, 40.8177], [-73.93413, 40.81773], [-73.93429, 40.81724], [-73.93445, 40.81719], [-73.93464, 40.81691], [-73.93487, 40.81653], [-73.93576, 40.81533], [-73.93614, 40.81479], [-73.93621, 40.81467], [-73.93645, 40.81437], [-73.93669, 40.81404], [-73.937, 40.81362], [-73.93714, 40.81342], [-73.93764, 40.81275], [-73.93813, 40.81207], [-73.93859, 40.81144]]]}}, {"type": "Feature", "properties": {"tract_id": "36061021100", "name": "Census Tract 211", "pct_white_2020": 34.7, "pct_black_2020": 14.9, "pct_hispanic_2020": 28.0, "pct_asian_2020": 14.6, "population_2020": 10110}, "geometry": {"type": "Polygon", "coordinates": [[[-73.97112, 40.81631], [-73.97115, 40.81627], [-73.96641, 40.8144], [-73.96538, 40.81396], [-73.96511, 40.81382], [-73.96487, 40.81371], [-73.96464, 40.81358], [-73.96458, 40.81355], [-73.96381, 40.81311], [-73.96302, 40.81262], [-73.96255, 40.81244], [-73.96211, 40.81225], [-73.96151, 40.812], [-73.96111, 40.81183], [-73.96056, 40.8116], [-73.96026, 40.81147], [-73.95969, 40.81123], [-73.95931, 40.81107], [-73.95906, 40.81096], [-73.95827, 40.81063], [-73.95781, 40.81126], [-73.95743, 40.81178], [-73.95735, 40.81189], [-73.95733, 40.81192], [-73.95683, 40.81261], [-73.95627, 40.81337], [-73.95698, 40.81419], [-73.95755, 40.81483], [-73.95783, 40.81516], [-73.95829, 40.81569], [-73.95862, 40.81605], [-73.95949, 40.81701], [-73.96069, 40.81751], [-73.96102, 40.81765], [-73.96142, 40.81783], [-73.96158, 40.81791], [-73.96169, 40.81797], [-73.96182, 40.81802], [-73.9619, 40.81805], [-73.96207, 40.8181], [-73.96298, 40.81851], [-73.96347, 40.81873], [-73.96787, 40.82077], [-73.96789, 40.82073], [-73.97069, 40.8169], [-73.97112, 40.81631]]]}}, {"type": "Feature", "properties": {"tract_id": "36061021200", "name": "Census Tract 212", "pct_white_2020": 10.7, "pct_black_2020": 63.9, "pct_hispanic_2020": 14.7, "pct_asian_2020": 5.1, "population_2020": 4270}, "geometry": {"type": "Polygon", "coordinates": [[[-73.94215, 40.81234], [-73.94225, 40.8122], [-73.93902, 40.81086], [-73.93859, 40.81144], [-73.93813, 40.81207], [-73.93764, 40.81275], [-73.93714, 40.81342], [-73.937, 40.81362], [-73.93669, 40.81404], [-73.93645, 40.81437], [-73.93621, 40.81467], [-73.93614, 40.81479], [-73.93576, 40.81533], [-73.93643, 40.8156], [-73.93678, 40.81575], [-73.93725, 40.81595], [-73.93773, 40.81614], [-73.93795, 40.81623], [-73.93899, 40.81666], [-73.93946, 40.81603], [-73.93968, 40.81572], [-73.93991, 40.8154], [-73.94037, 40.81477], [-73.94085, 40.81411], [-73.94135, 40.81344], [-73.9418, 40.81282], [-73.94215, 40.81234]]]}}, {"type": "Feature", "properties": {"tract_id": "36061021400", "name": "Census Tract 214", "pct_white_2020": 11.5, "pct_black_2020": 70.8, "pct_hispanic_2020": 10.4, "pct_asian_2020": 3.1, "population_2020": 3037}, "geometry": {"type": "Polygon", "coordinates": [[[-73.93854, 40.81728], [-73.93899, 40.81666], [-73.93795, 40.81623], [-73.93773, 40.81614], [-73.93725, 40.81595], [-73.93678, 40.81575], [-73.93643, 40.8156], [-73.93576, 40.81533], [-73.93487, 40.81653], [-73.93464, 40.81691], [-73.93445, 40.81719], [-73.93429, 40.81724], [-73.93413, 40.81773], [-73.93398, 40.8177], [-73.93427, 40.81875], [-73.93434, 40.81876], [-73.93444, 40.81915], [-73.93445, 40.81933], [-73.93447, 40.81961], [-73.93448, 40.8197], [-73.93623, 40.82044], [-73.93672, 40.81977], [-73.93718, 40.81914], [-73.93764, 40.81852], [-73.93809, 40.8179], [-73.93834, 40.81756], [-73.93854, 40.81728]]]}}, {"type": "Feature", "properties": {"tract_id": "36061020300", "name": "Census Tract 203", "pct_white_2020": 43.3, "pct_black_2020": 7.7, "pct_hispanic_2020": 14.8, "pct_asian_2020": 29.6, "population_2020": 3933}, "geometry": {"type": "Polygon", "coordinates": [[[-73.96439, 40.80734], [-73.96485, 40.80671], [-73.96247, 40.80571], [-73.96201, 40.80551], [-73.96155, 40.80614], [-73.96136, 40.8064], [-73.96132, 40.80646], [-73.96105, 40.80682], [-73.96011, 40.80812], [-73.95994, 40.80835], [-73.95965, 40.80875], [-73.95922, 40.80934], [-73.95894, 40.80972], [-73.95873, 40.81001], [-73.95827, 40.81063], [-73.95906, 40.81096], [-73.95931, 40.81107], [-73.95969, 40.81123], [-73.96026, 40.81147], [-73.96056, 40.8116], [-73.96111, 40.81183], [-73.96134, 40.81152], [-73.96157, 40.81121], [-73.96206, 40.81054], [-73.9639, 40.808], [-73.96405, 40.8078], [-73.96417, 40.80764], [-73.96439, 40.80734]]]}}, {"type": "Feature", "properties": {"tract_id": "36061022700", "name": "Census Tract 227", "pct_white_2020": 18.3, "pct_black_2020": 37.3, "pct_hispanic_2020": 31.0, "pct_asian_2020": 4.6, "population_2020": 5156}, "geometry": {"type": "Polygon", "coordinates": [[[-73.94946, 40.82269], [-73.94992, 40.82207], [-73.94854, 40.82149], [-73.94808, 40.82211], [-73.94739, 40.82182], [-73.94733, 40.82179], [-73.94724, 40.82175], [-73.94675, 40.82155], [-73.94652, 40.82145], [-73.94608, 40.82126], [-73.94515, 40.82088], [-73.9446, 40.82146], [-73.94405, 40.82205], [-73.94351, 40.82263], [-73.94323, 40.82292], [-73.94292, 40.82326], [-73.94384, 40.82365], [-73.94476, 40.82403], [-73.94622, 40.82465], [-73.9476, 40.82523], [-73.9481, 40.82456], [-73.94855, 40.82394], [-73.94901, 40.82331], [-73.94946, 40.82269]]]}}, {"type": "Feature", "properties": {"tract_id": "36061020600", "name": "Census Tract 206", "pct_white_2020": 18.9, "pct_black_2020": 55.7, "pct_hispanic_2020": 19.0, "pct_asian_2020": 0.9, "population_2020": 3839}, "geometry": {"type": "Polygon", "coordinates": [[[-73.94132, 40.80771], [-73.94177, 40.80709], [-73.94016, 40.80641], [-73.93854, 40.80573], [-73.93809, 40.80635], [-73.93764, 40.80697], [-73.93718, 40.8076], [-73.93696, 40.8079], [-73.93672, 40.80822], [-73.93626, 40.80886], [-73.93582, 40.8095], [-73.93741, 40.81018], [-73.93902, 40.81086], [-73.93949, 40.81021], [-73.93995, 40.80958], [-73.9404, 40.80896], [-73.94086, 40.80833], [-73.94132, 40.80771]]]}}, {"type": "Feature", "properties": {"tract_id": "36061021703", "name": "Census Tract 217.03", "pct_white_2020": 50.6, "pct_black_2020": 10.6, "pct_hispanic_2020": 9.4, "pct_asian_2020": 29.4, "population_2020": 85}, "geometry": {"type": "Polygon", "coordinates": [[[-73.95287, 40.81585], [-73.95297, 40.81507], [-73.95086, 40.81419], [-73.95132, 40.81357], [-73.95177, 40.81294], [-73.95093, 40.81258], [-73.95035, 40.81316], [-73.94986, 40.8138], [-73.94962, 40.8141], [-73.94949, 40.81428], [-73.9494, 40.81442], [-73.94919, 40.81474], [-73.94902, 40.81502], [-73.94885, 40.81532], [-73.9487, 40.81565], [-73.94868, 40.81569], [-73.94836, 40.81637], [-73.94801, 40.81712], [-73.94767, 40.81785], [-73.94735, 40.81853], [-73.94704, 40.81921], [-73.94672, 40.81989], [-73.9464, 40.82057], [-73.94608, 40.82126], [-73.94652, 40.82145], [-73.94675, 40.82155], [-73.94724, 40.82175], [-73.94733, 40.82179], [-73.94739, 40.82182], [-73.94808, 40.82211], [-73.94854, 40.82149], [-73.94992, 40.82207], [-73.95038, 40.82144], [-73.95083, 40.82083], [-73.95175, 40.81957], [-73.9522, 40.81895], [-73.95088, 40.8184], [-73.95177, 40.81791], [-73.95227, 40.81722], [-73.95276, 40.81654], [-73.95287, 40.81585]]]}}, {"type": "Feature", "properties": {"tract_id": "36061010602", "name": "Census Tract 106.02", "pct_white_2020": 62.3, "pct_black_2020": 4.5, "pct_hispanic_2020": 10.8, "pct_asian_2020": 18.4, "population_2020": 4992}, "geometry": {"type": "Polygon", "coordinates": [[[-73.96178, 40.75988], [-73.96197, 40.75962], [-73.95972, 40.75866], [-73.95904, 40.75838], [-73.95893, 40.75834], [-73.95872, 40.75864], [-73.9586, 40.75859], [-73.95848, 40.75854], [-73.95553, 40.75724], [-73.95546, 40.75732], [-73.95384, 40.75936], [-73.95631, 40.76048], [-73.95654, 40.76061], [-73.9566, 40.76064], [-73.9567, 40.76068], [-73.95708, 40.76085], [-73.95789, 40.76117], [-73.95744, 40.76179], [-73.9579, 40.76198], [-73.95792, 40.76199], [-73.95921, 40.76254], [-73.95969, 40.76274], [-73.96015, 40.76211], [-73.96061, 40.76149], [-73.96107, 40.76086], [-73.96113, 40.76077], [-73.96143, 40.76036], [-73.96152, 40.76023], [-73.96153, 40.76022], [-73.96155, 40.76019], [-73.96162, 40.76009], [-73.96164, 40.76006], [-73.96168, 40.76001], [-73.96173, 40.75995], [-73.96178, 40.75988]]]}}, {"type": "Feature", "properties": {"tract_id": "36061010900", "name": "Census Tract 109", "pct_white_2020": 46.7, "pct_black_2020": 24.3, "pct_hispanic_2020": 13.3, "pct_asian_2020": 11.9, "population_2020": 210}, "geometry": {"type": "Polygon", "coordinates": [[[-73.99298, 40.75285], [-73.99346, 40.75219], [-73.99062, 40.75099], [-73.98794, 40.74985], [-73.98778, 40.74977], [-73.98729, 40.75045], [-73.98685, 40.75108], [-73.9864, 40.7517], [-73.98595, 40.75232], [-73.98731, 40.75289], [-73.98879, 40.75352], [-73.99163, 40.75471], [-73.99208, 40.75409], [-73.99253, 40.75347], [-73.99298, 40.75285]]]}}, {"type": "Feature", "properties": {"tract_id": "36061011000", "name": "Census Tract 110", "pct_white_2020": 61.5, "pct_black_2020": 4.1, "pct_hispanic_2020": 19.8, "pct_asian_2020": 12.2, "population_2020": 7303}, "geometry": {"type": "Polygon", "coordinates": [[[-73.96613, 40.76218], [-73.96658, 40.76155], [-73.96431, 40.7606], [-73.96356, 40.76028], [-73.96197, 40.75962], [-73.96178, 40.75988], [-73.96173, 40.75995], [-73.96168, 40.76001], [-73.96164, 40.76006], [-73.96162, 40.76009], [-73.96155, 40.76019], [-73.96153, 40.76022], [-73.96152, 40.76023], [-73.96143, 40.76036], [-73.96113, 40.76077], [-73.96107, 40.76086], [-73.96061, 40.76149], [-73.96015, 40.76211], [-73.95969, 40.76274], [-73.96127, 40.7634], [-73.96206, 40.76374], [-73.9643, 40.76468], [-73.96475, 40.76406], [-73.96521, 40.76343], [-73.96567, 40.76281], [-73.96586, 40.76254], [-73.96613, 40.76218]]]}}, {"type": "Feature", "properties": {"tract_id": "36061011202", "name": "Census Tract 112.02", "pct_white_2020": 88.7, "pct_black_2020": 0.0, "pct_hispanic_2020": 0.0, "pct_asian_2020": 4.3, "population_2020": 488}, "geometry": {"type": "Polygon", "coordinates": [[[-73.97397, 40.76297], [-73.97446, 40.76229], [-73.97285, 40.76161], [-73.97124, 40.76094], [-73.97075, 40.76161], [-73.97026, 40.76229], [-73.9698, 40.76291], [-73.97141, 40.76359], [-73.97301, 40.76428], [-73.97346, 40.76366], [-73.97397, 40.76297]]]}}, {"type": "Feature", "properties": {"tract_id": "36061011203", "name": "Census Tract 112.03", "pct_white_2020": 80.2, "pct_black_2020": 0.0, "pct_hispanic_2020": 1.8, "pct_asian_2020": 10.3, "population_2020": 1076}, "geometry": {"type": "Polygon", "coordinates": [[[-73.97075, 40.76161], [-73.97124, 40.76094], [-73.96963, 40.76025], [-73.96802, 40.75958], [-73.96753, 40.76025], [-73.96704, 40.76093], [-73.96658, 40.76155], [-73.96819, 40.76223], [-73.9698, 40.76291], [-73.97026, 40.76229], [-73.97075, 40.76161]]]}}, {"type": "Feature", "properties": {"tract_id": "36061019900", "name": "Census Tract 199", "pct_white_2020": 60.7, "pct_black_2020": 5.9, "pct_hispanic_2020": 12.2, "pct_asian_2020": 18.6, "population_2020": 9017}, "geometry": {"type": "Polygon", "coordinates": [[[-73.97509, 40.81088], [-73.97717, 40.80803], [-73.97113, 40.8058], [-73.97084, 40.80568], [-73.97069, 40.80563], [-73.96856, 40.80485], [-73.96805, 40.80468], [-73.9667, 40.80417], [-73.96439, 40.80319], [-73.96432, 40.80317], [-73.96386, 40.80297], [-73.96369, 40.80321], [-73.96338, 40.80363], [-73.96318, 40.8039], [-73.96293, 40.80426], [-73.96247, 40.80489], [-73.96201, 40.80551], [-73.96247, 40.80571], [-73.96485, 40.80671], [-73.96582, 40.80711], [-73.9662, 40.80727], [-73.96635, 40.80734], [-73.96698, 40.8076], [-73.96869, 40.80827], [-73.96887, 40.80834], [-73.96922, 40.80851], [-73.97509, 40.81088]]]}}, {"type": "Feature", "properties": {"tract_id": "36061024700", "name": "Census Tract 247", "pct_white_2020": 14.5, "pct_black_2020": 12.9, "pct_hispanic_2020": 70.5, "pct_asian_2020": 2.2, "population_2020": 6768}, "geometry": {"type": "Polygon", "coordinates": [[[-73.9578, 40.8398], [-73.95783, 40.83972], [-73.9536, 40.83823], [-73.94959, 40.83683], [-73.94918, 40.83667], [-73.94916, 40.83666], [-73.94905, 40.83662], [-73.94899, 40.83659], [-73.94879, 40.83651], [-73.9485, 40.83641], [-73.94551, 40.83512], [-73.94443, 40.83468], [-73.94397, 40.83531], [-73.94407, 40.83534], [-73.94419, 40.83539], [-73.94431, 40.83545], [-73.94442, 40.83552], [-73.94452, 40.83562], [-73.94459, 40.83572], [-73.94465, 40.83583], [-73.94468, 40.83595], [-73.94469, 40.83607], [-73.94467, 40.83618], [-73.94463, 40.83629], [-73.94457, 40.83638], [-73.9443, 40.83708], [-73.94402, 40.83778], [-73.94374, 40.83848], [-73.94347, 40.83917], [-73.94307, 40.84019], [-73.94468, 40.84105], [-73.94564, 40.84117], [-73.94576, 40.8412], [-73.9465, 40.84124], [-73.94772, 40.84145], [-73.95573, 40.84451], [-73.9578, 40.8398]]]}}, {"type": "Feature", "properties": {"tract_id": "36061003602", "name": "Census Tract 36.02", "pct_white_2020": 61.7, "pct_black_2020": 11.4, "pct_hispanic_2020": 11.2, "pct_asian_2020": 13.1, "population_2020": 3409}, "geometry": {"type": "Polygon", "coordinates": [[[-73.99233, 40.72491], [-73.9926, 40.72414], [-73.99126, 40.72372], [-73.99102, 40.72365], [-73.99027, 40.72343], [-73.98939, 40.72317], [-73.98864, 40.72293], [-73.98845, 40.72328], [-73.98797, 40.72394], [-73.9875, 40.72458], [-73.98826, 40.7249], [-73.98846, 40.72499], [-73.98987, 40.72558], [-73.99179, 40.72639], [-73.99206, 40.72564], [-73.99213, 40.72545], [-73.99221, 40.72523], [-73.99233, 40.72491]]]}}, {"type": "Feature", "properties": {"tract_id": "36061005502", "name": "Census Tract 55.02", "pct_white_2020": 63.3, "pct_black_2020": 2.8, "pct_hispanic_2020": 13.1, "pct_asian_2020": 18.5, "population_2020": 1918}, "geometry": {"type": "Polygon", "coordinates": [[[-73.99645, 40.72581], [-73.99677, 40.72543], [-73.99585, 40.72521], [-73.99533, 40.72508], [-73.99491, 40.72495], [-73.99418, 40.72469], [-73.99346, 40.72443], [-73.9926, 40.72414], [-73.99233, 40.72491], [-73.99221, 40.72523], [-73.99213, 40.72545], [-73.99206, 40.72564], [-73.99179, 40.72639], [-73.99164, 40.72683], [-73.99155, 40.72709], [-73.99315, 40.72787], [-73.99372, 40.72815], [-73.99425, 40.72841], [-73.99475, 40.72782], [-73.99527, 40.72721], [-73.99584, 40.72653], [-73.99618, 40.72612], [-73.99645, 40.72581]]]}}, {"type": "Feature", "properties": {"tract_id": "36061013900", "name": "Census Tract 139", "pct_white_2020": 67.4, "pct_black_2020": 0.9, "pct_hispanic_2020": 19.5, "pct_asian_2020": 9.3, "population_2020": 9612}, "geometry": {"type": "Polygon", "coordinates": [[[-73.9895, 40.76782], [-73.98996, 40.76719], [-73.98712, 40.76599], [-73.98428, 40.76479], [-73.98382, 40.76542], [-73.98337, 40.76605], [-73.98288, 40.76672], [-73.98238, 40.7674], [-73.98299, 40.76765], [-73.98382, 40.768], [-73.98404, 40.7681], [-73.98522, 40.76859], [-73.986, 40.76892], [-73.9863, 40.76905], [-73.98666, 40.7692], [-73.98806, 40.76979], [-73.98856, 40.76912], [-73.98905, 40.76844], [-73.9895, 40.76782]]]}}, {"type": "Feature", "properties": {"tract_id": "36061008300", "name": "Census Tract 83", "pct_white_2020": 38.1, "pct_black_2020": 8.0, "pct_hispanic_2020": 31.3, "pct_asian_2020": 12.9, "population_2020": 3798}, "geometry": {"type": "Polygon", "coordinates": [[[-74.00789, 40.74257], [-74.0082, 40.74215], [-74.00697, 40.74163], [-74.00537, 40.74095], [-74.00516, 40.74086], [-74.00506, 40.74082], [-74.00274, 40.73984], [-74.00252, 40.73975], [-74.00202, 40.74044], [-74.00155, 40.74108], [-74.00113, 40.74167], [-74.0007, 40.74225], [-74.00354, 40.74345], [-74.00639, 40.74465], [-74.00681, 40.74406], [-74.00724, 40.74347], [-74.00771, 40.74283], [-74.00789, 40.74257]]]}}, {"type": "Feature", "properties": {"tract_id": "36061019800", "name": "Census Tract 198", "pct_white_2020": 22.6, "pct_black_2020": 50.3, "pct_hispanic_2020": 12.1, "pct_asian_2020": 5.3, "population_2020": 2684}, "geometry": {"type": "Polygon", "coordinates": [[[-73.94569, 40.80452], [-73.94613, 40.80388], [-73.9446, 40.80323], [-73.94467, 40.80313], [-73.94505, 40.8026], [-73.94344, 40.80192], [-73.94182, 40.80124], [-73.94136, 40.80187], [-73.94091, 40.8025], [-73.94045, 40.80313], [-73.93999, 40.80376], [-73.93953, 40.80438], [-73.93903, 40.80506], [-73.93854, 40.80573], [-73.94016, 40.80641], [-73.94177, 40.80709], [-73.94226, 40.80642], [-73.94275, 40.80574], [-73.9434, 40.80601], [-73.9443, 40.80639], [-73.94478, 40.80576], [-73.94524, 40.80514], [-73.94569, 40.80452]]]}}, {"type": "Feature", "properties": {"tract_id": "36061018700", "name": "Census Tract 187", "pct_white_2020": 55.4, "pct_black_2020": 11.4, "pct_hispanic_2020": 22.7, "pct_asian_2020": 8.9, "population_2020": 10053}, "geometry": {"type": "Polygon", "coordinates": [[[-73.98063, 40.80328], [-73.98252, 40.80071], [-73.97649, 40.79829], [-73.97583, 40.79802], [-73.97563, 40.79795], [-73.9754, 40.79785], [-73.97521, 40.79777], [-73.97413, 40.79734], [-73.97365, 40.79715], [-73.97226, 40.79656], [-73.97084, 40.79596], [-73.96942, 40.79536], [-73.96938, 40.79541], [-73.96896, 40.79599], [-73.96848, 40.79664], [-73.96804, 40.79725], [-73.96757, 40.79787], [-73.969, 40.79848], [-73.97042, 40.79907], [-73.97192, 40.7997], [-73.97255, 40.79995], [-73.97425, 40.80064], [-73.97439, 40.8007], [-73.97471, 40.80085], [-73.98063, 40.80328]]]}}, {"type": "Feature", "properties": {"tract_id": "36061016500", "name": "Census Tract 165", "pct_white_2020": 82.0, "pct_black_2020": 0.6, "pct_hispanic_2020": 7.6, "pct_asian_2020": 6.2, "population_2020": 7257}, "geometry": {"type": "Polygon", "coordinates": [[[-73.97859, 40.78278], [-73.97882, 40.78246], [-73.97846, 40.78231], [-73.9765, 40.78149], [-73.97598, 40.78127], [-73.97643, 40.78065], [-73.97357, 40.77948], [-73.97172, 40.78202], [-73.97122, 40.78271], [-73.97406, 40.7839], [-73.9769, 40.7851], [-73.97736, 40.78446], [-73.97783, 40.78383], [-73.97833, 40.78315], [-73.97859, 40.78278]]]}}, {"type": "Feature", "properties": {"tract_id": "36061012500", "name": "Census Tract 125", "pct_white_2020": 43.7, "pct_black_2020": 9.1, "pct_hispanic_2020": 15.5, "pct_asian_2020": 23.5, "population_2020": 2488}, "geometry": {"type": "Polygon", "coordinates": [[[-73.98748, 40.7604], [-73.98793, 40.75979], [-73.98532, 40.75869], [-73.98509, 40.75859], [-73.98226, 40.75739], [-73.98179, 40.75802], [-73.98134, 40.75865], [-73.98089, 40.75927], [-73.98043, 40.7599], [-73.98326, 40.76109], [-73.98405, 40.76142], [-73.9861, 40.76229], [-73.98656, 40.76166], [-73.98686, 40.76126], [-73.98701, 40.76104], [-73.98748, 40.7604]]]}}, {"type": "Feature", "properties": {"tract_id": "36061023300", "name": "Census Tract 233", "pct_white_2020": 24.5, "pct_black_2020": 21.0, "pct_hispanic_2020": 44.9, "pct_asian_2020": 7.5, "population_2020": 7371}, "geometry": {"type": "Polygon", "coordinates": [[[-73.96165, 40.83104], [-73.96168, 40.83096], [-73.95443, 40.82807], [-73.95371, 40.82728], [-73.95361, 40.82728], [-73.95352, 40.82728], [-73.95259, 40.8273], [-73.95206, 40.82708], [-73.95197, 40.82704], [-73.95127, 40.82766], [-73.94996, 40.8271], [-73.94712, 40.8259], [-73.94666, 40.82653], [-73.9462, 40.82715], [-73.94575, 40.82778], [-73.94529, 40.8284], [-73.94814, 40.8296], [-73.94969, 40.83024], [-73.94995, 40.83031], [-73.95052, 40.83057], [-73.95087, 40.83071], [-73.95091, 40.83073], [-73.95104, 40.83078], [-73.95225, 40.83128], [-73.96014, 40.83447], [-73.96121, 40.83203], [-73.96126, 40.83191], [-73.96133, 40.83176], [-73.96165, 40.83104]]]}}, {"type": "Feature", "properties": {"tract_id": "36061020800", "name": "Census Tract 208", "pct_white_2020": 25.1, "pct_black_2020": 52.5, "pct_hispanic_2020": 11.7, "pct_asian_2020": 3.6, "population_2020": 5713}, "geometry": {"type": "Polygon", "coordinates": [[[-73.94454, 40.80907], [-73.94499, 40.80845], [-73.94177, 40.80709], [-73.94132, 40.80771], [-73.94086, 40.80833], [-73.9404, 40.80896], [-73.93995, 40.80958], [-73.93949, 40.81021], [-73.93902, 40.81086], [-73.94225, 40.8122], [-73.94272, 40.81157], [-73.94317, 40.81094], [-73.9434, 40.81063], [-73.94362, 40.81032], [-73.94408, 40.80969], [-73.94454, 40.80907]]]}}, {"type": "Feature", "properties": {"tract_id": "36061016400", "name": "Census Tract 164", "pct_white_2020": 10.3, "pct_black_2020": 22.2, "pct_hispanic_2020": 55.8, "pct_asian_2020": 9.5, "population_2020": 7814}, "geometry": {"type": "Polygon", "coordinates": [[[-73.94746, 40.78775], [-73.94792, 40.78712], [-73.94633, 40.78644], [-73.94613, 40.78636], [-73.9457, 40.78617], [-73.94332, 40.78517], [-73.94285, 40.78581], [-73.94239, 40.78644], [-73.94194, 40.78707], [-73.94148, 40.78769], [-73.94138, 40.78782], [-73.94102, 40.78832], [-73.9434, 40.78931], [-73.94564, 40.79025], [-73.94609, 40.78964], [-73.94655, 40.789], [-73.947, 40.78838], [-73.94746, 40.78775]]]}}, {"type": "Feature", "properties": {"tract_id": "36061016900", "name": "Census Tract 169", "pct_white_2020": 78.5, "pct_black_2020": 2.0, "pct_hispanic_2020": 9.8, "pct_asian_2020": 8.7, "population_2020": 8010}, "geometry": {"type": "Polygon", "coordinates": [[[-73.97644, 40.78573], [-73.9769, 40.7851], [-73.97406, 40.7839], [-73.97122, 40.78271], [-73.97076, 40.78334], [-73.9703, 40.78397], [-73.96983, 40.78461], [-73.96933, 40.78529], [-73.96972, 40.78546], [-73.9698, 40.78549], [-73.96986, 40.78552], [-73.97218, 40.78649], [-73.97502, 40.78769], [-73.97528, 40.78732], [-73.97551, 40.787], [-73.97598, 40.78637], [-73.97644, 40.78573]]]}}, {"type": "Feature", "properties": {"tract_id": "36061009700", "name": "Census Tract 97", "pct_white_2020": 41.4, "pct_black_2020": 5.1, "pct_hispanic_2020": 33.7, "pct_asian_2020": 16.6, "population_2020": 4565}, "geometry": {"type": "Polygon", "coordinates": [[[-74.00233, 40.75021], [-74.00279, 40.74959], [-74.00141, 40.74901], [-74.0012, 40.74893], [-74.00088, 40.74879], [-74.00055, 40.74865], [-73.99994, 40.7484], [-73.9994, 40.74817], [-73.99924, 40.74811], [-73.99792, 40.74755], [-73.9971, 40.7472], [-73.99665, 40.74782], [-73.9962, 40.74844], [-73.99575, 40.74905], [-73.9953, 40.74967], [-73.99812, 40.7509], [-73.99876, 40.75116], [-73.99931, 40.75138], [-74.00097, 40.75206], [-74.00143, 40.75145], [-74.00188, 40.75083], [-74.00233, 40.75021]]]}}, {"type": "Feature", "properties": {"tract_id": "36061001502", "name": "Census Tract 15.02", "pct_white_2020": 62.7, "pct_black_2020": 1.9, "pct_hispanic_2020": 10.2, "pct_asian_2020": 18.1, "population_2020": 8623}, "geometry": {"type": "Polygon", "coordinates": [[[-74.01054, 40.70915], [-74.01015, 40.70898], [-74.00966, 40.70876], [-74.00937, 40.70861], [-74.00827, 40.70772], [-74.00778, 40.70742], [-74.00746, 40.70722], [-74.00709, 40.70695], [-74.00678, 40.70672], [-74.00602, 40.70614], [-74.00552, 40.70579], [-74.00475, 40.70523], [-74.00463, 40.70516], [-74.00456, 40.7051], [-74.00434, 40.70496], [-74.00455, 40.70484], [-74.00421, 40.70428], [-74.00363, 40.7033], [-73.99814, 40.70153], [-73.9967, 40.70088], [-73.99514, 40.70298], [-73.99617, 40.70336], [-74.00178, 40.70496], [-74.00186, 40.70505], [-74.00216, 40.70536], [-74.00241, 40.70547], [-74.00284, 40.70589], [-74.003, 40.70608], [-74.00305, 40.70615], [-74.00314, 40.70625], [-74.00358, 40.70679], [-74.00371, 40.70696], [-74.00394, 40.70723], [-74.00406, 40.70744], [-74.00433, 40.70782], [-74.00482, 40.70839], [-74.00496, 40.70857], [-74.0051, 40.70875], [-74.00526, 40.70892], [-74.00551, 40.70909], [-74.00643, 40.70956], [-74.00705, 40.70987], [-74.00731, 40.71], [-74.00775, 40.71022], [-74.00906, 40.71089], [-74.00947, 40.71041], [-74.00954, 40.71033], [-74.00999, 40.70981], [-74.01054, 40.70915]]]}}, {"type": "Feature", "properties": {"tract_id": "36061018500", "name": "Census Tract 185", "pct_white_2020": 63.6, "pct_black_2020": 7.3, "pct_hispanic_2020": 8.6, "pct_asian_2020": 16.9, "population_2020": 5055}, "geometry": {"type": "Polygon", "coordinates": [[[-73.96987, 40.79474], [-73.96945, 40.79456], [-73.96922, 40.79447], [-73.96864, 40.79423], [-73.96803, 40.79398], [-73.96782, 40.79389], [-73.96759, 40.7938], [-73.96701, 40.79356], [-73.96655, 40.79336], [-73.96645, 40.79332], [-73.96526, 40.7928], [-73.96418, 40.79236], [-73.9639, 40.79275], [-73.9638, 40.79288], [-73.96371, 40.79301], [-73.96322, 40.79368], [-73.96283, 40.7942], [-73.96411, 40.79471], [-73.9643, 40.79479], [-73.96513, 40.79521], [-73.96563, 40.79546], [-73.96623, 40.7957], [-73.96664, 40.79588], [-73.96702, 40.79604], [-73.96713, 40.79608], [-73.96848, 40.79664], [-73.96896, 40.79599], [-73.96938, 40.79541], [-73.96942, 40.79536], [-73.96987, 40.79474]]]}}, {"type": "Feature", "properties": {"tract_id": "36061018600", "name": "Census Tract 186", "pct_white_2020": 5.3, "pct_black_2020": 54.9, "pct_hispanic_2020": 36.6, "pct_asian_2020": 1.8, "population_2020": 6366}, "geometry": {"type": "Polygon", "coordinates": [[[-73.95201, 40.79883], [-73.95248, 40.79825], [-73.95091, 40.7976], [-73.95087, 40.79758], [-73.95058, 40.79746], [-73.95054, 40.79744], [-73.9496, 40.79705], [-73.94922, 40.79691], [-73.9491, 40.79706], [-73.94879, 40.79748], [-73.94831, 40.79813], [-73.94782, 40.79881], [-73.94773, 40.79891], [-73.9474, 40.79937], [-73.94729, 40.79952], [-73.94697, 40.79996], [-73.94779, 40.80031], [-73.94863, 40.80067], [-73.95019, 40.80133], [-73.95044, 40.80098], [-73.95064, 40.80072], [-73.95109, 40.80009], [-73.95119, 40.79995], [-73.95153, 40.79946], [-73.95201, 40.79883]]]}}, {"type": "Feature", "properties": {"tract_id": "36061018800", "name": "Census Tract 188", "pct_white_2020": 13.5, "pct_black_2020": 26.5, "pct_hispanic_2020": 53.7, "pct_asian_2020": 5.3, "population_2020": 4358}, "geometry": {"type": "Polygon", "coordinates": [[[-73.94002, 40.79795], [-73.94052, 40.79726], [-73.93828, 40.7963], [-73.93795, 40.79616], [-73.93752, 40.79598], [-73.93591, 40.79531], [-73.93541, 40.796], [-73.93534, 40.79609], [-73.93491, 40.79668], [-73.93446, 40.79731], [-73.93399, 40.79793], [-73.93636, 40.79893], [-73.9386, 40.79988], [-73.93906, 40.79925], [-73.93952, 40.79863], [-73.93987, 40.79815], [-73.93995, 40.79804], [-73.94002, 40.79795]]]}}, {"type": "Feature", "properties": {"tract_id": "36061019200", "name": "Census Tract 192", "pct_white_2020": 5.1, "pct_black_2020": 46.6, "pct_hispanic_2020": 46.4, "pct_asian_2020": 0.6, "population_2020": 4358}, "geometry": {"type": "Polygon", "coordinates": [[[-73.93352, 40.79859], [-73.93399, 40.79793], [-73.93174, 40.79699], [-73.92978, 40.79616], [-73.92957, 40.79604], [-73.92954, 40.79603], [-73.92945, 40.79598], [-73.92943, 40.79596], [-73.92926, 40.79587], [-73.92726, 40.79488], [-73.92696, 40.79524], [-73.92694, 40.796], [-73.92712, 40.79707], [-73.92736, 40.79747], [-73.9276, 40.79803], [-73.92738, 40.79859], [-73.9269, 40.79989], [-73.92685, 40.79999], [-73.9256, 40.802], [-73.92529, 40.802], [-73.92508, 40.80252], [-73.92642, 40.80248], [-73.92656, 40.80248], [-73.92674, 40.8025], [-73.92725, 40.80256], [-73.92752, 40.80276], [-73.92823, 40.80385], [-73.92959, 40.80318], [-73.92998, 40.80299], [-73.93015, 40.80288], [-73.93024, 40.80283], [-73.93037, 40.80274], [-73.93073, 40.80243], [-73.93099, 40.80204], [-73.93101, 40.802], [-73.9312, 40.80175], [-73.93139, 40.8015], [-73.93177, 40.80098], [-73.93197, 40.80071], [-73.93215, 40.80046], [-73.93249, 40.8], [-73.93267, 40.79975], [-73.93305, 40.79923], [-73.93352, 40.79859]]]}}, {"type": "Feature", "properties": {"tract_id": "36061019300", "name": "Census Tract 193", "pct_white_2020": 30.7, "pct_black_2020": 15.8, "pct_hispanic_2020": 40.3, "pct_asian_2020": 10.8, "population_2020": 10654}, "geometry": {"type": "Polygon", "coordinates": [[[-73.96521, 40.80111], [-73.96571, 40.80044], [-73.96287, 40.79924], [-73.96148, 40.79865], [-73.96004, 40.79804], [-73.95954, 40.79872], [-73.95908, 40.79935], [-73.95862, 40.79998], [-73.95835, 40.80034], [-73.9582, 40.80055], [-73.9585, 40.80068], [-73.95856, 40.8007], [-73.95884, 40.80082], [-73.95903, 40.8009], [-73.95965, 40.80116], [-73.96016, 40.80139], [-73.96108, 40.8018], [-73.96386, 40.80297], [-73.9643, 40.80237], [-73.96476, 40.80174], [-73.96521, 40.80111]]]}}, {"type": "Feature", "properties": {"tract_id": "36061019400", "name": "Census Tract 194", "pct_white_2020": 9.8, "pct_black_2020": 25.8, "pct_hispanic_2020": 59.6, "pct_asian_2020": 4.7, "population_2020": 6524}, "geometry": {"type": "Polygon", "coordinates": [[[-73.93814, 40.80051], [-73.9386, 40.79988], [-73.93636, 40.79893], [-73.93399, 40.79793], [-73.93352, 40.79859], [-73.93305, 40.79923], [-73.93267, 40.79975], [-73.93249, 40.8], [-73.93215, 40.80046], [-73.93197, 40.80071], [-73.93177, 40.80098], [-73.93263, 40.80135], [-73.93365, 40.80179], [-73.93396, 40.80192], [-73.93406, 40.80208], [-73.93631, 40.80302], [-73.93677, 40.8024], [-73.93723, 40.80177], [-73.93769, 40.80114], [-73.93814, 40.80051]]]}}, {"type": "Feature", "properties": {"tract_id": "36061018300", "name": "Census Tract 183", "pct_white_2020": 70.4, "pct_black_2020": 4.6, "pct_hispanic_2020": 16.0, "pct_asian_2020": 6.5, "population_2020": 8724}, "geometry": {"type": "Polygon", "coordinates": [[[-73.98265, 40.80052], [-73.98436, 40.79818], [-73.97832, 40.79569], [-73.97774, 40.7954], [-73.97751, 40.7953], [-73.97729, 40.79522], [-73.97712, 40.79516], [-73.9765, 40.79494], [-73.97623, 40.79483], [-73.97487, 40.79425], [-73.97472, 40.79419], [-73.97416, 40.79395], [-73.97343, 40.79365], [-73.97274, 40.79335], [-73.97132, 40.79275], [-73.97086, 40.79338], [-73.97037, 40.79405], [-73.96987, 40.79474], [-73.96942, 40.79536], [-73.97084, 40.79596], [-73.97226, 40.79656], [-73.97365, 40.79715], [-73.97413, 40.79734], [-73.97521, 40.79777], [-73.9754, 40.79785], [-73.97563, 40.79795], [-73.97583, 40.79802], [-73.97649, 40.79829], [-73.98252, 40.80071], [-73.98265, 40.80052]]]}}, {"type": "Feature", "properties": {"tract_id": "36061018400", "name": "Census Tract 184", "pct_white_2020": 7.0, "pct_black_2020": 35.9, "pct_hispanic_2020": 44.4, "pct_asian_2020": 3.8, "population_2020": 7661}, "geometry": {"type": "Polygon", "coordinates": [[[-73.94782, 40.79881], [-73.94831, 40.79813], [-73.9467, 40.79745], [-73.9451, 40.79676], [-73.94479, 40.79719], [-73.94457, 40.79748], [-73.94401, 40.79825], [-73.94374, 40.79862], [-73.94324, 40.79931], [-73.94308, 40.79953], [-73.94297, 40.79967], [-73.94274, 40.79998], [-73.94229, 40.80061], [-73.94182, 40.80124], [-73.94344, 40.80192], [-73.94505, 40.8026], [-73.94551, 40.80197], [-73.94597, 40.80134], [-73.94632, 40.80085], [-73.94646, 40.80067], [-73.94697, 40.79996], [-73.94729, 40.79952], [-73.9474, 40.79937], [-73.94773, 40.79891], [-73.94782, 40.79881]]]}}, {"type": "Feature", "properties": {"tract_id": "36061019500", "name": "Census Tract 195", "pct_white_2020": 52.0, "pct_black_2020": 9.1, "pct_hispanic_2020": 20.2, "pct_asian_2020": 14.2, "population_2020": 7601}, "geometry": {"type": "Polygon", "coordinates": [[[-73.97717, 40.80803], [-73.97886, 40.80571], [-73.9729, 40.80338], [-73.97266, 40.80328], [-73.9725, 40.80322], [-73.97236, 40.80317], [-73.97027, 40.80236], [-73.97005, 40.80227], [-73.96858, 40.80164], [-73.96788, 40.80135], [-73.96718, 40.80106], [-73.96571, 40.80044], [-73.96521, 40.80111], [-73.96476, 40.80174], [-73.9643, 40.80237], [-73.96386, 40.80297], [-73.96432, 40.80317], [-73.96439, 40.80319], [-73.9667, 40.80417], [-73.96805, 40.80468], [-73.96856, 40.80485], [-73.97069, 40.80563], [-73.97084, 40.80568], [-73.97113, 40.8058], [-73.97717, 40.80803]]]}}, {"type": "Feature", "properties": {"tract_id": "36061019600", "name": "Census Tract 196", "pct_white_2020": 11.4, "pct_black_2020": 33.9, "pct_hispanic_2020": 48.8, "pct_asian_2020": 3.8, "population_2020": 4211}, "geometry": {"type": "Polygon", "coordinates": [[[-73.94136, 40.80187], [-73.94182, 40.80124], [-73.94021, 40.80056], [-73.9386, 40.79988], [-73.93814, 40.80051], [-73.93769, 40.80114], [-73.93723, 40.80177], [-73.93677, 40.8024], [-73.93631, 40.80302], [-73.93582, 40.8037], [-73.93533, 40.80437], [-73.93693, 40.80505], [-73.93854, 40.80573], [-73.93903, 40.80506], [-73.93953, 40.80438], [-73.93999, 40.80376], [-73.94045, 40.80313], [-73.94091, 40.8025], [-73.94136, 40.80187]]]}}, {"type": "Feature", "properties": {"tract_id": "36061019701", "name": "Census Tract 197.01", "pct_white_2020": 35.8, "pct_black_2020": 14.4, "pct_hispanic_2020": 21.5, "pct_asian_2020": 28.3, "population_2020": 958}, "geometry": {"type": "Polygon", "coordinates": [[[-73.96369, 40.80321], [-73.96386, 40.80297], [-73.96108, 40.8018], [-73.96016, 40.80139], [-73.95965, 40.80116], [-73.95915, 40.80184], [-73.95869, 40.80247], [-73.95825, 40.80311], [-73.9582, 40.80389], [-73.95825, 40.80471], [-73.95818, 40.8056], [-73.95772, 40.80629], [-73.95727, 40.80692], [-73.95681, 40.80755], [-73.95634, 40.80817], [-73.95588, 40.8088], [-73.95543, 40.80943], [-73.95497, 40.81006], [-73.9568, 40.81084], [-73.95781, 40.81126], [-73.95827, 40.81063], [-73.95709, 40.81008], [-73.95725, 40.8094], [-73.95743, 40.80905], [-73.95762, 40.80867], [-73.95795, 40.80805], [-73.95841, 40.80742], [-73.95936, 40.80612], [-73.95983, 40.80543], [-73.95995, 40.80506], [-73.96007, 40.80471], [-73.96201, 40.80551], [-73.96247, 40.80489], [-73.96293, 40.80426], [-73.96318, 40.8039], [-73.96338, 40.80363], [-73.96369, 40.80321]]]}}, {"type": "Feature", "properties": {"tract_id": "36061019702", "name": "Census Tract 197.02", "pct_white_2020": 27.0, "pct_black_2020": 32.1, "pct_hispanic_2020": 25.0, "pct_asian_2020": 7.3, "population_2020": 2901}, "geometry": {"type": "Polygon", "coordinates": [[[-73.95915, 40.80184], [-73.95965, 40.80116], [-73.95903, 40.8009], [-73.95884, 40.80082], [-73.95856, 40.8007], [-73.9585, 40.80068], [-73.9582, 40.80055], [-73.95799, 40.80083], [-73.95794, 40.80089], [-73.9577, 40.80123], [-73.95724, 40.80186], [-73.95678, 40.80249], [-73.95632, 40.80311], [-73.95778, 40.80373], [-73.9582, 40.80389], [-73.95825, 40.80311], [-73.95869, 40.80247], [-73.95915, 40.80184]]]}}, {"type": "Feature", "properties": {"tract_id": "36061025500", "name": "Census Tract 255", "pct_white_2020": 23.1, "pct_black_2020": 3.0, "pct_hispanic_2020": 52.6, "pct_asian_2020": 17.7, "population_2020": 5900}, "geometry": {"type": "Polygon", "coordinates": [[[-73.95566, 40.84466], [-73.95573, 40.84451], [-73.94772, 40.84145], [-73.9465, 40.84124], [-73.94576, 40.8412], [-73.94564, 40.84117], [-73.94468, 40.84105], [-73.94307, 40.84019], [-73.9425, 40.84159], [-73.94228, 40.84215], [-73.94201, 40.84281], [-73.94195, 40.84298], [-73.94186, 40.84314], [-73.94176, 40.84329], [-73.94163, 40.84344], [-73.94114, 40.84405], [-73.94103, 40.8442], [-73.94093, 40.84436], [-73.94085, 40.84452], [-73.94079, 40.84469], [-73.94052, 40.84537], [-73.94038, 40.84571], [-73.94024, 40.84605], [-73.94006, 40.84652], [-73.93987, 40.84698], [-73.93978, 40.84721], [-73.93952, 40.84784], [-73.94044, 40.84802], [-73.94136, 40.84818], [-73.94205, 40.84832], [-73.94248, 40.84832], [-73.94274, 40.8483], [-73.94288, 40.84828], [-73.943, 40.84822], [-73.94315, 40.84824], [-73.94334, 40.84826], [-73.94358, 40.84789], [-73.94392, 40.84786], [-73.94407, 40.84785], [-73.9434, 40.84918], [-73.94322, 40.84965], [-73.94319, 40.84976], [-73.94384, 40.84987], [-73.944, 40.8499], [-73.94412, 40.84992], [-73.9448, 40.85005], [-73.94495, 40.85008], [-73.9451, 40.85011], [-73.94701, 40.85046], [-73.95213, 40.85145], [-73.95257, 40.85154], [-73.95283, 40.85111], [-73.95399, 40.84847], [-73.95419, 40.848], [-73.95431, 40.84773], [-73.95566, 40.84466]]]}}, {"type": "Feature", "properties": {"tract_id": "36061023400", "name": "Census Tract 234", "pct_white_2020": 14.1, "pct_black_2020": 58.7, "pct_hispanic_2020": 19.1, "pct_asian_2020": 1.9, "population_2020": 4822}, "geometry": {"type": "Polygon", "coordinates": [[[-73.94097, 40.82413], [-73.94143, 40.82351], [-73.94009, 40.82294], [-73.9399, 40.82286], [-73.93986, 40.82285], [-73.9398, 40.82282], [-73.93859, 40.82231], [-73.93574, 40.82111], [-73.93533, 40.82175], [-73.93626, 40.82214], [-73.93754, 40.82269], [-73.93813, 40.82293], [-73.93767, 40.82357], [-73.93752, 40.82378], [-73.93732, 40.82404], [-73.93722, 40.82419], [-73.93679, 40.82481], [-73.93935, 40.8259], [-73.9396, 40.826], [-73.93986, 40.82565], [-73.94005, 40.82538], [-73.94052, 40.82476], [-73.94097, 40.82413]]]}}, {"type": "Feature", "properties": {"tract_id": "36061026300", "name": "Census Tract 263", "pct_white_2020": 12.4, "pct_black_2020": 1.7, "pct_hispanic_2020": 82.6, "pct_asian_2020": 1.4, "population_2020": 8903}, "geometry": {"type": "Polygon", "coordinates": [[[-73.94038, 40.84571], [-73.94052, 40.84537], [-73.93922, 40.84483], [-73.93885, 40.84468], [-73.93873, 40.84464], [-73.93752, 40.84414], [-73.93727, 40.84448], [-73.93704, 40.84479], [-73.93657, 40.84543], [-73.93608, 40.84611], [-73.93562, 40.84673], [-73.93517, 40.84736], [-73.93508, 40.84749], [-73.93498, 40.84761], [-73.93488, 40.84775], [-73.93477, 40.84789], [-73.93469, 40.848], [-73.93424, 40.84863], [-73.93547, 40.84914], [-73.9364, 40.84954], [-73.93707, 40.84894], [-73.93716, 40.84885], [-73.93729, 40.84875], [-73.93749, 40.84857], [-73.93757, 40.84849], [-73.93767, 40.84839], [-73.93798, 40.84771], [-73.93804, 40.84756], [-73.93952, 40.84784], [-73.93978, 40.84721], [-73.93987, 40.84698], [-73.94006, 40.84652], [-73.94024, 40.84605], [-73.94038, 40.84571]]]}}, {"type": "Feature", "properties": {"tract_id": "36061027900", "name": "Census Tract 279", "pct_white_2020": 21.4, "pct_black_2020": 1.6, "pct_hispanic_2020": 73.9, "pct_asian_2020": 1.4, "population_2020": 10796}, "geometry": {"type": "Polygon", "coordinates": [[[-73.93427, 40.85558], [-73.93463, 40.8545], [-73.93371, 40.85417], [-73.93223, 40.85358], [-73.931, 40.85306], [-73.93092, 40.85317], [-73.93054, 40.85368], [-73.93008, 40.85431], [-73.92964, 40.85491], [-73.92917, 40.85556], [-73.92872, 40.85618], [-73.92841, 40.85661], [-73.92827, 40.85681], [-73.92823, 40.85717], [-73.92893, 40.85745], [-73.92973, 40.85738], [-73.9305, 40.8573], [-73.93148, 40.85685], [-73.93212, 40.85658], [-73.93263, 40.85672], [-73.93204, 40.85784], [-73.93182, 40.85827], [-73.93131, 40.85933], [-73.93198, 40.85952], [-73.93201, 40.85953], [-73.93205, 40.85954], [-73.93208, 40.85954], [-73.93212, 40.85953], [-73.93215, 40.85953], [-73.93218, 40.85952], [-73.93221, 40.8595], [-73.93224, 40.85949], [-73.93226, 40.85947], [-73.93228, 40.85945], [-73.93298, 40.85811], [-73.93341, 40.85732], [-73.93343, 40.85727], [-73.93368, 40.85678], [-73.9337, 40.85674], [-73.93427, 40.85558]]]}}, {"type": "Feature", "properties": {"tract_id": "36061028500", "name": "Census Tract 285", "pct_white_2020": 4.4, "pct_black_2020": 2.6, "pct_hispanic_2020": 90.7, "pct_asian_2020": 0.0, "population_2020": 8403}, "geometry": {"type": "Polygon", "coordinates": [[[-73.93121, 40.85967], [-73.93131, 40.85933], [-73.93083, 40.85936], [-73.93049, 40.85949], [-73.92882, 40.86009], [-73.92842, 40.86024], [-73.92733, 40.86065], [-73.9265, 40.86096], [-73.92567, 40.86126], [-73.92515, 40.86145], [-73.92488, 40.86154], [-73.92474, 40.86159], [-73.92537, 40.86258], [-73.92601, 40.86358], [-73.92692, 40.86324], [-73.92777, 40.86293], [-73.9286, 40.86261], [-73.92969, 40.86221], [-73.93, 40.8621], [-73.93004, 40.86199], [-73.93008, 40.86187], [-73.93017, 40.86165], [-73.93077, 40.86064], [-73.93121, 40.85967]]]}}, {"type": "Feature", "properties": {"tract_id": "36061026500", "name": "Census Tract 265", "pct_white_2020": 26.7, "pct_black_2020": 6.8, "pct_hispanic_2020": 61.1, "pct_asian_2020": 3.8, "population_2020": 8296}, "geometry": {"type": "Polygon", "coordinates": [[[-73.94407, 40.84785], [-73.94392, 40.84786], [-73.94358, 40.84789], [-73.94334, 40.84826], [-73.94315, 40.84824], [-73.943, 40.84822], [-73.94288, 40.84828], [-73.94274, 40.8483], [-73.94248, 40.84832], [-73.94205, 40.84832], [-73.94136, 40.84818], [-73.94044, 40.84802], [-73.93952, 40.84784], [-73.93804, 40.84756], [-73.93798, 40.84771], [-73.93767, 40.84839], [-73.93757, 40.84849], [-73.93749, 40.84857], [-73.93729, 40.84875], [-73.93716, 40.84885], [-73.93707, 40.84894], [-73.9364, 40.84954], [-73.93575, 40.85017], [-73.93666, 40.85045], [-73.93737, 40.85064], [-73.93828, 40.85091], [-73.93924, 40.85118], [-73.9394, 40.85123], [-73.93957, 40.85128], [-73.93975, 40.85131], [-73.93993, 40.85132], [-73.94011, 40.85133], [-73.94028, 40.85132], [-73.94049, 40.85131], [-73.94069, 40.85132], [-73.94089, 40.85133], [-73.94109, 40.85136], [-73.94126, 40.85139], [-73.94185, 40.85182], [-73.94204, 40.85193], [-73.94222, 40.8518], [-73.94239, 40.85165], [-73.94248, 40.85156], [-73.94254, 40.8515], [-73.94268, 40.85134], [-73.9428, 40.85117], [-73.9429, 40.851], [-73.94299, 40.85082], [-73.9431, 40.85039], [-73.94316, 40.84994], [-73.94317, 40.84985], [-73.94319, 40.84976], [-73.94322, 40.84965], [-73.9434, 40.84918], [-73.94407, 40.84785]]]}}, {"type": "Feature", "properties": {"tract_id": "36061026700", "name": "Census Tract 267", "pct_white_2020": 53.6, "pct_black_2020": 0.6, "pct_hispanic_2020": 40.2, "pct_asian_2020": 5.3, "population_2020": 2034}, "geometry": {"type": "Polygon", "coordinates": [[[-73.93047, 40.8487], [-73.93062, 40.84848], [-73.92978, 40.84815], [-73.92896, 40.84922], [-73.92869, 40.84955], [-73.92797, 40.85015], [-73.92748, 40.85069], [-73.92708, 40.85143], [-73.92708, 40.85182], [-73.92709, 40.85187], [-73.9271, 40.85205], [-73.92714, 40.85215], [-73.92723, 40.85222], [-73.92769, 40.85249], [-73.92793, 40.85217], [-73.92797, 40.85211], [-73.92815, 40.85186], [-73.92866, 40.85118], [-73.9292, 40.85052], [-73.92942, 40.85021], [-73.92963, 40.84991], [-73.92983, 40.84959], [-73.93001, 40.84931], [-73.93047, 40.8487]]]}}, {"type": "Feature", "properties": {"tract_id": "36061026900", "name": "Census Tract 269", "pct_white_2020": 4.5, "pct_black_2020": 2.7, "pct_hispanic_2020": 89.7, "pct_asian_2020": 2.0, "population_2020": 8989}, "geometry": {"type": "Polygon", "coordinates": [[[-73.93373, 40.84932], [-73.93424, 40.84863], [-73.93285, 40.84804], [-73.93139, 40.84743], [-73.93116, 40.84774], [-73.93088, 40.84812], [-73.93062, 40.84848], [-73.93047, 40.8487], [-73.93001, 40.84931], [-73.92983, 40.84959], [-73.92963, 40.84991], [-73.92942, 40.85021], [-73.9292, 40.85052], [-73.92866, 40.85118], [-73.92815, 40.85186], [-73.92797, 40.85211], [-73.92793, 40.85217], [-73.92769, 40.85249], [-73.92915, 40.8531], [-73.93054, 40.85368], [-73.93092, 40.85317], [-73.931, 40.85306], [-73.9315, 40.85238], [-73.93199, 40.8517], [-73.93243, 40.85109], [-73.93286, 40.85051], [-73.93331, 40.8499], [-73.93373, 40.84932]]]}}, {"type": "Feature", "properties": {"tract_id": "36061027500", "name": "Census Tract 275", "pct_white_2020": 63.3, "pct_black_2020": 1.1, "pct_hispanic_2020": 13.8, "pct_asian_2020": 13.8, "population_2020": 3132}, "geometry": {"type": "Polygon", "coordinates": [[[-73.95249, 40.85167], [-73.95257, 40.85154], [-73.95213, 40.85145], [-73.94701, 40.85046], [-73.9451, 40.85011], [-73.94495, 40.85008], [-73.9448, 40.85005], [-73.94412, 40.84992], [-73.944, 40.8499], [-73.94384, 40.84987], [-73.94319, 40.84976], [-73.94317, 40.84985], [-73.94316, 40.84994], [-73.9431, 40.85039], [-73.94299, 40.85082], [-73.9429, 40.851], [-73.9428, 40.85117], [-73.94268, 40.85134], [-73.94254, 40.8515], [-73.94248, 40.85156], [-73.94239, 40.85165], [-73.94222, 40.8518], [-73.94204, 40.85193], [-73.94185, 40.85182], [-73.94126, 40.85139], [-73.94109, 40.85136], [-73.94089, 40.85133], [-73.94069, 40.85132], [-73.94049, 40.85131], [-73.94028, 40.85132], [-73.94015, 40.8514], [-73.93985, 40.85242], [-73.93982, 40.85254], [-73.9397, 40.85292], [-73.93954, 40.85349], [-73.93945, 40.85361], [-73.93865, 40.85468], [-73.93795, 40.85557], [-73.93787, 40.85568], [-73.93773, 40.85587], [-73.93694, 40.85691], [-73.93666, 40.85726], [-73.93658, 40.85735], [-73.93561, 40.85886], [-73.9358, 40.85896], [-73.93629, 40.85928], [-73.93699, 40.85961], [-73.93749, 40.8597], [-73.93779, 40.85981], [-73.94584, 40.86252], [-73.94589, 40.86245], [-73.94829, 40.85852], [-73.94834, 40.85845], [-73.94882, 40.85765], [-73.9524, 40.85181], [-73.95249, 40.85167]]]}}, {"type": "Feature", "properties": {"tract_id": "36061027700", "name": "Census Tract 277", "pct_white_2020": 11.4, "pct_black_2020": 4.8, "pct_hispanic_2020": 79.5, "pct_asian_2020": 0.8, "population_2020": 6944}, "geometry": {"type": "Polygon", "coordinates": [[[-73.93008, 40.85431], [-73.93054, 40.85368], [-73.92915, 40.8531], [-73.92769, 40.85249], [-73.92724, 40.85312], [-73.9268, 40.85372], [-73.92469, 40.85664], [-73.92467, 40.8568], [-73.92467, 40.85699], [-73.92469, 40.85715], [-73.92472, 40.8573], [-73.92477, 40.85745], [-73.92484, 40.8576], [-73.92493, 40.85776], [-73.92503, 40.8579], [-73.92508, 40.85796], [-73.92519, 40.85803], [-73.92531, 40.85809], [-73.92543, 40.85813], [-73.92557, 40.85817], [-73.92571, 40.85819], [-73.92584, 40.85819], [-73.92598, 40.85819], [-73.92611, 40.85817], [-73.92624, 40.85814], [-73.92634, 40.8581], [-73.92641, 40.85807], [-73.92648, 40.85802], [-73.92656, 40.85794], [-73.92669, 40.85778], [-73.92675, 40.8577], [-73.92727, 40.85793], [-73.92743, 40.85776], [-73.92761, 40.85759], [-73.9278, 40.85744], [-73.92796, 40.85734], [-73.92823, 40.85717], [-73.92827, 40.85681], [-73.92841, 40.85661], [-73.92872, 40.85618], [-73.92917, 40.85556], [-73.92964, 40.85491], [-73.93008, 40.85431]]]}}, {"type": "Feature", "properties": {"tract_id": "36061023900", "name": "Census Tract 239", "pct_white_2020": 13.5, "pct_black_2020": 24.2, "pct_hispanic_2020": 53.5, "pct_asian_2020": 3.5, "population_2020": 3127}, "geometry": {"type": "Polygon", "coordinates": [[[-73.9425, 40.83224], [-73.94298, 40.83157], [-73.94137, 40.83089], [-73.94035, 40.83046], [-73.94037, 40.83133], [-73.94037, 40.83147], [-73.94035, 40.83159], [-73.94031, 40.83171], [-73.94025, 40.83183], [-73.94017, 40.83195], [-73.94009, 40.83205], [-73.94007, 40.83207], [-73.93968, 40.83269], [-73.93963, 40.8328], [-73.93956, 40.83291], [-73.93948, 40.83301], [-73.93938, 40.83311], [-73.93927, 40.8332], [-73.93916, 40.83328], [-73.94036, 40.83379], [-73.94112, 40.83411], [-73.94158, 40.83349], [-73.94203, 40.83286], [-73.9425, 40.83224]]]}}, {"type": "Feature", "properties": {"tract_id": "36061024000", "name": "Census Tract 240", "pct_white_2020": 13.7, "pct_black_2020": 54.0, "pct_hispanic_2020": 28.1, "pct_asian_2020": 2.1, "population_2020": 2316}, "geometry": {"type": "Polygon", "coordinates": [[[-73.93624, 40.78569], [-73.93566, 40.78468], [-73.93593, 40.78381], [-73.93543, 40.78325], [-73.93149, 40.78253], [-73.93062, 40.78225], [-73.92965, 40.78168], [-73.9293, 40.78141], [-73.9289, 40.78127], [-73.9286, 40.78103], [-73.92821, 40.781], [-73.92798, 40.78103], [-73.92778, 40.78098], [-73.92771, 40.78096], [-73.92574, 40.7784], [-73.92557, 40.77846], [-73.92482, 40.77876], [-73.92423, 40.7791], [-73.92319, 40.78025], [-73.92296, 40.78044], [-73.92263, 40.78056], [-73.9221, 40.78085], [-73.921, 40.78175], [-73.92076, 40.78195], [-73.92038, 40.78228], [-73.91997, 40.78264], [-73.91909, 40.78337], [-73.91847, 40.78375], [-73.91819, 40.78393], [-73.91774, 40.78408], [-73.91724, 40.78414], [-73.91717, 40.78419], [-73.91718, 40.78455], [-73.91683, 40.78519], [-73.91575, 40.78611], [-73.9154, 40.78606], [-73.91534, 40.78612], [-73.91526, 40.78619], [-73.91559, 40.78643], [-73.91424, 40.78786], [-73.9126, 40.78938], [-73.91223, 40.78918], [-73.91207, 40.78934], [-73.91195, 40.7894], [-73.91208, 40.78952], [-73.91177, 40.78972], [-73.91162, 40.78959], [-73.91125, 40.78974], [-73.91113, 40.79011], [-73.9103, 40.79066], [-73.91067, 40.79312], [-73.91246, 40.7961], [-73.91362, 40.79679], [-73.9138, 40.79683], [-73.9139, 40.79684], [-73.91446, 40.79704], [-73.91575, 40.79759], [-73.91625, 40.79784], [-73.91631, 40.79788], [-73.91867, 40.7988], [-73.91881, 40.79885], [-73.9189, 40.7989], [-73.91905, 40.79899], [-73.9191, 40.79901], [-73.91986, 40.79935], [-73.92036, 40.79967], [-73.92073, 40.8001], [-73.92105, 40.80064], [-73.9212, 40.80101], [-73.92162, 40.80145], [-73.92174, 40.80169], [-73.92234, 40.80196], [-73.92302, 40.80242], [-73.92363, 40.80255], [-73.92375, 40.80255], [-73.9238, 40.8025], [-73.92407, 40.80247], [-73.92508, 40.80252], [-73.92529, 40.802], [-73.9256, 40.802], [-73.92685, 40.79999], [-73.9269, 40.79989], [-73.92738, 40.79859], [-73.9276, 40.79803], [-73.92736, 40.79747], [-73.92712, 40.79707], [-73.92694, 40.796], [-73.92696, 40.79524], [-73.92726, 40.79488], [-73.92765, 40.79411], [-73.92783, 40.79385], [-73.9281, 40.79345], [-73.92833, 40.79316], [-73.92837, 40.79285], [-73.92827, 40.7923], [-73.92772, 40.79199], [-73.92748, 40.79194], [-73.92666, 40.79193], [-73.92637, 40.79179], [-73.92612, 40.79158], [-73.92613, 40.79135], [-73.92651, 40.79087], [-73.92876, 40.79104], [-73.92935, 40.79125], [-73.92961, 40.7914], [-73.93016, 40.79131], [-73.93087, 40.79109], [-73.93135, 40.79079], [-73.93179, 40.79017], [-73.93237, 40.78962], [-73.93271, 40.78929], [-73.93306, 40.78862], [-73.93348, 40.78816], [-73.93368, 40.78794], [-73.93551, 40.7859], [-73.93624, 40.78569]]]}}, {"type": "Feature", "properties": {"tract_id": "36061024301", "name": "Census Tract 243.01", "pct_white_2020": 13.7, "pct_black_2020": 24.3, "pct_hispanic_2020": 54.8, "pct_asian_2020": 3.0, "population_2020": 4965}, "geometry": {"type": "Polygon", "coordinates": [[[-73.94005, 40.83449], [-73.94036, 40.83379], [-73.93916, 40.83328], [-73.93849, 40.83384], [-73.9384, 40.83391], [-73.93832, 40.83398], [-73.93824, 40.83405], [-73.93816, 40.83412], [-73.9381, 40.8342], [-73.93804, 40.83429], [-73.93798, 40.83437], [-73.93794, 40.83446], [-73.9379, 40.83455], [-73.93786, 40.83464], [-73.93775, 40.83489], [-73.93738, 40.83569], [-73.93702, 40.83647], [-73.93669, 40.83719], [-73.93834, 40.83791], [-73.93855, 40.83795], [-73.93983, 40.8385], [-73.93999, 40.83771], [-73.9401, 40.83695], [-73.93995, 40.83608], [-73.93989, 40.83579], [-73.93978, 40.83518], [-73.93986, 40.83492], [-73.94005, 40.83449]]]}}, {"type": "Feature", "properties": {"tract_id": "36061024302", "name": "Census Tract 243.02", "pct_white_2020": 1.5, "pct_black_2020": 42.2, "pct_hispanic_2020": 51.9, "pct_asian_2020": 1.4, "population_2020": 7570}, "geometry": {"type": "Polygon", "coordinates": [[[-73.94008, 40.83046], [-73.94017, 40.83038], [-73.93963, 40.83016], [-73.939, 40.82989], [-73.93859, 40.82972], [-73.93852, 40.82969], [-73.93827, 40.82958], [-73.93727, 40.82915], [-73.93519, 40.8283], [-73.93494, 40.82816], [-73.93484, 40.8281], [-73.93484, 40.82803], [-73.93473, 40.82804], [-73.93468, 40.82804], [-73.93455, 40.82805], [-73.93312, 40.82815], [-73.93306, 40.82816], [-73.93306, 40.8282], [-73.93307, 40.82827], [-73.93314, 40.82863], [-73.93316, 40.82889], [-73.93318, 40.82898], [-73.93319, 40.82916], [-73.93326, 40.8295], [-73.93342, 40.83138], [-73.93346, 40.83318], [-73.93314, 40.83481], [-73.93301, 40.83568], [-73.93471, 40.83563], [-73.9344, 40.83605], [-73.93491, 40.83574], [-73.93498, 40.83569], [-73.93506, 40.83568], [-73.93531, 40.83548], [-73.9365, 40.83457], [-73.93675, 40.83438], [-73.93701, 40.83419], [-73.9373, 40.83398], [-73.93796, 40.83345], [-73.93839, 40.83311], [-73.93858, 40.83291], [-73.93868, 40.8328], [-73.93877, 40.83266], [-73.93879, 40.83265], [-73.93891, 40.83248], [-73.93904, 40.83228], [-73.93915, 40.83208], [-73.93922, 40.8319], [-73.93924, 40.83184], [-73.9393, 40.8317], [-73.93934, 40.83161], [-73.93938, 40.83154], [-73.93947, 40.83141], [-73.93959, 40.83127], [-73.93973, 40.83114], [-73.93976, 40.83111], [-73.93984, 40.83103], [-73.93991, 40.83093], [-73.93996, 40.83083], [-73.93999, 40.83073], [-73.94008, 40.83046]]]}}, {"type": "Feature", "properties": {"tract_id": "36061024500", "name": "Census Tract 245", "pct_white_2020": 14.9, "pct_black_2020": 10.8, "pct_hispanic_2020": 68.8, "pct_asian_2020": 3.8, "population_2020": 15353}, "geometry": {"type": "Polygon", "coordinates": [[[-73.94469, 40.83607], [-73.94468, 40.83595], [-73.94465, 40.83583], [-73.94459, 40.83572], [-73.94452, 40.83562], [-73.94442, 40.83552], [-73.94431, 40.83545], [-73.94419, 40.83539], [-73.94407, 40.83534], [-73.94397, 40.83531], [-73.94443, 40.83468], [-73.94158, 40.83349], [-73.94112, 40.83411], [-73.94036, 40.83379], [-73.94005, 40.83449], [-73.93986, 40.83492], [-73.93978, 40.83518], [-73.93989, 40.83579], [-73.93995, 40.83608], [-73.9401, 40.83695], [-73.93999, 40.83771], [-73.93983, 40.8385], [-73.94114, 40.83918], [-73.94307, 40.84019], [-73.94347, 40.83917], [-73.94374, 40.83848], [-73.94402, 40.83778], [-73.9443, 40.83708], [-73.94457, 40.83638], [-73.94463, 40.83629], [-73.94467, 40.83618], [-73.94469, 40.83607]]]}}, {"type": "Feature", "properties": {"tract_id": "36061024900", "name": "Census Tract 249", "pct_white_2020": 17.7, "pct_black_2020": 14.9, "pct_hispanic_2020": 57.6, "pct_asian_2020": 3.8, "population_2020": 1057}, "geometry": {"type": "Polygon", "coordinates": [[[-73.93792, 40.83849], [-73.93834, 40.83791], [-73.93669, 40.83719], [-73.93638, 40.83785], [-73.93623, 40.83808], [-73.9361, 40.83823], [-73.93593, 40.83839], [-73.93575, 40.83855], [-73.93553, 40.8387], [-73.93546, 40.83875], [-73.93534, 40.83886], [-73.93524, 40.83899], [-73.93515, 40.83913], [-73.93508, 40.83927], [-73.93503, 40.83941], [-73.93501, 40.83952], [-73.93499, 40.83967], [-73.935, 40.83983], [-73.93503, 40.83998], [-73.93508, 40.84011], [-73.93514, 40.84025], [-73.93523, 40.8404], [-73.9353, 40.84047], [-73.93544, 40.84075], [-73.9356, 40.84117], [-73.93563, 40.84128], [-73.93564, 40.84139], [-73.93564, 40.8415], [-73.93561, 40.84161], [-73.93557, 40.84171], [-73.9356, 40.84168], [-73.93572, 40.8415], [-73.93604, 40.84107], [-73.93646, 40.84048], [-73.93691, 40.83987], [-73.93721, 40.83947], [-73.93733, 40.83929], [-73.93778, 40.83869], [-73.93792, 40.83849]]]}}, {"type": "Feature", "properties": {"tract_id": "36061023501", "name": "Census Tract 235.01", "pct_white_2020": 12.6, "pct_black_2020": 30.6, "pct_hispanic_2020": 44.3, "pct_asian_2020": 7.2, "population_2020": 7478}, "geometry": {"type": "Polygon", "coordinates": [[[-73.94484, 40.82902], [-73.94529, 40.8284], [-73.9439, 40.82782], [-73.94278, 40.82734], [-73.94245, 40.82721], [-73.94154, 40.82682], [-73.9411, 40.82671], [-73.9406, 40.82641], [-73.94014, 40.82704], [-73.93969, 40.82766], [-73.93925, 40.8283], [-73.93896, 40.82899], [-73.93859, 40.82972], [-73.939, 40.82989], [-73.93963, 40.83016], [-73.94017, 40.83038], [-73.94035, 40.83046], [-73.94137, 40.83089], [-73.94298, 40.83157], [-73.94347, 40.83089], [-73.94392, 40.83027], [-73.94438, 40.82965], [-73.94484, 40.82902]]]}}, {"type": "Feature", "properties": {"tract_id": "36061023502", "name": "Census Tract 235.02", "pct_white_2020": 7.2, "pct_black_2020": 63.8, "pct_hispanic_2020": 23.4, "pct_asian_2020": 4.1, "population_2020": 1697}, "geometry": {"type": "Polygon", "coordinates": [[[-73.94014, 40.82704], [-73.9406, 40.82641], [-73.9396, 40.826], [-73.93915, 40.82663], [-73.93869, 40.82725], [-73.93824, 40.82788], [-73.93778, 40.8285], [-73.93727, 40.82915], [-73.93827, 40.82958], [-73.93852, 40.82969], [-73.93859, 40.82972], [-73.93896, 40.82899], [-73.93925, 40.8283], [-73.93969, 40.82766], [-73.94014, 40.82704]]]}}, {"type": "Feature", "properties": {"tract_id": "36061023600", "name": "Census Tract 236", "pct_white_2020": 1.3, "pct_black_2020": 73.5, "pct_hispanic_2020": 20.0, "pct_asian_2020": 0.2, "population_2020": 9640}, "geometry": {"type": "Polygon", "coordinates": [[[-73.9396, 40.826], [-73.93935, 40.8259], [-73.93679, 40.82481], [-73.93722, 40.82419], [-73.93732, 40.82404], [-73.93752, 40.82378], [-73.93767, 40.82357], [-73.93813, 40.82293], [-73.93754, 40.82269], [-73.93626, 40.82214], [-73.93533, 40.82175], [-73.93574, 40.82111], [-73.9358, 40.82103], [-73.93586, 40.82094], [-73.93623, 40.82044], [-73.93448, 40.8197], [-73.93431, 40.81963], [-73.93412, 40.81955], [-73.93382, 40.81949], [-73.93233, 40.8195], [-73.93233, 40.81955], [-73.93233, 40.81965], [-73.9324, 40.82119], [-73.93241, 40.82128], [-73.93242, 40.82156], [-73.93247, 40.8222], [-73.93249, 40.82255], [-73.93252, 40.8228], [-73.93254, 40.82305], [-73.93257, 40.82325], [-73.93257, 40.82349], [-73.93259, 40.82367], [-73.93263, 40.82413], [-73.93264, 40.82436], [-73.93266, 40.82454], [-73.93272, 40.82512], [-73.93273, 40.82518], [-73.93274, 40.82529], [-73.93275, 40.82539], [-73.93275, 40.82544], [-73.93275, 40.82549], [-73.93278, 40.82571], [-73.93279, 40.82583], [-73.93281, 40.82594], [-73.93282, 40.82608], [-73.9329, 40.82656], [-73.933, 40.82768], [-73.93302, 40.82783], [-73.93303, 40.82791], [-73.93305, 40.82799], [-73.93306, 40.82816], [-73.93312, 40.82815], [-73.93455, 40.82805], [-73.93468, 40.82804], [-73.93473, 40.82804], [-73.93484, 40.82803], [-73.93484, 40.8281], [-73.93494, 40.82816], [-73.93519, 40.8283], [-73.93727, 40.82915], [-73.93778, 40.8285], [-73.93824, 40.82788], [-73.93869, 40.82725], [-73.93915, 40.82663], [-73.9396, 40.826]]]}}, {"type": "Feature", "properties": {"tract_id": "36061023700", "name": "Census Tract 237", "pct_white_2020": 20.1, "pct_black_2020": 27.0, "pct_hispanic_2020": 46.7, "pct_asian_2020": 2.3, "population_2020": 6738}, "geometry": {"type": "Polygon", "coordinates": [[[-73.96009, 40.83459], [-73.96014, 40.83447], [-73.95225, 40.83128], [-73.95104, 40.83078], [-73.95091, 40.83073], [-73.95087, 40.83071], [-73.95052, 40.83057], [-73.94995, 40.83031], [-73.94969, 40.83024], [-73.94814, 40.8296], [-73.94529, 40.8284], [-73.94484, 40.82902], [-73.94438, 40.82965], [-73.94392, 40.83027], [-73.94347, 40.83089], [-73.94298, 40.83157], [-73.94582, 40.83277], [-73.94829, 40.83386], [-73.9489, 40.83407], [-73.94934, 40.83398], [-73.94962, 40.83408], [-73.94967, 40.8341], [-73.94977, 40.83414], [-73.94979, 40.83415], [-73.94981, 40.83415], [-73.94989, 40.83418], [-73.94991, 40.83419], [-73.94993, 40.8342], [-73.95028, 40.83433], [-73.9504, 40.83437], [-73.95882, 40.83746], [-73.96009, 40.83459]]]}}, {"type": "Feature", "properties": {"tract_id": "36061004300", "name": "Census Tract 43", "pct_white_2020": 55.8, "pct_black_2020": 0.9, "pct_hispanic_2020": 21.5, "pct_asian_2020": 16.4, "population_2020": 3494}, "geometry": {"type": "Polygon", "coordinates": [[[-73.99881, 40.72302], [-73.99798, 40.72266], [-73.99766, 40.72253], [-73.99712, 40.7223], [-73.99627, 40.72195], [-73.99546, 40.72162], [-73.99471, 40.72131], [-73.9938, 40.72094], [-73.99367, 40.72126], [-73.99352, 40.72163], [-73.99326, 40.72235], [-73.99309, 40.72282], [-73.99262, 40.7241], [-73.9926, 40.72414], [-73.99346, 40.72443], [-73.99418, 40.72469], [-73.99491, 40.72495], [-73.99533, 40.72508], [-73.99585, 40.72521], [-73.99677, 40.72543], [-73.99778, 40.72424], [-73.99881, 40.72302]]]}}, {"type": "Feature", "properties": {"tract_id": "36061002700", "name": "Census Tract 27", "pct_white_2020": 20.5, "pct_black_2020": 0.1, "pct_hispanic_2020": 1.0, "pct_asian_2020": 74.1, "population_2020": 1203}, "geometry": {"type": "Polygon", "coordinates": [[[-74.00089, 40.71302], [-74.00087, 40.7117], [-74.00087, 40.71162], [-74.00086, 40.71149], [-74.00082, 40.71138], [-74.00076, 40.71127], [-74.00069, 40.71116], [-74.00061, 40.71107], [-74.00051, 40.71098], [-73.9997, 40.71178], [-73.99951, 40.7118], [-73.99868, 40.71188], [-73.99851, 40.7119], [-73.99777, 40.71197], [-73.99695, 40.71207], [-73.99712, 40.7128], [-73.9973, 40.71347], [-73.9975, 40.71407], [-73.99754, 40.71403], [-73.99758, 40.71398], [-73.99762, 40.71394], [-73.99768, 40.7139], [-73.99773, 40.71386], [-73.9978, 40.71382], [-73.99787, 40.71378], [-73.99794, 40.71375], [-73.99802, 40.71371], [-73.99846, 40.71352], [-73.99858, 40.71347], [-73.99867, 40.71343], [-73.99876, 40.71339], [-73.99886, 40.71336], [-73.99896, 40.71334], [-73.99906, 40.71333], [-73.99916, 40.71332], [-74.00089, 40.71302]]]}}, {"type": "Feature", "properties": {"tract_id": "36061002800", "name": "Census Tract 28", "pct_white_2020": 29.7, "pct_black_2020": 4.7, "pct_hispanic_2020": 35.3, "pct_asian_2020": 21.3, "population_2020": 6364}, "geometry": {"type": "Polygon", "coordinates": [[[-73.97991, 40.72687], [-73.98033, 40.72628], [-73.97798, 40.72529], [-73.9756, 40.72428], [-73.97516, 40.72488], [-73.97473, 40.72547], [-73.97427, 40.72611], [-73.9738, 40.72675], [-73.9733, 40.72743], [-73.9757, 40.72848], [-73.978, 40.72943], [-73.97854, 40.72875], [-73.979, 40.72811], [-73.97947, 40.72747], [-73.97991, 40.72687]]]}}, {"type": "Feature", "properties": {"tract_id": "36061003001", "name": "Census Tract 30.01", "pct_white_2020": 55.4, "pct_black_2020": 9.1, "pct_hispanic_2020": 24.7, "pct_asian_2020": 7.8, "population_2020": 3868}, "geometry": {"type": "Polygon", "coordinates": [[[-73.98986, 40.72053], [-73.98962, 40.72046], [-73.98911, 40.72031], [-73.98835, 40.72008], [-73.98754, 40.71983], [-73.98675, 40.71959], [-73.98591, 40.71934], [-73.98507, 40.71908], [-73.98448, 40.72024], [-73.98382, 40.72147], [-73.98468, 40.72173], [-73.98552, 40.72198], [-73.98586, 40.7221], [-73.98629, 40.72224], [-73.98714, 40.72247], [-73.98787, 40.7227], [-73.98864, 40.72293], [-73.98923, 40.72168], [-73.98986, 40.72053]]]}}, {"type": "Feature", "properties": {"tract_id": "36061003100", "name": "Census Tract 31", "pct_white_2020": 44.9, "pct_black_2020": 11.7, "pct_hispanic_2020": 15.9, "pct_asian_2020": 26.4, "population_2020": 2667}, "geometry": {"type": "Polygon", "coordinates": [[[-74.0086, 40.71139], [-74.00835, 40.71136], [-74.00797, 40.71145], [-74.00809, 40.71146], [-74.00815, 40.71148], [-74.0082, 40.71149], [-74.00822, 40.71152], [-74.00823, 40.71155], [-74.00822, 40.71158], [-74.00822, 40.71161], [-74.00819, 40.71166], [-74.00814, 40.7117], [-74.00808, 40.71172], [-74.00802, 40.71173], [-74.00796, 40.71174], [-74.00791, 40.71174], [-74.00785, 40.71173], [-74.0078, 40.71171], [-74.00774, 40.71169], [-74.00763, 40.71167], [-74.00751, 40.71167], [-74.00702, 40.71178], [-74.00609, 40.712], [-74.00605, 40.71201], [-74.00591, 40.71205], [-74.00574, 40.71209], [-74.00559, 40.71217], [-74.00542, 40.71221], [-74.00528, 40.71225], [-74.00513, 40.71231], [-74.00499, 40.71237], [-74.00489, 40.71243], [-74.00486, 40.71245], [-74.00429, 40.71291], [-74.00406, 40.71313], [-74.0036, 40.71365], [-74.00309, 40.71396], [-74.0026, 40.71431], [-74.00243, 40.71463], [-74.00211, 40.71516], [-74.00168, 40.71575], [-74.00082, 40.71693], [-74.00027, 40.71762], [-73.99996, 40.71802], [-74.00053, 40.71843], [-74.00127, 40.71896], [-74.00188, 40.7194], [-74.00209, 40.71915], [-74.00254, 40.71863], [-74.00305, 40.71803], [-74.00353, 40.71745], [-74.00403, 40.71687], [-74.0042, 40.71667], [-74.00453, 40.71628], [-74.00498, 40.71576], [-74.00542, 40.71524], [-74.00589, 40.71468], [-74.00631, 40.71417], [-74.00675, 40.71362], [-74.00722, 40.71305], [-74.00767, 40.71253], [-74.0081, 40.712], [-74.0086, 40.71139]]]}}, {"type": "Feature", "properties": {"tract_id": "36061003300", "name": "Census Tract 33", "pct_white_2020": 75.4, "pct_black_2020": 1.2, "pct_hispanic_2020": 7.2, "pct_asian_2020": 8.3, "population_2020": 5787}, "geometry": {"type": "Polygon", "coordinates": [[[-74.00912, 40.71692], [-74.0092, 40.71619], [-74.00882, 40.71601], [-74.00754, 40.71543], [-74.00589, 40.71468], [-74.00542, 40.71524], [-74.00498, 40.71576], [-74.00453, 40.71628], [-74.0042, 40.71667], [-74.00403, 40.71687], [-74.00353, 40.71745], [-74.00305, 40.71803], [-74.00254, 40.71863], [-74.00209, 40.71915], [-74.00188, 40.7194], [-74.0026, 40.7199], [-74.00326, 40.72038], [-74.00351, 40.72056], [-74.00393, 40.72085], [-74.00463, 40.72135], [-74.00523, 40.72174], [-74.00531, 40.72182], [-74.00591, 40.72225], [-74.0063, 40.72255], [-74.00763, 40.7235], [-74.00791, 40.7237], [-74.00794, 40.72352], [-74.00798, 40.72328], [-74.00812, 40.72263], [-74.00823, 40.72197], [-74.00835, 40.72132], [-74.00847, 40.72061], [-74.00858, 40.71995], [-74.0087, 40.7193], [-74.00875, 40.71903], [-74.00882, 40.71864], [-74.00888, 40.71827], [-74.00894, 40.71793], [-74.009, 40.7176], [-74.00906, 40.71727], [-74.00912, 40.71692]]]}}, {"type": "Feature", "properties": {"tract_id": "36061003601", "name": "Census Tract 36.01", "pct_white_2020": 29.4, "pct_black_2020": 4.6, "pct_hispanic_2020": 37.5, "pct_asian_2020": 24.1, "population_2020": 2942}, "geometry": {"type": "Polygon", "coordinates": [[[-73.99326, 40.72235], [-73.99352, 40.72163], [-73.99273, 40.72139], [-73.99224, 40.72125], [-73.99151, 40.72103], [-73.99063, 40.72077], [-73.98986, 40.72053], [-73.98923, 40.72168], [-73.98864, 40.72293], [-73.98939, 40.72317], [-73.99027, 40.72343], [-73.99102, 40.72365], [-73.99126, 40.72372], [-73.9926, 40.72414], [-73.99262, 40.7241], [-73.99309, 40.72282], [-73.99326, 40.72235]]]}}, {"type": "Feature", "properties": {"tract_id": "36061003800", "name": "Census Tract 38", "pct_white_2020": 55.6, "pct_black_2020": 9.4, "pct_hispanic_2020": 16.8, "pct_asian_2020": 15.9, "population_2020": 8199}, "geometry": {"type": "Polygon", "coordinates": [[[-73.99164, 40.72683], [-73.99179, 40.72639], [-73.98987, 40.72558], [-73.98846, 40.72499], [-73.98826, 40.7249], [-73.9875, 40.72458], [-73.98705, 40.7252], [-73.98662, 40.7258], [-73.98618, 40.72641], [-73.98575, 40.72699], [-73.98531, 40.7276], [-73.98487, 40.72819], [-73.98724, 40.72919], [-73.98891, 40.72991], [-73.98948, 40.73013], [-73.98965, 40.72988], [-73.98973, 40.72978], [-73.9899, 40.72956], [-73.99036, 40.72893], [-73.99079, 40.72835], [-73.99108, 40.728], [-73.99128, 40.72776], [-73.99136, 40.72756], [-73.99155, 40.72709], [-73.99164, 40.72683]]]}}, {"type": "Feature", "properties": {"tract_id": "36061003900", "name": "Census Tract 39", "pct_white_2020": 56.7, "pct_black_2020": 1.9, "pct_hispanic_2020": 13.1, "pct_asian_2020": 23.5, "population_2020": 6935}, "geometry": {"type": "Polygon", "coordinates": [[[-74.02302, 40.72061], [-74.02307, 40.72041], [-74.01686, 40.71961], [-74.01305, 40.71909], [-74.01255, 40.71907], [-74.01229, 40.71904], [-74.01269, 40.7173], [-74.01273, 40.71711], [-74.01256, 40.71703], [-74.01163, 40.7166], [-74.01138, 40.71649], [-74.01097, 40.7163], [-74.01083, 40.71693], [-74.0092, 40.71619], [-74.00912, 40.71692], [-74.00906, 40.71727], [-74.009, 40.7176], [-74.00894, 40.71793], [-74.00888, 40.71827], [-74.00882, 40.71864], [-74.00875, 40.71903], [-74.0087, 40.7193], [-74.00858, 40.71995], [-74.00847, 40.72061], [-74.00835, 40.72132], [-74.00823, 40.72197], [-74.00812, 40.72263], [-74.00798, 40.72328], [-74.00794, 40.72352], [-74.00791, 40.7237], [-74.0083, 40.72398], [-74.00864, 40.72422], [-74.00932, 40.7247], [-74.00964, 40.72493], [-74.01004, 40.72521], [-74.01081, 40.72579], [-74.01092, 40.72583], [-74.01092, 40.72579], [-74.01094, 40.72566], [-74.01106, 40.72515], [-74.01124, 40.72427], [-74.01144, 40.72428], [-74.01173, 40.72431], [-74.01198, 40.72433], [-74.01599, 40.72477], [-74.02183, 40.72549], [-74.02186, 40.72536], [-74.02189, 40.72525], [-74.022, 40.72478], [-74.02229, 40.72361], [-74.0227, 40.72192], [-74.02302, 40.72061]]]}}, {"type": "Feature", "properties": {"tract_id": "36061002602", "name": "Census Tract 26.02", "pct_white_2020": 57.4, "pct_black_2020": 5.4, "pct_hispanic_2020": 19.9, "pct_asian_2020": 10.8, "population_2020": 3632}, "geometry": {"type": "Polygon", "coordinates": [[[-73.98121, 40.72507], [-73.98164, 40.72449], [-73.97928, 40.7235], [-73.97689, 40.7225], [-73.97648, 40.72308], [-73.97624, 40.7234], [-73.9762, 40.72345], [-73.97603, 40.72369], [-73.976, 40.72373], [-73.97598, 40.72375], [-73.9756, 40.72428], [-73.97798, 40.72529], [-73.98033, 40.72628], [-73.98077, 40.72568], [-73.98121, 40.72507]]]}}, {"type": "Feature", "properties": {"tract_id": "36061004200", "name": "Census Tract 42", "pct_white_2020": 49.8, "pct_black_2020": 6.7, "pct_hispanic_2020": 13.4, "pct_asian_2020": 24.5, "population_2020": 5243}, "geometry": {"type": "Polygon", "coordinates": [[[-73.99121, 40.72805], [-73.99128, 40.72776], [-73.99108, 40.728], [-73.99079, 40.72835], [-73.99036, 40.72893], [-73.9899, 40.72956], [-73.98973, 40.72978], [-73.98965, 40.72988], [-73.98948, 40.73013], [-73.98905, 40.73072], [-73.98861, 40.73132], [-73.98815, 40.73196], [-73.98768, 40.7326], [-73.98718, 40.73329], [-73.98758, 40.73346], [-73.98762, 40.73348], [-73.9884, 40.73381], [-73.98878, 40.73397], [-73.98884, 40.73399], [-73.98888, 40.73401], [-73.9899, 40.73444], [-73.98985, 40.73396], [-73.98987, 40.73353], [-73.99003, 40.73276], [-73.99021, 40.732], [-73.99039, 40.73129], [-73.99041, 40.73115], [-73.99046, 40.73085], [-73.9905, 40.73057], [-73.99072, 40.7299], [-73.99076, 40.72974], [-73.99092, 40.72917], [-73.99098, 40.72894], [-73.99121, 40.72805]]]}}, {"type": "Feature", "properties": {"tract_id": "36061002000", "name": "Census Tract 20", "pct_white_2020": 1.9, "pct_black_2020": 17.8, "pct_hispanic_2020": 60.3, "pct_asian_2020": 15.2, "population_2020": 4689}, "geometry": {"type": "Polygon", "coordinates": [[[-73.97872, 40.71998], [-73.97875, 40.71993], [-73.97803, 40.71964], [-73.97722, 40.71931], [-73.97705, 40.71928], [-73.97674, 40.71921], [-73.97648, 40.71916], [-73.97635, 40.71913], [-73.97614, 40.71909], [-73.97545, 40.71895], [-73.97512, 40.71875], [-73.97499, 40.71875], [-73.97492, 40.71877], [-73.97487, 40.71878], [-73.97474, 40.71884], [-73.97363, 40.71861], [-73.96772, 40.71604], [-73.96758, 40.7165], [-73.96684, 40.71756], [-73.96667, 40.71774], [-73.96661, 40.71781], [-73.96651, 40.71792], [-73.97287, 40.72073], [-73.97454, 40.72147], [-73.97465, 40.72152], [-73.97476, 40.7216], [-73.97553, 40.72192], [-73.97616, 40.72219], [-73.97689, 40.7225], [-73.97735, 40.72188], [-73.97736, 40.72186], [-73.97768, 40.72142], [-73.97779, 40.72128], [-73.97802, 40.72097], [-73.97823, 40.72067], [-73.97872, 40.71998]]]}}, {"type": "Feature", "properties": {"tract_id": "36061001501", "name": "Census Tract 15.01", "pct_white_2020": 52.5, "pct_black_2020": 7.1, "pct_hispanic_2020": 4.3, "pct_asian_2020": 26.8, "population_2020": 7721}, "geometry": {"type": "Polygon", "coordinates": [[[-74.0086, 40.71139], [-74.00906, 40.71089], [-74.00775, 40.71022], [-74.00731, 40.71], [-74.00705, 40.70987], [-74.00643, 40.70956], [-74.00551, 40.70909], [-74.00526, 40.70892], [-74.0051, 40.70875], [-74.00496, 40.70857], [-74.00482, 40.70839], [-74.00433, 40.70782], [-74.00406, 40.70744], [-74.00394, 40.70723], [-74.00371, 40.70696], [-74.00358, 40.70679], [-74.00314, 40.70625], [-74.00305, 40.70615], [-74.003, 40.70608], [-74.00284, 40.70589], [-74.00241, 40.70547], [-74.00216, 40.70536], [-74.00186, 40.70505], [-74.00178, 40.70496], [-73.99617, 40.70336], [-73.99514, 40.70298], [-73.99507, 40.7031], [-73.99481, 40.7033], [-73.99466, 40.70343], [-73.99486, 40.70357], [-73.99499, 40.70365], [-73.99488, 40.70379], [-73.99488, 40.70381], [-73.99482, 40.70391], [-73.99471, 40.704], [-73.9948, 40.7041], [-73.99462, 40.70423], [-73.99457, 40.70427], [-73.9945, 40.70432], [-73.99457, 40.70438], [-73.99918, 40.70802], [-73.9993, 40.70811], [-73.99938, 40.70818], [-73.9995, 40.70828], [-73.99987, 40.70857], [-74.00021, 40.70884], [-74.00023, 40.70886], [-74.00047, 40.70905], [-74.00123, 40.70966], [-74.00142, 40.70981], [-74.00167, 40.71002], [-74.00252, 40.71067], [-74.00331, 40.71132], [-74.00354, 40.71149], [-74.00363, 40.71157], [-74.00373, 40.71166], [-74.00397, 40.71182], [-74.00401, 40.71185], [-74.00411, 40.71193], [-74.00423, 40.71203], [-74.00442, 40.71219], [-74.00446, 40.71227], [-74.0045, 40.7124], [-74.00449, 40.71255], [-74.00441, 40.7127], [-74.00429, 40.71291], [-74.00486, 40.71245], [-74.00489, 40.71243], [-74.00499, 40.71237], [-74.00513, 40.71231], [-74.00528, 40.71225], [-74.00542, 40.71221], [-74.00559, 40.71217], [-74.00574, 40.71209], [-74.00591, 40.71205], [-74.00605, 40.71201], [-74.00609, 40.712], [-74.00702, 40.71178], [-74.00751, 40.71167], [-74.00763, 40.71167], [-74.00774, 40.71169], [-74.0078, 40.71171], [-74.00785, 40.71173], [-74.00791, 40.71174], [-74.00796, 40.71174], [-74.00802, 40.71173], [-74.00808, 40.71172], [-74.00814, 40.7117], [-74.00819, 40.71166], [-74.00822, 40.71161], [-74.00822, 40.71158], [-74.00823, 40.71155], [-74.00822, 40.71152], [-74.0082, 40.71149], [-74.00815, 40.71148], [-74.00809, 40.71146], [-74.00797, 40.71145], [-74.00835, 40.71136], [-74.0086, 40.71139]]]}}, {"type": "Feature", "properties": {"tract_id": "36061001600", "name": "Census Tract 16", "pct_white_2020": 23.9, "pct_black_2020": 1.8, "pct_hispanic_2020": 1.0, "pct_asian_2020": 70.4, "population_2020": 7720}, "geometry": {"type": "Polygon", "coordinates": [[[-73.9975, 40.71407], [-73.99744, 40.71407], [-73.99648, 40.71411], [-73.99484, 40.71421], [-73.99466, 40.71422], [-73.9945, 40.71423], [-73.99435, 40.71425], [-73.99414, 40.71427], [-73.99395, 40.71429], [-73.99302, 40.71436], [-73.99285, 40.71437], [-73.99256, 40.71439], [-73.99213, 40.71442], [-73.99123, 40.71449], [-73.99075, 40.71455], [-73.99022, 40.71441], [-73.99023, 40.71453], [-73.9902, 40.71466], [-73.98975, 40.71555], [-73.98915, 40.71671], [-73.98995, 40.71697], [-73.9907, 40.7172], [-73.99118, 40.71734], [-73.99142, 40.71742], [-73.99222, 40.71766], [-73.99309, 40.71792], [-73.99383, 40.71815], [-73.99481, 40.71846], [-73.99543, 40.71728], [-73.99606, 40.71623], [-73.99653, 40.71547], [-73.99681, 40.71504], [-73.99709, 40.71462], [-73.9975, 40.71407]]]}}, {"type": "Feature", "properties": {"tract_id": "36061001800", "name": "Census Tract 18", "pct_white_2020": 30.8, "pct_black_2020": 5.8, "pct_hispanic_2020": 15.2, "pct_asian_2020": 45.3, "population_2020": 6948}, "geometry": {"type": "Polygon", "coordinates": [[[-73.99442, 40.71939], [-73.99481, 40.71846], [-73.99383, 40.71815], [-73.99309, 40.71792], [-73.99222, 40.71766], [-73.99142, 40.71742], [-73.99118, 40.71734], [-73.9907, 40.7172], [-73.98995, 40.71697], [-73.98915, 40.71671], [-73.98837, 40.71645], [-73.98788, 40.71741], [-73.98751, 40.71807], [-73.98743, 40.71821], [-73.98736, 40.71837], [-73.98675, 40.71959], [-73.98754, 40.71983], [-73.98835, 40.72008], [-73.98911, 40.72031], [-73.98962, 40.72046], [-73.98986, 40.72053], [-73.99063, 40.72077], [-73.99151, 40.72103], [-73.99224, 40.72125], [-73.99273, 40.72139], [-73.99352, 40.72163], [-73.99367, 40.72126], [-73.9938, 40.72094], [-73.99403, 40.72032], [-73.99426, 40.71978], [-73.99438, 40.71952], [-73.99442, 40.71939]]]}}, {"type": "Feature", "properties": {"tract_id": "36061002201", "name": "Census Tract 22.01", "pct_white_2020": 29.1, "pct_black_2020": 19.4, "pct_hispanic_2020": 36.7, "pct_asian_2020": 13.0, "population_2020": 6748}, "geometry": {"type": "Polygon", "coordinates": [[[-73.98448, 40.72024], [-73.98507, 40.71908], [-73.98423, 40.71883], [-73.9834, 40.71857], [-73.98248, 40.71829], [-73.9831, 40.71718], [-73.98229, 40.71698], [-73.98144, 40.71672], [-73.98058, 40.71645], [-73.98023, 40.7171], [-73.9802, 40.71715], [-73.97999, 40.71754], [-73.97996, 40.71759], [-73.97949, 40.71853], [-73.97942, 40.71867], [-73.97907, 40.71932], [-73.97904, 40.71939], [-73.97875, 40.71993], [-73.97973, 40.72024], [-73.98131, 40.72071], [-73.98217, 40.72097], [-73.983, 40.72122], [-73.98382, 40.72147], [-73.98448, 40.72024]]]}}, {"type": "Feature", "properties": {"tract_id": "36061002202", "name": "Census Tract 22.02", "pct_white_2020": 53.6, "pct_black_2020": 8.6, "pct_hispanic_2020": 28.9, "pct_asian_2020": 8.4, "population_2020": 2521}, "geometry": {"type": "Polygon", "coordinates": [[[-73.98373, 40.72161], [-73.98382, 40.72147], [-73.983, 40.72122], [-73.98217, 40.72097], [-73.98131, 40.72071], [-73.97973, 40.72024], [-73.97875, 40.71993], [-73.97872, 40.71998], [-73.97823, 40.72067], [-73.98061, 40.72168], [-73.98296, 40.72267], [-73.98344, 40.72202], [-73.98373, 40.72161]]]}}, {"type": "Feature", "properties": {"tract_id": "36061002400", "name": "Census Tract 24", "pct_white_2020": 2.7, "pct_black_2020": 19.7, "pct_hispanic_2020": 58.2, "pct_asian_2020": 15.6, "population_2020": 4311}, "geometry": {"type": "Polygon", "coordinates": [[[-73.97648, 40.72308], [-73.97689, 40.7225], [-73.97616, 40.72219], [-73.97553, 40.72192], [-73.97476, 40.7216], [-73.97465, 40.72152], [-73.97454, 40.72147], [-73.97287, 40.72073], [-73.96651, 40.71792], [-73.96648, 40.71796], [-73.96625, 40.71821], [-73.96613, 40.71833], [-73.9657, 40.71878], [-73.96557, 40.71895], [-73.96521, 40.71942], [-73.96509, 40.71958], [-73.96468, 40.72011], [-73.96404, 40.72094], [-73.96373, 40.72134], [-73.96355, 40.72157], [-73.96279, 40.72256], [-73.96264, 40.72275], [-73.96929, 40.72581], [-73.9714, 40.72666], [-73.97186, 40.72676], [-73.97198, 40.72683], [-73.97205, 40.72688], [-73.9733, 40.72743], [-73.9738, 40.72675], [-73.97427, 40.72611], [-73.97473, 40.72547], [-73.97516, 40.72488], [-73.9756, 40.72428], [-73.97598, 40.72375], [-73.976, 40.72373], [-73.97603, 40.72369], [-73.9762, 40.72345], [-73.97624, 40.7234], [-73.97648, 40.72308]]]}}, {"type": "Feature", "properties": {"tract_id": "36061002601", "name": "Census Tract 26.01", "pct_white_2020": 21.7, "pct_black_2020": 15.5, "pct_hispanic_2020": 43.2, "pct_asian_2020": 16.5, "population_2020": 4592}, "geometry": {"type": "Polygon", "coordinates": [[[-73.98252, 40.72328], [-73.98296, 40.72267], [-73.98061, 40.72168], [-73.97823, 40.72067], [-73.97802, 40.72097], [-73.97779, 40.72128], [-73.97768, 40.72142], [-73.97736, 40.72186], [-73.97735, 40.72188], [-73.97689, 40.7225], [-73.97928, 40.7235], [-73.98164, 40.72449], [-73.98208, 40.72388], [-73.98252, 40.72328]]]}}, {"type": "Feature", "properties": {"tract_id": "36061008200", "name": "Census Tract 82", "pct_white_2020": 42.8, "pct_black_2020": 6.0, "pct_hispanic_2020": 21.3, "pct_asian_2020": 16.3, "population_2020": 3551}, "geometry": {"type": "Polygon", "coordinates": [[[-73.98362, 40.74972], [-73.98408, 40.7491], [-73.98247, 40.74843], [-73.98085, 40.74775], [-73.9804, 40.74837], [-73.97995, 40.74898], [-73.9795, 40.7496], [-73.97906, 40.75022], [-73.97861, 40.75084], [-73.97816, 40.75146], [-73.97768, 40.75212], [-73.97837, 40.75242], [-73.97929, 40.7528], [-73.98089, 40.75348], [-73.98137, 40.75281], [-73.98182, 40.7522], [-73.98227, 40.75158], [-73.98272, 40.75096], [-73.98317, 40.75034], [-73.98362, 40.74972]]]}}, {"type": "Feature", "properties": {"tract_id": "36061020701", "name": "Census Tract 207.01", "pct_white_2020": 45.8, "pct_black_2020": 5.2, "pct_hispanic_2020": 16.1, "pct_asian_2020": 24.6, "population_2020": 2858}, "geometry": {"type": "Polygon", "coordinates": [[[-73.95994, 40.80835], [-73.96011, 40.80812], [-73.95979, 40.80799], [-73.95841, 40.80742], [-73.95795, 40.80805], [-73.95762, 40.80867], [-73.95743, 40.80905], [-73.95725, 40.8094], [-73.95709, 40.81008], [-73.95827, 40.81063], [-73.95873, 40.81001], [-73.95894, 40.80972], [-73.95922, 40.80934], [-73.95965, 40.80875], [-73.95994, 40.80835]]]}}, {"type": "Feature", "properties": {"tract_id": "36061008602", "name": "Census Tract 86.02", "pct_white_2020": null, "pct_black_2020": null, "pct_hispanic_2020": null, "pct_asian_2020": null, "population_2020": 0, "dominant_group_2020": null, "diversity_index_2020": null}, "geometry": {"type": "Polygon", "coordinates": [[[-73.96994, 40.74891], [-73.96999, 40.74887], [-73.9699, 40.74883], [-73.96985, 40.7488], [-73.96975, 40.74883], [-73.96967, 40.74879], [-73.96961, 40.74877], [-73.96846, 40.74829], [-73.96831, 40.74821], [-73.96829, 40.7482], [-73.9682, 40.7481], [-73.96815, 40.74808], [-73.96813, 40.74807], [-73.96798, 40.74801], [-73.9677, 40.74787], [-73.96021, 40.74451], [-73.95978, 40.74518], [-73.95972, 40.74526], [-73.95919, 40.74603], [-73.95912, 40.74612], [-73.95871, 40.74663], [-73.95833, 40.74708], [-73.95822, 40.74721], [-73.95773, 40.74777], [-73.96149, 40.74949], [-73.96156, 40.74946], [-73.96163, 40.74945], [-73.96472, 40.75172], [-73.96477, 40.75179], [-73.96482, 40.7519], [-73.96486, 40.75201], [-73.96506, 40.75181], [-73.96518, 40.75195], [-73.96532, 40.75193], [-73.96547, 40.75194], [-73.96688, 40.75254], [-73.96702, 40.7526], [-73.9671, 40.75264], [-73.96723, 40.75269], [-73.96726, 40.75264], [-73.9677, 40.75204], [-73.9678, 40.75172], [-73.96778, 40.75163], [-73.96797, 40.75137], [-73.96843, 40.75076], [-73.96891, 40.75011], [-73.96932, 40.74952], [-73.96954, 40.7492], [-73.96964, 40.74916], [-73.96994, 40.74891]]]}}, {"type": "Feature", "properties": {"tract_id": "36061005200", "name": "Census Tract 52", "pct_white_2020": 62.6, "pct_black_2020": 4.3, "pct_hispanic_2020": 8.9, "pct_asian_2020": 16.1, "population_2020": 3128}, "geometry": {"type": "Polygon", "coordinates": [[[-73.99312, 40.73669], [-73.99362, 40.736], [-73.99171, 40.73521], [-73.9912, 40.73501], [-73.99075, 40.73484], [-73.9899, 40.73444], [-73.98995, 40.7349], [-73.98996, 40.73505], [-73.98995, 40.7352], [-73.98993, 40.73528], [-73.98992, 40.73535], [-73.98946, 40.73599], [-73.98902, 40.73656], [-73.98858, 40.73715], [-73.98816, 40.73773], [-73.98773, 40.73832], [-73.9873, 40.7389], [-73.98958, 40.73987], [-73.99052, 40.74026], [-73.9908, 40.73988], [-73.99094, 40.73967], [-73.99138, 40.73909], [-73.9918, 40.7385], [-73.99223, 40.73792], [-73.99265, 40.73733], [-73.99312, 40.73669]]]}}, {"type": "Feature", "properties": {"tract_id": "36061010100", "name": "Census Tract 101", "pct_white_2020": 33.4, "pct_black_2020": 14.7, "pct_hispanic_2020": 17.5, "pct_asian_2020": 32.4, "population_2020": 1824}, "geometry": {"type": "Polygon", "coordinates": [[[-73.99484, 40.75029], [-73.9953, 40.74967], [-73.99246, 40.74847], [-73.98962, 40.74728], [-73.98917, 40.74789], [-73.98871, 40.74851], [-73.98827, 40.74915], [-73.98797, 40.74949], [-73.98778, 40.74977], [-73.98794, 40.74985], [-73.99062, 40.75099], [-73.99346, 40.75219], [-73.99395, 40.75152], [-73.99433, 40.751], [-73.99484, 40.75029]]]}}, {"type": "Feature", "properties": {"tract_id": "36061014700", "name": "Census Tract 147", "pct_white_2020": 43.3, "pct_black_2020": 3.5, "pct_hispanic_2020": 7.1, "pct_asian_2020": 33.5, "population_2020": 2932}, "geometry": {"type": "Polygon", "coordinates": [[[-73.99091, 40.77099], [-73.9906, 40.77085], [-73.98806, 40.76979], [-73.98761, 40.77042], [-73.9875, 40.77058], [-73.98715, 40.77105], [-73.9867, 40.77167], [-73.9874, 40.77197], [-73.98833, 40.77236], [-73.98954, 40.77287], [-73.98999, 40.77224], [-73.99024, 40.77191], [-73.99038, 40.77172], [-73.99045, 40.77161], [-73.99091, 40.77099]]]}}, {"type": "Feature", "properties": {"tract_id": "36061015001", "name": "Census Tract 150.01", "pct_white_2020": 94.5, "pct_black_2020": 0.0, "pct_hispanic_2020": 0.0, "pct_asian_2020": 3.7, "population_2020": 1972}, "geometry": {"type": "Polygon", "coordinates": [[[-73.96092, 40.78085], [-73.96136, 40.78024], [-73.95977, 40.77954], [-73.95816, 40.77886], [-73.9577, 40.7795], [-73.9572, 40.78018], [-73.95881, 40.78086], [-73.96042, 40.78153], [-73.96092, 40.78085]]]}}, {"type": "Feature", "properties": {"tract_id": "36061019100", "name": "Census Tract 191", "pct_white_2020": 64.0, "pct_black_2020": 9.8, "pct_hispanic_2020": 15.4, "pct_asian_2020": 6.5, "population_2020": 8533}, "geometry": {"type": "Polygon", "coordinates": [[[-73.97909, 40.80539], [-73.98063, 40.80328], [-73.97471, 40.80085], [-73.97439, 40.8007], [-73.97425, 40.80064], [-73.97255, 40.79995], [-73.97192, 40.7997], [-73.97042, 40.79907], [-73.969, 40.79848], [-73.96757, 40.79787], [-73.96712, 40.7985], [-73.96666, 40.79913], [-73.96621, 40.79976], [-73.96571, 40.80044], [-73.96718, 40.80106], [-73.96788, 40.80135], [-73.96858, 40.80164], [-73.97005, 40.80227], [-73.97027, 40.80236], [-73.97236, 40.80317], [-73.9725, 40.80322], [-73.97266, 40.80328], [-73.9729, 40.80338], [-73.97886, 40.80571], [-73.97909, 40.80539]]]}}, {"type": "Feature", "properties": {"tract_id": "36061022301", "name": "Census Tract 223.01", "pct_white_2020": 16.4, "pct_black_2020": 15.2, "pct_hispanic_2020": 62.8, "pct_asian_2020": 4.5, "population_2020": 7680}, "geometry": {"type": "Polygon", "coordinates": [[[-73.96502, 40.82467], [-73.96514, 40.8245], [-73.96123, 40.82277], [-73.95874, 40.82162], [-73.95864, 40.82158], [-73.95853, 40.82154], [-73.95841, 40.8215], [-73.9583, 40.82146], [-73.95821, 40.82142], [-73.95793, 40.8213], [-73.95752, 40.82114], [-73.95687, 40.82087], [-73.95544, 40.82025], [-73.95508, 40.8201], [-73.95545, 40.81938], [-73.95495, 40.81917], [-73.95272, 40.81824], [-73.9522, 40.81895], [-73.95175, 40.81957], [-73.95083, 40.82083], [-73.95148, 40.8211], [-73.95291, 40.8217], [-73.95368, 40.82202], [-73.9557, 40.82288], [-73.95573, 40.82289], [-73.95577, 40.8229], [-73.95634, 40.82309], [-73.95651, 40.82312], [-73.95708, 40.8232], [-73.95722, 40.82323], [-73.95741, 40.82327], [-73.95919, 40.82434], [-73.96379, 40.82635], [-73.96381, 40.82632], [-73.96502, 40.82467]]]}}, {"type": "Feature", "properties": {"tract_id": "36061031900", "name": "Census Tract 319", "pct_white_2020": null, "pct_black_2020": null, "pct_hispanic_2020": null, "pct_asian_2020": null, "population_2020": 0, "dominant_group_2020": null, "diversity_index_2020": null}, "geometry": {"type": "Polygon", "coordinates": [[[-74.02568, 40.70476], [-74.02615, 40.70165], [-74.0225, 40.70117], [-74.01903, 40.70072], [-74.01566, 40.69978], [-74.01529, 40.69968], [-74.01527, 40.69967], [-74.01337, 40.69914], [-74.01365, 40.70022], [-74.01358, 40.70037], [-74.01367, 40.70087], [-74.01371, 40.70107], [-74.01372, 40.70113], [-74.01375, 40.7012], [-74.01381, 40.70131], [-74.01398, 40.70153], [-74.01401, 40.70198], [-74.01401, 40.702], [-74.01399, 40.70202], [-74.01397, 40.70204], [-74.01393, 40.70207], [-74.01387, 40.70208], [-74.01384, 40.70209], [-74.01382, 40.7021], [-74.01381, 40.70213], [-74.01383, 40.70241], [-74.01421, 40.70274], [-74.01431, 40.70286], [-74.01435, 40.70293], [-74.01439, 40.703], [-74.01441, 40.70308], [-74.01443, 40.70315], [-74.01439, 40.7036], [-74.01425, 40.70442], [-74.01425, 40.70446], [-74.01426, 40.70449], [-74.01427, 40.70452], [-74.01429, 40.70455], [-74.01518, 40.70467], [-74.01542, 40.70468], [-74.01657, 40.70477], [-74.01663, 40.7048], [-74.01664, 40.70463], [-74.01677, 40.70458], [-74.01755, 40.70428], [-74.01864, 40.70415], [-74.01951, 40.70385], [-74.01968, 40.70415], [-74.01976, 40.70416], [-74.02568, 40.70476]]]}}, {"type": "Feature", "properties": {"tract_id": "36061024200", "name": "Census Tract 242", "pct_white_2020": 5.2, "pct_black_2020": 42.6, "pct_hispanic_2020": 50.1, "pct_asian_2020": 1.9, "population_2020": 5535}, "geometry": {"type": "Polygon", "coordinates": [[[-73.93809, 40.80635], [-73.93854, 40.80573], [-73.93693, 40.80505], [-73.93533, 40.80437], [-73.93582, 40.8037], [-73.93631, 40.80302], [-73.93406, 40.80208], [-73.93396, 40.80192], [-73.93365, 40.80179], [-73.93263, 40.80135], [-73.93177, 40.80098], [-73.93139, 40.8015], [-73.9312, 40.80175], [-73.93101, 40.802], [-73.93099, 40.80204], [-73.93073, 40.80243], [-73.93037, 40.80274], [-73.93024, 40.80283], [-73.93015, 40.80288], [-73.92998, 40.80299], [-73.92959, 40.80318], [-73.92823, 40.80385], [-73.9284, 40.80411], [-73.92999, 40.80579], [-73.93035, 40.8062], [-73.93041, 40.80648], [-73.93117, 40.80721], [-73.9318, 40.80788], [-73.93182, 40.8079], [-73.93211, 40.80818], [-73.93235, 40.80859], [-73.93248, 40.80886], [-73.93257, 40.80926], [-73.93259, 40.80968], [-73.93261, 40.81002], [-73.93263, 40.81061], [-73.9326, 40.81152], [-73.93267, 40.81149], [-73.93414, 40.81089], [-73.93424, 40.81085], [-73.93473, 40.8106], [-73.93487, 40.81049], [-73.93496, 40.81042], [-73.93502, 40.81038], [-73.93517, 40.81025], [-73.93531, 40.81011], [-73.93558, 40.80982], [-73.93578, 40.80954], [-73.93582, 40.8095], [-73.93626, 40.80886], [-73.93672, 40.80822], [-73.93696, 40.8079], [-73.93718, 40.8076], [-73.93764, 40.80697], [-73.93809, 40.80635]]]}}, {"type": "Feature", "properties": {"tract_id": "36061008603", "name": "Census Tract 86.03", "pct_white_2020": 69.4, "pct_black_2020": 0.0, "pct_hispanic_2020": 21.6, "pct_asian_2020": 7.5, "population_2020": 4765}, "geometry": {"type": "Polygon", "coordinates": [[[-73.96715, 40.75277], [-73.96723, 40.75269], [-73.9671, 40.75264], [-73.96702, 40.7526], [-73.96688, 40.75254], [-73.96547, 40.75194], [-73.96532, 40.75193], [-73.96518, 40.75195], [-73.96506, 40.75181], [-73.96486, 40.75201], [-73.96482, 40.7519], [-73.96477, 40.75179], [-73.96472, 40.75172], [-73.96163, 40.74945], [-73.96156, 40.74946], [-73.96159, 40.74982], [-73.96071, 40.75115], [-73.96021, 40.75203], [-73.95902, 40.7536], [-73.95861, 40.75385], [-73.96157, 40.75521], [-73.96163, 40.75524], [-73.96177, 40.75528], [-73.9621, 40.75546], [-73.96256, 40.75565], [-73.96311, 40.75587], [-73.9633, 40.75595], [-73.96367, 40.75611], [-73.96433, 40.75638], [-73.96451, 40.75613], [-73.96479, 40.75576], [-73.96524, 40.75513], [-73.96543, 40.75487], [-73.9657, 40.75451], [-73.96616, 40.75388], [-73.96635, 40.75361], [-73.96637, 40.75359], [-73.96654, 40.75335], [-73.96662, 40.75324], [-73.96671, 40.75321], [-73.96676, 40.75319], [-73.96692, 40.75298], [-73.96704, 40.75286], [-73.96715, 40.75277]]]}}, {"type": "Feature", "properties": {"tract_id": "36061031703", "name": "Census Tract 317.03", "pct_white_2020": 71.4, "pct_black_2020": 2.1, "pct_hispanic_2020": 4.3, "pct_asian_2020": 13.7, "population_2020": 6450}, "geometry": {"type": "Polygon", "coordinates": [[[-74.02427, 40.71394], [-74.0244, 40.71311], [-74.01859, 40.7122], [-74.01789, 40.71236], [-74.01734, 40.71225], [-74.01663, 40.71212], [-74.01579, 40.71157], [-74.01461, 40.71111], [-74.01436, 40.71101], [-74.01415, 40.71221], [-74.0137, 40.71367], [-74.01338, 40.71441], [-74.01323, 40.71506], [-74.0132, 40.7152], [-74.0131, 40.71562], [-74.01303, 40.71595], [-74.01292, 40.7164], [-74.01273, 40.71711], [-74.01269, 40.7173], [-74.01229, 40.71904], [-74.01255, 40.71907], [-74.01305, 40.71909], [-74.01686, 40.71961], [-74.02307, 40.72041], [-74.02364, 40.71807], [-74.02398, 40.71584], [-74.02413, 40.71484], [-74.02427, 40.71394]]]}}, {"type": "Feature", "properties": {"tract_id": "36061021500", "name": "Census Tract 215", "pct_white_2020": 13.3, "pct_black_2020": 58.7, "pct_hispanic_2020": 20.4, "pct_asian_2020": 3.4, "population_2020": 4193}, "geometry": {"type": "Polygon", "coordinates": [[[-73.95151, 40.81201], [-73.9521, 40.81144], [-73.95068, 40.81084], [-73.95022, 40.81148], [-73.94976, 40.8121], [-73.94931, 40.81271], [-73.9493, 40.81273], [-73.94883, 40.81337], [-73.94848, 40.81386], [-73.94842, 40.81394], [-73.94795, 40.81458], [-73.94749, 40.81521], [-73.94703, 40.81583], [-73.94836, 40.81637], [-73.94868, 40.81569], [-73.9487, 40.81565], [-73.94885, 40.81532], [-73.94902, 40.81502], [-73.94919, 40.81474], [-73.9494, 40.81442], [-73.94949, 40.81428], [-73.94962, 40.8141], [-73.94986, 40.8138], [-73.95035, 40.81316], [-73.95093, 40.81258], [-73.95151, 40.81201]]]}}, {"type": "Feature", "properties": {"tract_id": "36061015002", "name": "Census Tract 150.02", "pct_white_2020": 84.7, "pct_black_2020": 0.0, "pct_hispanic_2020": 4.9, "pct_asian_2020": 5.2, "population_2020": 4588}, "geometry": {"type": "Polygon", "coordinates": [[[-73.95992, 40.78221], [-73.96042, 40.78153], [-73.95881, 40.78086], [-73.9572, 40.78018], [-73.95671, 40.78086], [-73.95625, 40.78148], [-73.95579, 40.78211], [-73.95534, 40.78274], [-73.95488, 40.78336], [-73.95649, 40.78404], [-73.9581, 40.78472], [-73.95856, 40.7841], [-73.959, 40.78347], [-73.95947, 40.78283], [-73.95992, 40.78221]]]}}, {"type": "Feature", "properties": {"tract_id": "36061015200", "name": "Census Tract 152", "pct_white_2020": 48.5, "pct_black_2020": 13.0, "pct_hispanic_2020": 23.1, "pct_asian_2020": 9.1, "population_2020": 7864}, "geometry": {"type": "Polygon", "coordinates": [[[-73.94751, 40.77944], [-73.94797, 40.77881], [-73.94571, 40.77786], [-73.94531, 40.77769], [-73.94388, 40.77708], [-73.94351, 40.77693], [-73.94338, 40.77687], [-73.94291, 40.77749], [-73.94283, 40.77749], [-73.94269, 40.7775], [-73.94259, 40.7775], [-73.94223, 40.77757], [-73.94196, 40.77634], [-73.94194, 40.77603], [-73.94236, 40.77581], [-73.94249, 40.77549], [-73.94276, 40.77487], [-73.94434, 40.77311], [-73.94019, 40.77295], [-73.94015, 40.77295], [-73.94004, 40.77295], [-73.93747, 40.7725], [-73.93747, 40.77253], [-73.93781, 40.77356], [-73.93786, 40.77409], [-73.93765, 40.77509], [-73.93705, 40.77587], [-73.93638, 40.77692], [-73.93609, 40.77718], [-73.93586, 40.77721], [-73.93551, 40.77754], [-73.93508, 40.77794], [-73.93474, 40.77808], [-73.93441, 40.77809], [-73.93729, 40.78096], [-73.93761, 40.78175], [-73.9436, 40.78265], [-73.94376, 40.78283], [-73.94383, 40.78286], [-73.94395, 40.78292], [-73.94405, 40.78296], [-73.94472, 40.78325], [-73.94521, 40.78257], [-73.94567, 40.78195], [-73.94613, 40.78132], [-73.94659, 40.78069], [-73.94705, 40.78006], [-73.94751, 40.77944]]]}}, {"type": "Feature", "properties": {"tract_id": "36061031100", "name": "Census Tract 311", "pct_white_2020": null, "pct_black_2020": null, "pct_hispanic_2020": null, "pct_asian_2020": null, "population_2020": 0, "dominant_group_2020": null, "diversity_index_2020": null}, "geometry": {"type": "Polygon", "coordinates": [[[-73.94037, 40.83147], [-73.94037, 40.83133], [-73.94035, 40.83046], [-73.94017, 40.83038], [-73.94008, 40.83046], [-73.93999, 40.83073], [-73.93996, 40.83083], [-73.93991, 40.83093], [-73.93984, 40.83103], [-73.93976, 40.83111], [-73.93973, 40.83114], [-73.93959, 40.83127], [-73.93947, 40.83141], [-73.93938, 40.83154], [-73.93934, 40.83161], [-73.9393, 40.8317], [-73.93924, 40.83184], [-73.93922, 40.8319], [-73.93915, 40.83208], [-73.93904, 40.83228], [-73.93891, 40.83248], [-73.93879, 40.83265], [-73.93877, 40.83266], [-73.93868, 40.8328], [-73.93858, 40.83291], [-73.93839, 40.83311], [-73.93796, 40.83345], [-73.9373, 40.83398], [-73.93701, 40.83419], [-73.93675, 40.83438], [-73.9365, 40.83457], [-73.93531, 40.83548], [-73.93506, 40.83568], [-73.93498, 40.83569], [-73.93491, 40.83574], [-73.9344, 40.83605], [-73.93471, 40.83563], [-73.93301, 40.83568], [-73.93065, 40.8396], [-73.93061, 40.83968], [-73.93041, 40.84028], [-73.93037, 40.84065], [-73.93004, 40.84125], [-73.92973, 40.84185], [-73.92958, 40.84205], [-73.92969, 40.84219], [-73.92963, 40.84226], [-73.92961, 40.84228], [-73.9296, 40.84229], [-73.9295, 40.84238], [-73.92901, 40.84408], [-73.92825, 40.84534], [-73.92824, 40.84535], [-73.92816, 40.84549], [-73.92815, 40.84551], [-73.92811, 40.84558], [-73.92803, 40.84567], [-73.9274, 40.84644], [-73.9273, 40.84656], [-73.92504, 40.84918], [-73.9239, 40.85049], [-73.92365, 40.8509], [-73.92298, 40.85202], [-73.92271, 40.85248], [-73.9222, 40.85311], [-73.92163, 40.85397], [-73.92158, 40.85405], [-73.92154, 40.85413], [-73.9214, 40.85436], [-73.92121, 40.85469], [-73.92096, 40.85511], [-73.92216, 40.85561], [-73.92287, 40.85587], [-73.92277, 40.85639], [-73.92278, 40.85683], [-73.92289, 40.85886], [-73.92296, 40.85891], [-73.92354, 40.85984], [-73.92474, 40.86159], [-73.92488, 40.86154], [-73.92498, 40.86089], [-73.92502, 40.8607], [-73.92509, 40.8605], [-73.92517, 40.86031], [-73.92529, 40.86013], [-73.92542, 40.85995], [-73.92557, 40.85979], [-73.92574, 40.85964], [-73.92591, 40.85951], [-73.92611, 40.85938], [-73.9263, 40.85929], [-73.92642, 40.85921], [-73.92647, 40.85918], [-73.92663, 40.85905], [-73.92677, 40.85892], [-73.92688, 40.85876], [-73.92698, 40.85861], [-73.92705, 40.85844], [-73.9271, 40.85828], [-73.92712, 40.85811], [-73.92727, 40.85793], [-73.92675, 40.8577], [-73.92669, 40.85778], [-73.92656, 40.85794], [-73.92648, 40.85802], [-73.92641, 40.85807], [-73.92634, 40.8581], [-73.92624, 40.85814], [-73.92611, 40.85817], [-73.92598, 40.85819], [-73.92584, 40.85819], [-73.92571, 40.85819], [-73.92557, 40.85817], [-73.92543, 40.85813], [-73.92531, 40.85809], [-73.92519, 40.85803], [-73.92508, 40.85796], [-73.92503, 40.8579], [-73.92493, 40.85776], [-73.92484, 40.8576], [-73.92477, 40.85745], [-73.92472, 40.8573], [-73.92469, 40.85715], [-73.92467, 40.85699], [-73.92467, 40.8568], [-73.92469, 40.85664], [-73.9268, 40.85372], [-73.92724, 40.85312], [-73.92769, 40.85249], [-73.92723, 40.85222], [-73.92714, 40.85215], [-73.9271, 40.85205], [-73.92709, 40.85187], [-73.92708, 40.85182], [-73.92708, 40.85143], [-73.92748, 40.85069], [-73.92797, 40.85015], [-73.92869, 40.84955], [-73.92896, 40.84922], [-73.92978, 40.84815], [-73.93062, 40.84848], [-73.93088, 40.84812], [-73.93116, 40.84774], [-73.93139, 40.84743], [-73.93185, 40.8468], [-73.93192, 40.84671], [-73.93198, 40.84662], [-73.93201, 40.84658], [-73.93207, 40.8465], [-73.9321, 40.84646], [-73.93218, 40.84634], [-73.93224, 40.84627], [-73.93233, 40.84615], [-73.93277, 40.84554], [-73.93323, 40.84491], [-73.93372, 40.84425], [-73.93421, 40.84357], [-73.93445, 40.84325], [-73.93467, 40.84296], [-73.93514, 40.84231], [-73.93557, 40.84171], [-73.93561, 40.84161], [-73.93564, 40.8415], [-73.93564, 40.84139], [-73.93563, 40.84128], [-73.9356, 40.84117], [-73.93544, 40.84075], [-73.9353, 40.84047], [-73.93523, 40.8404], [-73.93514, 40.84025], [-73.93508, 40.84011], [-73.93503, 40.83998], [-73.935, 40.83983], [-73.93499, 40.83967], [-73.93501, 40.83952], [-73.93503, 40.83941], [-73.93508, 40.83927], [-73.93515, 40.83913], [-73.93524, 40.83899], [-73.93534, 40.83886], [-73.93546, 40.83875], [-73.93553, 40.8387], [-73.93575, 40.83855], [-73.93593, 40.83839], [-73.9361, 40.83823], [-73.93623, 40.83808], [-73.93638, 40.83785], [-73.93669, 40.83719], [-73.93702, 40.83647], [-73.93738, 40.83569], [-73.93775, 40.83489], [-73.93786, 40.83464], [-73.9379, 40.83455], [-73.93794, 40.83446], [-73.93798, 40.83437], [-73.93804, 40.83429], [-73.9381, 40.8342], [-73.93816, 40.83412], [-73.93824, 40.83405], [-73.93832, 40.83398], [-73.9384, 40.83391], [-73.93849, 40.83384], [-73.93916, 40.83328], [-73.93927, 40.8332], [-73.93938, 40.83311], [-73.93948, 40.83301], [-73.93956, 40.83291], [-73.93963, 40.8328], [-73.93968, 40.83269], [-73.94007, 40.83207], [-73.94009, 40.83205], [-73.94017, 40.83195], [-73.94025, 40.83183], [-73.94031, 40.83171], [-73.94035, 40.83159], [-73.94037, 40.83147]]]}}, {"type": "Feature", "properties": {"tract_id": "36061025700", "name": "Census Tract 257", "pct_white_2020": 30.6, "pct_black_2020": 39.6, "pct_hispanic_2020": 16.4, "pct_asian_2020": 5.2, "population_2020": 4870}, "geometry": {"type": "Polygon", "coordinates": [[[-73.95681, 40.80755], [-73.95727, 40.80692], [-73.95587, 40.80634], [-73.95442, 40.80572], [-73.95396, 40.80635], [-73.9535, 40.80698], [-73.95304, 40.80761], [-73.95292, 40.80778], [-73.95258, 40.80824], [-73.95213, 40.80886], [-73.95166, 40.80949], [-73.95117, 40.81017], [-73.95068, 40.81084], [-73.9521, 40.81144], [-73.95259, 40.81076], [-73.95308, 40.81009], [-73.95328, 40.80988], [-73.95358, 40.80948], [-73.95497, 40.81006], [-73.95543, 40.80943], [-73.95588, 40.8088], [-73.95634, 40.80817], [-73.95681, 40.80755]]]}}, {"type": "Feature", "properties": {"tract_id": "36061003700", "name": "Census Tract 37", "pct_white_2020": 67.5, "pct_black_2020": 1.1, "pct_hispanic_2020": 9.5, "pct_asian_2020": 18.0, "population_2020": 3380}, "geometry": {"type": "Polygon", "coordinates": [[[-74.02135, 40.72746], [-74.02183, 40.72549], [-74.01599, 40.72477], [-74.01198, 40.72433], [-74.01173, 40.72431], [-74.01144, 40.72428], [-74.01124, 40.72427], [-74.01106, 40.72515], [-74.01094, 40.72566], [-74.01092, 40.72579], [-74.01092, 40.72583], [-74.01081, 40.72579], [-74.01004, 40.72521], [-74.00964, 40.72493], [-74.00932, 40.7247], [-74.00864, 40.72422], [-74.0083, 40.72398], [-74.00791, 40.7237], [-74.00763, 40.7235], [-74.0063, 40.72255], [-74.00591, 40.72225], [-74.00531, 40.72182], [-74.00535, 40.72189], [-74.00538, 40.72196], [-74.00539, 40.72204], [-74.00539, 40.72211], [-74.00536, 40.72218], [-74.00506, 40.72298], [-74.00479, 40.72363], [-74.00458, 40.72417], [-74.00427, 40.72491], [-74.00403, 40.72551], [-74.00386, 40.72593], [-74.00373, 40.72625], [-74.00312, 40.72688], [-74.00279, 40.72727], [-74.00251, 40.7276], [-74.00215, 40.72804], [-74.00281, 40.72837], [-74.00313, 40.72839], [-74.00531, 40.72861], [-74.00709, 40.72877], [-74.00859, 40.72891], [-74.00935, 40.72899], [-74.01054, 40.7291], [-74.01064, 40.72817], [-74.01087, 40.72818], [-74.01138, 40.72823], [-74.01489, 40.7285], [-74.02097, 40.72904], [-74.021, 40.72891], [-74.02102, 40.72883], [-74.02131, 40.72762], [-74.02133, 40.72754], [-74.02135, 40.72746]]]}}, {"type": "Feature", "properties": {"tract_id": "36061008900", "name": "Census Tract 89", "pct_white_2020": 62.7, "pct_black_2020": 3.1, "pct_hispanic_2020": 24.0, "pct_asian_2020": 7.4, "population_2020": 6314}, "geometry": {"type": "Polygon", "coordinates": [[[-74.00596, 40.74523], [-74.00639, 40.74465], [-74.00354, 40.74345], [-74.0007, 40.74225], [-74.00028, 40.74284], [-74.00003, 40.74317], [-73.99985, 40.74342], [-73.99942, 40.74401], [-73.99897, 40.74463], [-74.00181, 40.74583], [-74.00465, 40.74702], [-74.00511, 40.7464], [-74.00554, 40.74582], [-74.00596, 40.74523]]]}}, {"type": "Feature", "properties": {"tract_id": "36061002500", "name": "Census Tract 25", "pct_white_2020": 3.4, "pct_black_2020": 30.7, "pct_hispanic_2020": 27.6, "pct_asian_2020": 31.5, "population_2020": 5162}, "geometry": {"type": "Polygon", "coordinates": [[[-74.00128, 40.70999], [-74.00142, 40.70981], [-74.00123, 40.70966], [-74.00047, 40.70905], [-74.00023, 40.70886], [-74.00021, 40.70884], [-73.99987, 40.70857], [-73.9995, 40.70828], [-73.99938, 40.70818], [-73.9993, 40.70811], [-73.99918, 40.70802], [-73.99457, 40.70438], [-73.9945, 40.70432], [-73.99434, 40.70443], [-73.99386, 40.70456], [-73.99381, 40.70454], [-73.99378, 40.70445], [-73.99369, 40.70448], [-73.99387, 40.70468], [-73.996, 40.7089], [-73.99603, 40.709], [-73.99604, 40.70905], [-73.99606, 40.70912], [-73.99622, 40.70918], [-73.99635, 40.70979], [-73.99644, 40.7102], [-73.99678, 40.71136], [-73.99695, 40.71207], [-73.99777, 40.71197], [-73.99851, 40.7119], [-73.99868, 40.71188], [-73.99951, 40.7118], [-73.9997, 40.71178], [-74.00051, 40.71098], [-74.00078, 40.71064], [-74.00114, 40.71018], [-74.00124, 40.71005], [-74.00128, 40.70999]]]}}, {"type": "Feature", "properties": {"tract_id": "36061011100", "name": "Census Tract 111", "pct_white_2020": 50.4, "pct_black_2020": 4.9, "pct_hispanic_2020": 13.1, "pct_asian_2020": 27.7, "population_2020": 4899}, "geometry": {"type": "Polygon", "coordinates": [[[-73.99866, 40.75525], [-73.99914, 40.75458], [-73.99829, 40.75422], [-73.99826, 40.75421], [-73.99822, 40.7542], [-73.99819, 40.75418], [-73.99817, 40.75417], [-73.99815, 40.75417], [-73.99813, 40.75415], [-73.9976, 40.75393], [-73.9963, 40.75339], [-73.99346, 40.75219], [-73.99298, 40.75285], [-73.99253, 40.75347], [-73.99208, 40.75409], [-73.99163, 40.75471], [-73.99447, 40.75591], [-73.99501, 40.75614], [-73.99511, 40.75618], [-73.99517, 40.7562], [-73.99562, 40.75639], [-73.99578, 40.75646], [-73.99731, 40.75711], [-73.99776, 40.75649], [-73.99821, 40.75587], [-73.99843, 40.75556], [-73.99866, 40.75525]]]}}, {"type": "Feature", "properties": {"tract_id": "36061005000", "name": "Census Tract 50", "pct_white_2020": 73.8, "pct_black_2020": 1.5, "pct_hispanic_2020": 2.3, "pct_asian_2020": 17.7, "population_2020": 4892}, "geometry": {"type": "Polygon", "coordinates": [[[-73.98996, 40.73505], [-73.98995, 40.7349], [-73.9899, 40.73444], [-73.98888, 40.73401], [-73.98884, 40.73399], [-73.98878, 40.73397], [-73.9884, 40.73381], [-73.98762, 40.73348], [-73.98758, 40.73346], [-73.98718, 40.73329], [-73.98695, 40.7336], [-73.98668, 40.73398], [-73.98621, 40.73462], [-73.98579, 40.73521], [-73.98536, 40.73579], [-73.98493, 40.73638], [-73.98451, 40.73696], [-73.98445, 40.73705], [-73.98442, 40.73708], [-73.98437, 40.73714], [-73.98408, 40.73755], [-73.98498, 40.73793], [-73.98568, 40.73822], [-73.98642, 40.73853], [-73.98685, 40.73871], [-73.9873, 40.7389], [-73.98773, 40.73832], [-73.98816, 40.73773], [-73.98858, 40.73715], [-73.98902, 40.73656], [-73.98946, 40.73599], [-73.98992, 40.73535], [-73.98993, 40.73528], [-73.98995, 40.7352], [-73.98996, 40.73505]]]}}, {"type": "Feature", "properties": {"tract_id": "36061003002", "name": "Census Tract 30.02", "pct_white_2020": 48.5, "pct_black_2020": 4.9, "pct_hispanic_2020": 24.9, "pct_asian_2020": 20.1, "population_2020": 3062}, "geometry": {"type": "Polygon", "coordinates": [[[-73.98845, 40.72328], [-73.98864, 40.72293], [-73.98787, 40.7227], [-73.98714, 40.72247], [-73.98629, 40.72224], [-73.98586, 40.7221], [-73.98552, 40.72198], [-73.98468, 40.72173], [-73.98382, 40.72147], [-73.98373, 40.72161], [-73.98344, 40.72202], [-73.98296, 40.72267], [-73.98529, 40.72365], [-73.9875, 40.72458], [-73.98797, 40.72394], [-73.98845, 40.72328]]]}}, {"type": "Feature", "properties": {"tract_id": "36061013100", "name": "Census Tract 131", "pct_white_2020": 45.9, "pct_black_2020": 6.3, "pct_hispanic_2020": 19.5, "pct_asian_2020": 24.3, "population_2020": 3018}, "geometry": {"type": "Polygon", "coordinates": [[[-73.98565, 40.76291], [-73.9861, 40.76229], [-73.98405, 40.76142], [-73.98326, 40.76109], [-73.98043, 40.7599], [-73.97997, 40.76053], [-73.97951, 40.76115], [-73.97906, 40.76177], [-73.9786, 40.7624], [-73.98029, 40.76311], [-73.98143, 40.76359], [-73.98247, 40.76403], [-73.98428, 40.76479], [-73.98473, 40.76417], [-73.98519, 40.76354], [-73.98565, 40.76291]]]}}, {"type": "Feature", "properties": {"tract_id": "36061018900", "name": "Census Tract 189", "pct_white_2020": 23.8, "pct_black_2020": 16.5, "pct_hispanic_2020": 50.3, "pct_asian_2020": 7.8, "population_2020": 11169}, "geometry": {"type": "Polygon", "coordinates": [[[-73.96804, 40.79725], [-73.96848, 40.79664], [-73.96713, 40.79608], [-73.96702, 40.79604], [-73.96664, 40.79588], [-73.96623, 40.7957], [-73.96563, 40.79546], [-73.96513, 40.79521], [-73.9643, 40.79479], [-73.96411, 40.79471], [-73.96283, 40.7942], [-73.96236, 40.79485], [-73.9619, 40.79548], [-73.96144, 40.79611], [-73.96098, 40.79674], [-73.96052, 40.79737], [-73.96004, 40.79804], [-73.96148, 40.79865], [-73.96287, 40.79924], [-73.96571, 40.80044], [-73.96621, 40.79976], [-73.96666, 40.79913], [-73.96712, 40.7985], [-73.96757, 40.79787], [-73.96804, 40.79725]]]}}, {"type": "Feature", "properties": {"tract_id": "36061000800", "name": "Census Tract 8", "pct_white_2020": 12.0, "pct_black_2020": 0.2, "pct_hispanic_2020": 3.2, "pct_asian_2020": 82.6, "population_2020": 8713}, "geometry": {"type": "Polygon", "coordinates": [[[-73.99744, 40.71407], [-73.9975, 40.71407], [-73.9973, 40.71347], [-73.99712, 40.7128], [-73.99695, 40.71207], [-73.99678, 40.71136], [-73.99644, 40.7102], [-73.99635, 40.70979], [-73.99622, 40.70918], [-73.99606, 40.70912], [-73.99604, 40.70905], [-73.99603, 40.709], [-73.996, 40.7089], [-73.99387, 40.70468], [-73.99369, 40.70448], [-73.99371, 40.70452], [-73.99385, 40.70483], [-73.99272, 40.70554], [-73.99148, 40.70563], [-73.99088, 40.70512], [-73.9907, 40.70513], [-73.99055, 40.70514], [-73.98986, 40.70518], [-73.98961, 40.70516], [-73.9895, 40.70514], [-73.98942, 40.70514], [-73.98938, 40.70514], [-73.99194, 40.70953], [-73.99197, 40.70959], [-73.99203, 40.70969], [-73.99207, 40.70977], [-73.992, 40.70979], [-73.9919, 40.7098], [-73.99186, 40.70981], [-73.99178, 40.70982], [-73.99198, 40.71091], [-73.99218, 40.71178], [-73.99227, 40.71247], [-73.99239, 40.71319], [-73.99247, 40.71386], [-73.99256, 40.71439], [-73.99285, 40.71437], [-73.99302, 40.71436], [-73.99395, 40.71429], [-73.99414, 40.71427], [-73.99435, 40.71425], [-73.9945, 40.71423], [-73.99466, 40.71422], [-73.99484, 40.71421], [-73.99648, 40.71411], [-73.99744, 40.71407]]]}}, {"type": "Feature", "properties": {"tract_id": "36061015802", "name": "Census Tract 158.02", "pct_white_2020": 63.2, "pct_black_2020": 4.1, "pct_hispanic_2020": 11.7, "pct_asian_2020": 18.0, "population_2020": 3813}, "geometry": {"type": "Polygon", "coordinates": [[[-73.95228, 40.78691], [-73.95255, 40.78655], [-73.95131, 40.78603], [-73.95129, 40.78602], [-73.95093, 40.78587], [-73.95017, 40.78555], [-73.94933, 40.78519], [-73.94911, 40.78549], [-73.94883, 40.78588], [-73.94838, 40.7865], [-73.94859, 40.78659], [-73.94885, 40.7867], [-73.94998, 40.78717], [-73.95161, 40.78786], [-73.95181, 40.78758], [-73.95183, 40.78754], [-73.95206, 40.78722], [-73.95228, 40.78691]]]}}, {"type": "Feature", "properties": {"tract_id": "36061007200", "name": "Census Tract 72", "pct_white_2020": 65.1, "pct_black_2020": 3.3, "pct_hispanic_2020": 5.2, "pct_asian_2020": 19.6, "population_2020": 7035}, "geometry": {"type": "Polygon", "coordinates": [[[-73.98363, 40.74395], [-73.98408, 40.74333], [-73.98246, 40.74265], [-73.98086, 40.74197], [-73.98041, 40.74259], [-73.97996, 40.7432], [-73.97951, 40.74382], [-73.97906, 40.74444], [-73.97861, 40.74506], [-73.97812, 40.74573], [-73.97764, 40.74639], [-73.97823, 40.74664], [-73.97848, 40.74675], [-73.97864, 40.74681], [-73.97878, 40.74688], [-73.97924, 40.74707], [-73.98085, 40.74775], [-73.98136, 40.74715], [-73.98183, 40.74642], [-73.98228, 40.7458], [-73.98273, 40.74518], [-73.98318, 40.74456], [-73.98363, 40.74395]]]}}, {"type": "Feature", "properties": {"tract_id": "36061014200", "name": "Census Tract 142", "pct_white_2020": 75.3, "pct_black_2020": 0.3, "pct_hispanic_2020": 7.6, "pct_asian_2020": 11.4, "population_2020": 4254}, "geometry": {"type": "Polygon", "coordinates": [[[-73.96423, 40.77631], [-73.96469, 40.77568], [-73.96309, 40.775], [-73.96174, 40.77443], [-73.96147, 40.77432], [-73.96101, 40.77496], [-73.96051, 40.77564], [-73.96002, 40.77632], [-73.95979, 40.77664], [-73.95978, 40.77665], [-73.95955, 40.77696], [-73.95909, 40.77759], [-73.95863, 40.77823], [-73.95816, 40.77886], [-73.95977, 40.77954], [-73.96136, 40.78024], [-73.96184, 40.77958], [-73.9623, 40.77895], [-73.96277, 40.77831], [-73.96313, 40.77781], [-73.96316, 40.77777], [-73.96323, 40.77768], [-73.96373, 40.77699], [-73.96423, 40.77631]]]}}, {"type": "Feature", "properties": {"tract_id": "36061011300", "name": "Census Tract 113", "pct_white_2020": 16.8, "pct_black_2020": 54.0, "pct_hispanic_2020": 4.4, "pct_asian_2020": 19.7, "population_2020": 137}, "geometry": {"type": "Polygon", "coordinates": [[[-73.99118, 40.75533], [-73.99163, 40.75471], [-73.98879, 40.75352], [-73.98731, 40.75289], [-73.98595, 40.75232], [-73.98549, 40.75294], [-73.98504, 40.75355], [-73.9846, 40.75418], [-73.98412, 40.75484], [-73.9864, 40.7558], [-73.98695, 40.75604], [-73.98979, 40.75723], [-73.99028, 40.75657], [-73.99073, 40.75595], [-73.99118, 40.75533]]]}}, {"type": "Feature", "properties": {"tract_id": "36061019000", "name": "Census Tract 190", "pct_white_2020": 20.0, "pct_black_2020": 50.3, "pct_hispanic_2020": 17.7, "pct_asian_2020": 9.2, "population_2020": 3719}, "geometry": {"type": "Polygon", "coordinates": [[[-73.94968, 40.80202], [-73.95019, 40.80133], [-73.94863, 40.80067], [-73.94779, 40.80031], [-73.94697, 40.79996], [-73.94646, 40.80067], [-73.94632, 40.80085], [-73.94597, 40.80134], [-73.94551, 40.80197], [-73.94505, 40.8026], [-73.9453, 40.8027], [-73.94552, 40.80279], [-73.94808, 40.80388], [-73.94827, 40.80396], [-73.94873, 40.80333], [-73.94919, 40.8027], [-73.94968, 40.80202]]]}}, {"type": "Feature", "properties": {"tract_id": "36061009500", "name": "Census Tract 95", "pct_white_2020": 69.1, "pct_black_2020": 6.1, "pct_hispanic_2020": 9.0, "pct_asian_2020": 13.8, "population_2020": 3217}, "geometry": {"type": "Polygon", "coordinates": [[[-73.99665, 40.74782], [-73.9971, 40.7472], [-73.99512, 40.74637], [-73.99426, 40.746], [-73.99142, 40.7448], [-73.99114, 40.74518], [-73.99097, 40.74542], [-73.99052, 40.74604], [-73.99007, 40.74666], [-73.98962, 40.74728], [-73.99246, 40.74847], [-73.9953, 40.74967], [-73.99575, 40.74905], [-73.9962, 40.74844], [-73.99665, 40.74782]]]}}, {"type": "Feature", "properties": {"tract_id": "36061027300", "name": "Census Tract 273", "pct_white_2020": 67.2, "pct_black_2020": 3.1, "pct_hispanic_2020": 21.0, "pct_asian_2020": 2.0, "population_2020": 7877}, "geometry": {"type": "Polygon", "coordinates": [[[-73.94015, 40.8514], [-73.94028, 40.85132], [-73.94011, 40.85133], [-73.93993, 40.85132], [-73.93975, 40.85131], [-73.93957, 40.85128], [-73.9394, 40.85123], [-73.93924, 40.85118], [-73.93828, 40.85091], [-73.93737, 40.85064], [-73.93666, 40.85045], [-73.93634, 40.85109], [-73.93572, 40.85234], [-73.93654, 40.85261], [-73.93648, 40.85285], [-73.93643, 40.85309], [-73.93639, 40.85333], [-73.93636, 40.85358], [-73.93635, 40.85382], [-73.93633, 40.85404], [-73.93629, 40.85427], [-73.93622, 40.85449], [-73.93614, 40.8547], [-73.93604, 40.85492], [-73.93688, 40.85514], [-73.9367, 40.85562], [-73.9356, 40.85711], [-73.93451, 40.85861], [-73.9344, 40.85884], [-73.93409, 40.85938], [-73.93422, 40.85934], [-73.93432, 40.85932], [-73.93439, 40.85932], [-73.93473, 40.85942], [-73.93489, 40.85937], [-73.93503, 40.85931], [-73.93517, 40.85924], [-73.9353, 40.85916], [-73.93541, 40.85906], [-73.93552, 40.85897], [-73.93561, 40.85886], [-73.93658, 40.85735], [-73.93666, 40.85726], [-73.93694, 40.85691], [-73.93773, 40.85587], [-73.93787, 40.85568], [-73.93795, 40.85557], [-73.93865, 40.85468], [-73.93945, 40.85361], [-73.93954, 40.85349], [-73.9397, 40.85292], [-73.93982, 40.85254], [-73.93985, 40.85242], [-73.94015, 40.8514]]]}}, {"type": "Feature", "properties": {"tract_id": "36061010601", "name": "Census Tract 106.01", "pct_white_2020": 86.4, "pct_black_2020": 0.9, "pct_hispanic_2020": 3.2, "pct_asian_2020": 8.7, "population_2020": 7366}, "geometry": {"type": "Polygon", "coordinates": [[[-73.96411, 40.75668], [-73.96433, 40.75638], [-73.96367, 40.75611], [-73.9633, 40.75595], [-73.96311, 40.75587], [-73.96256, 40.75565], [-73.9621, 40.75546], [-73.96177, 40.75528], [-73.96163, 40.75524], [-73.96157, 40.75521], [-73.95861, 40.75385], [-73.95848, 40.75393], [-73.95553, 40.75724], [-73.95848, 40.75854], [-73.9586, 40.75859], [-73.95872, 40.75864], [-73.95893, 40.75834], [-73.95904, 40.75838], [-73.95972, 40.75866], [-73.96197, 40.75962], [-73.96243, 40.75898], [-73.96293, 40.75831], [-73.96341, 40.75764], [-73.96387, 40.75701], [-73.96411, 40.75668]]]}}, {"type": "Feature", "properties": {"tract_id": "36061005900", "name": "Census Tract 59", "pct_white_2020": 75.5, "pct_black_2020": 3.6, "pct_hispanic_2020": 6.8, "pct_asian_2020": 11.9, "population_2020": 5001}, "geometry": {"type": "Polygon", "coordinates": [[[-73.99664, 40.73186], [-73.99697, 40.73141], [-73.99556, 40.73071], [-73.99606, 40.73015], [-73.99657, 40.72955], [-73.99581, 40.72918], [-73.99506, 40.72881], [-73.99488, 40.72902], [-73.99455, 40.72941], [-73.99406, 40.72998], [-73.99364, 40.73048], [-73.99325, 40.73095], [-73.99241, 40.73059], [-73.99192, 40.73117], [-73.99146, 40.73174], [-73.99227, 40.73208], [-73.99283, 40.73232], [-73.99381, 40.73273], [-73.99504, 40.73325], [-73.99549, 40.73344], [-73.99591, 40.73285], [-73.99635, 40.73225], [-73.99664, 40.73186]]]}}, {"type": "Feature", "properties": {"tract_id": "36061014602", "name": "Census Tract 146.02", "pct_white_2020": 80.7, "pct_black_2020": 0.6, "pct_hispanic_2020": 8.7, "pct_asian_2020": 7.0, "population_2020": 8433}, "geometry": {"type": "Polygon", "coordinates": [[[-73.95376, 40.77913], [-73.95398, 40.77882], [-73.9523, 40.77811], [-73.95226, 40.77809], [-73.95174, 40.77787], [-73.95064, 40.77741], [-73.94937, 40.77688], [-73.94897, 40.77743], [-73.94888, 40.77755], [-73.94842, 40.77818], [-73.94797, 40.77881], [-73.94844, 40.77901], [-73.95034, 40.77981], [-73.95113, 40.78014], [-73.95208, 40.78054], [-73.95258, 40.78075], [-73.95303, 40.78013], [-73.95349, 40.7795], [-73.95367, 40.77925], [-73.95376, 40.77913]]]}}, {"type": "Feature", "properties": {"tract_id": "36061006300", "name": "Census Tract 63", "pct_white_2020": 82.8, "pct_black_2020": 1.3, "pct_hispanic_2020": 7.3, "pct_asian_2020": 5.7, "population_2020": 5799}, "geometry": {"type": "Polygon", "coordinates": [[[-73.99955, 40.73361], [-74.00007, 40.73293], [-73.99861, 40.73222], [-73.99697, 40.73141], [-73.99664, 40.73186], [-73.99635, 40.73225], [-73.99591, 40.73285], [-73.99549, 40.73344], [-73.99505, 40.73403], [-73.99459, 40.73467], [-73.99412, 40.73531], [-73.99362, 40.736], [-73.99684, 40.73736], [-73.99734, 40.73667], [-73.9978, 40.73603], [-73.99827, 40.73539], [-73.99856, 40.735], [-73.99871, 40.73478], [-73.99919, 40.73413], [-73.99955, 40.73361]]]}}, {"type": "Feature", "properties": {"tract_id": "36061025100", "name": "Census Tract 251", "pct_white_2020": 8.6, "pct_black_2020": 9.6, "pct_hispanic_2020": 75.2, "pct_asian_2020": 4.2, "population_2020": 2795}, "geometry": {"type": "Polygon", "coordinates": [[[-73.9425, 40.84159], [-73.94307, 40.84019], [-73.94114, 40.83918], [-73.93983, 40.8385], [-73.93855, 40.83795], [-73.93834, 40.83791], [-73.93792, 40.83849], [-73.93778, 40.83869], [-73.93733, 40.83929], [-73.93721, 40.83947], [-73.93691, 40.83987], [-73.93646, 40.84048], [-73.93793, 40.84109], [-73.93933, 40.84168], [-73.94201, 40.84281], [-73.94228, 40.84215], [-73.9425, 40.84159]]]}}, {"type": "Feature", "properties": {"tract_id": "36061017900", "name": "Census Tract 179", "pct_white_2020": 72.5, "pct_black_2020": 0.4, "pct_hispanic_2020": 19.0, "pct_asian_2020": 5.7, "population_2020": 9953}, "geometry": {"type": "Polygon", "coordinates": [[[-73.9849, 40.79744], [-73.98626, 40.79559], [-73.98011, 40.79313], [-73.97988, 40.79305], [-73.97971, 40.79298], [-73.97769, 40.79216], [-73.97599, 40.79144], [-73.97457, 40.79084], [-73.97315, 40.79024], [-73.97269, 40.79087], [-73.97259, 40.791], [-73.97223, 40.7915], [-73.97177, 40.79213], [-73.97132, 40.79275], [-73.97274, 40.79335], [-73.97343, 40.79365], [-73.97416, 40.79395], [-73.97472, 40.79419], [-73.97487, 40.79425], [-73.97623, 40.79483], [-73.9765, 40.79494], [-73.97712, 40.79516], [-73.97729, 40.79522], [-73.97751, 40.7953], [-73.97774, 40.7954], [-73.97832, 40.79569], [-73.98436, 40.79818], [-73.98474, 40.79766], [-73.9849, 40.79744]]]}}, {"type": "Feature", "properties": {"tract_id": "36061011800", "name": "Census Tract 118", "pct_white_2020": 80.7, "pct_black_2020": 0.6, "pct_hispanic_2020": 3.2, "pct_asian_2020": 14.0, "population_2020": 9510}, "geometry": {"type": "Polygon", "coordinates": [[[-73.96384, 40.76531], [-73.9643, 40.76468], [-73.96206, 40.76374], [-73.96127, 40.7634], [-73.95969, 40.76274], [-73.95924, 40.76337], [-73.95878, 40.76399], [-73.95832, 40.76462], [-73.95787, 40.76524], [-73.95746, 40.7658], [-73.95741, 40.76587], [-73.95788, 40.76606], [-73.95915, 40.7666], [-73.95918, 40.76662], [-73.95935, 40.76669], [-73.95978, 40.76687], [-73.9605, 40.76717], [-73.9612, 40.76747], [-73.9614, 40.76755], [-73.96154, 40.76761], [-73.96201, 40.76781], [-73.96215, 40.76763], [-73.96247, 40.76719], [-73.96293, 40.76656], [-73.9634, 40.76591], [-73.96384, 40.76531]]]}}, {"type": "Feature", "properties": {"tract_id": "36061003400", "name": "Census Tract 34", "pct_white_2020": 62.7, "pct_black_2020": 3.9, "pct_hispanic_2020": 15.9, "pct_asian_2020": 11.3, "population_2020": 6647}, "geometry": {"type": "Polygon", "coordinates": [[[-73.98445, 40.72878], [-73.98487, 40.72819], [-73.98266, 40.72726], [-73.98223, 40.72785], [-73.97991, 40.72687], [-73.97947, 40.72747], [-73.979, 40.72811], [-73.97854, 40.72875], [-73.978, 40.72943], [-73.98034, 40.73045], [-73.98256, 40.73136], [-73.98308, 40.73066], [-73.98354, 40.73002], [-73.98401, 40.72938], [-73.98445, 40.72878]]]}}, {"type": "Feature", "properties": {"tract_id": "36061020500", "name": "Census Tract 205", "pct_white_2020": 60.5, "pct_black_2020": 6.2, "pct_hispanic_2020": 14.5, "pct_asian_2020": 16.7, "population_2020": 5650}, "geometry": {"type": "Polygon", "coordinates": [[[-73.97349, 40.81307], [-73.97509, 40.81088], [-73.96922, 40.80851], [-73.96887, 40.80834], [-73.96869, 40.80827], [-73.96698, 40.8076], [-73.96635, 40.80734], [-73.9662, 40.80727], [-73.96582, 40.80711], [-73.96485, 40.80671], [-73.96439, 40.80734], [-73.96417, 40.80764], [-73.96405, 40.8078], [-73.9639, 40.808], [-73.96206, 40.81054], [-73.96157, 40.81121], [-73.96134, 40.81152], [-73.96111, 40.81183], [-73.96151, 40.812], [-73.96211, 40.81225], [-73.96255, 40.81244], [-73.96302, 40.81262], [-73.96381, 40.81311], [-73.96458, 40.81355], [-73.96464, 40.81358], [-73.96487, 40.81371], [-73.96511, 40.81382], [-73.96538, 40.81396], [-73.96641, 40.8144], [-73.97115, 40.81627], [-73.97162, 40.81563], [-73.97349, 40.81307]]]}}, {"type": "Feature", "properties": {"tract_id": "36061011600", "name": "Census Tract 116", "pct_white_2020": 66.9, "pct_black_2020": 1.8, "pct_hispanic_2020": 11.3, "pct_asian_2020": 17.4, "population_2020": 3577}, "geometry": {"type": "Polygon", "coordinates": [[[-73.95924, 40.76337], [-73.95969, 40.76274], [-73.95921, 40.76254], [-73.95792, 40.76199], [-73.9579, 40.76198], [-73.95744, 40.76179], [-73.95789, 40.76117], [-73.95708, 40.76085], [-73.9567, 40.76068], [-73.9566, 40.76064], [-73.95654, 40.76061], [-73.95631, 40.76048], [-73.95384, 40.75936], [-73.95361, 40.75954], [-73.95317, 40.75987], [-73.95254, 40.76049], [-73.9524, 40.76063], [-73.95211, 40.761], [-73.95178, 40.76158], [-73.95152, 40.76197], [-73.94997, 40.76365], [-73.95231, 40.76456], [-73.95244, 40.76458], [-73.95257, 40.76464], [-73.95264, 40.76467], [-73.9547, 40.76555], [-73.95516, 40.76492], [-73.95694, 40.76567], [-73.95741, 40.76587], [-73.95746, 40.7658], [-73.95787, 40.76524], [-73.95832, 40.76462], [-73.95878, 40.76399], [-73.95924, 40.76337]]]}}, {"type": "Feature", "properties": {"tract_id": "36061016002", "name": "Census Tract 160.02", "pct_white_2020": 51.2, "pct_black_2020": 1.4, "pct_hispanic_2020": 29.0, "pct_asian_2020": 13.3, "population_2020": 3250}, "geometry": {"type": "Polygon", "coordinates": [[[-73.95553, 40.78825], [-73.95578, 40.78791], [-73.95416, 40.78723], [-73.95255, 40.78655], [-73.95228, 40.78691], [-73.95206, 40.78722], [-73.95183, 40.78754], [-73.95181, 40.78758], [-73.95161, 40.78786], [-73.95278, 40.78835], [-73.9528, 40.78836], [-73.95321, 40.78853], [-73.95414, 40.78892], [-73.95482, 40.78921], [-73.95528, 40.78858], [-73.95553, 40.78825]]]}}, {"type": "Feature", "properties": {"tract_id": "36061030700", "name": "Census Tract 307", "pct_white_2020": 56.1, "pct_black_2020": 11.5, "pct_hispanic_2020": 25.6, "pct_asian_2020": 2.5, "population_2020": 3923}, "geometry": {"type": "Polygon", "coordinates": [[[-73.91946, 40.87225], [-73.91856, 40.87148], [-73.91792, 40.87092], [-73.91697, 40.87015], [-73.91627, 40.86958], [-73.91588, 40.86985], [-73.91518, 40.86955], [-73.91469, 40.87022], [-73.91401, 40.87116], [-73.91409, 40.8712], [-73.91506, 40.8716], [-73.91628, 40.87212], [-73.91718, 40.8725], [-73.91846, 40.87302], [-73.91946, 40.87225]]]}}, {"type": "Feature", "properties": {"tract_id": "36061004800", "name": "Census Tract 48", "pct_white_2020": 66.6, "pct_black_2020": 4.3, "pct_hispanic_2020": 8.3, "pct_asian_2020": 18.6, "population_2020": 6413}, "geometry": {"type": "Polygon", "coordinates": [[[-73.98695, 40.7336], [-73.98718, 40.73329], [-73.98681, 40.73314], [-73.9861, 40.73284], [-73.98494, 40.73235], [-73.98256, 40.73136], [-73.98202, 40.73201], [-73.98156, 40.73264], [-73.98113, 40.73324], [-73.98071, 40.73381], [-73.98027, 40.73441], [-73.98269, 40.73543], [-73.98437, 40.73614], [-73.98493, 40.73638], [-73.98536, 40.73579], [-73.98579, 40.73521], [-73.98621, 40.73462], [-73.98668, 40.73398], [-73.98695, 40.7336]]]}}, {"type": "Feature", "properties": {"tract_id": "36061025900", "name": "Census Tract 259", "pct_white_2020": 18.4, "pct_black_2020": 38.8, "pct_hispanic_2020": 32.7, "pct_asian_2020": 4.8, "population_2020": 4678}, "geometry": {"type": "Polygon", "coordinates": [[[-73.9446, 40.82146], [-73.94515, 40.82088], [-73.94378, 40.82029], [-73.94332, 40.82092], [-73.94287, 40.82154], [-73.94241, 40.82216], [-73.94192, 40.82284], [-73.94143, 40.82351], [-73.94097, 40.82413], [-73.94052, 40.82476], [-73.94005, 40.82538], [-73.93986, 40.82565], [-73.9396, 40.826], [-73.9406, 40.82641], [-73.94105, 40.82579], [-73.9415, 40.82517], [-73.94196, 40.82455], [-73.94243, 40.82391], [-73.94292, 40.82326], [-73.94323, 40.82292], [-73.94351, 40.82263], [-73.94405, 40.82205], [-73.9446, 40.82146]]]}}, {"type": "Feature", "properties": {"tract_id": "36061002901", "name": "Census Tract 29.01", "pct_white_2020": 33.6, "pct_black_2020": 25.8, "pct_hispanic_2020": 31.0, "pct_asian_2020": 8.5, "population_2020": 1113}, "geometry": {"type": "Polygon", "coordinates": [[[-74.00449, 40.71255], [-74.0045, 40.7124], [-74.00446, 40.71227], [-74.00442, 40.71219], [-74.00423, 40.71203], [-74.00411, 40.71193], [-74.00401, 40.71185], [-74.00397, 40.71182], [-74.00373, 40.71166], [-74.00363, 40.71157], [-74.00354, 40.71149], [-74.00331, 40.71132], [-74.00252, 40.71067], [-74.00167, 40.71002], [-74.00142, 40.70981], [-74.00128, 40.70999], [-74.00124, 40.71005], [-74.00114, 40.71018], [-74.00078, 40.71064], [-74.00051, 40.71098], [-74.00061, 40.71107], [-74.00069, 40.71116], [-74.00076, 40.71127], [-74.00082, 40.71138], [-74.00086, 40.71149], [-74.00087, 40.71162], [-74.00087, 40.7117], [-74.00089, 40.71302], [-74.00093, 40.71326], [-74.00126, 40.7135], [-74.00157, 40.71368], [-74.00097, 40.71391], [-74.00075, 40.71451], [-74.00046, 40.71437], [-74.00053, 40.71517], [-74.00079, 40.71529], [-74.00058, 40.71557], [-74.00014, 40.7162], [-73.99993, 40.71654], [-73.99945, 40.71733], [-73.99931, 40.71755], [-73.99996, 40.71802], [-74.00027, 40.71762], [-74.00082, 40.71693], [-74.00168, 40.71575], [-74.00211, 40.71516], [-74.00243, 40.71463], [-74.0026, 40.71431], [-74.00309, 40.71396], [-74.0036, 40.71365], [-74.00406, 40.71313], [-74.00429, 40.71291], [-74.00441, 40.7127], [-74.00449, 40.71255]]]}}, {"type": "Feature", "properties": {"tract_id": "36061007002", "name": "Census Tract 70.02", "pct_white_2020": 58.2, "pct_black_2020": 7.3, "pct_hispanic_2020": 11.3, "pct_asian_2020": 19.6, "population_2020": 3657}, "geometry": {"type": "Polygon", "coordinates": [[[-73.98041, 40.74259], [-73.97997, 40.7424], [-73.97865, 40.74185], [-73.97817, 40.74164], [-73.97767, 40.74226], [-73.97721, 40.74285], [-73.97676, 40.74347], [-73.97635, 40.74409], [-73.97588, 40.74478], [-73.97736, 40.7454], [-73.97812, 40.74573], [-73.97861, 40.74506], [-73.97906, 40.74444], [-73.97951, 40.74382], [-73.97996, 40.7432], [-73.98041, 40.74259]]]}}, {"type": "Feature", "properties": {"tract_id": "36061012902", "name": "Census Tract 129.02", "pct_white_2020": 49.6, "pct_black_2020": 10.4, "pct_hispanic_2020": 16.9, "pct_asian_2020": 12.4, "population_2020": 2350}, "geometry": {"type": "Polygon", "coordinates": [[[-74.00617, 40.76831], [-74.00658, 40.76775], [-74.00267, 40.76616], [-74.00206, 40.76591], [-73.9989, 40.76459], [-73.99885, 40.7644], [-73.99871, 40.76433], [-73.99858, 40.76428], [-73.99849, 40.76424], [-73.99646, 40.76338], [-73.99432, 40.76248], [-73.99422, 40.76244], [-73.99361, 40.76218], [-73.99316, 40.76281], [-73.9927, 40.76343], [-73.99224, 40.76406], [-73.99179, 40.76468], [-73.99234, 40.76492], [-73.99463, 40.76588], [-73.99667, 40.76674], [-73.99688, 40.76683], [-73.99693, 40.76714], [-74.00027, 40.76851], [-74.0008, 40.76874], [-74.00423, 40.7702], [-74.00465, 40.77039], [-74.00537, 40.76941], [-74.00617, 40.76831]]]}}, {"type": "Feature", "properties": {"tract_id": "36061007001", "name": "Census Tract 70.01", "pct_white_2020": 83.1, "pct_black_2020": 1.8, "pct_hispanic_2020": 2.0, "pct_asian_2020": 8.6, "population_2020": 3928}, "geometry": {"type": "Polygon", "coordinates": [[[-73.97767, 40.74226], [-73.97817, 40.74164], [-73.9758, 40.74064], [-73.97534, 40.74127], [-73.97492, 40.74185], [-73.97441, 40.74256], [-73.97401, 40.7431], [-73.97351, 40.74378], [-73.97522, 40.74451], [-73.97588, 40.74478], [-73.97635, 40.74409], [-73.97676, 40.74347], [-73.97721, 40.74285], [-73.97767, 40.74226]]]}}, {"type": "Feature", "properties": {"tract_id": "36061015302", "name": "Census Tract 153.02", "pct_white_2020": 80.3, "pct_black_2020": 0.0, "pct_hispanic_2020": 4.2, "pct_asian_2020": 13.2, "population_2020": 5377}, "geometry": {"type": "Polygon", "coordinates": [[[-73.98441, 40.77481], [-73.98413, 40.77469], [-73.98365, 40.77448], [-73.98359, 40.77446], [-73.98222, 40.77387], [-73.98157, 40.7736], [-73.98111, 40.77423], [-73.98066, 40.77485], [-73.9802, 40.77548], [-73.97975, 40.77611], [-73.9821, 40.7771], [-73.98258, 40.7773], [-73.98305, 40.77668], [-73.98311, 40.7766], [-73.9835, 40.77606], [-73.98393, 40.77548], [-73.98397, 40.77543], [-73.98441, 40.77481]]]}}, {"type": "Feature", "properties": {"tract_id": "36061012102", "name": "Census Tract 121.02", "pct_white_2020": 54.3, "pct_black_2020": 5.9, "pct_hispanic_2020": 30.1, "pct_asian_2020": 6.0, "population_2020": 5049}, "geometry": {"type": "Polygon", "coordinates": [[[-73.99498, 40.7603], [-73.99547, 40.75963], [-73.99488, 40.75938], [-73.99394, 40.75898], [-73.99263, 40.75843], [-73.99214, 40.7591], [-73.99168, 40.75973], [-73.99123, 40.76035], [-73.99076, 40.76099], [-73.99236, 40.76166], [-73.99266, 40.76178], [-73.99361, 40.76218], [-73.99407, 40.76155], [-73.99453, 40.76093], [-73.99498, 40.7603]]]}}, {"type": "Feature", "properties": {"tract_id": "36061015501", "name": "Census Tract 155.01", "pct_white_2020": 80.2, "pct_black_2020": 3.0, "pct_hispanic_2020": 4.1, "pct_asian_2020": 12.2, "population_2020": 5084}, "geometry": {"type": "Polygon", "coordinates": [[[-73.98693, 40.77644], [-73.98724, 40.77602], [-73.98542, 40.77524], [-73.98537, 40.77522], [-73.98514, 40.77512], [-73.98441, 40.77481], [-73.98397, 40.77543], [-73.98393, 40.77548], [-73.9835, 40.77606], [-73.98311, 40.7766], [-73.98305, 40.77668], [-73.98258, 40.7773], [-73.98311, 40.77752], [-73.98405, 40.7779], [-73.98545, 40.77848], [-73.98571, 40.77811], [-73.98593, 40.77781], [-73.98617, 40.77748], [-73.98629, 40.77732], [-73.98681, 40.7766], [-73.98693, 40.77644]]]}}, {"type": "Feature", "properties": {"tract_id": "36061013501", "name": "Census Tract 135.01", "pct_white_2020": 32.7, "pct_black_2020": 9.1, "pct_hispanic_2020": 36.0, "pct_asian_2020": 20.0, "population_2020": 4569}, "geometry": {"type": "Polygon", "coordinates": [[[-74.00465, 40.77039], [-74.00423, 40.7702], [-74.0008, 40.76874], [-74.00027, 40.76851], [-73.99693, 40.76714], [-73.99688, 40.76683], [-73.99667, 40.76674], [-73.99463, 40.76588], [-73.99234, 40.76492], [-73.99179, 40.76468], [-73.99133, 40.76531], [-73.99088, 40.76593], [-73.99073, 40.76614], [-73.99042, 40.76656], [-73.98996, 40.76719], [-73.9908, 40.76754], [-73.99281, 40.76838], [-73.99485, 40.76926], [-73.99505, 40.76934], [-73.99644, 40.76979], [-73.99878, 40.77081], [-73.9992, 40.771], [-74.00295, 40.77272], [-74.00342, 40.77208], [-74.00409, 40.77117], [-74.00465, 40.77039]]]}}, {"type": "Feature", "properties": {"tract_id": "36061009901", "name": "Census Tract 99.01", "pct_white_2020": 84.5, "pct_black_2020": 2.1, "pct_hispanic_2020": 7.4, "pct_asian_2020": 5.6, "population_2020": 1800}, "geometry": {"type": "Polygon", "coordinates": [[[-74.01661, 40.74696], [-74.01728, 40.74418], [-74.00933, 40.74257], [-74.00889, 40.74238], [-74.0087, 40.74236], [-74.0082, 40.74215], [-74.00789, 40.74257], [-74.00771, 40.74283], [-74.00724, 40.74347], [-74.00681, 40.74406], [-74.00639, 40.74465], [-74.00596, 40.74523], [-74.00554, 40.74582], [-74.00511, 40.7464], [-74.00465, 40.74702], [-74.00417, 40.74769], [-74.00394, 40.748], [-74.00368, 40.74836], [-74.00324, 40.74897], [-74.00279, 40.74959], [-74.00563, 40.75079], [-74.00783, 40.75171], [-74.00802, 40.75179], [-74.00857, 40.75184], [-74.01501, 40.75351], [-74.0155, 40.75148], [-74.01601, 40.7494], [-74.01661, 40.74696]]]}}, {"type": "Feature", "properties": {"tract_id": "36061013502", "name": "Census Tract 135.02", "pct_white_2020": 37.4, "pct_black_2020": 8.3, "pct_hispanic_2020": 26.2, "pct_asian_2020": 23.8, "population_2020": 5593}, "geometry": {"type": "Polygon", "coordinates": [[[-74.0023, 40.77361], [-74.00295, 40.77272], [-73.9992, 40.771], [-73.99878, 40.77081], [-73.99644, 40.76979], [-73.99505, 40.76934], [-73.99485, 40.76926], [-73.99281, 40.76838], [-73.9908, 40.76754], [-73.98996, 40.76719], [-73.9895, 40.76782], [-73.98905, 40.76844], [-73.98856, 40.76912], [-73.98806, 40.76979], [-73.9906, 40.77085], [-73.99091, 40.77099], [-73.99195, 40.77142], [-73.99366, 40.77215], [-73.99378, 40.7722], [-73.99332, 40.77283], [-73.99355, 40.77285], [-73.99362, 40.77285], [-73.99373, 40.77286], [-73.99395, 40.77288], [-73.99614, 40.77383], [-73.99597, 40.77401], [-73.99678, 40.77442], [-74.00022, 40.77605], [-74.00045, 40.77615], [-74.00091, 40.77551], [-74.00162, 40.77455], [-74.0023, 40.77361]]]}}, {"type": "Feature", "properties": {"tract_id": "36061009902", "name": "Census Tract 99.02", "pct_white_2020": 52.7, "pct_black_2020": 5.4, "pct_hispanic_2020": 16.1, "pct_asian_2020": 24.2, "population_2020": 3057}, "geometry": {"type": "Polygon", "coordinates": [[[-74.01425, 40.75666], [-74.01501, 40.75351], [-74.00857, 40.75184], [-74.00802, 40.75179], [-74.00783, 40.75171], [-74.00563, 40.75079], [-74.00279, 40.74959], [-74.00233, 40.75021], [-74.00188, 40.75083], [-74.00143, 40.75145], [-74.00097, 40.75206], [-74.00213, 40.75254], [-74.00382, 40.75326], [-74.00665, 40.75445], [-74.00674, 40.75449], [-74.00685, 40.75454], [-74.0072, 40.75468], [-74.01378, 40.7566], [-74.01425, 40.75666]]]}}, {"type": "Feature", "properties": {"tract_id": "36061015101", "name": "Census Tract 151.01", "pct_white_2020": 5.0, "pct_black_2020": 46.5, "pct_hispanic_2020": 38.5, "pct_asian_2020": 8.7, "population_2020": 2786}, "geometry": {"type": "Polygon", "coordinates": [[[-73.98928, 40.77323], [-73.98954, 40.77287], [-73.98833, 40.77236], [-73.9874, 40.77197], [-73.9867, 40.77167], [-73.98624, 40.7723], [-73.98579, 40.7729], [-73.98533, 40.77353], [-73.98488, 40.77415], [-73.98441, 40.77481], [-73.98514, 40.77512], [-73.98537, 40.77522], [-73.98542, 40.77524], [-73.98724, 40.77602], [-73.98771, 40.77537], [-73.98818, 40.77474], [-73.98863, 40.77412], [-73.98908, 40.77349], [-73.98928, 40.77323]]]}}, {"type": "Feature", "properties": {"tract_id": "36061012901", "name": "Census Tract 129.01", "pct_white_2020": 55.2, "pct_black_2020": 3.7, "pct_hispanic_2020": 12.9, "pct_asian_2020": 23.3, "population_2020": 7530}, "geometry": {"type": "Polygon", "coordinates": [[[-74.0086, 40.76498], [-74.00821, 40.76482], [-74.00468, 40.76343], [-74.00172, 40.76221], [-74.00128, 40.76208], [-74.00115, 40.76203], [-74.00104, 40.76197], [-73.99935, 40.76126], [-73.99924, 40.76121], [-73.99832, 40.76082], [-73.99623, 40.75995], [-73.99547, 40.75963], [-73.99498, 40.7603], [-73.99453, 40.76093], [-73.99407, 40.76155], [-73.99361, 40.76218], [-73.99422, 40.76244], [-73.99432, 40.76248], [-73.99646, 40.76338], [-73.99849, 40.76424], [-73.99858, 40.76428], [-73.99871, 40.76433], [-73.99885, 40.7644], [-73.9989, 40.76459], [-74.00206, 40.76591], [-74.00267, 40.76616], [-74.00658, 40.76775], [-74.0086, 40.76498]]]}}, {"type": "Feature", "properties": {"tract_id": "36061012602", "name": "Census Tract 126.02", "pct_white_2020": 91.7, "pct_black_2020": 0.2, "pct_hispanic_2020": 0.9, "pct_asian_2020": 2.3, "population_2020": 4682}, "geometry": {"type": "Polygon", "coordinates": [[[-73.96156, 40.76844], [-73.96201, 40.76781], [-73.96154, 40.76761], [-73.9614, 40.76755], [-73.9612, 40.76747], [-73.9605, 40.76717], [-73.95978, 40.76687], [-73.95932, 40.76749], [-73.95886, 40.76812], [-73.95836, 40.7688], [-73.95807, 40.76921], [-73.95787, 40.76948], [-73.9574, 40.77012], [-73.95899, 40.77079], [-73.95907, 40.77082], [-73.95965, 40.77106], [-73.96011, 40.77043], [-73.9606, 40.76975], [-73.9611, 40.76906], [-73.96156, 40.76844]]]}}, {"type": "Feature", "properties": {"tract_id": "36061015301", "name": "Census Tract 153.01", "pct_white_2020": 68.7, "pct_black_2020": 1.7, "pct_hispanic_2020": 9.1, "pct_asian_2020": 10.8, "population_2020": 4644}, "geometry": {"type": "Polygon", "coordinates": [[[-73.98111, 40.77423], [-73.98157, 40.7736], [-73.97873, 40.77242], [-73.97828, 40.77303], [-73.97783, 40.77366], [-73.97737, 40.77428], [-73.97691, 40.77491], [-73.97975, 40.77611], [-73.9802, 40.77548], [-73.98066, 40.77485], [-73.98111, 40.77423]]]}}, {"type": "Feature", "properties": {"tract_id": "36061012601", "name": "Census Tract 126.01", "pct_white_2020": 88.0, "pct_black_2020": 0.0, "pct_hispanic_2020": 5.8, "pct_asian_2020": 4.1, "population_2020": 7417}, "geometry": {"type": "Polygon", "coordinates": [[[-73.95978, 40.76687], [-73.95935, 40.76669], [-73.95918, 40.76662], [-73.95915, 40.7666], [-73.95788, 40.76606], [-73.95741, 40.76587], [-73.95696, 40.76649], [-73.95673, 40.7668], [-73.9565, 40.76712], [-73.956, 40.7678], [-73.95575, 40.76815], [-73.9555, 40.76849], [-73.95526, 40.76881], [-73.95504, 40.76912], [-73.95667, 40.76981], [-73.9574, 40.77012], [-73.95787, 40.76948], [-73.95807, 40.76921], [-73.95836, 40.7688], [-73.95886, 40.76812], [-73.95932, 40.76749], [-73.95978, 40.76687]]]}}, {"type": "Feature", "properties": {"tract_id": "36061010801", "name": "Census Tract 108.01", "pct_white_2020": 70.0, "pct_black_2020": 4.7, "pct_hispanic_2020": 5.2, "pct_asian_2020": 13.1, "population_2020": 3164}, "geometry": {"type": "Polygon", "coordinates": [[[-73.96848, 40.75895], [-73.96894, 40.75833], [-73.9667, 40.75738], [-73.96592, 40.75705], [-73.96474, 40.75656], [-73.96433, 40.75638], [-73.96411, 40.75668], [-73.96387, 40.75701], [-73.96341, 40.75764], [-73.96399, 40.75788], [-73.96578, 40.75863], [-73.96802, 40.75958], [-73.96848, 40.75895]]]}}, {"type": "Feature", "properties": {"tract_id": "36061009903", "name": "Census Tract 99.03", "pct_white_2020": 43.3, "pct_black_2020": 11.9, "pct_hispanic_2020": 17.0, "pct_asian_2020": 19.7, "population_2020": 916}, "geometry": {"type": "Polygon", "coordinates": [[[-74.01403, 40.75755], [-74.01425, 40.75666], [-74.01378, 40.7566], [-74.0072, 40.75468], [-74.00685, 40.75454], [-74.00674, 40.75449], [-74.00665, 40.75445], [-74.00382, 40.75326], [-74.00213, 40.75254], [-74.00097, 40.75206], [-74.00086, 40.75221], [-74.00053, 40.75269], [-74.00002, 40.75339], [-73.99963, 40.75392], [-73.99914, 40.75458], [-73.99866, 40.75525], [-73.99843, 40.75556], [-73.99821, 40.75587], [-73.99776, 40.75649], [-73.99731, 40.75711], [-73.99867, 40.75771], [-74.00014, 40.75831], [-74.00007, 40.7584], [-74.00284, 40.75969], [-74.00305, 40.75978], [-74.00347, 40.75997], [-74.00383, 40.76013], [-74.00456, 40.76044], [-74.0059, 40.761], [-74.00985, 40.76258], [-74.01024, 40.76275], [-74.0111, 40.76156], [-74.01201, 40.76032], [-74.01295, 40.75903], [-74.01403, 40.75755]]]}}, {"type": "Feature", "properties": {"tract_id": "36061023804", "name": "Census Tract 238.04", "pct_white_2020": 49.3, "pct_black_2020": 9.5, "pct_hispanic_2020": 8.2, "pct_asian_2020": 27.5, "population_2020": 3138}, "geometry": {"type": "Polygon", "coordinates": [[[-73.96159, 40.74982], [-73.96156, 40.74946], [-73.96149, 40.74949], [-73.95773, 40.74777], [-73.95758, 40.74795], [-73.95684, 40.74883], [-73.95617, 40.74966], [-73.9562, 40.74967], [-73.9562, 40.74969], [-73.95612, 40.74976], [-73.95609, 40.74977], [-73.95606, 40.74976], [-73.95553, 40.75022], [-73.95432, 40.75126], [-73.95394, 40.75175], [-73.95399, 40.75179], [-73.9538, 40.75196], [-73.95368, 40.75205], [-73.95364, 40.75204], [-73.95297, 40.75275], [-73.95301, 40.75278], [-73.95285, 40.75294], [-73.95266, 40.75311], [-73.95217, 40.7537], [-73.95208, 40.75376], [-73.95178, 40.75409], [-73.95162, 40.75425], [-73.95137, 40.75452], [-73.95102, 40.75509], [-73.95088, 40.75517], [-73.95084, 40.75522], [-73.95077, 40.75531], [-73.95074, 40.75535], [-73.95071, 40.75538], [-73.95066, 40.75544], [-73.94915, 40.75733], [-73.94845, 40.75822], [-73.94783, 40.75899], [-73.95011, 40.76003], [-73.9502, 40.76006], [-73.95124, 40.76062], [-73.95157, 40.76038], [-73.95183, 40.76036], [-73.95221, 40.76031], [-73.95254, 40.76049], [-73.95317, 40.75987], [-73.95361, 40.75954], [-73.95384, 40.75936], [-73.95546, 40.75732], [-73.95553, 40.75724], [-73.95848, 40.75393], [-73.95861, 40.75385], [-73.95902, 40.7536], [-73.96021, 40.75203], [-73.96071, 40.75115], [-73.96159, 40.74982]]]}}, {"type": "Feature", "properties": {"tract_id": "36061015102", "name": "Census Tract 151.02", "pct_white_2020": 43.2, "pct_black_2020": 7.7, "pct_hispanic_2020": 10.6, "pct_asian_2020": 25.0, "population_2020": 8161}, "geometry": {"type": "Polygon", "coordinates": [[[-74.00045, 40.77615], [-74.00022, 40.77605], [-73.99678, 40.77442], [-73.99597, 40.77401], [-73.99614, 40.77383], [-73.99395, 40.77288], [-73.99373, 40.77286], [-73.99362, 40.77285], [-73.99355, 40.77285], [-73.99332, 40.77283], [-73.99378, 40.7722], [-73.99366, 40.77215], [-73.99195, 40.77142], [-73.99091, 40.77099], [-73.99045, 40.77161], [-73.99038, 40.77172], [-73.99024, 40.77191], [-73.98999, 40.77224], [-73.98954, 40.77287], [-73.98928, 40.77323], [-73.98908, 40.77349], [-73.98863, 40.77412], [-73.98818, 40.77474], [-73.98771, 40.77537], [-73.98724, 40.77602], [-73.98843, 40.77653], [-73.98877, 40.77667], [-73.9892, 40.77686], [-73.99017, 40.77725], [-73.99032, 40.77732], [-73.99091, 40.77754], [-73.99076, 40.77769], [-73.99387, 40.7781], [-73.99768, 40.77971], [-73.99781, 40.77977], [-73.99864, 40.77862], [-73.99964, 40.77726], [-74.00045, 40.77615]]]}}, {"type": "Feature", "properties": {"tract_id": "36061015502", "name": "Census Tract 155.02", "pct_white_2020": 64.7, "pct_black_2020": 3.1, "pct_hispanic_2020": 6.3, "pct_asian_2020": 24.1, "population_2020": 5167}, "geometry": {"type": "Polygon", "coordinates": [[[-73.99781, 40.77977], [-73.99768, 40.77971], [-73.99387, 40.7781], [-73.99076, 40.77769], [-73.99091, 40.77754], [-73.99032, 40.77732], [-73.99017, 40.77725], [-73.9892, 40.77686], [-73.98877, 40.77667], [-73.98843, 40.77653], [-73.98724, 40.77602], [-73.98693, 40.77644], [-73.98681, 40.7766], [-73.98629, 40.77732], [-73.98617, 40.77748], [-73.98593, 40.77781], [-73.98571, 40.77811], [-73.98545, 40.77848], [-73.98709, 40.77916], [-73.98732, 40.77926], [-73.98799, 40.77954], [-73.98841, 40.77974], [-73.98852, 40.77978], [-73.98919, 40.77994], [-73.99164, 40.78092], [-73.99564, 40.78251], [-73.99577, 40.78256], [-73.99587, 40.78242], [-73.99741, 40.78031], [-73.99781, 40.77977]]]}}, {"type": "Feature", "properties": {"tract_id": "36061015401", "name": "Census Tract 154.01", "pct_white_2020": 84.8, "pct_black_2020": 1.9, "pct_hispanic_2020": 5.4, "pct_asian_2020": 7.9, "population_2020": 4666}, "geometry": {"type": "Polygon", "coordinates": [[[-73.95212, 40.78139], [-73.95258, 40.78075], [-73.95208, 40.78054], [-73.95113, 40.78014], [-73.95034, 40.77981], [-73.94844, 40.77901], [-73.94797, 40.77881], [-73.94751, 40.77944], [-73.94705, 40.78006], [-73.94942, 40.78106], [-73.95028, 40.78143], [-73.95166, 40.78201], [-73.95212, 40.78139]]]}}, {"type": "Feature", "properties": {"tract_id": "36061004002", "name": "Census Tract 40.02", "pct_white_2020": 55.7, "pct_black_2020": 5.8, "pct_hispanic_2020": 12.1, "pct_asian_2020": 17.7, "population_2020": 6067}, "geometry": {"type": "Polygon", "coordinates": [[[-73.98905, 40.73072], [-73.98948, 40.73013], [-73.98891, 40.72991], [-73.98724, 40.72919], [-73.98681, 40.72978], [-73.98637, 40.73038], [-73.98591, 40.73102], [-73.98544, 40.73166], [-73.98494, 40.73235], [-73.9861, 40.73284], [-73.98681, 40.73314], [-73.98718, 40.73329], [-73.98768, 40.7326], [-73.98815, 40.73196], [-73.98861, 40.73132], [-73.98905, 40.73072]]]}}, {"type": "Feature", "properties": {"tract_id": "36061023803", "name": "Census Tract 238.03", "pct_white_2020": 46.6, "pct_black_2020": 13.3, "pct_hispanic_2020": 9.1, "pct_asian_2020": 25.9, "population_2020": 3368}, "geometry": {"type": "Polygon", "coordinates": [[[-73.9524, 40.76063], [-73.95254, 40.76049], [-73.95221, 40.76031], [-73.95183, 40.76036], [-73.95157, 40.76038], [-73.95124, 40.76062], [-73.9502, 40.76006], [-73.95011, 40.76003], [-73.94783, 40.75899], [-73.94596, 40.76129], [-73.94581, 40.76145], [-73.9457, 40.76149], [-73.94472, 40.76288], [-73.94663, 40.76387], [-73.9467, 40.7639], [-73.94698, 40.76404], [-73.94702, 40.76406], [-73.94713, 40.76411], [-73.94718, 40.76414], [-73.94724, 40.76413], [-73.94729, 40.76411], [-73.94734, 40.76409], [-73.94738, 40.76407], [-73.94749, 40.76412], [-73.94764, 40.76419], [-73.94771, 40.76412], [-73.94776, 40.76407], [-73.94805, 40.76371], [-73.94845, 40.76348], [-73.94914, 40.76404], [-73.94983, 40.76359], [-73.94997, 40.76365], [-73.95152, 40.76197], [-73.95178, 40.76158], [-73.95211, 40.761], [-73.9524, 40.76063]]]}}, {"type": "Feature", "properties": {"tract_id": "36061002902", "name": "Census Tract 29.02", "pct_white_2020": 9.1, "pct_black_2020": 1.4, "pct_hispanic_2020": 1.6, "pct_asian_2020": 81.3, "population_2020": 3885}, "geometry": {"type": "Polygon", "coordinates": [[[-74.00157, 40.71368], [-74.00126, 40.7135], [-74.00093, 40.71326], [-74.00089, 40.71302], [-73.99916, 40.71332], [-73.99906, 40.71333], [-73.99896, 40.71334], [-73.99886, 40.71336], [-73.99876, 40.71339], [-73.99867, 40.71343], [-73.99858, 40.71347], [-73.99846, 40.71352], [-73.99802, 40.71371], [-73.99794, 40.71375], [-73.99787, 40.71378], [-73.9978, 40.71382], [-73.99773, 40.71386], [-73.99768, 40.7139], [-73.99762, 40.71394], [-73.99758, 40.71398], [-73.99754, 40.71403], [-73.9975, 40.71407], [-73.99709, 40.71462], [-73.99681, 40.71504], [-73.99653, 40.71547], [-73.99606, 40.71623], [-73.99698, 40.71654], [-73.99776, 40.71681], [-73.99859, 40.7171], [-73.99931, 40.71755], [-73.99945, 40.71733], [-73.99993, 40.71654], [-74.00014, 40.7162], [-74.00058, 40.71557], [-74.00079, 40.71529], [-74.00053, 40.71517], [-74.00046, 40.71437], [-74.00075, 40.71451], [-74.00097, 40.71391], [-74.00157, 40.71368]]]}}, {"type": "Feature", "properties": {"tract_id": "36061013603", "name": "Census Tract 136.03", "pct_white_2020": 86.7, "pct_black_2020": 0.0, "pct_hispanic_2020": 5.4, "pct_asian_2020": 4.1, "population_2020": 3937}, "geometry": {"type": "Polygon", "coordinates": [[[-73.95219, 40.77302], [-73.95269, 40.77234], [-73.9518, 40.77197], [-73.95043, 40.77139], [-73.94994, 40.77207], [-73.94988, 40.77215], [-73.94985, 40.77219], [-73.9498, 40.77226], [-73.94973, 40.77236], [-73.94972, 40.77237], [-73.9497, 40.77239], [-73.94948, 40.77271], [-73.94901, 40.77334], [-73.94983, 40.77369], [-73.95078, 40.77409], [-73.95126, 40.77429], [-73.95172, 40.77366], [-73.95177, 40.77359], [-73.95178, 40.77358], [-73.95186, 40.77346], [-73.95219, 40.77302]]]}}, {"type": "Feature", "properties": {"tract_id": "36061013201", "name": "Census Tract 132.01", "pct_white_2020": 74.6, "pct_black_2020": 0.7, "pct_hispanic_2020": 4.6, "pct_asian_2020": 13.6, "population_2020": 2274}, "geometry": {"type": "Polygon", "coordinates": [[[-73.95476, 40.76951], [-73.95504, 40.76912], [-73.9543, 40.76881], [-73.95349, 40.76847], [-73.95279, 40.76817], [-73.9505, 40.7672], [-73.9504, 40.76716], [-73.95028, 40.76712], [-73.95009, 40.76704], [-73.94773, 40.76608], [-73.9454, 40.76865], [-73.94521, 40.76893], [-73.94514, 40.76911], [-73.9475, 40.77012], [-73.94797, 40.76951], [-73.94904, 40.76826], [-73.94925, 40.76835], [-73.94937, 40.7684], [-73.95186, 40.76944], [-73.95212, 40.76955], [-73.95373, 40.77023], [-73.95411, 40.77039], [-73.95457, 40.76975], [-73.95476, 40.76951]]]}}, {"type": "Feature", "properties": {"tract_id": "36061013202", "name": "Census Tract 132.02", "pct_white_2020": 86.7, "pct_black_2020": 0.6, "pct_hispanic_2020": 7.0, "pct_asian_2020": 3.1, "population_2020": 3261}, "geometry": {"type": "Polygon", "coordinates": [[[-73.9514, 40.77007], [-73.95186, 40.76944], [-73.94937, 40.7684], [-73.94925, 40.76835], [-73.94904, 40.76826], [-73.94797, 40.76951], [-73.9475, 40.77012], [-73.94762, 40.77017], [-73.94772, 40.77022], [-73.94779, 40.77025], [-73.94807, 40.77039], [-73.94823, 40.77046], [-73.94864, 40.77064], [-73.94871, 40.77066], [-73.94998, 40.7712], [-73.95012, 40.77126], [-73.95043, 40.77139], [-73.95093, 40.77071], [-73.9514, 40.77007]]]}}, {"type": "Feature", "properties": {"tract_id": "36061013601", "name": "Census Tract 136.01", "pct_white_2020": 86.2, "pct_black_2020": 0.0, "pct_hispanic_2020": 3.8, "pct_asian_2020": 4.4, "population_2020": 1722}, "geometry": {"type": "Polygon", "coordinates": [[[-73.94807, 40.77039], [-73.94779, 40.77025], [-73.94772, 40.77022], [-73.94762, 40.77017], [-73.9475, 40.77012], [-73.94514, 40.76911], [-73.94507, 40.76927], [-73.94484, 40.7696], [-73.94466, 40.76985], [-73.94215, 40.77204], [-73.94142, 40.77231], [-73.94073, 40.77246], [-73.94029, 40.77293], [-73.94024, 40.77294], [-73.94019, 40.77295], [-73.94434, 40.77311], [-73.94447, 40.77307], [-73.94453, 40.77309], [-73.94475, 40.77319], [-73.94573, 40.77362], [-73.94619, 40.77299], [-73.94666, 40.77235], [-73.94712, 40.77171], [-73.94736, 40.77139], [-73.94747, 40.77124], [-73.94758, 40.77108], [-73.94807, 40.77039]]]}}, {"type": "Feature", "properties": {"tract_id": "36061014000", "name": "Census Tract 140", "pct_white_2020": 88.2, "pct_black_2020": 0.8, "pct_hispanic_2020": 0.5, "pct_asian_2020": 7.9, "population_2020": 7487}, "geometry": {"type": "Polygon", "coordinates": [[[-73.96101, 40.77496], [-73.96147, 40.77432], [-73.95986, 40.77364], [-73.95826, 40.77297], [-73.95779, 40.7736], [-73.95729, 40.77428], [-73.9568, 40.77497], [-73.95678, 40.77499], [-73.95658, 40.77526], [-73.95633, 40.7756], [-73.95587, 40.77624], [-73.95541, 40.77687], [-73.95494, 40.7775], [-73.95655, 40.77818], [-73.95816, 40.77886], [-73.95863, 40.77823], [-73.95909, 40.77759], [-73.95955, 40.77696], [-73.95978, 40.77665], [-73.95979, 40.77664], [-73.96002, 40.77632], [-73.96051, 40.77564], [-73.96101, 40.77496]]]}}, {"type": "Feature", "properties": {"tract_id": "36061014300", "name": "Census Tract 143", "pct_white_2020": null, "pct_black_2020": null, "pct_hispanic_2020": null, "pct_asian_2020": null, "population_2020": 0, "dominant_group_2020": null, "diversity_index_2020": null}, "geometry": {"type": "Polygon", "coordinates": [[[-73.98169, 40.7684], [-73.98157, 40.76833], [-73.98146, 40.76825], [-73.98138, 40.76811], [-73.98138, 40.76798], [-73.98143, 40.76787], [-73.97908, 40.76688], [-73.97623, 40.76568], [-73.97364, 40.76457], [-73.97301, 40.76428], [-73.97255, 40.7649], [-73.9721, 40.76552], [-73.97165, 40.76614], [-73.97119, 40.76677], [-73.97073, 40.76739], [-73.97028, 40.76803], [-73.96983, 40.76865], [-73.96936, 40.76927], [-73.9689, 40.7699], [-73.96844, 40.77052], [-73.96799, 40.77115], [-73.96753, 40.77178], [-73.96704, 40.77246], [-73.96654, 40.77314], [-73.96607, 40.77377], [-73.96561, 40.77441], [-73.96515, 40.77504], [-73.96469, 40.77568], [-73.96423, 40.77631], [-73.96373, 40.77699], [-73.96323, 40.77768], [-73.96316, 40.77777], [-73.96313, 40.77781], [-73.96277, 40.77831], [-73.9623, 40.77895], [-73.96184, 40.77958], [-73.96136, 40.78024], [-73.96092, 40.78085], [-73.96042, 40.78153], [-73.95992, 40.78221], [-73.95947, 40.78283], [-73.959, 40.78347], [-73.95856, 40.7841], [-73.9581, 40.78472], [-73.95764, 40.78534], [-73.95717, 40.78598], [-73.95672, 40.7866], [-73.95626, 40.78722], [-73.95578, 40.78791], [-73.95553, 40.78825], [-73.95528, 40.78858], [-73.95482, 40.78921], [-73.95456, 40.78955], [-73.95389, 40.79047], [-73.95344, 40.79109], [-73.95298, 40.79172], [-73.95252, 40.79235], [-73.95207, 40.79297], [-73.9516, 40.79361], [-73.95111, 40.79429], [-73.95061, 40.79497], [-73.95016, 40.79559], [-73.94969, 40.79622], [-73.94941, 40.79663], [-73.94922, 40.79691], [-73.9496, 40.79705], [-73.95054, 40.79744], [-73.95058, 40.79746], [-73.95087, 40.79758], [-73.95091, 40.7976], [-73.95248, 40.79825], [-73.95529, 40.79944], [-73.95776, 40.80047], [-73.9578, 40.80048], [-73.9582, 40.80055], [-73.95835, 40.80034], [-73.95862, 40.79998], [-73.95908, 40.79935], [-73.95954, 40.79872], [-73.96004, 40.79804], [-73.96052, 40.79737], [-73.96098, 40.79674], [-73.96144, 40.79611], [-73.9619, 40.79548], [-73.96236, 40.79485], [-73.96283, 40.7942], [-73.96322, 40.79368], [-73.96371, 40.79301], [-73.9638, 40.79288], [-73.9639, 40.79275], [-73.96418, 40.79236], [-73.96469, 40.79166], [-73.96518, 40.79099], [-73.96563, 40.79037], [-73.96609, 40.78973], [-73.96655, 40.78911], [-73.96701, 40.78848], [-73.96745, 40.78786], [-73.96793, 40.78722], [-73.96838, 40.7866], [-73.96884, 40.78597], [-73.96933, 40.78529], [-73.96983, 40.78461], [-73.9703, 40.78397], [-73.97076, 40.78334], [-73.97122, 40.78271], [-73.97172, 40.78202], [-73.97357, 40.77948], [-73.97377, 40.77921], [-73.97407, 40.77881], [-73.97453, 40.77817], [-73.975, 40.77753], [-73.97546, 40.7769], [-73.97595, 40.77622], [-73.97646, 40.77553], [-73.97691, 40.77491], [-73.97737, 40.77428], [-73.97783, 40.77366], [-73.97828, 40.77303], [-73.97873, 40.77242], [-73.97919, 40.77178], [-73.97965, 40.77116], [-73.98011, 40.77053], [-73.98056, 40.76991], [-73.98102, 40.76927], [-73.98169, 40.7684]]]}}, {"type": "Feature", "properties": {"tract_id": "36061014401", "name": "Census Tract 144.01", "pct_white_2020": 77.3, "pct_black_2020": 0.0, "pct_hispanic_2020": 6.2, "pct_asian_2020": 11.2, "population_2020": 4514}, "geometry": {"type": "Polygon", "coordinates": [[[-73.94987, 40.7762], [-73.95034, 40.77556], [-73.94982, 40.77535], [-73.94808, 40.77461], [-73.94573, 40.77362], [-73.94527, 40.77425], [-73.94476, 40.77494], [-73.94528, 40.77515], [-73.94712, 40.77593], [-73.94799, 40.77629], [-73.94919, 40.7768], [-73.94937, 40.77688], [-73.94987, 40.7762]]]}}, {"type": "Feature", "properties": {"tract_id": "36061014500", "name": "Census Tract 145", "pct_white_2020": 59.1, "pct_black_2020": 2.7, "pct_hispanic_2020": 8.1, "pct_asian_2020": 29.0, "population_2020": 6620}, "geometry": {"type": "Polygon", "coordinates": [[[-73.98761, 40.77042], [-73.98806, 40.76979], [-73.98666, 40.7692], [-73.9863, 40.76905], [-73.986, 40.76892], [-73.98522, 40.76859], [-73.98404, 40.7681], [-73.98382, 40.768], [-73.98299, 40.76765], [-73.98238, 40.7674], [-73.98215, 40.76773], [-73.982, 40.76769], [-73.98184, 40.76767], [-73.98163, 40.76773], [-73.98161, 40.76774], [-73.98154, 40.76778], [-73.98148, 40.76782], [-73.98143, 40.76787], [-73.98138, 40.76798], [-73.98138, 40.76811], [-73.98146, 40.76825], [-73.98157, 40.76833], [-73.98169, 40.7684], [-73.98102, 40.76927], [-73.98056, 40.76991], [-73.9815, 40.7703], [-73.98215, 40.77057], [-73.98347, 40.77114], [-73.98532, 40.77192], [-73.98624, 40.7723], [-73.9867, 40.77167], [-73.98715, 40.77105], [-73.9875, 40.77058], [-73.98761, 40.77042]]]}}, {"type": "Feature", "properties": {"tract_id": "36061014601", "name": "Census Tract 146.01", "pct_white_2020": 72.5, "pct_black_2020": 2.4, "pct_hispanic_2020": 12.4, "pct_asian_2020": 12.7, "population_2020": 3705}, "geometry": {"type": "Polygon", "coordinates": [[[-73.95448, 40.77814], [-73.95494, 40.7775], [-73.95271, 40.77656], [-73.95223, 40.77636], [-73.95094, 40.77582], [-73.95086, 40.77578], [-73.95034, 40.77556], [-73.94987, 40.7762], [-73.94937, 40.77688], [-73.95064, 40.77741], [-73.95174, 40.77787], [-73.95226, 40.77809], [-73.9523, 40.77811], [-73.95398, 40.77882], [-73.95448, 40.77814]]]}}, {"type": "Feature", "properties": {"tract_id": "36061014801", "name": "Census Tract 148.01", "pct_white_2020": 77.6, "pct_black_2020": 0.0, "pct_hispanic_2020": 14.1, "pct_asian_2020": 3.4, "population_2020": 2942}, "geometry": {"type": "Polygon", "coordinates": [[[-73.9577, 40.7795], [-73.95816, 40.77886], [-73.95655, 40.77818], [-73.95494, 40.7775], [-73.95448, 40.77814], [-73.95398, 40.77882], [-73.95558, 40.7795], [-73.9572, 40.78018], [-73.9577, 40.7795]]]}}, {"type": "Feature", "properties": {"tract_id": "36061014802", "name": "Census Tract 148.02", "pct_white_2020": 64.5, "pct_black_2020": 1.1, "pct_hispanic_2020": 21.3, "pct_asian_2020": 11.4, "population_2020": 6353}, "geometry": {"type": "Polygon", "coordinates": [[[-73.95671, 40.78086], [-73.9572, 40.78018], [-73.95558, 40.7795], [-73.95398, 40.77882], [-73.95376, 40.77913], [-73.95367, 40.77925], [-73.95349, 40.7795], [-73.95303, 40.78013], [-73.95258, 40.78075], [-73.95212, 40.78139], [-73.95166, 40.78201], [-73.95326, 40.78268], [-73.95488, 40.78336], [-73.95534, 40.78274], [-73.95579, 40.78211], [-73.95625, 40.78148], [-73.95671, 40.78086]]]}}, {"type": "Feature", "properties": {"tract_id": "36061014900", "name": "Census Tract 149", "pct_white_2020": 67.8, "pct_black_2020": 1.7, "pct_hispanic_2020": 11.8, "pct_asian_2020": 14.9, "population_2020": 5781}, "geometry": {"type": "Polygon", "coordinates": [[[-73.98579, 40.7729], [-73.98624, 40.7723], [-73.98532, 40.77192], [-73.98347, 40.77114], [-73.98215, 40.77057], [-73.9815, 40.7703], [-73.98056, 40.76991], [-73.98011, 40.77053], [-73.97965, 40.77116], [-73.97919, 40.77178], [-73.97873, 40.77242], [-73.98157, 40.7736], [-73.98222, 40.77387], [-73.98359, 40.77446], [-73.98365, 40.77448], [-73.98413, 40.77469], [-73.98441, 40.77481], [-73.98488, 40.77415], [-73.98533, 40.77353], [-73.98579, 40.7729]]]}}, {"type": "Feature", "properties": {"tract_id": "36061015700", "name": "Census Tract 157", "pct_white_2020": 77.9, "pct_black_2020": 2.5, "pct_hispanic_2020": 9.3, "pct_asian_2020": 9.7, "population_2020": 10352}, "geometry": {"type": "Polygon", "coordinates": [[[-73.98212, 40.77792], [-73.98258, 40.7773], [-73.9821, 40.7771], [-73.97975, 40.77611], [-73.97691, 40.77491], [-73.97646, 40.77553], [-73.97595, 40.77622], [-73.97546, 40.7769], [-73.975, 40.77753], [-73.97555, 40.77776], [-73.97593, 40.77793], [-73.97783, 40.77873], [-73.97887, 40.77917], [-73.97993, 40.77961], [-73.98067, 40.77993], [-73.98113, 40.77929], [-73.98162, 40.77861], [-73.98199, 40.77812], [-73.98212, 40.77792]]]}}, {"type": "Feature", "properties": {"tract_id": "36061015801", "name": "Census Tract 158.01", "pct_white_2020": 79.5, "pct_black_2020": 0.8, "pct_hispanic_2020": 6.2, "pct_asian_2020": 7.5, "population_2020": 4899}, "geometry": {"type": "Polygon", "coordinates": [[[-73.95442, 40.78399], [-73.95488, 40.78336], [-73.95326, 40.78268], [-73.95166, 40.78201], [-73.9512, 40.78263], [-73.95074, 40.78326], [-73.95028, 40.78389], [-73.94982, 40.78452], [-73.94933, 40.78519], [-73.95017, 40.78555], [-73.95093, 40.78587], [-73.95129, 40.78602], [-73.95131, 40.78603], [-73.95255, 40.78655], [-73.95304, 40.78587], [-73.9535, 40.78525], [-73.95396, 40.78462], [-73.95442, 40.78399]]]}}, {"type": "Feature", "properties": {"tract_id": "36061015900", "name": "Census Tract 159", "pct_white_2020": 76.3, "pct_black_2020": 3.2, "pct_hispanic_2020": 8.8, "pct_asian_2020": 7.6, "population_2020": 9005}, "geometry": {"type": "Polygon", "coordinates": [[[-73.99577, 40.78256], [-73.99564, 40.78251], [-73.99164, 40.78092], [-73.98919, 40.77994], [-73.98852, 40.77978], [-73.98841, 40.77974], [-73.98799, 40.77954], [-73.98732, 40.77926], [-73.98709, 40.77916], [-73.98545, 40.77848], [-73.98405, 40.7779], [-73.98311, 40.77752], [-73.98258, 40.7773], [-73.98212, 40.77792], [-73.98199, 40.77812], [-73.98162, 40.77861], [-73.98113, 40.77929], [-73.98067, 40.77993], [-73.98152, 40.78028], [-73.98235, 40.78063], [-73.98352, 40.78113], [-73.98507, 40.78178], [-73.98537, 40.78108], [-73.98568, 40.78031], [-73.98654, 40.78066], [-73.98707, 40.78091], [-73.98731, 40.78104], [-73.98736, 40.78106], [-73.98741, 40.78109], [-73.98814, 40.78141], [-73.99017, 40.78225], [-73.99048, 40.78238], [-73.99477, 40.78379], [-73.99484, 40.78382], [-73.99577, 40.78256]]]}}, {"type": "Feature", "properties": {"tract_id": "36061016001", "name": "Census Tract 160.01", "pct_white_2020": 78.4, "pct_black_2020": 0.2, "pct_hispanic_2020": 11.4, "pct_asian_2020": 5.8, "population_2020": 2884}, "geometry": {"type": "Polygon", "coordinates": [[[-73.95764, 40.78534], [-73.9581, 40.78472], [-73.95649, 40.78404], [-73.95488, 40.78336], [-73.95442, 40.78399], [-73.95396, 40.78462], [-73.9535, 40.78525], [-73.95304, 40.78587], [-73.95255, 40.78655], [-73.95416, 40.78723], [-73.95578, 40.78791], [-73.95626, 40.78722], [-73.95672, 40.7866], [-73.95717, 40.78598], [-73.95764, 40.78534]]]}}, {"type": "Feature", "properties": {"tract_id": "36061016100", "name": "Census Tract 161", "pct_white_2020": 76.1, "pct_black_2020": 3.6, "pct_hispanic_2020": 11.2, "pct_asian_2020": 4.9, "population_2020": 6278}, "geometry": {"type": "Polygon", "coordinates": [[[-73.98021, 40.78056], [-73.98067, 40.77993], [-73.97993, 40.77961], [-73.97887, 40.77917], [-73.97783, 40.77873], [-73.97593, 40.77793], [-73.97555, 40.77776], [-73.975, 40.77753], [-73.97453, 40.77817], [-73.97407, 40.77881], [-73.97377, 40.77921], [-73.97357, 40.77948], [-73.97643, 40.78065], [-73.97598, 40.78127], [-73.9765, 40.78149], [-73.97846, 40.78231], [-73.97882, 40.78246], [-73.97929, 40.78184], [-73.97959, 40.78142], [-73.97975, 40.7812], [-73.98021, 40.78056]]]}}, {"type": "Feature", "properties": {"tract_id": "36061016800", "name": "Census Tract 168", "pct_white_2020": 14.8, "pct_black_2020": 35.4, "pct_hispanic_2020": 43.4, "pct_asian_2020": 4.1, "population_2020": 4585}, "geometry": {"type": "Polygon", "coordinates": [[[-73.95456, 40.78955], [-73.95482, 40.78921], [-73.95414, 40.78892], [-73.95321, 40.78853], [-73.9528, 40.78836], [-73.95278, 40.78835], [-73.95161, 40.78786], [-73.95118, 40.7885], [-73.95071, 40.78911], [-73.95024, 40.78974], [-73.94977, 40.79037], [-73.9493, 40.791], [-73.94885, 40.79162], [-73.94839, 40.79226], [-73.9479, 40.79293], [-73.94951, 40.79361], [-73.95111, 40.79429], [-73.9516, 40.79361], [-73.95207, 40.79297], [-73.95252, 40.79235], [-73.95298, 40.79172], [-73.95344, 40.79109], [-73.95389, 40.79047], [-73.95456, 40.78955]]]}}, {"type": "Feature", "properties": {"tract_id": "36061017000", "name": "Census Tract 170", "pct_white_2020": 10.4, "pct_black_2020": 14.0, "pct_hispanic_2020": 50.7, "pct_asian_2020": 23.5, "population_2020": 8558}, "geometry": {"type": "Polygon", "coordinates": [[[-73.94517, 40.79089], [-73.94564, 40.79025], [-73.9434, 40.78931], [-73.94102, 40.78832], [-73.94056, 40.78895], [-73.94007, 40.78963], [-73.93956, 40.79032], [-73.93913, 40.79091], [-73.93865, 40.79156], [-73.94103, 40.79255], [-73.94327, 40.79349], [-73.94372, 40.79287], [-73.94418, 40.79225], [-73.94468, 40.79157], [-73.94517, 40.79089]]]}}, {"type": "Feature", "properties": {"tract_id": "36061016700", "name": "Census Tract 167", "pct_white_2020": 84.1, "pct_black_2020": 0.2, "pct_hispanic_2020": 5.1, "pct_asian_2020": 5.7, "population_2020": 7196}, "geometry": {"type": "Polygon", "coordinates": [[[-73.99001, 40.79044], [-73.99137, 40.78858], [-73.98505, 40.786], [-73.98485, 40.7859], [-73.98481, 40.78588], [-73.9842, 40.78562], [-73.98406, 40.78556], [-73.98394, 40.78551], [-73.98357, 40.78536], [-73.98264, 40.78498], [-73.9833, 40.78435], [-73.98166, 40.78366], [-73.98047, 40.78316], [-73.97882, 40.78246], [-73.97859, 40.78278], [-73.97833, 40.78315], [-73.97783, 40.78383], [-73.97736, 40.78446], [-73.9769, 40.7851], [-73.97853, 40.78579], [-73.97974, 40.7863], [-73.98123, 40.78692], [-73.98287, 40.78752], [-73.98292, 40.78755], [-73.98295, 40.78756], [-73.98306, 40.78761], [-73.98308, 40.78761], [-73.98375, 40.78789], [-73.98988, 40.79039], [-73.99001, 40.79044]]]}}, {"type": "Feature", "properties": {"tract_id": "36061017100", "name": "Census Tract 171", "pct_white_2020": 80.1, "pct_black_2020": 2.4, "pct_hispanic_2020": 11.1, "pct_asian_2020": 3.7, "population_2020": 9200}, "geometry": {"type": "Polygon", "coordinates": [[[-73.99001, 40.79044], [-73.98988, 40.79039], [-73.98375, 40.78789], [-73.98308, 40.78761], [-73.98306, 40.78761], [-73.98295, 40.78756], [-73.98292, 40.78755], [-73.98287, 40.78752], [-73.98123, 40.78692], [-73.97974, 40.7863], [-73.97853, 40.78579], [-73.9769, 40.7851], [-73.97644, 40.78573], [-73.97598, 40.78637], [-73.97551, 40.787], [-73.97528, 40.78732], [-73.97502, 40.78769], [-73.9765, 40.78831], [-73.97786, 40.78888], [-73.98036, 40.78994], [-73.9816, 40.79038], [-73.98177, 40.79046], [-73.98193, 40.79055], [-73.98815, 40.79299], [-73.99001, 40.79044]]]}}, {"type": "Feature", "properties": {"tract_id": "36061017300", "name": "Census Tract 173", "pct_white_2020": 64.1, "pct_black_2020": 3.7, "pct_hispanic_2020": 12.5, "pct_asian_2020": 14.4, "population_2020": 8652}, "geometry": {"type": "Polygon", "coordinates": [[[-73.97452, 40.78836], [-73.97502, 40.78769], [-73.97218, 40.78649], [-73.96986, 40.78552], [-73.9698, 40.78549], [-73.96972, 40.78546], [-73.96933, 40.78529], [-73.96884, 40.78597], [-73.96838, 40.7866], [-73.96793, 40.78722], [-73.96745, 40.78786], [-73.96808, 40.78813], [-73.9703, 40.78905], [-73.97197, 40.78975], [-73.97246, 40.78996], [-73.97315, 40.79024], [-73.97361, 40.78962], [-73.97406, 40.78899], [-73.97452, 40.78836]]]}}, {"type": "Feature", "properties": {"tract_id": "36061017402", "name": "Census Tract 174.02", "pct_white_2020": 22.6, "pct_black_2020": 27.8, "pct_hispanic_2020": 24.8, "pct_asian_2020": 13.8, "population_2020": 2529}, "geometry": {"type": "Polygon", "coordinates": [[[-73.9491, 40.79706], [-73.94922, 40.79691], [-73.94885, 40.7967], [-73.94765, 40.79616], [-73.94604, 40.79547], [-73.94557, 40.79612], [-73.9451, 40.79676], [-73.9467, 40.79745], [-73.94831, 40.79813], [-73.94879, 40.79748], [-73.9491, 40.79706]]]}}, {"type": "Feature", "properties": {"tract_id": "36061017500", "name": "Census Tract 175", "pct_white_2020": 66.2, "pct_black_2020": 4.8, "pct_hispanic_2020": 19.7, "pct_asian_2020": 4.6, "population_2020": 10125}, "geometry": {"type": "Polygon", "coordinates": [[[-73.98628, 40.79556], [-73.98815, 40.79299], [-73.98193, 40.79055], [-73.98177, 40.79046], [-73.9816, 40.79038], [-73.98036, 40.78994], [-73.97786, 40.78888], [-73.9765, 40.78831], [-73.97502, 40.78769], [-73.97452, 40.78836], [-73.97406, 40.78899], [-73.97361, 40.78962], [-73.97315, 40.79024], [-73.97457, 40.79084], [-73.97599, 40.79144], [-73.97769, 40.79216], [-73.97971, 40.79298], [-73.97988, 40.79305], [-73.98011, 40.79313], [-73.98626, 40.79559], [-73.98628, 40.79556]]]}}, {"type": "Feature", "properties": {"tract_id": "36061017700", "name": "Census Tract 177", "pct_white_2020": 56.0, "pct_black_2020": 4.8, "pct_hispanic_2020": 24.6, "pct_asian_2020": 5.3, "population_2020": 10451}, "geometry": {"type": "Polygon", "coordinates": [[[-73.97269, 40.79087], [-73.97315, 40.79024], [-73.97246, 40.78996], [-73.97197, 40.78975], [-73.9703, 40.78905], [-73.96808, 40.78813], [-73.96745, 40.78786], [-73.96701, 40.78848], [-73.96655, 40.78911], [-73.96609, 40.78973], [-73.96563, 40.79037], [-73.96847, 40.79156], [-73.96879, 40.7917], [-73.97132, 40.79275], [-73.97177, 40.79213], [-73.97223, 40.7915], [-73.97259, 40.791], [-73.97269, 40.79087]]]}}, {"type": "Feature", "properties": {"tract_id": "36061017800", "name": "Census Tract 178", "pct_white_2020": 19.1, "pct_black_2020": 21.9, "pct_hispanic_2020": 50.6, "pct_asian_2020": 6.5, "population_2020": 4555}, "geometry": {"type": "Polygon", "coordinates": [[[-73.93726, 40.79347], [-73.93774, 40.79282], [-73.93679, 40.7924], [-73.93555, 40.79184], [-73.93534, 40.79184], [-73.93522, 40.79178], [-73.93505, 40.79169], [-73.93486, 40.79159], [-73.93179, 40.79017], [-73.93135, 40.79079], [-73.93087, 40.79109], [-73.93016, 40.79131], [-73.92961, 40.7914], [-73.92935, 40.79125], [-73.92876, 40.79104], [-73.92651, 40.79087], [-73.92613, 40.79135], [-73.92612, 40.79158], [-73.92637, 40.79179], [-73.92666, 40.79193], [-73.92748, 40.79194], [-73.92772, 40.79199], [-73.92827, 40.7923], [-73.92837, 40.79285], [-73.92833, 40.79316], [-73.9281, 40.79345], [-73.92783, 40.79385], [-73.92765, 40.79411], [-73.92726, 40.79488], [-73.92926, 40.79587], [-73.92943, 40.79596], [-73.92945, 40.79598], [-73.92954, 40.79603], [-73.92957, 40.79604], [-73.92978, 40.79616], [-73.93174, 40.79699], [-73.93399, 40.79793], [-73.93446, 40.79731], [-73.93491, 40.79668], [-73.93534, 40.79609], [-73.93541, 40.796], [-73.93591, 40.79531], [-73.93636, 40.7947], [-73.93681, 40.79409], [-73.93726, 40.79347]]]}}, {"type": "Feature", "properties": {"tract_id": "36061018100", "name": "Census Tract 181", "pct_white_2020": 63.4, "pct_black_2020": 9.9, "pct_hispanic_2020": 10.2, "pct_asian_2020": 3.4, "population_2020": 8837}, "geometry": {"type": "Polygon", "coordinates": [[[-73.97086, 40.79338], [-73.97132, 40.79275], [-73.96879, 40.7917], [-73.96847, 40.79156], [-73.96563, 40.79037], [-73.96518, 40.79099], [-73.96469, 40.79166], [-73.96418, 40.79236], [-73.96526, 40.7928], [-73.96645, 40.79332], [-73.96655, 40.79336], [-73.96701, 40.79356], [-73.96759, 40.7938], [-73.96782, 40.79389], [-73.96803, 40.79398], [-73.96864, 40.79423], [-73.96922, 40.79447], [-73.96945, 40.79456], [-73.96987, 40.79474], [-73.97037, 40.79405], [-73.97086, 40.79338]]]}}, {"type": "Feature", "properties": {"tract_id": "36061018200", "name": "Census Tract 182", "pct_white_2020": 9.2, "pct_black_2020": 34.1, "pct_hispanic_2020": 48.9, "pct_asian_2020": 4.9, "population_2020": 6839}, "geometry": {"type": "Polygon", "coordinates": [[[-73.94479, 40.79719], [-73.9451, 40.79676], [-73.94348, 40.79607], [-73.94188, 40.79541], [-73.94141, 40.79604], [-73.94093, 40.7967], [-73.94052, 40.79726], [-73.94002, 40.79795], [-73.93995, 40.79804], [-73.93987, 40.79815], [-73.93952, 40.79863], [-73.93906, 40.79925], [-73.9386, 40.79988], [-73.94021, 40.80056], [-73.94182, 40.80124], [-73.94229, 40.80061], [-73.94274, 40.79998], [-73.94297, 40.79967], [-73.94308, 40.79953], [-73.94324, 40.79931], [-73.94374, 40.79862], [-73.94401, 40.79825], [-73.94457, 40.79748], [-73.94479, 40.79719]]]}}, {"type": "Feature", "properties": {"tract_id": "36061016200", "name": "Census Tract 162", "pct_white_2020": 8.2, "pct_black_2020": 31.7, "pct_hispanic_2020": 36.5, "pct_asian_2020": 13.5, "population_2020": 9015}, "geometry": {"type": "Polygon", "coordinates": [[[-73.94422, 40.78393], [-73.94472, 40.78325], [-73.94405, 40.78296], [-73.94395, 40.78292], [-73.94383, 40.78286], [-73.94376, 40.78283], [-73.9436, 40.78265], [-73.93761, 40.78175], [-73.93729, 40.78096], [-73.93441, 40.77809], [-73.93391, 40.77812], [-73.9329, 40.77794], [-73.93277, 40.77792], [-73.93272, 40.77803], [-73.93265, 40.77802], [-73.93185, 40.77789], [-73.93179, 40.77787], [-73.93105, 40.77744], [-73.93107, 40.77726], [-73.93088, 40.77697], [-73.93063, 40.77659], [-73.92988, 40.77622], [-73.92904, 40.77647], [-73.92861, 40.77659], [-73.9284, 40.77679], [-73.92828, 40.7769], [-73.92708, 40.77772], [-73.92632, 40.77824], [-73.92591, 40.77836], [-73.92574, 40.7784], [-73.92771, 40.78096], [-73.92778, 40.78098], [-73.92798, 40.78103], [-73.92821, 40.781], [-73.9286, 40.78103], [-73.9289, 40.78127], [-73.9293, 40.78141], [-73.92965, 40.78168], [-73.93062, 40.78225], [-73.93149, 40.78253], [-73.93543, 40.78325], [-73.93593, 40.78381], [-73.93566, 40.78468], [-73.93624, 40.78569], [-73.93551, 40.7859], [-73.93368, 40.78794], [-73.93348, 40.78816], [-73.93306, 40.78862], [-73.93271, 40.78929], [-73.93237, 40.78962], [-73.93179, 40.79017], [-73.93486, 40.79159], [-73.93505, 40.79169], [-73.93522, 40.79178], [-73.93534, 40.79184], [-73.93555, 40.79184], [-73.93679, 40.7924], [-73.93774, 40.79282], [-73.93819, 40.79219], [-73.93865, 40.79156], [-73.93913, 40.79091], [-73.93956, 40.79032], [-73.94007, 40.78963], [-73.94056, 40.78895], [-73.94102, 40.78832], [-73.94138, 40.78782], [-73.94148, 40.78769], [-73.94194, 40.78707], [-73.94239, 40.78644], [-73.94285, 40.78581], [-73.94332, 40.78517], [-73.94422, 40.78393]]]}}, {"type": "Feature", "properties": {"tract_id": "36061016600", "name": "Census Tract 166", "pct_white_2020": 21.4, "pct_black_2020": 10.4, "pct_hispanic_2020": 50.2, "pct_asian_2020": 14.6, "population_2020": 5916}, "geometry": {"type": "Polygon", "coordinates": [[[-73.95118, 40.7885], [-73.95161, 40.78786], [-73.94998, 40.78717], [-73.94885, 40.7867], [-73.94859, 40.78659], [-73.94838, 40.7865], [-73.94792, 40.78712], [-73.94746, 40.78775], [-73.947, 40.78838], [-73.94655, 40.789], [-73.94609, 40.78964], [-73.94564, 40.79025], [-73.94517, 40.79089], [-73.94677, 40.79157], [-73.94839, 40.79226], [-73.94885, 40.79162], [-73.9493, 40.791], [-73.94977, 40.79037], [-73.95024, 40.78974], [-73.95071, 40.78911], [-73.95118, 40.7885]]]}}, {"type": "Feature", "properties": {"tract_id": "36061030900", "name": "Census Tract 309", "pct_white_2020": 5.1, "pct_black_2020": 16.3, "pct_hispanic_2020": 72.5, "pct_asian_2020": 1.4, "population_2020": 11563}, "geometry": {"type": "Polygon", "coordinates": [[[-73.91517, 40.87569], [-73.9152, 40.87558], [-73.91053, 40.87407], [-73.91049, 40.87401], [-73.90868, 40.87176], [-73.9086, 40.87168], [-73.90853, 40.87179], [-73.90825, 40.87219], [-73.90798, 40.87257], [-73.90791, 40.87268], [-73.9071, 40.87298], [-73.90701, 40.87337], [-73.907, 40.87346], [-73.90705, 40.87472], [-73.90708, 40.87556], [-73.9071, 40.87628], [-73.9072, 40.87639], [-73.90723, 40.87643], [-73.90724, 40.87645], [-73.90731, 40.87652], [-73.90765, 40.87693], [-73.90782, 40.8772], [-73.908, 40.87748], [-73.9085, 40.87769], [-73.90855, 40.87771], [-73.90868, 40.87776], [-73.90919, 40.87817], [-73.90951, 40.87888], [-73.91004, 40.87899], [-73.91018, 40.87902], [-73.91031, 40.87905], [-73.9114, 40.87928], [-73.9122, 40.87818], [-73.9149, 40.87658], [-73.91512, 40.87584], [-73.91517, 40.87569]]]}}, {"type": "Feature", "properties": {"tract_id": "36061004400", "name": "Census Tract 44", "pct_white_2020": 73.9, "pct_black_2020": 2.9, "pct_hispanic_2020": 6.8, "pct_asian_2020": 12.1, "population_2020": 15945}, "geometry": {"type": "Polygon", "coordinates": [[[-73.98202, 40.73201], [-73.98256, 40.73136], [-73.98034, 40.73045], [-73.978, 40.72943], [-73.9757, 40.72848], [-73.9733, 40.72743], [-73.97205, 40.72688], [-73.97198, 40.72683], [-73.97186, 40.72676], [-73.9714, 40.72666], [-73.96929, 40.72581], [-73.96264, 40.72275], [-73.96201, 40.72337], [-73.96154, 40.72388], [-73.96154, 40.7244], [-73.96154, 40.72458], [-73.96154, 40.7247], [-73.96155, 40.72472], [-73.96161, 40.72484], [-73.96162, 40.72486], [-73.96161, 40.72495], [-73.96153, 40.72591], [-73.9615, 40.72699], [-73.96144, 40.7273], [-73.97365, 40.73231], [-73.9738, 40.73233], [-73.97408, 40.73247], [-73.97424, 40.73254], [-73.97436, 40.73257], [-73.97441, 40.73259], [-73.97449, 40.73262], [-73.97465, 40.73269], [-73.97483, 40.73276], [-73.97542, 40.733], [-73.97616, 40.73339], [-73.97698, 40.73373], [-73.97772, 40.73404], [-73.97898, 40.73456], [-73.97925, 40.73469], [-73.97986, 40.73498], [-73.98027, 40.73441], [-73.98071, 40.73381], [-73.98113, 40.73324], [-73.98156, 40.73264], [-73.98202, 40.73201]]]}}, {"type": "Feature", "properties": {"tract_id": "36061012101", "name": "Census Tract 121.01", "pct_white_2020": 57.9, "pct_black_2020": 5.4, "pct_hispanic_2020": 16.4, "pct_asian_2020": 11.6, "population_2020": 2837}, "geometry": {"type": "Polygon", "coordinates": [[[-73.99214, 40.7591], [-73.99263, 40.75843], [-73.99065, 40.75759], [-73.98979, 40.75723], [-73.9893, 40.75791], [-73.98884, 40.75853], [-73.98839, 40.75916], [-73.98793, 40.75979], [-73.98872, 40.76012], [-73.99076, 40.76099], [-73.99123, 40.76035], [-73.99168, 40.75973], [-73.99214, 40.7591]]]}}, {"type": "Feature", "properties": {"tract_id": "36061015403", "name": "Census Tract 154.03", "pct_white_2020": 60.9, "pct_black_2020": 6.8, "pct_hispanic_2020": 20.9, "pct_asian_2020": 7.4, "population_2020": 4881}, "geometry": {"type": "Polygon", "coordinates": [[[-73.9512, 40.78263], [-73.95166, 40.78201], [-73.95028, 40.78143], [-73.94942, 40.78106], [-73.94896, 40.78169], [-73.9485, 40.78232], [-73.94804, 40.78294], [-73.94853, 40.78315], [-73.95028, 40.78389], [-73.95074, 40.78326], [-73.9512, 40.78263]]]}}, {"type": "Feature", "properties": {"tract_id": "36061015402", "name": "Census Tract 154.02", "pct_white_2020": 59.0, "pct_black_2020": 19.8, "pct_hispanic_2020": 13.1, "pct_asian_2020": 3.3, "population_2020": 3899}, "geometry": {"type": "Polygon", "coordinates": [[[-73.94896, 40.78169], [-73.94942, 40.78106], [-73.94705, 40.78006], [-73.94659, 40.78069], [-73.94613, 40.78132], [-73.94567, 40.78195], [-73.94804, 40.78294], [-73.9485, 40.78232], [-73.94896, 40.78169]]]}}, {"type": "Feature", "properties": {"tract_id": "36061010803", "name": "Census Tract 108.03", "pct_white_2020": 77.4, "pct_black_2020": 1.3, "pct_hispanic_2020": 14.9, "pct_asian_2020": 5.1, "population_2020": 1876}, "geometry": {"type": "Polygon", "coordinates": [[[-73.96753, 40.76025], [-73.96802, 40.75958], [-73.96578, 40.75863], [-73.96529, 40.75931], [-73.9648, 40.75998], [-73.96431, 40.7606], [-73.96658, 40.76155], [-73.96704, 40.76093], [-73.96753, 40.76025]]]}}, {"type": "Feature", "properties": {"tract_id": "36061010802", "name": "Census Tract 108.02", "pct_white_2020": 80.4, "pct_black_2020": 0.0, "pct_hispanic_2020": 5.7, "pct_asian_2020": 12.4, "population_2020": 4352}, "geometry": {"type": "Polygon", "coordinates": [[[-73.96529, 40.75931], [-73.96578, 40.75863], [-73.96399, 40.75788], [-73.96341, 40.75764], [-73.96293, 40.75831], [-73.96243, 40.75898], [-73.96197, 40.75962], [-73.96356, 40.76028], [-73.96431, 40.7606], [-73.9648, 40.75998], [-73.96529, 40.75931]]]}}, {"type": "Feature", "properties": {"tract_id": "36061004001", "name": "Census Tract 40.01", "pct_white_2020": 68.4, "pct_black_2020": 1.5, "pct_hispanic_2020": 15.9, "pct_asian_2020": 6.5, "population_2020": 3035}, "geometry": {"type": "Polygon", "coordinates": [[[-73.98681, 40.72978], [-73.98724, 40.72919], [-73.98487, 40.72819], [-73.98445, 40.72878], [-73.98401, 40.72938], [-73.98354, 40.73002], [-73.98308, 40.73066], [-73.98256, 40.73136], [-73.98494, 40.73235], [-73.98544, 40.73166], [-73.98591, 40.73102], [-73.98637, 40.73038], [-73.98681, 40.72978]]]}}, {"type": "Feature", "properties": {"tract_id": "36061013604", "name": "Census Tract 136.04", "pct_white_2020": 85.4, "pct_black_2020": 1.5, "pct_hispanic_2020": 2.3, "pct_asian_2020": 6.9, "population_2020": 3435}, "geometry": {"type": "Polygon", "coordinates": [[[-73.9508, 40.77493], [-73.95126, 40.77429], [-73.95078, 40.77409], [-73.94983, 40.77369], [-73.94901, 40.77334], [-73.94864, 40.77319], [-73.94846, 40.77311], [-73.94843, 40.7731], [-73.94666, 40.77235], [-73.94619, 40.77299], [-73.94573, 40.77362], [-73.94808, 40.77461], [-73.94982, 40.77535], [-73.95034, 40.77556], [-73.9508, 40.77493]]]}}, {"type": "Feature", "properties": {"tract_id": "36061013203", "name": "Census Tract 132.03", "pct_white_2020": 68.7, "pct_black_2020": 0.0, "pct_hispanic_2020": 24.3, "pct_asian_2020": 5.0, "population_2020": 4277}, "geometry": {"type": "Polygon", "coordinates": [[[-73.95397, 40.77059], [-73.95411, 40.77039], [-73.95373, 40.77023], [-73.95212, 40.76955], [-73.95186, 40.76944], [-73.9514, 40.77007], [-73.95093, 40.77071], [-73.95043, 40.77139], [-73.9518, 40.77197], [-73.95269, 40.77234], [-73.95319, 40.77166], [-73.95365, 40.77102], [-73.95384, 40.77077], [-73.95386, 40.77073], [-73.95397, 40.77059]]]}}, {"type": "Feature", "properties": {"tract_id": "36061013602", "name": "Census Tract 136.02", "pct_white_2020": 79.3, "pct_black_2020": 2.3, "pct_hispanic_2020": 3.6, "pct_asian_2020": 12.3, "population_2020": 6142}, "geometry": {"type": "Polygon", "coordinates": [[[-73.95043, 40.77139], [-73.95012, 40.77126], [-73.94998, 40.7712], [-73.94871, 40.77066], [-73.94864, 40.77064], [-73.94823, 40.77046], [-73.94807, 40.77039], [-73.94758, 40.77108], [-73.94747, 40.77124], [-73.94736, 40.77139], [-73.94712, 40.77171], [-73.94666, 40.77235], [-73.94843, 40.7731], [-73.94846, 40.77311], [-73.94864, 40.77319], [-73.94901, 40.77334], [-73.94948, 40.77271], [-73.9497, 40.77239], [-73.94972, 40.77237], [-73.94973, 40.77236], [-73.9498, 40.77226], [-73.94985, 40.77219], [-73.94988, 40.77215], [-73.94994, 40.77207], [-73.95043, 40.77139]]]}}, {"type": "Feature", "properties": {"tract_id": "36005001903", "name": "Census Tract 19.03", "pct_white_2020": null, "pct_black_2020": null, "pct_hispanic_2020": null, "pct_asian_2020": null, "population_2020": 0, "dominant_group_2020": null, "diversity_index_2020": null}, "geometry": {"type": "Polygon", "coordinates": [[[-73.92823, 40.80385], [-73.92752, 40.80276], [-73.92725, 40.80256], [-73.92674, 40.8025], [-73.92656, 40.80248], [-73.92642, 40.80248], [-73.92508, 40.80252], [-73.92407, 40.80247], [-73.9238, 40.8025], [-73.92375, 40.80255], [-73.92363, 40.80255], [-73.92302, 40.80242], [-73.92234, 40.80196], [-73.92174, 40.80169], [-73.92162, 40.80145], [-73.9212, 40.80101], [-73.92105, 40.80064], [-73.92073, 40.8001], [-73.92036, 40.79967], [-73.91986, 40.79935], [-73.9191, 40.79901], [-73.91905, 40.79899], [-73.9189, 40.7989], [-73.91881, 40.79885], [-73.91867, 40.7988], [-73.91631, 40.79788], [-73.91625, 40.79784], [-73.91575, 40.79759], [-73.91446, 40.79704], [-73.9139, 40.79684], [-73.9138, 40.79683], [-73.91362, 40.79679], [-73.91141, 40.79669], [-73.90989, 40.798], [-73.90853, 40.79909], [-73.90618, 40.8015], [-73.90588, 40.80171], [-73.90511, 40.80252], [-73.90488, 40.80279], [-73.90458, 40.80311], [-73.90371, 40.80381], [-73.90335, 40.80385], [-73.90261, 40.80443], [-73.90247, 40.80438], [-73.90229, 40.80455], [-73.90239, 40.80462], [-73.90218, 40.80488], [-73.90229, 40.80593], [-73.90243, 40.80658], [-73.90295, 40.80915], [-73.90299, 40.80936], [-73.903, 40.80949], [-73.90303, 40.80963], [-73.90304, 40.8097], [-73.90306, 40.80978], [-73.90307, 40.80988], [-73.90496, 40.80853], [-73.90562, 40.8081], [-73.90609, 40.80774], [-73.90635, 40.8075], [-73.90665, 40.80731], [-73.90783, 40.80676], [-73.90844, 40.80648], [-73.90913, 40.80617], [-73.90905, 40.80607], [-73.90902, 40.80604], [-73.90896, 40.80598], [-73.90881, 40.80587], [-73.90779, 40.80528], [-73.90775, 40.80525], [-73.90666, 40.80461], [-73.90547, 40.80393], [-73.90605, 40.80337], [-73.90722, 40.80405], [-73.90834, 40.80466], [-73.90836, 40.80467], [-73.90894, 40.80409], [-73.90958, 40.80346], [-73.91016, 40.80288], [-73.91077, 40.80231], [-73.91134, 40.80172], [-73.91197, 40.80112], [-73.91263, 40.80053], [-73.91279, 40.80035], [-73.91324, 40.79994], [-73.91332, 40.79998], [-73.91419, 40.80034], [-73.91682, 40.80147], [-73.91695, 40.80152], [-73.91713, 40.8016], [-73.91733, 40.80169], [-73.92028, 40.80291], [-73.92208, 40.80368], [-73.92287, 40.80404], [-73.92421, 40.80459], [-73.92523, 40.805], [-73.9257, 40.8052], [-73.92576, 40.80522], [-73.92597, 40.80511], [-73.92661, 40.80465], [-73.92678, 40.80456], [-73.92708, 40.8044], [-73.92726, 40.8043], [-73.92823, 40.80385]]]}}, {"type": "Feature", "properties": {"tract_id": "36005051602", "name": "Census Tract 516.02", "pct_white_2020": null, "pct_black_2020": null, "pct_hispanic_2020": null, "pct_asian_2020": null, "population_2020": 0, "dominant_group_2020": null, "diversity_index_2020": null}, "geometry": {"type": "Polygon", "coordinates": [[[-73.78305, 40.86022], [-73.78471, 40.8551], [-73.7665, 40.83818], [-73.76217, 40.84191], [-73.76164, 40.84237], [-73.75797, 40.84554], [-73.7578, 40.84568], [-73.75379, 40.85641], [-73.771, 40.86011], [-73.77323, 40.86075], [-73.7833, 40.86078], [-73.78305, 40.86022]]]}}, {"type": "Feature", "properties": {"tract_id": "36005043101", "name": "Census Tract 431.01", "pct_white_2020": 3.5, "pct_black_2020": 16.3, "pct_hispanic_2020": 62.8, "pct_asian_2020": 15.2, "population_2020": 5578}, "geometry": {"type": "Polygon", "coordinates": [[[-73.88124, 40.88271], [-73.88046, 40.88222], [-73.87935, 40.88151], [-73.87849, 40.88108], [-73.87813, 40.88215], [-73.87773, 40.88345], [-73.87761, 40.88452], [-73.87783, 40.8868], [-73.87792, 40.88721], [-73.87936, 40.88522], [-73.87997, 40.88439], [-73.88124, 40.88271]]]}}, {"type": "Feature", "properties": {"tract_id": "36005002001", "name": "Census Tract 20.01", "pct_white_2020": 0.6, "pct_black_2020": 38.0, "pct_hispanic_2020": 51.8, "pct_asian_2020": 0.0, "population_2020": 4461}, "geometry": {"type": "Polygon", "coordinates": [[[-73.8705, 40.82036], [-73.87, 40.81824], [-73.86967, 40.81671], [-73.86962, 40.81648], [-73.86957, 40.81621], [-73.86954, 40.81614], [-73.86952, 40.81612], [-73.8695, 40.8161], [-73.86865, 40.81622], [-73.86894, 40.81514], [-73.86773, 40.81422], [-73.86676, 40.81431], [-73.86646, 40.81435], [-73.86636, 40.81435], [-73.86604, 40.8144], [-73.86522, 40.81453], [-73.86571, 40.81662], [-73.86579, 40.81699], [-73.86584, 40.8172], [-73.8662, 40.81875], [-73.86716, 40.81862], [-73.86766, 40.82075], [-73.86858, 40.82062], [-73.86888, 40.82059], [-73.8705, 40.82036]]]}}, {"type": "Feature", "properties": {"tract_id": "36005002002", "name": "Census Tract 20.02", "pct_white_2020": 0.4, "pct_black_2020": 26.6, "pct_hispanic_2020": 72.8, "pct_asian_2020": 0.0, "population_2020": 3915}, "geometry": {"type": "Polygon", "coordinates": [[[-73.86766, 40.82075], [-73.86716, 40.81862], [-73.8662, 40.81875], [-73.86584, 40.8172], [-73.86579, 40.81699], [-73.86571, 40.81662], [-73.86522, 40.81453], [-73.86425, 40.81466], [-73.86333, 40.81478], [-73.8624, 40.81491], [-73.86148, 40.81503], [-73.86198, 40.81714], [-73.86208, 40.81752], [-73.86246, 40.81925], [-73.86339, 40.81912], [-73.8637, 40.81908], [-73.86431, 40.819], [-73.86451, 40.81985], [-73.86575, 40.82101], [-73.8667, 40.82088], [-73.86766, 40.82075]]]}}, {"type": "Feature", "properties": {"tract_id": "36005018501", "name": "Census Tract 185.01", "pct_white_2020": 2.5, "pct_black_2020": 45.9, "pct_hispanic_2020": 48.2, "pct_asian_2020": 0.0, "population_2020": 2783}, "geometry": {"type": "Polygon", "coordinates": [[[-73.91169, 40.82776], [-73.91179, 40.82643], [-73.91131, 40.82485], [-73.91057, 40.82465], [-73.91011, 40.82453], [-73.90871, 40.82407], [-73.90846, 40.82462], [-73.90821, 40.82531], [-73.90793, 40.826], [-73.90784, 40.82622], [-73.9078, 40.82632], [-73.90774, 40.82649], [-73.90765, 40.82669], [-73.90723, 40.82778], [-73.90703, 40.82828], [-73.90657, 40.82945], [-73.90772, 40.82982], [-73.90896, 40.83023], [-73.90948, 40.82959], [-73.91031, 40.82877], [-73.91169, 40.82776]]]}}, {"type": "Feature", "properties": {"tract_id": "36005046208", "name": "Census Tract 462.08", "pct_white_2020": 1.9, "pct_black_2020": 74.5, "pct_hispanic_2020": 20.0, "pct_asian_2020": 0.2, "population_2020": 5483}, "geometry": {"type": "Polygon", "coordinates": [[[-73.84306, 40.87922], [-73.84324, 40.87911], [-73.84255, 40.87882], [-73.8424, 40.87875], [-73.84114, 40.87822], [-73.84099, 40.87815], [-73.8402, 40.87779], [-73.84018, 40.87778], [-73.83959, 40.87752], [-73.83944, 40.87745], [-73.83928, 40.87739], [-73.83873, 40.87719], [-73.83815, 40.87695], [-73.83841, 40.87687], [-73.83925, 40.87662], [-73.83835, 40.87492], [-73.83746, 40.87322], [-73.83829, 40.87295], [-73.8374, 40.87111], [-73.83656, 40.86935], [-73.83566, 40.86751], [-73.83482, 40.86778], [-73.83391, 40.86808], [-73.83316, 40.86832], [-73.83273, 40.86846], [-73.8336, 40.87021], [-73.83401, 40.87117], [-73.83434, 40.87203], [-73.83449, 40.87256], [-73.83475, 40.87374], [-73.83488, 40.87443], [-73.83488, 40.8755], [-73.83479, 40.87608], [-73.83467, 40.87661], [-73.8345, 40.87723], [-73.83442, 40.8774], [-73.834, 40.87839], [-73.83482, 40.87806], [-73.83574, 40.8797], [-73.83661, 40.87942], [-73.83754, 40.87912], [-73.83776, 40.87951], [-73.83874, 40.88127], [-73.83965, 40.88093], [-73.84046, 40.88062], [-73.84128, 40.88032], [-73.84201, 40.87987], [-73.84274, 40.87943], [-73.843, 40.87926], [-73.84306, 40.87922]]]}}, {"type": "Feature", "properties": {"tract_id": "36005046207", "name": "Census Tract 462.07", "pct_white_2020": 3.0, "pct_black_2020": 63.8, "pct_hispanic_2020": 27.3, "pct_asian_2020": 4.1, "population_2020": 6671}, "geometry": {"type": "Polygon", "coordinates": [[[-73.83479, 40.87608], [-73.83488, 40.8755], [-73.83444, 40.87488], [-73.83423, 40.87487], [-73.83407, 40.87487], [-73.83406, 40.87518], [-73.83397, 40.87518], [-73.83396, 40.87526], [-73.83389, 40.87603], [-73.83315, 40.87598], [-73.83298, 40.87592], [-73.8327, 40.87581], [-73.83236, 40.87568], [-73.83224, 40.87567], [-73.83208, 40.87567], [-73.83118, 40.87551], [-73.83068, 40.87542], [-73.83013, 40.87533], [-73.83024, 40.87546], [-73.83035, 40.87575], [-73.83006, 40.87567], [-73.82979, 40.87612], [-73.82889, 40.8758], [-73.82877, 40.876], [-73.82837, 40.87669], [-73.82834, 40.87672], [-73.82825, 40.87688], [-73.82817, 40.87707], [-73.82811, 40.87726], [-73.82808, 40.87743], [-73.82807, 40.87762], [-73.82807, 40.87783], [-73.8281, 40.87801], [-73.82814, 40.87817], [-73.8282, 40.87832], [-73.82826, 40.87847], [-73.82866, 40.87835], [-73.82911, 40.87826], [-73.82956, 40.87826], [-73.83001, 40.87833], [-73.8304, 40.87846], [-73.83083, 40.8787], [-73.83136, 40.87919], [-73.83195, 40.87982], [-73.83215, 40.87998], [-73.83229, 40.88009], [-73.83245, 40.88022], [-73.8334, 40.87916], [-73.834, 40.87839], [-73.83442, 40.8774], [-73.8345, 40.87723], [-73.83467, 40.87661], [-73.83479, 40.87608]]]}}, {"type": "Feature", "properties": {"tract_id": "36005008500", "name": "Census Tract 85", "pct_white_2020": 1.1, "pct_black_2020": 24.2, "pct_hispanic_2020": 68.0, "pct_asian_2020": 2.2, "population_2020": 5746}, "geometry": {"type": "Polygon", "coordinates": [[[-73.90211, 40.81851], [-73.90258, 40.81737], [-73.90154, 40.81716], [-73.90072, 40.81676], [-73.90092, 40.81672], [-73.90051, 40.81588], [-73.90012, 40.81508], [-73.89973, 40.81429], [-73.89934, 40.81349], [-73.89845, 40.81318], [-73.89685, 40.81446], [-73.89543, 40.81585], [-73.8958, 40.81607], [-73.89621, 40.81632], [-73.89704, 40.8168], [-73.89779, 40.81725], [-73.89852, 40.81769], [-73.89929, 40.81815], [-73.89982, 40.81847], [-73.90002, 40.8186], [-73.90167, 40.81953], [-73.90183, 40.81915], [-73.90193, 40.81892], [-73.90211, 40.81851]]]}}, {"type": "Feature", "properties": {"tract_id": "36005013000", "name": "Census Tract 130", "pct_white_2020": 22.4, "pct_black_2020": 2.9, "pct_hispanic_2020": 73.0, "pct_asian_2020": 1.7, "population_2020": 1262}, "geometry": {"type": "Polygon", "coordinates": [[[-73.81889, 40.82185], [-73.81808, 40.82048], [-73.81765, 40.81974], [-73.81723, 40.81905], [-73.81597, 40.81949], [-73.81545, 40.8177], [-73.81445, 40.81777], [-73.813, 40.81798], [-73.81191, 40.81814], [-73.81098, 40.81829], [-73.81006, 40.81854], [-73.81002, 40.81864], [-73.81085, 40.8189], [-73.81136, 40.81906], [-73.81256, 40.81943], [-73.81407, 40.81991], [-73.81535, 40.82031], [-73.81659, 40.82075], [-73.8169, 40.8209], [-73.81889, 40.82185]]]}}, {"type": "Feature", "properties": {"tract_id": "36005023100", "name": "Census Tract 231", "pct_white_2020": 5.4, "pct_black_2020": 51.5, "pct_hispanic_2020": 41.6, "pct_asian_2020": 1.4, "population_2020": 1675}, "geometry": {"type": "Polygon", "coordinates": [[[-73.90483, 40.84489], [-73.90485, 40.84473], [-73.90463, 40.84489], [-73.90263, 40.84467], [-73.9013, 40.84448], [-73.90126, 40.84457], [-73.90089, 40.84524], [-73.9002, 40.84647], [-73.89967, 40.84744], [-73.90096, 40.8477], [-73.90166, 40.84775], [-73.90195, 40.84806], [-73.9021, 40.84784], [-73.90229, 40.84774], [-73.90374, 40.84733], [-73.90462, 40.84739], [-73.90469, 40.84664], [-73.90475, 40.84588], [-73.90483, 40.84503], [-73.90483, 40.84489]]]}}, {"type": "Feature", "properties": {"tract_id": "36005024100", "name": "Census Tract 241", "pct_white_2020": 4.4, "pct_black_2020": 27.8, "pct_hispanic_2020": 60.8, "pct_asian_2020": 2.3, "population_2020": 6473}, "geometry": {"type": "Polygon", "coordinates": [[[-73.90842, 40.85264], [-73.90921, 40.8518], [-73.90841, 40.85132], [-73.90765, 40.85086], [-73.90699, 40.85037], [-73.90658, 40.85082], [-73.90605, 40.8514], [-73.90556, 40.85194], [-73.90502, 40.85253], [-73.90475, 40.85283], [-73.90377, 40.85391], [-73.90299, 40.85477], [-73.90395, 40.85497], [-73.90473, 40.85537], [-73.90557, 40.85579], [-73.90733, 40.85382], [-73.90842, 40.85264]]]}}, {"type": "Feature", "properties": {"tract_id": "36005013200", "name": "Census Tract 132", "pct_white_2020": 23.5, "pct_black_2020": 17.8, "pct_hispanic_2020": 49.9, "pct_asian_2020": 7.7, "population_2020": 7249}, "geometry": {"type": "Polygon", "coordinates": [[[-73.82751, 40.81517], [-73.8283, 40.81481], [-73.82726, 40.81293], [-73.82666, 40.81196], [-73.82659, 40.81161], [-73.82634, 40.8112], [-73.82344, 40.80481], [-73.81742, 40.80579], [-73.8113, 40.8054], [-73.81313, 40.81329], [-73.81435, 40.81342], [-73.81489, 40.81458], [-73.81362, 40.81476], [-73.81384, 40.81555], [-73.81408, 40.8164], [-73.81562, 40.81608], [-73.816, 40.81686], [-73.81637, 40.81759], [-73.81545, 40.8177], [-73.81597, 40.81949], [-73.81723, 40.81905], [-73.81765, 40.81974], [-73.81808, 40.82048], [-73.819, 40.82016], [-73.81986, 40.81987], [-73.82072, 40.81957], [-73.82159, 40.81928], [-73.82057, 40.81759], [-73.82143, 40.81729], [-73.82228, 40.817], [-73.82319, 40.81667], [-73.82408, 40.81635], [-73.82497, 40.81605], [-73.8258, 40.81576], [-73.82665, 40.81547], [-73.82751, 40.81517]]]}}, {"type": "Feature", "properties": {"tract_id": "36005000200", "name": "Census Tract 2", "pct_white_2020": 1.7, "pct_black_2020": 26.3, "pct_hispanic_2020": 63.8, "pct_asian_2020": 6.1, "population_2020": 4870}, "geometry": {"type": "Polygon", "coordinates": [[[-73.86648, 40.8059], [-73.86297, 40.79767], [-73.85463, 40.79972], [-73.85526, 40.80461], [-73.85543, 40.80451], [-73.85653, 40.80479], [-73.85648, 40.80541], [-73.85649, 40.80547], [-73.8565, 40.80568], [-73.85586, 40.80567], [-73.85577, 40.80609], [-73.85497, 40.80606], [-73.8546, 40.80609], [-73.8546, 40.80653], [-73.85481, 40.80726], [-73.85498, 40.80772], [-73.85516, 40.80832], [-73.8553, 40.8089], [-73.85531, 40.80933], [-73.85546, 40.80995], [-73.85562, 40.81061], [-73.85613, 40.81142], [-73.85716, 40.81282], [-73.85772, 40.81336], [-73.85819, 40.81381], [-73.85838, 40.814], [-73.85955, 40.81511], [-73.85972, 40.81527], [-73.86055, 40.81515], [-73.86148, 40.81503], [-73.8624, 40.81491], [-73.86333, 40.81478], [-73.86425, 40.81466], [-73.86522, 40.81453], [-73.86513, 40.81414], [-73.86463, 40.81421], [-73.86443, 40.81327], [-73.86338, 40.81265], [-73.86279, 40.81232], [-73.86164, 40.8117], [-73.86115, 40.81142], [-73.86222, 40.81003], [-73.86231, 40.80992], [-73.86648, 40.8059]]]}}, {"type": "Feature", "properties": {"tract_id": "36005036400", "name": "Census Tract 364", "pct_white_2020": 0.3, "pct_black_2020": 91.1, "pct_hispanic_2020": 5.5, "pct_asian_2020": 0.0, "population_2020": 2489}, "geometry": {"type": "Polygon", "coordinates": [[[-73.85364, 40.8733], [-73.85358, 40.87328], [-73.85266, 40.87299], [-73.85166, 40.87269], [-73.85079, 40.8724], [-73.84988, 40.8721], [-73.8486, 40.87167], [-73.84793, 40.87134], [-73.84725, 40.87099], [-73.84699, 40.87085], [-73.84641, 40.87055], [-73.84609, 40.87039], [-73.84601, 40.8705], [-73.846, 40.87056], [-73.8461, 40.87076], [-73.84689, 40.87222], [-73.84602, 40.87249], [-73.84692, 40.87415], [-73.84817, 40.87645], [-73.84903, 40.87617], [-73.84988, 40.87587], [-73.85069, 40.87549], [-73.8512, 40.87515], [-73.85143, 40.87499], [-73.85206, 40.8745], [-73.85216, 40.87443], [-73.85278, 40.87395], [-73.85364, 40.8733]]]}}, {"type": "Feature", "properties": {"tract_id": "36005007200", "name": "Census Tract 72", "pct_white_2020": 5.6, "pct_black_2020": 10.8, "pct_hispanic_2020": 37.5, "pct_asian_2020": 42.0, "population_2020": 6176}, "geometry": {"type": "Polygon", "coordinates": [[[-73.86366, 40.83265], [-73.86314, 40.83031], [-73.86264, 40.82817], [-73.86172, 40.8283], [-73.86067, 40.82842], [-73.85962, 40.82855], [-73.85994, 40.82925], [-73.86026, 40.82995], [-73.85699, 40.83038], [-73.85716, 40.8311], [-73.85732, 40.83182], [-73.85738, 40.83205], [-73.85738, 40.83214], [-73.85628, 40.83184], [-73.85598, 40.83183], [-73.85743, 40.83227], [-73.8576, 40.83231], [-73.85885, 40.83267], [-73.86033, 40.83313], [-73.86033, 40.83322], [-73.86034, 40.83329], [-73.86044, 40.83346], [-73.86058, 40.83356], [-73.86085, 40.83361], [-73.8611, 40.83363], [-73.8613, 40.83354], [-73.86144, 40.83345], [-73.86163, 40.83333], [-73.86272, 40.83302], [-73.86366, 40.83265]]]}}, {"type": "Feature", "properties": {"tract_id": "36005012101", "name": "Census Tract 121.01", "pct_white_2020": 1.0, "pct_black_2020": 29.2, "pct_hispanic_2020": 67.3, "pct_asian_2020": 0.6, "population_2020": 3415}, "geometry": {"type": "Polygon", "coordinates": [[[-73.89088, 40.82863], [-73.89091, 40.82679], [-73.88998, 40.82681], [-73.88885, 40.82677], [-73.8879, 40.82674], [-73.8864, 40.8275], [-73.88609, 40.8277], [-73.88605, 40.82808], [-73.88625, 40.82834], [-73.88761, 40.82934], [-73.88805, 40.8295], [-73.88902, 40.82984], [-73.88991, 40.83012], [-73.89087, 40.83014], [-73.89088, 40.82863]]]}}, {"type": "Feature", "properties": {"tract_id": "36005005400", "name": "Census Tract 54", "pct_white_2020": 0.5, "pct_black_2020": 21.8, "pct_hispanic_2020": 69.8, "pct_asian_2020": 2.3, "population_2020": 5715}, "geometry": {"type": "Polygon", "coordinates": [[[-73.88389, 40.82981], [-73.88358, 40.82951], [-73.88356, 40.82894], [-73.88383, 40.82827], [-73.88295, 40.8283], [-73.88198, 40.82836], [-73.88105, 40.82843], [-73.88011, 40.82851], [-73.87917, 40.82858], [-73.8787, 40.82862], [-73.87823, 40.82866], [-73.8773, 40.82874], [-73.8764, 40.82898], [-73.87551, 40.82923], [-73.87607, 40.83164], [-73.87699, 40.83152], [-73.87792, 40.83139], [-73.87885, 40.83127], [-73.87977, 40.83114], [-73.8807, 40.83105], [-73.88172, 40.83129], [-73.88235, 40.8315], [-73.88389, 40.82981]]]}}, {"type": "Feature", "properties": {"tract_id": "36005002701", "name": "Census Tract 27.01", "pct_white_2020": 0.5, "pct_black_2020": 27.5, "pct_hispanic_2020": 71.5, "pct_asian_2020": 0.5, "population_2020": 3335}, "geometry": {"type": "Polygon", "coordinates": [[[-73.91796, 40.80612], [-73.91882, 40.80491], [-73.91731, 40.8043], [-73.91587, 40.80371], [-73.91579, 40.80371], [-73.91563, 40.8037], [-73.9155, 40.8037], [-73.91532, 40.8037], [-73.91517, 40.80372], [-73.91505, 40.80373], [-73.9149, 40.80374], [-73.91478, 40.80376], [-73.91459, 40.8038], [-73.91443, 40.80384], [-73.91426, 40.8039], [-73.91417, 40.80394], [-73.91406, 40.80399], [-73.91348, 40.80426], [-73.915, 40.80487], [-73.91449, 40.80556], [-73.91748, 40.80682], [-73.91796, 40.80612]]]}}, {"type": "Feature", "properties": {"tract_id": "36005013500", "name": "Census Tract 135", "pct_white_2020": 2.2, "pct_black_2020": 44.6, "pct_hispanic_2020": 50.7, "pct_asian_2020": 1.6, "population_2020": 3125}, "geometry": {"type": "Polygon", "coordinates": [[[-73.90491, 40.82728], [-73.90508, 40.82711], [-73.90429, 40.82692], [-73.90492, 40.82529], [-73.90442, 40.82517], [-73.90311, 40.82485], [-73.90233, 40.82467], [-73.90134, 40.82443], [-73.90124, 40.8244], [-73.90118, 40.82439], [-73.90054, 40.82594], [-73.90165, 40.82622], [-73.90093, 40.82793], [-73.8998, 40.82769], [-73.8982, 40.82789], [-73.89795, 40.82852], [-73.89932, 40.82885], [-73.89975, 40.82897], [-73.89995, 40.82902], [-73.90043, 40.82915], [-73.90055, 40.82918], [-73.90153, 40.82945], [-73.90228, 40.82964], [-73.90239, 40.82946], [-73.90346, 40.82853], [-73.90385, 40.82819], [-73.90491, 40.82728]]]}}, {"type": "Feature", "properties": {"tract_id": "36005013800", "name": "Census Tract 138", "pct_white_2020": 39.6, "pct_black_2020": 4.9, "pct_hispanic_2020": 41.2, "pct_asian_2020": 12.8, "population_2020": 2969}, "geometry": {"type": "Polygon", "coordinates": [[[-73.81914, 40.82235], [-73.81903, 40.82214], [-73.81889, 40.82185], [-73.8169, 40.8209], [-73.81659, 40.82075], [-73.81535, 40.82031], [-73.81407, 40.81991], [-73.81256, 40.81943], [-73.81136, 40.81906], [-73.81085, 40.8189], [-73.81002, 40.81864], [-73.80958, 40.81849], [-73.80693, 40.81763], [-73.80651, 40.8175], [-73.80589, 40.81742], [-73.80605, 40.81734], [-73.80554, 40.81718], [-73.80512, 40.81702], [-73.80447, 40.81618], [-73.80394, 40.81638], [-73.80344, 40.81659], [-73.80315, 40.81675], [-73.80282, 40.81703], [-73.80255, 40.81717], [-73.80224, 40.81723], [-73.80205, 40.81721], [-73.80117, 40.81695], [-73.80031, 40.81668], [-73.79946, 40.81639], [-73.79873, 40.81618], [-73.79862, 40.81619], [-73.7985, 40.81623], [-73.79842, 40.81628], [-73.79758, 40.81582], [-73.79745, 40.81589], [-73.79736, 40.81595], [-73.79068, 40.81418], [-73.77956, 40.81125], [-73.77896, 40.81171], [-73.78019, 40.8264], [-73.77498, 40.83088], [-73.79887, 40.82755], [-73.8138, 40.82547], [-73.81438, 40.82484], [-73.81581, 40.82653], [-73.81613, 40.82689], [-73.81647, 40.82727], [-73.81734, 40.82832], [-73.81772, 40.82813], [-73.81791, 40.82804], [-73.81832, 40.82784], [-73.81705, 40.82596], [-73.81678, 40.82493], [-73.81676, 40.82353], [-73.81666, 40.82318], [-73.81615, 40.82181], [-73.81729, 40.82212], [-73.81845, 40.82254], [-73.81914, 40.82235]]]}}, {"type": "Feature", "properties": {"tract_id": "36005014300", "name": "Census Tract 143", "pct_white_2020": 0.0, "pct_black_2020": 32.0, "pct_hispanic_2020": 55.9, "pct_asian_2020": 6.5, "population_2020": 1715}, "geometry": {"type": "Polygon", "coordinates": [[[-73.91545, 40.82575], [-73.91523, 40.82561], [-73.91475, 40.8252], [-73.91351, 40.8248], [-73.91317, 40.82546], [-73.91131, 40.82485], [-73.91179, 40.82643], [-73.91169, 40.82776], [-73.91031, 40.82877], [-73.90948, 40.82959], [-73.90896, 40.83023], [-73.90924, 40.83032], [-73.90971, 40.83047], [-73.91049, 40.83074], [-73.91138, 40.83099], [-73.91226, 40.82942], [-73.91296, 40.82816], [-73.91363, 40.82692], [-73.91461, 40.82629], [-73.91545, 40.82575]]]}}, {"type": "Feature", "properties": {"tract_id": "36005006200", "name": "Census Tract 62", "pct_white_2020": 1.3, "pct_black_2020": 30.2, "pct_hispanic_2020": 68.5, "pct_asian_2020": 0.0, "population_2020": 6217}, "geometry": {"type": "Polygon", "coordinates": [[[-73.87925, 40.83442], [-73.87856, 40.83418], [-73.87772, 40.83387], [-73.87743, 40.83376], [-73.87659, 40.83388], [-73.87607, 40.83164], [-73.87551, 40.82923], [-73.87455, 40.82952], [-73.87373, 40.82975], [-73.87332, 40.82987], [-73.87319, 40.82991], [-73.87365, 40.8318], [-73.87367, 40.83188], [-73.87369, 40.83196], [-73.87384, 40.83255], [-73.87392, 40.83336], [-73.87395, 40.83424], [-73.87396, 40.83451], [-73.87391, 40.8352], [-73.8738, 40.83597], [-73.87394, 40.83598], [-73.87432, 40.83603], [-73.87508, 40.8361], [-73.87521, 40.83611], [-73.87589, 40.83616], [-73.87613, 40.83618], [-73.87662, 40.83621], [-73.87694, 40.83614], [-73.87753, 40.83589], [-73.87797, 40.83562], [-73.87841, 40.83529], [-73.87925, 40.83442]]]}}, {"type": "Feature", "properties": {"tract_id": "36005028700", "name": "Census Tract 287", "pct_white_2020": 18.1, "pct_black_2020": 4.0, "pct_hispanic_2020": 67.9, "pct_asian_2020": 5.9, "population_2020": 3330}, "geometry": {"type": "Polygon", "coordinates": [[[-73.90801, 40.8824], [-73.90726, 40.88197], [-73.90649, 40.88155], [-73.90545, 40.88097], [-73.90471, 40.88055], [-73.90394, 40.88013], [-73.90356, 40.88065], [-73.90343, 40.88082], [-73.90282, 40.88169], [-73.90159, 40.88348], [-73.90257, 40.88384], [-73.90331, 40.8843], [-73.90402, 40.88477], [-73.90472, 40.88524], [-73.90647, 40.88373], [-73.90801, 40.8824]]]}}, {"type": "Feature", "properties": {"tract_id": "36005014400", "name": "Census Tract 144", "pct_white_2020": 1.9, "pct_black_2020": 30.0, "pct_hispanic_2020": 64.0, "pct_asian_2020": 0.6, "population_2020": 6253}, "geometry": {"type": "Polygon", "coordinates": [[[-73.82946, 40.82238], [-73.82833, 40.82104], [-73.82719, 40.8216], [-73.82672, 40.82182], [-73.82537, 40.82021], [-73.82419, 40.81838], [-73.82371, 40.81765], [-73.82335, 40.81696], [-73.82319, 40.81667], [-73.82228, 40.817], [-73.82143, 40.81729], [-73.82057, 40.81759], [-73.82159, 40.81928], [-73.82072, 40.81957], [-73.81986, 40.81987], [-73.819, 40.82016], [-73.81808, 40.82048], [-73.81889, 40.82185], [-73.81903, 40.82214], [-73.81914, 40.82235], [-73.82218, 40.82388], [-73.82225, 40.82392], [-73.82464, 40.82477], [-73.82479, 40.82469], [-73.82518, 40.8245], [-73.82788, 40.82318], [-73.82946, 40.82238]]]}}, {"type": "Feature", "properties": {"tract_id": "36005014900", "name": "Census Tract 149", "pct_white_2020": 3.5, "pct_black_2020": 30.6, "pct_hispanic_2020": 59.1, "pct_asian_2020": 0.0, "population_2020": 4917}, "geometry": {"type": "Polygon", "coordinates": [[[-73.90421, 40.83107], [-73.90451, 40.83062], [-73.90381, 40.8304], [-73.90373, 40.83038], [-73.90368, 40.83037], [-73.90365, 40.83037], [-73.90361, 40.83037], [-73.90356, 40.83037], [-73.90351, 40.83038], [-73.90228, 40.82964], [-73.90079, 40.83078], [-73.90025, 40.83119], [-73.90074, 40.83127], [-73.89945, 40.83322], [-73.899, 40.83389], [-73.89845, 40.83472], [-73.89963, 40.83502], [-73.90121, 40.8355], [-73.90135, 40.83531], [-73.90186, 40.83462], [-73.90344, 40.83222], [-73.9036, 40.83197], [-73.90421, 40.83107]]]}}, {"type": "Feature", "properties": {"tract_id": "36005015100", "name": "Census Tract 151", "pct_white_2020": 0.3, "pct_black_2020": 54.7, "pct_hispanic_2020": 44.1, "pct_asian_2020": 0.0, "population_2020": 5143}, "geometry": {"type": "Polygon", "coordinates": [[[-73.90228, 40.82964], [-73.90153, 40.82945], [-73.90055, 40.82918], [-73.90043, 40.82915], [-73.89995, 40.82902], [-73.89975, 40.82897], [-73.89932, 40.82885], [-73.89795, 40.82852], [-73.8982, 40.82789], [-73.897, 40.82805], [-73.89568, 40.82822], [-73.8956, 40.82832], [-73.8964, 40.82876], [-73.8967, 40.83041], [-73.89717, 40.83037], [-73.8969, 40.83103], [-73.89669, 40.83197], [-73.89647, 40.83305], [-73.89642, 40.83327], [-73.89637, 40.83351], [-73.89697, 40.83434], [-73.89701, 40.83439], [-73.89809, 40.83463], [-73.89845, 40.83472], [-73.899, 40.83389], [-73.89945, 40.83322], [-73.90074, 40.83127], [-73.90025, 40.83119], [-73.90079, 40.83078], [-73.90228, 40.82964]]]}}, {"type": "Feature", "properties": {"tract_id": "36005015500", "name": "Census Tract 155", "pct_white_2020": 1.7, "pct_black_2020": 30.6, "pct_hispanic_2020": 65.7, "pct_asian_2020": 1.1, "population_2020": 2943}, "geometry": {"type": "Polygon", "coordinates": [[[-73.89216, 40.83364], [-73.89174, 40.83266], [-73.89163, 40.83273], [-73.89071, 40.83241], [-73.88973, 40.83406], [-73.88874, 40.83571], [-73.88784, 40.83729], [-73.88776, 40.83737], [-73.8877, 40.83743], [-73.88729, 40.83813], [-73.88783, 40.83834], [-73.88841, 40.83855], [-73.88874, 40.83797], [-73.8906, 40.8369], [-73.89084, 40.83678], [-73.89113, 40.83672], [-73.89148, 40.83669], [-73.89139, 40.83576], [-73.89082, 40.83581], [-73.89155, 40.83465], [-73.89216, 40.83364]]]}}, {"type": "Feature", "properties": {"tract_id": "36005016000", "name": "Census Tract 160", "pct_white_2020": 62.2, "pct_black_2020": 0.8, "pct_hispanic_2020": 33.1, "pct_asian_2020": 2.2, "population_2020": 3903}, "geometry": {"type": "Polygon", "coordinates": [[[-73.82334, 40.83442], [-73.82382, 40.83433], [-73.82262, 40.83291], [-73.82148, 40.83157], [-73.81988, 40.82969], [-73.81955, 40.82929], [-73.81832, 40.82784], [-73.81791, 40.82804], [-73.81772, 40.82813], [-73.81734, 40.82832], [-73.81647, 40.82727], [-73.81613, 40.82689], [-73.81581, 40.82653], [-73.81438, 40.82484], [-73.8138, 40.82547], [-73.79887, 40.82755], [-73.77498, 40.83088], [-73.77452, 40.83127], [-73.78958, 40.83429], [-73.79019, 40.83442], [-73.80879, 40.83814], [-73.8093, 40.83803], [-73.81641, 40.83593], [-73.8172, 40.83574], [-73.81805, 40.83554], [-73.8189, 40.83534], [-73.81978, 40.83513], [-73.82063, 40.83492], [-73.82151, 40.83473], [-73.82223, 40.83456], [-73.82248, 40.83449], [-73.82264, 40.83451], [-73.82308, 40.83445], [-73.82334, 40.83442]]]}}, {"type": "Feature", "properties": {"tract_id": "36005016100", "name": "Census Tract 161", "pct_white_2020": 4.0, "pct_black_2020": 29.7, "pct_hispanic_2020": 64.1, "pct_asian_2020": 0.0, "population_2020": 4490}, "geometry": {"type": "Polygon", "coordinates": [[[-73.88784, 40.83729], [-73.88874, 40.83571], [-73.88782, 40.83539], [-73.88696, 40.8351], [-73.88611, 40.83481], [-73.88525, 40.83451], [-73.88439, 40.83421], [-73.8835, 40.8339], [-73.88333, 40.83422], [-73.88298, 40.83468], [-73.88264, 40.83492], [-73.88222, 40.83546], [-73.8821, 40.83584], [-73.88207, 40.83623], [-73.88207, 40.83659], [-73.88217, 40.83709], [-73.88201, 40.83746], [-73.88208, 40.83768], [-73.88214, 40.83783], [-73.88223, 40.83799], [-73.88229, 40.83808], [-73.88237, 40.83816], [-73.88246, 40.83825], [-73.88285, 40.83849], [-73.88302, 40.83868], [-73.88274, 40.83864], [-73.88288, 40.83873], [-73.88299, 40.8388], [-73.88347, 40.83906], [-73.8842, 40.83935], [-73.8845, 40.83923], [-73.88465, 40.83917], [-73.88583, 40.8399], [-73.88619, 40.84011], [-73.8866, 40.83928], [-73.88729, 40.83813], [-73.8877, 40.83743], [-73.88776, 40.83737], [-73.88784, 40.83729]]]}}, {"type": "Feature", "properties": {"tract_id": "36005016200", "name": "Census Tract 162", "pct_white_2020": 32.6, "pct_black_2020": 8.8, "pct_hispanic_2020": 48.4, "pct_asian_2020": 6.6, "population_2020": 1826}, "geometry": {"type": "Polygon", "coordinates": [[[-73.82529, 40.82969], [-73.8247, 40.82905], [-73.82416, 40.82847], [-73.82358, 40.82787], [-73.82236, 40.8268], [-73.82168, 40.8262], [-73.82083, 40.8266], [-73.82004, 40.82699], [-73.81917, 40.82741], [-73.81832, 40.82784], [-73.81955, 40.82929], [-73.81988, 40.82969], [-73.82148, 40.83157], [-73.82235, 40.83115], [-73.82322, 40.83073], [-73.824, 40.83034], [-73.82529, 40.82969]]]}}, {"type": "Feature", "properties": {"tract_id": "36005016300", "name": "Census Tract 163", "pct_white_2020": null, "pct_black_2020": null, "pct_hispanic_2020": null, "pct_asian_2020": null, "population_2020": 0, "dominant_group_2020": null, "diversity_index_2020": null}, "geometry": {"type": "Polygon", "coordinates": [[[-73.90057, 40.83659], [-73.90121, 40.8355], [-73.89963, 40.83502], [-73.89845, 40.83472], [-73.89809, 40.83463], [-73.89701, 40.83439], [-73.89697, 40.83434], [-73.89514, 40.83543], [-73.89495, 40.83566], [-73.89463, 40.83599], [-73.89433, 40.83623], [-73.89395, 40.83643], [-73.89364, 40.83651], [-73.89338, 40.83654], [-73.89148, 40.83669], [-73.89113, 40.83672], [-73.89084, 40.83678], [-73.8906, 40.8369], [-73.88874, 40.83797], [-73.88841, 40.83855], [-73.88783, 40.83834], [-73.88729, 40.83813], [-73.8866, 40.83928], [-73.88754, 40.83964], [-73.88814, 40.83986], [-73.88869, 40.83916], [-73.89017, 40.83987], [-73.89217, 40.84105], [-73.89317, 40.84164], [-73.8941, 40.84219], [-73.89537, 40.8429], [-73.89571, 40.84305], [-73.8963, 40.84332], [-73.89664, 40.8435], [-73.89669, 40.84344], [-73.89749, 40.84207], [-73.89827, 40.84068], [-73.89903, 40.83933], [-73.89997, 40.83766], [-73.90041, 40.83687], [-73.90057, 40.83659]]]}}, {"type": "Feature", "properties": {"tract_id": "36005016500", "name": "Census Tract 165", "pct_white_2020": 0.4, "pct_black_2020": 59.3, "pct_hispanic_2020": 36.9, "pct_asian_2020": 0.0, "population_2020": 1134}, "geometry": {"type": "Polygon", "coordinates": [[[-73.90485, 40.84459], [-73.90494, 40.84337], [-73.90463, 40.84328], [-73.90423, 40.84318], [-73.90358, 40.843], [-73.90233, 40.84267], [-73.90217, 40.84262], [-73.90196, 40.84256], [-73.90215, 40.84223], [-73.90229, 40.84198], [-73.90112, 40.8416], [-73.90015, 40.84129], [-73.89917, 40.84097], [-73.89827, 40.84068], [-73.89749, 40.84207], [-73.89669, 40.84344], [-73.89664, 40.8435], [-73.8963, 40.84332], [-73.89571, 40.84305], [-73.89537, 40.8429], [-73.89489, 40.84364], [-73.89481, 40.84376], [-73.89547, 40.84384], [-73.89748, 40.84407], [-73.89852, 40.84417], [-73.89959, 40.8443], [-73.90092, 40.84443], [-73.9011, 40.84445], [-73.9013, 40.84448], [-73.90263, 40.84467], [-73.90463, 40.84489], [-73.90485, 40.84473], [-73.90485, 40.84459]]]}}, {"type": "Feature", "properties": {"tract_id": "36005036901", "name": "Census Tract 369.01", "pct_white_2020": 0.9, "pct_black_2020": 22.5, "pct_hispanic_2020": 74.3, "pct_asian_2020": 0.0, "population_2020": 2036}, "geometry": {"type": "Polygon", "coordinates": [[[-73.89467, 40.84391], [-73.89481, 40.84376], [-73.89412, 40.84354], [-73.89291, 40.84342], [-73.89162, 40.84321], [-73.89055, 40.84268], [-73.89043, 40.84274], [-73.89034, 40.84283], [-73.89004, 40.8432], [-73.88955, 40.84377], [-73.88902, 40.84437], [-73.8901, 40.8449], [-73.89112, 40.84541], [-73.89178, 40.84574], [-73.892, 40.84584], [-73.89224, 40.84597], [-73.8929, 40.84627], [-73.89322, 40.84581], [-73.8934, 40.8454], [-73.89357, 40.84514], [-73.89399, 40.8447], [-73.89467, 40.84391]]]}}, {"type": "Feature", "properties": {"tract_id": "36005038200", "name": "Census Tract 382", "pct_white_2020": 2.4, "pct_black_2020": 64.3, "pct_hispanic_2020": 29.6, "pct_asian_2020": 2.8, "population_2020": 2879}, "geometry": {"type": "Polygon", "coordinates": [[[-73.85928, 40.87773], [-73.85975, 40.87686], [-73.85924, 40.87686], [-73.85735, 40.87678], [-73.85688, 40.87677], [-73.85678, 40.87693], [-73.85445, 40.87618], [-73.85262, 40.8756], [-73.8512, 40.87515], [-73.85069, 40.87549], [-73.85093, 40.87583], [-73.85172, 40.87684], [-73.85255, 40.87709], [-73.85211, 40.8773], [-73.85092, 40.87789], [-73.85138, 40.87848], [-73.85186, 40.87906], [-73.8522, 40.87936], [-73.85248, 40.87946], [-73.85294, 40.87878], [-73.8532, 40.8784], [-73.85338, 40.8781], [-73.85374, 40.87746], [-73.85608, 40.87821], [-73.8586, 40.87895], [-73.85892, 40.87837], [-73.85928, 40.87773]]]}}, {"type": "Feature", "properties": {"tract_id": "36005039600", "name": "Census Tract 396", "pct_white_2020": 3.9, "pct_black_2020": 57.2, "pct_hispanic_2020": 33.1, "pct_asian_2020": 3.7, "population_2020": 4205}, "geometry": {"type": "Polygon", "coordinates": [[[-73.86242, 40.88428], [-73.8628, 40.88357], [-73.85994, 40.88266], [-73.85706, 40.88174], [-73.85667, 40.88245], [-73.85628, 40.88315], [-73.85588, 40.88386], [-73.85569, 40.88421], [-73.8555, 40.88457], [-73.8551, 40.88527], [-73.85799, 40.88619], [-73.86086, 40.8871], [-73.86125, 40.8864], [-73.86146, 40.88602], [-73.86164, 40.88569], [-73.86203, 40.88499], [-73.86242, 40.88428]]]}}, {"type": "Feature", "properties": {"tract_id": "36005045800", "name": "Census Tract 458", "pct_white_2020": 0.2, "pct_black_2020": 37.8, "pct_hispanic_2020": 58.7, "pct_asian_2020": 0.0, "population_2020": 5315}, "geometry": {"type": "Polygon", "coordinates": [[[-73.84882, 40.88492], [-73.84928, 40.88424], [-73.84866, 40.88399], [-73.84607, 40.8829], [-73.84531, 40.88348], [-73.84315, 40.88503], [-73.84118, 40.88641], [-73.84154, 40.88734], [-73.84194, 40.88842], [-73.84286, 40.88831], [-73.84377, 40.88817], [-73.84465, 40.88803], [-73.84526, 40.88794], [-73.84705, 40.88767], [-73.84744, 40.88698], [-73.8479, 40.8863], [-73.84836, 40.88561], [-73.84882, 40.88492]]]}}, {"type": "Feature", "properties": {"tract_id": "36005050400", "name": "Census Tract 504", "pct_white_2020": null, "pct_black_2020": null, "pct_hispanic_2020": null, "pct_asian_2020": null, "population_2020": 0, "dominant_group_2020": null, "diversity_index_2020": null}, "geometry": {"type": "Polygon", "coordinates": [[[-73.8233, 40.8731], [-73.82127, 40.86907], [-73.82101, 40.86896], [-73.82087, 40.86891], [-73.81634, 40.8661], [-73.81668, 40.86528], [-73.81675, 40.86454], [-73.81756, 40.86359], [-73.81546, 40.86254], [-73.81233, 40.86069], [-73.80883, 40.85228], [-73.80934, 40.84943], [-73.80926, 40.84297], [-73.8093, 40.83803], [-73.80879, 40.83814], [-73.80186, 40.84001], [-73.79357, 40.85633], [-73.79006, 40.8608], [-73.7833, 40.86078], [-73.77323, 40.86075], [-73.771, 40.86011], [-73.75379, 40.85641], [-73.75373, 40.85656], [-73.74806, 40.87172], [-73.74948, 40.8721], [-73.76099, 40.87518], [-73.7812, 40.88048], [-73.78227, 40.88073], [-73.78284, 40.88087], [-73.78341, 40.88101], [-73.78352, 40.88103], [-73.78355, 40.88104], [-73.7837, 40.88108], [-73.7858, 40.8816], [-73.79199, 40.88317], [-73.79302, 40.88336], [-73.7937, 40.8829], [-73.79416, 40.88299], [-73.79449, 40.88307], [-73.79925, 40.88463], [-73.8022, 40.88521], [-73.80339, 40.88545], [-73.8053, 40.886], [-73.80555, 40.88593], [-73.80576, 40.88589], [-73.80604, 40.88584], [-73.80632, 40.8858], [-73.80661, 40.88578], [-73.80692, 40.88577], [-73.80724, 40.88576], [-73.80758, 40.88577], [-73.80791, 40.8858], [-73.80817, 40.88583], [-73.80828, 40.88585], [-73.80847, 40.88588], [-73.80874, 40.88594], [-73.81007, 40.88617], [-73.8113, 40.88642], [-73.81245, 40.88665], [-73.81254, 40.88666], [-73.81288, 40.88669], [-73.81313, 40.88672], [-73.81526, 40.88666], [-73.81541, 40.88665], [-73.81559, 40.88663], [-73.81662, 40.88639], [-73.81936, 40.88573], [-73.81981, 40.88557], [-73.81993, 40.88212], [-73.8211, 40.87896], [-73.8233, 40.8731]]]}}, {"type": "Feature", "properties": {"tract_id": "36005004100", "name": "Census Tract 41", "pct_white_2020": 0.5, "pct_black_2020": 28.8, "pct_hispanic_2020": 69.9, "pct_asian_2020": 0.9, "population_2020": 6583}, "geometry": {"type": "Polygon", "coordinates": [[[-73.92383, 40.81282], [-73.92468, 40.81238], [-73.92373, 40.81198], [-73.92149, 40.81103], [-73.91805, 40.80958], [-73.91618, 40.80879], [-73.91563, 40.8097], [-73.91518, 40.81043], [-73.91485, 40.81099], [-73.91684, 40.81166], [-73.92012, 40.81289], [-73.92209, 40.81373], [-73.92288, 40.81332], [-73.92347, 40.81301], [-73.92383, 40.81282]]]}}, {"type": "Feature", "properties": {"tract_id": "36005031400", "name": "Census Tract 314", "pct_white_2020": 19.0, "pct_black_2020": 10.4, "pct_hispanic_2020": 59.2, "pct_asian_2020": 11.2, "population_2020": 2244}, "geometry": {"type": "Polygon", "coordinates": [[[-73.84736, 40.85979], [-73.8474, 40.85868], [-73.84646, 40.85864], [-73.84553, 40.85854], [-73.84459, 40.85845], [-73.8433, 40.85829], [-73.84306, 40.85877], [-73.84297, 40.85901], [-73.84296, 40.85918], [-73.843, 40.8595], [-73.8432, 40.8609], [-73.8445, 40.86092], [-73.84444, 40.86279], [-73.84437, 40.86523], [-73.84531, 40.86525], [-73.84625, 40.86527], [-73.84718, 40.86528], [-73.84726, 40.86284], [-73.84732, 40.86097], [-73.84736, 40.85979]]]}}, {"type": "Feature", "properties": {"tract_id": "36005032800", "name": "Census Tract 328", "pct_white_2020": 13.7, "pct_black_2020": 18.0, "pct_hispanic_2020": 56.1, "pct_asian_2020": 8.9, "population_2020": 4003}, "geometry": {"type": "Polygon", "coordinates": [[[-73.86463, 40.85961], [-73.86467, 40.85791], [-73.86288, 40.85795], [-73.86179, 40.85798], [-73.86177, 40.85899], [-73.86176, 40.85964], [-73.86171, 40.86124], [-73.86165, 40.86311], [-73.86156, 40.86555], [-73.8621, 40.86554], [-73.86237, 40.86553], [-73.86258, 40.86553], [-73.86352, 40.86551], [-73.86446, 40.86549], [-73.86451, 40.86395], [-73.86453, 40.86316], [-73.86459, 40.86129], [-73.86463, 40.85961]]]}}, {"type": "Feature", "properties": {"tract_id": "36005011900", "name": "Census Tract 119", "pct_white_2020": 2.0, "pct_black_2020": 34.0, "pct_hispanic_2020": 61.1, "pct_asian_2020": 0.0, "population_2020": 6159}, "geometry": {"type": "Polygon", "coordinates": [[[-73.89201, 40.82472], [-73.89193, 40.82461], [-73.89191, 40.82441], [-73.89179, 40.82308], [-73.89171, 40.82172], [-73.89162, 40.82099], [-73.89082, 40.82031], [-73.89045, 40.82064], [-73.89029, 40.82076], [-73.89014, 40.82088], [-73.89004, 40.82095], [-73.88965, 40.8212], [-73.8893, 40.82143], [-73.88909, 40.82158], [-73.889, 40.82162], [-73.88894, 40.82165], [-73.88879, 40.8217], [-73.88843, 40.82193], [-73.88797, 40.82226], [-73.88767, 40.82247], [-73.88754, 40.82256], [-73.88736, 40.82277], [-73.88719, 40.82302], [-73.88707, 40.82331], [-73.8869, 40.82372], [-73.88675, 40.82439], [-73.88661, 40.82533], [-73.88777, 40.82523], [-73.88871, 40.82518], [-73.88965, 40.82514], [-73.89059, 40.82508], [-73.89085, 40.82507], [-73.89106, 40.82504], [-73.89139, 40.82494], [-73.89178, 40.82472], [-73.89187, 40.82468], [-73.89201, 40.82472]]]}}, {"type": "Feature", "properties": {"tract_id": "36005024400", "name": "Census Tract 244", "pct_white_2020": 28.1, "pct_black_2020": 3.5, "pct_hispanic_2020": 58.4, "pct_asian_2020": 5.3, "population_2020": 2271}, "geometry": {"type": "Polygon", "coordinates": [[[-73.86119, 40.8486], [-73.86039, 40.84824], [-73.85944, 40.84666], [-73.85901, 40.84592], [-73.85865, 40.84529], [-73.85748, 40.84379], [-73.85732, 40.8437], [-73.85686, 40.84353], [-73.85574, 40.84314], [-73.85473, 40.84344], [-73.85401, 40.84364], [-73.85461, 40.84457], [-73.85606, 40.84642], [-73.85709, 40.84773], [-73.85862, 40.84969], [-73.85943, 40.84932], [-73.86023, 40.84896], [-73.86119, 40.8486]]]}}, {"type": "Feature", "properties": {"tract_id": "36005031200", "name": "Census Tract 312", "pct_white_2020": 18.3, "pct_black_2020": 21.0, "pct_hispanic_2020": 41.5, "pct_asian_2020": 16.5, "population_2020": 1775}, "geometry": {"type": "Polygon", "coordinates": [[[-73.84444, 40.86279], [-73.8445, 40.86092], [-73.8432, 40.8609], [-73.843, 40.8595], [-73.84296, 40.85918], [-73.84297, 40.85901], [-73.84306, 40.85877], [-73.8433, 40.85829], [-73.84191, 40.85809], [-73.84097, 40.85795], [-73.84093, 40.85933], [-73.84088, 40.86085], [-73.84082, 40.86272], [-73.84075, 40.86516], [-73.84169, 40.86518], [-73.84335, 40.86521], [-73.84437, 40.86523], [-73.84444, 40.86279]]]}}, {"type": "Feature", "properties": {"tract_id": "36005043600", "name": "Census Tract 436", "pct_white_2020": 5.6, "pct_black_2020": 61.2, "pct_hispanic_2020": 26.1, "pct_asian_2020": 2.6, "population_2020": 1891}, "geometry": {"type": "Polygon", "coordinates": [[[-73.85279, 40.89556], [-73.85314, 40.89492], [-73.85216, 40.89514], [-73.85128, 40.89533], [-73.8504, 40.89552], [-73.84951, 40.89572], [-73.84863, 40.89591], [-73.84774, 40.89611], [-73.84688, 40.8963], [-73.84786, 40.89886], [-73.84822, 40.89983], [-73.84909, 40.89964], [-73.85005, 40.89962], [-73.85065, 40.89885], [-73.85122, 40.89811], [-73.85134, 40.89799], [-73.85168, 40.89757], [-73.85197, 40.8971], [-73.85238, 40.89633], [-73.85257, 40.89597], [-73.85279, 40.89556]]]}}, {"type": "Feature", "properties": {"tract_id": "36005044200", "name": "Census Tract 442", "pct_white_2020": 0.4, "pct_black_2020": 69.0, "pct_hispanic_2020": 21.9, "pct_asian_2020": 0.4, "population_2020": 3947}, "geometry": {"type": "Polygon", "coordinates": [[[-73.85038, 40.90343], [-73.8501, 40.90329], [-73.84955, 40.90305], [-73.8481, 40.90238], [-73.84762, 40.90216], [-73.84747, 40.9021], [-73.84735, 40.90202], [-73.84723, 40.90193], [-73.84713, 40.90184], [-73.84705, 40.90173], [-73.84698, 40.90163], [-73.84694, 40.90152], [-73.8468, 40.90155], [-73.84663, 40.90159], [-73.84547, 40.90184], [-73.84457, 40.90204], [-73.84366, 40.90223], [-73.84273, 40.90244], [-73.84179, 40.90265], [-73.841, 40.90281], [-73.84102, 40.90298], [-73.84105, 40.90316], [-73.84106, 40.90321], [-73.84114, 40.90349], [-73.84128, 40.90389], [-73.84129, 40.90391], [-73.84132, 40.90399], [-73.84139, 40.90417], [-73.84237, 40.90417], [-73.8434, 40.90417], [-73.84442, 40.90417], [-73.84491, 40.90419], [-73.84495, 40.90471], [-73.8449, 40.90508], [-73.84495, 40.90556], [-73.84539, 40.90565], [-73.84585, 40.90576], [-73.84624, 40.90589], [-73.84681, 40.90605], [-73.84709, 40.90614], [-73.84743, 40.90624], [-73.84787, 40.90644], [-73.84865, 40.90678], [-73.84868, 40.90674], [-73.8489, 40.9065], [-73.84896, 40.90643], [-73.84901, 40.90636], [-73.84914, 40.90619], [-73.84923, 40.90607], [-73.8493, 40.90593], [-73.84939, 40.90574], [-73.84958, 40.90503], [-73.84986, 40.90409], [-73.85038, 40.90343]]]}}, {"type": "Feature", "properties": {"tract_id": "36005044800", "name": "Census Tract 448", "pct_white_2020": 1.9, "pct_black_2020": 82.4, "pct_hispanic_2020": 11.4, "pct_asian_2020": 0.0, "population_2020": 2361}, "geometry": {"type": "Polygon", "coordinates": [[[-73.84417, 40.8969], [-73.84396, 40.89619], [-73.84374, 40.89562], [-73.84279, 40.89309], [-73.84192, 40.89328], [-73.84103, 40.89348], [-73.84015, 40.89368], [-73.83928, 40.89387], [-73.83841, 40.89406], [-73.83899, 40.8956], [-73.83941, 40.89669], [-73.83962, 40.89714], [-73.83966, 40.89725], [-73.83968, 40.89732], [-73.8397, 40.89738], [-73.83972, 40.89751], [-73.83972, 40.89763], [-73.83972, 40.89769], [-73.83965, 40.89789], [-73.84072, 40.89765], [-73.84159, 40.89746], [-73.84248, 40.89727], [-73.84337, 40.89707], [-73.84417, 40.8969]]]}}, {"type": "Feature", "properties": {"tract_id": "36005045102", "name": "Census Tract 451.02", "pct_white_2020": 71.5, "pct_black_2020": 3.4, "pct_hispanic_2020": 19.7, "pct_asian_2020": 1.8, "population_2020": 2027}, "geometry": {"type": "Polygon", "coordinates": [[[-73.86804, 40.90264], [-73.86808, 40.90235], [-73.86795, 40.90167], [-73.86783, 40.90099], [-73.8677, 40.90031], [-73.86757, 40.89963], [-73.86745, 40.89895], [-73.86509, 40.89921], [-73.86348, 40.89937], [-73.86377, 40.89866], [-73.86222, 40.89882], [-73.86192, 40.89883], [-73.86133, 40.90019], [-73.86146, 40.89953], [-73.86147, 40.89915], [-73.86142, 40.89854], [-73.86129, 40.8981], [-73.86111, 40.89759], [-73.86099, 40.89776], [-73.86024, 40.89884], [-73.85926, 40.90034], [-73.85939, 40.90038], [-73.85963, 40.90046], [-73.86001, 40.90057], [-73.8601, 40.90058], [-73.86026, 40.90062], [-73.86032, 40.90064], [-73.86078, 40.90079], [-73.86096, 40.90085], [-73.86159, 40.90105], [-73.86204, 40.9012], [-73.8624, 40.90134], [-73.86256, 40.90143], [-73.86264, 40.90147], [-73.86286, 40.90153], [-73.86288, 40.90154], [-73.86467, 40.90179], [-73.86526, 40.90195], [-73.86527, 40.90196], [-73.86563, 40.90209], [-73.86695, 40.90247], [-73.86788, 40.90298], [-73.86804, 40.90264]]]}}, {"type": "Feature", "properties": {"tract_id": "36005041100", "name": "Census Tract 411", "pct_white_2020": 5.0, "pct_black_2020": 12.8, "pct_hispanic_2020": 74.6, "pct_asian_2020": 5.2, "population_2020": 3752}, "geometry": {"type": "Polygon", "coordinates": [[[-73.88937, 40.87338], [-73.88863, 40.87277], [-73.888, 40.87224], [-73.88785, 40.87212], [-73.88779, 40.8722], [-73.88738, 40.87272], [-73.88709, 40.87338], [-73.88679, 40.87402], [-73.88653, 40.87461], [-73.88649, 40.87469], [-73.88645, 40.87477], [-73.88618, 40.87538], [-73.8859, 40.87602], [-73.88533, 40.87734], [-73.88528, 40.87743], [-73.88478, 40.87842], [-73.88491, 40.8787], [-73.88526, 40.87923], [-73.88566, 40.87889], [-73.88774, 40.87703], [-73.88807, 40.87627], [-73.88824, 40.87589], [-73.88856, 40.8752], [-73.88937, 40.87338]]]}}, {"type": "Feature", "properties": {"tract_id": "36005040900", "name": "Census Tract 409", "pct_white_2020": 16.4, "pct_black_2020": 66.2, "pct_hispanic_2020": 13.2, "pct_asian_2020": 1.3, "population_2020": 3460}, "geometry": {"type": "Polygon", "coordinates": [[[-73.90048, 40.87495], [-73.90045, 40.8747], [-73.90032, 40.87443], [-73.90015, 40.87428], [-73.90001, 40.87421], [-73.89987, 40.87417], [-73.89967, 40.87414], [-73.89943, 40.87416], [-73.8992, 40.87416], [-73.899, 40.8741], [-73.89879, 40.87401], [-73.89858, 40.87388], [-73.89849, 40.87379], [-73.89843, 40.87374], [-73.8983, 40.87348], [-73.89818, 40.87315], [-73.8978, 40.87168], [-73.89771, 40.87134], [-73.89772, 40.87112], [-73.89779, 40.87086], [-73.89892, 40.86966], [-73.89656, 40.86857], [-73.89604, 40.86923], [-73.89545, 40.86993], [-73.895, 40.87036], [-73.89485, 40.87045], [-73.89391, 40.87097], [-73.89307, 40.8714], [-73.89291, 40.87149], [-73.89272, 40.87158], [-73.89255, 40.87164], [-73.89233, 40.87171], [-73.89214, 40.87175], [-73.89193, 40.87179], [-73.89171, 40.87181], [-73.89148, 40.87181], [-73.8913, 40.8718], [-73.89109, 40.87178], [-73.89099, 40.87176], [-73.89081, 40.87176], [-73.89068, 40.87178], [-73.89054, 40.87181], [-73.89043, 40.87184], [-73.8903, 40.87189], [-73.89018, 40.87196], [-73.89006, 40.87205], [-73.88998, 40.87212], [-73.8899, 40.87222], [-73.88984, 40.87232], [-73.8898, 40.8724], [-73.88937, 40.87338], [-73.88856, 40.8752], [-73.88824, 40.87589], [-73.88807, 40.87627], [-73.88774, 40.87703], [-73.88566, 40.87889], [-73.88577, 40.8796], [-73.88583, 40.87991], [-73.88594, 40.88048], [-73.88701, 40.88247], [-73.88697, 40.88281], [-73.88725, 40.88284], [-73.88757, 40.88291], [-73.88783, 40.88291], [-73.8881, 40.88286], [-73.88863, 40.88276], [-73.89043, 40.88251], [-73.89165, 40.88233], [-73.89196, 40.88233], [-73.89229, 40.88245], [-73.89257, 40.88258], [-73.89272, 40.88266], [-73.89284, 40.8827], [-73.89295, 40.8827], [-73.89313, 40.88272], [-73.89329, 40.88275], [-73.89343, 40.88278], [-73.89357, 40.88284], [-73.89374, 40.88292], [-73.89385, 40.88297], [-73.89397, 40.883], [-73.89409, 40.88302], [-73.89423, 40.88302], [-73.89435, 40.88301], [-73.89447, 40.88298], [-73.89459, 40.88293], [-73.89469, 40.88287], [-73.89481, 40.88286], [-73.89511, 40.88271], [-73.89573, 40.88241], [-73.89606, 40.8822], [-73.89613, 40.88216], [-73.89643, 40.88186], [-73.89657, 40.88125], [-73.89669, 40.88016], [-73.89672, 40.88005], [-73.89677, 40.87988], [-73.89685, 40.8797], [-73.89694, 40.87953], [-73.89707, 40.87934], [-73.89717, 40.87921], [-73.89731, 40.87906], [-73.89747, 40.87891], [-73.89765, 40.87876], [-73.89784, 40.87863], [-73.89806, 40.8785], [-73.89825, 40.87811], [-73.89958, 40.87661], [-73.90005, 40.87618], [-73.9001, 40.87589], [-73.9002, 40.87576], [-73.90034, 40.87549], [-73.90043, 40.87522], [-73.90048, 40.87495]]]}}, {"type": "Feature", "properties": {"tract_id": "36005037200", "name": "Census Tract 372", "pct_white_2020": 1.9, "pct_black_2020": 41.9, "pct_hispanic_2020": 45.1, "pct_asian_2020": 4.0, "population_2020": 2264}, "geometry": {"type": "Polygon", "coordinates": [[[-73.86617, 40.87333], [-73.8663, 40.87321], [-73.86614, 40.87288], [-73.86518, 40.87233], [-73.86521, 40.87141], [-73.86427, 40.87139], [-73.86333, 40.87137], [-73.86239, 40.87136], [-73.86138, 40.87134], [-73.86137, 40.87182], [-73.86134, 40.87253], [-73.86133, 40.87287], [-73.86132, 40.87312], [-73.86131, 40.87367], [-73.86113, 40.87448], [-73.86051, 40.87549], [-73.86116, 40.8757], [-73.86213, 40.87601], [-73.86338, 40.87641], [-73.86424, 40.87668], [-73.86462, 40.8768], [-73.86498, 40.87493], [-73.86512, 40.8741], [-73.86529, 40.87333], [-73.86535, 40.87339], [-73.86542, 40.87344], [-73.86551, 40.87348], [-73.86561, 40.87351], [-73.86573, 40.87352], [-73.86583, 40.87351], [-73.86594, 40.87348], [-73.86602, 40.87345], [-73.86611, 40.87339], [-73.86617, 40.87333]]]}}, {"type": "Feature", "properties": {"tract_id": "36005037000", "name": "Census Tract 370", "pct_white_2020": 1.0, "pct_black_2020": 70.4, "pct_hispanic_2020": 15.3, "pct_asian_2020": 8.4, "population_2020": 2479}, "geometry": {"type": "Polygon", "coordinates": [[[-73.86137, 40.87182], [-73.86138, 40.87134], [-73.86037, 40.87132], [-73.85943, 40.8713], [-73.85849, 40.87128], [-73.85755, 40.87127], [-73.85661, 40.87125], [-73.85655, 40.87303], [-73.85651, 40.87422], [-73.85744, 40.87451], [-73.85803, 40.8747], [-73.85891, 40.87498], [-73.86051, 40.87549], [-73.86113, 40.87448], [-73.86131, 40.87367], [-73.86132, 40.87312], [-73.86133, 40.87287], [-73.86134, 40.87253], [-73.86137, 40.87182]]]}}, {"type": "Feature", "properties": {"tract_id": "36005037300", "name": "Census Tract 373", "pct_white_2020": 0.4, "pct_black_2020": 35.0, "pct_hispanic_2020": 64.1, "pct_asian_2020": 0.0, "population_2020": 6404}, "geometry": {"type": "Polygon", "coordinates": [[[-73.89304, 40.84697], [-73.89337, 40.8464], [-73.8929, 40.84627], [-73.89224, 40.84597], [-73.892, 40.84584], [-73.89178, 40.84574], [-73.89112, 40.84541], [-73.89044, 40.84623], [-73.88996, 40.84679], [-73.88947, 40.84738], [-73.88884, 40.84813], [-73.88816, 40.84893], [-73.88644, 40.85031], [-73.88752, 40.85095], [-73.88803, 40.851], [-73.88878, 40.85134], [-73.88895, 40.85144], [-73.88952, 40.8518], [-73.88988, 40.85207], [-73.88997, 40.8521], [-73.8905, 40.85122], [-73.88933, 40.85083], [-73.8899, 40.84987], [-73.89094, 40.85048], [-73.89154, 40.84947], [-73.89242, 40.848], [-73.89304, 40.84697]]]}}, {"type": "Feature", "properties": {"tract_id": "36005037400", "name": "Census Tract 374", "pct_white_2020": 1.5, "pct_black_2020": 40.2, "pct_hispanic_2020": 54.3, "pct_asian_2020": 1.3, "population_2020": 3649}, "geometry": {"type": "Polygon", "coordinates": [[[-73.86821, 40.87324], [-73.86826, 40.87146], [-73.86716, 40.87144], [-73.86615, 40.87142], [-73.86521, 40.87141], [-73.86518, 40.87233], [-73.86614, 40.87288], [-73.8663, 40.87321], [-73.86617, 40.87333], [-73.86611, 40.87339], [-73.86602, 40.87345], [-73.86594, 40.87348], [-73.86583, 40.87351], [-73.86573, 40.87352], [-73.86561, 40.87351], [-73.86551, 40.87348], [-73.86542, 40.87344], [-73.86535, 40.87339], [-73.86529, 40.87333], [-73.86512, 40.8741], [-73.86498, 40.87493], [-73.86462, 40.8768], [-73.86472, 40.87684], [-73.86552, 40.87709], [-73.86627, 40.87733], [-73.86687, 40.87751], [-73.86706, 40.87756], [-73.86737, 40.87763], [-73.86765, 40.8777], [-73.86805, 40.8778], [-73.86807, 40.87737], [-73.86808, 40.87714], [-73.86813, 40.8753], [-73.86821, 40.87324]]]}}, {"type": "Feature", "properties": {"tract_id": "36005042902", "name": "Census Tract 429.02", "pct_white_2020": 5.8, "pct_black_2020": 29.2, "pct_hispanic_2020": 59.4, "pct_asian_2020": 5.2, "population_2020": 4043}, "geometry": {"type": "Polygon", "coordinates": [[[-73.8759, 40.8763], [-73.87649, 40.8755], [-73.87559, 40.87525], [-73.8747, 40.875], [-73.87369, 40.87635], [-73.87292, 40.87603], [-73.87212, 40.87696], [-73.8716, 40.87865], [-73.87254, 40.87875], [-73.87348, 40.87885], [-73.87439, 40.87906], [-73.87473, 40.8779], [-73.87527, 40.87714], [-73.8759, 40.8763]]]}}, {"type": "Feature", "properties": {"tract_id": "36005043000", "name": "Census Tract 430", "pct_white_2020": 1.3, "pct_black_2020": 65.8, "pct_hispanic_2020": 13.1, "pct_asian_2020": 4.5, "population_2020": 3532}, "geometry": {"type": "Polygon", "coordinates": [[[-73.85407, 40.89325], [-73.85449, 40.89248], [-73.8534, 40.89213], [-73.85183, 40.89163], [-73.85069, 40.8913], [-73.84984, 40.89154], [-73.84895, 40.89174], [-73.84807, 40.89193], [-73.84718, 40.89213], [-73.84806, 40.89444], [-73.84863, 40.89591], [-73.84951, 40.89572], [-73.8504, 40.89552], [-73.85128, 40.89533], [-73.85216, 40.89514], [-73.85314, 40.89492], [-73.85326, 40.8947], [-73.85367, 40.89396], [-73.85407, 40.89325]]]}}, {"type": "Feature", "properties": {"tract_id": "36005035100", "name": "Census Tract 351", "pct_white_2020": 42.3, "pct_black_2020": 6.6, "pct_hispanic_2020": 42.6, "pct_asian_2020": 1.3, "population_2020": 3836}, "geometry": {"type": "Polygon", "coordinates": [[[-73.90552, 40.89383], [-73.90549, 40.89374], [-73.90533, 40.89361], [-73.90484, 40.89362], [-73.90462, 40.89361], [-73.90441, 40.89355], [-73.90423, 40.89346], [-73.904, 40.89333], [-73.90381, 40.89323], [-73.90376, 40.89321], [-73.90362, 40.8932], [-73.90333, 40.89326], [-73.90279, 40.89344], [-73.90265, 40.89349], [-73.90216, 40.89368], [-73.90203, 40.89373], [-73.90176, 40.89376], [-73.90152, 40.89373], [-73.90121, 40.89357], [-73.90108, 40.89341], [-73.90172, 40.89202], [-73.90232, 40.89108], [-73.90279, 40.89029], [-73.90285, 40.89011], [-73.9029, 40.88992], [-73.90292, 40.88974], [-73.90292, 40.88954], [-73.90291, 40.88937], [-73.90287, 40.8892], [-73.90286, 40.88916], [-73.90274, 40.88913], [-73.90259, 40.88911], [-73.90244, 40.88911], [-73.9023, 40.88911], [-73.90219, 40.88913], [-73.90208, 40.88915], [-73.90196, 40.88916], [-73.90184, 40.88915], [-73.90172, 40.88913], [-73.90161, 40.88909], [-73.9015, 40.88904], [-73.90146, 40.88901], [-73.90138, 40.88897], [-73.90129, 40.88893], [-73.90119, 40.88891], [-73.9011, 40.8889], [-73.90101, 40.8889], [-73.90091, 40.88891], [-73.90081, 40.88894], [-73.90072, 40.88897], [-73.9007, 40.88899], [-73.90055, 40.88912], [-73.90033, 40.88929], [-73.90013, 40.88943], [-73.89989, 40.88957], [-73.8998, 40.88961], [-73.89845, 40.89049], [-73.89794, 40.89049], [-73.89781, 40.89068], [-73.89712, 40.89209], [-73.89669, 40.89301], [-73.89646, 40.89371], [-73.89659, 40.89516], [-73.89671, 40.8958], [-73.89699, 40.89788], [-73.89709, 40.89859], [-73.89718, 40.89935], [-73.89717, 40.89968], [-73.89715, 40.89979], [-73.89705, 40.90022], [-73.89703, 40.90029], [-73.89768, 40.9005], [-73.89831, 40.90069], [-73.89908, 40.90089], [-73.89982, 40.90104], [-73.90077, 40.9012], [-73.90196, 40.90129], [-73.90196, 40.90119], [-73.90197, 40.90073], [-73.90196, 40.90056], [-73.90119, 40.89948], [-73.90109, 40.89927], [-73.90103, 40.89905], [-73.90102, 40.89883], [-73.90107, 40.89862], [-73.90204, 40.897], [-73.90241, 40.89649], [-73.90326, 40.89585], [-73.90429, 40.89535], [-73.90433, 40.89532], [-73.90444, 40.89524], [-73.90476, 40.89497], [-73.90495, 40.89478], [-73.90513, 40.89456], [-73.90531, 40.89431], [-73.90541, 40.89412], [-73.90552, 40.89383]]]}}, {"type": "Feature", "properties": {"tract_id": "36005035600", "name": "Census Tract 356", "pct_white_2020": 1.0, "pct_black_2020": 80.8, "pct_hispanic_2020": 15.2, "pct_asian_2020": 0.4, "population_2020": 2195}, "geometry": {"type": "Polygon", "coordinates": [[[-73.84359, 40.86909], [-73.84316, 40.86886], [-73.84241, 40.86848], [-73.84193, 40.86823], [-73.84122, 40.86786], [-73.84064, 40.86755], [-73.83974, 40.86709], [-73.83922, 40.86682], [-73.83875, 40.86657], [-73.83784, 40.8661], [-73.83697, 40.86564], [-73.83643, 40.86536], [-73.83591, 40.86508], [-73.8316, 40.86263], [-73.82959, 40.86217], [-73.82981, 40.86258], [-73.83057, 40.86437], [-73.83203, 40.86706], [-73.83273, 40.86846], [-73.83316, 40.86832], [-73.83391, 40.86808], [-73.83482, 40.86778], [-73.83566, 40.86751], [-73.83656, 40.86935], [-73.8374, 40.87111], [-73.83824, 40.87084], [-73.83907, 40.87057], [-73.8399, 40.8703], [-73.84073, 40.87003], [-73.84157, 40.86976], [-73.84263, 40.86941], [-73.84359, 40.86909]]]}}, {"type": "Feature", "properties": {"tract_id": "36005042600", "name": "Census Tract 426", "pct_white_2020": 3.3, "pct_black_2020": 68.5, "pct_hispanic_2020": 21.7, "pct_asian_2020": 4.7, "population_2020": 6844}, "geometry": {"type": "Polygon", "coordinates": [[[-73.84984, 40.89154], [-73.85069, 40.8913], [-73.84874, 40.89065], [-73.84741, 40.89022], [-73.84633, 40.88988], [-73.84591, 40.88974], [-73.84626, 40.8891], [-73.84666, 40.88839], [-73.84705, 40.88767], [-73.84526, 40.88794], [-73.84465, 40.88803], [-73.84377, 40.88817], [-73.84286, 40.88831], [-73.84194, 40.88842], [-73.84196, 40.88845], [-73.84105, 40.88855], [-73.84018, 40.88869], [-73.83998, 40.88872], [-73.83977, 40.88874], [-73.83954, 40.88874], [-73.83933, 40.88872], [-73.83921, 40.8887], [-73.83823, 40.88864], [-73.83732, 40.88874], [-73.83643, 40.88893], [-73.83555, 40.88913], [-73.83646, 40.89152], [-73.83734, 40.89381], [-73.83737, 40.89382], [-73.83841, 40.89406], [-73.83928, 40.89387], [-73.84015, 40.89368], [-73.84103, 40.89348], [-73.84192, 40.89328], [-73.84279, 40.89309], [-73.84365, 40.89291], [-73.84454, 40.89271], [-73.84543, 40.89252], [-73.8463, 40.89232], [-73.84718, 40.89213], [-73.84807, 40.89193], [-73.84895, 40.89174], [-73.84984, 40.89154]]]}}, {"type": "Feature", "properties": {"tract_id": "36005035800", "name": "Census Tract 358", "pct_white_2020": 3.6, "pct_black_2020": 68.4, "pct_hispanic_2020": 22.6, "pct_asian_2020": 0.2, "population_2020": 7781}, "geometry": {"type": "Polygon", "coordinates": [[[-73.8473, 40.87673], [-73.84817, 40.87645], [-73.84692, 40.87415], [-73.84602, 40.87249], [-73.84689, 40.87222], [-73.8461, 40.87076], [-73.846, 40.87056], [-73.84601, 40.8705], [-73.84609, 40.87039], [-73.84578, 40.87023], [-73.84517, 40.86991], [-73.84442, 40.86952], [-73.84423, 40.86942], [-73.84359, 40.86909], [-73.84263, 40.86941], [-73.84157, 40.86976], [-73.84073, 40.87003], [-73.8399, 40.8703], [-73.83907, 40.87057], [-73.83824, 40.87084], [-73.8374, 40.87111], [-73.83829, 40.87295], [-73.83746, 40.87322], [-73.83835, 40.87492], [-73.83925, 40.87662], [-73.83841, 40.87687], [-73.83815, 40.87695], [-73.83873, 40.87719], [-73.83928, 40.87739], [-73.83944, 40.87745], [-73.83959, 40.87752], [-73.84018, 40.87778], [-73.8402, 40.87779], [-73.84099, 40.87815], [-73.84114, 40.87822], [-73.8424, 40.87875], [-73.84255, 40.87882], [-73.84324, 40.87911], [-73.84341, 40.87899], [-73.8441, 40.87844], [-73.84479, 40.87788], [-73.84546, 40.87735], [-73.84637, 40.87703], [-73.8473, 40.87673]]]}}, {"type": "Feature", "properties": {"tract_id": "36005035900", "name": "Census Tract 359", "pct_white_2020": 2.0, "pct_black_2020": 25.7, "pct_hispanic_2020": 68.7, "pct_asian_2020": 0.0, "population_2020": 2814}, "geometry": {"type": "Polygon", "coordinates": [[[-73.88612, 40.84042], [-73.88619, 40.84011], [-73.88583, 40.8399], [-73.88465, 40.83917], [-73.8845, 40.83923], [-73.8842, 40.83935], [-73.88347, 40.83906], [-73.88299, 40.8388], [-73.88288, 40.83873], [-73.88274, 40.83864], [-73.88302, 40.83868], [-73.88285, 40.83849], [-73.88246, 40.83825], [-73.88237, 40.83816], [-73.88229, 40.83808], [-73.88223, 40.83799], [-73.88214, 40.83783], [-73.88208, 40.83768], [-73.88201, 40.83746], [-73.88172, 40.83795], [-73.88166, 40.83803], [-73.88155, 40.83821], [-73.88113, 40.83862], [-73.88051, 40.83924], [-73.88037, 40.83947], [-73.88016, 40.84], [-73.88042, 40.84007], [-73.88151, 40.84066], [-73.88279, 40.84129], [-73.88388, 40.84183], [-73.88475, 40.84227], [-73.8853, 40.84254], [-73.88566, 40.84271], [-73.88581, 40.84193], [-73.88597, 40.84119], [-73.88604, 40.8408], [-73.8861, 40.84052], [-73.88612, 40.84042]]]}}, {"type": "Feature", "properties": {"tract_id": "36005036100", "name": "Census Tract 361", "pct_white_2020": 0.1, "pct_black_2020": 27.5, "pct_hispanic_2020": 68.9, "pct_asian_2020": 0.0, "population_2020": 5672}, "geometry": {"type": "Polygon", "coordinates": [[[-73.88207, 40.84212], [-73.88279, 40.84129], [-73.88151, 40.84066], [-73.88042, 40.84007], [-73.88016, 40.84], [-73.87973, 40.84004], [-73.87866, 40.84002], [-73.87836, 40.84], [-73.87776, 40.84094], [-73.87686, 40.84223], [-73.87746, 40.8424], [-73.87817, 40.84263], [-73.87731, 40.84401], [-73.87801, 40.84448], [-73.87919, 40.84532], [-73.87976, 40.84468], [-73.88046, 40.84391], [-73.88142, 40.84285], [-73.88207, 40.84212]]]}}, {"type": "Feature", "properties": {"tract_id": "36005036300", "name": "Census Tract 363", "pct_white_2020": 4.0, "pct_black_2020": 24.7, "pct_hispanic_2020": 70.2, "pct_asian_2020": 0.1, "population_2020": 6601}, "geometry": {"type": "Polygon", "coordinates": [[[-73.88545, 40.84377], [-73.88566, 40.84271], [-73.8853, 40.84254], [-73.88475, 40.84227], [-73.88388, 40.84183], [-73.88279, 40.84129], [-73.88207, 40.84212], [-73.88142, 40.84285], [-73.88046, 40.84391], [-73.87976, 40.84468], [-73.87919, 40.84532], [-73.88048, 40.8462], [-73.88106, 40.84659], [-73.882, 40.84724], [-73.88284, 40.84782], [-73.88278, 40.84807], [-73.88311, 40.84827], [-73.88322, 40.84777], [-73.8833, 40.84745], [-73.88345, 40.84715], [-73.88379, 40.84678], [-73.88446, 40.84599], [-73.88519, 40.84519], [-73.88529, 40.84461], [-73.88545, 40.84377]]]}}, {"type": "Feature", "properties": {"tract_id": "36005036502", "name": "Census Tract 365.02", "pct_white_2020": 0.8, "pct_black_2020": 33.3, "pct_hispanic_2020": 64.5, "pct_asian_2020": 0.0, "population_2020": 2600}, "geometry": {"type": "Polygon", "coordinates": [[[-73.89043, 40.84274], [-73.89055, 40.84268], [-73.88852, 40.84148], [-73.88823, 40.84131], [-73.88801, 40.84119], [-73.8878, 40.84106], [-73.88724, 40.84074], [-73.88673, 40.84043], [-73.88619, 40.84011], [-73.88612, 40.84042], [-73.8861, 40.84052], [-73.88604, 40.8408], [-73.88597, 40.84119], [-73.88581, 40.84193], [-73.88566, 40.84271], [-73.88684, 40.8433], [-73.88792, 40.84383], [-73.88902, 40.84437], [-73.88955, 40.84377], [-73.89004, 40.8432], [-73.89034, 40.84283], [-73.89043, 40.84274]]]}}, {"type": "Feature", "properties": {"tract_id": "36005042500", "name": "Census Tract 425", "pct_white_2020": 19.8, "pct_black_2020": 7.5, "pct_hispanic_2020": 61.4, "pct_asian_2020": 9.9, "population_2020": 5890}, "geometry": {"type": "Polygon", "coordinates": [[[-73.88363, 40.86726], [-73.88308, 40.86659], [-73.88129, 40.8675], [-73.87986, 40.86827], [-73.87773, 40.86955], [-73.87701, 40.87003], [-73.87629, 40.87053], [-73.87527, 40.8716], [-73.87437, 40.8727], [-73.87494, 40.87296], [-73.87588, 40.87341], [-73.87668, 40.87379], [-73.87751, 40.87414], [-73.8786, 40.87421], [-73.87923, 40.87367], [-73.87999, 40.87327], [-73.88069, 40.87289], [-73.88127, 40.87259], [-73.88175, 40.87235], [-73.88247, 40.87213], [-73.88222, 40.87123], [-73.88198, 40.87039], [-73.88174, 40.86955], [-73.88147, 40.86857], [-73.88184, 40.86837], [-73.88284, 40.86774], [-73.88363, 40.86726]]]}}, {"type": "Feature", "properties": {"tract_id": "36005041300", "name": "Census Tract 413", "pct_white_2020": 10.3, "pct_black_2020": 9.1, "pct_hispanic_2020": 74.2, "pct_asian_2020": 2.6, "population_2020": 8232}, "geometry": {"type": "Polygon", "coordinates": [[[-73.88779, 40.8722], [-73.88785, 40.87212], [-73.88772, 40.87201], [-73.88692, 40.87134], [-73.88654, 40.87104], [-73.88642, 40.87094], [-73.88623, 40.87078], [-73.8845, 40.87198], [-73.88369, 40.87254], [-73.88296, 40.87305], [-73.8834, 40.87395], [-73.88344, 40.87479], [-73.88344, 40.87538], [-73.88342, 40.87574], [-73.88383, 40.87678], [-73.88471, 40.8783], [-73.88478, 40.87842], [-73.88528, 40.87743], [-73.88533, 40.87734], [-73.8859, 40.87602], [-73.88618, 40.87538], [-73.88645, 40.87477], [-73.88649, 40.87469], [-73.88653, 40.87461], [-73.88679, 40.87402], [-73.88709, 40.87338], [-73.88738, 40.87272], [-73.88779, 40.8722]]]}}, {"type": "Feature", "properties": {"tract_id": "36005041400", "name": "Census Tract 414", "pct_white_2020": 11.6, "pct_black_2020": 54.8, "pct_hispanic_2020": 19.5, "pct_asian_2020": 4.5, "population_2020": 4842}, "geometry": {"type": "Polygon", "coordinates": [[[-73.8596, 40.90218], [-73.85939, 40.90189], [-73.8593, 40.90178], [-73.85902, 40.90149], [-73.859, 40.90148], [-73.85904, 40.90147], [-73.8594, 40.90138], [-73.85931, 40.90114], [-73.85922, 40.90091], [-73.8592, 40.90088], [-73.8593, 40.90049], [-73.85931, 40.90048], [-73.85939, 40.90038], [-73.85926, 40.90034], [-73.85888, 40.90022], [-73.85863, 40.90014], [-73.8578, 40.89982], [-73.857, 40.8995], [-73.85619, 40.89919], [-73.85539, 40.89888], [-73.85469, 40.8986], [-73.8543, 40.89845], [-73.85416, 40.89862], [-73.853, 40.89999], [-73.85155, 40.90205], [-73.85038, 40.90343], [-73.84986, 40.90409], [-73.84958, 40.90503], [-73.84939, 40.90574], [-73.8493, 40.90593], [-73.84923, 40.90607], [-73.84914, 40.90619], [-73.84901, 40.90636], [-73.84896, 40.90643], [-73.8489, 40.9065], [-73.84868, 40.90674], [-73.84865, 40.90678], [-73.84881, 40.90686], [-73.85008, 40.90747], [-73.85014, 40.9075], [-73.85033, 40.90728], [-73.85045, 40.90718], [-73.85066, 40.90693], [-73.85099, 40.90654], [-73.85147, 40.9067], [-73.85248, 40.90707], [-73.85269, 40.90714], [-73.85353, 40.90747], [-73.85307, 40.90802], [-73.85271, 40.90845], [-73.85237, 40.90888], [-73.85208, 40.90889], [-73.85205, 40.90896], [-73.85187, 40.90916], [-73.85181, 40.90923], [-73.85163, 40.90943], [-73.85148, 40.90959], [-73.85112, 40.91001], [-73.85138, 40.91004], [-73.85218, 40.90951], [-73.85268, 40.9099], [-73.8529, 40.90992], [-73.85294, 40.90992], [-73.85371, 40.90945], [-73.854, 40.90928], [-73.85404, 40.90923], [-73.85423, 40.90901], [-73.85434, 40.90897], [-73.85488, 40.90822], [-73.8548, 40.90817], [-73.85477, 40.90816], [-73.85449, 40.90801], [-73.8543, 40.90809], [-73.8542, 40.90807], [-73.85398, 40.90801], [-73.85382, 40.90777], [-73.8538, 40.90768], [-73.8538, 40.90718], [-73.85401, 40.90684], [-73.8541, 40.90668], [-73.85413, 40.90667], [-73.8547, 40.90658], [-73.8551, 40.90638], [-73.85532, 40.90626], [-73.85553, 40.90614], [-73.85557, 40.90612], [-73.85569, 40.90606], [-73.85574, 40.90606], [-73.856, 40.90606], [-73.85607, 40.90606], [-73.85611, 40.90606], [-73.85615, 40.90608], [-73.85623, 40.90612], [-73.85632, 40.90617], [-73.85633, 40.90597], [-73.85633, 40.9058], [-73.85628, 40.90573], [-73.8562, 40.90548], [-73.85612, 40.90545], [-73.856, 40.90541], [-73.85596, 40.90539], [-73.85594, 40.90526], [-73.85618, 40.90511], [-73.8562, 40.90509], [-73.85639, 40.90505], [-73.85643, 40.90503], [-73.8567, 40.90491], [-73.85696, 40.90495], [-73.8571, 40.90498], [-73.85714, 40.90498], [-73.85732, 40.90502], [-73.85745, 40.90484], [-73.85759, 40.90467], [-73.85745, 40.9046], [-73.8574, 40.90458], [-73.85723, 40.90449], [-73.85708, 40.90442], [-73.857, 40.90438], [-73.857, 40.90417], [-73.857, 40.90404], [-73.857, 40.90386], [-73.857, 40.90382], [-73.857, 40.90374], [-73.857, 40.90358], [-73.8572, 40.90288], [-73.85771, 40.90257], [-73.8578, 40.90254], [-73.85783, 40.90253], [-73.85792, 40.90249], [-73.85804, 40.90244], [-73.8582, 40.90238], [-73.85822, 40.90234], [-73.8583, 40.90208], [-73.85847, 40.90216], [-73.85901, 40.90243], [-73.8591, 40.90247], [-73.85911, 40.90247], [-73.8596, 40.90218]]]}}, {"type": "Feature", "properties": {"tract_id": "36005041800", "name": "Census Tract 418", "pct_white_2020": 3.9, "pct_black_2020": 43.6, "pct_hispanic_2020": 37.3, "pct_asian_2020": 5.1, "population_2020": 3899}, "geometry": {"type": "Polygon", "coordinates": [[[-73.86287, 40.89515], [-73.86214, 40.89491], [-73.86189, 40.89483], [-73.8618, 40.8948], [-73.86136, 40.89466], [-73.86071, 40.89537], [-73.85983, 40.89508], [-73.85696, 40.89417], [-73.85656, 40.89487], [-73.85616, 40.8956], [-73.85525, 40.89725], [-73.85494, 40.89772], [-73.8545, 40.8982], [-73.8543, 40.89845], [-73.85469, 40.8986], [-73.85539, 40.89888], [-73.85619, 40.89919], [-73.857, 40.8995], [-73.8578, 40.89982], [-73.85863, 40.90014], [-73.85888, 40.90022], [-73.85926, 40.90034], [-73.86024, 40.89884], [-73.86099, 40.89776], [-73.86111, 40.89759], [-73.86146, 40.89716], [-73.86287, 40.89515]]]}}, {"type": "Feature", "properties": {"tract_id": "36005040800", "name": "Census Tract 408", "pct_white_2020": 7.7, "pct_black_2020": 38.4, "pct_hispanic_2020": 42.8, "pct_asian_2020": 0.9, "population_2020": 4907}, "geometry": {"type": "Polygon", "coordinates": [[[-73.86386, 40.88975], [-73.8646, 40.8883], [-73.86373, 40.88802], [-73.86334, 40.88872], [-73.86045, 40.8878], [-73.86008, 40.88851], [-73.85968, 40.88922], [-73.8593, 40.88992], [-73.85891, 40.89063], [-73.85991, 40.89095], [-73.86179, 40.89155], [-73.86265, 40.89182], [-73.86304, 40.89112], [-73.86386, 40.88975]]]}}, {"type": "Feature", "properties": {"tract_id": "36005041900", "name": "Census Tract 419", "pct_white_2020": 4.5, "pct_black_2020": 11.5, "pct_hispanic_2020": 61.6, "pct_asian_2020": 15.1, "population_2020": 6320}, "geometry": {"type": "Polygon", "coordinates": [[[-73.88526, 40.87923], [-73.88491, 40.8787], [-73.88478, 40.87842], [-73.88471, 40.8783], [-73.88383, 40.87678], [-73.88342, 40.87574], [-73.88344, 40.87538], [-73.88344, 40.87479], [-73.8834, 40.87395], [-73.88296, 40.87305], [-73.88247, 40.87213], [-73.88175, 40.87235], [-73.88127, 40.87259], [-73.88069, 40.87289], [-73.87999, 40.87327], [-73.87923, 40.87367], [-73.87946, 40.87498], [-73.87956, 40.87573], [-73.87973, 40.87686], [-73.87977, 40.87712], [-73.87972, 40.87751], [-73.87958, 40.87783], [-73.87935, 40.87776], [-73.87769, 40.87899], [-73.87803, 40.87941], [-73.87836, 40.87946], [-73.87899, 40.87958], [-73.87993, 40.87977], [-73.88051, 40.87988], [-73.88085, 40.87995], [-73.88176, 40.88012], [-73.88268, 40.88029], [-73.88346, 40.88078], [-73.88383, 40.88047], [-73.88466, 40.87975], [-73.88526, 40.87923]]]}}, {"type": "Feature", "properties": {"tract_id": "36005042100", "name": "Census Tract 421", "pct_white_2020": 12.6, "pct_black_2020": 6.8, "pct_hispanic_2020": 69.6, "pct_asian_2020": 10.1, "population_2020": 5621}, "geometry": {"type": "Polygon", "coordinates": [[[-73.88705, 40.88436], [-73.88703, 40.88389], [-73.88697, 40.88281], [-73.88701, 40.88247], [-73.88594, 40.88048], [-73.88583, 40.87991], [-73.88577, 40.8796], [-73.88566, 40.87889], [-73.88526, 40.87923], [-73.88466, 40.87975], [-73.88383, 40.88047], [-73.88346, 40.88078], [-73.88268, 40.88029], [-73.88176, 40.88012], [-73.88085, 40.87995], [-73.88051, 40.87988], [-73.87993, 40.87977], [-73.87899, 40.87958], [-73.87836, 40.87946], [-73.87803, 40.87941], [-73.87769, 40.87899], [-73.87757, 40.87905], [-73.87744, 40.8791], [-73.8773, 40.87914], [-73.87715, 40.87916], [-73.87678, 40.88026], [-73.87761, 40.88066], [-73.87849, 40.88108], [-73.87935, 40.88151], [-73.88046, 40.88222], [-73.88124, 40.88271], [-73.88209, 40.88313], [-73.88248, 40.88333], [-73.88267, 40.88338], [-73.88292, 40.88338], [-73.88319, 40.88328], [-73.88351, 40.88318], [-73.88386, 40.88315], [-73.88411, 40.88318], [-73.88438, 40.88325], [-73.88455, 40.88333], [-73.88517, 40.88363], [-73.88613, 40.88405], [-73.88646, 40.88419], [-73.88657, 40.88424], [-73.88675, 40.88432], [-73.88686, 40.88435], [-73.88705, 40.88436]]]}}, {"type": "Feature", "properties": {"tract_id": "36005042200", "name": "Census Tract 422", "pct_white_2020": 1.6, "pct_black_2020": 62.4, "pct_hispanic_2020": 23.7, "pct_asian_2020": 9.0, "population_2020": 2860}, "geometry": {"type": "Polygon", "coordinates": [[[-73.85852, 40.89134], [-73.85891, 40.89063], [-73.85603, 40.88971], [-73.85315, 40.8888], [-73.85277, 40.88951], [-73.85237, 40.89021], [-73.85198, 40.89092], [-73.8518, 40.89138], [-73.85183, 40.89163], [-73.8534, 40.89213], [-73.85449, 40.89248], [-73.85525, 40.89272], [-73.85566, 40.89285], [-73.85737, 40.89339], [-73.85773, 40.89275], [-73.85813, 40.89204], [-73.85852, 40.89134]]]}}, {"type": "Feature", "properties": {"tract_id": "36005042300", "name": "Census Tract 423", "pct_white_2020": 8.5, "pct_black_2020": 15.7, "pct_hispanic_2020": 65.0, "pct_asian_2020": 7.5, "population_2020": 4627}, "geometry": {"type": "Polygon", "coordinates": [[[-73.87977, 40.87712], [-73.87973, 40.87686], [-73.87956, 40.87573], [-73.87946, 40.87498], [-73.87923, 40.87367], [-73.8786, 40.87421], [-73.87751, 40.87414], [-73.87699, 40.87482], [-73.87649, 40.8755], [-73.8759, 40.8763], [-73.87527, 40.87714], [-73.87473, 40.8779], [-73.87439, 40.87906], [-73.87537, 40.87958], [-73.87596, 40.87986], [-73.87678, 40.88026], [-73.87715, 40.87916], [-73.8773, 40.87914], [-73.87744, 40.8791], [-73.87757, 40.87905], [-73.87769, 40.87899], [-73.87935, 40.87776], [-73.87958, 40.87783], [-73.87972, 40.87751], [-73.87977, 40.87712]]]}}, {"type": "Feature", "properties": {"tract_id": "36005042400", "name": "Census Tract 424", "pct_white_2020": 2.1, "pct_black_2020": 65.7, "pct_hispanic_2020": 27.7, "pct_asian_2020": 2.4, "population_2020": 2682}, "geometry": {"type": "Polygon", "coordinates": [[[-73.85277, 40.88951], [-73.85315, 40.8888], [-73.85027, 40.88788], [-73.84744, 40.88698], [-73.84705, 40.88767], [-73.84666, 40.88839], [-73.84626, 40.8891], [-73.84591, 40.88974], [-73.84633, 40.88988], [-73.84741, 40.89022], [-73.84874, 40.89065], [-73.85069, 40.8913], [-73.85183, 40.89163], [-73.8518, 40.89138], [-73.85198, 40.89092], [-73.85237, 40.89021], [-73.85277, 40.88951]]]}}, {"type": "Feature", "properties": {"tract_id": "36005016700", "name": "Census Tract 167", "pct_white_2020": 0.8, "pct_black_2020": 39.8, "pct_hispanic_2020": 57.2, "pct_asian_2020": 0.0, "population_2020": 3599}, "geometry": {"type": "Polygon", "coordinates": [[[-73.90559, 40.83992], [-73.90561, 40.83984], [-73.90538, 40.83977], [-73.90454, 40.8395], [-73.904, 40.83933], [-73.90382, 40.83927], [-73.90265, 40.83887], [-73.90174, 40.83846], [-73.90117, 40.8382], [-73.89997, 40.83766], [-73.89903, 40.83933], [-73.89827, 40.84068], [-73.89917, 40.84097], [-73.90015, 40.84129], [-73.90112, 40.8416], [-73.90229, 40.84198], [-73.90215, 40.84223], [-73.90196, 40.84256], [-73.90217, 40.84262], [-73.90233, 40.84267], [-73.90358, 40.843], [-73.90423, 40.84318], [-73.90463, 40.84328], [-73.90494, 40.84337], [-73.905, 40.84254], [-73.90503, 40.84226], [-73.9051, 40.84126], [-73.90516, 40.84087], [-73.90531, 40.84045], [-73.90559, 40.83992]]]}}, {"type": "Feature", "properties": {"tract_id": "36005016900", "name": "Census Tract 169", "pct_white_2020": 0.7, "pct_black_2020": 44.1, "pct_hispanic_2020": 49.4, "pct_asian_2020": 0.0, "population_2020": 1894}, "geometry": {"type": "Polygon", "coordinates": [[[-73.90538, 40.83977], [-73.90598, 40.8385], [-73.90523, 40.83826], [-73.90484, 40.83816], [-73.90469, 40.83809], [-73.90451, 40.83802], [-73.90334, 40.83764], [-73.90284, 40.83747], [-73.90197, 40.83717], [-73.90228, 40.83675], [-73.90248, 40.83649], [-73.90291, 40.83593], [-73.90199, 40.83569], [-73.90121, 40.8355], [-73.90057, 40.83659], [-73.90041, 40.83687], [-73.89997, 40.83766], [-73.90117, 40.8382], [-73.90174, 40.83846], [-73.90265, 40.83887], [-73.90382, 40.83927], [-73.904, 40.83933], [-73.90454, 40.8395], [-73.90538, 40.83977]]]}}, {"type": "Feature", "properties": {"tract_id": "36005017300", "name": "Census Tract 173", "pct_white_2020": 5.5, "pct_black_2020": 38.0, "pct_hispanic_2020": 52.1, "pct_asian_2020": 3.0, "population_2020": 6411}, "geometry": {"type": "Polygon", "coordinates": [[[-73.92066, 40.82184], [-73.92046, 40.822], [-73.9204, 40.82205], [-73.92034, 40.8221], [-73.9202, 40.82218], [-73.91948, 40.82264], [-73.91937, 40.82272], [-73.91899, 40.82296], [-73.91897, 40.82298], [-73.91834, 40.82339], [-73.91757, 40.82388], [-73.91677, 40.82439], [-73.91609, 40.82484], [-73.91631, 40.8249], [-73.91661, 40.82499], [-73.91592, 40.82544], [-73.91545, 40.82575], [-73.91461, 40.82629], [-73.91363, 40.82692], [-73.91296, 40.82816], [-73.91389, 40.82846], [-73.91472, 40.82873], [-73.91557, 40.829], [-73.91641, 40.82929], [-73.91691, 40.82839], [-73.91722, 40.82781], [-73.91753, 40.82725], [-73.91794, 40.82652], [-73.91846, 40.82557], [-73.91934, 40.82397], [-73.9194, 40.82386], [-73.91947, 40.82373], [-73.91993, 40.8229], [-73.92006, 40.82267], [-73.92016, 40.82253], [-73.92066, 40.82184]]]}}, {"type": "Feature", "properties": {"tract_id": "36005040701", "name": "Census Tract 407.01", "pct_white_2020": 8.5, "pct_black_2020": 16.1, "pct_hispanic_2020": 70.6, "pct_asian_2020": 4.0, "population_2020": 3055}, "geometry": {"type": "Polygon", "coordinates": [[[-73.89291, 40.87149], [-73.89307, 40.8714], [-73.89193, 40.87073], [-73.89113, 40.87025], [-73.89098, 40.87016], [-73.89042, 40.87049], [-73.88867, 40.8715], [-73.88792, 40.87207], [-73.88785, 40.87212], [-73.888, 40.87224], [-73.88863, 40.87277], [-73.88937, 40.87338], [-73.8898, 40.8724], [-73.88984, 40.87232], [-73.8899, 40.87222], [-73.88998, 40.87212], [-73.89006, 40.87205], [-73.89018, 40.87196], [-73.8903, 40.87189], [-73.89043, 40.87184], [-73.89054, 40.87181], [-73.89068, 40.87178], [-73.89081, 40.87176], [-73.89099, 40.87176], [-73.89109, 40.87178], [-73.8913, 40.8718], [-73.89148, 40.87181], [-73.89171, 40.87181], [-73.89193, 40.87179], [-73.89214, 40.87175], [-73.89233, 40.87171], [-73.89255, 40.87164], [-73.89272, 40.87158], [-73.89291, 40.87149]]]}}, {"type": "Feature", "properties": {"tract_id": "36005040702", "name": "Census Tract 407.02", "pct_white_2020": 4.1, "pct_black_2020": 12.5, "pct_hispanic_2020": 73.4, "pct_asian_2020": 5.8, "population_2020": 7046}, "geometry": {"type": "Polygon", "coordinates": [[[-73.89098, 40.87016], [-73.89082, 40.87007], [-73.88989, 40.86952], [-73.88913, 40.86906], [-73.88831, 40.86855], [-73.88769, 40.86796], [-73.88691, 40.86723], [-73.88646, 40.86663], [-73.88594, 40.86592], [-73.88528, 40.8663], [-73.88514, 40.86638], [-73.88443, 40.8668], [-73.88363, 40.86726], [-73.88424, 40.86801], [-73.88471, 40.8687], [-73.88488, 40.8691], [-73.88497, 40.86954], [-73.88505, 40.86978], [-73.88518, 40.86995], [-73.88552, 40.87018], [-73.88623, 40.87078], [-73.88642, 40.87094], [-73.88654, 40.87104], [-73.88692, 40.87134], [-73.88772, 40.87201], [-73.88785, 40.87212], [-73.88792, 40.87207], [-73.88867, 40.8715], [-73.89042, 40.87049], [-73.89098, 40.87016]]]}}, {"type": "Feature", "properties": {"tract_id": "36005034500", "name": "Census Tract 345", "pct_white_2020": 41.7, "pct_black_2020": 10.0, "pct_hispanic_2020": 43.4, "pct_asian_2020": 3.2, "population_2020": 3816}, "geometry": {"type": "Polygon", "coordinates": [[[-73.90184, 40.90156], [-73.90196, 40.90129], [-73.90077, 40.9012], [-73.89982, 40.90104], [-73.89908, 40.90089], [-73.89831, 40.90069], [-73.89768, 40.9005], [-73.89703, 40.90029], [-73.89699, 40.9005], [-73.89695, 40.90071], [-73.89688, 40.90104], [-73.89686, 40.90113], [-73.89667, 40.90201], [-73.89641, 40.90296], [-73.89641, 40.9045], [-73.89643, 40.90509], [-73.89649, 40.90634], [-73.89655, 40.90751], [-73.89756, 40.90747], [-73.89824, 40.90757], [-73.89837, 40.90759], [-73.8992, 40.90771], [-73.89967, 40.90792], [-73.90001, 40.90813], [-73.90038, 40.90675], [-73.90072, 40.90547], [-73.90071, 40.90528], [-73.90061, 40.90518], [-73.90029, 40.90478], [-73.90022, 40.90455], [-73.90023, 40.90433], [-73.90027, 40.90404], [-73.90038, 40.90385], [-73.90097, 40.90339], [-73.90127, 40.90304], [-73.90152, 40.90263], [-73.90168, 40.90229], [-73.90184, 40.90156]]]}}, {"type": "Feature", "properties": {"tract_id": "36005035000", "name": "Census Tract 350", "pct_white_2020": 9.8, "pct_black_2020": 68.0, "pct_hispanic_2020": 16.3, "pct_asian_2020": 3.3, "population_2020": 2093}, "geometry": {"type": "Polygon", "coordinates": [[[-73.85006, 40.86574], [-73.85008, 40.86533], [-73.84984, 40.86533], [-73.84952, 40.86532], [-73.8491, 40.86532], [-73.84812, 40.8653], [-73.84718, 40.86528], [-73.8472, 40.86755], [-73.84614, 40.8688], [-73.84517, 40.86991], [-73.84578, 40.87023], [-73.84609, 40.87039], [-73.84641, 40.87055], [-73.84699, 40.87085], [-73.84725, 40.87099], [-73.84793, 40.87134], [-73.8486, 40.87167], [-73.84891, 40.87157], [-73.84993, 40.87133], [-73.84996, 40.86939], [-73.85, 40.86757], [-73.85006, 40.86574]]]}}, {"type": "Feature", "properties": {"tract_id": "36005039800", "name": "Census Tract 398", "pct_white_2020": 0.3, "pct_black_2020": 70.5, "pct_hispanic_2020": 26.1, "pct_asian_2020": 0.0, "population_2020": 3802}, "geometry": {"type": "Polygon", "coordinates": [[[-73.85667, 40.88245], [-73.85706, 40.88174], [-73.85455, 40.88095], [-73.85203, 40.88014], [-73.85157, 40.88082], [-73.85111, 40.88151], [-73.85065, 40.88219], [-73.8505, 40.88242], [-73.8504, 40.88258], [-73.8502, 40.88287], [-73.84973, 40.88355], [-73.85237, 40.8844], [-73.8551, 40.88527], [-73.8555, 40.88457], [-73.85569, 40.88421], [-73.85588, 40.88386], [-73.85628, 40.88315], [-73.85667, 40.88245]]]}}, {"type": "Feature", "properties": {"tract_id": "36005000100", "name": "Census Tract 1", "pct_white_2020": 24.7, "pct_black_2020": 45.0, "pct_hispanic_2020": 26.4, "pct_asian_2020": 2.8, "population_2020": 4446}, "geometry": {"type": "Polygon", "coordinates": [[[-73.89772, 40.79514], [-73.89987, 40.79245], [-73.89218, 40.79039], [-73.8921, 40.79032], [-73.89197, 40.79024], [-73.89177, 40.79022], [-73.89161, 40.79016], [-73.89141, 40.79019], [-73.89116, 40.79017], [-73.89092, 40.79023], [-73.8908, 40.79021], [-73.89057, 40.79011], [-73.8903, 40.78988], [-73.89013, 40.78964], [-73.88989, 40.78901], [-73.88987, 40.7889], [-73.8898, 40.78865], [-73.88961, 40.7882], [-73.88952, 40.78806], [-73.8894, 40.78779], [-73.88905, 40.78737], [-73.88856, 40.78716], [-73.88831, 40.78701], [-73.8877, 40.78687], [-73.88728, 40.78681], [-73.88715, 40.78683], [-73.88692, 40.78673], [-73.88659, 40.78674], [-73.88632, 40.78673], [-73.88613, 40.78671], [-73.88596, 40.78675], [-73.88577, 40.78668], [-73.88537, 40.78667], [-73.8853, 40.78668], [-73.88522, 40.78663], [-73.88293, 40.78621], [-73.87831, 40.78536], [-73.87813, 40.78544], [-73.87794, 40.78551], [-73.87776, 40.78558], [-73.87757, 40.78564], [-73.87737, 40.78569], [-73.87717, 40.78574], [-73.87697, 40.78578], [-73.87677, 40.78581], [-73.87653, 40.78584], [-73.87629, 40.78586], [-73.87605, 40.78587], [-73.87581, 40.78588], [-73.87556, 40.78588], [-73.87532, 40.78588], [-73.87508, 40.78587], [-73.87484, 40.78586], [-73.8746, 40.78584], [-73.87436, 40.78581], [-73.87421, 40.7858], [-73.87404, 40.78578], [-73.87386, 40.78577], [-73.87369, 40.78576], [-73.87351, 40.78572], [-73.87343, 40.78576], [-73.87336, 40.78579], [-73.87329, 40.78581], [-73.8732, 40.78583], [-73.87309, 40.78586], [-73.87298, 40.78589], [-73.87288, 40.78596], [-73.87285, 40.78593], [-73.87281, 40.7859], [-73.87277, 40.78594], [-73.87282, 40.78596], [-73.87287, 40.78598], [-73.87279, 40.78608], [-73.87268, 40.78615], [-73.87247, 40.7863], [-73.87226, 40.78642], [-73.87211, 40.78647], [-73.87188, 40.78662], [-73.87163, 40.7868], [-73.87147, 40.78704], [-73.87137, 40.78727], [-73.87123, 40.78744], [-73.87107, 40.78757], [-73.87081, 40.7879], [-73.8708, 40.78793], [-73.87079, 40.78796], [-73.87079, 40.788], [-73.87079, 40.78803], [-73.8708, 40.78806], [-73.87085, 40.78821], [-73.87089, 40.78834], [-73.87095, 40.78847], [-73.87095, 40.78861], [-73.87096, 40.78874], [-73.87098, 40.78888], [-73.87095, 40.78895], [-73.87097, 40.78906], [-73.8703, 40.79069], [-73.87021, 40.79091], [-73.86712, 40.79374], [-73.87226, 40.79499], [-73.8925, 40.80121], [-73.89611, 40.79692], [-73.89772, 40.79514]]]}}, {"type": "Feature", "properties": {"tract_id": "36005000400", "name": "Census Tract 4", "pct_white_2020": 4.5, "pct_black_2020": 24.9, "pct_hispanic_2020": 67.3, "pct_asian_2020": 1.6, "population_2020": 6257}, "geometry": {"type": "Polygon", "coordinates": [[[-73.8596, 40.81528], [-73.85972, 40.81527], [-73.85955, 40.81511], [-73.85838, 40.814], [-73.85819, 40.81381], [-73.85772, 40.81336], [-73.85716, 40.81282], [-73.85613, 40.81142], [-73.85562, 40.81061], [-73.85546, 40.80995], [-73.85531, 40.80933], [-73.8553, 40.8089], [-73.85516, 40.80832], [-73.85498, 40.80772], [-73.85481, 40.80726], [-73.8546, 40.80653], [-73.8546, 40.80609], [-73.85497, 40.80606], [-73.85577, 40.80609], [-73.85586, 40.80567], [-73.8565, 40.80568], [-73.85649, 40.80547], [-73.85648, 40.80541], [-73.85653, 40.80479], [-73.85543, 40.80451], [-73.85526, 40.80461], [-73.85463, 40.79972], [-73.85307, 40.80011], [-73.84665, 40.80102], [-73.84512, 40.8063], [-73.84313, 40.8116], [-73.84639, 40.81163], [-73.84647, 40.81231], [-73.8461, 40.81308], [-73.84663, 40.81301], [-73.84705, 40.81483], [-73.84811, 40.81469], [-73.8491, 40.81455], [-73.85011, 40.81442], [-73.8509, 40.81434], [-73.85114, 40.8144], [-73.85163, 40.81635], [-73.85362, 40.81609], [-73.85472, 40.81594], [-73.85552, 40.81583], [-73.85678, 40.81566], [-73.85778, 40.81553], [-73.8587, 40.81541], [-73.8596, 40.81528]]]}}, {"type": "Feature", "properties": {"tract_id": "36005001600", "name": "Census Tract 16", "pct_white_2020": 1.7, "pct_black_2020": 34.5, "pct_hispanic_2020": 56.8, "pct_asian_2020": 2.4, "population_2020": 6177}, "geometry": {"type": "Polygon", "coordinates": [[[-73.86246, 40.81925], [-73.86208, 40.81752], [-73.86198, 40.81714], [-73.86148, 40.81503], [-73.86055, 40.81515], [-73.85972, 40.81527], [-73.8596, 40.81528], [-73.8587, 40.81541], [-73.85778, 40.81553], [-73.85678, 40.81566], [-73.85552, 40.81583], [-73.85472, 40.81594], [-73.85362, 40.81609], [-73.85379, 40.81681], [-73.85395, 40.81747], [-73.85414, 40.81824], [-73.85464, 40.8203], [-73.85481, 40.82103], [-73.85497, 40.82168], [-73.85514, 40.82244], [-73.85531, 40.82319], [-73.85845, 40.82277], [-73.85826, 40.82201], [-73.85926, 40.82188], [-73.86019, 40.82176], [-73.86111, 40.82163], [-73.86203, 40.82151], [-73.86153, 40.81938], [-73.86246, 40.81925]]]}}, {"type": "Feature", "properties": {"tract_id": "36005012102", "name": "Census Tract 121.02", "pct_white_2020": 0.0, "pct_black_2020": 20.1, "pct_hispanic_2020": 77.5, "pct_asian_2020": 0.0, "population_2020": 1337}, "geometry": {"type": "Polygon", "coordinates": [[[-73.89139, 40.82494], [-73.89106, 40.82504], [-73.89085, 40.82507], [-73.89059, 40.82508], [-73.88965, 40.82514], [-73.88871, 40.82518], [-73.88777, 40.82523], [-73.88661, 40.82533], [-73.88647, 40.82601], [-73.88609, 40.8277], [-73.8864, 40.8275], [-73.8879, 40.82674], [-73.88881, 40.82626], [-73.88971, 40.8258], [-73.89066, 40.82531], [-73.89139, 40.82494]]]}}, {"type": "Feature", "properties": {"tract_id": "36005012300", "name": "Census Tract 123", "pct_white_2020": 0.0, "pct_black_2020": 46.0, "pct_hispanic_2020": 53.3, "pct_asian_2020": 0.7, "population_2020": 4915}, "geometry": {"type": "Polygon", "coordinates": [[[-73.89336, 40.83015], [-73.89289, 40.83015], [-73.89188, 40.83014], [-73.89087, 40.83014], [-73.88991, 40.83012], [-73.88902, 40.82984], [-73.88805, 40.8295], [-73.88761, 40.82934], [-73.88625, 40.82834], [-73.88605, 40.82808], [-73.88609, 40.8277], [-73.88647, 40.82601], [-73.88661, 40.82533], [-73.88675, 40.82439], [-73.8869, 40.82372], [-73.88707, 40.82331], [-73.88719, 40.82302], [-73.88736, 40.82277], [-73.88754, 40.82256], [-73.88767, 40.82247], [-73.88797, 40.82226], [-73.88741, 40.82254], [-73.8872, 40.8226], [-73.88699, 40.82265], [-73.88652, 40.82274], [-73.88558, 40.82286], [-73.88506, 40.82292], [-73.88441, 40.82297], [-73.88457, 40.82493], [-73.88453, 40.82565], [-73.88383, 40.82827], [-73.88356, 40.82894], [-73.88358, 40.82951], [-73.88389, 40.82981], [-73.88508, 40.83048], [-73.88524, 40.83049], [-73.88545, 40.8305], [-73.88566, 40.83048], [-73.88563, 40.83064], [-73.88638, 40.8309], [-73.88723, 40.8312], [-73.88808, 40.8315], [-73.88894, 40.8318], [-73.88979, 40.83209], [-73.89071, 40.83241], [-73.89163, 40.83273], [-73.89174, 40.83266], [-73.89268, 40.83234], [-73.89336, 40.83015]]]}}, {"type": "Feature", "properties": {"tract_id": "36005012500", "name": "Census Tract 125", "pct_white_2020": 1.1, "pct_black_2020": 17.4, "pct_hispanic_2020": 77.0, "pct_asian_2020": 0.0, "population_2020": 4030}, "geometry": {"type": "Polygon", "coordinates": [[[-73.8967, 40.83041], [-73.8964, 40.82876], [-73.8956, 40.82832], [-73.89548, 40.82825], [-73.89529, 40.82814], [-73.89517, 40.82807], [-73.89506, 40.82801], [-73.89513, 40.82789], [-73.89484, 40.82624], [-73.89387, 40.82651], [-73.89293, 40.82679], [-73.89191, 40.82679], [-73.89091, 40.82679], [-73.89088, 40.82863], [-73.89087, 40.83014], [-73.89188, 40.83014], [-73.89289, 40.83015], [-73.89336, 40.83015], [-73.89469, 40.83062], [-73.89561, 40.83052], [-73.8967, 40.83041]]]}}, {"type": "Feature", "properties": {"tract_id": "36005011800", "name": "Census Tract 118", "pct_white_2020": 54.7, "pct_black_2020": 1.4, "pct_hispanic_2020": 40.3, "pct_asian_2020": 2.0, "population_2020": 5798}, "geometry": {"type": "Polygon", "coordinates": [[[-73.81637, 40.81759], [-73.816, 40.81686], [-73.81562, 40.81608], [-73.81408, 40.8164], [-73.81384, 40.81555], [-73.81362, 40.81476], [-73.81489, 40.81458], [-73.81435, 40.81342], [-73.81313, 40.81329], [-73.8113, 40.8054], [-73.80454, 40.80355], [-73.79975, 40.8022], [-73.79713, 40.80141], [-73.79356, 40.80038], [-73.79337, 40.80039], [-73.79002, 40.80023], [-73.78792, 40.80036], [-73.78732, 40.80085], [-73.78474, 40.80259], [-73.78268, 40.80539], [-73.77956, 40.81125], [-73.79068, 40.81418], [-73.79736, 40.81595], [-73.79745, 40.81589], [-73.79758, 40.81582], [-73.79842, 40.81628], [-73.7985, 40.81623], [-73.79862, 40.81619], [-73.79873, 40.81618], [-73.79946, 40.81639], [-73.80031, 40.81668], [-73.80117, 40.81695], [-73.80205, 40.81721], [-73.80224, 40.81723], [-73.80255, 40.81717], [-73.80282, 40.81703], [-73.80315, 40.81675], [-73.80344, 40.81659], [-73.80394, 40.81638], [-73.80447, 40.81618], [-73.80512, 40.81702], [-73.80554, 40.81718], [-73.80605, 40.81734], [-73.80589, 40.81742], [-73.80651, 40.8175], [-73.80693, 40.81763], [-73.80958, 40.81849], [-73.81002, 40.81864], [-73.81006, 40.81854], [-73.81098, 40.81829], [-73.81191, 40.81814], [-73.813, 40.81798], [-73.81445, 40.81777], [-73.81545, 40.8177], [-73.81637, 40.81759]]]}}, {"type": "Feature", "properties": {"tract_id": "36005012701", "name": "Census Tract 127.01", "pct_white_2020": 0.4, "pct_black_2020": 18.0, "pct_hispanic_2020": 78.9, "pct_asian_2020": 0.4, "population_2020": 2460}, "geometry": {"type": "Polygon", "coordinates": [[[-73.89484, 40.82624], [-73.89487, 40.82394], [-73.8939, 40.82398], [-73.8932, 40.82401], [-73.89295, 40.82414], [-73.89239, 40.82443], [-73.8922, 40.82455], [-73.89211, 40.8246], [-73.89201, 40.82472], [-73.89187, 40.82468], [-73.89178, 40.82472], [-73.89139, 40.82494], [-73.89066, 40.82531], [-73.88971, 40.8258], [-73.88881, 40.82626], [-73.8879, 40.82674], [-73.88885, 40.82677], [-73.88998, 40.82681], [-73.89091, 40.82679], [-73.89191, 40.82679], [-73.89293, 40.82679], [-73.89387, 40.82651], [-73.89484, 40.82624]]]}}, {"type": "Feature", "properties": {"tract_id": "36005041500", "name": "Census Tract 415", "pct_white_2020": 9.5, "pct_black_2020": 11.3, "pct_hispanic_2020": 72.4, "pct_asian_2020": 6.6, "population_2020": 5627}, "geometry": {"type": "Polygon", "coordinates": [[[-73.88623, 40.87078], [-73.88552, 40.87018], [-73.88518, 40.86995], [-73.88505, 40.86978], [-73.88497, 40.86954], [-73.88488, 40.8691], [-73.88471, 40.8687], [-73.88424, 40.86801], [-73.88363, 40.86726], [-73.88284, 40.86774], [-73.88184, 40.86837], [-73.88147, 40.86857], [-73.88174, 40.86955], [-73.88198, 40.87039], [-73.88222, 40.87123], [-73.88247, 40.87213], [-73.88296, 40.87305], [-73.88369, 40.87254], [-73.8845, 40.87198], [-73.88623, 40.87078]]]}}, {"type": "Feature", "properties": {"tract_id": "36005042901", "name": "Census Tract 429.01", "pct_white_2020": 7.5, "pct_black_2020": 11.2, "pct_hispanic_2020": 56.7, "pct_asian_2020": 23.0, "population_2020": 3048}, "geometry": {"type": "Polygon", "coordinates": [[[-73.87699, 40.87482], [-73.87751, 40.87414], [-73.87668, 40.87379], [-73.87588, 40.87341], [-73.87494, 40.87296], [-73.87437, 40.8727], [-73.87255, 40.87517], [-73.87161, 40.87692], [-73.87094, 40.87851], [-73.8716, 40.87865], [-73.87212, 40.87696], [-73.87292, 40.87603], [-73.87369, 40.87635], [-73.8747, 40.875], [-73.87559, 40.87525], [-73.87649, 40.8755], [-73.87699, 40.87482]]]}}, {"type": "Feature", "properties": {"tract_id": "36005044901", "name": "Census Tract 449.01", "pct_white_2020": 68.2, "pct_black_2020": 3.6, "pct_hispanic_2020": 24.5, "pct_asian_2020": 1.2, "population_2020": 1815}, "geometry": {"type": "Polygon", "coordinates": [[[-73.87644, 40.89687], [-73.87712, 40.89547], [-73.87572, 40.89562], [-73.87481, 40.89573], [-73.87241, 40.89624], [-73.87049, 40.89664], [-73.87059, 40.89723], [-73.87072, 40.89791], [-73.87085, 40.89859], [-73.87098, 40.89926], [-73.8711, 40.89995], [-73.87136, 40.90004], [-73.87302, 40.89936], [-73.87389, 40.89896], [-73.87482, 40.89844], [-73.8759, 40.89756], [-73.87644, 40.89687]]]}}, {"type": "Feature", "properties": {"tract_id": "36005022703", "name": "Census Tract 227.03", "pct_white_2020": 4.0, "pct_black_2020": 19.6, "pct_hispanic_2020": 75.0, "pct_asian_2020": 1.4, "population_2020": 2050}, "geometry": {"type": "Polygon", "coordinates": [[[-73.91193, 40.84327], [-73.91176, 40.84319], [-73.91097, 40.84314], [-73.91045, 40.84312], [-73.90955, 40.84305], [-73.90946, 40.84378], [-73.90937, 40.84484], [-73.90936, 40.84501], [-73.91092, 40.84506], [-73.91114, 40.84506], [-73.91132, 40.84478], [-73.9117, 40.8439], [-73.91193, 40.84327]]]}}, {"type": "Feature", "properties": {"tract_id": "36005024700", "name": "Census Tract 247", "pct_white_2020": 1.3, "pct_black_2020": 46.1, "pct_hispanic_2020": 45.1, "pct_asian_2020": 6.8, "population_2020": 1929}, "geometry": {"type": "Polygon", "coordinates": [[[-73.92121, 40.85469], [-73.9214, 40.85436], [-73.92114, 40.85421], [-73.9204, 40.85382], [-73.92015, 40.85368], [-73.91982, 40.85349], [-73.9197, 40.85341], [-73.91959, 40.85334], [-73.91908, 40.85307], [-73.91861, 40.85284], [-73.91817, 40.85298], [-73.91694, 40.85461], [-73.91679, 40.85487], [-73.91589, 40.85789], [-73.91576, 40.85834], [-73.91561, 40.85862], [-73.91516, 40.85891], [-73.91509, 40.85906], [-73.91479, 40.85922], [-73.91449, 40.85937], [-73.91445, 40.85944], [-73.91451, 40.85945], [-73.91481, 40.8594], [-73.91525, 40.85928], [-73.91564, 40.85916], [-73.91616, 40.85878], [-73.91664, 40.85799], [-73.91677, 40.85779], [-73.91692, 40.85753], [-73.91703, 40.8573], [-73.91713, 40.85704], [-73.91719, 40.85684], [-73.91722, 40.85601], [-73.91736, 40.85609], [-73.91746, 40.85632], [-73.91742, 40.85677], [-73.91759, 40.85681], [-73.9179, 40.85694], [-73.91929, 40.85747], [-73.92, 40.85668], [-73.92027, 40.85623], [-73.92096, 40.85511], [-73.92121, 40.85469]]]}}, {"type": "Feature", "properties": {"tract_id": "36005024800", "name": "Census Tract 248", "pct_white_2020": 41.7, "pct_black_2020": 8.5, "pct_hispanic_2020": 40.0, "pct_asian_2020": 8.1, "population_2020": 3242}, "geometry": {"type": "Polygon", "coordinates": [[[-73.86189, 40.85692], [-73.86192, 40.85678], [-73.86097, 40.85681], [-73.86099, 40.85648], [-73.86104, 40.85494], [-73.86106, 40.85438], [-73.86106, 40.85421], [-73.86091, 40.85406], [-73.86058, 40.85362], [-73.86015, 40.85303], [-73.86018, 40.85227], [-73.86012, 40.85163], [-73.85932, 40.85199], [-73.85851, 40.85235], [-73.8577, 40.85272], [-73.8569, 40.85308], [-73.85609, 40.85344], [-73.85528, 40.85381], [-73.85441, 40.8542], [-73.85535, 40.85543], [-73.8561, 40.85694], [-73.85616, 40.85708], [-73.85637, 40.85755], [-73.85649, 40.85779], [-73.85664, 40.85812], [-73.86179, 40.85798], [-73.86178, 40.85739], [-73.86189, 40.85692]]]}}, {"type": "Feature", "properties": {"tract_id": "36005024900", "name": "Census Tract 249", "pct_white_2020": null, "pct_black_2020": null, "pct_hispanic_2020": null, "pct_asian_2020": null, "population_2020": 0, "dominant_group_2020": null, "diversity_index_2020": null}, "geometry": {"type": "Polygon", "coordinates": [[[-73.91679, 40.85487], [-73.91694, 40.85461], [-73.91654, 40.85472], [-73.91619, 40.85458], [-73.91571, 40.85586], [-73.91545, 40.8565], [-73.91394, 40.85632], [-73.91213, 40.85601], [-73.91117, 40.85587], [-73.91041, 40.85573], [-73.90992, 40.85665], [-73.90981, 40.85735], [-73.91021, 40.85829], [-73.9109, 40.85878], [-73.91328, 40.85962], [-73.91419, 40.85919], [-73.91516, 40.85891], [-73.91561, 40.85862], [-73.91576, 40.85834], [-73.91589, 40.85789], [-73.91679, 40.85487]]]}}, {"type": "Feature", "properties": {"tract_id": "36005025000", "name": "Census Tract 250", "pct_white_2020": 46.1, "pct_black_2020": 0.1, "pct_hispanic_2020": 36.7, "pct_asian_2020": 15.0, "population_2020": 2532}, "geometry": {"type": "Polygon", "coordinates": [[[-73.85932, 40.85199], [-73.86012, 40.85163], [-73.85862, 40.84969], [-73.85781, 40.85005], [-73.857, 40.85042], [-73.85683, 40.85049], [-73.8566, 40.85059], [-73.85619, 40.85078], [-73.85538, 40.85114], [-73.85457, 40.85151], [-73.85305, 40.84955], [-73.85224, 40.84991], [-73.85137, 40.8503], [-73.8529, 40.85226], [-73.85441, 40.8542], [-73.85528, 40.85381], [-73.85609, 40.85344], [-73.8569, 40.85308], [-73.8577, 40.85272], [-73.85851, 40.85235], [-73.85932, 40.85199]]]}}, {"type": "Feature", "properties": {"tract_id": "36005022901", "name": "Census Tract 229.01", "pct_white_2020": 2.1, "pct_black_2020": 36.3, "pct_hispanic_2020": 56.7, "pct_asian_2020": 0.5, "population_2020": 5466}, "geometry": {"type": "Polygon", "coordinates": [[[-73.91104, 40.84521], [-73.91114, 40.84506], [-73.91092, 40.84506], [-73.90936, 40.84501], [-73.90755, 40.84491], [-73.90665, 40.84485], [-73.90485, 40.84473], [-73.90483, 40.84489], [-73.90483, 40.84503], [-73.90475, 40.84588], [-73.90469, 40.84664], [-73.90462, 40.84739], [-73.90552, 40.84749], [-73.90632, 40.84758], [-73.90732, 40.84777], [-73.90736, 40.84778], [-73.90749, 40.8478], [-73.90812, 40.84728], [-73.90863, 40.84697], [-73.90866, 40.84695], [-73.90946, 40.8464], [-73.91074, 40.84546], [-73.91104, 40.84521]]]}}, {"type": "Feature", "properties": {"tract_id": "36005023000", "name": "Census Tract 230", "pct_white_2020": 19.3, "pct_black_2020": 16.6, "pct_hispanic_2020": 56.2, "pct_asian_2020": 5.9, "population_2020": 2773}, "geometry": {"type": "Polygon", "coordinates": [[[-73.86921, 40.84924], [-73.86837, 40.84897], [-73.86786, 40.84889], [-73.86801, 40.8483], [-73.86835, 40.84708], [-73.86771, 40.84728], [-73.86695, 40.8475], [-73.86634, 40.84759], [-73.86599, 40.84763], [-73.86512, 40.8478], [-73.86424, 40.84798], [-73.86337, 40.84816], [-73.86251, 40.84836], [-73.86279, 40.84924], [-73.86304, 40.85061], [-73.86522, 40.85018], [-73.8656, 40.85032], [-73.86565, 40.85033], [-73.86614, 40.85054], [-73.8668, 40.85095], [-73.8678, 40.85159], [-73.86861, 40.85209], [-73.86824, 40.85091], [-73.86921, 40.84924]]]}}, {"type": "Feature", "properties": {"tract_id": "36005023200", "name": "Census Tract 232", "pct_white_2020": 28.8, "pct_black_2020": 7.7, "pct_hispanic_2020": 46.4, "pct_asian_2020": 12.7, "population_2020": 2378}, "geometry": {"type": "Polygon", "coordinates": [[[-73.86634, 40.84759], [-73.86695, 40.8475], [-73.86612, 40.84522], [-73.86519, 40.84542], [-73.86432, 40.8456], [-73.86345, 40.84578], [-73.86259, 40.84596], [-73.86171, 40.84614], [-73.86149, 40.84619], [-73.86127, 40.84623], [-73.86081, 40.84633], [-73.86033, 40.84643], [-73.85944, 40.84666], [-73.86039, 40.84824], [-73.86119, 40.8486], [-73.8616, 40.84855], [-73.86251, 40.84836], [-73.86337, 40.84816], [-73.86424, 40.84798], [-73.86512, 40.8478], [-73.86599, 40.84763], [-73.86634, 40.84759]]]}}, {"type": "Feature", "properties": {"tract_id": "36005025300", "name": "Census Tract 253", "pct_white_2020": 0.6, "pct_black_2020": 10.7, "pct_hispanic_2020": 82.8, "pct_asian_2020": 2.2, "population_2020": 6014}, "geometry": {"type": "Polygon", "coordinates": [[[-73.90777, 40.85961], [-73.90726, 40.85935], [-73.90707, 40.85936], [-73.9068, 40.85937], [-73.90627, 40.85919], [-73.90587, 40.85905], [-73.90572, 40.85899], [-73.90487, 40.85869], [-73.90447, 40.85934], [-73.90408, 40.85999], [-73.90351, 40.86092], [-73.90254, 40.86058], [-73.90203, 40.86149], [-73.90161, 40.86214], [-73.90108, 40.86276], [-73.90133, 40.8628], [-73.90157, 40.86281], [-73.90187, 40.86279], [-73.90229, 40.86272], [-73.90257, 40.8627], [-73.9029, 40.86271], [-73.90332, 40.86273], [-73.90404, 40.86274], [-73.90493, 40.86275], [-73.90777, 40.85961]]]}}, {"type": "Feature", "properties": {"tract_id": "36005025400", "name": "Census Tract 254", "pct_white_2020": 51.8, "pct_black_2020": 1.8, "pct_hispanic_2020": 35.7, "pct_asian_2020": 7.8, "population_2020": 2002}, "geometry": {"type": "Polygon", "coordinates": [[[-73.85538, 40.85114], [-73.85619, 40.85078], [-73.85466, 40.84882], [-73.85364, 40.84751], [-73.85219, 40.84566], [-73.85138, 40.84602], [-73.85058, 40.84638], [-73.84977, 40.84675], [-73.84907, 40.84706], [-73.85034, 40.84899], [-73.85137, 40.8503], [-73.85224, 40.84991], [-73.85305, 40.84955], [-73.85457, 40.85151], [-73.85538, 40.85114]]]}}, {"type": "Feature", "properties": {"tract_id": "36005025500", "name": "Census Tract 255", "pct_white_2020": 0.7, "pct_black_2020": 8.3, "pct_hispanic_2020": 88.2, "pct_asian_2020": 0.7, "population_2020": 7275}, "geometry": {"type": "Polygon", "coordinates": [[[-73.91255, 40.86004], [-73.91328, 40.85962], [-73.9109, 40.85878], [-73.91021, 40.85829], [-73.90981, 40.85735], [-73.90777, 40.85961], [-73.90493, 40.86275], [-73.90616, 40.86278], [-73.90759, 40.86282], [-73.90821, 40.86283], [-73.90861, 40.8628], [-73.90904, 40.86268], [-73.90908, 40.86242], [-73.90917, 40.86222], [-73.90955, 40.86172], [-73.90997, 40.8613], [-73.91053, 40.86088], [-73.91076, 40.86074], [-73.91093, 40.86065], [-73.91125, 40.86048], [-73.91158, 40.86034], [-73.91191, 40.86028], [-73.91226, 40.86019], [-73.91255, 40.86004]]]}}, {"type": "Feature", "properties": {"tract_id": "36005025600", "name": "Census Tract 256", "pct_white_2020": 26.1, "pct_black_2020": 5.3, "pct_hispanic_2020": 63.4, "pct_asian_2020": 4.2, "population_2020": 1541}, "geometry": {"type": "Polygon", "coordinates": [[[-73.85574, 40.84314], [-73.85521, 40.84298], [-73.8543, 40.84267], [-73.85334, 40.84247], [-73.8528, 40.84253], [-73.85231, 40.84259], [-73.8518, 40.84265], [-73.85121, 40.84271], [-73.85089, 40.84275], [-73.85052, 40.84279], [-73.84999, 40.84285], [-73.84939, 40.84292], [-73.84855, 40.84301], [-73.84807, 40.84307], [-73.84749, 40.84356], [-73.84623, 40.84449], [-73.84679, 40.845], [-73.84711, 40.84531], [-73.84735, 40.8455], [-73.84772, 40.84584], [-73.84789, 40.84599], [-73.84907, 40.84706], [-73.84977, 40.84675], [-73.85058, 40.84638], [-73.85138, 40.84602], [-73.85219, 40.84566], [-73.85115, 40.84432], [-73.85179, 40.84417], [-73.85206, 40.8441], [-73.85221, 40.84426], [-73.85303, 40.84393], [-73.85401, 40.84364], [-73.85473, 40.84344], [-73.85574, 40.84314]]]}}, {"type": "Feature", "properties": {"tract_id": "36005025700", "name": "Census Tract 257", "pct_white_2020": 3.5, "pct_black_2020": 14.3, "pct_hispanic_2020": 80.8, "pct_asian_2020": 0.0, "population_2020": 1725}, "geometry": {"type": "Polygon", "coordinates": [[[-73.9185, 40.85835], [-73.91929, 40.85747], [-73.9179, 40.85694], [-73.91759, 40.85681], [-73.91742, 40.85677], [-73.91746, 40.85632], [-73.91736, 40.85609], [-73.91722, 40.85601], [-73.91719, 40.85684], [-73.91713, 40.85704], [-73.91703, 40.8573], [-73.91692, 40.85753], [-73.91677, 40.85779], [-73.91664, 40.85799], [-73.91616, 40.85878], [-73.91564, 40.85916], [-73.91525, 40.85928], [-73.91481, 40.8594], [-73.91451, 40.85945], [-73.91445, 40.85944], [-73.91449, 40.85937], [-73.91479, 40.85922], [-73.91509, 40.85906], [-73.91516, 40.85891], [-73.91419, 40.85919], [-73.91328, 40.85962], [-73.91255, 40.86004], [-73.91226, 40.86019], [-73.91191, 40.86028], [-73.91158, 40.86034], [-73.91125, 40.86048], [-73.91093, 40.86065], [-73.91076, 40.86074], [-73.91053, 40.86088], [-73.90997, 40.8613], [-73.90955, 40.86172], [-73.90917, 40.86222], [-73.90908, 40.86242], [-73.90904, 40.86268], [-73.90987, 40.86231], [-73.91076, 40.86165], [-73.91178, 40.86183], [-73.9123, 40.86185], [-73.91252, 40.86188], [-73.9127, 40.86192], [-73.91294, 40.86196], [-73.91323, 40.86205], [-73.91333, 40.86213], [-73.91342, 40.86216], [-73.91434, 40.86252], [-73.9149, 40.86198], [-73.9165, 40.86038], [-73.91698, 40.85991], [-73.91821, 40.85868], [-73.9185, 40.85835]]]}}, {"type": "Feature", "properties": {"tract_id": "36005024000", "name": "Census Tract 240", "pct_white_2020": 19.1, "pct_black_2020": 27.1, "pct_hispanic_2020": 47.9, "pct_asian_2020": 1.4, "population_2020": 4575}, "geometry": {"type": "Polygon", "coordinates": [[[-73.87327, 40.84022], [-73.87356, 40.83979], [-73.87284, 40.83976], [-73.8727, 40.83975], [-73.87121, 40.83967], [-73.87097, 40.83967], [-73.87072, 40.83966], [-73.87046, 40.83963], [-73.87026, 40.83959], [-73.86943, 40.83952], [-73.86933, 40.83957], [-73.86921, 40.8396], [-73.86885, 40.83975], [-73.86872, 40.83981], [-73.86831, 40.83999], [-73.86782, 40.84017], [-73.86741, 40.8403], [-73.86725, 40.84034], [-73.86696, 40.84042], [-73.86636, 40.84059], [-73.86546, 40.84086], [-73.86504, 40.84095], [-73.86446, 40.84109], [-73.86358, 40.84128], [-73.86411, 40.84168], [-73.86517, 40.84247], [-73.8655, 40.84279], [-73.86573, 40.84301], [-73.86591, 40.8432], [-73.86642, 40.84346], [-73.8673, 40.84292], [-73.86889, 40.84441], [-73.86959, 40.84398], [-73.8703, 40.84355], [-73.871, 40.84311], [-73.87153, 40.84251], [-73.87225, 40.8416], [-73.87247, 40.84132], [-73.87281, 40.84087], [-73.87327, 40.84022]]]}}, {"type": "Feature", "properties": {"tract_id": "36005023302", "name": "Census Tract 233.02", "pct_white_2020": 0.7, "pct_black_2020": 17.5, "pct_hispanic_2020": 74.0, "pct_asian_2020": 0.9, "population_2020": 3746}, "geometry": {"type": "Polygon", "coordinates": [[[-73.90749, 40.8478], [-73.90736, 40.84778], [-73.90732, 40.84777], [-73.90632, 40.84758], [-73.90552, 40.84749], [-73.90462, 40.84739], [-73.90374, 40.84733], [-73.90229, 40.84774], [-73.9021, 40.84784], [-73.90195, 40.84806], [-73.90203, 40.84818], [-73.9021, 40.84832], [-73.90212, 40.84836], [-73.90225, 40.84845], [-73.9024, 40.84851], [-73.90328, 40.84869], [-73.90366, 40.84877], [-73.90577, 40.84917], [-73.90595, 40.84927], [-73.90606, 40.84932], [-73.90677, 40.84854], [-73.90749, 40.8478]]]}}, {"type": "Feature", "properties": {"tract_id": "36005023502", "name": "Census Tract 235.02", "pct_white_2020": 0.5, "pct_black_2020": 24.4, "pct_hispanic_2020": 74.0, "pct_asian_2020": 0.0, "population_2020": 4455}, "geometry": {"type": "Polygon", "coordinates": [[[-73.906, 40.84939], [-73.90606, 40.84932], [-73.90595, 40.84927], [-73.90577, 40.84917], [-73.90366, 40.84877], [-73.90328, 40.84869], [-73.90303, 40.8494], [-73.9028, 40.85007], [-73.90282, 40.85073], [-73.90288, 40.8514], [-73.90286, 40.85172], [-73.90279, 40.8518], [-73.90273, 40.85187], [-73.9017, 40.85314], [-73.90125, 40.85448], [-73.90096, 40.85552], [-73.90085, 40.85594], [-73.90186, 40.85459], [-73.90272, 40.85352], [-73.90359, 40.85249], [-73.90368, 40.85239], [-73.90374, 40.85228], [-73.90422, 40.85166], [-73.90467, 40.8511], [-73.90513, 40.85053], [-73.90562, 40.84992], [-73.90595, 40.84946], [-73.906, 40.84939]]]}}, {"type": "Feature", "properties": {"tract_id": "36005023600", "name": "Census Tract 236", "pct_white_2020": 16.4, "pct_black_2020": 13.1, "pct_hispanic_2020": 64.9, "pct_asian_2020": 4.5, "population_2020": 1714}, "geometry": {"type": "Polygon", "coordinates": [[[-73.86893, 40.84688], [-73.86887, 40.8468], [-73.86879, 40.84666], [-73.86872, 40.8465], [-73.86868, 40.84635], [-73.86865, 40.84618], [-73.86865, 40.84605], [-73.86866, 40.8459], [-73.8687, 40.84575], [-73.86874, 40.84561], [-73.86864, 40.84531], [-73.86828, 40.84497], [-73.86802, 40.84484], [-73.86813, 40.84479], [-73.86889, 40.84441], [-73.8673, 40.84292], [-73.86642, 40.84346], [-73.86591, 40.8432], [-73.86573, 40.84301], [-73.8655, 40.84279], [-73.86517, 40.84247], [-73.8654, 40.8432], [-73.86559, 40.84377], [-73.86612, 40.84522], [-73.86695, 40.8475], [-73.86771, 40.84728], [-73.86835, 40.84708], [-73.86893, 40.84688]]]}}, {"type": "Feature", "properties": {"tract_id": "36005023900", "name": "Census Tract 239", "pct_white_2020": 0.6, "pct_black_2020": 24.7, "pct_hispanic_2020": 73.9, "pct_asian_2020": 0.0, "population_2020": 9197}, "geometry": {"type": "Polygon", "coordinates": [[[-73.90526, 40.85805], [-73.90566, 40.8574], [-73.90468, 40.85706], [-73.90509, 40.85641], [-73.90522, 40.8562], [-73.90557, 40.85579], [-73.90473, 40.85537], [-73.90395, 40.85497], [-73.90351, 40.85561], [-73.90278, 40.85673], [-73.90191, 40.85809], [-73.90116, 40.85935], [-73.90079, 40.85998], [-73.89962, 40.86216], [-73.89996, 40.86235], [-73.90028, 40.86247], [-73.90108, 40.86276], [-73.90161, 40.86214], [-73.90203, 40.86149], [-73.90254, 40.86058], [-73.90351, 40.86092], [-73.90408, 40.85999], [-73.90447, 40.85934], [-73.90487, 40.85869], [-73.90526, 40.85805]]]}}, {"type": "Feature", "properties": {"tract_id": "36005024300", "name": "Census Tract 243", "pct_white_2020": 1.9, "pct_black_2020": 18.8, "pct_hispanic_2020": 77.5, "pct_asian_2020": 0.0, "population_2020": 5062}, "geometry": {"type": "Polygon", "coordinates": [[[-73.91545, 40.85049], [-73.9149, 40.85021], [-73.91416, 40.84997], [-73.91346, 40.85002], [-73.91288, 40.85012], [-73.91273, 40.85017], [-73.91248, 40.85038], [-73.91229, 40.85061], [-73.91221, 40.85078], [-73.91217, 40.85094], [-73.91211, 40.85109], [-73.91195, 40.85135], [-73.91184, 40.85145], [-73.91154, 40.85169], [-73.91145, 40.85174], [-73.91132, 40.8518], [-73.91102, 40.85191], [-73.91078, 40.85194], [-73.91017, 40.85198], [-73.90986, 40.85196], [-73.90953, 40.8519], [-73.90921, 40.8518], [-73.90842, 40.85264], [-73.90733, 40.85382], [-73.90756, 40.85386], [-73.9085, 40.85382], [-73.90885, 40.85383], [-73.90911, 40.85387], [-73.90943, 40.85396], [-73.90972, 40.85414], [-73.90983, 40.85427], [-73.91007, 40.85447], [-73.9112, 40.85482], [-73.91158, 40.85458], [-73.91183, 40.85436], [-73.91214, 40.854], [-73.91227, 40.85376], [-73.91249, 40.85339], [-73.9128, 40.85304], [-73.91323, 40.85258], [-73.91378, 40.85213], [-73.91434, 40.85166], [-73.91487, 40.85105], [-73.91545, 40.85049]]]}}, {"type": "Feature", "properties": {"tract_id": "36005024600", "name": "Census Tract 246", "pct_white_2020": 30.9, "pct_black_2020": 6.3, "pct_hispanic_2020": 44.4, "pct_asian_2020": 11.9, "population_2020": 2041}, "geometry": {"type": "Polygon", "coordinates": [[[-73.86304, 40.85061], [-73.86279, 40.84924], [-73.86251, 40.84836], [-73.8616, 40.84855], [-73.86119, 40.8486], [-73.86023, 40.84896], [-73.85943, 40.84932], [-73.85862, 40.84969], [-73.86012, 40.85163], [-73.86018, 40.85227], [-73.86015, 40.85303], [-73.86058, 40.85362], [-73.86091, 40.85406], [-73.86106, 40.85421], [-73.86106, 40.85438], [-73.86104, 40.85494], [-73.86099, 40.85648], [-73.86097, 40.85681], [-73.86192, 40.85678], [-73.862, 40.85439], [-73.86203, 40.8531], [-73.86206, 40.85231], [-73.86212, 40.85081], [-73.86304, 40.85061]]]}}, {"type": "Feature", "properties": {"tract_id": "36005026100", "name": "Census Tract 261", "pct_white_2020": 6.9, "pct_black_2020": 54.6, "pct_hispanic_2020": 30.4, "pct_asian_2020": 5.6, "population_2020": 1996}, "geometry": {"type": "Polygon", "coordinates": [[[-73.90911, 40.86355], [-73.9091, 40.863], [-73.9088, 40.86322], [-73.90838, 40.8634], [-73.90811, 40.86348], [-73.90778, 40.86354], [-73.90754, 40.86356], [-73.90681, 40.86443], [-73.90635, 40.86492], [-73.90628, 40.86501], [-73.90618, 40.86509], [-73.90607, 40.86517], [-73.90596, 40.86523], [-73.90583, 40.86528], [-73.90573, 40.86532], [-73.90559, 40.86535], [-73.90545, 40.86536], [-73.90532, 40.86537], [-73.9052, 40.86539], [-73.90505, 40.86543], [-73.9049, 40.86548], [-73.90477, 40.86555], [-73.90466, 40.86562], [-73.90456, 40.8657], [-73.90447, 40.86579], [-73.9044, 40.86589], [-73.90439, 40.86591], [-73.90312, 40.86765], [-73.90236, 40.8687], [-73.90379, 40.86962], [-73.90404, 40.86954], [-73.90448, 40.86939], [-73.90593, 40.86873], [-73.90713, 40.86792], [-73.90782, 40.86662], [-73.90797, 40.86597], [-73.90814, 40.86576], [-73.90849, 40.86534], [-73.90883, 40.86485], [-73.90903, 40.86422], [-73.90907, 40.86385], [-73.90911, 40.86355]]]}}, {"type": "Feature", "properties": {"tract_id": "36005037504", "name": "Census Tract 375.04", "pct_white_2020": 2.1, "pct_black_2020": 29.6, "pct_hispanic_2020": 62.8, "pct_asian_2020": 0.0, "population_2020": 3790}, "geometry": {"type": "Polygon", "coordinates": [[[-73.89612, 40.84678], [-73.89618, 40.84666], [-73.89536, 40.84652], [-73.89434, 40.84649], [-73.89384, 40.84649], [-73.89337, 40.8464], [-73.89304, 40.84697], [-73.89242, 40.848], [-73.89154, 40.84947], [-73.89094, 40.85048], [-73.8899, 40.84987], [-73.88933, 40.85083], [-73.8905, 40.85122], [-73.88997, 40.8521], [-73.88988, 40.85207], [-73.88994, 40.85259], [-73.88961, 40.85324], [-73.88962, 40.85359], [-73.88972, 40.85375], [-73.89003, 40.85422], [-73.89039, 40.85469], [-73.8909, 40.85412], [-73.89168, 40.85329], [-73.89217, 40.85277], [-73.89307, 40.85325], [-73.89432, 40.85189], [-73.89479, 40.85108], [-73.89407, 40.85071], [-73.89495, 40.8491], [-73.89557, 40.8478], [-73.89612, 40.84678]]]}}, {"type": "Feature", "properties": {"tract_id": "36005018102", "name": "Census Tract 181.02", "pct_white_2020": 1.9, "pct_black_2020": 37.9, "pct_hispanic_2020": 56.8, "pct_asian_2020": 0.3, "population_2020": 5453}, "geometry": {"type": "Polygon", "coordinates": [[[-73.92046, 40.83092], [-73.92032, 40.83086], [-73.91957, 40.83058], [-73.91947, 40.83054], [-73.91894, 40.83033], [-73.91811, 40.83001], [-73.91745, 40.83113], [-73.91675, 40.83232], [-73.91586, 40.83384], [-73.91666, 40.83413], [-73.91757, 40.83446], [-73.91771, 40.83451], [-73.91778, 40.83444], [-73.91839, 40.83381], [-73.91903, 40.83309], [-73.91986, 40.83195], [-73.92046, 40.83092]]]}}, {"type": "Feature", "properties": {"tract_id": "36005020502", "name": "Census Tract 205.02", "pct_white_2020": 1.6, "pct_black_2020": 24.4, "pct_hispanic_2020": 70.2, "pct_asian_2020": 0.9, "population_2020": 2605}, "geometry": {"type": "Polygon", "coordinates": [[[-73.92214, 40.85045], [-73.92229, 40.85028], [-73.92163, 40.85006], [-73.92128, 40.84999], [-73.92032, 40.8498], [-73.91937, 40.84962], [-73.91909, 40.85], [-73.91895, 40.85018], [-73.91727, 40.85131], [-73.91645, 40.85191], [-73.91683, 40.85198], [-73.9172, 40.85205], [-73.91741, 40.85215], [-73.91758, 40.85228], [-73.91792, 40.85276], [-73.91817, 40.85298], [-73.91861, 40.85284], [-73.91908, 40.85307], [-73.91959, 40.85334], [-73.91986, 40.85305], [-73.92072, 40.85212], [-73.92081, 40.85202], [-73.92214, 40.85045]]]}}, {"type": "Feature", "properties": {"tract_id": "36005022101", "name": "Census Tract 221.01", "pct_white_2020": 2.2, "pct_black_2020": 16.6, "pct_hispanic_2020": 72.8, "pct_asian_2020": 2.4, "population_2020": 4424}, "geometry": {"type": "Polygon", "coordinates": [[[-73.92013, 40.83759], [-73.92048, 40.83714], [-73.91948, 40.8368], [-73.91841, 40.83644], [-73.91785, 40.83716], [-73.91738, 40.83775], [-73.91692, 40.83834], [-73.91643, 40.83895], [-73.91594, 40.83955], [-73.91678, 40.83988], [-73.91768, 40.84022], [-73.91814, 40.83961], [-73.91859, 40.83898], [-73.91902, 40.83838], [-73.91931, 40.83813], [-73.91938, 40.83808], [-73.9197, 40.83787], [-73.92013, 40.83759]]]}}, {"type": "Feature", "properties": {"tract_id": "36005029301", "name": "Census Tract 293.01", "pct_white_2020": 62.1, "pct_black_2020": 8.1, "pct_hispanic_2020": 18.7, "pct_asian_2020": 6.0, "population_2020": 1862}, "geometry": {"type": "Polygon", "coordinates": [[[-73.93381, 40.88221], [-73.93379, 40.88221], [-73.92497, 40.87914], [-73.92465, 40.87904], [-73.9245, 40.87897], [-73.9226, 40.87878], [-73.92163, 40.87832], [-73.92145, 40.87825], [-73.92135, 40.87832], [-73.92095, 40.87858], [-73.9204, 40.87903], [-73.9201, 40.87922], [-73.91937, 40.87966], [-73.91873, 40.88012], [-73.91833, 40.88049], [-73.91922, 40.88077], [-73.91948, 40.88086], [-73.91964, 40.88097], [-73.91973, 40.88112], [-73.91975, 40.88126], [-73.91976, 40.88145], [-73.91975, 40.8816], [-73.91975, 40.88178], [-73.91976, 40.88199], [-73.91983, 40.88216], [-73.91997, 40.8824], [-73.92023, 40.88271], [-73.91981, 40.88394], [-73.91927, 40.88481], [-73.91876, 40.88557], [-73.9187, 40.88689], [-73.92059, 40.88719], [-73.92096, 40.88729], [-73.92943, 40.88969], [-73.92945, 40.88962], [-73.92982, 40.88868], [-73.93173, 40.88558], [-73.93257, 40.88421], [-73.93365, 40.88246], [-73.93381, 40.88221]]]}}, {"type": "Feature", "properties": {"tract_id": "36005030900", "name": "Census Tract 309", "pct_white_2020": 74.1, "pct_black_2020": 6.0, "pct_hispanic_2020": 14.9, "pct_asian_2020": 3.2, "population_2020": 3562}, "geometry": {"type": "Polygon", "coordinates": [[[-73.92919, 40.89031], [-73.92943, 40.88969], [-73.92096, 40.88729], [-73.92059, 40.88719], [-73.9187, 40.88689], [-73.91876, 40.88557], [-73.91604, 40.88487], [-73.91398, 40.88637], [-73.91367, 40.88661], [-73.91347, 40.8868], [-73.91331, 40.8871], [-73.91311, 40.88831], [-73.91301, 40.889], [-73.9129, 40.88975], [-73.91282, 40.89007], [-73.9127, 40.89057], [-73.91259, 40.89083], [-73.912, 40.89224], [-73.91177, 40.89301], [-73.91152, 40.89388], [-73.91143, 40.89459], [-73.9114, 40.89481], [-73.91132, 40.89499], [-73.91112, 40.8949], [-73.9109, 40.89512], [-73.91084, 40.89515], [-73.9108, 40.89518], [-73.91078, 40.89521], [-73.91077, 40.89525], [-73.91078, 40.8953], [-73.9108, 40.89533], [-73.91081, 40.89534], [-73.91086, 40.89541], [-73.91093, 40.89548], [-73.91102, 40.89554], [-73.91111, 40.89558], [-73.9112, 40.8956], [-73.9113, 40.89562], [-73.91144, 40.89564], [-73.91156, 40.89568], [-73.91171, 40.89573], [-73.91182, 40.89578], [-73.91187, 40.89601], [-73.91176, 40.8964], [-73.91136, 40.89784], [-73.91111, 40.89875], [-73.91099, 40.8993], [-73.91084, 40.90003], [-73.9102, 40.90306], [-73.91095, 40.90317], [-73.91157, 40.90336], [-73.9126, 40.90358], [-73.91214, 40.90444], [-73.91196, 40.90477], [-73.91177, 40.90487], [-73.91155, 40.90513], [-73.91122, 40.90561], [-73.91085, 40.90622], [-73.9106, 40.90677], [-73.91046, 40.90699], [-73.91024, 40.9072], [-73.9092, 40.90807], [-73.90899, 40.90821], [-73.90864, 40.90857], [-73.9075, 40.91026], [-73.90739, 40.91043], [-73.90728, 40.91054], [-73.90674, 40.9112], [-73.90656, 40.91133], [-73.90647, 40.91138], [-73.90643, 40.9115], [-73.90647, 40.91156], [-73.90659, 40.91164], [-73.90764, 40.91203], [-73.90773, 40.91206], [-73.90778, 40.91209], [-73.90799, 40.91216], [-73.90822, 40.91223], [-73.90846, 40.91227], [-73.90853, 40.91228], [-73.90948, 40.91238], [-73.9097, 40.91247], [-73.91077, 40.9129], [-73.91098, 40.91276], [-73.91119, 40.91262], [-73.91182, 40.91294], [-73.91943, 40.91489], [-73.91993, 40.91362], [-73.91995, 40.91359], [-73.92097, 40.91101], [-73.92124, 40.91032], [-73.92247, 40.90724], [-73.92331, 40.90506], [-73.92384, 40.90367], [-73.92424, 40.90274], [-73.92495, 40.90102], [-73.92567, 40.89915], [-73.92592, 40.89848], [-73.92655, 40.89688], [-73.92712, 40.8955], [-73.92724, 40.8952], [-73.92829, 40.89256], [-73.92919, 40.89031]]]}}, {"type": "Feature", "properties": {"tract_id": "36005033202", "name": "Census Tract 332.02", "pct_white_2020": 8.7, "pct_black_2020": 20.2, "pct_hispanic_2020": 60.7, "pct_asian_2020": 8.0, "population_2020": 3664}, "geometry": {"type": "Polygon", "coordinates": [[[-73.87046, 40.86327], [-73.87058, 40.8614], [-73.86944, 40.86138], [-73.8685, 40.86136], [-73.86749, 40.86135], [-73.86742, 40.86321], [-73.86736, 40.86543], [-73.86837, 40.86541], [-73.86913, 40.86539], [-73.87042, 40.86536], [-73.87046, 40.86327]]]}}, {"type": "Feature", "properties": {"tract_id": "36005040502", "name": "Census Tract 405.02", "pct_white_2020": 1.8, "pct_black_2020": 25.5, "pct_hispanic_2020": 66.8, "pct_asian_2020": 5.5, "population_2020": 6590}, "geometry": {"type": "Polygon", "coordinates": [[[-73.89213, 40.86463], [-73.89131, 40.86413], [-73.89016, 40.86348], [-73.8889, 40.86475], [-73.88812, 40.86425], [-73.88683, 40.86539], [-73.88594, 40.86592], [-73.88646, 40.86663], [-73.88691, 40.86723], [-73.88769, 40.86796], [-73.88831, 40.86855], [-73.88906, 40.86793], [-73.88974, 40.86723], [-73.89036, 40.86661], [-73.89213, 40.86463]]]}}, {"type": "Feature", "properties": {"tract_id": "36005020000", "name": "Census Tract 200", "pct_white_2020": 3.0, "pct_black_2020": 7.9, "pct_hispanic_2020": 60.6, "pct_asian_2020": 23.7, "population_2020": 4935}, "geometry": {"type": "Polygon", "coordinates": [[[-73.84999, 40.84285], [-73.85052, 40.84279], [-73.84899, 40.8416], [-73.84796, 40.84083], [-73.8478, 40.8407], [-73.84716, 40.84026], [-73.84648, 40.83981], [-73.84553, 40.83917], [-73.84458, 40.83854], [-73.84392, 40.83909], [-73.84361, 40.83935], [-73.84331, 40.8396], [-73.84306, 40.8398], [-73.84261, 40.84017], [-73.8424, 40.84035], [-73.84204, 40.84065], [-73.8415, 40.84102], [-73.84188, 40.84153], [-73.84239, 40.84227], [-73.84284, 40.84291], [-73.84328, 40.84354], [-73.84378, 40.84412], [-73.84429, 40.84468], [-73.84491, 40.84543], [-73.84467, 40.84594], [-73.84462, 40.84636], [-73.84489, 40.8479], [-73.84494, 40.84821], [-73.84503, 40.84865], [-73.84505, 40.84913], [-73.84502, 40.84947], [-73.84493, 40.85014], [-73.84511, 40.84995], [-73.84525, 40.84963], [-73.8453, 40.84945], [-73.84536, 40.84868], [-73.84542, 40.84854], [-73.84575, 40.84803], [-73.84604, 40.84763], [-73.84635, 40.84728], [-73.84657, 40.84707], [-73.84721, 40.84649], [-73.84789, 40.84599], [-73.84772, 40.84584], [-73.84735, 40.8455], [-73.84711, 40.84531], [-73.84679, 40.845], [-73.84623, 40.84449], [-73.84749, 40.84356], [-73.84807, 40.84307], [-73.84855, 40.84301], [-73.84939, 40.84292], [-73.84999, 40.84285]]]}}, {"type": "Feature", "properties": {"tract_id": "36005033500", "name": "Census Tract 335", "pct_white_2020": 51.4, "pct_black_2020": 12.5, "pct_hispanic_2020": 28.5, "pct_asian_2020": 3.5, "population_2020": 2085}, "geometry": {"type": "Polygon", "coordinates": [[[-73.90906, 40.88951], [-73.90889, 40.8894], [-73.9088, 40.88936], [-73.9087, 40.88932], [-73.90842, 40.88912], [-73.908, 40.88891], [-73.9076, 40.8882], [-73.90739, 40.88782], [-73.90626, 40.88757], [-73.90533, 40.88736], [-73.9049, 40.88726], [-73.90413, 40.88709], [-73.90382, 40.88748], [-73.90301, 40.88882], [-73.90286, 40.88916], [-73.90287, 40.8892], [-73.90291, 40.88937], [-73.90292, 40.88954], [-73.90292, 40.88974], [-73.9029, 40.88992], [-73.90285, 40.89011], [-73.90279, 40.89029], [-73.90232, 40.89108], [-73.90172, 40.89202], [-73.90108, 40.89341], [-73.90121, 40.89357], [-73.90152, 40.89373], [-73.90176, 40.89376], [-73.90203, 40.89373], [-73.90216, 40.89368], [-73.90265, 40.89349], [-73.90279, 40.89344], [-73.90333, 40.89326], [-73.90362, 40.8932], [-73.90376, 40.89321], [-73.90381, 40.89323], [-73.904, 40.89333], [-73.90423, 40.89346], [-73.90441, 40.89355], [-73.90462, 40.89361], [-73.90484, 40.89362], [-73.90533, 40.89361], [-73.90549, 40.89374], [-73.90552, 40.89383], [-73.90541, 40.89412], [-73.90531, 40.89431], [-73.90513, 40.89456], [-73.90495, 40.89478], [-73.90476, 40.89497], [-73.90444, 40.89524], [-73.90433, 40.89532], [-73.90429, 40.89535], [-73.90326, 40.89585], [-73.90241, 40.89649], [-73.90204, 40.897], [-73.90107, 40.89862], [-73.90102, 40.89883], [-73.90103, 40.89905], [-73.90109, 40.89927], [-73.90119, 40.89948], [-73.90196, 40.90056], [-73.90197, 40.90073], [-73.90196, 40.90119], [-73.90196, 40.90129], [-73.90342, 40.90122], [-73.90397, 40.90117], [-73.90472, 40.90099], [-73.90575, 40.90058], [-73.90636, 40.90017], [-73.90694, 40.89966], [-73.90722, 40.89934], [-73.90746, 40.89939], [-73.9076, 40.89921], [-73.90772, 40.899], [-73.90785, 40.89877], [-73.90795, 40.89854], [-73.90803, 40.89833], [-73.9081, 40.89809], [-73.90816, 40.89784], [-73.90819, 40.8976], [-73.90821, 40.89734], [-73.90829, 40.89645], [-73.90848, 40.89432], [-73.9085, 40.89359], [-73.90852, 40.89279], [-73.90853, 40.89091], [-73.90859, 40.89066], [-73.90867, 40.89025], [-73.90906, 40.88951]]]}}, {"type": "Feature", "properties": {"tract_id": "36005033700", "name": "Census Tract 337", "pct_white_2020": 65.4, "pct_black_2020": 3.3, "pct_hispanic_2020": 22.0, "pct_asian_2020": 6.5, "population_2020": 2570}, "geometry": {"type": "Polygon", "coordinates": [[[-73.90746, 40.89939], [-73.90722, 40.89934], [-73.90694, 40.89966], [-73.90636, 40.90017], [-73.90575, 40.90058], [-73.90472, 40.90099], [-73.90397, 40.90117], [-73.90342, 40.90122], [-73.90196, 40.90129], [-73.90184, 40.90156], [-73.90168, 40.90229], [-73.90152, 40.90263], [-73.90127, 40.90304], [-73.90097, 40.90339], [-73.90038, 40.90385], [-73.90027, 40.90404], [-73.90023, 40.90433], [-73.90022, 40.90455], [-73.90029, 40.90478], [-73.90061, 40.90518], [-73.90071, 40.90528], [-73.90072, 40.90547], [-73.90038, 40.90675], [-73.90001, 40.90813], [-73.89961, 40.9096], [-73.89923, 40.91104], [-73.90009, 40.91124], [-73.89999, 40.91202], [-73.89981, 40.912], [-73.89927, 40.91193], [-73.89951, 40.91198], [-73.89979, 40.91207], [-73.89997, 40.91213], [-73.9007, 40.91238], [-73.90211, 40.91288], [-73.90245, 40.91298], [-73.90259, 40.91247], [-73.90322, 40.91013], [-73.90367, 40.90844], [-73.9041, 40.90686], [-73.90434, 40.90597], [-73.90446, 40.90564], [-73.90459, 40.90529], [-73.90501, 40.90414], [-73.90547, 40.90295], [-73.90611, 40.90167], [-73.90649, 40.90101], [-73.90651, 40.90096], [-73.90746, 40.89939]]]}}, {"type": "Feature", "properties": {"tract_id": "36005034800", "name": "Census Tract 348", "pct_white_2020": 5.1, "pct_black_2020": 46.4, "pct_hispanic_2020": 44.4, "pct_asian_2020": 3.6, "population_2020": 6177}, "geometry": {"type": "Polygon", "coordinates": [[[-73.85655, 40.87303], [-73.85661, 40.87125], [-73.85603, 40.87123], [-73.85557, 40.87122], [-73.85565, 40.8695], [-73.85571, 40.86768], [-73.85578, 40.86544], [-73.85477, 40.86542], [-73.85383, 40.86541], [-73.85289, 40.86539], [-73.85196, 40.86537], [-73.85102, 40.86535], [-73.85083, 40.86535], [-73.85039, 40.86534], [-73.85008, 40.86533], [-73.85006, 40.86574], [-73.85, 40.86757], [-73.84996, 40.86939], [-73.84993, 40.87133], [-73.84891, 40.87157], [-73.8486, 40.87167], [-73.84988, 40.8721], [-73.85079, 40.8724], [-73.85166, 40.87269], [-73.85266, 40.87299], [-73.85358, 40.87328], [-73.85364, 40.8733], [-73.85451, 40.87358], [-73.85552, 40.8739], [-73.85651, 40.87422], [-73.85655, 40.87303]]]}}, {"type": "Feature", "properties": {"tract_id": "36005036000", "name": "Census Tract 360", "pct_white_2020": 6.3, "pct_black_2020": 56.1, "pct_hispanic_2020": 33.0, "pct_asian_2020": 3.0, "population_2020": 3176}, "geometry": {"type": "Polygon", "coordinates": [[[-73.8472, 40.86755], [-73.84718, 40.86528], [-73.84625, 40.86527], [-73.84531, 40.86525], [-73.84437, 40.86523], [-73.84335, 40.86521], [-73.84169, 40.86518], [-73.84075, 40.86516], [-73.8398, 40.86515], [-73.83886, 40.86513], [-73.83793, 40.86511], [-73.83699, 40.86509], [-73.83697, 40.86564], [-73.83784, 40.8661], [-73.83875, 40.86657], [-73.83922, 40.86682], [-73.83974, 40.86709], [-73.84064, 40.86755], [-73.84122, 40.86786], [-73.84193, 40.86823], [-73.84241, 40.86848], [-73.84316, 40.86886], [-73.84359, 40.86909], [-73.84423, 40.86942], [-73.84442, 40.86952], [-73.84517, 40.86991], [-73.84614, 40.8688], [-73.8472, 40.86755]]]}}, {"type": "Feature", "properties": {"tract_id": "36005027402", "name": "Census Tract 274.02", "pct_white_2020": 55.5, "pct_black_2020": 3.1, "pct_hispanic_2020": 27.4, "pct_asian_2020": 1.1, "population_2020": 3512}, "geometry": {"type": "Polygon", "coordinates": [[[-73.82042, 40.84333], [-73.82046, 40.84255], [-73.82025, 40.84158], [-73.82007, 40.84088], [-73.8198, 40.83994], [-73.81957, 40.83916], [-73.81951, 40.839], [-73.81923, 40.83802], [-73.81921, 40.83792], [-73.81918, 40.8378], [-73.81913, 40.83767], [-73.81906, 40.83752], [-73.81897, 40.83739], [-73.81888, 40.83729], [-73.81877, 40.83718], [-73.81873, 40.8371], [-73.81851, 40.83666], [-73.81805, 40.83554], [-73.8172, 40.83574], [-73.81641, 40.83593], [-73.8093, 40.83803], [-73.80926, 40.84297], [-73.80934, 40.84943], [-73.81567, 40.84885], [-73.81631, 40.84855], [-73.81726, 40.84843], [-73.8182, 40.84831], [-73.81915, 40.84817], [-73.82014, 40.84802], [-73.82023, 40.84622], [-73.82037, 40.84413], [-73.82042, 40.84333]]]}}, {"type": "Feature", "properties": {"tract_id": "36005005100", "name": "Census Tract 51", "pct_white_2020": 0.9, "pct_black_2020": 43.8, "pct_hispanic_2020": 52.9, "pct_asian_2020": 0.0, "population_2020": 6492}, "geometry": {"type": "Polygon", "coordinates": [[[-73.93263, 40.81061], [-73.93261, 40.81002], [-73.93259, 40.80968], [-73.93257, 40.80926], [-73.93248, 40.80886], [-73.93235, 40.80859], [-73.93211, 40.80818], [-73.93182, 40.8079], [-73.9318, 40.80788], [-73.93094, 40.80825], [-73.93011, 40.80888], [-73.92952, 40.80932], [-73.92944, 40.80938], [-73.92933, 40.80947], [-73.92922, 40.80956], [-73.92881, 40.8099], [-73.92814, 40.80962], [-73.92777, 40.81011], [-73.92767, 40.81023], [-73.92712, 40.81095], [-73.92644, 40.81151], [-73.92555, 40.81194], [-73.92468, 40.81238], [-73.92383, 40.81282], [-73.92347, 40.81301], [-73.92288, 40.81332], [-73.92209, 40.81373], [-73.92121, 40.81417], [-73.92091, 40.81433], [-73.92048, 40.81456], [-73.9211, 40.81524], [-73.92129, 40.81543], [-73.92146, 40.81553], [-73.92158, 40.81555], [-73.92124, 40.81622], [-73.92309, 40.8167], [-73.92366, 40.81591], [-73.924, 40.81544], [-73.92489, 40.81568], [-73.92506, 40.81572], [-73.9255, 40.81583], [-73.92567, 40.81588], [-73.92663, 40.81612], [-73.92644, 40.81646], [-73.92622, 40.81676], [-73.92519, 40.81801], [-73.92539, 40.81807], [-73.92553, 40.8181], [-73.92579, 40.81817], [-73.92636, 40.81832], [-73.92731, 40.81856], [-73.92822, 40.81653], [-73.92886, 40.81488], [-73.93028, 40.81326], [-73.93057, 40.81337], [-73.93102, 40.81358], [-73.93116, 40.81365], [-73.93127, 40.81371], [-73.93135, 40.81383], [-73.93216, 40.81415], [-73.9324, 40.81415], [-73.93241, 40.81406], [-73.93242, 40.81403], [-73.93242, 40.81357], [-73.93249, 40.81288], [-73.9326, 40.81199], [-73.9326, 40.81152], [-73.93263, 40.81061]]]}}, {"type": "Feature", "properties": {"tract_id": "36005021001", "name": "Census Tract 210.01", "pct_white_2020": 1.7, "pct_black_2020": 49.4, "pct_hispanic_2020": 39.4, "pct_asian_2020": 8.4, "population_2020": 7895}, "geometry": {"type": "Polygon", "coordinates": [[[-73.86358, 40.84128], [-73.86309, 40.84082], [-73.86267, 40.84041], [-73.86244, 40.84017], [-73.8623, 40.84005], [-73.86175, 40.83958], [-73.86131, 40.83922], [-73.86106, 40.83903], [-73.86094, 40.83893], [-73.86069, 40.83851], [-73.8603, 40.83883], [-73.85983, 40.83882], [-73.85896, 40.83915], [-73.85836, 40.83954], [-73.85775, 40.83984], [-73.85766, 40.83988], [-73.85733, 40.84001], [-73.85699, 40.84014], [-73.85669, 40.84023], [-73.85633, 40.84032], [-73.85603, 40.84038], [-73.85572, 40.84043], [-73.85536, 40.84048], [-73.85514, 40.84051], [-73.85415, 40.84062], [-73.85303, 40.84074], [-73.85309, 40.84105], [-73.85327, 40.84208], [-73.85334, 40.84247], [-73.85519, 40.84226], [-73.85546, 40.84223], [-73.85618, 40.84215], [-73.85692, 40.84206], [-73.86176, 40.84151], [-73.86358, 40.84128]]]}}, {"type": "Feature", "properties": {"tract_id": "36005021002", "name": "Census Tract 210.02", "pct_white_2020": 0.6, "pct_black_2020": 37.0, "pct_hispanic_2020": 39.5, "pct_asian_2020": 19.9, "population_2020": 7925}, "geometry": {"type": "Polygon", "coordinates": [[[-73.86069, 40.83851], [-73.86053, 40.83813], [-73.86045, 40.83807], [-73.8603, 40.83796], [-73.86012, 40.83785], [-73.85997, 40.83778], [-73.85974, 40.83777], [-73.85941, 40.83777], [-73.85887, 40.83773], [-73.85865, 40.83759], [-73.85768, 40.83702], [-73.85711, 40.83667], [-73.85655, 40.83629], [-73.85586, 40.8359], [-73.85513, 40.83605], [-73.85545, 40.83746], [-73.85446, 40.83757], [-73.85349, 40.83768], [-73.85388, 40.83974], [-73.85415, 40.84062], [-73.85514, 40.84051], [-73.85536, 40.84048], [-73.85572, 40.84043], [-73.85603, 40.84038], [-73.85633, 40.84032], [-73.85669, 40.84023], [-73.85699, 40.84014], [-73.85733, 40.84001], [-73.85766, 40.83988], [-73.85775, 40.83984], [-73.85836, 40.83954], [-73.85896, 40.83915], [-73.85983, 40.83882], [-73.8603, 40.83883], [-73.86069, 40.83851]]]}}, {"type": "Feature", "properties": {"tract_id": "36005022403", "name": "Census Tract 224.03", "pct_white_2020": 11.5, "pct_black_2020": 20.0, "pct_hispanic_2020": 64.7, "pct_asian_2020": 2.4, "population_2020": 2998}, "geometry": {"type": "Polygon", "coordinates": [[[-73.86765, 40.85662], [-73.8677, 40.85449], [-73.86669, 40.85448], [-73.86575, 40.85446], [-73.86481, 40.85444], [-73.86474, 40.85669], [-73.8638, 40.85672], [-73.86286, 40.85676], [-73.86192, 40.85678], [-73.86189, 40.85692], [-73.86178, 40.85739], [-73.86179, 40.85798], [-73.86288, 40.85795], [-73.86467, 40.85791], [-73.86564, 40.85788], [-73.86658, 40.85786], [-73.86759, 40.85783], [-73.86761, 40.85724], [-73.86764, 40.85679], [-73.86765, 40.85662]]]}}, {"type": "Feature", "properties": {"tract_id": "36005024502", "name": "Census Tract 245.02", "pct_white_2020": 1.6, "pct_black_2020": 24.2, "pct_hispanic_2020": 74.2, "pct_asian_2020": 0.0, "population_2020": 3742}, "geometry": {"type": "Polygon", "coordinates": [[[-73.91571, 40.85586], [-73.91619, 40.85458], [-73.91557, 40.85424], [-73.91542, 40.85417], [-73.91505, 40.85403], [-73.91468, 40.85394], [-73.91385, 40.85381], [-73.91227, 40.85376], [-73.91214, 40.854], [-73.91183, 40.85436], [-73.91158, 40.85458], [-73.9112, 40.85482], [-73.91093, 40.85502], [-73.91073, 40.85523], [-73.91053, 40.85552], [-73.91041, 40.85573], [-73.91117, 40.85587], [-73.91213, 40.85601], [-73.91394, 40.85632], [-73.91545, 40.8565], [-73.91571, 40.85586]]]}}, {"type": "Feature", "properties": {"tract_id": "36005039500", "name": "Census Tract 395", "pct_white_2020": 1.0, "pct_black_2020": 32.2, "pct_hispanic_2020": 65.6, "pct_asian_2020": 0.0, "population_2020": 4597}, "geometry": {"type": "Polygon", "coordinates": [[[-73.90126, 40.84457], [-73.9013, 40.84448], [-73.9011, 40.84445], [-73.90092, 40.84443], [-73.89959, 40.8443], [-73.89852, 40.84417], [-73.89748, 40.84407], [-73.89547, 40.84384], [-73.89481, 40.84376], [-73.89467, 40.84391], [-73.89399, 40.8447], [-73.89357, 40.84514], [-73.8934, 40.8454], [-73.89322, 40.84581], [-73.8929, 40.84627], [-73.89337, 40.8464], [-73.89384, 40.84649], [-73.89434, 40.84649], [-73.89536, 40.84652], [-73.89618, 40.84666], [-73.89612, 40.84678], [-73.89557, 40.8478], [-73.89495, 40.8491], [-73.89407, 40.85071], [-73.89479, 40.85108], [-73.89432, 40.85189], [-73.89307, 40.85325], [-73.89371, 40.85359], [-73.89421, 40.85386], [-73.89398, 40.85425], [-73.89515, 40.85463], [-73.89542, 40.85458], [-73.89561, 40.85457], [-73.89662, 40.85279], [-73.89709, 40.85197], [-73.89809, 40.85021], [-73.89888, 40.84881], [-73.89967, 40.84744], [-73.9002, 40.84647], [-73.90089, 40.84524], [-73.90126, 40.84457]]]}}, {"type": "Feature", "properties": {"tract_id": "36005026701", "name": "Census Tract 267.01", "pct_white_2020": 2.4, "pct_black_2020": 18.7, "pct_hispanic_2020": 66.1, "pct_asian_2020": 10.9, "population_2020": 3632}, "geometry": {"type": "Polygon", "coordinates": [[[-73.90358, 40.86975], [-73.90379, 40.86962], [-73.90236, 40.8687], [-73.90165, 40.86842], [-73.90114, 40.86828], [-73.90017, 40.86804], [-73.89998, 40.86799], [-73.89953, 40.86788], [-73.89954, 40.8681], [-73.89956, 40.86826], [-73.89964, 40.86847], [-73.89965, 40.86869], [-73.8996, 40.86893], [-73.89892, 40.86966], [-73.89969, 40.87004], [-73.90061, 40.87023], [-73.90152, 40.87039], [-73.90265, 40.87059], [-73.90293, 40.87024], [-73.90327, 40.86994], [-73.90358, 40.86975]]]}}, {"type": "Feature", "properties": {"tract_id": "36005009600", "name": "Census Tract 96", "pct_white_2020": 8.1, "pct_black_2020": 16.8, "pct_hispanic_2020": 50.6, "pct_asian_2020": 19.4, "population_2020": 2740}, "geometry": {"type": "Polygon", "coordinates": [[[-73.8487, 40.8351], [-73.84956, 40.83441], [-73.84849, 40.83452], [-73.84831, 40.83378], [-73.84815, 40.83306], [-73.84798, 40.83234], [-73.84781, 40.83162], [-73.84764, 40.8309], [-73.84747, 40.83019], [-73.84732, 40.82953], [-73.84726, 40.82931], [-73.84697, 40.82923], [-73.84585, 40.82891], [-73.84504, 40.8288], [-73.84526, 40.82846], [-73.84455, 40.82854], [-73.84444, 40.82852], [-73.8441, 40.82847], [-73.84392, 40.82845], [-73.84314, 40.82858], [-73.84292, 40.82862], [-73.84281, 40.82864], [-73.84239, 40.82869], [-73.84239, 40.82879], [-73.84235, 40.82879], [-73.84231, 40.8288], [-73.84231, 40.82892], [-73.84231, 40.82908], [-73.84237, 40.82943], [-73.84233, 40.82994], [-73.84219, 40.83031], [-73.84203, 40.83051], [-73.84191, 40.83081], [-73.84228, 40.83127], [-73.83933, 40.83355], [-73.83932, 40.83577], [-73.8396, 40.83827], [-73.83957, 40.84055], [-73.83936, 40.84088], [-73.83958, 40.84088], [-73.83985, 40.84085], [-73.84046, 40.84073], [-73.84125, 40.84062], [-73.84132, 40.84061], [-73.84151, 40.8406], [-73.84169, 40.8406], [-73.84186, 40.84061], [-73.84204, 40.84065], [-73.8424, 40.84035], [-73.84261, 40.84017], [-73.84306, 40.8398], [-73.84331, 40.8396], [-73.84361, 40.83935], [-73.84392, 40.83909], [-73.84458, 40.83854], [-73.84556, 40.83772], [-73.84581, 40.83751], [-73.84625, 40.83715], [-73.8465, 40.83694], [-73.84668, 40.83679], [-73.84732, 40.83626], [-73.84806, 40.83564], [-73.8487, 40.8351]]]}}, {"type": "Feature", "properties": {"tract_id": "36005020900", "name": "Census Tract 209", "pct_white_2020": 3.4, "pct_black_2020": 38.4, "pct_hispanic_2020": 55.6, "pct_asian_2020": 0.7, "population_2020": 4867}, "geometry": {"type": "Polygon", "coordinates": [[[-73.91796, 40.8431], [-73.91795, 40.84223], [-73.91769, 40.84224], [-73.91618, 40.84234], [-73.9153, 40.84196], [-73.91447, 40.84162], [-73.91365, 40.84128], [-73.91343, 40.8412], [-73.91334, 40.84117], [-73.91288, 40.841], [-73.9127, 40.84093], [-73.91247, 40.84162], [-73.91223, 40.84234], [-73.91199, 40.84307], [-73.91193, 40.84327], [-73.91209, 40.84334], [-73.91303, 40.84364], [-73.91386, 40.84398], [-73.91474, 40.84434], [-73.91587, 40.84479], [-73.91612, 40.84485], [-73.91673, 40.84505], [-73.9174, 40.84504], [-73.91746, 40.84493], [-73.91751, 40.84473], [-73.91751, 40.84454], [-73.91749, 40.84434], [-73.91745, 40.84418], [-73.91743, 40.84396], [-73.91746, 40.84379], [-73.91756, 40.84359], [-73.91775, 40.84337], [-73.91796, 40.8431]]]}}, {"type": "Feature", "properties": {"tract_id": "36005022200", "name": "Census Tract 222", "pct_white_2020": 2.8, "pct_black_2020": 8.0, "pct_hispanic_2020": 46.1, "pct_asian_2020": 38.8, "population_2020": 3333}, "geometry": {"type": "Polygon", "coordinates": [[[-73.86101, 40.8346], [-73.86091, 40.83399], [-73.86085, 40.83361], [-73.86058, 40.83356], [-73.86044, 40.83346], [-73.86034, 40.83329], [-73.85906, 40.83341], [-73.85773, 40.83356], [-73.85465, 40.83389], [-73.85347, 40.83401], [-73.85281, 40.83408], [-73.85168, 40.8342], [-73.85207, 40.83563], [-73.85221, 40.83635], [-73.85233, 40.83701], [-73.85248, 40.83778], [-73.85266, 40.83878], [-73.85287, 40.83985], [-73.85289, 40.83998], [-73.85291, 40.84009], [-73.85303, 40.84074], [-73.85415, 40.84062], [-73.85388, 40.83974], [-73.85349, 40.83768], [-73.85446, 40.83757], [-73.85545, 40.83746], [-73.85513, 40.83605], [-73.85586, 40.8359], [-73.85565, 40.83572], [-73.85753, 40.83518], [-73.85813, 40.835], [-73.85977, 40.83477], [-73.86101, 40.8346]]]}}, {"type": "Feature", "properties": {"tract_id": "36005023800", "name": "Census Tract 238", "pct_white_2020": 22.5, "pct_black_2020": 7.1, "pct_hispanic_2020": 59.6, "pct_asian_2020": 7.3, "population_2020": 2349}, "geometry": {"type": "Polygon", "coordinates": [[[-73.86612, 40.84522], [-73.86559, 40.84377], [-73.8654, 40.8432], [-73.86517, 40.84247], [-73.86411, 40.84168], [-73.86358, 40.84128], [-73.86176, 40.84151], [-73.85692, 40.84206], [-73.85618, 40.84215], [-73.85546, 40.84223], [-73.85519, 40.84226], [-73.85334, 40.84247], [-73.8543, 40.84267], [-73.85521, 40.84298], [-73.85574, 40.84314], [-73.85686, 40.84353], [-73.85732, 40.8437], [-73.85748, 40.84379], [-73.85865, 40.84529], [-73.85901, 40.84592], [-73.85944, 40.84666], [-73.86033, 40.84643], [-73.86081, 40.84633], [-73.86127, 40.84623], [-73.86149, 40.84619], [-73.86171, 40.84614], [-73.86259, 40.84596], [-73.86345, 40.84578], [-73.86432, 40.8456], [-73.86519, 40.84542], [-73.86612, 40.84522]]]}}, {"type": "Feature", "properties": {"tract_id": "36005006500", "name": "Census Tract 65", "pct_white_2020": 5.4, "pct_black_2020": 31.0, "pct_hispanic_2020": 61.3, "pct_asian_2020": 2.3, "population_2020": 5627}, "geometry": {"type": "Polygon", "coordinates": [[[-73.92644, 40.81646], [-73.92663, 40.81612], [-73.92567, 40.81588], [-73.9255, 40.81583], [-73.92506, 40.81572], [-73.92489, 40.81568], [-73.924, 40.81544], [-73.92366, 40.81591], [-73.92309, 40.8167], [-73.92124, 40.81622], [-73.92158, 40.81555], [-73.92146, 40.81553], [-73.92129, 40.81543], [-73.9211, 40.81524], [-73.92048, 40.81456], [-73.92035, 40.81463], [-73.91947, 40.81507], [-73.91862, 40.81552], [-73.9179, 40.8159], [-73.91762, 40.81606], [-73.91676, 40.81656], [-73.91599, 40.81721], [-73.91712, 40.81751], [-73.91821, 40.81779], [-73.91846, 40.81785], [-73.9189, 40.81797], [-73.92212, 40.8188], [-73.92178, 40.81953], [-73.92148, 40.8202], [-73.92119, 40.82083], [-73.92089, 40.82149], [-73.92066, 40.82184], [-73.92115, 40.82156], [-73.92195, 40.82103], [-73.92265, 40.82049], [-73.92403, 40.81928], [-73.92519, 40.81801], [-73.92622, 40.81676], [-73.92644, 40.81646]]]}}, {"type": "Feature", "properties": {"tract_id": "36005020200", "name": "Census Tract 202", "pct_white_2020": 4.0, "pct_black_2020": 11.8, "pct_hispanic_2020": 65.7, "pct_asian_2020": 17.6, "population_2020": 2578}, "geometry": {"type": "Polygon", "coordinates": [[[-73.85004, 40.83909], [-73.85068, 40.83857], [-73.85001, 40.83812], [-73.84878, 40.83727], [-73.84732, 40.83626], [-73.84668, 40.83679], [-73.8465, 40.83694], [-73.84625, 40.83715], [-73.84581, 40.83751], [-73.84556, 40.83772], [-73.84458, 40.83854], [-73.84553, 40.83917], [-73.84648, 40.83981], [-73.84716, 40.84026], [-73.8478, 40.8407], [-73.84844, 40.84022], [-73.84879, 40.83989], [-73.84984, 40.83896], [-73.85004, 40.83909]]]}}, {"type": "Feature", "properties": {"tract_id": "36005015700", "name": "Census Tract 157", "pct_white_2020": 1.1, "pct_black_2020": 34.6, "pct_hispanic_2020": 55.2, "pct_asian_2020": 0.3, "population_2020": 5520}, "geometry": {"type": "Polygon", "coordinates": [[[-73.89071, 40.83241], [-73.88979, 40.83209], [-73.88894, 40.8318], [-73.88808, 40.8315], [-73.88723, 40.8312], [-73.88638, 40.8309], [-73.88563, 40.83064], [-73.88566, 40.83048], [-73.88545, 40.8305], [-73.88524, 40.83049], [-73.88508, 40.83048], [-73.88389, 40.82981], [-73.88235, 40.8315], [-73.87998, 40.83468], [-73.88126, 40.83513], [-73.88189, 40.83535], [-73.88202, 40.8354], [-73.88211, 40.83543], [-73.88222, 40.83546], [-73.88264, 40.83492], [-73.88298, 40.83468], [-73.88333, 40.83422], [-73.8835, 40.8339], [-73.88439, 40.83421], [-73.88525, 40.83451], [-73.88611, 40.83481], [-73.88696, 40.8351], [-73.88782, 40.83539], [-73.88874, 40.83571], [-73.88973, 40.83406], [-73.89071, 40.83241]]]}}, {"type": "Feature", "properties": {"tract_id": "36005005200", "name": "Census Tract 52", "pct_white_2020": 0.0, "pct_black_2020": 30.8, "pct_hispanic_2020": 68.4, "pct_asian_2020": 0.0, "population_2020": 1931}, "geometry": {"type": "Polygon", "coordinates": [[[-73.88453, 40.82565], [-73.88457, 40.82493], [-73.88441, 40.82297], [-73.88276, 40.82325], [-73.88258, 40.82328], [-73.88179, 40.8234], [-73.87993, 40.82364], [-73.88043, 40.82578], [-73.88105, 40.82843], [-73.88198, 40.82836], [-73.88295, 40.8283], [-73.88383, 40.82827], [-73.88453, 40.82565]]]}}, {"type": "Feature", "properties": {"tract_id": "36005038301", "name": "Census Tract 383.01", "pct_white_2020": 1.6, "pct_black_2020": 19.3, "pct_hispanic_2020": 73.4, "pct_asian_2020": 3.7, "population_2020": 4970}, "geometry": {"type": "Polygon", "coordinates": [[[-73.90078, 40.85605], [-73.90062, 40.85599], [-73.89967, 40.85567], [-73.89878, 40.85536], [-73.89817, 40.85515], [-73.89808, 40.85529], [-73.89752, 40.85618], [-73.89736, 40.85642], [-73.89731, 40.85651], [-73.897, 40.85712], [-73.89636, 40.85838], [-73.89736, 40.85876], [-73.89822, 40.85911], [-73.89868, 40.85926], [-73.89883, 40.8593], [-73.8992, 40.85868], [-73.89995, 40.85742], [-73.90078, 40.85605]]]}}, {"type": "Feature", "properties": {"tract_id": "36005024501", "name": "Census Tract 245.01", "pct_white_2020": 3.4, "pct_black_2020": 23.6, "pct_hispanic_2020": 72.6, "pct_asian_2020": 0.0, "population_2020": 4737}, "geometry": {"type": "Polygon", "coordinates": [[[-73.91817, 40.85298], [-73.91792, 40.85276], [-73.91758, 40.85228], [-73.91741, 40.85215], [-73.9172, 40.85205], [-73.91683, 40.85198], [-73.91645, 40.85191], [-73.91627, 40.85187], [-73.91611, 40.85179], [-73.91603, 40.85166], [-73.91599, 40.85154], [-73.91598, 40.85133], [-73.91594, 40.85105], [-73.91581, 40.85082], [-73.91564, 40.85065], [-73.91545, 40.85049], [-73.91487, 40.85105], [-73.91434, 40.85166], [-73.91378, 40.85213], [-73.91323, 40.85258], [-73.9128, 40.85304], [-73.91249, 40.85339], [-73.91227, 40.85376], [-73.91385, 40.85381], [-73.91468, 40.85394], [-73.91505, 40.85403], [-73.91542, 40.85417], [-73.91557, 40.85424], [-73.91619, 40.85458], [-73.91654, 40.85472], [-73.91694, 40.85461], [-73.91817, 40.85298]]]}}, {"type": "Feature", "properties": {"tract_id": "36005040501", "name": "Census Tract 405.01", "pct_white_2020": 0.8, "pct_black_2020": 7.7, "pct_hispanic_2020": 87.8, "pct_asian_2020": 3.1, "population_2020": 4047}, "geometry": {"type": "Polygon", "coordinates": [[[-73.89282, 40.86623], [-73.8933, 40.86529], [-73.89276, 40.86502], [-73.89213, 40.86463], [-73.89036, 40.86661], [-73.88974, 40.86723], [-73.88906, 40.86793], [-73.88831, 40.86855], [-73.88913, 40.86906], [-73.88989, 40.86952], [-73.89055, 40.86881], [-73.89128, 40.86802], [-73.89181, 40.86742], [-73.8925, 40.86669], [-73.89282, 40.86623]]]}}, {"type": "Feature", "properties": {"tract_id": "36005032600", "name": "Census Tract 326", "pct_white_2020": 36.6, "pct_black_2020": 14.3, "pct_hispanic_2020": 35.4, "pct_asian_2020": 13.2, "population_2020": 3350}, "geometry": {"type": "Polygon", "coordinates": [[[-73.85961, 40.86551], [-73.85871, 40.86425], [-73.85806, 40.86304], [-73.85771, 40.86228], [-73.85757, 40.86116], [-73.85746, 40.86043], [-73.85735, 40.85971], [-73.85664, 40.85812], [-73.85616, 40.85815], [-73.85599, 40.85816], [-73.85591, 40.85817], [-73.85405, 40.85832], [-73.85311, 40.85841], [-73.85307, 40.85977], [-73.85303, 40.86107], [-73.85357, 40.86109], [-73.85203, 40.86292], [-73.85242, 40.86293], [-73.85296, 40.86295], [-73.85289, 40.86539], [-73.85383, 40.86541], [-73.85477, 40.86542], [-73.85578, 40.86544], [-73.85679, 40.86546], [-73.85773, 40.86548], [-73.85867, 40.8655], [-73.85961, 40.86551]]]}}, {"type": "Feature", "properties": {"tract_id": "36005045600", "name": "Census Tract 456", "pct_white_2020": 10.5, "pct_black_2020": 58.6, "pct_hispanic_2020": 29.1, "pct_asian_2020": 0.0, "population_2020": 3518}, "geometry": {"type": "Polygon", "coordinates": [[[-73.83734, 40.89381], [-73.83646, 40.89152], [-73.83555, 40.88913], [-73.83467, 40.88933], [-73.83445, 40.88936], [-73.83312, 40.8893], [-73.83221, 40.88925], [-73.8313, 40.88919], [-73.83022, 40.88911], [-73.82947, 40.88908], [-73.82905, 40.88903], [-73.82857, 40.88886], [-73.82813, 40.88858], [-73.82773, 40.88833], [-73.82733, 40.88818], [-73.82602, 40.88803], [-73.82492, 40.88785], [-73.82465, 40.88757], [-73.82457, 40.88748], [-73.82449, 40.88738], [-73.82375, 40.88783], [-73.82354, 40.8875], [-73.82077, 40.88671], [-73.81993, 40.88571], [-73.81981, 40.88557], [-73.81936, 40.88573], [-73.81662, 40.88639], [-73.81559, 40.88663], [-73.81541, 40.88665], [-73.81526, 40.88666], [-73.81313, 40.88672], [-73.81288, 40.88669], [-73.81254, 40.88666], [-73.81245, 40.88665], [-73.8113, 40.88642], [-73.81007, 40.88617], [-73.80874, 40.88594], [-73.80847, 40.88588], [-73.80828, 40.88585], [-73.80817, 40.88583], [-73.80791, 40.8858], [-73.80758, 40.88577], [-73.80724, 40.88576], [-73.80692, 40.88577], [-73.80661, 40.88578], [-73.80632, 40.8858], [-73.80604, 40.88584], [-73.80576, 40.88589], [-73.80555, 40.88593], [-73.8053, 40.886], [-73.80339, 40.88545], [-73.8022, 40.88521], [-73.79925, 40.88463], [-73.79449, 40.88307], [-73.79416, 40.88299], [-73.7937, 40.8829], [-73.79302, 40.88336], [-73.79328, 40.88342], [-73.79411, 40.88363], [-73.79484, 40.88382], [-73.79496, 40.88385], [-73.79625, 40.88419], [-73.79735, 40.88447], [-73.79928, 40.88496], [-73.80193, 40.88565], [-73.80302, 40.88593], [-73.8044, 40.88628], [-73.805, 40.88643], [-73.80537, 40.88653], [-73.8064, 40.88679], [-73.80758, 40.8871], [-73.80876, 40.8874], [-73.80965, 40.88764], [-73.80992, 40.88768], [-73.80994, 40.88769], [-73.81041, 40.88783], [-73.811, 40.88798], [-73.81128, 40.88805], [-73.81232, 40.88832], [-73.81244, 40.88835], [-73.81367, 40.88866], [-73.81418, 40.8888], [-73.81505, 40.88895], [-73.81516, 40.889], [-73.81533, 40.88907], [-73.8156, 40.88918], [-73.8161, 40.88928], [-73.81621, 40.88932], [-73.81648, 40.88939], [-73.81662, 40.88942], [-73.81675, 40.88945], [-73.8176, 40.88968], [-73.81761, 40.88968], [-73.8185, 40.88988], [-73.81873, 40.88994], [-73.81893, 40.88999], [-73.81942, 40.89013], [-73.8195, 40.89015], [-73.81956, 40.89016], [-73.81972, 40.89021], [-73.82099, 40.89054], [-73.8217, 40.89073], [-73.82296, 40.89106], [-73.823, 40.89108], [-73.82324, 40.8912], [-73.82328, 40.89108], [-73.8233, 40.89099], [-73.82326, 40.89096], [-73.8232, 40.89092], [-73.82313, 40.89087], [-73.82311, 40.89078], [-73.82312, 40.89065], [-73.82317, 40.89054], [-73.82324, 40.89047], [-73.82322, 40.89036], [-73.82328, 40.89022], [-73.8233, 40.89006], [-73.8231, 40.88989], [-73.8229, 40.88993], [-73.82267, 40.88996], [-73.82251, 40.88988], [-73.82236, 40.88964], [-73.82238, 40.88948], [-73.82357, 40.88982], [-73.82364, 40.88985], [-73.82378, 40.88981], [-73.82396, 40.88976], [-73.82402, 40.88975], [-73.82404, 40.88982], [-73.82405, 40.88987], [-73.82401, 40.88998], [-73.82402, 40.88998], [-73.8244, 40.88998], [-73.825, 40.89018], [-73.82524, 40.89024], [-73.82526, 40.89025], [-73.82722, 40.89079], [-73.82727, 40.8908], [-73.82794, 40.89093], [-73.82812, 40.89105], [-73.82872, 40.89127], [-73.83002, 40.89169], [-73.83009, 40.8917], [-73.83082, 40.89188], [-73.83097, 40.89193], [-73.8317, 40.89218], [-73.83186, 40.89222], [-73.8325, 40.89238], [-73.8327, 40.89244], [-73.83272, 40.89244], [-73.83359, 40.89271], [-73.83517, 40.89317], [-73.8356, 40.89332], [-73.83628, 40.89353], [-73.83734, 40.89381]]]}}, {"type": "Feature", "properties": {"tract_id": "36005005300", "name": "Census Tract 53", "pct_white_2020": 0.5, "pct_black_2020": 47.3, "pct_hispanic_2020": 47.2, "pct_asian_2020": 0.0, "population_2020": 5379}, "geometry": {"type": "Polygon", "coordinates": [[[-73.92365, 40.8509], [-73.9239, 40.85049], [-73.92347, 40.85038], [-73.92331, 40.85034], [-73.92281, 40.85022], [-73.92262, 40.85017], [-73.92242, 40.85012], [-73.92229, 40.85028], [-73.92214, 40.85045], [-73.92081, 40.85202], [-73.92072, 40.85212], [-73.91986, 40.85305], [-73.91959, 40.85334], [-73.9197, 40.85341], [-73.91982, 40.85349], [-73.92015, 40.85368], [-73.9204, 40.85382], [-73.92114, 40.85421], [-73.9214, 40.85436], [-73.92154, 40.85413], [-73.92158, 40.85405], [-73.92163, 40.85397], [-73.9222, 40.85311], [-73.92271, 40.85248], [-73.92298, 40.85202], [-73.92365, 40.8509]]]}}, {"type": "Feature", "properties": {"tract_id": "36005005002", "name": "Census Tract 50.02", "pct_white_2020": 0.4, "pct_black_2020": 23.3, "pct_hispanic_2020": 74.2, "pct_asian_2020": 0.0, "population_2020": 6466}, "geometry": {"type": "Polygon", "coordinates": [[[-73.88105, 40.82843], [-73.88043, 40.82578], [-73.8795, 40.8259], [-73.87858, 40.82603], [-73.87765, 40.82615], [-73.87673, 40.82628], [-73.8758, 40.8264], [-73.87587, 40.8267], [-73.87589, 40.82678], [-73.8764, 40.82898], [-73.8773, 40.82874], [-73.87823, 40.82866], [-73.8787, 40.82862], [-73.87917, 40.82858], [-73.88011, 40.82851], [-73.88105, 40.82843]]]}}, {"type": "Feature", "properties": {"tract_id": "36005012901", "name": "Census Tract 129.01", "pct_white_2020": 7.2, "pct_black_2020": 19.7, "pct_hispanic_2020": 72.6, "pct_asian_2020": 0.0, "population_2020": 5469}, "geometry": {"type": "Polygon", "coordinates": [[[-73.90188, 40.82271], [-73.90199, 40.82244], [-73.90061, 40.82211], [-73.90085, 40.82154], [-73.90129, 40.82048], [-73.9016, 40.8197], [-73.90085, 40.82006], [-73.90065, 40.82016], [-73.89986, 40.82056], [-73.89898, 40.82104], [-73.89786, 40.8216], [-73.89688, 40.82212], [-73.89586, 40.82263], [-73.89488, 40.82313], [-73.89434, 40.82342], [-73.8939, 40.82364], [-73.8932, 40.82401], [-73.8939, 40.82398], [-73.89487, 40.82394], [-73.89585, 40.82389], [-73.89686, 40.82385], [-73.89733, 40.82386], [-73.89814, 40.82385], [-73.89887, 40.82385], [-73.8998, 40.82406], [-73.90118, 40.82439], [-73.90188, 40.82271]]]}}, {"type": "Feature", "properties": {"tract_id": "36005015200", "name": "Census Tract 152", "pct_white_2020": 31.6, "pct_black_2020": 9.6, "pct_hispanic_2020": 52.5, "pct_asian_2020": 0.8, "population_2020": 2666}, "geometry": {"type": "Polygon", "coordinates": [[[-73.83094, 40.8269], [-73.83111, 40.82682], [-73.82919, 40.82618], [-73.8291, 40.82615], [-73.82749, 40.82568], [-73.82464, 40.82477], [-73.82225, 40.82392], [-73.82218, 40.82388], [-73.81914, 40.82235], [-73.81947, 40.82284], [-73.82018, 40.82427], [-73.82021, 40.82435], [-73.82051, 40.82494], [-73.82069, 40.8253], [-73.82098, 40.82559], [-73.82168, 40.8262], [-73.82236, 40.8268], [-73.82358, 40.82787], [-73.82416, 40.82847], [-73.8247, 40.82905], [-73.82529, 40.82969], [-73.82621, 40.82922], [-73.82701, 40.82884], [-73.82779, 40.82845], [-73.82858, 40.82806], [-73.82936, 40.82767], [-73.83016, 40.82728], [-73.83079, 40.82698], [-73.83094, 40.8269]]]}}, {"type": "Feature", "properties": {"tract_id": "36005014702", "name": "Census Tract 147.02", "pct_white_2020": 0.6, "pct_black_2020": 35.8, "pct_hispanic_2020": 63.6, "pct_asian_2020": 0.0, "population_2020": 5232}, "geometry": {"type": "Polygon", "coordinates": [[[-73.90694, 40.83697], [-73.9074, 40.83623], [-73.90601, 40.83581], [-73.90578, 40.83572], [-73.90463, 40.83534], [-73.90352, 40.83501], [-73.90186, 40.83462], [-73.90135, 40.83531], [-73.90121, 40.8355], [-73.90199, 40.83569], [-73.90291, 40.83593], [-73.90248, 40.83649], [-73.90228, 40.83675], [-73.90197, 40.83717], [-73.90284, 40.83747], [-73.90334, 40.83764], [-73.90451, 40.83802], [-73.90469, 40.83809], [-73.90484, 40.83816], [-73.90523, 40.83826], [-73.90598, 40.8385], [-73.90691, 40.83702], [-73.90694, 40.83697]]]}}, {"type": "Feature", "properties": {"tract_id": "36005017701", "name": "Census Tract 177.01", "pct_white_2020": 2.4, "pct_black_2020": 43.8, "pct_hispanic_2020": 52.5, "pct_asian_2020": 1.3, "population_2020": 4717}, "geometry": {"type": "Polygon", "coordinates": [[[-73.91384, 40.83369], [-73.913, 40.83341], [-73.91214, 40.83312], [-73.91129, 40.83283], [-73.91239, 40.83094], [-73.91138, 40.83099], [-73.91049, 40.83074], [-73.90962, 40.83228], [-73.90869, 40.83394], [-73.90957, 40.83419], [-73.91034, 40.83443], [-73.9112, 40.83472], [-73.91206, 40.83501], [-73.9129, 40.8353], [-73.91384, 40.83369]]]}}, {"type": "Feature", "properties": {"tract_id": "36005017702", "name": "Census Tract 177.02", "pct_white_2020": 1.2, "pct_black_2020": 51.4, "pct_hispanic_2020": 39.9, "pct_asian_2020": 2.1, "population_2020": 5480}, "geometry": {"type": "Polygon", "coordinates": [[[-73.9129, 40.8353], [-73.91206, 40.83501], [-73.9112, 40.83472], [-73.91034, 40.83443], [-73.90957, 40.83419], [-73.90869, 40.83394], [-73.90815, 40.8349], [-73.9074, 40.83623], [-73.90694, 40.83697], [-73.90691, 40.83702], [-73.90598, 40.8385], [-73.90538, 40.83977], [-73.90561, 40.83984], [-73.90577, 40.83956], [-73.90644, 40.83867], [-73.90679, 40.83825], [-73.90694, 40.83811], [-73.90731, 40.83789], [-73.90747, 40.83776], [-73.90773, 40.83748], [-73.90798, 40.83718], [-73.90916, 40.83698], [-73.90946, 40.83706], [-73.90962, 40.83712], [-73.91059, 40.8375], [-73.91139, 40.83787], [-73.9129, 40.8353]]]}}, {"type": "Feature", "properties": {"tract_id": "36005017902", "name": "Census Tract 179.02", "pct_white_2020": 1.4, "pct_black_2020": 48.7, "pct_hispanic_2020": 49.2, "pct_asian_2020": 0.7, "population_2020": 3816}, "geometry": {"type": "Polygon", "coordinates": [[[-73.91587, 40.83639], [-73.91573, 40.83634], [-73.91482, 40.83599], [-73.91379, 40.8356], [-73.9129, 40.8353], [-73.91139, 40.83787], [-73.91227, 40.8382], [-73.91271, 40.83836], [-73.91359, 40.83868], [-73.91375, 40.83874], [-73.91383, 40.83864], [-73.91424, 40.83811], [-73.91478, 40.83752], [-73.91533, 40.83695], [-73.91587, 40.83639]]]}}, {"type": "Feature", "properties": {"tract_id": "36005018101", "name": "Census Tract 181.01", "pct_white_2020": 1.8, "pct_black_2020": 21.4, "pct_hispanic_2020": 70.5, "pct_asian_2020": 0.1, "population_2020": 3215}, "geometry": {"type": "Polygon", "coordinates": [[[-73.91745, 40.83113], [-73.91811, 40.83001], [-73.91728, 40.82966], [-73.91641, 40.82929], [-73.9157, 40.83054], [-73.91501, 40.83172], [-73.91408, 40.83329], [-73.91497, 40.83359], [-73.91586, 40.83384], [-73.91675, 40.83232], [-73.91745, 40.83113]]]}}, {"type": "Feature", "properties": {"tract_id": "36005018302", "name": "Census Tract 183.02", "pct_white_2020": 0.0, "pct_black_2020": 41.1, "pct_hispanic_2020": 57.4, "pct_asian_2020": 0.7, "population_2020": 3680}, "geometry": {"type": "Polygon", "coordinates": [[[-73.92069, 40.82721], [-73.92115, 40.8264], [-73.92026, 40.82615], [-73.91939, 40.82588], [-73.91846, 40.82557], [-73.91794, 40.82652], [-73.91753, 40.82725], [-73.91722, 40.82781], [-73.91691, 40.82839], [-73.91641, 40.82929], [-73.91728, 40.82966], [-73.91811, 40.83001], [-73.91894, 40.83033], [-73.91931, 40.8297], [-73.91964, 40.82911], [-73.92012, 40.82825], [-73.9202, 40.8281], [-73.92069, 40.82721]]]}}, {"type": "Feature", "properties": {"tract_id": "36005020501", "name": "Census Tract 205.01", "pct_white_2020": 2.5, "pct_black_2020": 13.5, "pct_hispanic_2020": 82.3, "pct_asian_2020": 1.0, "population_2020": 7271}, "geometry": {"type": "Polygon", "coordinates": [[[-73.92815, 40.84551], [-73.92816, 40.84549], [-73.9279, 40.84543], [-73.92752, 40.84534], [-73.92737, 40.8453], [-73.92703, 40.84524], [-73.92691, 40.84521], [-73.92674, 40.84517], [-73.92654, 40.84513], [-73.92592, 40.84502], [-73.92529, 40.84491], [-73.92517, 40.84488], [-73.92473, 40.84481], [-73.92397, 40.84479], [-73.92378, 40.84465], [-73.92354, 40.84446], [-73.92282, 40.84426], [-73.92269, 40.84457], [-73.92263, 40.84473], [-73.92259, 40.84486], [-73.92255, 40.84502], [-73.92252, 40.84511], [-73.92245, 40.84522], [-73.92231, 40.84549], [-73.92181, 40.84597], [-73.92104, 40.84652], [-73.92054, 40.84689], [-73.92135, 40.84718], [-73.92048, 40.84826], [-73.91937, 40.84962], [-73.92032, 40.8498], [-73.92128, 40.84999], [-73.92163, 40.85006], [-73.92229, 40.85028], [-73.92242, 40.85012], [-73.92262, 40.85017], [-73.92281, 40.85022], [-73.92331, 40.85034], [-73.92347, 40.85038], [-73.9239, 40.85049], [-73.92504, 40.84918], [-73.9273, 40.84656], [-73.9274, 40.84644], [-73.92803, 40.84567], [-73.92811, 40.84558], [-73.92815, 40.84551]]]}}, {"type": "Feature", "properties": {"tract_id": "36005043400", "name": "Census Tract 434", "pct_white_2020": 0.5, "pct_black_2020": 50.4, "pct_hispanic_2020": 30.8, "pct_asian_2020": 8.3, "population_2020": 3946}, "geometry": {"type": "Polygon", "coordinates": [[[-73.85696, 40.89417], [-73.85737, 40.89339], [-73.85566, 40.89285], [-73.85525, 40.89272], [-73.85449, 40.89248], [-73.85407, 40.89325], [-73.85367, 40.89396], [-73.85326, 40.8947], [-73.85314, 40.89492], [-73.85279, 40.89556], [-73.85257, 40.89597], [-73.85238, 40.89633], [-73.85197, 40.8971], [-73.85168, 40.89757], [-73.85134, 40.89799], [-73.85122, 40.89811], [-73.85065, 40.89885], [-73.85005, 40.89962], [-73.84909, 40.89964], [-73.84822, 40.89983], [-73.84742, 40.90027], [-73.84694, 40.90152], [-73.84698, 40.90163], [-73.84705, 40.90173], [-73.84713, 40.90184], [-73.84723, 40.90193], [-73.84735, 40.90202], [-73.84747, 40.9021], [-73.84762, 40.90216], [-73.8481, 40.90238], [-73.84955, 40.90305], [-73.8501, 40.90329], [-73.85038, 40.90343], [-73.85155, 40.90205], [-73.853, 40.89999], [-73.85416, 40.89862], [-73.8543, 40.89845], [-73.8545, 40.8982], [-73.85494, 40.89772], [-73.85525, 40.89725], [-73.85616, 40.8956], [-73.85656, 40.89487], [-73.85696, 40.89417]]]}}, {"type": "Feature", "properties": {"tract_id": "36005044400", "name": "Census Tract 444", "pct_white_2020": 2.9, "pct_black_2020": 64.1, "pct_hispanic_2020": 20.8, "pct_asian_2020": 4.0, "population_2020": 4504}, "geometry": {"type": "Polygon", "coordinates": [[[-73.84822, 40.89983], [-73.84786, 40.89886], [-73.84688, 40.8963], [-73.84599, 40.89649], [-73.84511, 40.89669], [-73.84417, 40.8969], [-73.84337, 40.89707], [-73.84248, 40.89727], [-73.84159, 40.89746], [-73.84072, 40.89765], [-73.83965, 40.89789], [-73.83951, 40.89818], [-73.83939, 40.89841], [-73.83926, 40.89871], [-73.83924, 40.89874], [-73.83921, 40.89882], [-73.83915, 40.89906], [-73.83915, 40.8992], [-73.83915, 40.89923], [-73.83919, 40.89936], [-73.83922, 40.89948], [-73.83929, 40.89959], [-73.83936, 40.89971], [-73.84004, 40.90057], [-73.84005, 40.90058], [-73.84008, 40.90063], [-73.84016, 40.90073], [-73.84017, 40.90075], [-73.84018, 40.90076], [-73.84019, 40.90078], [-73.84021, 40.9008], [-73.84044, 40.90112], [-73.84056, 40.90128], [-73.84065, 40.90141], [-73.84073, 40.90157], [-73.84079, 40.90169], [-73.84083, 40.90182], [-73.84087, 40.90198], [-73.84096, 40.90252], [-73.841, 40.90281], [-73.84179, 40.90265], [-73.84273, 40.90244], [-73.84366, 40.90223], [-73.84457, 40.90204], [-73.84547, 40.90184], [-73.84663, 40.90159], [-73.8468, 40.90155], [-73.84694, 40.90152], [-73.84742, 40.90027], [-73.84822, 40.89983]]]}}, {"type": "Feature", "properties": {"tract_id": "36005004200", "name": "Census Tract 42", "pct_white_2020": 0.5, "pct_black_2020": 25.4, "pct_hispanic_2020": 73.9, "pct_asian_2020": 0.3, "population_2020": 8179}, "geometry": {"type": "Polygon", "coordinates": [[[-73.86984, 40.82492], [-73.86972, 40.82483], [-73.8696, 40.82468], [-73.8695, 40.82456], [-73.86911, 40.82423], [-73.86828, 40.82342], [-73.86776, 40.82299], [-73.86702, 40.8223], [-73.86609, 40.82136], [-73.86604, 40.82131], [-73.86575, 40.82101], [-73.86483, 40.82114], [-73.86388, 40.82127], [-73.86298, 40.82138], [-73.86203, 40.82151], [-73.86111, 40.82163], [-73.86019, 40.82176], [-73.85926, 40.82188], [-73.85826, 40.82201], [-73.85845, 40.82277], [-73.85531, 40.82319], [-73.85549, 40.82391], [-73.85565, 40.82463], [-73.85587, 40.82562], [-73.85597, 40.82606], [-73.85616, 40.82604], [-73.85617, 40.82618], [-73.8562, 40.82635], [-73.85623, 40.82647], [-73.85628, 40.82663], [-73.8563, 40.82676], [-73.85645, 40.82674], [-73.85675, 40.82671], [-73.85702, 40.82666], [-73.85728, 40.8266], [-73.85867, 40.82642], [-73.8597, 40.82628], [-73.86121, 40.82609], [-73.86217, 40.82597], [-73.86475, 40.82562], [-73.86491, 40.8256], [-73.8677, 40.8252], [-73.86788, 40.82518], [-73.86984, 40.82492]]]}}, {"type": "Feature", "properties": {"tract_id": "36005027401", "name": "Census Tract 274.01", "pct_white_2020": 57.4, "pct_black_2020": 0.0, "pct_hispanic_2020": 39.3, "pct_asian_2020": 2.3, "population_2020": 4894}, "geometry": {"type": "Polygon", "coordinates": [[[-73.82624, 40.84299], [-73.82608, 40.84137], [-73.82596, 40.83998], [-73.82591, 40.83874], [-73.82588, 40.83815], [-73.82586, 40.83757], [-73.82584, 40.83706], [-73.82569, 40.83657], [-73.82555, 40.83627], [-73.82541, 40.83589], [-73.82539, 40.83552], [-73.8255, 40.83522], [-73.82561, 40.83501], [-73.82591, 40.83463], [-73.82622, 40.83435], [-73.82616, 40.83427], [-73.82607, 40.83411], [-73.82601, 40.83402], [-73.82519, 40.83459], [-73.82467, 40.83388], [-73.82382, 40.83433], [-73.82334, 40.83442], [-73.82308, 40.83445], [-73.82264, 40.83451], [-73.82248, 40.83449], [-73.82223, 40.83456], [-73.82151, 40.83473], [-73.82063, 40.83492], [-73.81978, 40.83513], [-73.8189, 40.83534], [-73.81805, 40.83554], [-73.81851, 40.83666], [-73.81873, 40.8371], [-73.81877, 40.83718], [-73.81888, 40.83729], [-73.81897, 40.83739], [-73.81906, 40.83752], [-73.81913, 40.83767], [-73.81918, 40.8378], [-73.81921, 40.83792], [-73.81923, 40.83802], [-73.81951, 40.839], [-73.81957, 40.83916], [-73.8198, 40.83994], [-73.82007, 40.84088], [-73.82025, 40.84158], [-73.82046, 40.84255], [-73.82042, 40.84333], [-73.82037, 40.84413], [-73.82023, 40.84622], [-73.82014, 40.84802], [-73.82048, 40.8485], [-73.8211, 40.8482], [-73.82204, 40.84769], [-73.82301, 40.84716], [-73.82396, 40.84664], [-73.82444, 40.84638], [-73.82496, 40.84611], [-73.82509, 40.8447], [-73.82508, 40.8443], [-73.82514, 40.84334], [-73.82518, 40.8427], [-73.82558, 40.84281], [-73.82581, 40.84288], [-73.82624, 40.84299]]]}}, {"type": "Feature", "properties": {"tract_id": "36005029302", "name": "Census Tract 293.02", "pct_white_2020": 52.4, "pct_black_2020": 11.3, "pct_hispanic_2020": 22.7, "pct_asian_2020": 4.9, "population_2020": 5475}, "geometry": {"type": "Polygon", "coordinates": [[[-73.92145, 40.87825], [-73.92163, 40.87832], [-73.91981, 40.87658], [-73.91912, 40.87643], [-73.91893, 40.87639], [-73.91731, 40.87604], [-73.9152, 40.87558], [-73.91517, 40.87569], [-73.91512, 40.87584], [-73.9149, 40.87658], [-73.9122, 40.87818], [-73.9114, 40.87928], [-73.91031, 40.87905], [-73.9101, 40.8792], [-73.90968, 40.87952], [-73.91031, 40.88005], [-73.91036, 40.88013], [-73.91045, 40.88024], [-73.91048, 40.88033], [-73.91054, 40.88057], [-73.91092, 40.88042], [-73.9113, 40.88022], [-73.91164, 40.87997], [-73.91199, 40.87968], [-73.91256, 40.87924], [-73.91245, 40.87962], [-73.91223, 40.87998], [-73.91173, 40.88074], [-73.91202, 40.88082], [-73.91275, 40.88113], [-73.91376, 40.88156], [-73.9131, 40.88281], [-73.91429, 40.88319], [-73.91517, 40.88347], [-73.91509, 40.88376], [-73.91487, 40.88417], [-73.91453, 40.88453], [-73.91465, 40.88456], [-73.91478, 40.88461], [-73.91489, 40.88462], [-73.91516, 40.88436], [-73.9153, 40.88412], [-73.91547, 40.88382], [-73.91558, 40.88361], [-73.91617, 40.88258], [-73.91737, 40.88149], [-73.9178, 40.88112], [-73.91804, 40.8809], [-73.91825, 40.88073], [-73.91835, 40.88067], [-73.91845, 40.88063], [-73.91863, 40.88069], [-73.91899, 40.88077], [-73.91922, 40.88077], [-73.91833, 40.88049], [-73.91873, 40.88012], [-73.91937, 40.87966], [-73.9201, 40.87922], [-73.9204, 40.87903], [-73.92095, 40.87858], [-73.92135, 40.87832], [-73.92145, 40.87825]]]}}, {"type": "Feature", "properties": {"tract_id": "36005020400", "name": "Census Tract 204", "pct_white_2020": 4.2, "pct_black_2020": 9.9, "pct_hispanic_2020": 64.0, "pct_asian_2020": 15.2, "population_2020": 3012}, "geometry": {"type": "Polygon", "coordinates": [[[-73.85334, 40.84247], [-73.85327, 40.84208], [-73.85309, 40.84105], [-73.85303, 40.84074], [-73.85291, 40.84009], [-73.85168, 40.83926], [-73.85135, 40.83903], [-73.85068, 40.83857], [-73.85004, 40.83909], [-73.84984, 40.83896], [-73.84879, 40.83989], [-73.84844, 40.84022], [-73.8478, 40.8407], [-73.84796, 40.84083], [-73.84899, 40.8416], [-73.85052, 40.84279], [-73.85089, 40.84275], [-73.85121, 40.84271], [-73.8518, 40.84265], [-73.85231, 40.84259], [-73.8528, 40.84253], [-73.85334, 40.84247]]]}}, {"type": "Feature", "properties": {"tract_id": "36005003300", "name": "Census Tract 33", "pct_white_2020": 2.4, "pct_black_2020": 30.4, "pct_hispanic_2020": 64.5, "pct_asian_2020": 0.0, "population_2020": 3559}, "geometry": {"type": "Polygon", "coordinates": [[[-73.91563, 40.8097], [-73.91618, 40.80879], [-73.91539, 40.80845], [-73.91433, 40.80801], [-73.9134, 40.80761], [-73.91254, 40.80724], [-73.91167, 40.80697], [-73.91078, 40.8067], [-73.90959, 40.80633], [-73.90913, 40.80617], [-73.90844, 40.80648], [-73.90821, 40.80715], [-73.90784, 40.80821], [-73.90884, 40.80841], [-73.90977, 40.8086], [-73.91069, 40.80881], [-73.91157, 40.80907], [-73.91248, 40.80934], [-73.9133, 40.80966], [-73.91332, 40.80975], [-73.91335, 40.80991], [-73.91342, 40.81002], [-73.91349, 40.81007], [-73.91359, 40.81012], [-73.91368, 40.81014], [-73.91381, 40.81015], [-73.91403, 40.81017], [-73.91433, 40.81026], [-73.91518, 40.81043], [-73.91563, 40.8097]]]}}, {"type": "Feature", "properties": {"tract_id": "36005037100", "name": "Census Tract 371", "pct_white_2020": 2.6, "pct_black_2020": 40.3, "pct_hispanic_2020": 56.0, "pct_asian_2020": 0.0, "population_2020": 4099}, "geometry": {"type": "Polygon", "coordinates": [[[-73.89044, 40.84623], [-73.89112, 40.84541], [-73.8901, 40.8449], [-73.88902, 40.84437], [-73.88832, 40.84518], [-73.88776, 40.8449], [-73.8877, 40.84487], [-73.88723, 40.84464], [-73.88675, 40.8452], [-73.88561, 40.84646], [-73.8856, 40.84654], [-73.88492, 40.84734], [-73.88378, 40.84868], [-73.88444, 40.84909], [-73.88456, 40.84916], [-73.8848, 40.84931], [-73.88581, 40.84993], [-73.88644, 40.85031], [-73.88816, 40.84893], [-73.88884, 40.84813], [-73.88947, 40.84738], [-73.88996, 40.84679], [-73.89044, 40.84623]]]}}, {"type": "Feature", "properties": {"tract_id": "36005013100", "name": "Census Tract 131", "pct_white_2020": 5.3, "pct_black_2020": 26.9, "pct_hispanic_2020": 67.8, "pct_asian_2020": 0.0, "population_2020": 4822}, "geometry": {"type": "Polygon", "coordinates": [[[-73.90093, 40.82793], [-73.90165, 40.82622], [-73.90054, 40.82594], [-73.90118, 40.82439], [-73.8998, 40.82406], [-73.89887, 40.82385], [-73.89814, 40.82385], [-73.89733, 40.82386], [-73.89686, 40.82385], [-73.89585, 40.82389], [-73.89487, 40.82394], [-73.89484, 40.82624], [-73.89513, 40.82789], [-73.89506, 40.82801], [-73.89517, 40.82807], [-73.89529, 40.82814], [-73.89548, 40.82825], [-73.8956, 40.82832], [-73.89568, 40.82822], [-73.897, 40.82805], [-73.8982, 40.82789], [-73.8998, 40.82769], [-73.90093, 40.82793]]]}}, {"type": "Feature", "properties": {"tract_id": "36005021601", "name": "Census Tract 216.01", "pct_white_2020": 4.8, "pct_black_2020": 16.0, "pct_hispanic_2020": 68.2, "pct_asian_2020": 9.2, "population_2020": 4421}, "geometry": {"type": "Polygon", "coordinates": [[[-73.86696, 40.84042], [-73.86725, 40.84034], [-73.86668, 40.83924], [-73.86638, 40.83759], [-73.86547, 40.83768], [-73.86507, 40.83534], [-73.86598, 40.8352], [-73.86637, 40.83503], [-73.86652, 40.83497], [-73.86681, 40.83484], [-73.86586, 40.83455], [-73.86488, 40.83423], [-73.86386, 40.83395], [-73.86284, 40.83369], [-73.86288, 40.83389], [-73.8629, 40.834], [-73.86294, 40.8343], [-73.86296, 40.83442], [-73.86316, 40.83553], [-73.86319, 40.83574], [-73.86356, 40.83787], [-73.86358, 40.83798], [-73.8636, 40.8381], [-73.86393, 40.84], [-73.86394, 40.84005], [-73.86406, 40.84029], [-73.8641, 40.84037], [-73.86426, 40.84069], [-73.86446, 40.84109], [-73.86504, 40.84095], [-73.86546, 40.84086], [-73.86636, 40.84059], [-73.86696, 40.84042]]]}}, {"type": "Feature", "properties": {"tract_id": "36005040304", "name": "Census Tract 403.04", "pct_white_2020": 2.3, "pct_black_2020": 8.7, "pct_hispanic_2020": 83.0, "pct_asian_2020": 4.9, "population_2020": 3766}, "geometry": {"type": "Polygon", "coordinates": [[[-73.89656, 40.86857], [-73.8974, 40.86747], [-73.89631, 40.86704], [-73.89565, 40.8667], [-73.89544, 40.8666], [-73.89455, 40.86616], [-73.89438, 40.86607], [-73.8943, 40.86616], [-73.893, 40.86788], [-73.89317, 40.86796], [-73.89415, 40.86839], [-73.89496, 40.86875], [-73.89583, 40.86914], [-73.89604, 40.86923], [-73.89656, 40.86857]]]}}, {"type": "Feature", "properties": {"tract_id": "36005022800", "name": "Census Tract 228", "pct_white_2020": 13.6, "pct_black_2020": 23.0, "pct_hispanic_2020": 43.1, "pct_asian_2020": 15.3, "population_2020": 5693}, "geometry": {"type": "Polygon", "coordinates": [[[-73.86586, 40.85077], [-73.86614, 40.85054], [-73.86565, 40.85033], [-73.8656, 40.85032], [-73.86522, 40.85018], [-73.86304, 40.85061], [-73.86212, 40.85081], [-73.86206, 40.85231], [-73.86203, 40.8531], [-73.862, 40.85439], [-73.86192, 40.85678], [-73.86286, 40.85676], [-73.8638, 40.85672], [-73.86474, 40.85669], [-73.86481, 40.85444], [-73.86488, 40.85236], [-73.86489, 40.85153], [-73.86586, 40.85077]]]}}, {"type": "Feature", "properties": {"tract_id": "36005003800", "name": "Census Tract 38", "pct_white_2020": 1.4, "pct_black_2020": 14.9, "pct_hispanic_2020": 80.7, "pct_asian_2020": 3.0, "population_2020": 1182}, "geometry": {"type": "Polygon", "coordinates": [[[-73.86483, 40.82114], [-73.86575, 40.82101], [-73.86451, 40.81985], [-73.86431, 40.819], [-73.8637, 40.81908], [-73.86339, 40.81912], [-73.86246, 40.81925], [-73.86153, 40.81938], [-73.86203, 40.82151], [-73.86298, 40.82138], [-73.86388, 40.82127], [-73.86483, 40.82114]]]}}, {"type": "Feature", "properties": {"tract_id": "36005027900", "name": "Census Tract 279", "pct_white_2020": 15.2, "pct_black_2020": 18.5, "pct_hispanic_2020": 60.5, "pct_asian_2020": 1.8, "population_2020": 7635}, "geometry": {"type": "Polygon", "coordinates": [[[-73.90158, 40.88099], [-73.90141, 40.88091], [-73.90083, 40.88059], [-73.90061, 40.88047], [-73.90011, 40.88074], [-73.89904, 40.88154], [-73.89915, 40.88085], [-73.89925, 40.8805], [-73.8994, 40.88002], [-73.89949, 40.87973], [-73.89957, 40.87927], [-73.89961, 40.87876], [-73.89874, 40.87852], [-73.89806, 40.8785], [-73.89784, 40.87863], [-73.89765, 40.87876], [-73.89747, 40.87891], [-73.89731, 40.87906], [-73.89717, 40.87921], [-73.89707, 40.87934], [-73.89694, 40.87953], [-73.89685, 40.8797], [-73.89677, 40.87988], [-73.89672, 40.88005], [-73.89669, 40.88016], [-73.89657, 40.88125], [-73.89643, 40.88186], [-73.89613, 40.88216], [-73.89606, 40.8822], [-73.89573, 40.88241], [-73.89511, 40.88271], [-73.89481, 40.88286], [-73.89469, 40.88287], [-73.89459, 40.88293], [-73.89447, 40.88298], [-73.89435, 40.88301], [-73.89423, 40.88302], [-73.89409, 40.88302], [-73.89397, 40.883], [-73.89385, 40.88297], [-73.89374, 40.88292], [-73.89357, 40.88284], [-73.89343, 40.88278], [-73.89329, 40.88275], [-73.89313, 40.88272], [-73.89295, 40.8827], [-73.89284, 40.8827], [-73.89272, 40.88266], [-73.89313, 40.88368], [-73.89332, 40.88414], [-73.89342, 40.88425], [-73.8936, 40.88434], [-73.89381, 40.88447], [-73.894, 40.88471], [-73.89403, 40.88497], [-73.89416, 40.88528], [-73.89453, 40.8855], [-73.89472, 40.88556], [-73.89499, 40.88562], [-73.89571, 40.88578], [-73.89624, 40.88588], [-73.89658, 40.88594], [-73.89684, 40.88599], [-73.89775, 40.88521], [-73.8986, 40.88441], [-73.90018, 40.8826], [-73.90158, 40.88099]]]}}, {"type": "Feature", "properties": {"tract_id": "36005022404", "name": "Census Tract 224.04", "pct_white_2020": 10.6, "pct_black_2020": 20.7, "pct_hispanic_2020": 57.7, "pct_asian_2020": 6.3, "population_2020": 4795}, "geometry": {"type": "Polygon", "coordinates": [[[-73.86777, 40.85241], [-73.8678, 40.85159], [-73.8668, 40.85095], [-73.86614, 40.85054], [-73.86586, 40.85077], [-73.86489, 40.85153], [-73.86488, 40.85236], [-73.86481, 40.85444], [-73.86575, 40.85446], [-73.86669, 40.85448], [-73.8677, 40.85449], [-73.86773, 40.85366], [-73.86777, 40.85241]]]}}, {"type": "Feature", "properties": {"tract_id": "36005039901", "name": "Census Tract 399.01", "pct_white_2020": 1.5, "pct_black_2020": 13.9, "pct_hispanic_2020": 78.5, "pct_asian_2020": 3.1, "population_2020": 5120}, "geometry": {"type": "Polygon", "coordinates": [[[-73.89707, 40.86253], [-73.8969, 40.8625], [-73.89588, 40.86226], [-73.89483, 40.86207], [-73.89372, 40.86194], [-73.89356, 40.86193], [-73.89285, 40.86183], [-73.89182, 40.86182], [-73.8917, 40.86194], [-73.89169, 40.86195], [-73.89117, 40.86245], [-73.89065, 40.86296], [-73.89016, 40.86348], [-73.89131, 40.86413], [-73.89213, 40.86463], [-73.89276, 40.86502], [-73.8933, 40.86529], [-73.89346, 40.86534], [-73.89372, 40.86529], [-73.89377, 40.86551], [-73.89386, 40.86574], [-73.89406, 40.86591], [-73.89422, 40.86599], [-73.89438, 40.86607], [-73.89444, 40.86599], [-73.89492, 40.86535], [-73.89578, 40.86423], [-73.89707, 40.86253]]]}}, {"type": "Feature", "properties": {"tract_id": "36005044902", "name": "Census Tract 449.02", "pct_white_2020": 65.3, "pct_black_2020": 4.8, "pct_hispanic_2020": 28.2, "pct_asian_2020": 1.6, "population_2020": 2146}, "geometry": {"type": "Polygon", "coordinates": [[[-73.87136, 40.90004], [-73.8711, 40.89995], [-73.87098, 40.89926], [-73.87085, 40.89859], [-73.87072, 40.89791], [-73.87059, 40.89723], [-73.87049, 40.89664], [-73.87007, 40.89659], [-73.86692, 40.89608], [-73.86707, 40.89691], [-73.86719, 40.89759], [-73.86732, 40.89827], [-73.86745, 40.89895], [-73.86757, 40.89963], [-73.8677, 40.90031], [-73.86783, 40.90099], [-73.86795, 40.90167], [-73.86808, 40.90235], [-73.86804, 40.90264], [-73.86825, 40.90233], [-73.86838, 40.9022], [-73.869, 40.90156], [-73.8701, 40.90074], [-73.87136, 40.90004]]]}}, {"type": "Feature", "properties": {"tract_id": "36005025100", "name": "Census Tract 251", "pct_white_2020": 3.3, "pct_black_2020": 16.3, "pct_hispanic_2020": 70.6, "pct_asian_2020": 6.7, "population_2020": 6601}, "geometry": {"type": "Polygon", "coordinates": [[[-73.91093, 40.85502], [-73.9112, 40.85482], [-73.91007, 40.85447], [-73.90983, 40.85427], [-73.90972, 40.85414], [-73.90943, 40.85396], [-73.90911, 40.85387], [-73.90885, 40.85383], [-73.9085, 40.85382], [-73.90756, 40.85386], [-73.90733, 40.85382], [-73.90557, 40.85579], [-73.90522, 40.8562], [-73.90509, 40.85641], [-73.90468, 40.85706], [-73.90566, 40.8574], [-73.90526, 40.85805], [-73.90487, 40.85869], [-73.90572, 40.85899], [-73.90587, 40.85905], [-73.90627, 40.85919], [-73.9068, 40.85937], [-73.90707, 40.85936], [-73.90726, 40.85935], [-73.90777, 40.85961], [-73.90981, 40.85735], [-73.90992, 40.85665], [-73.91041, 40.85573], [-73.91053, 40.85552], [-73.91073, 40.85523], [-73.91093, 40.85502]]]}}, {"type": "Feature", "properties": {"tract_id": "36005023704", "name": "Census Tract 237.04", "pct_white_2020": 1.0, "pct_black_2020": 18.4, "pct_hispanic_2020": 77.2, "pct_asian_2020": 0.0, "population_2020": 3750}, "geometry": {"type": "Polygon", "coordinates": [[[-73.90351, 40.85561], [-73.90395, 40.85497], [-73.90299, 40.85477], [-73.90207, 40.85462], [-73.90186, 40.85459], [-73.90085, 40.85594], [-73.90078, 40.85605], [-73.89995, 40.85742], [-73.90014, 40.85749], [-73.90094, 40.85776], [-73.90191, 40.85809], [-73.90278, 40.85673], [-73.90351, 40.85561]]]}}, {"type": "Feature", "properties": {"tract_id": "36005015300", "name": "Census Tract 153", "pct_white_2020": 0.1, "pct_black_2020": 44.7, "pct_hispanic_2020": 53.3, "pct_asian_2020": 1.5, "population_2020": 4161}, "geometry": {"type": "Polygon", "coordinates": [[[-73.8969, 40.83103], [-73.89717, 40.83037], [-73.8967, 40.83041], [-73.89561, 40.83052], [-73.89469, 40.83062], [-73.89336, 40.83015], [-73.89268, 40.83234], [-73.89174, 40.83266], [-73.89216, 40.83364], [-73.89155, 40.83465], [-73.89082, 40.83581], [-73.89139, 40.83576], [-73.89148, 40.83669], [-73.89338, 40.83654], [-73.89364, 40.83651], [-73.89395, 40.83643], [-73.89433, 40.83623], [-73.89463, 40.83599], [-73.89495, 40.83566], [-73.89514, 40.83543], [-73.89697, 40.83434], [-73.89637, 40.83351], [-73.89642, 40.83327], [-73.89647, 40.83305], [-73.89669, 40.83197], [-73.8969, 40.83103]]]}}, {"type": "Feature", "properties": {"tract_id": "36005014100", "name": "Census Tract 141", "pct_white_2020": 2.6, "pct_black_2020": 32.1, "pct_hispanic_2020": 61.6, "pct_asian_2020": 0.2, "population_2020": 7133}, "geometry": {"type": "Polygon", "coordinates": [[[-73.91609, 40.82484], [-73.91677, 40.82439], [-73.91588, 40.8241], [-73.91622, 40.82347], [-73.91451, 40.82294], [-73.91288, 40.82244], [-73.91174, 40.82211], [-73.91129, 40.8222], [-73.9107, 40.82232], [-73.90985, 40.82255], [-73.9095, 40.82244], [-73.90941, 40.82242], [-73.90842, 40.82218], [-73.90774, 40.82382], [-73.90843, 40.82399], [-73.90871, 40.82407], [-73.91011, 40.82453], [-73.91057, 40.82465], [-73.91131, 40.82485], [-73.91317, 40.82546], [-73.91351, 40.8248], [-73.91475, 40.8252], [-73.91523, 40.82561], [-73.91545, 40.82575], [-73.91592, 40.82544], [-73.91661, 40.82499], [-73.91631, 40.8249], [-73.91609, 40.82484]]]}}, {"type": "Feature", "properties": {"tract_id": "36005033000", "name": "Census Tract 330", "pct_white_2020": 28.3, "pct_black_2020": 27.2, "pct_hispanic_2020": 35.9, "pct_asian_2020": 1.7, "population_2020": 5278}, "geometry": {"type": "Polygon", "coordinates": [[[-73.86759, 40.85899], [-73.86759, 40.85783], [-73.86658, 40.85786], [-73.86564, 40.85788], [-73.86467, 40.85791], [-73.86463, 40.85961], [-73.86459, 40.86129], [-73.86453, 40.86316], [-73.86451, 40.86395], [-73.86446, 40.86549], [-73.8654, 40.86547], [-73.86634, 40.86545], [-73.86736, 40.86543], [-73.86742, 40.86321], [-73.86749, 40.86135], [-73.86752, 40.85957], [-73.86759, 40.85899]]]}}, {"type": "Feature", "properties": {"tract_id": "36005021100", "name": "Census Tract 211", "pct_white_2020": 1.1, "pct_black_2020": 30.0, "pct_hispanic_2020": 65.1, "pct_asian_2020": 1.2, "population_2020": 6268}, "geometry": {"type": "Polygon", "coordinates": [[[-73.92578, 40.83923], [-73.92619, 40.83851], [-73.92492, 40.83835], [-73.92371, 40.8382], [-73.92323, 40.83816], [-73.92222, 40.83799], [-73.9219, 40.83847], [-73.92164, 40.83889], [-73.92143, 40.83924], [-73.92133, 40.8396], [-73.9213, 40.83995], [-73.92136, 40.84019], [-73.9215, 40.84035], [-73.92194, 40.84105], [-73.92242, 40.84184], [-73.9228, 40.84278], [-73.92292, 40.84333], [-73.9229, 40.84401], [-73.92282, 40.84426], [-73.92354, 40.84446], [-73.9236, 40.84424], [-73.9236, 40.84422], [-73.92382, 40.84289], [-73.92414, 40.84247], [-73.92485, 40.8415], [-73.92501, 40.84124], [-73.92509, 40.84109], [-73.92527, 40.84018], [-73.92578, 40.83923]]]}}, {"type": "Feature", "properties": {"tract_id": "36005004600", "name": "Census Tract 46", "pct_white_2020": 2.2, "pct_black_2020": 27.9, "pct_hispanic_2020": 69.0, "pct_asian_2020": 0.0, "population_2020": 1763}, "geometry": {"type": "Polygon", "coordinates": [[[-73.87151, 40.82472], [-73.87149, 40.82462], [-73.87146, 40.82449], [-73.87142, 40.82433], [-73.871, 40.82256], [-73.8705, 40.82036], [-73.86888, 40.82059], [-73.86858, 40.82062], [-73.86766, 40.82075], [-73.8667, 40.82088], [-73.86575, 40.82101], [-73.86604, 40.82131], [-73.86609, 40.82136], [-73.86702, 40.8223], [-73.86776, 40.82299], [-73.86828, 40.82342], [-73.86911, 40.82423], [-73.8695, 40.82456], [-73.8696, 40.82468], [-73.86972, 40.82483], [-73.86984, 40.82492], [-73.87052, 40.82484], [-73.87151, 40.82472]]]}}, {"type": "Feature", "properties": {"tract_id": "36005005902", "name": "Census Tract 59.02", "pct_white_2020": 12.0, "pct_black_2020": 26.5, "pct_hispanic_2020": 60.3, "pct_asian_2020": 0.6, "population_2020": 2938}, "geometry": {"type": "Polygon", "coordinates": [[[-73.92547, 40.82147], [-73.92575, 40.82118], [-73.92543, 40.8211], [-73.92528, 40.82107], [-73.9251, 40.82104], [-73.92504, 40.82103], [-73.925, 40.82103], [-73.92478, 40.82102], [-73.92464, 40.82102], [-73.92337, 40.8231], [-73.92307, 40.82362], [-73.92302, 40.82371], [-73.92238, 40.82479], [-73.92227, 40.82497], [-73.92174, 40.82564], [-73.92115, 40.8264], [-73.92267, 40.82685], [-73.92274, 40.82671], [-73.92306, 40.8261], [-73.92347, 40.82543], [-73.92413, 40.82426], [-73.9243, 40.82391], [-73.92437, 40.82371], [-73.92443, 40.82346], [-73.92457, 40.8231], [-73.92467, 40.82287], [-73.92474, 40.82269], [-73.92486, 40.82244], [-73.92507, 40.82205], [-73.92513, 40.82194], [-73.92515, 40.8219], [-73.92528, 40.82172], [-73.92539, 40.82157], [-73.92547, 40.82147]]]}}, {"type": "Feature", "properties": {"tract_id": "36005003100", "name": "Census Tract 31", "pct_white_2020": 1.4, "pct_black_2020": 32.5, "pct_hispanic_2020": 57.4, "pct_asian_2020": 5.7, "population_2020": 2559}, "geometry": {"type": "Polygon", "coordinates": [[[-73.90821, 40.80715], [-73.90844, 40.80648], [-73.90783, 40.80676], [-73.90665, 40.80731], [-73.90635, 40.8075], [-73.90609, 40.80774], [-73.90562, 40.8081], [-73.90496, 40.80853], [-73.90307, 40.80988], [-73.90324, 40.81071], [-73.90342, 40.81151], [-73.90418, 40.81212], [-73.90447, 40.81228], [-73.90541, 40.81248], [-73.90633, 40.81267], [-73.90685, 40.81121], [-73.90726, 40.80994], [-73.90754, 40.80906], [-73.90784, 40.80821], [-73.90821, 40.80715]]]}}, {"type": "Feature", "properties": {"tract_id": "36005039000", "name": "Census Tract 390", "pct_white_2020": 2.5, "pct_black_2020": 59.6, "pct_hispanic_2020": 20.0, "pct_asian_2020": 0.8, "population_2020": 2953}, "geometry": {"type": "Polygon", "coordinates": [[[-73.86395, 40.88143], [-73.86447, 40.88054], [-73.86325, 40.88024], [-73.86148, 40.87982], [-73.8586, 40.87895], [-73.85822, 40.87964], [-73.85784, 40.88033], [-73.85745, 40.88104], [-73.85706, 40.88174], [-73.85994, 40.88266], [-73.8628, 40.88357], [-73.86319, 40.88288], [-73.86359, 40.88217], [-73.86395, 40.88143]]]}}, {"type": "Feature", "properties": {"tract_id": "36005006900", "name": "Census Tract 69", "pct_white_2020": 1.0, "pct_black_2020": 24.9, "pct_hispanic_2020": 72.2, "pct_asian_2020": 0.3, "population_2020": 7118}, "geometry": {"type": "Polygon", "coordinates": [[[-73.9202, 40.82218], [-73.92034, 40.8221], [-73.91979, 40.82194], [-73.91918, 40.82177], [-73.91882, 40.82167], [-73.91858, 40.8216], [-73.91837, 40.82154], [-73.91742, 40.82128], [-73.91749, 40.82111], [-73.91769, 40.82069], [-73.91771, 40.82065], [-73.91754, 40.8206], [-73.9174, 40.82056], [-73.91724, 40.82052], [-73.9159, 40.82017], [-73.91426, 40.81975], [-73.91352, 40.81954], [-73.91306, 40.82013], [-73.91257, 40.82086], [-73.91217, 40.82149], [-73.91174, 40.82211], [-73.91288, 40.82244], [-73.91451, 40.82294], [-73.91622, 40.82347], [-73.91588, 40.8241], [-73.91677, 40.82439], [-73.91757, 40.82388], [-73.91834, 40.82339], [-73.91897, 40.82298], [-73.91899, 40.82296], [-73.91937, 40.82272], [-73.91948, 40.82264], [-73.9202, 40.82218]]]}}, {"type": "Feature", "properties": {"tract_id": "36005042800", "name": "Census Tract 428", "pct_white_2020": 2.1, "pct_black_2020": 66.0, "pct_hispanic_2020": 11.4, "pct_asian_2020": 1.7, "population_2020": 2014}, "geometry": {"type": "Polygon", "coordinates": [[[-73.84863, 40.89591], [-73.84806, 40.89444], [-73.84718, 40.89213], [-73.8463, 40.89232], [-73.84543, 40.89252], [-73.84454, 40.89271], [-73.84365, 40.89291], [-73.84279, 40.89309], [-73.84374, 40.89562], [-73.84396, 40.89619], [-73.84417, 40.8969], [-73.84511, 40.89669], [-73.84599, 40.89649], [-73.84688, 40.8963], [-73.84774, 40.89611], [-73.84863, 40.89591]]]}}, {"type": "Feature", "properties": {"tract_id": "36005038800", "name": "Census Tract 388", "pct_white_2020": 0.9, "pct_black_2020": 59.5, "pct_hispanic_2020": 36.4, "pct_asian_2020": 0.0, "population_2020": 2967}, "geometry": {"type": "Polygon", "coordinates": [[[-73.85822, 40.87964], [-73.8586, 40.87895], [-73.85608, 40.87821], [-73.85374, 40.87746], [-73.85338, 40.8781], [-73.8532, 40.8784], [-73.85294, 40.87878], [-73.85248, 40.87946], [-73.85203, 40.88014], [-73.85455, 40.88095], [-73.85706, 40.88174], [-73.85745, 40.88104], [-73.85784, 40.88033], [-73.85822, 40.87964]]]}}, {"type": "Feature", "properties": {"tract_id": "36005005600", "name": "Census Tract 56", "pct_white_2020": 2.4, "pct_black_2020": 14.2, "pct_hispanic_2020": 69.8, "pct_asian_2020": 3.9, "population_2020": 2311}, "geometry": {"type": "Polygon", "coordinates": [[[-73.88235, 40.8315], [-73.88172, 40.83129], [-73.8807, 40.83105], [-73.87977, 40.83114], [-73.87885, 40.83127], [-73.87792, 40.83139], [-73.87699, 40.83152], [-73.87607, 40.83164], [-73.87659, 40.83388], [-73.87743, 40.83376], [-73.87772, 40.83387], [-73.87856, 40.83418], [-73.87925, 40.83442], [-73.87998, 40.83468], [-73.88235, 40.8315]]]}}, {"type": "Feature", "properties": {"tract_id": "36005014500", "name": "Census Tract 145", "pct_white_2020": 2.4, "pct_black_2020": 60.5, "pct_hispanic_2020": 36.8, "pct_asian_2020": 0.0, "population_2020": 6425}, "geometry": {"type": "Polygon", "coordinates": [[[-73.91049, 40.83074], [-73.90971, 40.83047], [-73.90924, 40.83032], [-73.90896, 40.83023], [-73.90772, 40.82982], [-73.90657, 40.82945], [-73.90553, 40.8291], [-73.90451, 40.83062], [-73.90421, 40.83107], [-73.9036, 40.83197], [-73.90344, 40.83222], [-73.90503, 40.83274], [-73.90591, 40.83306], [-73.90708, 40.83342], [-73.90735, 40.83348], [-73.90795, 40.83368], [-73.90869, 40.83394], [-73.90962, 40.83228], [-73.91049, 40.83074]]]}}, {"type": "Feature", "properties": {"tract_id": "36005015800", "name": "Census Tract 158", "pct_white_2020": 39.3, "pct_black_2020": 4.8, "pct_hispanic_2020": 50.9, "pct_asian_2020": 5.0, "population_2020": 1461}, "geometry": {"type": "Polygon", "coordinates": [[[-73.82168, 40.8262], [-73.82098, 40.82559], [-73.82069, 40.8253], [-73.82051, 40.82494], [-73.82021, 40.82435], [-73.82018, 40.82427], [-73.81947, 40.82284], [-73.81914, 40.82235], [-73.81845, 40.82254], [-73.81729, 40.82212], [-73.81615, 40.82181], [-73.81666, 40.82318], [-73.81676, 40.82353], [-73.81678, 40.82493], [-73.81705, 40.82596], [-73.81832, 40.82784], [-73.81917, 40.82741], [-73.82004, 40.82699], [-73.82083, 40.8266], [-73.82168, 40.8262]]]}}, {"type": "Feature", "properties": {"tract_id": "36005007400", "name": "Census Tract 74", "pct_white_2020": 2.0, "pct_black_2020": 26.7, "pct_hispanic_2020": 68.5, "pct_asian_2020": 0.0, "population_2020": 3192}, "geometry": {"type": "Polygon", "coordinates": [[[-73.85514, 40.82244], [-73.85497, 40.82168], [-73.85481, 40.82103], [-73.85464, 40.8203], [-73.85414, 40.81824], [-73.85395, 40.81747], [-73.85379, 40.81681], [-73.85362, 40.81609], [-73.85163, 40.81635], [-73.8506, 40.8165], [-73.85077, 40.81723], [-73.85092, 40.81788], [-73.85108, 40.81862], [-73.85158, 40.82071], [-73.85175, 40.82144], [-73.8519, 40.82209], [-73.85208, 40.82285], [-73.85514, 40.82244]]]}}, {"type": "Feature", "properties": {"tract_id": "36005028800", "name": "Census Tract 288", "pct_white_2020": 57.5, "pct_black_2020": 8.4, "pct_hispanic_2020": 11.5, "pct_asian_2020": 21.1, "population_2020": 2784}, "geometry": {"type": "Polygon", "coordinates": [[[-73.8561, 40.85694], [-73.85535, 40.85543], [-73.85441, 40.8542], [-73.8529, 40.85226], [-73.85137, 40.8503], [-73.8505, 40.8507], [-73.84969, 40.85106], [-73.84861, 40.85108], [-73.84821, 40.85109], [-73.84818, 40.85152], [-73.84818, 40.85159], [-73.84811, 40.85261], [-73.84806, 40.85324], [-73.84801, 40.85395], [-73.848, 40.85429], [-73.84803, 40.8544], [-73.84808, 40.85451], [-73.84829, 40.85473], [-73.8489, 40.85529], [-73.84948, 40.85581], [-73.8501, 40.85635], [-73.84939, 40.85686], [-73.84936, 40.8575], [-73.8507, 40.85741], [-73.85163, 40.85733], [-73.85274, 40.85724], [-73.85377, 40.85715], [-73.8547, 40.85706], [-73.8561, 40.85694]]]}}, {"type": "Feature", "properties": {"tract_id": "36005022902", "name": "Census Tract 229.02", "pct_white_2020": 1.1, "pct_black_2020": 21.7, "pct_hispanic_2020": 74.1, "pct_asian_2020": 1.5, "population_2020": 3501}, "geometry": {"type": "Polygon", "coordinates": [[[-73.90946, 40.84378], [-73.90955, 40.84305], [-73.90863, 40.84301], [-73.90863, 40.84298], [-73.90866, 40.84272], [-73.90774, 40.8427], [-73.90685, 40.84267], [-73.906, 40.84263], [-73.905, 40.84254], [-73.90494, 40.84337], [-73.90485, 40.84459], [-73.90485, 40.84473], [-73.90665, 40.84485], [-73.90755, 40.84491], [-73.90936, 40.84501], [-73.90937, 40.84484], [-73.90946, 40.84378]]]}}, {"type": "Feature", "properties": {"tract_id": "36005013300", "name": "Census Tract 133", "pct_white_2020": 0.6, "pct_black_2020": 29.9, "pct_hispanic_2020": 67.1, "pct_asian_2020": 0.0, "population_2020": 6038}, "geometry": {"type": "Polygon", "coordinates": [[[-73.90573, 40.82334], [-73.90646, 40.82172], [-73.90566, 40.82156], [-73.9049, 40.82137], [-73.90379, 40.82109], [-73.90289, 40.82086], [-73.90267, 40.8208], [-73.90129, 40.82048], [-73.90085, 40.82154], [-73.90061, 40.82211], [-73.90199, 40.82244], [-73.90188, 40.82271], [-73.90118, 40.82439], [-73.90124, 40.8244], [-73.90134, 40.82443], [-73.90233, 40.82467], [-73.90311, 40.82485], [-73.90442, 40.82517], [-73.90492, 40.82529], [-73.90544, 40.82403], [-73.90573, 40.82334]]]}}, {"type": "Feature", "properties": {"tract_id": "36005008300", "name": "Census Tract 83", "pct_white_2020": 2.1, "pct_black_2020": 14.3, "pct_hispanic_2020": 82.7, "pct_asian_2020": 0.0, "population_2020": 6564}, "geometry": {"type": "Polygon", "coordinates": [[[-73.90418, 40.81309], [-73.90447, 40.81228], [-73.90418, 40.81212], [-73.90342, 40.81151], [-73.90324, 40.81071], [-73.90307, 40.80988], [-73.90091, 40.81143], [-73.89917, 40.81267], [-73.89845, 40.81318], [-73.89934, 40.81349], [-73.89973, 40.81429], [-73.90012, 40.81508], [-73.90051, 40.81588], [-73.90092, 40.81672], [-73.90072, 40.81676], [-73.90154, 40.81716], [-73.90258, 40.81737], [-73.90301, 40.81632], [-73.90307, 40.81611], [-73.90347, 40.81508], [-73.9038, 40.81413], [-73.90418, 40.81309]]]}}, {"type": "Feature", "properties": {"tract_id": "36005040400", "name": "Census Tract 404", "pct_white_2020": 0.0, "pct_black_2020": 73.3, "pct_hispanic_2020": 23.6, "pct_asian_2020": 0.0, "population_2020": 3310}, "geometry": {"type": "Polygon", "coordinates": [[[-73.85472, 40.88598], [-73.8551, 40.88527], [-73.85237, 40.8844], [-73.84973, 40.88355], [-73.84928, 40.88424], [-73.84882, 40.88492], [-73.84836, 40.88561], [-73.8479, 40.8863], [-73.84744, 40.88698], [-73.85027, 40.88788], [-73.85315, 40.8888], [-73.85354, 40.88809], [-73.85394, 40.88739], [-73.85432, 40.88668], [-73.85472, 40.88598]]]}}, {"type": "Feature", "properties": {"tract_id": "36005046000", "name": "Census Tract 460", "pct_white_2020": 3.3, "pct_black_2020": 61.0, "pct_hispanic_2020": 34.5, "pct_asian_2020": 1.1, "population_2020": 2739}, "geometry": {"type": "Polygon", "coordinates": [[[-73.84658, 40.88221], [-73.84703, 40.88159], [-73.84426, 40.88042], [-73.8445, 40.88011], [-73.84462, 40.87995], [-73.84477, 40.87976], [-73.84324, 40.87911], [-73.84306, 40.87922], [-73.843, 40.87926], [-73.84274, 40.87943], [-73.84201, 40.87987], [-73.84128, 40.88032], [-73.84046, 40.88062], [-73.83965, 40.88093], [-73.83874, 40.88127], [-73.83951, 40.88263], [-73.84044, 40.88473], [-73.84118, 40.88641], [-73.84315, 40.88503], [-73.84531, 40.88348], [-73.84607, 40.8829], [-73.84658, 40.88221]]]}}, {"type": "Feature", "properties": {"tract_id": "36005017100", "name": "Census Tract 171", "pct_white_2020": null, "pct_black_2020": null, "pct_hispanic_2020": null, "pct_asian_2020": null, "population_2020": 0, "dominant_group_2020": null, "diversity_index_2020": null}, "geometry": {"type": "Polygon", "coordinates": [[[-73.90959, 40.84275], [-73.90963, 40.8424], [-73.90958, 40.84203], [-73.90939, 40.84125], [-73.90912, 40.84017], [-73.90906, 40.83995], [-73.90899, 40.83916], [-73.90891, 40.83838], [-73.90946, 40.83706], [-73.90916, 40.83698], [-73.90798, 40.83718], [-73.90773, 40.83748], [-73.90747, 40.83776], [-73.90731, 40.83789], [-73.90694, 40.83811], [-73.90679, 40.83825], [-73.90644, 40.83867], [-73.90577, 40.83956], [-73.90561, 40.83984], [-73.90559, 40.83992], [-73.90531, 40.84045], [-73.90516, 40.84087], [-73.9051, 40.84126], [-73.90503, 40.84226], [-73.905, 40.84254], [-73.906, 40.84263], [-73.90685, 40.84267], [-73.90774, 40.8427], [-73.90866, 40.84272], [-73.90863, 40.84298], [-73.90863, 40.84301], [-73.90955, 40.84305], [-73.90959, 40.84275]]]}}, {"type": "Feature", "properties": {"tract_id": "36005045101", "name": "Census Tract 451.01", "pct_white_2020": 81.8, "pct_black_2020": 3.6, "pct_hispanic_2020": 12.4, "pct_asian_2020": 0.0, "population_2020": 1541}, "geometry": {"type": "Polygon", "coordinates": [[[-73.86745, 40.89895], [-73.86732, 40.89827], [-73.86719, 40.89759], [-73.86707, 40.89691], [-73.86692, 40.89608], [-73.86492, 40.89575], [-73.86402, 40.89552], [-73.86356, 40.89538], [-73.86329, 40.89529], [-73.86287, 40.89515], [-73.86146, 40.89716], [-73.86111, 40.89759], [-73.86129, 40.8981], [-73.86142, 40.89854], [-73.86147, 40.89915], [-73.86146, 40.89953], [-73.86133, 40.90019], [-73.86192, 40.89883], [-73.86222, 40.89882], [-73.86377, 40.89866], [-73.86348, 40.89937], [-73.86509, 40.89921], [-73.86745, 40.89895]]]}}, {"type": "Feature", "properties": {"tract_id": "36005025200", "name": "Census Tract 252", "pct_white_2020": 32.8, "pct_black_2020": 6.1, "pct_hispanic_2020": 46.1, "pct_asian_2020": 10.5, "population_2020": 2525}, "geometry": {"type": "Polygon", "coordinates": [[[-73.85781, 40.85005], [-73.85862, 40.84969], [-73.85709, 40.84773], [-73.85606, 40.84642], [-73.85461, 40.84457], [-73.85401, 40.84364], [-73.85303, 40.84393], [-73.85221, 40.84426], [-73.85206, 40.8441], [-73.85179, 40.84417], [-73.85115, 40.84432], [-73.85219, 40.84566], [-73.85364, 40.84751], [-73.85466, 40.84882], [-73.85619, 40.85078], [-73.8566, 40.85059], [-73.85683, 40.85049], [-73.857, 40.85042], [-73.85781, 40.85005]]]}}, {"type": "Feature", "properties": {"tract_id": "36005023501", "name": "Census Tract 235.01", "pct_white_2020": 1.1, "pct_black_2020": 9.1, "pct_hispanic_2020": 89.4, "pct_asian_2020": 0.4, "population_2020": 3294}, "geometry": {"type": "Polygon", "coordinates": [[[-73.90699, 40.85037], [-73.90682, 40.8502], [-73.90616, 40.84955], [-73.906, 40.84939], [-73.90595, 40.84946], [-73.90562, 40.84992], [-73.90513, 40.85053], [-73.90467, 40.8511], [-73.90422, 40.85166], [-73.90374, 40.85228], [-73.90368, 40.85239], [-73.90359, 40.85249], [-73.90272, 40.85352], [-73.90186, 40.85459], [-73.90207, 40.85462], [-73.90299, 40.85477], [-73.90377, 40.85391], [-73.90475, 40.85283], [-73.90502, 40.85253], [-73.90556, 40.85194], [-73.90605, 40.8514], [-73.90658, 40.85082], [-73.90699, 40.85037]]]}}, {"type": "Feature", "properties": {"tract_id": "36005036501", "name": "Census Tract 365.01", "pct_white_2020": 0.4, "pct_black_2020": 50.2, "pct_hispanic_2020": 47.2, "pct_asian_2020": 0.0, "population_2020": 4196}, "geometry": {"type": "Polygon", "coordinates": [[[-73.88832, 40.84518], [-73.88902, 40.84437], [-73.88792, 40.84383], [-73.88684, 40.8433], [-73.88566, 40.84271], [-73.88545, 40.84377], [-73.88529, 40.84461], [-73.88519, 40.84519], [-73.88446, 40.84599], [-73.88379, 40.84678], [-73.88345, 40.84715], [-73.8833, 40.84745], [-73.88322, 40.84777], [-73.88311, 40.84827], [-73.88378, 40.84868], [-73.88492, 40.84734], [-73.8856, 40.84654], [-73.88561, 40.84646], [-73.88675, 40.8452], [-73.88723, 40.84464], [-73.8877, 40.84487], [-73.88776, 40.8449], [-73.88832, 40.84518]]]}}, {"type": "Feature", "properties": {"tract_id": "36005036700", "name": "Census Tract 367", "pct_white_2020": 1.2, "pct_black_2020": 26.0, "pct_hispanic_2020": 65.1, "pct_asian_2020": 4.4, "population_2020": 2440}, "geometry": {"type": "Polygon", "coordinates": [[[-73.8915, 40.8417], [-73.89217, 40.84105], [-73.89017, 40.83987], [-73.88869, 40.83916], [-73.88814, 40.83986], [-73.88754, 40.83964], [-73.8866, 40.83928], [-73.88619, 40.84011], [-73.88673, 40.84043], [-73.88724, 40.84074], [-73.8878, 40.84106], [-73.88801, 40.84119], [-73.88823, 40.84131], [-73.88852, 40.84148], [-73.89055, 40.84268], [-73.8915, 40.8417]]]}}, {"type": "Feature", "properties": {"tract_id": "36005036902", "name": "Census Tract 369.02", "pct_white_2020": 3.2, "pct_black_2020": 37.0, "pct_hispanic_2020": 59.9, "pct_asian_2020": 0.0, "population_2020": 2399}, "geometry": {"type": "Polygon", "coordinates": [[[-73.89489, 40.84364], [-73.89537, 40.8429], [-73.8941, 40.84219], [-73.89317, 40.84164], [-73.89217, 40.84105], [-73.8915, 40.8417], [-73.89055, 40.84268], [-73.89162, 40.84321], [-73.89291, 40.84342], [-73.89412, 40.84354], [-73.89481, 40.84376], [-73.89489, 40.84364]]]}}, {"type": "Feature", "properties": {"tract_id": "36005028100", "name": "Census Tract 281", "pct_white_2020": 30.9, "pct_black_2020": 19.7, "pct_hispanic_2020": 44.8, "pct_asian_2020": 2.8, "population_2020": 3490}, "geometry": {"type": "Polygon", "coordinates": [[[-73.89453, 40.8855], [-73.89416, 40.88528], [-73.89403, 40.88497], [-73.894, 40.88471], [-73.89381, 40.88447], [-73.8936, 40.88434], [-73.89342, 40.88425], [-73.89332, 40.88414], [-73.89313, 40.88368], [-73.89272, 40.88266], [-73.89257, 40.88258], [-73.89229, 40.88245], [-73.89196, 40.88233], [-73.89165, 40.88233], [-73.89043, 40.88251], [-73.88863, 40.88276], [-73.8881, 40.88286], [-73.88783, 40.88291], [-73.88757, 40.88291], [-73.88725, 40.88284], [-73.88697, 40.88281], [-73.88703, 40.88389], [-73.88705, 40.88436], [-73.88754, 40.88427], [-73.8889, 40.8845], [-73.88985, 40.88469], [-73.89081, 40.88487], [-73.89177, 40.88505], [-73.89289, 40.88526], [-73.89453, 40.8855]]]}}, {"type": "Feature", "properties": {"tract_id": "36005022701", "name": "Census Tract 227.01", "pct_white_2020": 1.0, "pct_black_2020": 37.8, "pct_hispanic_2020": 56.8, "pct_asian_2020": 0.7, "population_2020": 4876}, "geometry": {"type": "Polygon", "coordinates": [[[-73.91408, 40.84528], [-73.9142, 40.84511], [-73.91319, 40.84512], [-73.912, 40.84509], [-73.91133, 40.84507], [-73.91114, 40.84506], [-73.91104, 40.84521], [-73.91074, 40.84546], [-73.90946, 40.8464], [-73.90866, 40.84695], [-73.90863, 40.84697], [-73.90812, 40.84728], [-73.90749, 40.8478], [-73.90775, 40.84786], [-73.90858, 40.84802], [-73.90975, 40.84826], [-73.91067, 40.84844], [-73.91168, 40.84864], [-73.91197, 40.84823], [-73.91236, 40.84768], [-73.91306, 40.84671], [-73.91315, 40.84658], [-73.91339, 40.84619], [-73.91352, 40.84602], [-73.91356, 40.84596], [-73.91372, 40.84575], [-73.91376, 40.84569], [-73.91397, 40.84543], [-73.91408, 40.84528]]]}}, {"type": "Feature", "properties": {"tract_id": "36005031600", "name": "Census Tract 316", "pct_white_2020": 28.3, "pct_black_2020": 9.6, "pct_hispanic_2020": 39.5, "pct_asian_2020": 10.3, "population_2020": 1907}, "geometry": {"type": "Polygon", "coordinates": [[[-73.85025, 40.85981], [-73.85028, 40.85866], [-73.84931, 40.85872], [-73.84834, 40.8587], [-73.8474, 40.85868], [-73.84736, 40.85979], [-73.84732, 40.86097], [-73.84726, 40.86284], [-73.84718, 40.86528], [-73.84812, 40.8653], [-73.8491, 40.86532], [-73.84952, 40.86532], [-73.8501, 40.86463], [-73.85012, 40.86399], [-73.85015, 40.86289], [-73.85021, 40.86103], [-73.85025, 40.85981]]]}}, {"type": "Feature", "properties": {"tract_id": "36005019500", "name": "Census Tract 195", "pct_white_2020": 5.8, "pct_black_2020": 43.3, "pct_hispanic_2020": 45.4, "pct_asian_2020": 1.0, "population_2020": 7143}, "geometry": {"type": "Polygon", "coordinates": [[[-73.92584, 40.82796], [-73.92593, 40.82781], [-73.92494, 40.82751], [-73.92405, 40.82724], [-73.92267, 40.82685], [-73.92261, 40.82697], [-73.92222, 40.82772], [-73.92174, 40.8286], [-73.92117, 40.82963], [-73.92046, 40.83092], [-73.91986, 40.83195], [-73.91903, 40.83309], [-73.91923, 40.83316], [-73.92037, 40.83354], [-73.92122, 40.83383], [-73.92222, 40.83416], [-73.92349, 40.83197], [-73.92426, 40.83068], [-73.9245, 40.83028], [-73.92481, 40.82978], [-73.92497, 40.82952], [-73.92584, 40.82796]]]}}, {"type": "Feature", "properties": {"tract_id": "36005028600", "name": "Census Tract 286", "pct_white_2020": 39.8, "pct_black_2020": 5.4, "pct_hispanic_2020": 24.7, "pct_asian_2020": 29.5, "population_2020": 950}, "geometry": {"type": "Polygon", "coordinates": [[[-73.8505, 40.8507], [-73.85137, 40.8503], [-73.85034, 40.84899], [-73.84907, 40.84706], [-73.84789, 40.84599], [-73.84721, 40.84649], [-73.84657, 40.84707], [-73.84635, 40.84728], [-73.84604, 40.84763], [-73.84575, 40.84803], [-73.84542, 40.84854], [-73.84536, 40.84868], [-73.8453, 40.84945], [-73.84525, 40.84963], [-73.84511, 40.84995], [-73.84493, 40.85014], [-73.84476, 40.85047], [-73.84436, 40.85112], [-73.84445, 40.85124], [-73.8467, 40.85124], [-73.84722, 40.85114], [-73.8473, 40.85109], [-73.84821, 40.85109], [-73.84861, 40.85108], [-73.84969, 40.85106], [-73.8505, 40.8507]]]}}, {"type": "Feature", "properties": {"tract_id": "36005016400", "name": "Census Tract 164", "pct_white_2020": 40.4, "pct_black_2020": 8.4, "pct_hispanic_2020": 31.8, "pct_asian_2020": 18.6, "population_2020": 1029}, "geometry": {"type": "Polygon", "coordinates": [[[-73.82819, 40.83295], [-73.82768, 40.83236], [-73.82711, 40.83168], [-73.82652, 40.831], [-73.82598, 40.83042], [-73.82529, 40.82969], [-73.824, 40.83034], [-73.82322, 40.83073], [-73.82235, 40.83115], [-73.82148, 40.83157], [-73.82262, 40.83291], [-73.82382, 40.83433], [-73.82467, 40.83388], [-73.82519, 40.83459], [-73.82601, 40.83402], [-73.8268, 40.83363], [-73.82819, 40.83295]]]}}, {"type": "Feature", "properties": {"tract_id": "36005036800", "name": "Census Tract 368", "pct_white_2020": 1.4, "pct_black_2020": 57.1, "pct_hispanic_2020": 14.9, "pct_asian_2020": 0.0, "population_2020": 2282}, "geometry": {"type": "Polygon", "coordinates": [[[-73.86008, 40.87628], [-73.86051, 40.87549], [-73.85891, 40.87498], [-73.85803, 40.8747], [-73.85744, 40.87451], [-73.85651, 40.87422], [-73.85552, 40.8739], [-73.85451, 40.87358], [-73.85364, 40.8733], [-73.85278, 40.87395], [-73.85216, 40.87443], [-73.85206, 40.8745], [-73.85143, 40.87499], [-73.8512, 40.87515], [-73.85262, 40.8756], [-73.85445, 40.87618], [-73.85678, 40.87693], [-73.85688, 40.87677], [-73.85735, 40.87678], [-73.85924, 40.87686], [-73.85975, 40.87686], [-73.85996, 40.87649], [-73.86008, 40.87628]]]}}, {"type": "Feature", "properties": {"tract_id": "36005006000", "name": "Census Tract 60", "pct_white_2020": 0.5, "pct_black_2020": 4.5, "pct_hispanic_2020": 94.9, "pct_asian_2020": 0.0, "population_2020": 1297}, "geometry": {"type": "Polygon", "coordinates": [[[-73.88222, 40.83546], [-73.88211, 40.83543], [-73.88202, 40.8354], [-73.88189, 40.83535], [-73.88126, 40.83513], [-73.87998, 40.83468], [-73.87925, 40.83442], [-73.87841, 40.83529], [-73.87797, 40.83562], [-73.87753, 40.83589], [-73.87694, 40.83614], [-73.87662, 40.83621], [-73.87613, 40.83618], [-73.87589, 40.83616], [-73.87521, 40.83611], [-73.87508, 40.8361], [-73.87432, 40.83603], [-73.87394, 40.83598], [-73.87384, 40.83633], [-73.87382, 40.8364], [-73.87375, 40.83668], [-73.8737, 40.83682], [-73.87366, 40.8369], [-73.87359, 40.83709], [-73.87341, 40.83759], [-73.87338, 40.83766], [-73.87323, 40.83816], [-73.87318, 40.83836], [-73.87307, 40.83875], [-73.87294, 40.83925], [-73.87284, 40.83976], [-73.87356, 40.83979], [-73.87561, 40.8399], [-73.87741, 40.83999], [-73.87791, 40.83997], [-73.87836, 40.84], [-73.87866, 40.84002], [-73.87973, 40.84004], [-73.88016, 40.84], [-73.88037, 40.83947], [-73.88051, 40.83924], [-73.88113, 40.83862], [-73.88155, 40.83821], [-73.88166, 40.83803], [-73.88172, 40.83795], [-73.88201, 40.83746], [-73.88217, 40.83709], [-73.88207, 40.83659], [-73.88207, 40.83623], [-73.8821, 40.83584], [-73.88222, 40.83546]]]}}, {"type": "Feature", "properties": {"tract_id": "36005037600", "name": "Census Tract 376", "pct_white_2020": 8.9, "pct_black_2020": 37.1, "pct_hispanic_2020": 45.0, "pct_asian_2020": 6.9, "population_2020": 2028}, "geometry": {"type": "Polygon", "coordinates": [[[-73.87038, 40.87328], [-73.87056, 40.87151], [-73.86935, 40.87148], [-73.86826, 40.87146], [-73.86821, 40.87324], [-73.86813, 40.8753], [-73.86808, 40.87714], [-73.86807, 40.87737], [-73.86805, 40.8778], [-73.86849, 40.8779], [-73.86944, 40.87813], [-73.86942, 40.87799], [-73.87003, 40.87649], [-73.87027, 40.87564], [-73.87031, 40.87534], [-73.87038, 40.87328]]]}}, {"type": "Feature", "properties": {"tract_id": "36005023301", "name": "Census Tract 233.01", "pct_white_2020": 0.4, "pct_black_2020": 28.5, "pct_hispanic_2020": 63.8, "pct_asian_2020": 1.9, "population_2020": 4067}, "geometry": {"type": "Polygon", "coordinates": [[[-73.91112, 40.84942], [-73.91168, 40.84864], [-73.91067, 40.84844], [-73.90975, 40.84826], [-73.90858, 40.84802], [-73.90775, 40.84786], [-73.90749, 40.8478], [-73.90677, 40.84854], [-73.90606, 40.84932], [-73.906, 40.84939], [-73.90616, 40.84955], [-73.90682, 40.8502], [-73.90699, 40.85037], [-73.90765, 40.85086], [-73.90841, 40.85132], [-73.90921, 40.8518], [-73.91002, 40.85096], [-73.91058, 40.85018], [-73.9107, 40.85002], [-73.91112, 40.84942]]]}}, {"type": "Feature", "properties": {"tract_id": "36005004001", "name": "Census Tract 40.01", "pct_white_2020": 4.3, "pct_black_2020": 11.2, "pct_hispanic_2020": 56.8, "pct_asian_2020": 24.3, "population_2020": 1409}, "geometry": {"type": "Polygon", "coordinates": [[[-73.86067, 40.82842], [-73.8597, 40.82628], [-73.85867, 40.82642], [-73.85728, 40.8266], [-73.85702, 40.82666], [-73.85675, 40.82671], [-73.85645, 40.82674], [-73.8563, 40.82676], [-73.85615, 40.82677], [-73.85633, 40.82751], [-73.85649, 40.82823], [-73.85666, 40.82895], [-73.85682, 40.82967], [-73.85699, 40.83038], [-73.86026, 40.82995], [-73.85994, 40.82925], [-73.85962, 40.82855], [-73.86067, 40.82842]]]}}, {"type": "Feature", "properties": {"tract_id": "36005026300", "name": "Census Tract 263", "pct_white_2020": 3.8, "pct_black_2020": 11.2, "pct_hispanic_2020": 84.5, "pct_asian_2020": 0.5, "population_2020": 6904}, "geometry": {"type": "Polygon", "coordinates": [[[-73.9091, 40.863], [-73.90904, 40.86268], [-73.90861, 40.8628], [-73.90821, 40.86283], [-73.90759, 40.86282], [-73.90616, 40.86278], [-73.90493, 40.86275], [-73.90404, 40.86274], [-73.90332, 40.86273], [-73.90252, 40.8638], [-73.90194, 40.86455], [-73.90252, 40.86487], [-73.90332, 40.86531], [-73.90207, 40.867], [-73.90114, 40.86828], [-73.90165, 40.86842], [-73.90236, 40.8687], [-73.90312, 40.86765], [-73.90439, 40.86591], [-73.9044, 40.86589], [-73.90447, 40.86579], [-73.90456, 40.8657], [-73.90466, 40.86562], [-73.90477, 40.86555], [-73.9049, 40.86548], [-73.90505, 40.86543], [-73.9052, 40.86539], [-73.90532, 40.86537], [-73.90545, 40.86536], [-73.90559, 40.86535], [-73.90573, 40.86532], [-73.90583, 40.86528], [-73.90596, 40.86523], [-73.90607, 40.86517], [-73.90618, 40.86509], [-73.90628, 40.86501], [-73.90635, 40.86492], [-73.90681, 40.86443], [-73.90754, 40.86356], [-73.90778, 40.86354], [-73.90811, 40.86348], [-73.90838, 40.8634], [-73.9088, 40.86322], [-73.9091, 40.863]]]}}, {"type": "Feature", "properties": {"tract_id": "36005029700", "name": "Census Tract 297", "pct_white_2020": 58.9, "pct_black_2020": 10.1, "pct_hispanic_2020": 19.9, "pct_asian_2020": 5.4, "population_2020": 4047}, "geometry": {"type": "Polygon", "coordinates": [[[-73.91509, 40.88376], [-73.91517, 40.88347], [-73.91429, 40.88319], [-73.9131, 40.88281], [-73.91376, 40.88156], [-73.91275, 40.88113], [-73.91202, 40.88082], [-73.91173, 40.88074], [-73.9115, 40.88117], [-73.91101, 40.88209], [-73.91043, 40.88347], [-73.91038, 40.8837], [-73.91041, 40.88395], [-73.91043, 40.88427], [-73.91035, 40.8846], [-73.90998, 40.88566], [-73.90966, 40.88665], [-73.90937, 40.88795], [-73.9093, 40.88847], [-73.90907, 40.88879], [-73.90894, 40.88887], [-73.90886, 40.88893], [-73.90876, 40.889], [-73.90863, 40.88905], [-73.90842, 40.88912], [-73.9087, 40.88932], [-73.9088, 40.88936], [-73.90889, 40.8894], [-73.90906, 40.88951], [-73.90937, 40.88945], [-73.90949, 40.88941], [-73.90963, 40.88932], [-73.90974, 40.88921], [-73.90976, 40.88914], [-73.9098, 40.88906], [-73.90995, 40.88892], [-73.91024, 40.88877], [-73.91084, 40.88845], [-73.91125, 40.88824], [-73.91138, 40.88824], [-73.91168, 40.88823], [-73.91173, 40.88822], [-73.91227, 40.88711], [-73.91236, 40.887], [-73.91302, 40.88617], [-73.91402, 40.88534], [-73.91489, 40.88462], [-73.91478, 40.88461], [-73.91465, 40.88456], [-73.91453, 40.88453], [-73.91487, 40.88417], [-73.91509, 40.88376]]]}}, {"type": "Feature", "properties": {"tract_id": "36005020601", "name": "Census Tract 206.01", "pct_white_2020": 3.7, "pct_black_2020": 10.3, "pct_hispanic_2020": 47.0, "pct_asian_2020": 31.4, "population_2020": 2528}, "geometry": {"type": "Polygon", "coordinates": [[[-73.85291, 40.84009], [-73.85289, 40.83998], [-73.85287, 40.83985], [-73.85266, 40.83878], [-73.85248, 40.83778], [-73.85233, 40.83701], [-73.85221, 40.83635], [-73.85207, 40.83563], [-73.85168, 40.8342], [-73.85017, 40.83435], [-73.84956, 40.83441], [-73.8487, 40.8351], [-73.84806, 40.83564], [-73.84732, 40.83626], [-73.84878, 40.83727], [-73.85001, 40.83812], [-73.85068, 40.83857], [-73.85135, 40.83903], [-73.85168, 40.83926], [-73.85291, 40.84009]]]}}, {"type": "Feature", "properties": {"tract_id": "36005042000", "name": "Census Tract 420", "pct_white_2020": 2.3, "pct_black_2020": 43.7, "pct_hispanic_2020": 47.7, "pct_asian_2020": 3.6, "population_2020": 4396}, "geometry": {"type": "Polygon", "coordinates": [[[-73.86229, 40.89261], [-73.86265, 40.89182], [-73.86179, 40.89155], [-73.85991, 40.89095], [-73.85891, 40.89063], [-73.85852, 40.89134], [-73.85813, 40.89204], [-73.85773, 40.89275], [-73.85737, 40.89339], [-73.85696, 40.89417], [-73.85983, 40.89508], [-73.86071, 40.89537], [-73.86136, 40.89466], [-73.86205, 40.89314], [-73.86216, 40.89291], [-73.8622, 40.89282], [-73.86229, 40.89261]]]}}, {"type": "Feature", "properties": {"tract_id": "36005031900", "name": "Census Tract 319", "pct_white_2020": 54.2, "pct_black_2020": 14.9, "pct_hispanic_2020": 21.6, "pct_asian_2020": 7.0, "population_2020": 773}, "geometry": {"type": "Polygon", "coordinates": [[[-73.91921, 40.91545], [-73.91943, 40.91489], [-73.91182, 40.91294], [-73.91119, 40.91262], [-73.91098, 40.91276], [-73.91077, 40.9129], [-73.9097, 40.91247], [-73.90948, 40.91238], [-73.90853, 40.91228], [-73.90846, 40.91227], [-73.90822, 40.91223], [-73.90799, 40.91216], [-73.90778, 40.91209], [-73.90773, 40.91206], [-73.90764, 40.91203], [-73.90659, 40.91164], [-73.90647, 40.91156], [-73.90643, 40.9115], [-73.90647, 40.91138], [-73.90656, 40.91133], [-73.90544, 40.91091], [-73.90434, 40.91052], [-73.90322, 40.91013], [-73.90259, 40.91247], [-73.90245, 40.91298], [-73.90381, 40.91335], [-73.90419, 40.91346], [-73.90591, 40.91394], [-73.90595, 40.91395], [-73.9083, 40.91461], [-73.90833, 40.91462], [-73.90881, 40.91475], [-73.90884, 40.91475], [-73.90947, 40.91492], [-73.9095, 40.91493], [-73.91001, 40.91508], [-73.91028, 40.91519], [-73.91052, 40.91528], [-73.91081, 40.91537], [-73.91832, 40.91771], [-73.91835, 40.91763], [-73.91921, 40.91545]]]}}, {"type": "Feature", "properties": {"tract_id": "36005031800", "name": "Census Tract 318", "pct_white_2020": 30.5, "pct_black_2020": 23.0, "pct_hispanic_2020": 33.5, "pct_asian_2020": 12.1, "population_2020": 1924}, "geometry": {"type": "Polygon", "coordinates": [[[-73.85357, 40.86109], [-73.85303, 40.86107], [-73.85307, 40.85977], [-73.85311, 40.85841], [-73.85217, 40.8585], [-73.85123, 40.85857], [-73.85028, 40.85866], [-73.85025, 40.85981], [-73.85021, 40.86103], [-73.85015, 40.86289], [-73.85012, 40.86399], [-73.8501, 40.86463], [-73.84952, 40.86532], [-73.84984, 40.86533], [-73.85008, 40.86533], [-73.85039, 40.86534], [-73.85083, 40.86535], [-73.85102, 40.86535], [-73.85196, 40.86537], [-73.85289, 40.86539], [-73.85296, 40.86295], [-73.85242, 40.86293], [-73.85203, 40.86292], [-73.85357, 40.86109]]]}}, {"type": "Feature", "properties": {"tract_id": "36005032300", "name": "Census Tract 323", "pct_white_2020": 61.3, "pct_black_2020": 7.5, "pct_hispanic_2020": 25.5, "pct_asian_2020": 3.8, "population_2020": 4583}, "geometry": {"type": "Polygon", "coordinates": [[[-73.91214, 40.90444], [-73.9126, 40.90358], [-73.91157, 40.90336], [-73.91095, 40.90317], [-73.9102, 40.90306], [-73.91084, 40.90003], [-73.90994, 40.89987], [-73.90881, 40.8996], [-73.90786, 40.89946], [-73.90746, 40.89939], [-73.90651, 40.90096], [-73.90649, 40.90101], [-73.90611, 40.90167], [-73.90547, 40.90295], [-73.90501, 40.90414], [-73.90459, 40.90529], [-73.90446, 40.90564], [-73.90434, 40.90597], [-73.9041, 40.90686], [-73.90367, 40.90844], [-73.90322, 40.91013], [-73.90434, 40.91052], [-73.90544, 40.91091], [-73.90656, 40.91133], [-73.90674, 40.9112], [-73.90728, 40.91054], [-73.90739, 40.91043], [-73.9075, 40.91026], [-73.90864, 40.90857], [-73.90899, 40.90821], [-73.9092, 40.90807], [-73.91024, 40.9072], [-73.91046, 40.90699], [-73.9106, 40.90677], [-73.91085, 40.90622], [-73.91122, 40.90561], [-73.91155, 40.90513], [-73.91177, 40.90487], [-73.91196, 40.90477], [-73.91214, 40.90444]]]}}, {"type": "Feature", "properties": {"tract_id": "36005032400", "name": "Census Tract 324", "pct_white_2020": 7.4, "pct_black_2020": 14.8, "pct_hispanic_2020": 50.3, "pct_asian_2020": 16.8, "population_2020": 3091}, "geometry": {"type": "Polygon", "coordinates": [[[-73.86177, 40.85899], [-73.86179, 40.85798], [-73.85664, 40.85812], [-73.85735, 40.85971], [-73.85746, 40.86043], [-73.85757, 40.86116], [-73.85771, 40.86228], [-73.85806, 40.86304], [-73.85871, 40.86425], [-73.85961, 40.86551], [-73.86055, 40.86553], [-73.86156, 40.86555], [-73.86165, 40.86311], [-73.86171, 40.86124], [-73.86176, 40.85964], [-73.86177, 40.85899]]]}}, {"type": "Feature", "properties": {"tract_id": "36005033400", "name": "Census Tract 334", "pct_white_2020": null, "pct_black_2020": null, "pct_hispanic_2020": null, "pct_asian_2020": null, "population_2020": 38, "dominant_group_2020": null, "diversity_index_2020": null}, "geometry": {"type": "Polygon", "coordinates": [[[-73.88399, 40.86482], [-73.884, 40.86467], [-73.88396, 40.86445], [-73.88384, 40.86424], [-73.88235, 40.86245], [-73.88196, 40.86213], [-73.88186, 40.86204], [-73.88112, 40.86147], [-73.8809, 40.86129], [-73.88074, 40.86113], [-73.88066, 40.86101], [-73.88054, 40.86075], [-73.88051, 40.86061], [-73.88051, 40.86035], [-73.88073, 40.85968], [-73.88076, 40.85949], [-73.88095, 40.85865], [-73.88096, 40.8586], [-73.88099, 40.85843], [-73.88101, 40.85824], [-73.881, 40.85803], [-73.88098, 40.85784], [-73.88094, 40.85768], [-73.88088, 40.85751], [-73.88081, 40.85719], [-73.88076, 40.85699], [-73.88075, 40.85694], [-73.88071, 40.8568], [-73.88167, 40.85335], [-73.882, 40.85219], [-73.88232, 40.85106], [-73.88256, 40.85022], [-73.88285, 40.84919], [-73.88288, 40.84907], [-73.88301, 40.84861], [-73.88311, 40.84827], [-73.88278, 40.84807], [-73.88284, 40.84782], [-73.882, 40.84724], [-73.88106, 40.84659], [-73.88048, 40.8462], [-73.87919, 40.84532], [-73.87801, 40.84448], [-73.87731, 40.84401], [-73.87817, 40.84263], [-73.87746, 40.8424], [-73.87686, 40.84223], [-73.87608, 40.84206], [-73.87459, 40.84152], [-73.87398, 40.84253], [-73.87386, 40.84266], [-73.87341, 40.84301], [-73.87315, 40.84323], [-73.87306, 40.84329], [-73.8728, 40.84341], [-73.87208, 40.84372], [-73.87206, 40.84378], [-73.87191, 40.84436], [-73.87188, 40.84446], [-73.87187, 40.84449], [-73.87185, 40.84452], [-73.87182, 40.84454], [-73.87178, 40.84456], [-73.87176, 40.84457], [-73.87171, 40.84458], [-73.87156, 40.84459], [-73.87145, 40.84459], [-73.8714, 40.8446], [-73.87137, 40.8446], [-73.87135, 40.84461], [-73.87132, 40.84463], [-73.87126, 40.84469], [-73.87118, 40.84476], [-73.87115, 40.8448], [-73.87113, 40.84484], [-73.87111, 40.84488], [-73.87109, 40.84494], [-73.87109, 40.84497], [-73.87108, 40.84511], [-73.87107, 40.84517], [-73.87105, 40.84529], [-73.87105, 40.84533], [-73.87106, 40.84538], [-73.87106, 40.84542], [-73.87108, 40.84546], [-73.87109, 40.84551], [-73.87109, 40.84555], [-73.87108, 40.8456], [-73.87106, 40.84573], [-73.87104, 40.84581], [-73.87103, 40.84586], [-73.87101, 40.84591], [-73.87099, 40.84594], [-73.87095, 40.84599], [-73.87091, 40.84601], [-73.87087, 40.84604], [-73.8708, 40.84608], [-73.87071, 40.84613], [-73.87064, 40.84618], [-73.87057, 40.84622], [-73.87054, 40.84625], [-73.87052, 40.84628], [-73.87049, 40.84633], [-73.87043, 40.84644], [-73.87042, 40.84645], [-73.87038, 40.84648], [-73.87036, 40.84652], [-73.87033, 40.84655], [-73.8703, 40.8466], [-73.87008, 40.84652], [-73.87005, 40.84652], [-73.86997, 40.84654], [-73.86992, 40.84656], [-73.86989, 40.84659], [-73.86953, 40.84726], [-73.86893, 40.84815], [-73.86955, 40.84807], [-73.86957, 40.84824], [-73.86956, 40.84846], [-73.86953, 40.84869], [-73.8695, 40.84884], [-73.86945, 40.84898], [-73.86939, 40.84915], [-73.86933, 40.84927], [-73.86921, 40.84924], [-73.86824, 40.85091], [-73.86861, 40.85209], [-73.86872, 40.85242], [-73.86917, 40.85369], [-73.86938, 40.85427], [-73.86982, 40.85548], [-73.8699, 40.85571], [-73.86993, 40.85586], [-73.86989, 40.85597], [-73.86933, 40.85665], [-73.86886, 40.85722], [-73.86838, 40.85781], [-73.86861, 40.85777], [-73.86955, 40.85773], [-73.87085, 40.85729], [-73.8709, 40.85727], [-73.87095, 40.85727], [-73.871, 40.85728], [-73.87104, 40.85729], [-73.87107, 40.85733], [-73.87108, 40.85736], [-73.87108, 40.85738], [-73.87103, 40.85781], [-73.87098, 40.8582], [-73.87088, 40.8589], [-73.87077, 40.85982], [-73.87058, 40.8614], [-73.87046, 40.86327], [-73.87042, 40.86536], [-73.87046, 40.86663], [-73.87049, 40.86795], [-73.87051, 40.8687], [-73.87053, 40.86956], [-73.87054, 40.86967], [-73.87056, 40.87151], [-73.87038, 40.87328], [-73.87031, 40.87534], [-73.87027, 40.87564], [-73.87003, 40.87649], [-73.86942, 40.87799], [-73.86944, 40.87813], [-73.86963, 40.87818], [-73.86975, 40.87821], [-73.86998, 40.87827], [-73.87015, 40.87831], [-73.87041, 40.87837], [-73.87094, 40.87851], [-73.87161, 40.87692], [-73.87255, 40.87517], [-73.87437, 40.8727], [-73.87527, 40.8716], [-73.87629, 40.87053], [-73.87701, 40.87003], [-73.87773, 40.86955], [-73.87986, 40.86827], [-73.88129, 40.8675], [-73.88308, 40.86659], [-73.88269, 40.86615], [-73.88328, 40.86573], [-73.88362, 40.86545], [-73.88386, 40.86519], [-73.88393, 40.86495], [-73.88399, 40.86482]]]}}, {"type": "Feature", "properties": {"tract_id": "36005027600", "name": "Census Tract 276", "pct_white_2020": 26.3, "pct_black_2020": 63.2, "pct_hispanic_2020": 10.5, "pct_asian_2020": 0.0, "population_2020": 57}, "geometry": {"type": "Polygon", "coordinates": [[[-73.83282, 40.85612], [-73.83278, 40.85599], [-73.83231, 40.85576], [-73.83179, 40.85552], [-73.83129, 40.85543], [-73.83057, 40.85551], [-73.82957, 40.85562], [-73.82908, 40.85568], [-73.8286, 40.85572], [-73.82801, 40.85472], [-73.82722, 40.85325], [-73.82735, 40.85283], [-73.82718, 40.85171], [-73.82742, 40.85099], [-73.82766, 40.85027], [-73.828, 40.84862], [-73.82784, 40.84838], [-73.82688, 40.8469], [-73.82635, 40.84608], [-73.82623, 40.84584], [-73.82617, 40.84563], [-73.82611, 40.84534], [-73.82619, 40.84386], [-73.82624, 40.84299], [-73.82581, 40.84288], [-73.82558, 40.84281], [-73.82518, 40.8427], [-73.82514, 40.84334], [-73.82508, 40.8443], [-73.82509, 40.8447], [-73.82496, 40.84611], [-73.82444, 40.84638], [-73.82396, 40.84664], [-73.82301, 40.84716], [-73.82204, 40.84769], [-73.8211, 40.8482], [-73.82048, 40.8485], [-73.82014, 40.84802], [-73.81915, 40.84817], [-73.8182, 40.84831], [-73.81726, 40.84843], [-73.81631, 40.84855], [-73.81567, 40.84885], [-73.80934, 40.84943], [-73.80883, 40.85228], [-73.81233, 40.86069], [-73.81546, 40.86254], [-73.81756, 40.86359], [-73.81881, 40.86248], [-73.81988, 40.86175], [-73.82047, 40.86136], [-73.82473, 40.86003], [-73.82555, 40.85974], [-73.827, 40.85927], [-73.82703, 40.85926], [-73.82721, 40.8592], [-73.82724, 40.85919], [-73.82733, 40.85938], [-73.82733, 40.8594], [-73.82734, 40.85943], [-73.82737, 40.8595], [-73.82758, 40.86007], [-73.82808, 40.86066], [-73.82826, 40.86085], [-73.82837, 40.86095], [-73.82852, 40.86075], [-73.83033, 40.85855], [-73.83084, 40.85796], [-73.83143, 40.85729], [-73.83199, 40.85675], [-73.83248, 40.8564], [-73.83262, 40.85629], [-73.83282, 40.85612]]]}}, {"type": "Feature", "properties": {"tract_id": "36005027700", "name": "Census Tract 277", "pct_white_2020": 8.6, "pct_black_2020": 10.0, "pct_hispanic_2020": 79.8, "pct_asian_2020": 0.3, "population_2020": 4091}, "geometry": {"type": "Polygon", "coordinates": [[[-73.90471, 40.87656], [-73.90456, 40.8765], [-73.90438, 40.87644], [-73.90425, 40.87639], [-73.90395, 40.87626], [-73.90405, 40.87612], [-73.90313, 40.87584], [-73.90265, 40.87658], [-73.90227, 40.87651], [-73.90193, 40.87652], [-73.90138, 40.87664], [-73.90061, 40.87731], [-73.90021, 40.87705], [-73.89958, 40.87661], [-73.89825, 40.87811], [-73.89806, 40.8785], [-73.89874, 40.87852], [-73.89961, 40.87876], [-73.89957, 40.87927], [-73.89949, 40.87973], [-73.8994, 40.88002], [-73.89925, 40.8805], [-73.89915, 40.88085], [-73.89904, 40.88154], [-73.90011, 40.88074], [-73.90061, 40.88047], [-73.90083, 40.88059], [-73.90141, 40.88091], [-73.90158, 40.88099], [-73.90236, 40.88013], [-73.9034, 40.87909], [-73.9035, 40.87896], [-73.90381, 40.87855], [-73.904, 40.87816], [-73.90436, 40.87743], [-73.90471, 40.87656]]]}}, {"type": "Feature", "properties": {"tract_id": "36005027300", "name": "Census Tract 273", "pct_white_2020": 7.9, "pct_black_2020": 20.0, "pct_hispanic_2020": 70.4, "pct_asian_2020": 0.7, "population_2020": 7410}, "geometry": {"type": "Polygon", "coordinates": [[[-73.90616, 40.87324], [-73.90599, 40.8732], [-73.90571, 40.87314], [-73.90466, 40.87265], [-73.9045, 40.87253], [-73.90446, 40.87242], [-73.90444, 40.87218], [-73.90444, 40.87158], [-73.90449, 40.87084], [-73.90448, 40.87057], [-73.9044, 40.87035], [-73.90421, 40.87014], [-73.90402, 40.86994], [-73.90379, 40.86962], [-73.90358, 40.86975], [-73.90327, 40.86994], [-73.90293, 40.87024], [-73.90265, 40.87059], [-73.90254, 40.87078], [-73.90242, 40.87111], [-73.90236, 40.87138], [-73.90232, 40.87161], [-73.90231, 40.87185], [-73.90227, 40.87205], [-73.90215, 40.8725], [-73.90175, 40.87368], [-73.9016, 40.87418], [-73.90137, 40.87483], [-73.90117, 40.87518], [-73.90092, 40.87549], [-73.90068, 40.87568], [-73.90005, 40.87618], [-73.89958, 40.87661], [-73.90021, 40.87705], [-73.90061, 40.87731], [-73.90138, 40.87664], [-73.90193, 40.87652], [-73.90227, 40.87651], [-73.90265, 40.87658], [-73.90313, 40.87584], [-73.90405, 40.87612], [-73.90395, 40.87626], [-73.90425, 40.87639], [-73.90438, 40.87644], [-73.90456, 40.8765], [-73.90471, 40.87656], [-73.90573, 40.87423], [-73.90616, 40.87324]]]}}, {"type": "Feature", "properties": {"tract_id": "36005030100", "name": "Census Tract 301", "pct_white_2020": 58.4, "pct_black_2020": 8.4, "pct_hispanic_2020": 24.2, "pct_asian_2020": 2.9, "population_2020": 1567}, "geometry": {"type": "Polygon", "coordinates": [[[-73.92023, 40.88271], [-73.91997, 40.8824], [-73.91983, 40.88216], [-73.91976, 40.88199], [-73.91975, 40.88178], [-73.91975, 40.8816], [-73.91976, 40.88145], [-73.91975, 40.88126], [-73.91973, 40.88112], [-73.91964, 40.88097], [-73.91948, 40.88086], [-73.91922, 40.88077], [-73.91899, 40.88077], [-73.91863, 40.88069], [-73.91845, 40.88063], [-73.91835, 40.88067], [-73.91825, 40.88073], [-73.91804, 40.8809], [-73.9178, 40.88112], [-73.91737, 40.88149], [-73.91617, 40.88258], [-73.91558, 40.88361], [-73.91547, 40.88382], [-73.9153, 40.88412], [-73.91516, 40.88436], [-73.91489, 40.88462], [-73.91604, 40.88487], [-73.91876, 40.88557], [-73.91927, 40.88481], [-73.91981, 40.88394], [-73.92023, 40.88271]]]}}, {"type": "Feature", "properties": {"tract_id": "36005030701", "name": "Census Tract 307.01", "pct_white_2020": 60.4, "pct_black_2020": 11.0, "pct_hispanic_2020": 21.4, "pct_asian_2020": 3.1, "population_2020": 5586}, "geometry": {"type": "Polygon", "coordinates": [[[-73.91604, 40.88487], [-73.91489, 40.88462], [-73.91402, 40.88534], [-73.91302, 40.88617], [-73.91236, 40.887], [-73.91227, 40.88711], [-73.91173, 40.88822], [-73.91168, 40.88823], [-73.91138, 40.88824], [-73.91125, 40.88824], [-73.91084, 40.88845], [-73.91024, 40.88877], [-73.90995, 40.88892], [-73.9098, 40.88906], [-73.90976, 40.88914], [-73.90974, 40.88921], [-73.90963, 40.88932], [-73.90949, 40.88941], [-73.90937, 40.88945], [-73.90906, 40.88951], [-73.90867, 40.89025], [-73.90859, 40.89066], [-73.90853, 40.89091], [-73.90852, 40.89279], [-73.9085, 40.89359], [-73.90848, 40.89432], [-73.90829, 40.89645], [-73.90821, 40.89734], [-73.90819, 40.8976], [-73.90816, 40.89784], [-73.9081, 40.89809], [-73.90803, 40.89833], [-73.90795, 40.89854], [-73.90785, 40.89877], [-73.90772, 40.899], [-73.9076, 40.89921], [-73.90746, 40.89939], [-73.90786, 40.89946], [-73.90881, 40.8996], [-73.90994, 40.89987], [-73.91084, 40.90003], [-73.91099, 40.8993], [-73.91111, 40.89875], [-73.91136, 40.89784], [-73.91176, 40.8964], [-73.91187, 40.89601], [-73.91182, 40.89578], [-73.91171, 40.89573], [-73.91156, 40.89568], [-73.91144, 40.89564], [-73.9113, 40.89562], [-73.9112, 40.8956], [-73.91111, 40.89558], [-73.91102, 40.89554], [-73.91093, 40.89548], [-73.91086, 40.89541], [-73.91081, 40.89534], [-73.9108, 40.89533], [-73.91078, 40.8953], [-73.91077, 40.89525], [-73.91078, 40.89521], [-73.9108, 40.89518], [-73.91084, 40.89515], [-73.9109, 40.89512], [-73.91112, 40.8949], [-73.91132, 40.89499], [-73.9114, 40.89481], [-73.91143, 40.89459], [-73.91152, 40.89388], [-73.91177, 40.89301], [-73.912, 40.89224], [-73.91259, 40.89083], [-73.9127, 40.89057], [-73.91282, 40.89007], [-73.9129, 40.88975], [-73.91301, 40.889], [-73.91311, 40.88831], [-73.91331, 40.8871], [-73.91347, 40.8868], [-73.91367, 40.88661], [-73.91398, 40.88637], [-73.91604, 40.88487]]]}}, {"type": "Feature", "properties": {"tract_id": "36005031000", "name": "Census Tract 310", "pct_white_2020": 32.3, "pct_black_2020": 13.4, "pct_hispanic_2020": 32.9, "pct_asian_2020": 20.7, "population_2020": 4572}, "geometry": {"type": "Polygon", "coordinates": [[[-73.84093, 40.85933], [-73.84097, 40.85795], [-73.84005, 40.85781], [-73.83911, 40.85766], [-73.83818, 40.85751], [-73.83724, 40.85736], [-73.83682, 40.85728], [-73.83629, 40.85748], [-73.83533, 40.85783], [-73.83438, 40.85819], [-73.83349, 40.85853], [-73.83323, 40.85863], [-73.83191, 40.85907], [-73.83103, 40.85934], [-73.83017, 40.85963], [-73.82961, 40.85989], [-73.82852, 40.86075], [-73.82837, 40.86095], [-73.82959, 40.86217], [-73.8316, 40.86263], [-73.83591, 40.86508], [-73.83643, 40.86536], [-73.83697, 40.86564], [-73.83699, 40.86509], [-73.83793, 40.86511], [-73.83886, 40.86513], [-73.8398, 40.86515], [-73.84075, 40.86516], [-73.84082, 40.86272], [-73.84088, 40.86085], [-73.84093, 40.85933]]]}}, {"type": "Feature", "properties": {"tract_id": "36005026400", "name": "Census Tract 264", "pct_white_2020": 27.6, "pct_black_2020": 8.2, "pct_hispanic_2020": 55.6, "pct_asian_2020": 7.6, "population_2020": 6076}, "geometry": {"type": "Polygon", "coordinates": [[[-73.83766, 40.84094], [-73.83763, 40.84029], [-73.8373, 40.84002], [-73.837, 40.83977], [-73.83628, 40.83917], [-73.8358, 40.83878], [-73.83568, 40.83868], [-73.83501, 40.83811], [-73.83326, 40.83893], [-73.83154, 40.83975], [-73.83056, 40.8402], [-73.82967, 40.84061], [-73.82877, 40.84096], [-73.82791, 40.84126], [-73.82703, 40.84132], [-73.82608, 40.84137], [-73.82624, 40.84299], [-73.82619, 40.84386], [-73.82611, 40.84534], [-73.82675, 40.84508], [-73.82757, 40.84473], [-73.82845, 40.84445], [-73.82871, 40.84437], [-73.82931, 40.84419], [-73.82965, 40.84409], [-73.83043, 40.84386], [-73.83108, 40.84374], [-73.83201, 40.84363], [-73.83297, 40.84352], [-73.83383, 40.84352], [-73.83475, 40.8435], [-73.83583, 40.84347], [-73.83673, 40.84347], [-73.83687, 40.84347], [-73.83715, 40.84273], [-73.83732, 40.84202], [-73.83766, 40.84094]]]}}, {"type": "Feature", "properties": {"tract_id": "36005026500", "name": "Census Tract 265", "pct_white_2020": 0.9, "pct_black_2020": 5.6, "pct_hispanic_2020": 87.9, "pct_asian_2020": 4.9, "population_2020": 7240}, "geometry": {"type": "Polygon", "coordinates": [[[-73.90332, 40.86531], [-73.90252, 40.86487], [-73.90194, 40.86455], [-73.90252, 40.8638], [-73.90332, 40.86273], [-73.9029, 40.86271], [-73.90257, 40.8627], [-73.90229, 40.86272], [-73.90187, 40.86279], [-73.90157, 40.86281], [-73.90133, 40.8628], [-73.90108, 40.86276], [-73.90028, 40.86379], [-73.89961, 40.86465], [-73.89887, 40.86558], [-73.89798, 40.86673], [-73.8974, 40.86747], [-73.89656, 40.86857], [-73.89892, 40.86966], [-73.8996, 40.86893], [-73.89965, 40.86869], [-73.89964, 40.86847], [-73.89956, 40.86826], [-73.89954, 40.8681], [-73.89953, 40.86788], [-73.89998, 40.86799], [-73.90017, 40.86804], [-73.90114, 40.86828], [-73.90207, 40.867], [-73.90332, 40.86531]]]}}, {"type": "Feature", "properties": {"tract_id": "36005026601", "name": "Census Tract 266.01", "pct_white_2020": 33.6, "pct_black_2020": 2.8, "pct_hispanic_2020": 60.9, "pct_asian_2020": 1.8, "population_2020": 2943}, "geometry": {"type": "Polygon", "coordinates": [[[-73.83654, 40.8446], [-73.83669, 40.84364], [-73.83558, 40.84444], [-73.83456, 40.84526], [-73.8342, 40.84552], [-73.8335, 40.84607], [-73.8325, 40.84685], [-73.83223, 40.84702], [-73.83146, 40.84774], [-73.83115, 40.84805], [-73.83069, 40.84888], [-73.83059, 40.8491], [-73.83054, 40.84922], [-73.83131, 40.84931], [-73.83221, 40.84939], [-73.83311, 40.84948], [-73.834, 40.84956], [-73.8349, 40.84961], [-73.8358, 40.84968], [-73.83593, 40.84841], [-73.83607, 40.84716], [-73.83618, 40.84592], [-73.8362, 40.84583], [-73.83654, 40.8446]]]}}, {"type": "Feature", "properties": {"tract_id": "36005026602", "name": "Census Tract 266.02", "pct_white_2020": 31.0, "pct_black_2020": 13.7, "pct_hispanic_2020": 50.4, "pct_asian_2020": 5.0, "population_2020": 5273}, "geometry": {"type": "Polygon", "coordinates": [[[-73.83687, 40.84347], [-73.83673, 40.84347], [-73.83583, 40.84347], [-73.83475, 40.8435], [-73.83383, 40.84352], [-73.83297, 40.84352], [-73.83201, 40.84363], [-73.83108, 40.84374], [-73.83043, 40.84386], [-73.82965, 40.84409], [-73.82931, 40.84419], [-73.82871, 40.84437], [-73.82845, 40.84445], [-73.82757, 40.84473], [-73.82675, 40.84508], [-73.82611, 40.84534], [-73.82617, 40.84563], [-73.82623, 40.84584], [-73.82635, 40.84608], [-73.82688, 40.8469], [-73.82784, 40.84838], [-73.828, 40.84862], [-73.82886, 40.84969], [-73.82959, 40.84943], [-73.83043, 40.84916], [-73.83054, 40.84922], [-73.83059, 40.8491], [-73.83069, 40.84888], [-73.83115, 40.84805], [-73.83146, 40.84774], [-73.83223, 40.84702], [-73.8325, 40.84685], [-73.8335, 40.84607], [-73.8342, 40.84552], [-73.83456, 40.84526], [-73.83558, 40.84444], [-73.83669, 40.84364], [-73.83687, 40.84347]]]}}, {"type": "Feature", "properties": {"tract_id": "36005028300", "name": "Census Tract 283", "pct_white_2020": 3.3, "pct_black_2020": 10.5, "pct_hispanic_2020": 82.6, "pct_asian_2020": 0.0, "population_2020": 2932}, "geometry": {"type": "Polygon", "coordinates": [[[-73.9072, 40.87639], [-73.9071, 40.87628], [-73.90708, 40.87556], [-73.90705, 40.87472], [-73.907, 40.87346], [-73.9067, 40.8734], [-73.90641, 40.8733], [-73.90616, 40.87324], [-73.90573, 40.87423], [-73.90471, 40.87656], [-73.90436, 40.87743], [-73.904, 40.87816], [-73.90381, 40.87855], [-73.9035, 40.87896], [-73.9034, 40.87909], [-73.90236, 40.88013], [-73.90158, 40.88099], [-73.90018, 40.8826], [-73.8986, 40.88441], [-73.89775, 40.88521], [-73.89684, 40.88599], [-73.89716, 40.88605], [-73.89738, 40.88609], [-73.89893, 40.88638], [-73.89966, 40.88651], [-73.89984, 40.88654], [-73.90011, 40.88609], [-73.90018, 40.88597], [-73.90024, 40.88588], [-73.90037, 40.88563], [-73.90065, 40.8851], [-73.90104, 40.88437], [-73.90159, 40.88348], [-73.90282, 40.88169], [-73.90343, 40.88082], [-73.90356, 40.88065], [-73.90394, 40.88013], [-73.90441, 40.87946], [-73.90479, 40.87892], [-73.90522, 40.87831], [-73.90566, 40.87771], [-73.9061, 40.87707], [-73.90638, 40.87681], [-73.90669, 40.87667], [-73.90706, 40.87647], [-73.9072, 40.87639]]]}}, {"type": "Feature", "properties": {"tract_id": "36005028400", "name": "Census Tract 284", "pct_white_2020": 33.7, "pct_black_2020": 32.1, "pct_hispanic_2020": 28.0, "pct_asian_2020": 6.2, "population_2020": 517}, "geometry": {"type": "Polygon", "coordinates": [[[-73.84494, 40.84821], [-73.84489, 40.8479], [-73.84462, 40.84636], [-73.84467, 40.84594], [-73.84491, 40.84543], [-73.84429, 40.84468], [-73.84378, 40.84412], [-73.84328, 40.84354], [-73.84284, 40.84291], [-73.84239, 40.84227], [-73.84188, 40.84153], [-73.8415, 40.84102], [-73.84204, 40.84065], [-73.84186, 40.84061], [-73.84169, 40.8406], [-73.84151, 40.8406], [-73.84132, 40.84061], [-73.84125, 40.84062], [-73.84046, 40.84073], [-73.83985, 40.84085], [-73.83958, 40.84088], [-73.83936, 40.84088], [-73.83851, 40.84069], [-73.83832, 40.84065], [-73.83805, 40.84051], [-73.83763, 40.84029], [-73.83766, 40.84094], [-73.83732, 40.84202], [-73.83715, 40.84273], [-73.83687, 40.84347], [-73.83669, 40.84364], [-73.83654, 40.8446], [-73.8362, 40.84583], [-73.83618, 40.84592], [-73.83607, 40.84716], [-73.83593, 40.84841], [-73.8358, 40.84968], [-73.83556, 40.85196], [-73.83504, 40.85313], [-73.83481, 40.85351], [-73.83391, 40.85447], [-73.83341, 40.85471], [-73.83158, 40.85538], [-73.83129, 40.85543], [-73.83179, 40.85552], [-73.83231, 40.85576], [-73.83278, 40.85599], [-73.83282, 40.85612], [-73.83262, 40.85629], [-73.83248, 40.8564], [-73.83199, 40.85675], [-73.83143, 40.85729], [-73.83084, 40.85796], [-73.83033, 40.85855], [-73.82852, 40.86075], [-73.82961, 40.85989], [-73.83017, 40.85963], [-73.83103, 40.85934], [-73.83191, 40.85907], [-73.83323, 40.85863], [-73.83349, 40.85853], [-73.83438, 40.85819], [-73.83533, 40.85783], [-73.83629, 40.85748], [-73.83682, 40.85728], [-73.83693, 40.85719], [-73.837, 40.85706], [-73.83694, 40.85692], [-73.83681, 40.85683], [-73.83639, 40.85666], [-73.83525, 40.85649], [-73.83552, 40.8564], [-73.83574, 40.85633], [-73.83647, 40.8561], [-73.83963, 40.85475], [-73.84139, 40.85311], [-73.84359, 40.85007], [-73.84494, 40.84821]]]}}, {"type": "Feature", "properties": {"tract_id": "36005028500", "name": "Census Tract 285", "pct_white_2020": 35.1, "pct_black_2020": 5.4, "pct_hispanic_2020": 46.7, "pct_asian_2020": 11.1, "population_2020": 3619}, "geometry": {"type": "Polygon", "coordinates": [[[-73.90862, 40.88245], [-73.90934, 40.88135], [-73.90801, 40.8824], [-73.90647, 40.88373], [-73.90472, 40.88524], [-73.90402, 40.88477], [-73.90331, 40.8843], [-73.90257, 40.88384], [-73.90159, 40.88348], [-73.90104, 40.88437], [-73.90065, 40.8851], [-73.90037, 40.88563], [-73.90024, 40.88588], [-73.90018, 40.88597], [-73.90011, 40.88609], [-73.89984, 40.88654], [-73.89839, 40.88939], [-73.89794, 40.89049], [-73.89845, 40.89049], [-73.8998, 40.88961], [-73.89989, 40.88957], [-73.90013, 40.88943], [-73.90033, 40.88929], [-73.90055, 40.88912], [-73.9007, 40.88899], [-73.90072, 40.88897], [-73.90081, 40.88894], [-73.90091, 40.88891], [-73.90101, 40.8889], [-73.9011, 40.8889], [-73.90119, 40.88891], [-73.90129, 40.88893], [-73.90138, 40.88897], [-73.90146, 40.88901], [-73.9015, 40.88904], [-73.90161, 40.88909], [-73.90172, 40.88913], [-73.90184, 40.88915], [-73.90196, 40.88916], [-73.90208, 40.88915], [-73.90219, 40.88913], [-73.9023, 40.88911], [-73.90244, 40.88911], [-73.90259, 40.88911], [-73.90274, 40.88913], [-73.90286, 40.88916], [-73.90301, 40.88882], [-73.90382, 40.88748], [-73.90413, 40.88709], [-73.90573, 40.88572], [-73.90601, 40.88559], [-73.90746, 40.88443], [-73.90785, 40.88345], [-73.90799, 40.88316], [-73.90819, 40.8829], [-73.90844, 40.88267], [-73.90862, 40.88245]]]}}, {"type": "Feature", "properties": {"tract_id": "36005026900", "name": "Census Tract 269", "pct_white_2020": 1.7, "pct_black_2020": 14.7, "pct_hispanic_2020": 82.5, "pct_asian_2020": 0.6, "population_2020": 3964}, "geometry": {"type": "Polygon", "coordinates": [[[-73.91434, 40.86252], [-73.91342, 40.86216], [-73.91333, 40.86213], [-73.91323, 40.86205], [-73.91294, 40.86196], [-73.9127, 40.86192], [-73.91252, 40.86188], [-73.9123, 40.86185], [-73.91178, 40.86183], [-73.91076, 40.86165], [-73.90987, 40.86231], [-73.90904, 40.86268], [-73.9091, 40.863], [-73.90911, 40.86355], [-73.90907, 40.86385], [-73.90903, 40.86422], [-73.90883, 40.86485], [-73.90849, 40.86534], [-73.90814, 40.86576], [-73.90797, 40.86597], [-73.90782, 40.86662], [-73.90713, 40.86792], [-73.90593, 40.86873], [-73.90448, 40.86939], [-73.90404, 40.86954], [-73.90379, 40.86962], [-73.90402, 40.86994], [-73.90421, 40.87014], [-73.9044, 40.87035], [-73.90448, 40.87057], [-73.90449, 40.87084], [-73.90444, 40.87158], [-73.90444, 40.87218], [-73.90446, 40.87242], [-73.9045, 40.87253], [-73.90466, 40.87265], [-73.90571, 40.87314], [-73.90599, 40.8732], [-73.90616, 40.87324], [-73.90641, 40.8733], [-73.9067, 40.8734], [-73.907, 40.87346], [-73.90701, 40.87337], [-73.9071, 40.87298], [-73.90791, 40.87268], [-73.90798, 40.87257], [-73.90825, 40.87219], [-73.90853, 40.87179], [-73.9086, 40.87168], [-73.90911, 40.87168], [-73.9092, 40.86978], [-73.9098, 40.86828], [-73.91006, 40.86785], [-73.91021, 40.86759], [-73.91085, 40.86653], [-73.91434, 40.86252]]]}}, {"type": "Feature", "properties": {"tract_id": "36005028900", "name": "Census Tract 289", "pct_white_2020": 13.0, "pct_black_2020": 6.6, "pct_hispanic_2020": 76.0, "pct_asian_2020": 3.2, "population_2020": 4865}, "geometry": {"type": "Polygon", "coordinates": [[[-73.91054, 40.88057], [-73.91048, 40.88033], [-73.91045, 40.88024], [-73.91036, 40.88013], [-73.91031, 40.88005], [-73.90968, 40.87952], [-73.9101, 40.8792], [-73.91031, 40.87905], [-73.91018, 40.87902], [-73.91004, 40.87899], [-73.90951, 40.87888], [-73.90919, 40.87817], [-73.90868, 40.87776], [-73.90855, 40.87771], [-73.9085, 40.87769], [-73.908, 40.87748], [-73.90782, 40.8772], [-73.90765, 40.87693], [-73.90731, 40.87652], [-73.90724, 40.87645], [-73.90723, 40.87643], [-73.9072, 40.87639], [-73.90706, 40.87647], [-73.90669, 40.87667], [-73.90638, 40.87681], [-73.9061, 40.87707], [-73.90566, 40.87771], [-73.90522, 40.87831], [-73.90479, 40.87892], [-73.90441, 40.87946], [-73.90394, 40.88013], [-73.90471, 40.88055], [-73.90545, 40.88097], [-73.90649, 40.88155], [-73.90726, 40.88197], [-73.90801, 40.8824], [-73.90934, 40.88135], [-73.91027, 40.88073], [-73.91054, 40.88057]]]}}, {"type": "Feature", "properties": {"tract_id": "36005029500", "name": "Census Tract 295", "pct_white_2020": 39.3, "pct_black_2020": 11.0, "pct_hispanic_2020": 32.3, "pct_asian_2020": 12.3, "population_2020": 4609}, "geometry": {"type": "Polygon", "coordinates": [[[-73.91245, 40.87962], [-73.91256, 40.87924], [-73.91199, 40.87968], [-73.91164, 40.87997], [-73.9113, 40.88022], [-73.91092, 40.88042], [-73.91054, 40.88057], [-73.91027, 40.88073], [-73.90934, 40.88135], [-73.90862, 40.88245], [-73.90844, 40.88267], [-73.90819, 40.8829], [-73.90799, 40.88316], [-73.90785, 40.88345], [-73.90746, 40.88443], [-73.90601, 40.88559], [-73.90573, 40.88572], [-73.90413, 40.88709], [-73.9049, 40.88726], [-73.90533, 40.88736], [-73.90626, 40.88757], [-73.90739, 40.88782], [-73.9076, 40.8882], [-73.908, 40.88891], [-73.90842, 40.88912], [-73.90863, 40.88905], [-73.90876, 40.889], [-73.90886, 40.88893], [-73.90894, 40.88887], [-73.90907, 40.88879], [-73.9093, 40.88847], [-73.90937, 40.88795], [-73.90966, 40.88665], [-73.90998, 40.88566], [-73.91035, 40.8846], [-73.91043, 40.88427], [-73.91041, 40.88395], [-73.91038, 40.8837], [-73.91043, 40.88347], [-73.91101, 40.88209], [-73.9115, 40.88117], [-73.91173, 40.88074], [-73.91223, 40.87998], [-73.91245, 40.87962]]]}}, {"type": "Feature", "properties": {"tract_id": "36005029600", "name": "Census Tract 296", "pct_white_2020": 31.2, "pct_black_2020": 6.8, "pct_hispanic_2020": 43.3, "pct_asian_2020": 13.3, "population_2020": 2171}, "geometry": {"type": "Polygon", "coordinates": [[[-73.85664, 40.85812], [-73.85649, 40.85779], [-73.85637, 40.85755], [-73.85616, 40.85708], [-73.8561, 40.85694], [-73.8547, 40.85706], [-73.85377, 40.85715], [-73.85274, 40.85724], [-73.85163, 40.85733], [-73.8507, 40.85741], [-73.84936, 40.8575], [-73.84939, 40.85686], [-73.8501, 40.85635], [-73.84948, 40.85581], [-73.8489, 40.85529], [-73.84829, 40.85473], [-73.84808, 40.85451], [-73.84803, 40.8544], [-73.848, 40.85429], [-73.84801, 40.85395], [-73.84806, 40.85324], [-73.84811, 40.85261], [-73.84818, 40.85159], [-73.84818, 40.85152], [-73.84821, 40.85109], [-73.8473, 40.85109], [-73.84722, 40.85114], [-73.8467, 40.85124], [-73.84445, 40.85124], [-73.84436, 40.85112], [-73.84476, 40.85047], [-73.84493, 40.85014], [-73.84502, 40.84947], [-73.84505, 40.84913], [-73.84503, 40.84865], [-73.84494, 40.84821], [-73.84359, 40.85007], [-73.84139, 40.85311], [-73.83963, 40.85475], [-73.83647, 40.8561], [-73.83574, 40.85633], [-73.83552, 40.8564], [-73.83525, 40.85649], [-73.83639, 40.85666], [-73.83681, 40.85683], [-73.83694, 40.85692], [-73.837, 40.85706], [-73.83693, 40.85719], [-73.83682, 40.85728], [-73.83724, 40.85736], [-73.83818, 40.85751], [-73.83911, 40.85766], [-73.84005, 40.85781], [-73.84097, 40.85795], [-73.84191, 40.85809], [-73.8433, 40.85829], [-73.84459, 40.85845], [-73.84553, 40.85854], [-73.84646, 40.85864], [-73.8474, 40.85868], [-73.84834, 40.8587], [-73.84931, 40.85872], [-73.85028, 40.85866], [-73.85123, 40.85857], [-73.85217, 40.8585], [-73.85311, 40.85841], [-73.85405, 40.85832], [-73.85591, 40.85817], [-73.85599, 40.85816], [-73.85616, 40.85815], [-73.85664, 40.85812]]]}}, {"type": "Feature", "properties": {"tract_id": "36005030000", "name": "Census Tract 300", "pct_white_2020": 28.0, "pct_black_2020": 7.5, "pct_hispanic_2020": 50.7, "pct_asian_2020": 12.7, "population_2020": 6702}, "geometry": {"type": "Polygon", "coordinates": [[[-73.83556, 40.85196], [-73.8358, 40.84968], [-73.8349, 40.84961], [-73.834, 40.84956], [-73.83311, 40.84948], [-73.83221, 40.84939], [-73.83131, 40.84931], [-73.83054, 40.84922], [-73.83043, 40.84916], [-73.82959, 40.84943], [-73.82886, 40.84969], [-73.828, 40.84862], [-73.82766, 40.85027], [-73.82742, 40.85099], [-73.82718, 40.85171], [-73.82735, 40.85283], [-73.82722, 40.85325], [-73.82801, 40.85472], [-73.8286, 40.85572], [-73.82908, 40.85568], [-73.82957, 40.85562], [-73.83057, 40.85551], [-73.83129, 40.85543], [-73.83158, 40.85538], [-73.83341, 40.85471], [-73.83391, 40.85447], [-73.83481, 40.85351], [-73.83504, 40.85313], [-73.83556, 40.85196]]]}}, {"type": "Feature", "properties": {"tract_id": "36005043503", "name": "Census Tract 435.03", "pct_white_2020": null, "pct_black_2020": null, "pct_hispanic_2020": null, "pct_asian_2020": null, "population_2020": 16, "dominant_group_2020": null, "diversity_index_2020": null}, "geometry": {"type": "Polygon", "coordinates": [[[-73.89984, 40.88654], [-73.89966, 40.88651], [-73.89893, 40.88638], [-73.89738, 40.88609], [-73.89716, 40.88605], [-73.89684, 40.88599], [-73.89658, 40.88594], [-73.89624, 40.88588], [-73.89571, 40.88578], [-73.89499, 40.88562], [-73.89472, 40.88556], [-73.89453, 40.8855], [-73.89289, 40.88526], [-73.89177, 40.88505], [-73.89081, 40.88487], [-73.88985, 40.88469], [-73.8889, 40.8845], [-73.88754, 40.88427], [-73.88705, 40.88436], [-73.88686, 40.88435], [-73.88675, 40.88432], [-73.88657, 40.88424], [-73.88646, 40.88419], [-73.88613, 40.88405], [-73.88517, 40.88363], [-73.88455, 40.88333], [-73.88438, 40.88325], [-73.88411, 40.88318], [-73.88386, 40.88315], [-73.88351, 40.88318], [-73.88319, 40.88328], [-73.88292, 40.88338], [-73.88267, 40.88338], [-73.88248, 40.88333], [-73.88209, 40.88313], [-73.88124, 40.88271], [-73.87997, 40.88439], [-73.87936, 40.88522], [-73.87792, 40.88721], [-73.87806, 40.88783], [-73.87851, 40.88878], [-73.87919, 40.89031], [-73.87992, 40.89162], [-73.88019, 40.89213], [-73.88033, 40.89249], [-73.88037, 40.89272], [-73.8804, 40.893], [-73.88037, 40.8934], [-73.88026, 40.89403], [-73.88012, 40.89445], [-73.88001, 40.89524], [-73.87929, 40.89532], [-73.87712, 40.89547], [-73.87644, 40.89687], [-73.8759, 40.89756], [-73.87482, 40.89844], [-73.87389, 40.89896], [-73.87302, 40.89936], [-73.87136, 40.90004], [-73.8701, 40.90074], [-73.869, 40.90156], [-73.86838, 40.9022], [-73.86825, 40.90233], [-73.86804, 40.90264], [-73.86788, 40.90298], [-73.86905, 40.90333], [-73.87073, 40.90383], [-73.87094, 40.90389], [-73.87273, 40.90441], [-73.87291, 40.90447], [-73.87395, 40.90477], [-73.87409, 40.90481], [-73.87462, 40.90496], [-73.8748, 40.90501], [-73.87556, 40.90523], [-73.8756, 40.90524], [-73.87623, 40.90543], [-73.87645, 40.9055], [-73.87659, 40.90554], [-73.87763, 40.90585], [-73.87774, 40.90589], [-73.87786, 40.90592], [-73.87801, 40.90596], [-73.87819, 40.90598], [-73.87822, 40.90598], [-73.87835, 40.90598], [-73.87883, 40.90619], [-73.87924, 40.90636], [-73.87953, 40.90644], [-73.88011, 40.90659], [-73.88064, 40.90674], [-73.88093, 40.90683], [-73.88144, 40.907], [-73.88183, 40.90713], [-73.88283, 40.90738], [-73.88299, 40.90742], [-73.88405, 40.9075], [-73.88411, 40.9075], [-73.88413, 40.9075], [-73.88425, 40.90751], [-73.88473, 40.90768], [-73.88483, 40.90772], [-73.8854, 40.90798], [-73.88601, 40.90798], [-73.88612, 40.90802], [-73.88617, 40.90803], [-73.88624, 40.90805], [-73.88798, 40.90859], [-73.88839, 40.90872], [-73.89181, 40.90978], [-73.89193, 40.90981], [-73.89221, 40.90988], [-73.8928, 40.91006], [-73.89654, 40.91129], [-73.89663, 40.91132], [-73.89663, 40.91121], [-73.89661, 40.9102], [-73.8966, 40.90963], [-73.89658, 40.90891], [-73.89656, 40.90829], [-73.89655, 40.90751], [-73.89649, 40.90634], [-73.89643, 40.90509], [-73.89641, 40.9045], [-73.89641, 40.90296], [-73.89667, 40.90201], [-73.89686, 40.90113], [-73.89688, 40.90104], [-73.89695, 40.90071], [-73.89699, 40.9005], [-73.89703, 40.90029], [-73.89705, 40.90022], [-73.89715, 40.89979], [-73.89717, 40.89968], [-73.89718, 40.89935], [-73.89709, 40.89859], [-73.89699, 40.89788], [-73.89671, 40.8958], [-73.89659, 40.89516], [-73.89646, 40.89371], [-73.89669, 40.89301], [-73.89712, 40.89209], [-73.89781, 40.89068], [-73.89794, 40.89049], [-73.89839, 40.88939], [-73.89984, 40.88654]]]}}, {"type": "Feature", "properties": {"tract_id": "36005034000", "name": "Census Tract 340", "pct_white_2020": 4.2, "pct_black_2020": 38.5, "pct_hispanic_2020": 50.1, "pct_asian_2020": 3.9, "population_2020": 5580}, "geometry": {"type": "Polygon", "coordinates": [[[-73.86439, 40.86784], [-73.86446, 40.86549], [-73.86352, 40.86551], [-73.86258, 40.86553], [-73.86237, 40.86553], [-73.8621, 40.86554], [-73.86156, 40.86555], [-73.86154, 40.86615], [-73.86154, 40.8663], [-73.8615, 40.86755], [-73.8615, 40.86778], [-73.86143, 40.8696], [-73.86139, 40.87092], [-73.86138, 40.87134], [-73.86239, 40.87136], [-73.86333, 40.87137], [-73.86427, 40.87139], [-73.86433, 40.86966], [-73.86436, 40.86876], [-73.86439, 40.86784]]]}}, {"type": "Feature", "properties": {"tract_id": "36005034200", "name": "Census Tract 342", "pct_white_2020": 5.4, "pct_black_2020": 56.1, "pct_hispanic_2020": 34.1, "pct_asian_2020": 3.3, "population_2020": 1639}, "geometry": {"type": "Polygon", "coordinates": [[[-73.86154, 40.86615], [-73.86156, 40.86555], [-73.86055, 40.86553], [-73.85961, 40.86551], [-73.85867, 40.8655], [-73.8586, 40.86773], [-73.85857, 40.86857], [-73.85854, 40.86955], [-73.85849, 40.87128], [-73.85943, 40.8713], [-73.86037, 40.87132], [-73.86138, 40.87134], [-73.86139, 40.87092], [-73.86143, 40.8696], [-73.8615, 40.86778], [-73.8615, 40.86755], [-73.86154, 40.8663], [-73.86154, 40.86615]]]}}, {"type": "Feature", "properties": {"tract_id": "36005034300", "name": "Census Tract 343", "pct_white_2020": 30.5, "pct_black_2020": 6.7, "pct_hispanic_2020": 51.4, "pct_asian_2020": 4.6, "population_2020": 1800}, "geometry": {"type": "Polygon", "coordinates": [[[-73.89999, 40.91202], [-73.90009, 40.91124], [-73.89923, 40.91104], [-73.89961, 40.9096], [-73.90001, 40.90813], [-73.89967, 40.90792], [-73.8992, 40.90771], [-73.89837, 40.90759], [-73.89824, 40.90757], [-73.89756, 40.90747], [-73.89655, 40.90751], [-73.89656, 40.90829], [-73.89658, 40.90891], [-73.8966, 40.90963], [-73.89661, 40.9102], [-73.89663, 40.91121], [-73.89663, 40.91132], [-73.89725, 40.91165], [-73.89736, 40.91167], [-73.89742, 40.91169], [-73.89812, 40.9118], [-73.89868, 40.91187], [-73.89951, 40.91198], [-73.89927, 40.91193], [-73.89981, 40.912], [-73.89999, 40.91202]]]}}, {"type": "Feature", "properties": {"tract_id": "36005034400", "name": "Census Tract 344", "pct_white_2020": 8.1, "pct_black_2020": 54.8, "pct_hispanic_2020": 30.9, "pct_asian_2020": 4.5, "population_2020": 1993}, "geometry": {"type": "Polygon", "coordinates": [[[-73.8586, 40.86773], [-73.85867, 40.8655], [-73.85773, 40.86548], [-73.85679, 40.86546], [-73.85578, 40.86544], [-73.85571, 40.86768], [-73.85565, 40.8695], [-73.85557, 40.87122], [-73.85603, 40.87123], [-73.85661, 40.87125], [-73.85755, 40.87127], [-73.85849, 40.87128], [-73.85854, 40.86955], [-73.85857, 40.86857], [-73.8586, 40.86773]]]}}, {"type": "Feature", "properties": {"tract_id": "36005033601", "name": "Census Tract 336.01", "pct_white_2020": 4.3, "pct_black_2020": 40.8, "pct_hispanic_2020": 48.1, "pct_asian_2020": 3.6, "population_2020": 5005}, "geometry": {"type": "Polygon", "coordinates": [[[-73.87054, 40.86967], [-73.87053, 40.86956], [-73.87051, 40.8687], [-73.87049, 40.86795], [-73.87046, 40.86663], [-73.87042, 40.86536], [-73.86913, 40.86539], [-73.86837, 40.86541], [-73.86736, 40.86543], [-73.86732, 40.86658], [-73.86728, 40.86789], [-73.86722, 40.8697], [-73.86823, 40.86968], [-73.86928, 40.86968], [-73.87054, 40.86967]]]}}, {"type": "Feature", "properties": {"tract_id": "36005043501", "name": "Census Tract 435.01", "pct_white_2020": 0.9, "pct_black_2020": 31.9, "pct_hispanic_2020": 50.3, "pct_asian_2020": 4.1, "population_2020": 1083}, "geometry": {"type": "Polygon", "coordinates": [[[-73.87094, 40.87851], [-73.87041, 40.87837], [-73.87015, 40.87831], [-73.86998, 40.87827], [-73.86975, 40.87821], [-73.86963, 40.87818], [-73.86944, 40.87813], [-73.86931, 40.87843], [-73.86922, 40.87852], [-73.86885, 40.87859], [-73.86812, 40.88006], [-73.86705, 40.88226], [-73.86598, 40.88439], [-73.86607, 40.88451], [-73.86615, 40.88464], [-73.86621, 40.88478], [-73.86625, 40.88493], [-73.86626, 40.88508], [-73.86626, 40.88523], [-73.86623, 40.88539], [-73.86622, 40.88544], [-73.86538, 40.88688], [-73.8646, 40.8883], [-73.86386, 40.88975], [-73.86304, 40.89112], [-73.86265, 40.89182], [-73.86229, 40.89261], [-73.8622, 40.89282], [-73.86216, 40.89291], [-73.86205, 40.89314], [-73.86136, 40.89466], [-73.8618, 40.8948], [-73.86189, 40.89483], [-73.86214, 40.89491], [-73.86287, 40.89515], [-73.86329, 40.89529], [-73.86356, 40.89538], [-73.86368, 40.89432], [-73.86656, 40.88975], [-73.867, 40.88907], [-73.86749, 40.88818], [-73.86807, 40.88607], [-73.86921, 40.88333], [-73.87002, 40.88234], [-73.87092, 40.88026], [-73.87024, 40.88023], [-73.87094, 40.87851]]]}}, {"type": "Feature", "properties": {"tract_id": "36005033602", "name": "Census Tract 336.02", "pct_white_2020": 6.5, "pct_black_2020": 44.1, "pct_hispanic_2020": 49.4, "pct_asian_2020": 0.0, "population_2020": 1269}, "geometry": {"type": "Polygon", "coordinates": [[[-73.87056, 40.87151], [-73.87054, 40.86967], [-73.86928, 40.86968], [-73.86823, 40.86968], [-73.86722, 40.8697], [-73.86719, 40.8706], [-73.86716, 40.87144], [-73.86826, 40.87146], [-73.86935, 40.87148], [-73.87056, 40.87151]]]}}, {"type": "Feature", "properties": {"tract_id": "36005033802", "name": "Census Tract 338.02", "pct_white_2020": 1.1, "pct_black_2020": 33.1, "pct_hispanic_2020": 57.2, "pct_asian_2020": 7.5, "population_2020": 1829}, "geometry": {"type": "Polygon", "coordinates": [[[-73.86719, 40.8706], [-73.86722, 40.8697], [-73.86649, 40.8697], [-73.8662, 40.86969], [-73.86526, 40.86967], [-73.86433, 40.86966], [-73.86427, 40.87139], [-73.86521, 40.87141], [-73.86615, 40.87142], [-73.86716, 40.87144], [-73.86719, 40.8706]]]}}, {"type": "Feature", "properties": {"tract_id": "36005008900", "name": "Census Tract 89", "pct_white_2020": 0.8, "pct_black_2020": 12.1, "pct_hispanic_2020": 82.6, "pct_asian_2020": 0.0, "population_2020": 3239}, "geometry": {"type": "Polygon", "coordinates": [[[-73.89704, 40.8168], [-73.89621, 40.81632], [-73.8958, 40.81607], [-73.89543, 40.81585], [-73.89514, 40.81613], [-73.89332, 40.81788], [-73.89224, 40.81887], [-73.89082, 40.82031], [-73.89162, 40.82099], [-73.89284, 40.82097], [-73.89389, 40.81986], [-73.89493, 40.81885], [-73.89568, 40.81813], [-73.89704, 40.8168]]]}}, {"type": "Feature", "properties": {"tract_id": "36005009200", "name": "Census Tract 92", "pct_white_2020": 6.1, "pct_black_2020": 10.8, "pct_hispanic_2020": 59.6, "pct_asian_2020": 19.7, "population_2020": 5959}, "geometry": {"type": "Polygon", "coordinates": [[[-73.86034, 40.83329], [-73.86033, 40.83322], [-73.86033, 40.83313], [-73.85885, 40.83267], [-73.8576, 40.83231], [-73.85743, 40.83227], [-73.85598, 40.83183], [-73.85546, 40.83168], [-73.85474, 40.83148], [-73.85293, 40.83093], [-73.85122, 40.83041], [-73.85063, 40.83023], [-73.84949, 40.82991], [-73.84875, 40.82965], [-73.84726, 40.82931], [-73.84732, 40.82953], [-73.84747, 40.83019], [-73.84764, 40.8309], [-73.84781, 40.83162], [-73.84798, 40.83234], [-73.84815, 40.83306], [-73.84831, 40.83378], [-73.84849, 40.83452], [-73.84956, 40.83441], [-73.85017, 40.83435], [-73.85168, 40.8342], [-73.85281, 40.83408], [-73.85347, 40.83401], [-73.85465, 40.83389], [-73.85773, 40.83356], [-73.85906, 40.83341], [-73.86034, 40.83329]]]}}, {"type": "Feature", "properties": {"tract_id": "36005009800", "name": "Census Tract 98", "pct_white_2020": 3.8, "pct_black_2020": 16.1, "pct_hispanic_2020": 63.4, "pct_asian_2020": 6.2, "population_2020": 4715}, "geometry": {"type": "Polygon", "coordinates": [[[-73.8563, 40.82676], [-73.85628, 40.82663], [-73.85623, 40.82647], [-73.8562, 40.82635], [-73.85617, 40.82618], [-73.85616, 40.82604], [-73.85597, 40.82606], [-73.85587, 40.82562], [-73.85565, 40.82463], [-73.85549, 40.82391], [-73.85531, 40.82319], [-73.85514, 40.82244], [-73.85208, 40.82285], [-73.84902, 40.82326], [-73.84595, 40.82367], [-73.8429, 40.82408], [-73.84308, 40.82487], [-73.84325, 40.82555], [-73.84341, 40.82628], [-73.84358, 40.827], [-73.84373, 40.82767], [-73.84376, 40.82778], [-73.84379, 40.82789], [-73.84381, 40.82796], [-73.84384, 40.8281], [-73.84386, 40.8282], [-73.84389, 40.82835], [-73.84392, 40.82845], [-73.8441, 40.82847], [-73.84444, 40.82852], [-73.84455, 40.82854], [-73.84526, 40.82846], [-73.84579, 40.82831], [-73.84618, 40.8282], [-73.847, 40.828], [-73.85003, 40.8276], [-73.85309, 40.82719], [-73.85615, 40.82677], [-73.8563, 40.82676]]]}}, {"type": "Feature", "properties": {"tract_id": "36005033801", "name": "Census Tract 338.01", "pct_white_2020": 3.3, "pct_black_2020": 33.5, "pct_hispanic_2020": 43.0, "pct_asian_2020": 3.7, "population_2020": 2262}, "geometry": {"type": "Polygon", "coordinates": [[[-73.86732, 40.86658], [-73.86736, 40.86543], [-73.86634, 40.86545], [-73.8654, 40.86547], [-73.86446, 40.86549], [-73.86439, 40.86784], [-73.86436, 40.86876], [-73.86433, 40.86966], [-73.86526, 40.86967], [-73.8662, 40.86969], [-73.86649, 40.8697], [-73.86722, 40.8697], [-73.86728, 40.86789], [-73.86732, 40.86658]]]}}, {"type": "Feature", "properties": {"tract_id": "36005043502", "name": "Census Tract 435.02", "pct_white_2020": null, "pct_black_2020": null, "pct_hispanic_2020": null, "pct_asian_2020": null, "population_2020": 0, "dominant_group_2020": null, "diversity_index_2020": null}, "geometry": {"type": "Polygon", "coordinates": [[[-73.88037, 40.8934], [-73.8804, 40.893], [-73.88037, 40.89272], [-73.88033, 40.89249], [-73.88019, 40.89213], [-73.87992, 40.89162], [-73.87919, 40.89031], [-73.87851, 40.88878], [-73.87806, 40.88783], [-73.87792, 40.88721], [-73.87783, 40.8868], [-73.87761, 40.88452], [-73.87773, 40.88345], [-73.87813, 40.88215], [-73.87717, 40.88199], [-73.87626, 40.88183], [-73.87534, 40.88167], [-73.87467, 40.88156], [-73.87479, 40.88008], [-73.87495, 40.87995], [-73.87407, 40.88004], [-73.87307, 40.88013], [-73.87192, 40.88024], [-73.87092, 40.88026], [-73.87002, 40.88234], [-73.86921, 40.88333], [-73.86807, 40.88607], [-73.86749, 40.88818], [-73.867, 40.88907], [-73.86656, 40.88975], [-73.86368, 40.89432], [-73.86356, 40.89538], [-73.86402, 40.89552], [-73.86492, 40.89575], [-73.86692, 40.89608], [-73.87007, 40.89659], [-73.87049, 40.89664], [-73.87241, 40.89624], [-73.87481, 40.89573], [-73.87572, 40.89562], [-73.87712, 40.89547], [-73.87929, 40.89532], [-73.88001, 40.89524], [-73.88012, 40.89445], [-73.88026, 40.89403], [-73.88037, 40.8934]]]}}, {"type": "Feature", "properties": {"tract_id": "36005018301", "name": "Census Tract 183.01", "pct_white_2020": 9.8, "pct_black_2020": 32.9, "pct_hispanic_2020": 52.5, "pct_asian_2020": 2.6, "population_2020": 4665}, "geometry": {"type": "Polygon", "coordinates": [[[-73.92261, 40.82697], [-73.92267, 40.82685], [-73.92115, 40.8264], [-73.92069, 40.82721], [-73.9202, 40.8281], [-73.92012, 40.82825], [-73.91964, 40.82911], [-73.91931, 40.8297], [-73.91894, 40.83033], [-73.91947, 40.83054], [-73.91957, 40.83058], [-73.92032, 40.83086], [-73.92046, 40.83092], [-73.92117, 40.82963], [-73.92174, 40.8286], [-73.92222, 40.82772], [-73.92261, 40.82697]]]}}, {"type": "Feature", "properties": {"tract_id": "36005003700", "name": "Census Tract 37", "pct_white_2020": 4.5, "pct_black_2020": 15.4, "pct_hispanic_2020": 80.1, "pct_asian_2020": 0.0, "population_2020": 331}, "geometry": {"type": "Polygon", "coordinates": [[[-73.91485, 40.81099], [-73.91518, 40.81043], [-73.91433, 40.81026], [-73.91403, 40.81017], [-73.91381, 40.81015], [-73.91368, 40.81014], [-73.91359, 40.81012], [-73.91349, 40.81007], [-73.91342, 40.81002], [-73.91335, 40.80991], [-73.91332, 40.80975], [-73.9133, 40.80966], [-73.91248, 40.80934], [-73.91157, 40.80907], [-73.91069, 40.80881], [-73.91037, 40.80965], [-73.91004, 40.81052], [-73.9096, 40.81178], [-73.91024, 40.81193], [-73.91031, 40.8123], [-73.91095, 40.81362], [-73.91181, 40.81388], [-73.91295, 40.81427], [-73.91334, 40.81361], [-73.91372, 40.81295], [-73.9141, 40.8123], [-73.91447, 40.81165], [-73.91485, 40.81099]]]}}, {"type": "Feature", "properties": {"tract_id": "36005003900", "name": "Census Tract 39", "pct_white_2020": 2.5, "pct_black_2020": 3.6, "pct_hispanic_2020": 92.6, "pct_asian_2020": 0.2, "population_2020": 6227}, "geometry": {"type": "Polygon", "coordinates": [[[-73.92644, 40.81151], [-73.92712, 40.81095], [-73.92632, 40.81059], [-73.92614, 40.8105], [-73.92514, 40.81005], [-73.92289, 40.80911], [-73.92005, 40.80791], [-73.91922, 40.80756], [-73.91748, 40.80682], [-73.91702, 40.80751], [-73.91659, 40.80813], [-73.91618, 40.80879], [-73.91805, 40.80958], [-73.92149, 40.81103], [-73.92373, 40.81198], [-73.92468, 40.81238], [-73.92555, 40.81194], [-73.92644, 40.81151]]]}}, {"type": "Feature", "properties": {"tract_id": "36005003500", "name": "Census Tract 35", "pct_white_2020": 2.9, "pct_black_2020": 18.1, "pct_hispanic_2020": 76.4, "pct_asian_2020": 0.0, "population_2020": 3899}, "geometry": {"type": "Polygon", "coordinates": [[[-73.91095, 40.81362], [-73.91031, 40.8123], [-73.91024, 40.81193], [-73.9096, 40.81178], [-73.91004, 40.81052], [-73.91037, 40.80965], [-73.91069, 40.80881], [-73.90977, 40.8086], [-73.90884, 40.80841], [-73.90784, 40.80821], [-73.90754, 40.80906], [-73.90726, 40.80994], [-73.90685, 40.81121], [-73.90633, 40.81267], [-73.90724, 40.81285], [-73.90816, 40.81304], [-73.90907, 40.81323], [-73.91002, 40.81343], [-73.91095, 40.81362]]]}}, {"type": "Feature", "properties": {"tract_id": "36005004300", "name": "Census Tract 43", "pct_white_2020": 2.3, "pct_black_2020": 23.0, "pct_hispanic_2020": 71.6, "pct_asian_2020": 0.0, "population_2020": 5627}, "geometry": {"type": "Polygon", "coordinates": [[[-73.92121, 40.81417], [-73.92209, 40.81373], [-73.92012, 40.81289], [-73.91684, 40.81166], [-73.91485, 40.81099], [-73.91447, 40.81165], [-73.9141, 40.8123], [-73.91372, 40.81295], [-73.91334, 40.81361], [-73.91295, 40.81427], [-73.91495, 40.81494], [-73.91677, 40.8157], [-73.91762, 40.81606], [-73.9179, 40.8159], [-73.91862, 40.81552], [-73.91947, 40.81507], [-73.92035, 40.81463], [-73.92048, 40.81456], [-73.92091, 40.81433], [-73.92121, 40.81417]]]}}, {"type": "Feature", "properties": {"tract_id": "36005004400", "name": "Census Tract 44", "pct_white_2020": 1.5, "pct_black_2020": 28.7, "pct_hispanic_2020": 63.4, "pct_asian_2020": 3.5, "population_2020": 4592}, "geometry": {"type": "Polygon", "coordinates": [[[-73.87272, 40.82682], [-73.8727, 40.82668], [-73.87259, 40.82488], [-73.87251, 40.82459], [-73.87212, 40.82463], [-73.87151, 40.82472], [-73.87052, 40.82484], [-73.86984, 40.82492], [-73.86788, 40.82518], [-73.8677, 40.8252], [-73.86491, 40.8256], [-73.86475, 40.82562], [-73.86217, 40.82597], [-73.86121, 40.82609], [-73.8597, 40.82628], [-73.86067, 40.82842], [-73.86172, 40.8283], [-73.86264, 40.82817], [-73.86357, 40.82805], [-73.86449, 40.82793], [-73.86542, 40.8278], [-73.86635, 40.82768], [-73.86727, 40.82755], [-73.86822, 40.82743], [-73.86918, 40.8273], [-73.87011, 40.82717], [-73.87104, 40.82705], [-73.87198, 40.82692], [-73.87272, 40.82682]]]}}, {"type": "Feature", "properties": {"tract_id": "36005004800", "name": "Census Tract 48", "pct_white_2020": 0.5, "pct_black_2020": 15.1, "pct_hispanic_2020": 81.0, "pct_asian_2020": 2.4, "population_2020": 4261}, "geometry": {"type": "Polygon", "coordinates": [[[-73.8764, 40.82898], [-73.87589, 40.82678], [-73.87587, 40.8267], [-73.8758, 40.8264], [-73.87528, 40.82421], [-73.87469, 40.82429], [-73.87437, 40.82433], [-73.87421, 40.82434], [-73.87355, 40.82441], [-73.87282, 40.82454], [-73.87262, 40.82457], [-73.87251, 40.82459], [-73.87259, 40.82488], [-73.8727, 40.82668], [-73.87272, 40.82682], [-73.87274, 40.82709], [-73.87277, 40.82763], [-73.87281, 40.82807], [-73.87302, 40.82937], [-73.87319, 40.82991], [-73.87332, 40.82987], [-73.87373, 40.82975], [-73.87455, 40.82952], [-73.87551, 40.82923], [-73.8764, 40.82898]]]}}, {"type": "Feature", "properties": {"tract_id": "36005016600", "name": "Census Tract 166", "pct_white_2020": 18.5, "pct_black_2020": 11.9, "pct_hispanic_2020": 60.3, "pct_asian_2020": 4.6, "population_2020": 2417}, "geometry": {"type": "Polygon", "coordinates": [[[-73.8363, 40.82837], [-73.83617, 40.82833], [-73.836, 40.82831], [-73.83534, 40.82819], [-73.83244, 40.82715], [-73.8315, 40.82681], [-73.83128, 40.82673], [-73.83111, 40.82682], [-73.83094, 40.8269], [-73.83079, 40.82698], [-73.83016, 40.82728], [-73.82936, 40.82767], [-73.82858, 40.82806], [-73.82779, 40.82845], [-73.82701, 40.82884], [-73.82621, 40.82922], [-73.82529, 40.82969], [-73.82598, 40.83042], [-73.82652, 40.831], [-73.82711, 40.83168], [-73.82768, 40.83236], [-73.82819, 40.83295], [-73.82899, 40.83247], [-73.82971, 40.83201], [-73.82997, 40.83185], [-73.83044, 40.83156], [-73.83117, 40.8311], [-73.83191, 40.83065], [-73.83264, 40.83018], [-73.83361, 40.82958], [-73.83366, 40.82955], [-73.83444, 40.82917], [-73.8353, 40.8288], [-73.83559, 40.82868], [-73.8359, 40.82854], [-73.83611, 40.82845], [-73.8363, 40.82837]]]}}, {"type": "Feature", "properties": {"tract_id": "36005017500", "name": "Census Tract 175", "pct_white_2020": 4.1, "pct_black_2020": 39.3, "pct_hispanic_2020": 56.3, "pct_asian_2020": 0.0, "population_2020": 6116}, "geometry": {"type": "Polygon", "coordinates": [[[-73.9157, 40.83054], [-73.91641, 40.82929], [-73.91557, 40.829], [-73.91472, 40.82873], [-73.91389, 40.82846], [-73.91296, 40.82816], [-73.91226, 40.82942], [-73.91138, 40.83099], [-73.91239, 40.83094], [-73.91129, 40.83283], [-73.91214, 40.83312], [-73.913, 40.83341], [-73.91384, 40.83369], [-73.91408, 40.83329], [-73.91501, 40.83172], [-73.9157, 40.83054]]]}}, {"type": "Feature", "properties": {"tract_id": "36005018400", "name": "Census Tract 184", "pct_white_2020": 36.5, "pct_black_2020": 2.0, "pct_hispanic_2020": 49.3, "pct_asian_2020": 12.2, "population_2020": 4085}, "geometry": {"type": "Polygon", "coordinates": [[[-73.83501, 40.83811], [-73.83452, 40.83761], [-73.83381, 40.83664], [-73.83374, 40.83649], [-73.83367, 40.83635], [-73.83361, 40.83625], [-73.83357, 40.8362], [-73.83345, 40.83604], [-73.83332, 40.8359], [-73.83328, 40.83586], [-73.83318, 40.83578], [-73.83304, 40.83567], [-73.83291, 40.83558], [-73.83275, 40.83549], [-73.83257, 40.8354], [-73.83239, 40.83532], [-73.83224, 40.83527], [-73.83074, 40.83496], [-73.82992, 40.83476], [-73.82957, 40.83462], [-73.82923, 40.83445], [-73.82907, 40.83425], [-73.82864, 40.83372], [-73.82854, 40.83357], [-73.82836, 40.83328], [-73.82831, 40.83317], [-73.82825, 40.83307], [-73.82819, 40.83295], [-73.8268, 40.83363], [-73.82601, 40.83402], [-73.82607, 40.83411], [-73.82616, 40.83427], [-73.82622, 40.83435], [-73.82591, 40.83463], [-73.82561, 40.83501], [-73.8255, 40.83522], [-73.82539, 40.83552], [-73.82541, 40.83589], [-73.82555, 40.83627], [-73.82569, 40.83657], [-73.82584, 40.83706], [-73.82586, 40.83757], [-73.82588, 40.83815], [-73.82591, 40.83874], [-73.82596, 40.83998], [-73.82608, 40.84137], [-73.82703, 40.84132], [-73.82791, 40.84126], [-73.82877, 40.84096], [-73.82967, 40.84061], [-73.83056, 40.8402], [-73.83154, 40.83975], [-73.83326, 40.83893], [-73.83501, 40.83811]]]}}, {"type": "Feature", "properties": {"tract_id": "36005002300", "name": "Census Tract 23", "pct_white_2020": 0.2, "pct_black_2020": 33.1, "pct_hispanic_2020": 65.6, "pct_asian_2020": 0.0, "population_2020": 4528}, "geometry": {"type": "Polygon", "coordinates": [[[-73.92881, 40.8099], [-73.92922, 40.80956], [-73.92856, 40.80905], [-73.92762, 40.80864], [-73.92742, 40.80855], [-73.92652, 40.80816], [-73.92551, 40.80772], [-73.92471, 40.80737], [-73.92427, 40.80718], [-73.92384, 40.80781], [-73.92337, 40.80843], [-73.92289, 40.80911], [-73.92514, 40.81005], [-73.92614, 40.8105], [-73.92632, 40.81059], [-73.92712, 40.81095], [-73.92767, 40.81023], [-73.92777, 40.81011], [-73.92814, 40.80962], [-73.92881, 40.8099]]]}}, {"type": "Feature", "properties": {"tract_id": "36005002400", "name": "Census Tract 24", "pct_white_2020": null, "pct_black_2020": null, "pct_hispanic_2020": null, "pct_asian_2020": null, "population_2020": 0, "dominant_group_2020": null, "diversity_index_2020": null}, "geometry": {"type": "Polygon", "coordinates": [[[-73.88055, 40.81847], [-73.88098, 40.81824], [-73.87797, 40.81615], [-73.8769, 40.8158], [-73.8713, 40.81395], [-73.86648, 40.8059], [-73.86231, 40.80992], [-73.86222, 40.81003], [-73.86115, 40.81142], [-73.86164, 40.8117], [-73.86279, 40.81232], [-73.86338, 40.81265], [-73.86443, 40.81327], [-73.86463, 40.81421], [-73.86513, 40.81414], [-73.86522, 40.81453], [-73.86604, 40.8144], [-73.86636, 40.81435], [-73.86646, 40.81435], [-73.86676, 40.81431], [-73.86773, 40.81422], [-73.86894, 40.81514], [-73.86865, 40.81622], [-73.8695, 40.8161], [-73.86952, 40.81612], [-73.86954, 40.81614], [-73.86957, 40.81621], [-73.86962, 40.81648], [-73.86967, 40.81671], [-73.87, 40.81824], [-73.8705, 40.82036], [-73.871, 40.82256], [-73.87142, 40.82433], [-73.87146, 40.82449], [-73.87149, 40.82462], [-73.87151, 40.82472], [-73.87212, 40.82463], [-73.87251, 40.82459], [-73.87262, 40.82457], [-73.87282, 40.82454], [-73.87355, 40.82441], [-73.87343, 40.82434], [-73.87341, 40.82422], [-73.87338, 40.82403], [-73.87299, 40.8223], [-73.87247, 40.82015], [-73.87306, 40.82007], [-73.87565, 40.8197], [-73.87613, 40.81963], [-73.87784, 40.81942], [-73.87977, 40.81918], [-73.88055, 40.81847]]]}}, {"type": "Feature", "properties": {"tract_id": "36005018900", "name": "Census Tract 189", "pct_white_2020": 8.7, "pct_black_2020": 29.2, "pct_hispanic_2020": 58.0, "pct_asian_2020": 0.7, "population_2020": 8460}, "geometry": {"type": "Polygon", "coordinates": [[[-73.93346, 40.83318], [-73.93342, 40.83138], [-73.93326, 40.8295], [-73.93319, 40.82916], [-73.93318, 40.82898], [-73.93316, 40.82889], [-73.93314, 40.82863], [-73.93307, 40.82827], [-73.93306, 40.8282], [-73.93306, 40.82816], [-73.93295, 40.82817], [-73.93255, 40.82823], [-73.93217, 40.82823], [-73.93146, 40.8283], [-73.93128, 40.8283], [-73.93114, 40.82832], [-73.93096, 40.82834], [-73.93085, 40.82836], [-73.92993, 40.82864], [-73.92977, 40.82868], [-73.9289, 40.82912], [-73.92876, 40.82919], [-73.92865, 40.82928], [-73.92762, 40.83023], [-73.92726, 40.83057], [-73.92716, 40.83067], [-73.9268, 40.83104], [-73.92643, 40.83142], [-73.92536, 40.83262], [-73.92661, 40.83302], [-73.92614, 40.83364], [-73.92701, 40.83392], [-73.92778, 40.83417], [-73.92854, 40.83442], [-73.92938, 40.83467], [-73.93036, 40.8345], [-73.93097, 40.83457], [-73.93114, 40.83459], [-73.93135, 40.83461], [-73.93187, 40.83467], [-73.93266, 40.83476], [-73.93314, 40.83481], [-73.93346, 40.83318]]]}}, {"type": "Feature", "properties": {"tract_id": "36005009302", "name": "Census Tract 93.02", "pct_white_2020": 12.1, "pct_black_2020": 44.3, "pct_hispanic_2020": 40.2, "pct_asian_2020": 3.5, "population_2020": 463}, "geometry": {"type": "Polygon", "coordinates": [[[-73.90307, 40.80988], [-73.90306, 40.80978], [-73.90304, 40.8097], [-73.90303, 40.80963], [-73.903, 40.80949], [-73.90299, 40.80936], [-73.90295, 40.80915], [-73.90243, 40.80658], [-73.90229, 40.80593], [-73.90218, 40.80488], [-73.89574, 40.80263], [-73.8925, 40.80121], [-73.87226, 40.79499], [-73.86712, 40.79374], [-73.8635, 40.79716], [-73.86315, 40.7975], [-73.8689, 40.80042], [-73.87124, 40.80172], [-73.87163, 40.80193], [-73.87183, 40.80202], [-73.87318, 40.80259], [-73.87362, 40.8028], [-73.87371, 40.80306], [-73.87374, 40.80342], [-73.87426, 40.8035], [-73.87448, 40.80358], [-73.87481, 40.8037], [-73.87522, 40.80406], [-73.876, 40.80482], [-73.87664, 40.80548], [-73.87703, 40.8057], [-73.87748, 40.80583], [-73.8778, 40.80585], [-73.87808, 40.80586], [-73.87936, 40.80566], [-73.87979, 40.80754], [-73.88041, 40.80939], [-73.88121, 40.81006], [-73.88162, 40.81045], [-73.88203, 40.81083], [-73.88262, 40.81075], [-73.88355, 40.81061], [-73.88445, 40.81047], [-73.88539, 40.81033], [-73.88631, 40.81019], [-73.88723, 40.81005], [-73.88815, 40.80991], [-73.88908, 40.80978], [-73.89004, 40.80963], [-73.89053, 40.81151], [-73.89097, 40.81321], [-73.89143, 40.81347], [-73.89183, 40.8137], [-73.89307, 40.81444], [-73.89401, 40.815], [-73.89466, 40.81538], [-73.89499, 40.81558], [-73.89507, 40.81563], [-73.89516, 40.81568], [-73.89524, 40.81573], [-73.89535, 40.8158], [-73.89543, 40.81585], [-73.89685, 40.81446], [-73.89845, 40.81318], [-73.89917, 40.81267], [-73.90091, 40.81143], [-73.90307, 40.80988]]]}}, {"type": "Feature", "properties": {"tract_id": "36005009301", "name": "Census Tract 93.01", "pct_white_2020": 3.0, "pct_black_2020": 24.6, "pct_hispanic_2020": 72.3, "pct_asian_2020": 0.0, "population_2020": 5066}, "geometry": {"type": "Polygon", "coordinates": [[[-73.89543, 40.81585], [-73.89535, 40.8158], [-73.89524, 40.81573], [-73.89516, 40.81568], [-73.89507, 40.81563], [-73.89499, 40.81558], [-73.89466, 40.81538], [-73.89401, 40.815], [-73.89307, 40.81444], [-73.89183, 40.8137], [-73.89143, 40.81347], [-73.89097, 40.81321], [-73.89053, 40.81151], [-73.89004, 40.80963], [-73.88908, 40.80978], [-73.88815, 40.80991], [-73.88723, 40.81005], [-73.88631, 40.81019], [-73.88539, 40.81033], [-73.88445, 40.81047], [-73.88355, 40.81061], [-73.88262, 40.81075], [-73.88203, 40.81083], [-73.88284, 40.81164], [-73.88377, 40.81254], [-73.88417, 40.81295], [-73.8854, 40.81411], [-73.88589, 40.81459], [-73.8867, 40.81536], [-73.888, 40.81666], [-73.88866, 40.81775], [-73.88917, 40.81862], [-73.88971, 40.81943], [-73.89009, 40.81971], [-73.89043, 40.81999], [-73.89046, 40.82001], [-73.89052, 40.82006], [-73.89056, 40.82008], [-73.89068, 40.82019], [-73.89074, 40.82024], [-73.89082, 40.82031], [-73.89224, 40.81887], [-73.89332, 40.81788], [-73.89514, 40.81613], [-73.89543, 40.81585]]]}}, {"type": "Feature", "properties": {"tract_id": "36005011701", "name": "Census Tract 117.01", "pct_white_2020": 0.4, "pct_black_2020": 23.9, "pct_hispanic_2020": 73.2, "pct_asian_2020": 0.0, "population_2020": 1509}, "geometry": {"type": "Polygon", "coordinates": [[[-73.88708, 40.81679], [-73.888, 40.81666], [-73.8867, 40.81536], [-73.88589, 40.81459], [-73.8854, 40.81411], [-73.88417, 40.81295], [-73.88377, 40.81254], [-73.88284, 40.81164], [-73.88203, 40.81083], [-73.88162, 40.81045], [-73.88121, 40.81006], [-73.88041, 40.80939], [-73.88077, 40.81104], [-73.88121, 40.81292], [-73.8818, 40.81521], [-73.88218, 40.81642], [-73.88338, 40.81735], [-73.88432, 40.81721], [-73.88524, 40.81707], [-73.88616, 40.81693], [-73.88708, 40.81679]]]}}, {"type": "Feature", "properties": {"tract_id": "36005019300", "name": "Census Tract 193", "pct_white_2020": 1.8, "pct_black_2020": 34.0, "pct_hispanic_2020": 59.8, "pct_asian_2020": 1.1, "population_2020": 5933}, "geometry": {"type": "Polygon", "coordinates": [[[-73.93301, 40.83568], [-73.93314, 40.83481], [-73.93266, 40.83476], [-73.93187, 40.83467], [-73.93135, 40.83461], [-73.93114, 40.83459], [-73.93097, 40.83457], [-73.93036, 40.8345], [-73.92938, 40.83467], [-73.92854, 40.83442], [-73.92778, 40.83417], [-73.92701, 40.83392], [-73.92614, 40.83364], [-73.92661, 40.83302], [-73.92536, 40.83262], [-73.92503, 40.83327], [-73.92439, 40.83448], [-73.92527, 40.83477], [-73.92614, 40.83505], [-73.92699, 40.83533], [-73.92786, 40.83562], [-73.92868, 40.83589], [-73.92926, 40.83609], [-73.92819, 40.83716], [-73.92808, 40.83726], [-73.92762, 40.83772], [-73.92814, 40.83877], [-73.92866, 40.8398], [-73.92912, 40.83989], [-73.92934, 40.83994], [-73.93011, 40.84015], [-73.93041, 40.84028], [-73.93061, 40.83968], [-73.93065, 40.8396], [-73.93301, 40.83568]]]}}, {"type": "Feature", "properties": {"tract_id": "36005019400", "name": "Census Tract 194", "pct_white_2020": 15.1, "pct_black_2020": 14.2, "pct_hispanic_2020": 58.5, "pct_asian_2020": 9.6, "population_2020": 2070}, "geometry": {"type": "Polygon", "coordinates": [[[-73.84239, 40.82879], [-73.84239, 40.82869], [-73.84225, 40.82871], [-73.84145, 40.82879], [-73.84123, 40.82881], [-73.8405, 40.82886], [-73.84034, 40.82887], [-73.83925, 40.82891], [-73.83757, 40.82897], [-73.83717, 40.82902], [-73.83702, 40.82905], [-73.83698, 40.82893], [-73.83694, 40.82882], [-73.83689, 40.82865], [-73.83684, 40.82846], [-73.83644, 40.8284], [-73.8363, 40.82837], [-73.83611, 40.82845], [-73.8359, 40.82854], [-73.83559, 40.82868], [-73.8353, 40.8288], [-73.83444, 40.82917], [-73.83366, 40.82955], [-73.83361, 40.82958], [-73.83264, 40.83018], [-73.83191, 40.83065], [-73.83117, 40.8311], [-73.83044, 40.83156], [-73.82997, 40.83185], [-73.82971, 40.83201], [-73.82899, 40.83247], [-73.82819, 40.83295], [-73.82825, 40.83307], [-73.82831, 40.83317], [-73.82836, 40.83328], [-73.82854, 40.83357], [-73.82864, 40.83372], [-73.82907, 40.83425], [-73.82923, 40.83445], [-73.82957, 40.83462], [-73.82992, 40.83476], [-73.83074, 40.83496], [-73.83224, 40.83527], [-73.83239, 40.83532], [-73.83257, 40.8354], [-73.83275, 40.83549], [-73.83291, 40.83558], [-73.83304, 40.83567], [-73.83318, 40.83578], [-73.83328, 40.83586], [-73.83332, 40.8359], [-73.83345, 40.83604], [-73.83357, 40.8362], [-73.83361, 40.83625], [-73.83367, 40.83635], [-73.83374, 40.83649], [-73.83381, 40.83664], [-73.83452, 40.83761], [-73.83501, 40.83811], [-73.83568, 40.83868], [-73.8358, 40.83878], [-73.83628, 40.83917], [-73.837, 40.83977], [-73.8373, 40.84002], [-73.83763, 40.84029], [-73.83805, 40.84051], [-73.83832, 40.84065], [-73.83851, 40.84069], [-73.83936, 40.84088], [-73.83957, 40.84055], [-73.8396, 40.83827], [-73.83932, 40.83577], [-73.83933, 40.83355], [-73.84228, 40.83127], [-73.84191, 40.83081], [-73.84203, 40.83051], [-73.84219, 40.83031], [-73.84233, 40.82994], [-73.84237, 40.82943], [-73.84231, 40.82908], [-73.84231, 40.82892], [-73.84231, 40.8288], [-73.84235, 40.82879], [-73.84239, 40.82879]]]}}, {"type": "Feature", "properties": {"tract_id": "36005002500", "name": "Census Tract 25", "pct_white_2020": 5.4, "pct_black_2020": 20.0, "pct_hispanic_2020": 73.5, "pct_asian_2020": 0.0, "population_2020": 5642}, "geometry": {"type": "Polygon", "coordinates": [[[-73.92384, 40.80781], [-73.92427, 40.80718], [-73.92264, 40.80648], [-73.92145, 40.80599], [-73.92061, 40.80565], [-73.91882, 40.80491], [-73.91796, 40.80612], [-73.91748, 40.80682], [-73.91922, 40.80756], [-73.92005, 40.80791], [-73.92289, 40.80911], [-73.92337, 40.80843], [-73.92384, 40.80781]]]}}, {"type": "Feature", "properties": {"tract_id": "36005002702", "name": "Census Tract 27.02", "pct_white_2020": 0.1, "pct_black_2020": 27.2, "pct_hispanic_2020": 71.6, "pct_asian_2020": 0.0, "population_2020": 5000}, "geometry": {"type": "Polygon", "coordinates": [[[-73.91702, 40.80751], [-73.91748, 40.80682], [-73.91449, 40.80556], [-73.915, 40.80487], [-73.91348, 40.80426], [-73.91295, 40.8045], [-73.91245, 40.80471], [-73.91229, 40.8048], [-73.91148, 40.80517], [-73.91055, 40.80559], [-73.90967, 40.80599], [-73.90913, 40.80617], [-73.90959, 40.80633], [-73.91078, 40.8067], [-73.91167, 40.80697], [-73.91254, 40.80724], [-73.9134, 40.80761], [-73.91433, 40.80801], [-73.91539, 40.80845], [-73.91618, 40.80879], [-73.91659, 40.80813], [-73.91702, 40.80751]]]}}, {"type": "Feature", "properties": {"tract_id": "36005002800", "name": "Census Tract 28", "pct_white_2020": 0.6, "pct_black_2020": 64.2, "pct_hispanic_2020": 35.2, "pct_asian_2020": 0.0, "population_2020": 5230}, "geometry": {"type": "Polygon", "coordinates": [[[-73.88441, 40.82297], [-73.8844, 40.8229], [-73.88436, 40.82274], [-73.88433, 40.82261], [-73.88379, 40.82193], [-73.88264, 40.81965], [-73.88245, 40.81927], [-73.88098, 40.81824], [-73.88055, 40.81847], [-73.87977, 40.81918], [-73.87784, 40.81942], [-73.87613, 40.81963], [-73.87565, 40.8197], [-73.87306, 40.82007], [-73.87247, 40.82015], [-73.87299, 40.8223], [-73.87338, 40.82403], [-73.87341, 40.82422], [-73.87343, 40.82434], [-73.87355, 40.82441], [-73.87421, 40.82434], [-73.87437, 40.82433], [-73.87469, 40.82429], [-73.87528, 40.82421], [-73.87621, 40.82408], [-73.87714, 40.82396], [-73.87806, 40.82383], [-73.87899, 40.82371], [-73.87993, 40.82364], [-73.88179, 40.8234], [-73.88258, 40.82328], [-73.88276, 40.82325], [-73.88441, 40.82297]]]}}, {"type": "Feature", "properties": {"tract_id": "36005051601", "name": "Census Tract 516.01", "pct_white_2020": 66.2, "pct_black_2020": 0.7, "pct_hispanic_2020": 28.9, "pct_asian_2020": 2.4, "population_2020": 4292}, "geometry": {"type": "Polygon", "coordinates": [[[-73.80186, 40.84001], [-73.80879, 40.83814], [-73.79019, 40.83442], [-73.78958, 40.83429], [-73.77452, 40.83127], [-73.77343, 40.83221], [-73.7665, 40.83818], [-73.78471, 40.8551], [-73.78305, 40.86022], [-73.7833, 40.86078], [-73.79006, 40.8608], [-73.79357, 40.85633], [-73.80186, 40.84001]]]}}, {"type": "Feature", "properties": {"tract_id": "36005001902", "name": "Census Tract 19.02", "pct_white_2020": 10.7, "pct_black_2020": 18.9, "pct_hispanic_2020": 46.5, "pct_asian_2020": 0.5, "population_2020": 1883}, "geometry": {"type": "Polygon", "coordinates": [[[-73.92576, 40.80522], [-73.9257, 40.8052], [-73.92523, 40.805], [-73.92421, 40.80459], [-73.92287, 40.80404], [-73.92208, 40.80368], [-73.92028, 40.80291], [-73.91733, 40.80169], [-73.91713, 40.8016], [-73.91695, 40.80152], [-73.91682, 40.80147], [-73.91419, 40.80034], [-73.91332, 40.79998], [-73.91324, 40.79994], [-73.91279, 40.80035], [-73.91263, 40.80053], [-73.91197, 40.80112], [-73.91134, 40.80172], [-73.91077, 40.80231], [-73.91016, 40.80288], [-73.90958, 40.80346], [-73.90894, 40.80409], [-73.90836, 40.80467], [-73.90834, 40.80466], [-73.90722, 40.80405], [-73.90605, 40.80337], [-73.90547, 40.80393], [-73.90666, 40.80461], [-73.90775, 40.80525], [-73.90779, 40.80528], [-73.90881, 40.80587], [-73.90896, 40.80598], [-73.90902, 40.80604], [-73.90905, 40.80607], [-73.90913, 40.80617], [-73.90967, 40.80599], [-73.91055, 40.80559], [-73.91148, 40.80517], [-73.91229, 40.8048], [-73.91245, 40.80471], [-73.91295, 40.8045], [-73.91348, 40.80426], [-73.91406, 40.80399], [-73.91417, 40.80394], [-73.91426, 40.8039], [-73.91443, 40.80384], [-73.91459, 40.8038], [-73.91478, 40.80376], [-73.9149, 40.80374], [-73.91505, 40.80373], [-73.91517, 40.80372], [-73.91532, 40.8037], [-73.9155, 40.8037], [-73.91563, 40.8037], [-73.91579, 40.80371], [-73.91587, 40.80371], [-73.91731, 40.8043], [-73.91882, 40.80491], [-73.92061, 40.80565], [-73.92145, 40.80599], [-73.92264, 40.80648], [-73.92427, 40.80718], [-73.92447, 40.80689], [-73.92456, 40.80677], [-73.92474, 40.80655], [-73.92523, 40.8059], [-73.92553, 40.80545], [-73.9257, 40.80528], [-73.92576, 40.80522]]]}}, {"type": "Feature", "properties": {"tract_id": "36005007300", "name": "Census Tract 73", "pct_white_2020": 0.3, "pct_black_2020": 30.1, "pct_hispanic_2020": 64.0, "pct_asian_2020": 1.8, "population_2020": 4444}, "geometry": {"type": "Polygon", "coordinates": [[[-73.91258, 40.81493], [-73.91295, 40.81427], [-73.91181, 40.81388], [-73.91095, 40.81362], [-73.91002, 40.81343], [-73.90907, 40.81323], [-73.90816, 40.81304], [-73.90724, 40.81285], [-73.90697, 40.81365], [-73.90658, 40.81471], [-73.90624, 40.81566], [-73.90715, 40.81584], [-73.90808, 40.81603], [-73.90822, 40.8162], [-73.90913, 40.81594], [-73.90991, 40.81594], [-73.91013, 40.81593], [-73.91102, 40.81598], [-73.91194, 40.81605], [-73.91226, 40.81549], [-73.91258, 40.81493]]]}}, {"type": "Feature", "properties": {"tract_id": "36005006100", "name": "Census Tract 61", "pct_white_2020": 1.3, "pct_black_2020": 78.4, "pct_hispanic_2020": 19.2, "pct_asian_2020": 0.7, "population_2020": 3868}, "geometry": {"type": "Polygon", "coordinates": [[[-73.92688, 40.81948], [-73.92731, 40.81856], [-73.92636, 40.81832], [-73.92579, 40.81817], [-73.92553, 40.8181], [-73.92539, 40.81807], [-73.92519, 40.81801], [-73.92403, 40.81928], [-73.92265, 40.82049], [-73.92195, 40.82103], [-73.92115, 40.82156], [-73.92066, 40.82184], [-73.92016, 40.82253], [-73.92006, 40.82267], [-73.91993, 40.8229], [-73.91947, 40.82373], [-73.9194, 40.82386], [-73.91934, 40.82397], [-73.91846, 40.82557], [-73.91939, 40.82588], [-73.92026, 40.82615], [-73.92115, 40.8264], [-73.92174, 40.82564], [-73.92227, 40.82497], [-73.92238, 40.82479], [-73.92302, 40.82371], [-73.92307, 40.82362], [-73.92337, 40.8231], [-73.92464, 40.82102], [-73.92478, 40.82102], [-73.925, 40.82103], [-73.92504, 40.82103], [-73.9251, 40.82104], [-73.92528, 40.82107], [-73.92543, 40.8211], [-73.92575, 40.82118], [-73.92587, 40.82107], [-73.92592, 40.82103], [-73.92607, 40.82089], [-73.92623, 40.82073], [-73.92626, 40.82069], [-73.92628, 40.82067], [-73.9263, 40.82063], [-73.92635, 40.82055], [-73.92664, 40.82], [-73.92688, 40.81948]]]}}, {"type": "Feature", "properties": {"tract_id": "36005006400", "name": "Census Tract 64", "pct_white_2020": 3.1, "pct_black_2020": 34.2, "pct_hispanic_2020": 57.0, "pct_asian_2020": 2.1, "population_2020": 3928}, "geometry": {"type": "Polygon", "coordinates": [[[-73.87396, 40.83451], [-73.87395, 40.83424], [-73.87392, 40.83336], [-73.87384, 40.83255], [-73.87369, 40.83196], [-73.87367, 40.83188], [-73.87365, 40.8318], [-73.87319, 40.82991], [-73.87276, 40.83003], [-73.87179, 40.83031], [-73.8709, 40.83056], [-73.87001, 40.83082], [-73.87037, 40.8324], [-73.8709, 40.83465], [-73.8711, 40.83576], [-73.87212, 40.83586], [-73.87298, 40.8359], [-73.8738, 40.83597], [-73.87391, 40.8352], [-73.87396, 40.83451]]]}}, {"type": "Feature", "properties": {"tract_id": "36005006700", "name": "Census Tract 67", "pct_white_2020": 0.4, "pct_black_2020": 17.5, "pct_hispanic_2020": 79.1, "pct_asian_2020": 0.0, "population_2020": 6777}, "geometry": {"type": "Polygon", "coordinates": [[[-73.92178, 40.81953], [-73.92212, 40.8188], [-73.9189, 40.81797], [-73.91846, 40.81785], [-73.91821, 40.81779], [-73.91712, 40.81751], [-73.91599, 40.81721], [-73.91553, 40.81758], [-73.91526, 40.81783], [-73.91495, 40.81808], [-73.91447, 40.81851], [-73.91403, 40.81896], [-73.91352, 40.81954], [-73.91426, 40.81975], [-73.9159, 40.82017], [-73.91724, 40.82052], [-73.9174, 40.82056], [-73.91754, 40.8206], [-73.91771, 40.82065], [-73.91769, 40.82069], [-73.91749, 40.82111], [-73.91742, 40.82128], [-73.91837, 40.82154], [-73.91858, 40.8216], [-73.91882, 40.82167], [-73.91918, 40.82177], [-73.91979, 40.82194], [-73.92034, 40.8221], [-73.9204, 40.82205], [-73.92046, 40.822], [-73.92066, 40.82184], [-73.92089, 40.82149], [-73.92119, 40.82083], [-73.92148, 40.8202], [-73.92178, 40.81953]]]}}, {"type": "Feature", "properties": {"tract_id": "36005006800", "name": "Census Tract 68", "pct_white_2020": 0.0, "pct_black_2020": 13.2, "pct_hispanic_2020": 60.4, "pct_asian_2020": 12.9, "population_2020": 2493}, "geometry": {"type": "Polygon", "coordinates": [[[-73.87319, 40.82991], [-73.87302, 40.82937], [-73.87281, 40.82807], [-73.87277, 40.82763], [-73.87274, 40.82709], [-73.87272, 40.82682], [-73.87198, 40.82692], [-73.87104, 40.82705], [-73.87011, 40.82717], [-73.86918, 40.8273], [-73.86822, 40.82743], [-73.86872, 40.82956], [-73.86776, 40.82969], [-73.86815, 40.83136], [-73.86908, 40.83109], [-73.87001, 40.83082], [-73.8709, 40.83056], [-73.87179, 40.83031], [-73.87276, 40.83003], [-73.87319, 40.82991]]]}}, {"type": "Feature", "properties": {"tract_id": "36005007000", "name": "Census Tract 70", "pct_white_2020": 5.5, "pct_black_2020": 22.9, "pct_hispanic_2020": 50.8, "pct_asian_2020": 6.5, "population_2020": 3869}, "geometry": {"type": "Polygon", "coordinates": [[[-73.86872, 40.82956], [-73.86822, 40.82743], [-73.86727, 40.82755], [-73.86635, 40.82768], [-73.86542, 40.8278], [-73.86449, 40.82793], [-73.86357, 40.82805], [-73.86264, 40.82817], [-73.86314, 40.83031], [-73.86366, 40.83265], [-73.86457, 40.83239], [-73.86546, 40.83213], [-73.86636, 40.83187], [-73.86726, 40.83162], [-73.86815, 40.83136], [-73.86776, 40.82969], [-73.86872, 40.82956]]]}}, {"type": "Feature", "properties": {"tract_id": "36005007100", "name": "Census Tract 71", "pct_white_2020": 1.5, "pct_black_2020": 28.9, "pct_hispanic_2020": 66.3, "pct_asian_2020": 2.9, "population_2020": 2872}, "geometry": {"type": "Polygon", "coordinates": [[[-73.91762, 40.81606], [-73.91677, 40.8157], [-73.91495, 40.81494], [-73.91295, 40.81427], [-73.91258, 40.81493], [-73.91226, 40.81549], [-73.91194, 40.81605], [-73.91138, 40.81737], [-73.91061, 40.81922], [-73.91051, 40.8195], [-73.91035, 40.81995], [-73.91022, 40.8203], [-73.91012, 40.82062], [-73.91001, 40.82093], [-73.90991, 40.82124], [-73.90893, 40.82096], [-73.90842, 40.82218], [-73.90941, 40.82242], [-73.9095, 40.82244], [-73.90985, 40.82255], [-73.9107, 40.82232], [-73.91129, 40.8222], [-73.91174, 40.82211], [-73.91217, 40.82149], [-73.91257, 40.82086], [-73.91306, 40.82013], [-73.91352, 40.81954], [-73.91403, 40.81896], [-73.91447, 40.81851], [-73.91495, 40.81808], [-73.91526, 40.81783], [-73.91553, 40.81758], [-73.91599, 40.81721], [-73.91676, 40.81656], [-73.91762, 40.81606]]]}}, {"type": "Feature", "properties": {"tract_id": "36005007500", "name": "Census Tract 75", "pct_white_2020": 0.0, "pct_black_2020": 29.1, "pct_hispanic_2020": 68.4, "pct_asian_2020": 0.8, "population_2020": 6670}, "geometry": {"type": "Polygon", "coordinates": [[[-73.91138, 40.81737], [-73.91194, 40.81605], [-73.91102, 40.81598], [-73.91013, 40.81593], [-73.90991, 40.81594], [-73.90913, 40.81594], [-73.90822, 40.8162], [-73.90759, 40.8166], [-73.90665, 40.81718], [-73.9063, 40.81737], [-73.90531, 40.81793], [-73.90624, 40.81816], [-73.907, 40.81834], [-73.90692, 40.81853], [-73.90685, 40.81869], [-73.90644, 40.81969], [-73.906, 40.82075], [-73.90566, 40.82156], [-73.90646, 40.82172], [-73.90743, 40.82194], [-73.90842, 40.82218], [-73.90893, 40.82096], [-73.90991, 40.82124], [-73.91001, 40.82093], [-73.91012, 40.82062], [-73.91022, 40.8203], [-73.91035, 40.81995], [-73.91051, 40.8195], [-73.91061, 40.81922], [-73.91138, 40.81737]]]}}, {"type": "Feature", "properties": {"tract_id": "36005022401", "name": "Census Tract 224.01", "pct_white_2020": 12.8, "pct_black_2020": 13.1, "pct_hispanic_2020": 60.9, "pct_asian_2020": 11.4, "population_2020": 2640}, "geometry": {"type": "Polygon", "coordinates": [[[-73.86993, 40.85586], [-73.8699, 40.85571], [-73.86982, 40.85548], [-73.86938, 40.85427], [-73.86917, 40.85369], [-73.86872, 40.85242], [-73.86861, 40.85209], [-73.8678, 40.85159], [-73.86777, 40.85241], [-73.86773, 40.85366], [-73.8677, 40.85449], [-73.86765, 40.85662], [-73.86764, 40.85679], [-73.86761, 40.85724], [-73.86759, 40.85783], [-73.86838, 40.85781], [-73.86886, 40.85722], [-73.86933, 40.85665], [-73.86989, 40.85597], [-73.86993, 40.85586]]]}}, {"type": "Feature", "properties": {"tract_id": "36005022500", "name": "Census Tract 225", "pct_white_2020": 6.4, "pct_black_2020": 13.7, "pct_hispanic_2020": 78.1, "pct_asian_2020": 0.8, "population_2020": 9093}, "geometry": {"type": "Polygon", "coordinates": [[[-73.91372, 40.83881], [-73.91375, 40.83874], [-73.91359, 40.83868], [-73.91271, 40.83836], [-73.91227, 40.8382], [-73.91139, 40.83787], [-73.91059, 40.8375], [-73.90962, 40.83712], [-73.90946, 40.83706], [-73.90891, 40.83838], [-73.90899, 40.83916], [-73.90906, 40.83995], [-73.90912, 40.84017], [-73.90939, 40.84125], [-73.90958, 40.84203], [-73.90963, 40.8424], [-73.90959, 40.84275], [-73.90955, 40.84305], [-73.91045, 40.84312], [-73.91097, 40.84314], [-73.91176, 40.84319], [-73.91193, 40.84327], [-73.91199, 40.84307], [-73.91223, 40.84234], [-73.91247, 40.84162], [-73.9127, 40.84093], [-73.91314, 40.83981], [-73.91372, 40.83881]]]}}, {"type": "Feature", "properties": {"tract_id": "36005022702", "name": "Census Tract 227.02", "pct_white_2020": 0.0, "pct_black_2020": 18.2, "pct_hispanic_2020": 75.8, "pct_asian_2020": 0.4, "population_2020": 1449}, "geometry": {"type": "Polygon", "coordinates": [[[-73.91633, 40.84505], [-73.91673, 40.84505], [-73.91612, 40.84485], [-73.91587, 40.84479], [-73.91474, 40.84434], [-73.91386, 40.84398], [-73.91303, 40.84364], [-73.91209, 40.84334], [-73.91193, 40.84327], [-73.9117, 40.8439], [-73.91132, 40.84478], [-73.91114, 40.84506], [-73.91133, 40.84507], [-73.912, 40.84509], [-73.91319, 40.84512], [-73.9142, 40.84511], [-73.91594, 40.84506], [-73.91633, 40.84505]]]}}, {"type": "Feature", "properties": {"tract_id": "36005021501", "name": "Census Tract 215.01", "pct_white_2020": 4.7, "pct_black_2020": 14.4, "pct_hispanic_2020": 78.0, "pct_asian_2020": 2.5, "population_2020": 4665}, "geometry": {"type": "Polygon", "coordinates": [[[-73.92135, 40.84718], [-73.92054, 40.84689], [-73.91961, 40.84758], [-73.91941, 40.84764], [-73.91875, 40.84807], [-73.91841, 40.84833], [-73.91729, 40.84919], [-73.91605, 40.85004], [-73.91545, 40.85049], [-73.91564, 40.85065], [-73.91581, 40.85082], [-73.91594, 40.85105], [-73.91598, 40.85133], [-73.91599, 40.85154], [-73.91603, 40.85166], [-73.91611, 40.85179], [-73.91627, 40.85187], [-73.91645, 40.85191], [-73.91727, 40.85131], [-73.91895, 40.85018], [-73.91909, 40.85], [-73.91937, 40.84962], [-73.92048, 40.84826], [-73.92135, 40.84718]]]}}, {"type": "Feature", "properties": {"tract_id": "36005021502", "name": "Census Tract 215.02", "pct_white_2020": 0.1, "pct_black_2020": 23.0, "pct_hispanic_2020": 75.0, "pct_asian_2020": 0.0, "population_2020": 6986}, "geometry": {"type": "Polygon", "coordinates": [[[-73.92104, 40.84652], [-73.9206, 40.84629], [-73.91971, 40.84611], [-73.91918, 40.8461], [-73.91891, 40.84614], [-73.91877, 40.84615], [-73.91818, 40.84624], [-73.91742, 40.84634], [-73.9172, 40.84637], [-73.91703, 40.8464], [-73.91684, 40.84644], [-73.91647, 40.84653], [-73.91621, 40.84659], [-73.91527, 40.84681], [-73.91489, 40.84731], [-73.91443, 40.84796], [-73.91397, 40.84861], [-73.91288, 40.85012], [-73.91346, 40.85002], [-73.91416, 40.84997], [-73.9149, 40.85021], [-73.91545, 40.85049], [-73.91605, 40.85004], [-73.91729, 40.84919], [-73.91841, 40.84833], [-73.91875, 40.84807], [-73.91941, 40.84764], [-73.91961, 40.84758], [-73.92054, 40.84689], [-73.92104, 40.84652]]]}}, {"type": "Feature", "properties": {"tract_id": "36005021602", "name": "Census Tract 216.02", "pct_white_2020": 2.8, "pct_black_2020": 28.0, "pct_hispanic_2020": 29.4, "pct_asian_2020": 34.2, "population_2020": 6093}, "geometry": {"type": "Polygon", "coordinates": [[[-73.86446, 40.84109], [-73.86426, 40.84069], [-73.8641, 40.84037], [-73.86406, 40.84029], [-73.86394, 40.84005], [-73.86393, 40.84], [-73.8636, 40.8381], [-73.86358, 40.83798], [-73.86356, 40.83787], [-73.86319, 40.83574], [-73.86316, 40.83553], [-73.86296, 40.83442], [-73.86294, 40.8343], [-73.8629, 40.834], [-73.86288, 40.83389], [-73.86284, 40.83369], [-73.86272, 40.83302], [-73.86163, 40.83333], [-73.86144, 40.83345], [-73.8613, 40.83354], [-73.8611, 40.83363], [-73.86085, 40.83361], [-73.86091, 40.83399], [-73.86101, 40.8346], [-73.86111, 40.83552], [-73.86094, 40.83647], [-73.86052, 40.83742], [-73.86044, 40.83752], [-73.86032, 40.8376], [-73.8602, 40.83768], [-73.86007, 40.83774], [-73.85997, 40.83778], [-73.86012, 40.83785], [-73.8603, 40.83796], [-73.86045, 40.83807], [-73.86053, 40.83813], [-73.86069, 40.83851], [-73.86094, 40.83893], [-73.86106, 40.83903], [-73.86131, 40.83922], [-73.86175, 40.83958], [-73.8623, 40.84005], [-73.86244, 40.84017], [-73.86267, 40.84041], [-73.86309, 40.84082], [-73.86358, 40.84128], [-73.86446, 40.84109]]]}}, {"type": "Feature", "properties": {"tract_id": "36005021800", "name": "Census Tract 218", "pct_white_2020": 3.6, "pct_black_2020": 15.1, "pct_hispanic_2020": 71.6, "pct_asian_2020": 4.8, "population_2020": 6037}, "geometry": {"type": "Polygon", "coordinates": [[[-73.87384, 40.83633], [-73.87394, 40.83598], [-73.8738, 40.83597], [-73.87298, 40.8359], [-73.87212, 40.83586], [-73.8711, 40.83576], [-73.86999, 40.83565], [-73.86903, 40.83549], [-73.8681, 40.83521], [-73.86681, 40.83484], [-73.86652, 40.83497], [-73.86637, 40.83503], [-73.86598, 40.8352], [-73.86507, 40.83534], [-73.86547, 40.83768], [-73.86638, 40.83759], [-73.86668, 40.83924], [-73.86725, 40.84034], [-73.86741, 40.8403], [-73.86782, 40.84017], [-73.86831, 40.83999], [-73.86872, 40.83981], [-73.86885, 40.83975], [-73.86921, 40.8396], [-73.86933, 40.83957], [-73.86943, 40.83952], [-73.87026, 40.83959], [-73.87046, 40.83963], [-73.87072, 40.83966], [-73.87097, 40.83967], [-73.87121, 40.83967], [-73.8727, 40.83975], [-73.87284, 40.83976], [-73.87294, 40.83925], [-73.87307, 40.83875], [-73.87318, 40.83836], [-73.87323, 40.83816], [-73.87338, 40.83766], [-73.87341, 40.83759], [-73.87359, 40.83709], [-73.87366, 40.8369], [-73.8737, 40.83682], [-73.87375, 40.83668], [-73.87382, 40.8364], [-73.87384, 40.83633]]]}}, {"type": "Feature", "properties": {"tract_id": "36005021900", "name": "Census Tract 219", "pct_white_2020": 2.0, "pct_black_2020": 16.1, "pct_hispanic_2020": 78.5, "pct_asian_2020": 3.4, "population_2020": 949}, "geometry": {"type": "Polygon", "coordinates": [[[-73.92233, 40.83661], [-73.92237, 40.83611], [-73.92214, 40.83626], [-73.92037, 40.83743], [-73.92013, 40.83759], [-73.9197, 40.83787], [-73.91938, 40.83808], [-73.91931, 40.83813], [-73.91902, 40.83838], [-73.91859, 40.83898], [-73.91814, 40.83961], [-73.91768, 40.84022], [-73.9173, 40.84077], [-73.91689, 40.84135], [-73.91618, 40.84234], [-73.91769, 40.84224], [-73.91795, 40.84223], [-73.91796, 40.8431], [-73.91978, 40.84088], [-73.92136, 40.84019], [-73.9213, 40.83995], [-73.92133, 40.8396], [-73.92143, 40.83924], [-73.92164, 40.83889], [-73.9219, 40.83847], [-73.92222, 40.83799], [-73.92228, 40.83784], [-73.92229, 40.83771], [-73.92233, 40.83661]]]}}, {"type": "Feature", "properties": {"tract_id": "36005022000", "name": "Census Tract 220", "pct_white_2020": 0.0, "pct_black_2020": 21.4, "pct_hispanic_2020": 73.5, "pct_asian_2020": 4.6, "population_2020": 2142}, "geometry": {"type": "Polygon", "coordinates": [[[-73.87836, 40.84], [-73.87791, 40.83997], [-73.87741, 40.83999], [-73.87561, 40.8399], [-73.87356, 40.83979], [-73.87327, 40.84022], [-73.87281, 40.84087], [-73.87247, 40.84132], [-73.87225, 40.8416], [-73.87153, 40.84251], [-73.871, 40.84311], [-73.8703, 40.84355], [-73.86959, 40.84398], [-73.86889, 40.84441], [-73.86813, 40.84479], [-73.86802, 40.84484], [-73.86828, 40.84497], [-73.86864, 40.84531], [-73.86874, 40.84561], [-73.8687, 40.84575], [-73.86866, 40.8459], [-73.86865, 40.84605], [-73.86865, 40.84618], [-73.86868, 40.84635], [-73.86872, 40.8465], [-73.86879, 40.84666], [-73.86887, 40.8468], [-73.86893, 40.84688], [-73.86835, 40.84708], [-73.86801, 40.8483], [-73.86786, 40.84889], [-73.86837, 40.84897], [-73.86921, 40.84924], [-73.86933, 40.84927], [-73.86939, 40.84915], [-73.86945, 40.84898], [-73.8695, 40.84884], [-73.86953, 40.84869], [-73.86956, 40.84846], [-73.86957, 40.84824], [-73.86955, 40.84807], [-73.86893, 40.84815], [-73.86953, 40.84726], [-73.86989, 40.84659], [-73.86992, 40.84656], [-73.86997, 40.84654], [-73.87005, 40.84652], [-73.87008, 40.84652], [-73.8703, 40.8466], [-73.87033, 40.84655], [-73.87036, 40.84652], [-73.87038, 40.84648], [-73.87042, 40.84645], [-73.87043, 40.84644], [-73.87049, 40.84633], [-73.87052, 40.84628], [-73.87054, 40.84625], [-73.87057, 40.84622], [-73.87064, 40.84618], [-73.87071, 40.84613], [-73.8708, 40.84608], [-73.87087, 40.84604], [-73.87091, 40.84601], [-73.87095, 40.84599], [-73.87099, 40.84594], [-73.87101, 40.84591], [-73.87103, 40.84586], [-73.87104, 40.84581], [-73.87106, 40.84573], [-73.87108, 40.8456], [-73.87109, 40.84555], [-73.87109, 40.84551], [-73.87108, 40.84546], [-73.87106, 40.84542], [-73.87106, 40.84538], [-73.87105, 40.84533], [-73.87105, 40.84529], [-73.87107, 40.84517], [-73.87108, 40.84511], [-73.87109, 40.84497], [-73.87109, 40.84494], [-73.87111, 40.84488], [-73.87113, 40.84484], [-73.87115, 40.8448], [-73.87118, 40.84476], [-73.87126, 40.84469], [-73.87132, 40.84463], [-73.87135, 40.84461], [-73.87137, 40.8446], [-73.8714, 40.8446], [-73.87145, 40.84459], [-73.87156, 40.84459], [-73.87171, 40.84458], [-73.87176, 40.84457], [-73.87178, 40.84456], [-73.87182, 40.84454], [-73.87185, 40.84452], [-73.87187, 40.84449], [-73.87188, 40.84446], [-73.87191, 40.84436], [-73.87206, 40.84378], [-73.87208, 40.84372], [-73.8728, 40.84341], [-73.87306, 40.84329], [-73.87315, 40.84323], [-73.87341, 40.84301], [-73.87386, 40.84266], [-73.87398, 40.84253], [-73.87459, 40.84152], [-73.87608, 40.84206], [-73.87686, 40.84223], [-73.87776, 40.84094], [-73.87836, 40.84]]]}}, {"type": "Feature", "properties": {"tract_id": "36005022300", "name": "Census Tract 223", "pct_white_2020": 1.5, "pct_black_2020": 11.9, "pct_hispanic_2020": 83.6, "pct_asian_2020": 0.1, "population_2020": 5447}, "geometry": {"type": "Polygon", "coordinates": [[[-73.9173, 40.84077], [-73.91768, 40.84022], [-73.91678, 40.83988], [-73.91594, 40.83955], [-73.91509, 40.83923], [-73.91393, 40.83881], [-73.91375, 40.83874], [-73.91372, 40.83881], [-73.91314, 40.83981], [-73.9127, 40.84093], [-73.91288, 40.841], [-73.91334, 40.84117], [-73.91343, 40.8412], [-73.91365, 40.84128], [-73.91447, 40.84162], [-73.9153, 40.84196], [-73.91618, 40.84234], [-73.91689, 40.84135], [-73.9173, 40.84077]]]}}, {"type": "Feature", "properties": {"tract_id": "36005048402", "name": "Census Tract 484.02", "pct_white_2020": null, "pct_black_2020": null, "pct_hispanic_2020": null, "pct_asian_2020": null, "population_2020": 0, "dominant_group_2020": null, "diversity_index_2020": null}, "geometry": {"type": "Polygon", "coordinates": [[[-73.84196, 40.88845], [-73.84194, 40.88842], [-73.84154, 40.88734], [-73.84118, 40.88641], [-73.84044, 40.88473], [-73.83852, 40.88522], [-73.8384, 40.88526], [-73.83833, 40.88527], [-73.83826, 40.88529], [-73.83819, 40.88531], [-73.83773, 40.88542], [-73.83735, 40.8853], [-73.83702, 40.88514], [-73.83591, 40.8847], [-73.8354, 40.88563], [-73.83527, 40.88591], [-73.83596, 40.88767], [-73.83643, 40.88893], [-73.83732, 40.88874], [-73.83823, 40.88864], [-73.83921, 40.8887], [-73.83933, 40.88872], [-73.83954, 40.88874], [-73.83977, 40.88874], [-73.83998, 40.88872], [-73.84018, 40.88869], [-73.84105, 40.88855], [-73.84196, 40.88845]]]}}, {"type": "Feature", "properties": {"tract_id": "36005048401", "name": "Census Tract 484.01", "pct_white_2020": 2.1, "pct_black_2020": 81.1, "pct_hispanic_2020": 12.7, "pct_asian_2020": 0.0, "population_2020": 3815}, "geometry": {"type": "Polygon", "coordinates": [[[-73.84044, 40.88473], [-73.83951, 40.88263], [-73.83874, 40.88127], [-73.83783, 40.88161], [-73.83699, 40.88194], [-73.83664, 40.88212], [-73.83622, 40.88239], [-73.83561, 40.88295], [-73.83454, 40.88371], [-73.83435, 40.88385], [-73.83405, 40.88399], [-73.83362, 40.88419], [-73.83343, 40.88427], [-73.83324, 40.88435], [-73.83301, 40.88442], [-73.83281, 40.88447], [-73.83255, 40.88452], [-73.83234, 40.88455], [-73.8313, 40.88471], [-73.83065, 40.88485], [-73.83034, 40.88497], [-73.82953, 40.8853], [-73.82864, 40.88566], [-73.8279, 40.88595], [-73.82696, 40.8863], [-73.82571, 40.88677], [-73.82519, 40.88698], [-73.82449, 40.88738], [-73.82457, 40.88748], [-73.82465, 40.88757], [-73.82492, 40.88785], [-73.82602, 40.88803], [-73.82733, 40.88818], [-73.82773, 40.88833], [-73.82813, 40.88858], [-73.82857, 40.88886], [-73.82905, 40.88903], [-73.82947, 40.88908], [-73.83022, 40.88911], [-73.8313, 40.88919], [-73.83221, 40.88925], [-73.83312, 40.8893], [-73.83445, 40.88936], [-73.83467, 40.88933], [-73.83555, 40.88913], [-73.83643, 40.88893], [-73.83596, 40.88767], [-73.83527, 40.88591], [-73.8354, 40.88563], [-73.83591, 40.8847], [-73.83702, 40.88514], [-73.83735, 40.8853], [-73.83773, 40.88542], [-73.83819, 40.88531], [-73.83826, 40.88529], [-73.83833, 40.88527], [-73.8384, 40.88526], [-73.83852, 40.88522], [-73.84044, 40.88473]]]}}, {"type": "Feature", "properties": {"tract_id": "36005018502", "name": "Census Tract 185.02", "pct_white_2020": 2.7, "pct_black_2020": 35.9, "pct_hispanic_2020": 55.9, "pct_asian_2020": 0.0, "population_2020": 6314}, "geometry": {"type": "Polygon", "coordinates": [[[-73.90846, 40.82462], [-73.90871, 40.82407], [-73.90843, 40.82399], [-73.90774, 40.82382], [-73.90842, 40.82218], [-73.90743, 40.82194], [-73.90646, 40.82172], [-73.90573, 40.82334], [-73.90544, 40.82403], [-73.90492, 40.82529], [-73.90429, 40.82692], [-73.90508, 40.82711], [-73.90491, 40.82728], [-73.90385, 40.82819], [-73.90346, 40.82853], [-73.90239, 40.82946], [-73.90228, 40.82964], [-73.90351, 40.83038], [-73.90356, 40.83037], [-73.90361, 40.83037], [-73.90365, 40.83037], [-73.90368, 40.83037], [-73.90373, 40.83038], [-73.90381, 40.8304], [-73.90451, 40.83062], [-73.90553, 40.8291], [-73.90657, 40.82945], [-73.90703, 40.82828], [-73.90723, 40.82778], [-73.90765, 40.82669], [-73.90774, 40.82649], [-73.9078, 40.82632], [-73.90784, 40.82622], [-73.90793, 40.826], [-73.90821, 40.82531], [-73.90846, 40.82462]]]}}, {"type": "Feature", "properties": {"tract_id": "36005001904", "name": "Census Tract 19.04", "pct_white_2020": null, "pct_black_2020": null, "pct_hispanic_2020": null, "pct_asian_2020": null, "population_2020": 0, "dominant_group_2020": null, "diversity_index_2020": null}, "geometry": {"type": "Polygon", "coordinates": [[[-73.91362, 40.79679], [-73.91246, 40.7961], [-73.89987, 40.79245], [-73.89772, 40.79514], [-73.89611, 40.79692], [-73.8925, 40.80121], [-73.89574, 40.80263], [-73.90218, 40.80488], [-73.90239, 40.80462], [-73.90229, 40.80455], [-73.90247, 40.80438], [-73.90261, 40.80443], [-73.90335, 40.80385], [-73.90371, 40.80381], [-73.90458, 40.80311], [-73.90488, 40.80279], [-73.90511, 40.80252], [-73.90588, 40.80171], [-73.90618, 40.8015], [-73.90853, 40.79909], [-73.90989, 40.798], [-73.91141, 40.79669], [-73.91362, 40.79679]]]}}, {"type": "Feature", "properties": {"tract_id": "36005006302", "name": "Census Tract 63.02", "pct_white_2020": null, "pct_black_2020": null, "pct_hispanic_2020": null, "pct_asian_2020": null, "population_2020": 0, "dominant_group_2020": null, "diversity_index_2020": null}, "geometry": {"type": "Polygon", "coordinates": [[[-73.93096, 40.82834], [-73.93087, 40.82811], [-73.93076, 40.82757], [-73.93074, 40.82744], [-73.93073, 40.82734], [-73.93072, 40.82717], [-73.93074, 40.82701], [-73.93059, 40.82697], [-73.9305, 40.82694], [-73.93034, 40.82687], [-73.92975, 40.82658], [-73.92715, 40.82572], [-73.92663, 40.82661], [-73.92602, 40.82765], [-73.92593, 40.82781], [-73.92584, 40.82796], [-73.92497, 40.82952], [-73.92481, 40.82978], [-73.9245, 40.83028], [-73.92426, 40.83068], [-73.92349, 40.83197], [-73.92222, 40.83416], [-73.92318, 40.83452], [-73.92237, 40.83611], [-73.92397, 40.83508], [-73.92439, 40.83448], [-73.92503, 40.83327], [-73.92536, 40.83262], [-73.92643, 40.83142], [-73.9268, 40.83104], [-73.92716, 40.83067], [-73.92726, 40.83057], [-73.92762, 40.83023], [-73.92865, 40.82928], [-73.92876, 40.82919], [-73.9289, 40.82912], [-73.92977, 40.82868], [-73.92993, 40.82864], [-73.93085, 40.82836], [-73.93096, 40.82834]]]}}, {"type": "Feature", "properties": {"tract_id": "36005046204", "name": "Census Tract 462.04", "pct_white_2020": 2.4, "pct_black_2020": 57.9, "pct_hispanic_2020": 31.6, "pct_asian_2020": 6.6, "population_2020": 6483}, "geometry": {"type": "Polygon", "coordinates": [[[-73.82828, 40.87101], [-73.82816, 40.871], [-73.82789, 40.87098], [-73.8277, 40.87095], [-73.8276, 40.87094], [-73.8273, 40.87089], [-73.82699, 40.87081], [-73.82671, 40.87073], [-73.82648, 40.87065], [-73.82643, 40.87063], [-73.82616, 40.87052], [-73.82589, 40.8704], [-73.82563, 40.87059], [-73.82544, 40.87077], [-73.82526, 40.87095], [-73.8251, 40.87112], [-73.82494, 40.87134], [-73.82479, 40.87156], [-73.82468, 40.87175], [-73.82458, 40.87196], [-73.82449, 40.87218], [-73.82448, 40.87223], [-73.82442, 40.87245], [-73.82437, 40.8727], [-73.82435, 40.87294], [-73.82434, 40.87319], [-73.82435, 40.87346], [-73.82438, 40.8737], [-73.82452, 40.87492], [-73.82453, 40.87532], [-73.8245, 40.87563], [-73.82484, 40.8757], [-73.82493, 40.87559], [-73.82505, 40.87551], [-73.82517, 40.87549], [-73.82534, 40.87549], [-73.82552, 40.87551], [-73.82562, 40.87552], [-73.82589, 40.87547], [-73.826, 40.87543], [-73.82615, 40.87534], [-73.8263, 40.87526], [-73.82639, 40.87521], [-73.82648, 40.87517], [-73.82664, 40.87507], [-73.82675, 40.87496], [-73.82682, 40.87486], [-73.82688, 40.87469], [-73.82695, 40.87455], [-73.82706, 40.87442], [-73.8272, 40.87431], [-73.82726, 40.87426], [-73.82732, 40.87417], [-73.82745, 40.87407], [-73.82757, 40.87404], [-73.82781, 40.87407], [-73.82784, 40.87398], [-73.82805, 40.87376], [-73.82812, 40.87364], [-73.82821, 40.87345], [-73.82821, 40.87325], [-73.82821, 40.87302], [-73.8279, 40.87289], [-73.82773, 40.87277], [-73.82761, 40.87273], [-73.82746, 40.87275], [-73.82793, 40.87196], [-73.82828, 40.87101]]]}}, {"type": "Feature", "properties": {"tract_id": "36005011702", "name": "Census Tract 117.02", "pct_white_2020": null, "pct_black_2020": null, "pct_hispanic_2020": null, "pct_asian_2020": null, "population_2020": 0, "dominant_group_2020": null, "diversity_index_2020": null}, "geometry": {"type": "Polygon", "coordinates": [[[-73.88298, 40.81734], [-73.88338, 40.81735], [-73.88218, 40.81642], [-73.8818, 40.81521], [-73.88121, 40.81292], [-73.88077, 40.81104], [-73.88041, 40.80939], [-73.87979, 40.80754], [-73.87936, 40.80566], [-73.87808, 40.80586], [-73.8778, 40.80585], [-73.87748, 40.80583], [-73.87703, 40.8057], [-73.87664, 40.80548], [-73.876, 40.80482], [-73.87522, 40.80406], [-73.87481, 40.8037], [-73.87448, 40.80358], [-73.87426, 40.8035], [-73.87374, 40.80342], [-73.87371, 40.80306], [-73.87362, 40.8028], [-73.87318, 40.80259], [-73.87183, 40.80202], [-73.87163, 40.80193], [-73.87124, 40.80172], [-73.8689, 40.80042], [-73.86315, 40.7975], [-73.86297, 40.79767], [-73.86648, 40.8059], [-73.8713, 40.81395], [-73.8769, 40.8158], [-73.87797, 40.81615], [-73.88098, 40.81824], [-73.88141, 40.81799], [-73.88235, 40.81742], [-73.88298, 40.81734]]]}}, {"type": "Feature", "properties": {"tract_id": "36005046206", "name": "Census Tract 462.06", "pct_white_2020": 3.2, "pct_black_2020": 57.6, "pct_hispanic_2020": 24.8, "pct_asian_2020": 2.2, "population_2020": 4094}, "geometry": {"type": "Polygon", "coordinates": [[[-73.83035, 40.87575], [-73.83024, 40.87546], [-73.83013, 40.87533], [-73.83016, 40.87521], [-73.8301, 40.87502], [-73.83008, 40.87493], [-73.82989, 40.87454], [-73.82982, 40.87434], [-73.8298, 40.87433], [-73.8295, 40.87426], [-73.82938, 40.87427], [-73.82925, 40.87431], [-73.82913, 40.87437], [-73.82896, 40.87435], [-73.82875, 40.87433], [-73.82862, 40.87437], [-73.82848, 40.87447], [-73.82839, 40.87464], [-73.82835, 40.87477], [-73.82821, 40.87493], [-73.82762, 40.8744], [-73.82726, 40.87426], [-73.8272, 40.87431], [-73.82706, 40.87442], [-73.82695, 40.87455], [-73.82688, 40.87469], [-73.82682, 40.87486], [-73.82675, 40.87496], [-73.82664, 40.87507], [-73.82648, 40.87517], [-73.82639, 40.87521], [-73.8263, 40.87526], [-73.82615, 40.87534], [-73.826, 40.87543], [-73.82589, 40.87547], [-73.82562, 40.87552], [-73.82552, 40.87551], [-73.82534, 40.87549], [-73.82517, 40.87549], [-73.82505, 40.87551], [-73.82493, 40.87559], [-73.82484, 40.8757], [-73.82482, 40.8758], [-73.82482, 40.876], [-73.82485, 40.87611], [-73.82496, 40.87624], [-73.82514, 40.87632], [-73.82533, 40.87635], [-73.8256, 40.87635], [-73.82576, 40.87634], [-73.82595, 40.87623], [-73.82615, 40.87612], [-73.82633, 40.87598], [-73.82646, 40.87596], [-73.82658, 40.87606], [-73.82684, 40.87612], [-73.82709, 40.87624], [-73.82749, 40.87639], [-73.82764, 40.87644], [-73.82837, 40.87669], [-73.82877, 40.876], [-73.82889, 40.8758], [-73.82979, 40.87612], [-73.83006, 40.87567], [-73.83035, 40.87575]]]}}, {"type": "Feature", "properties": {"tract_id": "36005038304", "name": "Census Tract 383.04", "pct_white_2020": 0.8, "pct_black_2020": 34.3, "pct_hispanic_2020": 59.0, "pct_asian_2020": 0.0, "population_2020": 2138}, "geometry": {"type": "Polygon", "coordinates": [[[-73.89601, 40.8556], [-73.89644, 40.85491], [-73.89561, 40.85457], [-73.89478, 40.85593], [-73.89441, 40.85643], [-73.89299, 40.85839], [-73.89226, 40.85941], [-73.89174, 40.86018], [-73.89105, 40.86115], [-73.89089, 40.86135], [-73.89145, 40.86163], [-73.89243, 40.86066], [-73.89256, 40.86052], [-73.89322, 40.85987], [-73.89381, 40.85894], [-73.89388, 40.85882], [-73.89526, 40.85674], [-73.89558, 40.85625], [-73.89576, 40.85597], [-73.8958, 40.85591], [-73.89601, 40.8556]]]}}, {"type": "Feature", "properties": {"tract_id": "36005001901", "name": "Census Tract 19.01", "pct_white_2020": 14.0, "pct_black_2020": 43.2, "pct_hispanic_2020": 38.6, "pct_asian_2020": 0.0, "population_2020": 2181}, "geometry": {"type": "Polygon", "coordinates": [[[-73.9318, 40.80788], [-73.93117, 40.80721], [-73.93041, 40.80648], [-73.93035, 40.8062], [-73.92999, 40.80579], [-73.9284, 40.80411], [-73.92823, 40.80385], [-73.92726, 40.8043], [-73.92708, 40.8044], [-73.92678, 40.80456], [-73.92661, 40.80465], [-73.92597, 40.80511], [-73.92576, 40.80522], [-73.9257, 40.80528], [-73.92553, 40.80545], [-73.92523, 40.8059], [-73.92474, 40.80655], [-73.92456, 40.80677], [-73.92447, 40.80689], [-73.92427, 40.80718], [-73.92471, 40.80737], [-73.92551, 40.80772], [-73.92652, 40.80816], [-73.92742, 40.80855], [-73.92762, 40.80864], [-73.92856, 40.80905], [-73.92922, 40.80956], [-73.92933, 40.80947], [-73.92944, 40.80938], [-73.92952, 40.80932], [-73.93011, 40.80888], [-73.93094, 40.80825], [-73.9318, 40.80788]]]}}, {"type": "Feature", "properties": {"tract_id": "36005046205", "name": "Census Tract 462.05", "pct_white_2020": 2.1, "pct_black_2020": 53.0, "pct_hispanic_2020": 37.6, "pct_asian_2020": 7.3, "population_2020": 2702}, "geometry": {"type": "Polygon", "coordinates": [[[-73.83488, 40.8755], [-73.83488, 40.87443], [-73.83475, 40.87374], [-73.83449, 40.87256], [-73.83434, 40.87203], [-73.83401, 40.87117], [-73.8336, 40.87021], [-73.83273, 40.86846], [-73.83203, 40.86706], [-73.83057, 40.86437], [-73.82981, 40.86258], [-73.82959, 40.86217], [-73.82837, 40.86095], [-73.82826, 40.86085], [-73.82804, 40.86114], [-73.82785, 40.86135], [-73.82642, 40.86303], [-73.82473, 40.86499], [-73.82442, 40.86534], [-73.82146, 40.86841], [-73.82157, 40.86848], [-73.82164, 40.86856], [-73.82185, 40.8687], [-73.82205, 40.86879], [-73.82224, 40.86885], [-73.82362, 40.86914], [-73.82507, 40.86943], [-73.82562, 40.86952], [-73.82608, 40.86957], [-73.82618, 40.86958], [-73.82618, 40.86967], [-73.82615, 40.86984], [-73.82611, 40.86998], [-73.82604, 40.87015], [-73.82596, 40.87029], [-73.82589, 40.8704], [-73.82616, 40.87052], [-73.82643, 40.87063], [-73.82648, 40.87065], [-73.82671, 40.87073], [-73.82699, 40.87081], [-73.8273, 40.87089], [-73.8276, 40.87094], [-73.8277, 40.87095], [-73.82789, 40.87098], [-73.82816, 40.871], [-73.82828, 40.87101], [-73.82793, 40.87196], [-73.82746, 40.87275], [-73.82761, 40.87273], [-73.82773, 40.87277], [-73.8279, 40.87289], [-73.82821, 40.87302], [-73.82821, 40.87325], [-73.82821, 40.87345], [-73.82812, 40.87364], [-73.82805, 40.87376], [-73.82784, 40.87398], [-73.82781, 40.87407], [-73.82757, 40.87404], [-73.82745, 40.87407], [-73.82732, 40.87417], [-73.82726, 40.87426], [-73.82762, 40.8744], [-73.82821, 40.87493], [-73.82835, 40.87477], [-73.82839, 40.87464], [-73.82848, 40.87447], [-73.82862, 40.87437], [-73.82875, 40.87433], [-73.82896, 40.87435], [-73.82913, 40.87437], [-73.82925, 40.87431], [-73.82938, 40.87427], [-73.8295, 40.87426], [-73.8298, 40.87433], [-73.82982, 40.87434], [-73.82989, 40.87454], [-73.83008, 40.87493], [-73.8301, 40.87502], [-73.83016, 40.87521], [-73.83013, 40.87533], [-73.83068, 40.87542], [-73.83118, 40.87551], [-73.83208, 40.87567], [-73.83224, 40.87567], [-73.83236, 40.87568], [-73.8327, 40.87581], [-73.83298, 40.87592], [-73.83315, 40.87598], [-73.83389, 40.87603], [-73.83396, 40.87526], [-73.83397, 40.87518], [-73.83406, 40.87518], [-73.83407, 40.87487], [-73.83423, 40.87487], [-73.83444, 40.87488], [-73.83488, 40.8755]]]}}, {"type": "Feature", "properties": {"tract_id": "36005006301", "name": "Census Tract 63.01", "pct_white_2020": 15.4, "pct_black_2020": 30.4, "pct_hispanic_2020": 51.1, "pct_asian_2020": 2.3, "population_2020": 5845}, "geometry": {"type": "Polygon", "coordinates": [[[-73.93306, 40.82816], [-73.93305, 40.82799], [-73.93303, 40.82791], [-73.93302, 40.82783], [-73.933, 40.82768], [-73.9329, 40.82656], [-73.93282, 40.82608], [-73.93281, 40.82594], [-73.93279, 40.82583], [-73.93278, 40.82571], [-73.93275, 40.82549], [-73.93275, 40.82544], [-73.93275, 40.82539], [-73.93274, 40.82529], [-73.93273, 40.82518], [-73.93272, 40.82512], [-73.93266, 40.82454], [-73.93264, 40.82436], [-73.93263, 40.82413], [-73.93259, 40.82367], [-73.93257, 40.82349], [-73.93257, 40.82325], [-73.93254, 40.82305], [-73.93252, 40.8228], [-73.93249, 40.82255], [-73.93247, 40.8222], [-73.93242, 40.82156], [-73.93241, 40.82128], [-73.9324, 40.82119], [-73.93233, 40.81965], [-73.93233, 40.81955], [-73.93233, 40.8195], [-73.93233, 40.81949], [-73.93233, 40.81946], [-73.93226, 40.818], [-73.93233, 40.8151], [-73.93233, 40.81492], [-73.93235, 40.81475], [-73.93236, 40.81468], [-73.93236, 40.81459], [-73.93237, 40.8144], [-73.93238, 40.81432], [-73.93239, 40.81425], [-73.93239, 40.81422], [-73.9324, 40.81419], [-73.9324, 40.81415], [-73.93216, 40.81415], [-73.93135, 40.81383], [-73.93127, 40.81371], [-73.93116, 40.81365], [-73.93102, 40.81358], [-73.93057, 40.81337], [-73.93028, 40.81326], [-73.92886, 40.81488], [-73.92822, 40.81653], [-73.92731, 40.81856], [-73.92688, 40.81948], [-73.92664, 40.82], [-73.92635, 40.82055], [-73.9263, 40.82063], [-73.92628, 40.82067], [-73.92626, 40.82069], [-73.92623, 40.82073], [-73.92607, 40.82089], [-73.92592, 40.82103], [-73.92587, 40.82107], [-73.92575, 40.82118], [-73.92547, 40.82147], [-73.92539, 40.82157], [-73.92528, 40.82172], [-73.92515, 40.8219], [-73.92513, 40.82194], [-73.92507, 40.82205], [-73.92486, 40.82244], [-73.92474, 40.82269], [-73.92467, 40.82287], [-73.92457, 40.8231], [-73.92443, 40.82346], [-73.92437, 40.82371], [-73.9243, 40.82391], [-73.92413, 40.82426], [-73.92347, 40.82543], [-73.92306, 40.8261], [-73.92274, 40.82671], [-73.92267, 40.82685], [-73.92405, 40.82724], [-73.92494, 40.82751], [-73.92593, 40.82781], [-73.92602, 40.82765], [-73.92663, 40.82661], [-73.92715, 40.82572], [-73.92975, 40.82658], [-73.93034, 40.82687], [-73.9305, 40.82694], [-73.93059, 40.82697], [-73.93074, 40.82701], [-73.93072, 40.82717], [-73.93073, 40.82734], [-73.93074, 40.82744], [-73.93076, 40.82757], [-73.93087, 40.82811], [-73.93096, 40.82834], [-73.93114, 40.82832], [-73.93128, 40.8283], [-73.93146, 40.8283], [-73.93217, 40.82823], [-73.93255, 40.82823], [-73.93295, 40.82817], [-73.93306, 40.82816]]]}}, {"type": "Feature", "properties": {"tract_id": "36005030202", "name": "Census Tract 302.02", "pct_white_2020": 2.9, "pct_black_2020": 70.9, "pct_hispanic_2020": 24.3, "pct_asian_2020": 0.0, "population_2020": 5417}, "geometry": {"type": "Polygon", "coordinates": [[[-73.82442, 40.86534], [-73.82473, 40.86499], [-73.82424, 40.86476], [-73.82262, 40.86407], [-73.82295, 40.86364], [-73.82297, 40.8636], [-73.8231, 40.86339], [-73.82305, 40.86335], [-73.82273, 40.8631], [-73.8224, 40.86293], [-73.82213, 40.86294], [-73.82181, 40.86303], [-73.82154, 40.86302], [-73.82124, 40.86291], [-73.82104, 40.86276], [-73.82088, 40.86246], [-73.82072, 40.86226], [-73.82045, 40.86196], [-73.81988, 40.86175], [-73.81881, 40.86248], [-73.81756, 40.86359], [-73.81675, 40.86454], [-73.81668, 40.86528], [-73.81634, 40.8661], [-73.82087, 40.86891], [-73.82116, 40.86858], [-73.82146, 40.86841], [-73.82442, 40.86534]]]}}, {"type": "Feature", "properties": {"tract_id": "36005030201", "name": "Census Tract 302.01", "pct_white_2020": 2.8, "pct_black_2020": 53.3, "pct_hispanic_2020": 38.0, "pct_asian_2020": 0.0, "population_2020": 3522}, "geometry": {"type": "Polygon", "coordinates": [[[-73.82826, 40.86085], [-73.82808, 40.86066], [-73.82758, 40.86007], [-73.82737, 40.8595], [-73.82734, 40.85943], [-73.82733, 40.8594], [-73.82733, 40.85938], [-73.82724, 40.85919], [-73.82721, 40.8592], [-73.82703, 40.85926], [-73.827, 40.85927], [-73.82555, 40.85974], [-73.82473, 40.86003], [-73.82047, 40.86136], [-73.81988, 40.86175], [-73.82045, 40.86196], [-73.82072, 40.86226], [-73.82088, 40.86246], [-73.82104, 40.86276], [-73.82124, 40.86291], [-73.82154, 40.86302], [-73.82181, 40.86303], [-73.82213, 40.86294], [-73.8224, 40.86293], [-73.82273, 40.8631], [-73.82305, 40.86335], [-73.8231, 40.86339], [-73.82297, 40.8636], [-73.82295, 40.86364], [-73.82262, 40.86407], [-73.82424, 40.86476], [-73.82473, 40.86499], [-73.82642, 40.86303], [-73.82785, 40.86135], [-73.82804, 40.86114], [-73.82826, 40.86085]]]}}, {"type": "Feature", "properties": {"tract_id": "36005038303", "name": "Census Tract 383.03", "pct_white_2020": 0.0, "pct_black_2020": 44.0, "pct_hispanic_2020": 54.6, "pct_asian_2020": 0.0, "population_2020": 3730}, "geometry": {"type": "Polygon", "coordinates": [[[-73.89863, 40.85391], [-73.89831, 40.85406], [-73.89739, 40.85491], [-73.8971, 40.85517], [-73.89644, 40.85491], [-73.89601, 40.8556], [-73.8958, 40.85591], [-73.89576, 40.85597], [-73.89558, 40.85625], [-73.89526, 40.85674], [-73.89388, 40.85882], [-73.89381, 40.85894], [-73.89469, 40.85943], [-73.89574, 40.85814], [-73.89636, 40.85838], [-73.897, 40.85712], [-73.89731, 40.85651], [-73.89736, 40.85642], [-73.89752, 40.85618], [-73.89808, 40.85529], [-73.89817, 40.85515], [-73.89863, 40.85391]]]}}, {"type": "Feature", "properties": {"tract_id": "36005007700", "name": "Census Tract 77", "pct_white_2020": 2.3, "pct_black_2020": 13.1, "pct_hispanic_2020": 83.1, "pct_asian_2020": 1.3, "population_2020": 2166}, "geometry": {"type": "Polygon", "coordinates": [[[-73.90692, 40.81853], [-73.907, 40.81834], [-73.90624, 40.81816], [-73.90531, 40.81793], [-73.905, 40.81806], [-73.90347, 40.81874], [-73.9031, 40.8189], [-73.9016, 40.8197], [-73.90129, 40.82048], [-73.90267, 40.8208], [-73.90289, 40.82086], [-73.90379, 40.82109], [-73.9049, 40.82137], [-73.90566, 40.82156], [-73.906, 40.82075], [-73.90644, 40.81969], [-73.90685, 40.81869], [-73.90692, 40.81853]]]}}, {"type": "Feature", "properties": {"tract_id": "36005007800", "name": "Census Tract 78", "pct_white_2020": 3.7, "pct_black_2020": 23.1, "pct_hispanic_2020": 51.7, "pct_asian_2020": 7.9, "population_2020": 6241}, "geometry": {"type": "Polygon", "coordinates": [[[-73.85738, 40.83214], [-73.85738, 40.83205], [-73.85732, 40.83182], [-73.85716, 40.8311], [-73.85699, 40.83038], [-73.85682, 40.82967], [-73.85666, 40.82895], [-73.85649, 40.82823], [-73.85633, 40.82751], [-73.85615, 40.82677], [-73.85309, 40.82719], [-73.85003, 40.8276], [-73.847, 40.828], [-73.84618, 40.8282], [-73.84579, 40.82831], [-73.84526, 40.82846], [-73.84504, 40.8288], [-73.84585, 40.82891], [-73.84697, 40.82923], [-73.84726, 40.82931], [-73.84875, 40.82965], [-73.84949, 40.82991], [-73.85063, 40.83023], [-73.85122, 40.83041], [-73.85293, 40.83093], [-73.85474, 40.83148], [-73.85546, 40.83168], [-73.85598, 40.83183], [-73.85628, 40.83184], [-73.85738, 40.83214]]]}}, {"type": "Feature", "properties": {"tract_id": "36005007900", "name": "Census Tract 79", "pct_white_2020": 0.2, "pct_black_2020": 20.8, "pct_hispanic_2020": 77.7, "pct_asian_2020": 0.0, "population_2020": 7086}, "geometry": {"type": "Polygon", "coordinates": [[[-73.90822, 40.8162], [-73.90808, 40.81603], [-73.90715, 40.81584], [-73.90624, 40.81566], [-73.90658, 40.81471], [-73.90697, 40.81365], [-73.90724, 40.81285], [-73.90633, 40.81267], [-73.90541, 40.81248], [-73.90447, 40.81228], [-73.90418, 40.81309], [-73.9038, 40.81413], [-73.90347, 40.81508], [-73.90307, 40.81611], [-73.90301, 40.81632], [-73.90258, 40.81737], [-73.90211, 40.81851], [-73.90193, 40.81892], [-73.90183, 40.81915], [-73.90167, 40.81953], [-73.9016, 40.8197], [-73.9031, 40.8189], [-73.90347, 40.81874], [-73.905, 40.81806], [-73.90531, 40.81793], [-73.9063, 40.81737], [-73.90665, 40.81718], [-73.90759, 40.8166], [-73.90822, 40.8162]]]}}, {"type": "Feature", "properties": {"tract_id": "36005008400", "name": "Census Tract 84", "pct_white_2020": 2.5, "pct_black_2020": 30.8, "pct_hispanic_2020": 57.8, "pct_asian_2020": 8.9, "population_2020": 2811}, "geometry": {"type": "Polygon", "coordinates": [[[-73.85163, 40.81635], [-73.85114, 40.8144], [-73.8509, 40.81434], [-73.85011, 40.81442], [-73.8491, 40.81455], [-73.84811, 40.81469], [-73.84705, 40.81483], [-73.84663, 40.81301], [-73.8461, 40.81308], [-73.84574, 40.8139], [-73.84524, 40.81501], [-73.84507, 40.81542], [-73.84399, 40.81725], [-73.84388, 40.81739], [-73.84449, 40.81732], [-73.8455, 40.81718], [-73.84648, 40.81705], [-73.84754, 40.81691], [-73.84859, 40.81676], [-73.84957, 40.81663], [-73.8506, 40.8165], [-73.85163, 40.81635]]]}}, {"type": "Feature", "properties": {"tract_id": "36005037800", "name": "Census Tract 378", "pct_white_2020": 3.9, "pct_black_2020": 50.7, "pct_hispanic_2020": 45.4, "pct_asian_2020": 0.0, "population_2020": 2882}, "geometry": {"type": "Polygon", "coordinates": [[[-73.86931, 40.87843], [-73.86944, 40.87813], [-73.86849, 40.8779], [-73.86805, 40.8778], [-73.86765, 40.8777], [-73.86737, 40.87763], [-73.86706, 40.87756], [-73.86687, 40.87751], [-73.86627, 40.87733], [-73.86595, 40.87788], [-73.86559, 40.87853], [-73.86524, 40.87915], [-73.86518, 40.87928], [-73.86492, 40.87979], [-73.86447, 40.88054], [-73.86395, 40.88143], [-73.86426, 40.88152], [-73.86535, 40.88178], [-73.8662, 40.88201], [-73.86705, 40.88226], [-73.86812, 40.88006], [-73.86885, 40.87859], [-73.86922, 40.87852], [-73.86931, 40.87843]]]}}, {"type": "Feature", "properties": {"tract_id": "36005037900", "name": "Census Tract 379", "pct_white_2020": 1.0, "pct_black_2020": 47.6, "pct_hispanic_2020": 50.4, "pct_asian_2020": 0.0, "population_2020": 6374}, "geometry": {"type": "Polygon", "coordinates": [[[-73.9021, 40.84832], [-73.90203, 40.84818], [-73.90195, 40.84806], [-73.90166, 40.84775], [-73.90096, 40.8477], [-73.89967, 40.84744], [-73.89888, 40.84881], [-73.89809, 40.85021], [-73.89709, 40.85197], [-73.89662, 40.85279], [-73.89561, 40.85457], [-73.89644, 40.85491], [-73.8971, 40.85517], [-73.89739, 40.85491], [-73.89831, 40.85406], [-73.89863, 40.85391], [-73.89817, 40.85515], [-73.89878, 40.85536], [-73.89932, 40.85407], [-73.9, 40.85252], [-73.90044, 40.85108], [-73.90046, 40.85101], [-73.90069, 40.85025], [-73.90088, 40.84941], [-73.90099, 40.84872], [-73.90095, 40.84842], [-73.90149, 40.84811], [-73.90167, 40.84811], [-73.9018, 40.84815], [-73.90194, 40.8482], [-73.9021, 40.84832]]]}}, {"type": "Feature", "properties": {"tract_id": "36005038000", "name": "Census Tract 380", "pct_white_2020": 3.5, "pct_black_2020": 58.7, "pct_hispanic_2020": 32.6, "pct_asian_2020": 1.1, "population_2020": 4327}, "geometry": {"type": "Polygon", "coordinates": [[[-73.86595, 40.87788], [-73.86627, 40.87733], [-73.86552, 40.87709], [-73.86472, 40.87684], [-73.86462, 40.8768], [-73.86424, 40.87668], [-73.86338, 40.87641], [-73.86213, 40.87601], [-73.86116, 40.8757], [-73.86051, 40.87549], [-73.86008, 40.87628], [-73.85996, 40.87649], [-73.85975, 40.87686], [-73.85928, 40.87773], [-73.85892, 40.87837], [-73.8586, 40.87895], [-73.86148, 40.87982], [-73.86325, 40.88024], [-73.86447, 40.88054], [-73.86492, 40.87979], [-73.86518, 40.87928], [-73.86524, 40.87915], [-73.86559, 40.87853], [-73.86595, 40.87788]]]}}, {"type": "Feature", "properties": {"tract_id": "36005038100", "name": "Census Tract 381", "pct_white_2020": 0.6, "pct_black_2020": 24.2, "pct_hispanic_2020": 73.7, "pct_asian_2020": 0.5, "population_2020": 7644}, "geometry": {"type": "Polygon", "coordinates": [[[-73.90303, 40.8494], [-73.90328, 40.84869], [-73.9024, 40.84851], [-73.90225, 40.84845], [-73.90212, 40.84836], [-73.9021, 40.84832], [-73.90194, 40.8482], [-73.9018, 40.84815], [-73.90167, 40.84811], [-73.90149, 40.84811], [-73.90095, 40.84842], [-73.90099, 40.84872], [-73.90088, 40.84941], [-73.90069, 40.85025], [-73.90046, 40.85101], [-73.90044, 40.85108], [-73.9, 40.85252], [-73.89932, 40.85407], [-73.89878, 40.85536], [-73.89967, 40.85567], [-73.90062, 40.85599], [-73.90078, 40.85605], [-73.90085, 40.85594], [-73.90096, 40.85552], [-73.90125, 40.85448], [-73.9017, 40.85314], [-73.90273, 40.85187], [-73.90279, 40.8518], [-73.90286, 40.85172], [-73.90288, 40.8514], [-73.90282, 40.85073], [-73.9028, 40.85007], [-73.90303, 40.8494]]]}}, {"type": "Feature", "properties": {"tract_id": "36005038500", "name": "Census Tract 385", "pct_white_2020": 0.7, "pct_black_2020": 30.2, "pct_hispanic_2020": 68.5, "pct_asian_2020": 0.2, "population_2020": 5401}, "geometry": {"type": "Polygon", "coordinates": [[[-73.89561, 40.85457], [-73.89542, 40.85458], [-73.89515, 40.85463], [-73.89398, 40.85425], [-73.89421, 40.85386], [-73.89371, 40.85359], [-73.89307, 40.85325], [-73.89217, 40.85277], [-73.89168, 40.85329], [-73.8909, 40.85412], [-73.89039, 40.85469], [-73.89044, 40.85505], [-73.89059, 40.85544], [-73.8908, 40.85579], [-73.89109, 40.8566], [-73.8911, 40.85678], [-73.89111, 40.85743], [-73.89111, 40.85785], [-73.89111, 40.85838], [-73.89112, 40.85866], [-73.89112, 40.85887], [-73.89117, 40.86011], [-73.89044, 40.86112], [-73.8907, 40.86125], [-73.89089, 40.86135], [-73.89105, 40.86115], [-73.89174, 40.86018], [-73.89226, 40.85941], [-73.89299, 40.85839], [-73.89441, 40.85643], [-73.89478, 40.85593], [-73.89561, 40.85457]]]}}, {"type": "Feature", "properties": {"tract_id": "36005038600", "name": "Census Tract 386", "pct_white_2020": 0.4, "pct_black_2020": 71.5, "pct_hispanic_2020": 24.3, "pct_asian_2020": 1.1, "population_2020": 8233}, "geometry": {"type": "Polygon", "coordinates": [[[-73.85211, 40.8773], [-73.85255, 40.87709], [-73.85172, 40.87684], [-73.85093, 40.87583], [-73.85069, 40.87549], [-73.84988, 40.87587], [-73.84903, 40.87617], [-73.84817, 40.87645], [-73.8473, 40.87673], [-73.84637, 40.87703], [-73.84546, 40.87735], [-73.84479, 40.87788], [-73.8441, 40.87844], [-73.84341, 40.87899], [-73.84324, 40.87911], [-73.84477, 40.87976], [-73.84462, 40.87995], [-73.8445, 40.88011], [-73.84426, 40.88042], [-73.84703, 40.88159], [-73.84658, 40.88221], [-73.84607, 40.8829], [-73.84866, 40.88399], [-73.84928, 40.88424], [-73.84973, 40.88355], [-73.8502, 40.88287], [-73.8504, 40.88258], [-73.8505, 40.88242], [-73.85065, 40.88219], [-73.85111, 40.88151], [-73.85157, 40.88082], [-73.85203, 40.88014], [-73.85248, 40.87946], [-73.8522, 40.87936], [-73.85186, 40.87906], [-73.85138, 40.87848], [-73.85092, 40.87789], [-73.85211, 40.8773]]]}}, {"type": "Feature", "properties": {"tract_id": "36005038700", "name": "Census Tract 387", "pct_white_2020": 10.3, "pct_black_2020": 15.8, "pct_hispanic_2020": 68.9, "pct_asian_2020": 2.6, "population_2020": 3707}, "geometry": {"type": "Polygon", "coordinates": [[[-73.89117, 40.86011], [-73.89112, 40.85887], [-73.89112, 40.85866], [-73.89111, 40.85838], [-73.89111, 40.85785], [-73.89111, 40.85743], [-73.8911, 40.85678], [-73.89109, 40.8566], [-73.8908, 40.85579], [-73.89059, 40.85544], [-73.89044, 40.85505], [-73.89039, 40.85469], [-73.89003, 40.85422], [-73.88845, 40.85602], [-73.8877, 40.85688], [-73.88687, 40.85783], [-73.88599, 40.85881], [-73.88679, 40.8592], [-73.88749, 40.85958], [-73.88894, 40.86033], [-73.89044, 40.86112], [-73.89117, 40.86011]]]}}, {"type": "Feature", "properties": {"tract_id": "36005046203", "name": "Census Tract 462.03", "pct_white_2020": 10.5, "pct_black_2020": 56.2, "pct_hispanic_2020": 31.9, "pct_asian_2020": 0.2, "population_2020": 7762}, "geometry": {"type": "Polygon", "coordinates": [[[-73.83245, 40.88022], [-73.83229, 40.88009], [-73.83215, 40.87998], [-73.83195, 40.87982], [-73.83136, 40.87919], [-73.83083, 40.8787], [-73.8304, 40.87846], [-73.83001, 40.87833], [-73.82956, 40.87826], [-73.82911, 40.87826], [-73.82866, 40.87835], [-73.82826, 40.87847], [-73.8282, 40.87832], [-73.82814, 40.87817], [-73.8281, 40.87801], [-73.82807, 40.87783], [-73.82807, 40.87762], [-73.82808, 40.87743], [-73.82811, 40.87726], [-73.82817, 40.87707], [-73.82825, 40.87688], [-73.82834, 40.87672], [-73.82837, 40.87669], [-73.82764, 40.87644], [-73.82749, 40.87639], [-73.82709, 40.87624], [-73.82684, 40.87612], [-73.82658, 40.87606], [-73.82646, 40.87596], [-73.82633, 40.87598], [-73.82615, 40.87612], [-73.82595, 40.87623], [-73.82576, 40.87634], [-73.8256, 40.87635], [-73.82533, 40.87635], [-73.82514, 40.87632], [-73.82496, 40.87624], [-73.82485, 40.87611], [-73.82482, 40.876], [-73.82482, 40.8758], [-73.82484, 40.8757], [-73.8245, 40.87563], [-73.82453, 40.87532], [-73.82452, 40.87492], [-73.82438, 40.8737], [-73.82435, 40.87346], [-73.82434, 40.87319], [-73.82435, 40.87294], [-73.82437, 40.8727], [-73.82442, 40.87245], [-73.82448, 40.87223], [-73.82449, 40.87218], [-73.82458, 40.87196], [-73.82468, 40.87175], [-73.82479, 40.87156], [-73.82494, 40.87134], [-73.8251, 40.87112], [-73.82526, 40.87095], [-73.82544, 40.87077], [-73.82563, 40.87059], [-73.82589, 40.8704], [-73.82596, 40.87029], [-73.82604, 40.87015], [-73.82611, 40.86998], [-73.82615, 40.86984], [-73.82618, 40.86967], [-73.82618, 40.86958], [-73.82608, 40.86957], [-73.82562, 40.86952], [-73.82507, 40.86943], [-73.82362, 40.86914], [-73.82224, 40.86885], [-73.82205, 40.86879], [-73.82185, 40.8687], [-73.82164, 40.86856], [-73.82157, 40.86848], [-73.82146, 40.86841], [-73.82116, 40.86858], [-73.82087, 40.86891], [-73.82101, 40.86896], [-73.82127, 40.86907], [-73.8233, 40.8731], [-73.8211, 40.87896], [-73.81993, 40.88212], [-73.81981, 40.88557], [-73.82032, 40.88544], [-73.82076, 40.8853], [-73.82079, 40.88548], [-73.82091, 40.88571], [-73.82103, 40.88587], [-73.82119, 40.88598], [-73.82146, 40.88612], [-73.82181, 40.88613], [-73.82206, 40.88611], [-73.82259, 40.88594], [-73.82354, 40.88565], [-73.82439, 40.88537], [-73.82526, 40.8851], [-73.82579, 40.88492], [-73.82613, 40.88482], [-73.82661, 40.88465], [-73.82606, 40.88415], [-73.82825, 40.88303], [-73.82905, 40.88262], [-73.82986, 40.88218], [-73.83048, 40.88178], [-73.83144, 40.88111], [-73.83212, 40.88054], [-73.83245, 40.88022]]]}}, {"type": "Feature", "properties": {"tract_id": "36005046209", "name": "Census Tract 462.09", "pct_white_2020": 0.0, "pct_black_2020": 66.4, "pct_hispanic_2020": 32.4, "pct_asian_2020": 0.1, "population_2020": 4966}, "geometry": {"type": "Polygon", "coordinates": [[[-73.83783, 40.88161], [-73.83874, 40.88127], [-73.83776, 40.87951], [-73.83754, 40.87912], [-73.83661, 40.87942], [-73.83574, 40.8797], [-73.83482, 40.87806], [-73.834, 40.87839], [-73.8334, 40.87916], [-73.83245, 40.88022], [-73.83212, 40.88054], [-73.83144, 40.88111], [-73.83048, 40.88178], [-73.82986, 40.88218], [-73.82905, 40.88262], [-73.82825, 40.88303], [-73.82606, 40.88415], [-73.82661, 40.88465], [-73.82613, 40.88482], [-73.82579, 40.88492], [-73.82526, 40.8851], [-73.82439, 40.88537], [-73.82354, 40.88565], [-73.82259, 40.88594], [-73.82206, 40.88611], [-73.82181, 40.88613], [-73.82146, 40.88612], [-73.82119, 40.88598], [-73.82103, 40.88587], [-73.82091, 40.88571], [-73.82079, 40.88548], [-73.82076, 40.8853], [-73.82032, 40.88544], [-73.81981, 40.88557], [-73.81993, 40.88571], [-73.82077, 40.88671], [-73.82354, 40.8875], [-73.82375, 40.88783], [-73.82449, 40.88738], [-73.82519, 40.88698], [-73.82571, 40.88677], [-73.82696, 40.8863], [-73.8279, 40.88595], [-73.82864, 40.88566], [-73.82953, 40.8853], [-73.83034, 40.88497], [-73.83065, 40.88485], [-73.8313, 40.88471], [-73.83234, 40.88455], [-73.83255, 40.88452], [-73.83281, 40.88447], [-73.83301, 40.88442], [-73.83324, 40.88435], [-73.83343, 40.88427], [-73.83362, 40.88419], [-73.83405, 40.88399], [-73.83435, 40.88385], [-73.83454, 40.88371], [-73.83561, 40.88295], [-73.83622, 40.88239], [-73.83664, 40.88212], [-73.83699, 40.88194], [-73.83783, 40.88161]]]}}, {"type": "Feature", "properties": {"tract_id": "36005038900", "name": "Census Tract 389", "pct_white_2020": 12.6, "pct_black_2020": 10.2, "pct_hispanic_2020": 72.4, "pct_asian_2020": 2.6, "population_2020": 5440}, "geometry": {"type": "Polygon", "coordinates": [[[-73.8877, 40.85688], [-73.88845, 40.85602], [-73.88757, 40.85556], [-73.88687, 40.8552], [-73.88619, 40.85487], [-73.88542, 40.8545], [-73.88446, 40.85415], [-73.88363, 40.85391], [-73.88259, 40.85598], [-73.88252, 40.85611], [-73.88191, 40.85731], [-73.88183, 40.85746], [-73.88266, 40.85774], [-73.88352, 40.858], [-73.88441, 40.85812], [-73.88517, 40.85838], [-73.88599, 40.85881], [-73.88687, 40.85783], [-73.8877, 40.85688]]]}}, {"type": "Feature", "properties": {"tract_id": "36005039100", "name": "Census Tract 391", "pct_white_2020": 7.8, "pct_black_2020": 10.6, "pct_hispanic_2020": 77.8, "pct_asian_2020": 2.1, "population_2020": 7187}, "geometry": {"type": "Polygon", "coordinates": [[[-73.89003, 40.85422], [-73.88972, 40.85375], [-73.88962, 40.85359], [-73.88961, 40.85324], [-73.88994, 40.85259], [-73.88988, 40.85207], [-73.88952, 40.8518], [-73.88895, 40.85144], [-73.88878, 40.85134], [-73.88803, 40.851], [-73.88752, 40.85095], [-73.88644, 40.85031], [-73.88577, 40.85084], [-73.88545, 40.85104], [-73.88471, 40.85176], [-73.88363, 40.85391], [-73.88446, 40.85415], [-73.88542, 40.8545], [-73.88619, 40.85487], [-73.88687, 40.8552], [-73.88757, 40.85556], [-73.88845, 40.85602], [-73.89003, 40.85422]]]}}, {"type": "Feature", "properties": {"tract_id": "36005039200", "name": "Census Tract 392", "pct_white_2020": 1.6, "pct_black_2020": 66.7, "pct_hispanic_2020": 28.9, "pct_asian_2020": 1.0, "population_2020": 1758}, "geometry": {"type": "Polygon", "coordinates": [[[-73.86705, 40.88226], [-73.8662, 40.88201], [-73.86535, 40.88178], [-73.86426, 40.88152], [-73.86395, 40.88143], [-73.86359, 40.88217], [-73.86319, 40.88288], [-73.8628, 40.88357], [-73.86242, 40.88428], [-73.86528, 40.88519], [-73.86566, 40.88449], [-73.86598, 40.88439], [-73.86705, 40.88226]]]}}, {"type": "Feature", "properties": {"tract_id": "36005039300", "name": "Census Tract 393", "pct_white_2020": 4.5, "pct_black_2020": 32.3, "pct_hispanic_2020": 60.3, "pct_asian_2020": 0.2, "population_2020": 8678}, "geometry": {"type": "Polygon", "coordinates": [[[-73.88644, 40.85031], [-73.88581, 40.84993], [-73.8848, 40.84931], [-73.88456, 40.84916], [-73.88444, 40.84909], [-73.88378, 40.84868], [-73.88311, 40.84827], [-73.88301, 40.84861], [-73.88288, 40.84907], [-73.88285, 40.84919], [-73.88256, 40.85022], [-73.88232, 40.85106], [-73.882, 40.85219], [-73.88167, 40.85335], [-73.88071, 40.8568], [-73.88075, 40.85694], [-73.88076, 40.85699], [-73.88183, 40.85746], [-73.88191, 40.85731], [-73.88252, 40.85611], [-73.88259, 40.85598], [-73.88363, 40.85391], [-73.88471, 40.85176], [-73.88545, 40.85104], [-73.88577, 40.85084], [-73.88644, 40.85031]]]}}, {"type": "Feature", "properties": {"tract_id": "36005039400", "name": "Census Tract 394", "pct_white_2020": 3.9, "pct_black_2020": 44.3, "pct_hispanic_2020": 51.4, "pct_asian_2020": 0.0, "population_2020": 4613}, "geometry": {"type": "Polygon", "coordinates": [[[-73.86626, 40.88523], [-73.86626, 40.88508], [-73.86625, 40.88493], [-73.86621, 40.88478], [-73.86615, 40.88464], [-73.86607, 40.88451], [-73.86598, 40.88439], [-73.86566, 40.88449], [-73.86528, 40.88519], [-73.86242, 40.88428], [-73.86203, 40.88499], [-73.86164, 40.88569], [-73.86146, 40.88602], [-73.86125, 40.8864], [-73.86086, 40.8871], [-73.86045, 40.8878], [-73.86334, 40.88872], [-73.86373, 40.88802], [-73.8646, 40.8883], [-73.86538, 40.88688], [-73.86622, 40.88544], [-73.86623, 40.88539], [-73.86626, 40.88523]]]}}, {"type": "Feature", "properties": {"tract_id": "36005039700", "name": "Census Tract 397", "pct_white_2020": 51.6, "pct_black_2020": 5.6, "pct_hispanic_2020": 29.2, "pct_asian_2020": 7.9, "population_2020": 3771}, "geometry": {"type": "Polygon", "coordinates": [[[-73.8917, 40.86194], [-73.89182, 40.86182], [-73.89145, 40.86163], [-73.89089, 40.86135], [-73.8907, 40.86125], [-73.89044, 40.86112], [-73.88894, 40.86033], [-73.88749, 40.85958], [-73.88679, 40.8592], [-73.88599, 40.85881], [-73.88517, 40.85838], [-73.88441, 40.85812], [-73.88352, 40.858], [-73.88266, 40.85774], [-73.88183, 40.85746], [-73.88076, 40.85699], [-73.88081, 40.85719], [-73.88088, 40.85751], [-73.88094, 40.85768], [-73.88098, 40.85784], [-73.881, 40.85803], [-73.88101, 40.85824], [-73.88099, 40.85843], [-73.88096, 40.8586], [-73.88095, 40.85865], [-73.88076, 40.85949], [-73.88073, 40.85968], [-73.88051, 40.86035], [-73.88051, 40.86061], [-73.88054, 40.86075], [-73.88066, 40.86101], [-73.88074, 40.86113], [-73.8809, 40.86129], [-73.88112, 40.86147], [-73.88186, 40.86204], [-73.88196, 40.86213], [-73.88235, 40.86245], [-73.88384, 40.86424], [-73.88396, 40.86445], [-73.884, 40.86467], [-73.88399, 40.86482], [-73.88393, 40.86495], [-73.88386, 40.86519], [-73.88362, 40.86545], [-73.88328, 40.86573], [-73.88269, 40.86615], [-73.88308, 40.86659], [-73.88363, 40.86726], [-73.88443, 40.8668], [-73.88514, 40.86638], [-73.88528, 40.8663], [-73.88594, 40.86592], [-73.88683, 40.86539], [-73.88812, 40.86425], [-73.8889, 40.86475], [-73.89016, 40.86348], [-73.89065, 40.86296], [-73.89117, 40.86245], [-73.89169, 40.86195], [-73.8917, 40.86194]]]}}, {"type": "Feature", "properties": {"tract_id": "36005039902", "name": "Census Tract 399.02", "pct_white_2020": 0.7, "pct_black_2020": 12.0, "pct_hispanic_2020": 82.9, "pct_asian_2020": 1.4, "population_2020": 5589}, "geometry": {"type": "Polygon", "coordinates": [[[-73.89685, 40.85999], [-73.89736, 40.85876], [-73.89636, 40.85838], [-73.89574, 40.85814], [-73.89469, 40.85943], [-73.89381, 40.85894], [-73.89322, 40.85987], [-73.89256, 40.86052], [-73.89243, 40.86066], [-73.89145, 40.86163], [-73.89182, 40.86182], [-73.89285, 40.86183], [-73.89356, 40.86193], [-73.89372, 40.86194], [-73.89483, 40.86207], [-73.89588, 40.86226], [-73.89642, 40.861], [-73.89659, 40.8606], [-73.89685, 40.85999]]]}}, {"type": "Feature", "properties": {"tract_id": "36005040100", "name": "Census Tract 401", "pct_white_2020": 5.5, "pct_black_2020": 9.7, "pct_hispanic_2020": 83.9, "pct_asian_2020": 0.4, "population_2020": 4759}, "geometry": {"type": "Polygon", "coordinates": [[[-73.90108, 40.86276], [-73.90028, 40.86247], [-73.89996, 40.86235], [-73.89962, 40.86216], [-73.89839, 40.86234], [-73.89731, 40.8625], [-73.89707, 40.86253], [-73.89578, 40.86423], [-73.89492, 40.86535], [-73.89444, 40.86599], [-73.89438, 40.86607], [-73.89455, 40.86616], [-73.89544, 40.8666], [-73.89565, 40.8667], [-73.89631, 40.86704], [-73.8974, 40.86747], [-73.89798, 40.86673], [-73.89887, 40.86558], [-73.89961, 40.86465], [-73.90028, 40.86379], [-73.90108, 40.86276]]]}}, {"type": "Feature", "properties": {"tract_id": "36005040600", "name": "Census Tract 406", "pct_white_2020": 3.8, "pct_black_2020": 71.5, "pct_hispanic_2020": 16.2, "pct_asian_2020": 0.6, "population_2020": 3770}, "geometry": {"type": "Polygon", "coordinates": [[[-73.86045, 40.8878], [-73.86086, 40.8871], [-73.85799, 40.88619], [-73.8551, 40.88527], [-73.85472, 40.88598], [-73.85432, 40.88668], [-73.85394, 40.88739], [-73.85354, 40.88809], [-73.85315, 40.8888], [-73.85603, 40.88971], [-73.85891, 40.89063], [-73.8593, 40.88992], [-73.85968, 40.88922], [-73.86008, 40.88851], [-73.86045, 40.8878]]]}}, {"type": "Feature", "properties": {"tract_id": "36005043102", "name": "Census Tract 431.02", "pct_white_2020": 7.7, "pct_black_2020": 27.5, "pct_hispanic_2020": 63.7, "pct_asian_2020": 0.9, "population_2020": 4532}, "geometry": {"type": "Polygon", "coordinates": [[[-73.87813, 40.88215], [-73.87849, 40.88108], [-73.87761, 40.88066], [-73.87678, 40.88026], [-73.87596, 40.87986], [-73.87537, 40.87958], [-73.87439, 40.87906], [-73.87348, 40.87885], [-73.87254, 40.87875], [-73.8716, 40.87865], [-73.87094, 40.87851], [-73.87024, 40.88023], [-73.87092, 40.88026], [-73.87192, 40.88024], [-73.87307, 40.88013], [-73.87407, 40.88004], [-73.87495, 40.87995], [-73.87479, 40.88008], [-73.87467, 40.88156], [-73.87534, 40.88167], [-73.87626, 40.88183], [-73.87717, 40.88199], [-73.87813, 40.88215]]]}}, {"type": "Feature", "properties": {"tract_id": "36005033201", "name": "Census Tract 332.01", "pct_white_2020": 21.9, "pct_black_2020": 7.3, "pct_hispanic_2020": 66.3, "pct_asian_2020": 3.2, "population_2020": 5059}, "geometry": {"type": "Polygon", "coordinates": [[[-73.87108, 40.85738], [-73.87108, 40.85736], [-73.87107, 40.85733], [-73.87104, 40.85729], [-73.871, 40.85728], [-73.87095, 40.85727], [-73.8709, 40.85727], [-73.87085, 40.85729], [-73.86955, 40.85773], [-73.86861, 40.85777], [-73.86838, 40.85781], [-73.86759, 40.85783], [-73.86759, 40.85899], [-73.86752, 40.85957], [-73.86749, 40.86135], [-73.8685, 40.86136], [-73.86944, 40.86138], [-73.87058, 40.8614], [-73.87077, 40.85982], [-73.87088, 40.8589], [-73.87098, 40.8582], [-73.87103, 40.85781], [-73.87108, 40.85738]]]}}, {"type": "Feature", "properties": {"tract_id": "36005040303", "name": "Census Tract 403.03", "pct_white_2020": 1.7, "pct_black_2020": 9.5, "pct_hispanic_2020": 83.9, "pct_asian_2020": 2.9, "population_2020": 4291}, "geometry": {"type": "Polygon", "coordinates": [[[-73.89604, 40.86923], [-73.89583, 40.86914], [-73.89496, 40.86875], [-73.89415, 40.86839], [-73.89317, 40.86796], [-73.893, 40.86788], [-73.89242, 40.86862], [-73.89174, 40.86951], [-73.89098, 40.87016], [-73.89113, 40.87025], [-73.89193, 40.87073], [-73.89307, 40.8714], [-73.89391, 40.87097], [-73.89485, 40.87045], [-73.895, 40.87036], [-73.89545, 40.86993], [-73.89604, 40.86923]]]}}, {"type": "Feature", "properties": {"tract_id": "36005021700", "name": "Census Tract 217", "pct_white_2020": 3.5, "pct_black_2020": 38.8, "pct_hispanic_2020": 48.0, "pct_asian_2020": 3.9, "population_2020": 5371}, "geometry": {"type": "Polygon", "coordinates": [[[-73.91742, 40.84634], [-73.91729, 40.84625], [-73.91724, 40.84617], [-73.91719, 40.84608], [-73.91718, 40.84582], [-73.91716, 40.84542], [-73.91731, 40.84519], [-73.9174, 40.84504], [-73.91673, 40.84505], [-73.91633, 40.84505], [-73.91594, 40.84506], [-73.9142, 40.84511], [-73.91408, 40.84528], [-73.91397, 40.84543], [-73.91376, 40.84569], [-73.91372, 40.84575], [-73.91356, 40.84596], [-73.91352, 40.84602], [-73.91339, 40.84619], [-73.91315, 40.84658], [-73.91306, 40.84671], [-73.91236, 40.84768], [-73.91197, 40.84823], [-73.91168, 40.84864], [-73.91112, 40.84942], [-73.9107, 40.85002], [-73.91058, 40.85018], [-73.91002, 40.85096], [-73.90921, 40.8518], [-73.90953, 40.8519], [-73.90986, 40.85196], [-73.91017, 40.85198], [-73.91078, 40.85194], [-73.91102, 40.85191], [-73.91132, 40.8518], [-73.91145, 40.85174], [-73.91154, 40.85169], [-73.91184, 40.85145], [-73.91195, 40.85135], [-73.91211, 40.85109], [-73.91217, 40.85094], [-73.91221, 40.85078], [-73.91229, 40.85061], [-73.91248, 40.85038], [-73.91273, 40.85017], [-73.91288, 40.85012], [-73.91397, 40.84861], [-73.91443, 40.84796], [-73.91489, 40.84731], [-73.91527, 40.84681], [-73.91621, 40.84659], [-73.91647, 40.84653], [-73.91684, 40.84644], [-73.91703, 40.8464], [-73.9172, 40.84637], [-73.91742, 40.84634]]]}}, {"type": "Feature", "properties": {"tract_id": "36005023702", "name": "Census Tract 237.02", "pct_white_2020": 2.2, "pct_black_2020": 38.1, "pct_hispanic_2020": 59.1, "pct_asian_2020": 0.0, "population_2020": 1156}, "geometry": {"type": "Polygon", "coordinates": [[[-73.89883, 40.8593], [-73.89868, 40.85926], [-73.89822, 40.85911], [-73.89736, 40.85876], [-73.89685, 40.85999], [-73.89659, 40.8606], [-73.89642, 40.861], [-73.89588, 40.86226], [-73.8969, 40.8625], [-73.89707, 40.86253], [-73.89773, 40.86135], [-73.89828, 40.86033], [-73.89883, 40.8593]]]}}, {"type": "Feature", "properties": {"tract_id": "36005040302", "name": "Census Tract 403.02", "pct_white_2020": 1.8, "pct_black_2020": 7.8, "pct_hispanic_2020": 87.4, "pct_asian_2020": 2.9, "population_2020": 4921}, "geometry": {"type": "Polygon", "coordinates": [[[-73.8943, 40.86616], [-73.89438, 40.86607], [-73.89422, 40.86599], [-73.89406, 40.86591], [-73.89386, 40.86574], [-73.89377, 40.86551], [-73.89372, 40.86529], [-73.89346, 40.86534], [-73.8933, 40.86529], [-73.89282, 40.86623], [-73.8925, 40.86669], [-73.89181, 40.86742], [-73.89128, 40.86802], [-73.89055, 40.86881], [-73.88989, 40.86952], [-73.89082, 40.87007], [-73.89098, 40.87016], [-73.89174, 40.86951], [-73.89242, 40.86862], [-73.893, 40.86788], [-73.8943, 40.86616]]]}}, {"type": "Feature", "properties": {"tract_id": "36005007600", "name": "Census Tract 76", "pct_white_2020": 1.8, "pct_black_2020": 25.5, "pct_hispanic_2020": 56.9, "pct_asian_2020": 13.0, "population_2020": 5109}, "geometry": {"type": "Polygon", "coordinates": [[[-73.8711, 40.83576], [-73.8709, 40.83465], [-73.87037, 40.8324], [-73.87001, 40.83082], [-73.86908, 40.83109], [-73.86815, 40.83136], [-73.86726, 40.83162], [-73.86636, 40.83187], [-73.86546, 40.83213], [-73.86457, 40.83239], [-73.86366, 40.83265], [-73.86272, 40.83302], [-73.86284, 40.83369], [-73.86386, 40.83395], [-73.86488, 40.83423], [-73.86586, 40.83455], [-73.86681, 40.83484], [-73.8681, 40.83521], [-73.86903, 40.83549], [-73.86999, 40.83565], [-73.8711, 40.83576]]]}}, {"type": "Feature", "properties": {"tract_id": "36005009000", "name": "Census Tract 90", "pct_white_2020": 2.1, "pct_black_2020": 25.6, "pct_hispanic_2020": 68.7, "pct_asian_2020": 3.4, "population_2020": 3692}, "geometry": {"type": "Polygon", "coordinates": [[[-73.84902, 40.82326], [-73.84884, 40.8225], [-73.84869, 40.82186], [-73.84852, 40.82112], [-73.84834, 40.82036], [-73.84805, 40.81909], [-73.84803, 40.81902], [-73.84801, 40.81893], [-73.84754, 40.81691], [-73.84648, 40.81705], [-73.8455, 40.81718], [-73.84449, 40.81732], [-73.84388, 40.81739], [-73.84399, 40.81725], [-73.84507, 40.81542], [-73.84524, 40.81501], [-73.84574, 40.8139], [-73.8461, 40.81308], [-73.84647, 40.81231], [-73.84639, 40.81163], [-73.84313, 40.8116], [-73.84512, 40.8063], [-73.84665, 40.80102], [-73.8454, 40.80102], [-73.84408, 40.80102], [-73.83541, 40.8022], [-73.83171, 40.80289], [-73.83082, 40.80306], [-73.83068, 40.80311], [-73.83183, 40.80494], [-73.83196, 40.80487], [-73.83288, 40.80482], [-73.8345, 40.80502], [-73.83592, 40.80559], [-73.83648, 40.80592], [-73.83798, 40.80623], [-73.83902, 40.80822], [-73.84043, 40.81187], [-73.84007, 40.8136], [-73.83991, 40.81447], [-73.83987, 40.81554], [-73.83986, 40.81598], [-73.83998, 40.81639], [-73.83896, 40.81637], [-73.83733, 40.81635], [-73.83696, 40.81634], [-73.83674, 40.81719], [-73.83671, 40.81755], [-73.83673, 40.81782], [-73.83645, 40.81784], [-73.83603, 40.81786], [-73.83594, 40.81999], [-73.83602, 40.82376], [-73.83621, 40.82497], [-73.83644, 40.82637], [-73.83654, 40.82712], [-73.83669, 40.82789], [-73.83675, 40.8282], [-73.83678, 40.82827], [-73.83681, 40.82839], [-73.83684, 40.82846], [-73.83689, 40.82865], [-73.83694, 40.82882], [-73.83698, 40.82893], [-73.83702, 40.82905], [-73.83717, 40.82902], [-73.83757, 40.82897], [-73.83925, 40.82891], [-73.84034, 40.82887], [-73.8405, 40.82886], [-73.84123, 40.82881], [-73.84145, 40.82879], [-73.84225, 40.82871], [-73.84239, 40.82869], [-73.84281, 40.82864], [-73.84292, 40.82862], [-73.84314, 40.82858], [-73.84392, 40.82845], [-73.84389, 40.82835], [-73.84386, 40.8282], [-73.84384, 40.8281], [-73.84381, 40.82796], [-73.84379, 40.82789], [-73.84376, 40.82778], [-73.84373, 40.82767], [-73.84358, 40.827], [-73.84341, 40.82628], [-73.84325, 40.82555], [-73.84308, 40.82487], [-73.8429, 40.82408], [-73.84595, 40.82367], [-73.84902, 40.82326]]]}}, {"type": "Feature", "properties": {"tract_id": "36005015900", "name": "Census Tract 159", "pct_white_2020": 0.1, "pct_black_2020": 10.3, "pct_hispanic_2020": 86.5, "pct_asian_2020": 3.0, "population_2020": 2218}, "geometry": {"type": "Polygon", "coordinates": [[[-73.89586, 40.82263], [-73.89588, 40.82099], [-73.8949, 40.82099], [-73.89387, 40.82098], [-73.89284, 40.82097], [-73.89162, 40.82099], [-73.89171, 40.82172], [-73.89179, 40.82308], [-73.89191, 40.82441], [-73.89193, 40.82461], [-73.89201, 40.82472], [-73.89211, 40.8246], [-73.8922, 40.82455], [-73.89239, 40.82443], [-73.89295, 40.82414], [-73.8932, 40.82401], [-73.8939, 40.82364], [-73.89434, 40.82342], [-73.89488, 40.82313], [-73.89586, 40.82263]]]}}, {"type": "Feature", "properties": {"tract_id": "36005005001", "name": "Census Tract 50.01", "pct_white_2020": 0.6, "pct_black_2020": 31.7, "pct_hispanic_2020": 64.6, "pct_asian_2020": 2.5, "population_2020": 4565}, "geometry": {"type": "Polygon", "coordinates": [[[-73.88043, 40.82578], [-73.87993, 40.82364], [-73.87899, 40.82371], [-73.87806, 40.82383], [-73.87714, 40.82396], [-73.87621, 40.82408], [-73.87528, 40.82421], [-73.8758, 40.8264], [-73.87673, 40.82628], [-73.87765, 40.82615], [-73.87858, 40.82603], [-73.8795, 40.8259], [-73.88043, 40.82578]]]}}, {"type": "Feature", "properties": {"tract_id": "36005014701", "name": "Census Tract 147.01", "pct_white_2020": 0.9, "pct_black_2020": 52.5, "pct_hispanic_2020": 40.6, "pct_asian_2020": 0.1, "population_2020": 5645}, "geometry": {"type": "Polygon", "coordinates": [[[-73.90815, 40.8349], [-73.90869, 40.83394], [-73.90795, 40.83368], [-73.90735, 40.83348], [-73.90708, 40.83342], [-73.90591, 40.83306], [-73.90503, 40.83274], [-73.90344, 40.83222], [-73.90186, 40.83462], [-73.90352, 40.83501], [-73.90463, 40.83534], [-73.90578, 40.83572], [-73.90601, 40.83581], [-73.9074, 40.83623], [-73.90815, 40.8349]]]}}, {"type": "Feature", "properties": {"tract_id": "36005017901", "name": "Census Tract 179.01", "pct_white_2020": 0.7, "pct_black_2020": 20.3, "pct_hispanic_2020": 75.6, "pct_asian_2020": 3.2, "population_2020": 5096}, "geometry": {"type": "Polygon", "coordinates": [[[-73.91763, 40.83459], [-73.91771, 40.83451], [-73.91757, 40.83446], [-73.91666, 40.83413], [-73.91586, 40.83384], [-73.91497, 40.83359], [-73.91408, 40.83329], [-73.91384, 40.83369], [-73.9129, 40.8353], [-73.91379, 40.8356], [-73.91482, 40.83599], [-73.91573, 40.83634], [-73.91587, 40.83639], [-73.91647, 40.83578], [-73.91763, 40.83459]]]}}, {"type": "Feature", "properties": {"tract_id": "36005022102", "name": "Census Tract 221.02", "pct_white_2020": 2.1, "pct_black_2020": 14.2, "pct_hispanic_2020": 82.2, "pct_asian_2020": 0.6, "population_2020": 6143}, "geometry": {"type": "Polygon", "coordinates": [[[-73.91785, 40.83716], [-73.91841, 40.83644], [-73.91743, 40.83611], [-73.91666, 40.83584], [-73.91647, 40.83578], [-73.91587, 40.83639], [-73.91533, 40.83695], [-73.91478, 40.83752], [-73.91424, 40.83811], [-73.91383, 40.83864], [-73.91375, 40.83874], [-73.91393, 40.83881], [-73.91509, 40.83923], [-73.91594, 40.83955], [-73.91643, 40.83895], [-73.91692, 40.83834], [-73.91738, 40.83775], [-73.91785, 40.83716]]]}}, {"type": "Feature", "properties": {"tract_id": "36005023703", "name": "Census Tract 237.03", "pct_white_2020": 1.3, "pct_black_2020": 14.7, "pct_hispanic_2020": 82.6, "pct_asian_2020": 0.6, "population_2020": 5214}, "geometry": {"type": "Polygon", "coordinates": [[[-73.90116, 40.85935], [-73.90191, 40.85809], [-73.90094, 40.85776], [-73.90014, 40.85749], [-73.89995, 40.85742], [-73.8992, 40.85868], [-73.89883, 40.8593], [-73.89828, 40.86033], [-73.89773, 40.86135], [-73.89707, 40.86253], [-73.89731, 40.8625], [-73.89839, 40.86234], [-73.89962, 40.86216], [-73.90079, 40.85998], [-73.90116, 40.85935]]]}}, {"type": "Feature", "properties": {"tract_id": "36005026702", "name": "Census Tract 267.02", "pct_white_2020": 4.8, "pct_black_2020": 7.2, "pct_hispanic_2020": 88.0, "pct_asian_2020": 0.0, "population_2020": 7869}, "geometry": {"type": "Polygon", "coordinates": [[[-73.90254, 40.87078], [-73.90265, 40.87059], [-73.90152, 40.87039], [-73.90061, 40.87023], [-73.89969, 40.87004], [-73.89892, 40.86966], [-73.89779, 40.87086], [-73.89772, 40.87112], [-73.89771, 40.87134], [-73.8978, 40.87168], [-73.89818, 40.87315], [-73.8983, 40.87348], [-73.89843, 40.87374], [-73.89849, 40.87379], [-73.89858, 40.87388], [-73.89879, 40.87401], [-73.899, 40.8741], [-73.8992, 40.87416], [-73.89943, 40.87416], [-73.89967, 40.87414], [-73.89987, 40.87417], [-73.90001, 40.87421], [-73.90015, 40.87428], [-73.90032, 40.87443], [-73.90045, 40.8747], [-73.90048, 40.87495], [-73.90043, 40.87522], [-73.90034, 40.87549], [-73.9002, 40.87576], [-73.9001, 40.87589], [-73.90005, 40.87618], [-73.90068, 40.87568], [-73.90092, 40.87549], [-73.90117, 40.87518], [-73.90137, 40.87483], [-73.9016, 40.87418], [-73.90175, 40.87368], [-73.90215, 40.8725], [-73.90227, 40.87205], [-73.90231, 40.87185], [-73.90232, 40.87161], [-73.90236, 40.87138], [-73.90242, 40.87111], [-73.90254, 40.87078]]]}}, {"type": "Feature", "properties": {"tract_id": "36005008600", "name": "Census Tract 86", "pct_white_2020": 0.9, "pct_black_2020": 36.2, "pct_hispanic_2020": 55.2, "pct_asian_2020": 0.0, "population_2020": 4304}, "geometry": {"type": "Polygon", "coordinates": [[[-73.85208, 40.82285], [-73.8519, 40.82209], [-73.85175, 40.82144], [-73.85158, 40.82071], [-73.85108, 40.81862], [-73.85092, 40.81788], [-73.85077, 40.81723], [-73.8506, 40.8165], [-73.84957, 40.81663], [-73.84859, 40.81676], [-73.84754, 40.81691], [-73.84801, 40.81893], [-73.84803, 40.81902], [-73.84805, 40.81909], [-73.84834, 40.82036], [-73.84852, 40.82112], [-73.84869, 40.82186], [-73.84884, 40.8225], [-73.84902, 40.82326], [-73.85208, 40.82285]]]}}, {"type": "Feature", "properties": {"tract_id": "36005011000", "name": "Census Tract 110", "pct_white_2020": null, "pct_black_2020": null, "pct_hispanic_2020": null, "pct_asian_2020": null, "population_2020": 0, "dominant_group_2020": null, "diversity_index_2020": null}, "geometry": {"type": "Polygon", "coordinates": [[[-73.84007, 40.8136], [-73.84043, 40.81187], [-73.83902, 40.80822], [-73.83798, 40.80623], [-73.83648, 40.80592], [-73.83592, 40.80559], [-73.8345, 40.80502], [-73.83288, 40.80482], [-73.83196, 40.80487], [-73.83183, 40.80494], [-73.83068, 40.80311], [-73.83055, 40.80315], [-73.83051, 40.80316], [-73.8304, 40.8032], [-73.83023, 40.80327], [-73.82758, 40.80394], [-73.82344, 40.80481], [-73.82634, 40.8112], [-73.82659, 40.81161], [-73.82666, 40.81196], [-73.82726, 40.81293], [-73.8283, 40.81481], [-73.82751, 40.81517], [-73.82665, 40.81547], [-73.8258, 40.81576], [-73.82497, 40.81605], [-73.82408, 40.81635], [-73.82319, 40.81667], [-73.82335, 40.81696], [-73.82371, 40.81765], [-73.82419, 40.81838], [-73.82537, 40.82021], [-73.82672, 40.82182], [-73.82719, 40.8216], [-73.82833, 40.82104], [-73.82946, 40.82238], [-73.82788, 40.82318], [-73.82518, 40.8245], [-73.82479, 40.82469], [-73.82464, 40.82477], [-73.82749, 40.82568], [-73.8291, 40.82615], [-73.82919, 40.82618], [-73.83111, 40.82682], [-73.83128, 40.82673], [-73.8315, 40.82681], [-73.83244, 40.82715], [-73.83534, 40.82819], [-73.836, 40.82831], [-73.83617, 40.82833], [-73.8363, 40.82837], [-73.83644, 40.8284], [-73.83684, 40.82846], [-73.83681, 40.82839], [-73.83678, 40.82827], [-73.83675, 40.8282], [-73.83669, 40.82789], [-73.83654, 40.82712], [-73.83644, 40.82637], [-73.83621, 40.82497], [-73.83602, 40.82376], [-73.83594, 40.81999], [-73.83603, 40.81786], [-73.83645, 40.81784], [-73.83673, 40.81782], [-73.83671, 40.81755], [-73.83674, 40.81719], [-73.83696, 40.81634], [-73.83733, 40.81635], [-73.83896, 40.81637], [-73.83998, 40.81639], [-73.83986, 40.81598], [-73.83987, 40.81554], [-73.83991, 40.81447], [-73.84007, 40.8136]]]}}, {"type": "Feature", "properties": {"tract_id": "36005011502", "name": "Census Tract 115.02", "pct_white_2020": 0.7, "pct_black_2020": 27.6, "pct_hispanic_2020": 69.9, "pct_asian_2020": 0.3, "population_2020": 4242}, "geometry": {"type": "Polygon", "coordinates": [[[-73.89082, 40.82031], [-73.89074, 40.82024], [-73.89068, 40.82019], [-73.89056, 40.82008], [-73.89052, 40.82006], [-73.89046, 40.82001], [-73.89043, 40.81999], [-73.89009, 40.81971], [-73.88971, 40.81943], [-73.88917, 40.81862], [-73.88866, 40.81775], [-73.888, 40.81666], [-73.88708, 40.81679], [-73.88616, 40.81693], [-73.88524, 40.81707], [-73.88432, 40.81721], [-73.88338, 40.81735], [-73.88298, 40.81734], [-73.88235, 40.81742], [-73.88141, 40.81799], [-73.88098, 40.81824], [-73.88245, 40.81927], [-73.88264, 40.81965], [-73.88379, 40.82193], [-73.88433, 40.82261], [-73.88436, 40.82274], [-73.8844, 40.8229], [-73.88441, 40.82297], [-73.88506, 40.82292], [-73.88558, 40.82286], [-73.88652, 40.82274], [-73.88699, 40.82265], [-73.8872, 40.8226], [-73.88741, 40.82254], [-73.88797, 40.82226], [-73.88843, 40.82193], [-73.88879, 40.8217], [-73.88894, 40.82165], [-73.889, 40.82162], [-73.88909, 40.82158], [-73.8893, 40.82143], [-73.88965, 40.8212], [-73.89004, 40.82095], [-73.89014, 40.82088], [-73.89029, 40.82076], [-73.89045, 40.82064], [-73.89082, 40.82031]]]}}, {"type": "Feature", "properties": {"tract_id": "36005008700", "name": "Census Tract 87", "pct_white_2020": 1.0, "pct_black_2020": 19.7, "pct_hispanic_2020": 79.2, "pct_asian_2020": 0.0, "population_2020": 6677}, "geometry": {"type": "Polygon", "coordinates": [[[-73.9016, 40.8197], [-73.90167, 40.81953], [-73.90002, 40.8186], [-73.89982, 40.81847], [-73.89929, 40.81815], [-73.89852, 40.81769], [-73.89779, 40.81725], [-73.89704, 40.8168], [-73.89568, 40.81813], [-73.89493, 40.81885], [-73.89389, 40.81986], [-73.89284, 40.82097], [-73.89387, 40.82098], [-73.8949, 40.82099], [-73.89588, 40.82099], [-73.89586, 40.82263], [-73.89688, 40.82212], [-73.89786, 40.8216], [-73.89898, 40.82104], [-73.89986, 40.82056], [-73.90065, 40.82016], [-73.90085, 40.82006], [-73.9016, 40.8197]]]}}, {"type": "Feature", "properties": {"tract_id": "36005019700", "name": "Census Tract 197", "pct_white_2020": 0.9, "pct_black_2020": 16.5, "pct_hispanic_2020": 78.7, "pct_asian_2020": 3.3, "population_2020": 7830}, "geometry": {"type": "Polygon", "coordinates": [[[-73.92237, 40.83611], [-73.92318, 40.83452], [-73.92222, 40.83416], [-73.92122, 40.83383], [-73.92037, 40.83354], [-73.91923, 40.83316], [-73.91903, 40.83309], [-73.91839, 40.83381], [-73.91778, 40.83444], [-73.91771, 40.83451], [-73.91763, 40.83459], [-73.91647, 40.83578], [-73.91666, 40.83584], [-73.91743, 40.83611], [-73.91841, 40.83644], [-73.91948, 40.8368], [-73.92048, 40.83714], [-73.92013, 40.83759], [-73.92037, 40.83743], [-73.92214, 40.83626], [-73.92237, 40.83611]]]}}, {"type": "Feature", "properties": {"tract_id": "36005019900", "name": "Census Tract 199", "pct_white_2020": 1.5, "pct_black_2020": 34.1, "pct_hispanic_2020": 61.0, "pct_asian_2020": 0.0, "population_2020": 7496}, "geometry": {"type": "Polygon", "coordinates": [[[-73.92926, 40.83609], [-73.92868, 40.83589], [-73.92786, 40.83562], [-73.92699, 40.83533], [-73.92614, 40.83505], [-73.92527, 40.83477], [-73.92439, 40.83448], [-73.92397, 40.83508], [-73.92237, 40.83611], [-73.92233, 40.83661], [-73.92229, 40.83771], [-73.92228, 40.83784], [-73.92222, 40.83799], [-73.92323, 40.83816], [-73.92371, 40.8382], [-73.92492, 40.83835], [-73.92619, 40.83851], [-73.92709, 40.83862], [-73.92814, 40.83877], [-73.92762, 40.83772], [-73.92808, 40.83726], [-73.92819, 40.83716], [-73.92926, 40.83609]]]}}, {"type": "Feature", "properties": {"tract_id": "36005020100", "name": "Census Tract 201", "pct_white_2020": 2.1, "pct_black_2020": 30.8, "pct_hispanic_2020": 66.3, "pct_asian_2020": 0.5, "population_2020": 3868}, "geometry": {"type": "Polygon", "coordinates": [[[-73.93037, 40.84065], [-73.93041, 40.84028], [-73.93011, 40.84015], [-73.92934, 40.83994], [-73.92912, 40.83989], [-73.92866, 40.8398], [-73.92814, 40.83877], [-73.92709, 40.83862], [-73.92619, 40.83851], [-73.92578, 40.83923], [-73.92527, 40.84018], [-73.92509, 40.84109], [-73.92501, 40.84124], [-73.92485, 40.8415], [-73.92414, 40.84247], [-73.92382, 40.84289], [-73.9236, 40.84422], [-73.9236, 40.84424], [-73.92354, 40.84446], [-73.92378, 40.84465], [-73.92397, 40.84479], [-73.92473, 40.84481], [-73.92517, 40.84488], [-73.92529, 40.84491], [-73.92592, 40.84502], [-73.92654, 40.84513], [-73.92674, 40.84517], [-73.92691, 40.84521], [-73.92703, 40.84524], [-73.92737, 40.8453], [-73.92752, 40.84534], [-73.9279, 40.84543], [-73.92816, 40.84549], [-73.92824, 40.84535], [-73.92825, 40.84534], [-73.92901, 40.84408], [-73.9295, 40.84238], [-73.9296, 40.84229], [-73.92961, 40.84228], [-73.92963, 40.84226], [-73.92969, 40.84219], [-73.92958, 40.84205], [-73.92973, 40.84185], [-73.93004, 40.84125], [-73.93037, 40.84065]]]}}, {"type": "Feature", "properties": {"tract_id": "36005021200", "name": "Census Tract 212", "pct_white_2020": 0.8, "pct_black_2020": 31.6, "pct_hispanic_2020": 32.1, "pct_asian_2020": 33.3, "population_2020": 4975}, "geometry": {"type": "Polygon", "coordinates": [[[-73.86111, 40.83552], [-73.86101, 40.8346], [-73.85977, 40.83477], [-73.85813, 40.835], [-73.85753, 40.83518], [-73.85565, 40.83572], [-73.85586, 40.8359], [-73.85655, 40.83629], [-73.85711, 40.83667], [-73.85768, 40.83702], [-73.85865, 40.83759], [-73.85887, 40.83773], [-73.85941, 40.83777], [-73.85974, 40.83777], [-73.85997, 40.83778], [-73.86007, 40.83774], [-73.8602, 40.83768], [-73.86032, 40.8376], [-73.86044, 40.83752], [-73.86052, 40.83742], [-73.86094, 40.83647], [-73.86111, 40.83552]]]}}, {"type": "Feature", "properties": {"tract_id": "36005021301", "name": "Census Tract 213.01", "pct_white_2020": 0.8, "pct_black_2020": 27.1, "pct_hispanic_2020": 72.1, "pct_asian_2020": 0.0, "population_2020": 1323}, "geometry": {"type": "Polygon", "coordinates": [[[-73.92259, 40.84486], [-73.92263, 40.84473], [-73.9215, 40.84482], [-73.92048, 40.84487], [-73.9189, 40.84494], [-73.91848, 40.84497], [-73.9174, 40.84504], [-73.91731, 40.84519], [-73.91716, 40.84542], [-73.91718, 40.84582], [-73.91719, 40.84608], [-73.91724, 40.84617], [-73.91729, 40.84625], [-73.91742, 40.84634], [-73.91818, 40.84624], [-73.91877, 40.84615], [-73.91891, 40.84614], [-73.91918, 40.8461], [-73.91971, 40.84611], [-73.9206, 40.84629], [-73.92104, 40.84652], [-73.92181, 40.84597], [-73.92231, 40.84549], [-73.92245, 40.84522], [-73.92252, 40.84511], [-73.92255, 40.84502], [-73.92259, 40.84486]]]}}, {"type": "Feature", "properties": {"tract_id": "36005021302", "name": "Census Tract 213.02", "pct_white_2020": 0.1, "pct_black_2020": 40.1, "pct_hispanic_2020": 57.2, "pct_asian_2020": 0.4, "population_2020": 5947}, "geometry": {"type": "Polygon", "coordinates": [[[-73.9229, 40.84401], [-73.92292, 40.84333], [-73.9228, 40.84278], [-73.92242, 40.84184], [-73.92194, 40.84105], [-73.9215, 40.84035], [-73.92136, 40.84019], [-73.91978, 40.84088], [-73.91796, 40.8431], [-73.91775, 40.84337], [-73.91756, 40.84359], [-73.91746, 40.84379], [-73.91743, 40.84396], [-73.91745, 40.84418], [-73.91749, 40.84434], [-73.91751, 40.84454], [-73.91751, 40.84473], [-73.91746, 40.84493], [-73.9174, 40.84504], [-73.91848, 40.84497], [-73.9189, 40.84494], [-73.92048, 40.84487], [-73.9215, 40.84482], [-73.92263, 40.84473], [-73.92269, 40.84457], [-73.92282, 40.84426], [-73.9229, 40.84401]]]}}]}