{"type": "FeatureCollection", "features": [{"type": "Feature", "properties": {"tract_id": "12131950502", "name": "Census Tract 9505.02", "income_2020": 81468, "poverty_rate_2020": 9.7, "population_2020": 8273}, "geometry": {"type": "Polygon", "coordinates": [[[-86.39537, 30.4337], [-86.39538, 30.43334], [-86.37504, 30.43299], [-86.36218, 30.43286], [-86.32814, 30.44309], [-86.31819, 30.44608], [-86.29406, 30.44571], [-86.28333, 30.44555], [-86.24994, 30.44503], [-86.24994, 30.4442], [-86.23397, 30.44339], [-86.23383, 30.44328], [-86.20721, 30.4217], [-86.20721, 30.42157], [-86.20661, 30.42122], [-86.19236, 30.41291], [-86.18621, 30.40933], [-86.17891, 30.40506], [-86.17643, 30.40361], [-86.16858, 30.40062], [-86.16822, 30.4014], [-86.16779, 30.40231], [-86.16665, 30.40475], [-86.16629, 30.40554], [-86.16328, 30.41196], [-86.15331, 30.433], [-86.15278, 30.43418], [-86.15253, 30.43467], [-86.1522, 30.43522], [-86.152, 30.43555], [-86.15192, 30.43569], [-86.15142, 30.4364], [-86.15102, 30.43692], [-86.15056, 30.43746], [-86.15024, 30.43782], [-86.15017, 30.4379], [-86.14982, 30.43824], [-86.14923, 30.43882], [-86.14869, 30.43928], [-86.14842, 30.43949], [-86.14774, 30.44001], [-86.14702, 30.4405], [-86.14634, 30.44093], [-86.14558, 30.44137], [-86.14474, 30.44178], [-86.14277, 30.44266], [-86.1413, 30.44331], [-86.1387, 30.44442], [-86.1379, 30.44478], [-86.13672, 30.44534], [-86.13606, 30.44563], [-86.13571, 30.44581], [-86.13527, 30.44605], [-86.13466, 30.44646], [-86.13431, 30.44673], [-86.13409, 30.44692], [-86.13374, 30.44722], [-86.13321, 30.44782], [-86.13279, 30.44836], [-86.13267, 30.44853], [-86.13231, 30.44914], [-86.13194, 30.44993], [-86.13184, 30.45023], [-86.13171, 30.45066], [-86.13158, 30.4513], [-86.13152, 30.45191], [-86.13148, 30.45304], [-86.13146, 30.45374], [-86.1314, 30.4556], [-86.13137, 30.45657], [-86.13129, 30.45959], [-86.13125, 30.46074], [-86.13122, 30.46181], [-86.13113, 30.46422], [-86.13113, 30.46431], [-86.13111, 30.46465], [-86.1311, 30.46475], [-86.13108, 30.46496], [-86.13105, 30.46521], [-86.13097, 30.46572], [-86.13087, 30.46631], [-86.13076, 30.46679], [-86.13073, 30.46691], [-86.13069, 30.46705], [-86.13062, 30.46732], [-86.1305, 30.46771], [-86.13021, 30.46856], [-86.12992, 30.46936], [-86.12975, 30.46979], [-86.12958, 30.47022], [-86.12908, 30.47158], [-86.1288, 30.47229], [-86.12853, 30.47303], [-86.1284, 30.47333], [-86.12834, 30.4735], [-86.12804, 30.47433], [-86.1274, 30.47601], [-86.12726, 30.47637], [-86.12704, 30.47693], [-86.12608, 30.47921], [-86.12601, 30.47938], [-86.12576, 30.47993], [-86.12558, 30.48033], [-86.12555, 30.4804], [-86.12548, 30.48052], [-86.12541, 30.48067], [-86.12537, 30.48073], [-86.12526, 30.48092], [-86.12525, 30.48094], [-86.12518, 30.48111], [-86.12511, 30.48128], [-86.12431, 30.48344], [-86.12394, 30.48439], [-86.12366, 30.48513], [-86.12336, 30.48591], [-86.12324, 30.48623], [-86.12319, 30.48635], [-86.12314, 30.4865], [-86.12308, 30.48665], [-86.12249, 30.48825], [-86.12202, 30.48948], [-86.1218, 30.49007], [-86.12163, 30.49053], [-86.12135, 30.49116], [-86.12434, 30.49255], [-86.12543, 30.49307], [-86.12882, 30.49464], [-86.1309, 30.49559], [-86.13388, 30.49696], [-86.13485, 30.49739], [-86.13544, 30.49766], [-86.13594, 30.49789], [-86.13625, 30.49807], [-86.13855, 30.49915], [-86.14017, 30.4999], [-86.14076, 30.50016], [-86.14118, 30.50032], [-86.14138, 30.50039], [-86.14354, 30.50109], [-86.14371, 30.50115], [-86.14636, 30.502], [-86.14962, 30.50305], [-86.15093, 30.50348], [-86.15116, 30.50356], [-86.15174, 30.50374], [-86.15231, 30.50393], [-86.15254, 30.504], [-86.15309, 30.50418], [-86.15374, 30.50439], [-86.15404, 30.50448], [-86.158, 30.50577], [-86.15889, 30.50606], [-86.15933, 30.5062], [-86.16079, 30.50668], [-86.16132, 30.50685], [-86.16133, 30.50686], [-86.16175, 30.50699], [-86.16206, 30.50709], [-86.16227, 30.50716], [-86.16243, 30.50721], [-86.16282, 30.50734], [-86.16632, 30.50847], [-86.16636, 30.50848], [-86.16687, 30.50865], [-86.16746, 30.50884], [-86.16899, 30.50934], [-86.17052, 30.50983], [-86.17196, 30.51029], [-86.17609, 30.51162], [-86.17678, 30.51184], [-86.17707, 30.51193], [-86.17773, 30.51211], [-86.17841, 30.51225], [-86.17888, 30.51233], [-86.17907, 30.51235], [-86.17973, 30.51244], [-86.18067, 30.51248], [-86.18087, 30.51249], [-86.18214, 30.51246], [-86.18343, 30.51237], [-86.18636, 30.5122], [-86.18687, 30.51217], [-86.18837, 30.51208], [-86.18917, 30.51204], [-86.19036, 30.51198], [-86.19157, 30.5119], [-86.19349, 30.51178], [-86.19427, 30.51169], [-86.19443, 30.51167], [-86.19471, 30.51163], [-86.19508, 30.51156], [-86.19558, 30.51145], [-86.1959, 30.51137], [-86.19616, 30.5113], [-86.19665, 30.51116], [-86.19757, 30.5108], [-86.19801, 30.51062], [-86.19831, 30.51049], [-86.19922, 30.50997], [-86.19949, 30.50981], [-86.19991, 30.50954], [-86.20027, 30.50928], [-86.2007, 30.50894], [-86.20124, 30.50848], [-86.20231, 30.50752], [-86.20333, 30.50659], [-86.20415, 30.50585], [-86.20448, 30.50555], [-86.20592, 30.50423], [-86.20667, 30.50355], [-86.20857, 30.50184], [-86.20891, 30.50153], [-86.20961, 30.5009], [-86.21051, 30.50011], [-86.21215, 30.4988], [-86.21312, 30.49809], [-86.21435, 30.49728], [-86.21518, 30.49675], [-86.21586, 30.49635], [-86.21669, 30.49588], [-86.21793, 30.49524], [-86.2217, 30.49334], [-86.22555, 30.49138], [-86.22904, 30.48961], [-86.23258, 30.48783], [-86.23311, 30.48757], [-86.2362, 30.486], [-86.2366, 30.48581], [-86.23694, 30.48567], [-86.23735, 30.48551], [-86.23792, 30.48531], [-86.23851, 30.48514], [-86.23913, 30.48499], [-86.23957, 30.48489], [-86.24004, 30.48481], [-86.24056, 30.48473], [-86.24102, 30.48468], [-86.2415, 30.48464], [-86.24208, 30.48462], [-86.2426, 30.4846], [-86.24332, 30.48463], [-86.24363, 30.48466], [-86.24381, 30.48467], [-86.24446, 30.48475], [-86.2449, 30.48482], [-86.24536, 30.48491], [-86.24589, 30.48502], [-86.24629, 30.48512], [-86.24692, 30.48531], [-86.24702, 30.48534], [-86.24734, 30.48544], [-86.24754, 30.48552], [-86.24781, 30.48563], [-86.24864, 30.48597], [-86.24908, 30.48615], [-86.2493, 30.48624], [-86.24997, 30.48651], [-86.25028, 30.48663], [-86.25047, 30.48671], [-86.25088, 30.48689], [-86.25117, 30.48701], [-86.25148, 30.48714], [-86.25161, 30.4872], [-86.25235, 30.48749], [-86.25271, 30.48762], [-86.25279, 30.48764], [-86.25307, 30.48773], [-86.2532, 30.48777], [-86.25362, 30.48789], [-86.25364, 30.48789], [-86.25424, 30.48805], [-86.25511, 30.48823], [-86.25552, 30.48829], [-86.25589, 30.48835], [-86.25632, 30.4884], [-86.2568, 30.48844], [-86.25722, 30.48847], [-86.25809, 30.4885], [-86.25858, 30.48849], [-86.25907, 30.48847], [-86.25953, 30.48845], [-86.26006, 30.48839], [-86.26038, 30.48836], [-86.26075, 30.48831], [-86.2613, 30.48822], [-86.26346, 30.48776], [-86.26864, 30.48664], [-86.2764, 30.48498], [-86.2769, 30.48488], [-86.27916, 30.4844], [-86.27947, 30.48433], [-86.28019, 30.48417], [-86.28085, 30.48403], [-86.28114, 30.48396], [-86.28343, 30.48347], [-86.28536, 30.48306], [-86.28806, 30.48247], [-86.28859, 30.48236], [-86.2888, 30.48231], [-86.2901, 30.48203], [-86.2905, 30.48195], [-86.29291, 30.48141], [-86.29363, 30.48126], [-86.29505, 30.48095], [-86.30473, 30.47887], [-86.30692, 30.47843], [-86.30782, 30.47829], [-86.30882, 30.47817], [-86.3093, 30.47813], [-86.30978, 30.47811], [-86.31049, 30.47809], [-86.31114, 30.4781], [-86.3118, 30.47812], [-86.31247, 30.47816], [-86.31323, 30.47824], [-86.31375, 30.47831], [-86.31479, 30.47849], [-86.3157, 30.47869], [-86.31731, 30.47915], [-86.31793, 30.47931], [-86.31858, 30.47946], [-86.31892, 30.47954], [-86.31929, 30.47959], [-86.31984, 30.47967], [-86.32029, 30.47972], [-86.32077, 30.47976], [-86.32131, 30.47979], [-86.32191, 30.4798], [-86.32242, 30.47979], [-86.32294, 30.47977], [-86.32332, 30.47974], [-86.32371, 30.4797], [-86.32419, 30.47964], [-86.32462, 30.47957], [-86.32509, 30.47948], [-86.32555, 30.47939], [-86.32621, 30.47922], [-86.32689, 30.47902], [-86.32693, 30.47901], [-86.32749, 30.47881], [-86.3281, 30.47858], [-86.32838, 30.47846], [-86.32863, 30.47834], [-86.32888, 30.47823], [-86.32918, 30.47808], [-86.32978, 30.47777], [-86.33295, 30.47603], [-86.33301, 30.476], [-86.33345, 30.47577], [-86.33465, 30.47512], [-86.33565, 30.47456], [-86.33598, 30.47437], [-86.33634, 30.47416], [-86.337, 30.47375], [-86.33771, 30.47331], [-86.33819, 30.47302], [-86.3393, 30.47232], [-86.33977, 30.47206], [-86.34023, 30.47181], [-86.34074, 30.47154], [-86.34189, 30.4709], [-86.34293, 30.47035], [-86.34384, 30.46986], [-86.34543, 30.46909], [-86.34585, 30.4689], [-86.34718, 30.46834], [-86.34817, 30.46797], [-86.34931, 30.46755], [-86.35036, 30.46721], [-86.35124, 30.46693], [-86.35149, 30.46687], [-86.35187, 30.46676], [-86.35234, 30.46665], [-86.35358, 30.46638], [-86.35411, 30.46625], [-86.35494, 30.46608], [-86.35548, 30.46597], [-86.35761, 30.46571], [-86.35841, 30.46562], [-86.35907, 30.46557], [-86.36043, 30.46549], [-86.36071, 30.46547], [-86.36322, 30.46531], [-86.36395, 30.46528], [-86.36599, 30.46515], [-86.36705, 30.46506], [-86.36845, 30.46494], [-86.36915, 30.4649], [-86.3691, 30.46442], [-86.36917, 30.46441], [-86.37288, 30.46372], [-86.37493, 30.46315], [-86.37495, 30.46362], [-86.37618, 30.46325], [-86.37794, 30.46231], [-86.37819, 30.46223], [-86.37821, 30.46225], [-86.37823, 30.46225], [-86.37844, 30.46216], [-86.37862, 30.46203], [-86.37877, 30.46199], [-86.37882, 30.46198], [-86.37982, 30.46172], [-86.38227, 30.46071], [-86.38598, 30.4607], [-86.38594, 30.46201], [-86.38592, 30.46222], [-86.38601, 30.46398], [-86.38965, 30.46399], [-86.39, 30.46399], [-86.39185, 30.46402], [-86.39384, 30.46407], [-86.39424, 30.46408], [-86.39424, 30.46402], [-86.39429, 30.46197], [-86.39433, 30.46041], [-86.39435, 30.45985], [-86.39436, 30.45913], [-86.39438, 30.45793], [-86.3944, 30.45728], [-86.3944, 30.45715], [-86.39441, 30.45699], [-86.39444, 30.45688], [-86.39446, 30.45683], [-86.3944, 30.4568], [-86.39438, 30.45679], [-86.39437, 30.45675], [-86.39436, 30.45671], [-86.39437, 30.45643], [-86.39437, 30.45628], [-86.39437, 30.4562], [-86.39438, 30.45563], [-86.39438, 30.45557], [-86.39438, 30.45551], [-86.39445, 30.45488], [-86.39458, 30.45438], [-86.39464, 30.45405], [-86.39465, 30.45386], [-86.39465, 30.45368], [-86.39475, 30.45086], [-86.39478, 30.45007], [-86.39491, 30.44669], [-86.39517, 30.43933], [-86.39527, 30.43652], [-86.39537, 30.4337]]]}}, {"type": "Feature", "properties": {"tract_id": "12131990000", "name": "Census Tract 9900", "income_2020": null, "poverty_rate_2020": null, "population_2020": 0}, "geometry": {"type": "Polygon", "coordinates": [[[-86.39829, 30.30439], [-86.39964, 30.22696], [-86.39285, 30.226], [-86.39058, 30.22575], [-86.38852, 30.22554], [-86.3877, 30.22547], [-86.38501, 30.22522], [-86.38264, 30.22479], [-86.37965, 30.22428], [-86.37593, 30.2237], [-86.37392, 30.22341], [-86.37261, 30.22314], [-86.36892, 30.22244], [-86.36605, 30.22194], [-86.36255, 30.22139], [-86.35862, 30.22085], [-86.35563, 30.22032], [-86.35259, 30.21975], [-86.35055, 30.21938], [-86.3483, 30.219], [-86.34466, 30.21841], [-86.32823, 30.2147], [-86.32581, 30.21406], [-86.31888, 30.21224], [-86.31668, 30.21168], [-86.31345, 30.21091], [-86.31062, 30.21027], [-86.30839, 30.20981], [-86.30638, 30.2094], [-86.29911, 30.20726], [-86.29474, 30.20597], [-86.29317, 30.20551], [-86.29119, 30.20496], [-86.28232, 30.20252], [-86.28108, 30.20209], [-86.27786, 30.20102], [-86.27536, 30.20024], [-86.26989, 30.19864], [-86.25801, 30.19534], [-86.23241, 30.18812], [-86.2257, 30.18594], [-86.22381, 30.18533], [-86.22286, 30.18502], [-86.22095, 30.18442], [-86.21806, 30.18356], [-86.20549, 30.17992], [-86.1933, 30.1764], [-86.19048, 30.17556], [-86.1875, 30.17445], [-86.18501, 30.17356], [-86.18038, 30.17199], [-86.1738, 30.16997], [-86.1587, 30.16564], [-86.1498, 30.16291], [-86.13589, 30.15777], [-86.13445, 30.15724], [-86.13073, 30.15591], [-86.12568, 30.15409], [-86.10746, 30.14754], [-86.0864, 30.1398], [-86.08243, 30.13834], [-86.07572, 30.13581], [-86.07407, 30.13519], [-86.06666, 30.13212], [-86.06092, 30.12969], [-86.0598, 30.12922], [-86.05756, 30.12831], [-86.0524, 30.12627], [-86.04695, 30.12396], [-86.04576, 30.12346], [-86.03131, 30.11751], [-86.0258, 30.11511], [-86.02138, 30.11317], [-86.01777, 30.11154], [-86.0096, 30.10785], [-86.00793, 30.10711], [-86.0055, 30.10606], [-86.00304, 30.10478], [-86.00077, 30.1036], [-85.99994, 30.13963], [-85.99776, 30.21201], [-85.99629, 30.26087], [-85.99616, 30.26467], [-86.02195, 30.27502], [-86.07992, 30.29617], [-86.09797, 30.30189], [-86.12116, 30.30922], [-86.12466, 30.31029], [-86.17974, 30.32705], [-86.20137, 30.33316], [-86.22857, 30.34086], [-86.29698, 30.35853], [-86.299, 30.35889], [-86.32503, 30.36375], [-86.34911, 30.36823], [-86.37495, 30.37216], [-86.38133, 30.37296], [-86.39507, 30.37469], [-86.39742, 30.37499], [-86.39746, 30.37212], [-86.3975, 30.36934], [-86.3978, 30.34969], [-86.39816, 30.32543], [-86.39829, 30.30439]]]}}, {"type": "Feature", "properties": {"tract_id": "12131950303", "name": "Census Tract 9503.03", "income_2020": 51981, "poverty_rate_2020": 17.5, "population_2020": 2559}, "geometry": {"type": "Polygon", "coordinates": [[[-86.20902, 30.77541], [-86.20902, 30.77521], [-86.20898, 30.77497], [-86.20897, 30.77493], [-86.20888, 30.77471], [-86.20867, 30.77443], [-86.20844, 30.77423], [-86.20806, 30.77402], [-86.20758, 30.77383], [-86.20517, 30.77302], [-86.20464, 30.77282], [-86.20433, 30.77266], [-86.20403, 30.77245], [-86.20361, 30.77211], [-86.20236, 30.77106], [-86.20214, 30.77085], [-86.20199, 30.77069], [-86.20186, 30.77045], [-86.2018, 30.77023], [-86.20181, 30.76995], [-86.20179, 30.76941], [-86.20181, 30.76837], [-86.2018, 30.76557], [-86.20175, 30.76395], [-86.20171, 30.76368], [-86.20163, 30.76335], [-86.2016, 30.76315], [-86.20105, 30.76141], [-86.20096, 30.76111], [-86.20087, 30.7606], [-86.20087, 30.76036], [-86.20088, 30.75941], [-86.20089, 30.75925], [-86.2009, 30.75874], [-86.2009, 30.75865], [-86.2009, 30.75857], [-86.20092, 30.75721], [-86.20092, 30.75702], [-86.20092, 30.75661], [-86.20092, 30.7525], [-86.20093, 30.75161], [-86.20094, 30.75138], [-86.20095, 30.75128], [-86.20096, 30.75118], [-86.20101, 30.75099], [-86.2011, 30.75075], [-86.20127, 30.7505], [-86.20166, 30.75014], [-86.20219, 30.74966], [-86.20342, 30.74855], [-86.20626, 30.74591], [-86.20643, 30.74571], [-86.20673, 30.74518], [-86.20696, 30.74459], [-86.20095, 30.7435], [-86.19321, 30.74209], [-86.19084, 30.74165], [-86.18806, 30.74115], [-86.18582, 30.74074], [-86.18256, 30.74015], [-86.18033, 30.73974], [-86.17871, 30.73945], [-86.17421, 30.73864], [-86.17354, 30.73852], [-86.17201, 30.73825], [-86.17152, 30.73816], [-86.17026, 30.73793], [-86.17015, 30.73791], [-86.16984, 30.73786], [-86.16838, 30.7376], [-86.16751, 30.73744], [-86.16717, 30.73738], [-86.16695, 30.73734], [-86.16473, 30.73694], [-86.15912, 30.73592], [-86.15847, 30.7358], [-86.15803, 30.73572], [-86.15746, 30.73562], [-86.15639, 30.73544], [-86.15426, 30.73506], [-86.15308, 30.73485], [-86.15293, 30.73482], [-86.15266, 30.73477], [-86.15231, 30.73471], [-86.15213, 30.73468], [-86.15031, 30.73439], [-86.15015, 30.73437], [-86.14994, 30.73433], [-86.14864, 30.73409], [-86.14861, 30.73442], [-86.14861, 30.73453], [-86.14845, 30.73674], [-86.14833, 30.73837], [-86.1482, 30.74022], [-86.14811, 30.74143], [-86.14802, 30.74265], [-86.14798, 30.74319], [-86.14792, 30.74408], [-86.14783, 30.74535], [-86.14781, 30.74573], [-86.1478, 30.74587], [-86.14778, 30.74626], [-86.14778, 30.74633], [-86.14778, 30.74644], [-86.14778, 30.74712], [-86.14784, 30.74794], [-86.14787, 30.74816], [-86.14788, 30.74824], [-86.14789, 30.74831], [-86.14795, 30.74869], [-86.14796, 30.74876], [-86.14804, 30.74926], [-86.14816, 30.74975], [-86.1482, 30.74993], [-86.14823, 30.75008], [-86.14827, 30.75021], [-86.1486, 30.75126], [-86.14872, 30.75161], [-86.14966, 30.75397], [-86.14989, 30.75456], [-86.15073, 30.75671], [-86.15078, 30.75686], [-86.1516, 30.75891], [-86.15253, 30.76123], [-86.15298, 30.76244], [-86.15336, 30.76345], [-86.1539, 30.76487], [-86.154, 30.76512], [-86.15493, 30.76753], [-86.15524, 30.76831], [-86.15545, 30.76886], [-86.15587, 30.76997], [-86.15605, 30.7704], [-86.1565, 30.77133], [-86.15672, 30.77173], [-86.1574, 30.77283], [-86.15796, 30.77362], [-86.15842, 30.77417], [-86.15904, 30.77485], [-86.15998, 30.77578], [-86.16084, 30.7765], [-86.16163, 30.77707], [-86.16236, 30.77757], [-86.16449, 30.77878], [-86.16642, 30.77988], [-86.16879, 30.78121], [-86.17001, 30.78189], [-86.17028, 30.78204], [-86.17167, 30.78282], [-86.17344, 30.78382], [-86.17413, 30.78421], [-86.1772, 30.78594], [-86.17793, 30.78638], [-86.18271, 30.78905], [-86.18356, 30.78957], [-86.18382, 30.78974], [-86.18405, 30.78988], [-86.1852, 30.79075], [-86.18625, 30.79171], [-86.18753, 30.79307], [-86.18833, 30.7941], [-86.18862, 30.79447], [-86.19139, 30.79799], [-86.19834, 30.79592], [-86.19968, 30.7955], [-86.20001, 30.79537], [-86.20033, 30.79515], [-86.20059, 30.79491], [-86.20072, 30.79474], [-86.20084, 30.79455], [-86.2015, 30.79312], [-86.20224, 30.79152], [-86.20257, 30.79074], [-86.20269, 30.79043], [-86.20294, 30.78981], [-86.20463, 30.78568], [-86.2049, 30.78504], [-86.2056, 30.78326], [-86.20569, 30.78299], [-86.20581, 30.78238], [-86.20586, 30.78218], [-86.20618, 30.7806], [-86.20633, 30.78008], [-86.20656, 30.77951], [-86.20679, 30.77908], [-86.20698, 30.77864], [-86.20716, 30.77829], [-86.20748, 30.77781], [-86.20874, 30.77608], [-86.20888, 30.77587], [-86.209, 30.77563], [-86.20902, 30.77541]]]}}, {"type": "Feature", "properties": {"tract_id": "12131950304", "name": "Census Tract 9503.04", "income_2020": 46250, "poverty_rate_2020": 28.5, "population_2020": 4246}, "geometry": {"type": "Polygon", "coordinates": [[[-86.16084, 30.7765], [-86.15998, 30.77578], [-86.15904, 30.77485], [-86.15842, 30.77417], [-86.15796, 30.77362], [-86.1574, 30.77283], [-86.15672, 30.77173], [-86.1565, 30.77133], [-86.15605, 30.7704], [-86.15587, 30.76997], [-86.15545, 30.76886], [-86.15524, 30.76831], [-86.15493, 30.76753], [-86.154, 30.76512], [-86.1539, 30.76487], [-86.15336, 30.76345], [-86.15298, 30.76244], [-86.15253, 30.76123], [-86.1516, 30.75891], [-86.15078, 30.75686], [-86.15073, 30.75671], [-86.14989, 30.75456], [-86.14966, 30.75397], [-86.14872, 30.75161], [-86.1486, 30.75126], [-86.14827, 30.75021], [-86.14823, 30.75008], [-86.1482, 30.74993], [-86.14816, 30.74975], [-86.14804, 30.74926], [-86.14796, 30.74876], [-86.14795, 30.74869], [-86.14789, 30.74831], [-86.14788, 30.74824], [-86.14787, 30.74816], [-86.14784, 30.74794], [-86.14778, 30.74712], [-86.14778, 30.74644], [-86.14778, 30.74633], [-86.14778, 30.74626], [-86.1478, 30.74587], [-86.14781, 30.74573], [-86.14783, 30.74535], [-86.14792, 30.74408], [-86.14798, 30.74319], [-86.14802, 30.74265], [-86.14811, 30.74143], [-86.1482, 30.74022], [-86.14833, 30.73837], [-86.14845, 30.73674], [-86.14861, 30.73453], [-86.14861, 30.73442], [-86.14864, 30.73409], [-86.14695, 30.73378], [-86.14628, 30.73362], [-86.14603, 30.73357], [-86.1458, 30.73351], [-86.14514, 30.73334], [-86.14468, 30.73319], [-86.14422, 30.73303], [-86.14353, 30.73276], [-86.14295, 30.73253], [-86.14238, 30.73226], [-86.14203, 30.73208], [-86.14098, 30.73158], [-86.14015, 30.73117], [-86.14004, 30.73112], [-86.13974, 30.73097], [-86.13909, 30.73066], [-86.13877, 30.73051], [-86.13772, 30.73001], [-86.13603, 30.72921], [-86.13474, 30.72861], [-86.13396, 30.72824], [-86.13312, 30.72784], [-86.13307, 30.72781], [-86.13245, 30.72752], [-86.13209, 30.72736], [-86.13098, 30.72681], [-86.1299, 30.7263], [-86.12891, 30.72583], [-86.12783, 30.72533], [-86.12708, 30.72499], [-86.12567, 30.72441], [-86.12495, 30.72412], [-86.12458, 30.72396], [-86.12369, 30.7236], [-86.1235, 30.72351], [-86.12296, 30.72325], [-86.12219, 30.72282], [-86.12188, 30.72266], [-86.12131, 30.72233], [-86.12076, 30.72202], [-86.12046, 30.72188], [-86.12035, 30.72185], [-86.12027, 30.72182], [-86.11996, 30.72173], [-86.1198, 30.7217], [-86.11955, 30.72165], [-86.11927, 30.72163], [-86.11895, 30.72161], [-86.11775, 30.72153], [-86.11655, 30.72145], [-86.11536, 30.72137], [-86.11533, 30.72175], [-86.11528, 30.72239], [-86.11525, 30.72267], [-86.11518, 30.72342], [-86.11506, 30.72447], [-86.11498, 30.72544], [-86.11491, 30.72646], [-86.11482, 30.72742], [-86.1147, 30.72881], [-86.11467, 30.72909], [-86.11459, 30.72993], [-86.11447, 30.73167], [-86.11454, 30.73345], [-86.11462, 30.73413], [-86.11469, 30.73451], [-86.11474, 30.73481], [-86.11487, 30.73536], [-86.11492, 30.73559], [-86.1152, 30.73695], [-86.11522, 30.73703], [-86.11524, 30.73711], [-86.11542, 30.73826], [-86.11545, 30.73905], [-86.11545, 30.7396], [-86.11544, 30.73999], [-86.11516, 30.74246], [-86.115, 30.74383], [-86.11493, 30.74429], [-86.11488, 30.7446], [-86.11473, 30.7457], [-86.11468, 30.74604], [-86.11468, 30.74606], [-86.11442, 30.74798], [-86.11415, 30.74987], [-86.11414, 30.74997], [-86.11375, 30.75285], [-86.11368, 30.7534], [-86.11357, 30.75424], [-86.11356, 30.75436], [-86.11346, 30.75514], [-86.11342, 30.75542], [-86.11335, 30.7559], [-86.11333, 30.75609], [-86.11317, 30.75724], [-86.11308, 30.75796], [-86.11304, 30.7582], [-86.11287, 30.75936], [-86.11255, 30.76165], [-86.11218, 30.7643], [-86.11209, 30.76506], [-86.11207, 30.76525], [-86.11203, 30.76568], [-86.112, 30.76651], [-86.112, 30.76714], [-86.11204, 30.76779], [-86.1121, 30.76829], [-86.11217, 30.76885], [-86.11224, 30.76927], [-86.11244, 30.77005], [-86.11264, 30.77078], [-86.11278, 30.77121], [-86.11296, 30.77172], [-86.11342, 30.77279], [-86.11392, 30.7739], [-86.11449, 30.77521], [-86.11616, 30.77894], [-86.1168, 30.7803], [-86.11788, 30.78273], [-86.11859, 30.7843], [-86.11889, 30.78497], [-86.11908, 30.7854], [-86.11916, 30.78557], [-86.11951, 30.78637], [-86.11999, 30.78744], [-86.1202, 30.78743], [-86.12034, 30.78744], [-86.12087, 30.78753], [-86.12166, 30.78767], [-86.12498, 30.78821], [-86.13489, 30.78966], [-86.13588, 30.78979], [-86.1361, 30.78983], [-86.13803, 30.79013], [-86.13882, 30.79026], [-86.13946, 30.79034], [-86.14032, 30.79038], [-86.14126, 30.79039], [-86.14298, 30.79036], [-86.14458, 30.79036], [-86.14527, 30.79036], [-86.14564, 30.79033], [-86.14592, 30.79029], [-86.14636, 30.7902], [-86.14665, 30.79013], [-86.14698, 30.79], [-86.14728, 30.78985], [-86.14754, 30.78964], [-86.1478, 30.7894], [-86.14874, 30.78845], [-86.14903, 30.78816], [-86.15126, 30.78594], [-86.15339, 30.78382], [-86.15368, 30.78354], [-86.15455, 30.78267], [-86.1558, 30.78143], [-86.16084, 30.7765]]]}}, {"type": "Feature", "properties": {"tract_id": "12131950202", "name": "Census Tract 9502.02", "income_2020": 48324, "poverty_rate_2020": 22.3, "population_2020": 3642}, "geometry": {"type": "Polygon", "coordinates": [[[-86.11999, 30.78744], [-86.11951, 30.78637], [-86.11916, 30.78557], [-86.11908, 30.7854], [-86.11889, 30.78497], [-86.11859, 30.7843], [-86.11788, 30.78273], [-86.1168, 30.7803], [-86.11616, 30.77894], [-86.11449, 30.77521], [-86.11392, 30.7739], [-86.11342, 30.77279], [-86.11296, 30.77172], [-86.11278, 30.77121], [-86.11264, 30.77078], [-86.11244, 30.77005], [-86.11224, 30.76927], [-86.11217, 30.76885], [-86.1121, 30.76829], [-86.11204, 30.76779], [-86.112, 30.76714], [-86.112, 30.76651], [-86.11203, 30.76568], [-86.11207, 30.76525], [-86.11209, 30.76506], [-86.11218, 30.7643], [-86.11255, 30.76165], [-86.11287, 30.75936], [-86.11304, 30.7582], [-86.11308, 30.75796], [-86.11317, 30.75724], [-86.11333, 30.75609], [-86.11335, 30.7559], [-86.11342, 30.75542], [-86.11346, 30.75514], [-86.11356, 30.75436], [-86.11357, 30.75424], [-86.11368, 30.7534], [-86.11375, 30.75285], [-86.11414, 30.74997], [-86.11415, 30.74987], [-86.11442, 30.74798], [-86.11468, 30.74606], [-86.11468, 30.74604], [-86.11473, 30.7457], [-86.11488, 30.7446], [-86.11493, 30.74429], [-86.115, 30.74383], [-86.11516, 30.74246], [-86.11544, 30.73999], [-86.11545, 30.7396], [-86.11545, 30.73905], [-86.11542, 30.73826], [-86.11524, 30.73711], [-86.11522, 30.73703], [-86.1152, 30.73695], [-86.11492, 30.73559], [-86.11487, 30.73536], [-86.11474, 30.73481], [-86.11469, 30.73451], [-86.11462, 30.73413], [-86.11454, 30.73345], [-86.11447, 30.73167], [-86.11459, 30.72993], [-86.11467, 30.72909], [-86.1147, 30.72881], [-86.11482, 30.72742], [-86.11491, 30.72646], [-86.11498, 30.72544], [-86.11506, 30.72447], [-86.11518, 30.72342], [-86.11525, 30.72267], [-86.11528, 30.72239], [-86.11533, 30.72175], [-86.11536, 30.72137], [-86.11542, 30.72079], [-86.11546, 30.72036], [-86.11426, 30.72028], [-86.11312, 30.72021], [-86.1119, 30.7201], [-86.11071, 30.72001], [-86.10951, 30.71992], [-86.10714, 30.71977], [-86.10596, 30.71967], [-86.10481, 30.7197], [-86.10425, 30.71975], [-86.10412, 30.71978], [-86.10352, 30.71992], [-86.10323, 30.72001], [-86.10277, 30.72022], [-86.10232, 30.72051], [-86.10236, 30.72075], [-86.10239, 30.72082], [-86.10241, 30.72085], [-86.10214, 30.72091], [-86.10191, 30.72099], [-86.10166, 30.72108], [-86.10148, 30.72116], [-86.10123, 30.72129], [-86.10107, 30.72139], [-86.1004, 30.72181], [-86.09999, 30.72207], [-86.09933, 30.7225], [-86.09856, 30.72299], [-86.09828, 30.72317], [-86.09691, 30.72405], [-86.09497, 30.72529], [-86.09485, 30.72537], [-86.0946, 30.72552], [-86.09414, 30.72579], [-86.09356, 30.72609], [-86.09334, 30.72618], [-86.09325, 30.72622], [-86.09313, 30.72628], [-86.09271, 30.72642], [-86.09264, 30.72645], [-86.09222, 30.72658], [-86.09214, 30.7266], [-86.09185, 30.72668], [-86.09123, 30.72682], [-86.09075, 30.72687], [-86.09015, 30.72695], [-86.08853, 30.72714], [-86.08847, 30.72715], [-86.08647, 30.72737], [-86.08531, 30.72751], [-86.08408, 30.72764], [-86.08319, 30.72774], [-86.08283, 30.72777], [-86.08233, 30.72782], [-86.08205, 30.72784], [-86.08148, 30.72789], [-86.08092, 30.72791], [-86.08022, 30.72791], [-86.07931, 30.72788], [-86.07867, 30.72782], [-86.07578, 30.72755], [-86.07554, 30.72752], [-86.0732, 30.7273], [-86.07145, 30.72714], [-86.06729, 30.72675], [-86.06565, 30.72659], [-86.06491, 30.72652], [-86.06315, 30.72635], [-86.0613, 30.72617], [-86.05955, 30.726], [-86.05889, 30.72594], [-86.05847, 30.72587], [-86.05811, 30.72581], [-86.0576, 30.7257], [-86.05746, 30.72565], [-86.05697, 30.7255], [-86.05691, 30.72548], [-86.05655, 30.72535], [-86.05638, 30.72529], [-86.05599, 30.72513], [-86.05545, 30.72489], [-86.05452, 30.72445], [-86.05168, 30.7231], [-86.04822, 30.72147], [-86.04745, 30.72111], [-86.04695, 30.72087], [-86.04653, 30.72068], [-86.04619, 30.72057], [-86.04577, 30.72044], [-86.0455, 30.72037], [-86.04537, 30.72034], [-86.04505, 30.72027], [-86.0447, 30.72021], [-86.04434, 30.72017], [-86.04416, 30.72015], [-86.04388, 30.72013], [-86.04346, 30.72013], [-86.04295, 30.72014], [-86.0424, 30.7202], [-86.04187, 30.72029], [-86.04139, 30.72041], [-86.04091, 30.72054], [-86.04049, 30.72071], [-86.04001, 30.72091], [-86.03957, 30.72113], [-86.03873, 30.72155], [-86.03845, 30.72169], [-86.03771, 30.72202], [-86.03753, 30.72209], [-86.03752, 30.72317], [-86.03752, 30.72356], [-86.03744, 30.72537], [-86.03735, 30.72777], [-86.03735, 30.72875], [-86.0374, 30.72928], [-86.03749, 30.73103], [-86.03748, 30.7314], [-86.03748, 30.73158], [-86.03748, 30.73176], [-86.03748, 30.73198], [-86.03748, 30.7322], [-86.03748, 30.73252], [-86.03747, 30.73261], [-86.03747, 30.73271], [-86.03747, 30.73282], [-86.03747, 30.73312], [-86.03747, 30.73319], [-86.03747, 30.73322], [-86.03747, 30.73329], [-86.03745, 30.73593], [-86.03743, 30.73784], [-86.03738, 30.74369], [-86.03736, 30.74658], [-86.03736, 30.74672], [-86.03731, 30.75007], [-86.03734, 30.75873], [-86.03737, 30.76488], [-86.03745, 30.76741], [-86.03749, 30.76906], [-86.03758, 30.77228], [-86.03758, 30.77245], [-86.03758, 30.77263], [-86.03758, 30.77273], [-86.03764, 30.77827], [-86.03776, 30.78882], [-86.03777, 30.78974], [-86.03767, 30.79488], [-86.03767, 30.79499], [-86.03756, 30.79926], [-86.03754, 30.80003], [-86.03742, 30.80575], [-86.03745, 30.80574], [-86.03813, 30.8056], [-86.03851, 30.80553], [-86.03891, 30.80548], [-86.03993, 30.80536], [-86.04007, 30.80535], [-86.04112, 30.80521], [-86.04208, 30.80508], [-86.04235, 30.80504], [-86.04262, 30.80498], [-86.04297, 30.80487], [-86.04327, 30.80476], [-86.04364, 30.80457], [-86.04391, 30.80438], [-86.04422, 30.80413], [-86.04479, 30.80368], [-86.04518, 30.80336], [-86.04544, 30.80315], [-86.04582, 30.80287], [-86.04626, 30.8026], [-86.04659, 30.80242], [-86.04687, 30.80228], [-86.04712, 30.80216], [-86.04759, 30.80194], [-86.04783, 30.80185], [-86.04819, 30.80172], [-86.04849, 30.80163], [-86.04879, 30.80155], [-86.04912, 30.80148], [-86.04962, 30.80138], [-86.04968, 30.80138], [-86.05017, 30.80131], [-86.05104, 30.80123], [-86.05283, 30.80111], [-86.05488, 30.801], [-86.05506, 30.80099], [-86.05554, 30.80096], [-86.05595, 30.80093], [-86.05623, 30.80091], [-86.05873, 30.80073], [-86.06096, 30.8006], [-86.06213, 30.80053], [-86.06469, 30.80036], [-86.06661, 30.80023], [-86.06758, 30.80016], [-86.06831, 30.80012], [-86.06877, 30.80008], [-86.06955, 30.80008], [-86.06976, 30.80005], [-86.06996, 30.79997], [-86.07013, 30.79994], [-86.07103, 30.79996], [-86.07514, 30.80009], [-86.08764, 30.80033], [-86.08782, 30.80034], [-86.08832, 30.80055], [-86.08853, 30.80066], [-86.08872, 30.80071], [-86.0889, 30.80069], [-86.08927, 30.80066], [-86.08936, 30.80065], [-86.08978, 30.80063], [-86.09073, 30.80059], [-86.09084, 30.80056], [-86.091, 30.80053], [-86.09134, 30.8005], [-86.09221, 30.80044], [-86.09261, 30.80039], [-86.09294, 30.80034], [-86.09309, 30.8003], [-86.09323, 30.80026], [-86.0935, 30.80018], [-86.0938, 30.80006], [-86.09413, 30.79991], [-86.09436, 30.79978], [-86.09458, 30.79964], [-86.09486, 30.79943], [-86.09497, 30.79935], [-86.09533, 30.79903], [-86.09557, 30.79876], [-86.09574, 30.79855], [-86.09584, 30.79842], [-86.09606, 30.79811], [-86.09611, 30.79802], [-86.09629, 30.79765], [-86.0967, 30.79655], [-86.09673, 30.79645], [-86.09681, 30.79629], [-86.09691, 30.79612], [-86.09699, 30.79602], [-86.09712, 30.79588], [-86.09723, 30.79578], [-86.10024, 30.79376], [-86.10215, 30.79249], [-86.10302, 30.79199], [-86.10464, 30.79113], [-86.10934, 30.78864], [-86.11051, 30.78803], [-86.11083, 30.78787], [-86.11107, 30.78779], [-86.1113, 30.78773], [-86.11154, 30.78768], [-86.11176, 30.78765], [-86.11232, 30.78763], [-86.11321, 30.78761], [-86.11347, 30.7876], [-86.11999, 30.78744]]]}}, {"type": "Feature", "properties": {"tract_id": "12131950607", "name": "Census Tract 9506.07", "income_2020": 101786, "poverty_rate_2020": 7.2, "population_2020": 5946}, "geometry": {"type": "Polygon", "coordinates": [[[-86.3297, 30.39168], [-86.32982, 30.3882], [-86.32634, 30.38433], [-86.32575, 30.38449], [-86.32418, 30.38497], [-86.32362, 30.38484], [-86.32369, 30.38452], [-86.32372, 30.38421], [-86.32372, 30.38392], [-86.32371, 30.38354], [-86.32359, 30.38275], [-86.32354, 30.38262], [-86.32346, 30.3824], [-86.32333, 30.38214], [-86.32322, 30.38191], [-86.32318, 30.38189], [-86.32313, 30.38186], [-86.32291, 30.38161], [-86.32244, 30.38114], [-86.32227, 30.38103], [-86.3221, 30.38093], [-86.32196, 30.38085], [-86.32169, 30.38075], [-86.32156, 30.38068], [-86.32142, 30.38063], [-86.32126, 30.3806], [-86.32107, 30.38057], [-86.32086, 30.38054], [-86.32061, 30.3805], [-86.32062, 30.38045], [-86.32062, 30.38037], [-86.3206, 30.38028], [-86.32054, 30.38019], [-86.32048, 30.38013], [-86.32039, 30.38007], [-86.32034, 30.38], [-86.32028, 30.37992], [-86.32026, 30.37975], [-86.32028, 30.37941], [-86.32029, 30.3792], [-86.31941, 30.37914], [-86.31888, 30.37909], [-86.3182, 30.379], [-86.31762, 30.37891], [-86.31705, 30.3788], [-86.31547, 30.37849], [-86.31539, 30.37847], [-86.31531, 30.37846], [-86.31421, 30.37825], [-86.31412, 30.37823], [-86.31307, 30.37806], [-86.31096, 30.37765], [-86.31003, 30.37747], [-86.30991, 30.37744], [-86.30933, 30.37732], [-86.30774, 30.37701], [-86.3068, 30.37682], [-86.30562, 30.37659], [-86.30486, 30.37644], [-86.30486, 30.3774], [-86.30484, 30.37798], [-86.30483, 30.37808], [-86.3048, 30.37937], [-86.3048, 30.3796], [-86.30479, 30.37993], [-86.30474, 30.38138], [-86.30471, 30.3824], [-86.30461, 30.38552], [-86.30459, 30.38569], [-86.30455, 30.3867], [-86.30454, 30.38701], [-86.30451, 30.3882], [-86.30449, 30.38909], [-86.30372, 30.38938], [-86.30351, 30.38973], [-86.30343, 30.39012], [-86.30354, 30.39034], [-86.30353, 30.3904], [-86.30351, 30.39073], [-86.30341, 30.39083], [-86.30338, 30.39151], [-86.30309, 30.39199], [-86.30325, 30.39246], [-86.30346, 30.39307], [-86.30264, 30.39378], [-86.30261, 30.39394], [-86.30232, 30.39433], [-86.30222, 30.39511], [-86.302, 30.3955], [-86.30195, 30.39596], [-86.30174, 30.39621], [-86.30129, 30.39676], [-86.30097, 30.39743], [-86.30089, 30.398], [-86.30221, 30.39947], [-86.30224, 30.39974], [-86.30198, 30.40006], [-86.30208, 30.40064], [-86.30169, 30.40112], [-86.30163, 30.40148], [-86.30184, 30.40169], [-86.3019, 30.40187], [-86.30163, 30.40213], [-86.30076, 30.40219], [-86.30034, 30.40206], [-86.29973, 30.40187], [-86.29867, 30.40144], [-86.29698, 30.40045], [-86.29624, 30.40041], [-86.29576, 30.40018], [-86.29555, 30.40009], [-86.29346, 30.39958], [-86.29219, 30.39942], [-86.28873, 30.39813], [-86.28855, 30.39786], [-86.28614, 30.40003], [-86.28355, 30.40237], [-86.2835, 30.4133], [-86.28333, 30.44555], [-86.29406, 30.44571], [-86.31819, 30.44608], [-86.32814, 30.44309], [-86.3297, 30.39168]]]}}, {"type": "Feature", "properties": {"tract_id": "12131950611", "name": "Census Tract 9506.11", "income_2020": 138583, "poverty_rate_2020": 7.1, "population_2020": 901}, "geometry": {"type": "Polygon", "coordinates": [[[-86.09775, 30.30589], [-86.09797, 30.30189], [-86.07992, 30.29617], [-86.02195, 30.27502], [-85.99616, 30.26467], [-85.99598, 30.2682], [-85.99593, 30.26899], [-85.99585, 30.27099], [-85.99579, 30.27302], [-85.99577, 30.27355], [-85.99574, 30.27446], [-85.99573, 30.27466], [-85.99577, 30.27465], [-85.99617, 30.27453], [-85.99645, 30.27445], [-85.99702, 30.2743], [-85.99736, 30.27423], [-85.9977, 30.27417], [-85.9981, 30.27414], [-85.99846, 30.27412], [-85.99884, 30.27412], [-85.99911, 30.27414], [-85.99946, 30.27418], [-85.99982, 30.27423], [-86.00005, 30.27427], [-86.00046, 30.27437], [-86.00064, 30.27442], [-86.00111, 30.27459], [-86.00177, 30.27489], [-86.00223, 30.27515], [-86.00249, 30.2753], [-86.00388, 30.27608], [-86.00547, 30.27698], [-86.0059, 30.27722], [-86.00703, 30.27785], [-86.00806, 30.2785], [-86.00882, 30.279], [-86.00946, 30.2795], [-86.01012, 30.28007], [-86.01107, 30.28099], [-86.01163, 30.28157], [-86.0124, 30.28244], [-86.01357, 30.28376], [-86.01429, 30.28459], [-86.01697, 30.2876], [-86.0173, 30.28798], [-86.01778, 30.28857], [-86.01942, 30.29044], [-86.02197, 30.29332], [-86.02282, 30.29428], [-86.02417, 30.2958], [-86.02439, 30.29565], [-86.02465, 30.29557], [-86.02495, 30.29543], [-86.02523, 30.29533], [-86.02549, 30.29526], [-86.02585, 30.29523], [-86.02642, 30.29526], [-86.02718, 30.29532], [-86.02779, 30.2953], [-86.02832, 30.2952], [-86.02873, 30.29505], [-86.02905, 30.29495], [-86.02984, 30.29468], [-86.0309, 30.29425], [-86.03204, 30.29384], [-86.03318, 30.29341], [-86.03394, 30.29313], [-86.03486, 30.29265], [-86.03541, 30.29223], [-86.03595, 30.29179], [-86.03636, 30.2914], [-86.03658, 30.29111], [-86.03669, 30.29083], [-86.03681, 30.29054], [-86.03686, 30.29042], [-86.03686, 30.2903], [-86.03686, 30.2901], [-86.03686, 30.28984], [-86.0368, 30.28963], [-86.03676, 30.28946], [-86.0367, 30.28918], [-86.03666, 30.28894], [-86.03664, 30.28858], [-86.03664, 30.2882], [-86.03669, 30.28726], [-86.03668, 30.28706], [-86.03695, 30.28707], [-86.03715, 30.28707], [-86.03783, 30.28707], [-86.03804, 30.28705], [-86.03821, 30.28704], [-86.03861, 30.28705], [-86.03863, 30.28705], [-86.039, 30.28706], [-86.03914, 30.28707], [-86.03928, 30.28708], [-86.0396, 30.28712], [-86.03994, 30.28717], [-86.04048, 30.28725], [-86.04084, 30.28734], [-86.04117, 30.28743], [-86.04197, 30.28769], [-86.04225, 30.28779], [-86.04276, 30.28794], [-86.04368, 30.28828], [-86.0437, 30.28829], [-86.04462, 30.28862], [-86.045, 30.28875], [-86.04531, 30.28886], [-86.0457, 30.289], [-86.0462, 30.28918], [-86.04674, 30.28937], [-86.04779, 30.28974], [-86.04923, 30.29025], [-86.05052, 30.2907], [-86.05334, 30.2917], [-86.05365, 30.29184], [-86.05385, 30.29194], [-86.05398, 30.292], [-86.05436, 30.29221], [-86.05464, 30.29239], [-86.05484, 30.29254], [-86.05529, 30.2929], [-86.05555, 30.29317], [-86.05581, 30.29347], [-86.05614, 30.29394], [-86.05625, 30.29412], [-86.0568, 30.29502], [-86.05716, 30.29562], [-86.05777, 30.29658], [-86.0584, 30.2976], [-86.05848, 30.29774], [-86.0586, 30.29793], [-86.05871, 30.2981], [-86.05892, 30.29844], [-86.05915, 30.29875], [-86.05942, 30.29906], [-86.05973, 30.29937], [-86.06005, 30.29964], [-86.06039, 30.29988], [-86.06069, 30.30007], [-86.06121, 30.30034], [-86.06141, 30.30043], [-86.06243, 30.30086], [-86.06333, 30.30125], [-86.06392, 30.3015], [-86.06509, 30.30199], [-86.06515, 30.30202], [-86.06537, 30.30212], [-86.067, 30.30281], [-86.06724, 30.30291], [-86.07136, 30.30465], [-86.07198, 30.30491], [-86.07735, 30.3072], [-86.07873, 30.30779], [-86.0794, 30.30807], [-86.07973, 30.30822], [-86.08044, 30.30851], [-86.08211, 30.30923], [-86.08349, 30.30981], [-86.08535, 30.31062], [-86.08591, 30.31086], [-86.08664, 30.31117], [-86.08782, 30.31168], [-86.08793, 30.31172], [-86.08819, 30.31183], [-86.08914, 30.31223], [-86.08963, 30.31244], [-86.08998, 30.31256], [-86.09034, 30.31267], [-86.09062, 30.31274], [-86.09081, 30.31279], [-86.09104, 30.31283], [-86.09113, 30.31284], [-86.09129, 30.31287], [-86.09143, 30.31289], [-86.09174, 30.31292], [-86.09196, 30.31294], [-86.09218, 30.31295], [-86.09298, 30.31297], [-86.09299, 30.31268], [-86.09297, 30.31246], [-86.09279, 30.31029], [-86.09278, 30.31024], [-86.09397, 30.30907], [-86.0957, 30.30693], [-86.09626, 30.30671], [-86.09684, 30.30679], [-86.09703, 30.30676], [-86.09724, 30.30665], [-86.09738, 30.30651], [-86.09775, 30.30589]]]}}, {"type": "Feature", "properties": {"tract_id": "12131950605", "name": "Census Tract 9506.05", "income_2020": 66940, "poverty_rate_2020": 7.0, "population_2020": 5246}, "geometry": {"type": "Polygon", "coordinates": [[[-86.28447, 30.39926], [-86.28448, 30.39871], [-86.28376, 30.39781], [-86.28315, 30.39761], [-86.28305, 30.3977], [-86.28305, 30.39788], [-86.28373, 30.39823], [-86.28421, 30.39848], [-86.28421, 30.39859], [-86.28405, 30.39866], [-86.28265, 30.39878], [-86.28172, 30.39896], [-86.28138, 30.39914], [-86.28085, 30.39923], [-86.2795, 30.39884], [-86.27908, 30.39845], [-86.2789, 30.39806], [-86.27847, 30.39767], [-86.27739, 30.39722], [-86.27683, 30.3971], [-86.27461, 30.39701], [-86.27403, 30.39682], [-86.27266, 30.39692], [-86.27229, 30.39678], [-86.27099, 30.39689], [-86.27017, 30.39664], [-86.26901, 30.39671], [-86.26843, 30.39655], [-86.26795, 30.39664], [-86.26729, 30.39694], [-86.2665, 30.39701], [-86.26623, 30.39675], [-86.26512, 30.39613], [-86.26375, 30.39508], [-86.26319, 30.39485], [-86.26224, 30.39473], [-86.26227, 30.39385], [-86.26229, 30.39321], [-86.26231, 30.39244], [-86.26233, 30.39178], [-86.26233, 30.39157], [-86.26232, 30.39148], [-86.26235, 30.39082], [-86.26236, 30.39013], [-86.26239, 30.38855], [-86.26239, 30.3884], [-86.2624, 30.38755], [-86.26242, 30.38736], [-86.26245, 30.38604], [-86.26245, 30.38594], [-86.26246, 30.38506], [-86.26248, 30.38485], [-86.26248, 30.38436], [-86.26248, 30.38412], [-86.26247, 30.38396], [-86.2625, 30.38259], [-86.26251, 30.38229], [-86.26254, 30.38141], [-86.26255, 30.38133], [-86.26255, 30.38108], [-86.26256, 30.38048], [-86.26258, 30.3801], [-86.26261, 30.37939], [-86.26265, 30.37918], [-86.26265, 30.3791], [-86.26266, 30.37907], [-86.26267, 30.3789], [-86.26266, 30.3781], [-86.26267, 30.37772], [-86.26267, 30.37747], [-86.26269, 30.37723], [-86.26269, 30.37699], [-86.26272, 30.37637], [-86.2627, 30.37623], [-86.26271, 30.37605], [-86.26275, 30.37595], [-86.26281, 30.37497], [-86.26282, 30.37477], [-86.26122, 30.37472], [-86.26102, 30.37472], [-86.25709, 30.37464], [-86.25434, 30.37457], [-86.24972, 30.37448], [-86.24783, 30.37448], [-86.24596, 30.37447], [-86.24235, 30.37438], [-86.24161, 30.37436], [-86.24145, 30.37436], [-86.23739, 30.37427], [-86.22903, 30.37409], [-86.2287, 30.37408], [-86.22602, 30.37403], [-86.22258, 30.37395], [-86.22063, 30.37391], [-86.21986, 30.37389], [-86.21752, 30.37384], [-86.21723, 30.37383], [-86.217, 30.37383], [-86.21616, 30.3738], [-86.2153, 30.37375], [-86.2141, 30.37366], [-86.21297, 30.37355], [-86.2122, 30.37346], [-86.2112, 30.37332], [-86.21027, 30.37317], [-86.20923, 30.37298], [-86.20829, 30.37279], [-86.20744, 30.37259], [-86.20111, 30.37099], [-86.19739, 30.37004], [-86.19571, 30.36963], [-86.1939, 30.36915], [-86.19107, 30.36843], [-86.18736, 30.36749], [-86.18599, 30.36713], [-86.18044, 30.36572], [-86.17916, 30.3654], [-86.17508, 30.36436], [-86.17089, 30.36329], [-86.16731, 30.36238], [-86.16362, 30.36145], [-86.16032, 30.36061], [-86.15808, 30.36003], [-86.15678, 30.3597], [-86.15589, 30.35948], [-86.15454, 30.35913], [-86.15286, 30.35871], [-86.15171, 30.35846], [-86.1505, 30.35822], [-86.14951, 30.35806], [-86.14901, 30.35798], [-86.14743, 30.3578], [-86.14607, 30.35769], [-86.14505, 30.35763], [-86.14174, 30.35755], [-86.12966, 30.35726], [-86.12869, 30.35819], [-86.1255, 30.36112], [-86.12527, 30.36134], [-86.12499, 30.36159], [-86.12466, 30.36191], [-86.1222, 30.36425], [-86.12208, 30.36437], [-86.12193, 30.36451], [-86.12165, 30.36477], [-86.12118, 30.36504], [-86.12103, 30.36513], [-86.12098, 30.36515], [-86.12073, 30.36527], [-86.12042, 30.36538], [-86.12036, 30.36541], [-86.1197, 30.36563], [-86.11795, 30.36635], [-86.11745, 30.36657], [-86.11722, 30.36669], [-86.11689, 30.36692], [-86.11661, 30.36711], [-86.11636, 30.36733], [-86.116, 30.36781], [-86.11593, 30.36793], [-86.11585, 30.36803], [-86.11581, 30.36814], [-86.11568, 30.36851], [-86.1156, 30.36877], [-86.1155, 30.36933], [-86.1154, 30.36988], [-86.11537, 30.37006], [-86.11534, 30.37027], [-86.1153, 30.37058], [-86.1152, 30.37132], [-86.11511, 30.37211], [-86.11505, 30.37239], [-86.11501, 30.37256], [-86.11539, 30.37267], [-86.11629, 30.37338], [-86.11671, 30.37359], [-86.11705, 30.37352], [-86.11725, 30.37343], [-86.11761, 30.37327], [-86.11803, 30.37297], [-86.11835, 30.37299], [-86.11861, 30.37313], [-86.1188, 30.37333], [-86.1188, 30.37404], [-86.11904, 30.3743], [-86.1197, 30.37453], [-86.12033, 30.37456], [-86.12036, 30.37456], [-86.12017, 30.375], [-86.11965, 30.37585], [-86.11944, 30.37647], [-86.11917, 30.37672], [-86.11952, 30.37695], [-86.12044, 30.3772], [-86.12073, 30.37745], [-86.12084, 30.37754], [-86.12137, 30.3778], [-86.12169, 30.37805], [-86.12229, 30.37821], [-86.12253, 30.37837], [-86.12264, 30.37844], [-86.11972, 30.37882], [-86.11917, 30.3789], [-86.11912, 30.37899], [-86.11862, 30.37915], [-86.11846, 30.37942], [-86.11775, 30.37954], [-86.11761, 30.37984], [-86.11686, 30.38031], [-86.12494, 30.38412], [-86.13337, 30.38809], [-86.13702, 30.38835], [-86.16835, 30.40057], [-86.16837, 30.40058], [-86.16858, 30.40062], [-86.17643, 30.40361], [-86.17891, 30.40506], [-86.18621, 30.40933], [-86.19236, 30.41291], [-86.20661, 30.42122], [-86.20721, 30.42157], [-86.20721, 30.4217], [-86.23383, 30.44328], [-86.23397, 30.44339], [-86.24994, 30.4442], [-86.24994, 30.44503], [-86.28333, 30.44555], [-86.2835, 30.4133], [-86.28355, 30.40237], [-86.28356, 30.39948], [-86.28447, 30.39926]]]}}, {"type": "Feature", "properties": {"tract_id": "12131950608", "name": "Census Tract 9506.08", "income_2020": 72252, "poverty_rate_2020": 2.1, "population_2020": 2981}, "geometry": {"type": "Polygon", "coordinates": [[[-86.39734, 30.37949], [-86.39729, 30.37949], [-86.39633, 30.37939], [-86.39614, 30.37936], [-86.39526, 30.37926], [-86.39521, 30.37925], [-86.39278, 30.37897], [-86.39215, 30.3789], [-86.3909, 30.37876], [-86.38887, 30.37853], [-86.38691, 30.37829], [-86.38564, 30.37815], [-86.38483, 30.37805], [-86.3847, 30.37804], [-86.38349, 30.37789], [-86.3828, 30.37782], [-86.38262, 30.37779], [-86.38226, 30.37775], [-86.38212, 30.37774], [-86.3818, 30.3777], [-86.38071, 30.37758], [-86.38066, 30.37765], [-86.38063, 30.37777], [-86.38062, 30.37786], [-86.38058, 30.37908], [-86.38056, 30.37963], [-86.38055, 30.37985], [-86.38052, 30.38089], [-86.3805, 30.38127], [-86.38048, 30.38244], [-86.38048, 30.38273], [-86.38043, 30.38458], [-86.38043, 30.38501], [-86.38043, 30.38518], [-86.38016, 30.38518], [-86.37925, 30.38516], [-86.37786, 30.38513], [-86.37654, 30.3851], [-86.37537, 30.38507], [-86.37452, 30.38505], [-86.37363, 30.38503], [-86.37238, 30.385], [-86.3706, 30.38496], [-86.36885, 30.38491], [-86.36732, 30.38487], [-86.36639, 30.38485], [-86.36634, 30.38485], [-86.36626, 30.38485], [-86.36515, 30.38483], [-86.36476, 30.38481], [-86.36436, 30.38476], [-86.36385, 30.38467], [-86.3635, 30.38459], [-86.36302, 30.38444], [-86.36267, 30.3843], [-86.36233, 30.38415], [-86.36195, 30.38395], [-86.36145, 30.38368], [-86.36061, 30.38322], [-86.35849, 30.38205], [-86.35519, 30.38024], [-86.35508, 30.38038], [-86.35489, 30.38062], [-86.35473, 30.38077], [-86.35448, 30.38094], [-86.35431, 30.38106], [-86.35423, 30.3811], [-86.35411, 30.38116], [-86.35391, 30.38121], [-86.35382, 30.38123], [-86.35365, 30.38127], [-86.35356, 30.38131], [-86.35352, 30.38133], [-86.35348, 30.38135], [-86.35346, 30.38137], [-86.3534, 30.38143], [-86.35334, 30.3815], [-86.3533, 30.38155], [-86.35326, 30.38161], [-86.35314, 30.38181], [-86.35299, 30.38214], [-86.35288, 30.38242], [-86.35282, 30.38268], [-86.35281, 30.38274], [-86.35276, 30.38312], [-86.35274, 30.38341], [-86.35275, 30.38363], [-86.35277, 30.38398], [-86.3528, 30.38427], [-86.35282, 30.38442], [-86.35284, 30.38459], [-86.3529, 30.38483], [-86.35299, 30.38503], [-86.35305, 30.38518], [-86.35312, 30.38532], [-86.35316, 30.38542], [-86.35318, 30.38552], [-86.35318, 30.38556], [-86.3531, 30.38559], [-86.35296, 30.38559], [-86.35261, 30.38555], [-86.35227, 30.3855], [-86.35223, 30.38598], [-86.352, 30.38628], [-86.35192, 30.38638], [-86.351, 30.38653], [-86.35091, 30.38649], [-86.35092, 30.38632], [-86.35089, 30.38607], [-86.35078, 30.38593], [-86.34966, 30.38558], [-86.34939, 30.38552], [-86.34927, 30.38558], [-86.34904, 30.38565], [-86.34904, 30.38575], [-86.3485, 30.38585], [-86.34829, 30.38584], [-86.34826, 30.38555], [-86.34788, 30.38547], [-86.34752, 30.38564], [-86.34742, 30.38566], [-86.34723, 30.38581], [-86.34676, 30.3859], [-86.34658, 30.38587], [-86.34646, 30.38588], [-86.34627, 30.38588], [-86.3462, 30.38595], [-86.34617, 30.38604], [-86.34607, 30.38608], [-86.34567, 30.38572], [-86.34564, 30.38562], [-86.34553, 30.38552], [-86.34539, 30.38549], [-86.34512, 30.38544], [-86.34483, 30.3854], [-86.34469, 30.38544], [-86.34457, 30.38554], [-86.34448, 30.38557], [-86.34423, 30.38555], [-86.3439, 30.38551], [-86.34355, 30.38564], [-86.34336, 30.38554], [-86.3434, 30.38531], [-86.34329, 30.3852], [-86.3429, 30.38522], [-86.3428, 30.38531], [-86.34275, 30.38553], [-86.34237, 30.38578], [-86.34223, 30.38589], [-86.34209, 30.38593], [-86.34199, 30.38582], [-86.34169, 30.38553], [-86.34151, 30.38553], [-86.34142, 30.38556], [-86.34139, 30.3857], [-86.34127, 30.3858], [-86.34097, 30.38582], [-86.34079, 30.38567], [-86.34066, 30.38561], [-86.34064, 30.3856], [-86.34003, 30.38572], [-86.33959, 30.38576], [-86.33878, 30.3858], [-86.33865, 30.38583], [-86.33804, 30.38599], [-86.3373, 30.38613], [-86.33669, 30.38636], [-86.33618, 30.38652], [-86.33587, 30.38673], [-86.33514, 30.38709], [-86.3347, 30.38717], [-86.3339, 30.3877], [-86.33343, 30.3879], [-86.33334, 30.3879], [-86.33325, 30.38768], [-86.3297, 30.39168], [-86.32814, 30.44309], [-86.36218, 30.43286], [-86.37504, 30.43299], [-86.39538, 30.43334], [-86.39567, 30.42679], [-86.39595, 30.42025], [-86.3964, 30.40989], [-86.39678, 30.40127], [-86.39685, 30.39954], [-86.39686, 30.39934], [-86.39687, 30.39913], [-86.39689, 30.3987], [-86.3969, 30.39826], [-86.39708, 30.39079], [-86.39708, 30.39077], [-86.39711, 30.38958], [-86.39712, 30.38918], [-86.39712, 30.38903], [-86.39713, 30.38896], [-86.39713, 30.38889], [-86.39714, 30.38839], [-86.39714, 30.38835], [-86.39714, 30.38826], [-86.39715, 30.38813], [-86.39716, 30.38746], [-86.39716, 30.38743], [-86.39716, 30.38736], [-86.39717, 30.38717], [-86.39718, 30.3868], [-86.39718, 30.38655], [-86.3972, 30.38596], [-86.3972, 30.38574], [-86.3972, 30.3857], [-86.39721, 30.38558], [-86.39721, 30.38552], [-86.39721, 30.38549], [-86.39721, 30.3854], [-86.39724, 30.38402], [-86.39725, 30.38351], [-86.39725, 30.3835], [-86.39725, 30.38326], [-86.39726, 30.38296], [-86.39727, 30.38236], [-86.39734, 30.37949]]]}}, {"type": "Feature", "properties": {"tract_id": "12131950606", "name": "Census Tract 9506.06", "income_2020": 126784, "poverty_rate_2020": 8.4, "population_2020": 2711}, "geometry": {"type": "Polygon", "coordinates": [[[-86.23003, 30.34824], [-86.23008, 30.34706], [-86.22907, 30.34705], [-86.22851, 30.34703], [-86.22775, 30.34702], [-86.22754, 30.34702], [-86.22736, 30.34701], [-86.22724, 30.34701], [-86.22711, 30.34701], [-86.22707, 30.34701], [-86.22699, 30.347], [-86.22685, 30.34671], [-86.22664, 30.34644], [-86.22658, 30.34619], [-86.22665, 30.34604], [-86.22676, 30.34592], [-86.22672, 30.34571], [-86.22665, 30.3455], [-86.22665, 30.34521], [-86.22669, 30.34517], [-86.22687, 30.34494], [-86.22731, 30.34453], [-86.22857, 30.34086], [-86.20137, 30.33316], [-86.17974, 30.32705], [-86.17973, 30.33094], [-86.17883, 30.33062], [-86.17765, 30.33042], [-86.17677, 30.33], [-86.17585, 30.32984], [-86.1745, 30.32927], [-86.1726, 30.32897], [-86.17078, 30.32847], [-86.16996, 30.32808], [-86.16906, 30.32792], [-86.16847, 30.32776], [-86.16797, 30.32762], [-86.16719, 30.32741], [-86.16671, 30.32727], [-86.16576, 30.32686], [-86.16409, 30.32636], [-86.15976, 30.32482], [-86.15593, 30.32409], [-86.15464, 30.32365], [-86.15308, 30.32326], [-86.15197, 30.32292], [-86.15091, 30.32269], [-86.1451, 30.32083], [-86.14153, 30.31947], [-86.1334, 30.31693], [-86.13184, 30.31633], [-86.125, 30.31435], [-86.1241, 30.31399], [-86.12399, 30.31497], [-86.12397, 30.31532], [-86.12466, 30.31548], [-86.12507, 30.31559], [-86.12535, 30.31568], [-86.12533, 30.31609], [-86.12604, 30.31624], [-86.12684, 30.31641], [-86.12776, 30.31662], [-86.12857, 30.3168], [-86.12943, 30.31705], [-86.12885, 30.31818], [-86.12833, 30.31905], [-86.12784, 30.31978], [-86.12751, 30.32025], [-86.12746, 30.32033], [-86.12728, 30.32058], [-86.12678, 30.32129], [-86.12669, 30.32141], [-86.12631, 30.32196], [-86.12603, 30.32246], [-86.12591, 30.32276], [-86.12579, 30.32312], [-86.12577, 30.32326], [-86.12574, 30.32336], [-86.1257, 30.32353], [-86.12566, 30.32387], [-86.12565, 30.32413], [-86.12565, 30.32444], [-86.12569, 30.32475], [-86.12575, 30.32509], [-86.12583, 30.3254], [-86.12591, 30.32563], [-86.12599, 30.32585], [-86.12616, 30.32618], [-86.12622, 30.32632], [-86.12686, 30.32756], [-86.1269, 30.32763], [-86.12695, 30.32775], [-86.12777, 30.32935], [-86.12843, 30.33062], [-86.12844, 30.33066], [-86.12862, 30.33111], [-86.1287, 30.33134], [-86.12873, 30.33147], [-86.1288, 30.33168], [-86.12884, 30.33185], [-86.12889, 30.33209], [-86.12893, 30.33233], [-86.12895, 30.33254], [-86.12898, 30.33281], [-86.12899, 30.33312], [-86.12897, 30.3338], [-86.12895, 30.33418], [-86.12895, 30.33451], [-86.12896, 30.33466], [-86.12899, 30.33484], [-86.12903, 30.33509], [-86.12911, 30.33538], [-86.12922, 30.33569], [-86.12935, 30.33595], [-86.12944, 30.33613], [-86.12955, 30.33629], [-86.13013, 30.33711], [-86.1303, 30.33738], [-86.13049, 30.33772], [-86.13074, 30.33825], [-86.13094, 30.33874], [-86.13103, 30.33903], [-86.1311, 30.33927], [-86.13123, 30.33988], [-86.13137, 30.34082], [-86.13161, 30.34251], [-86.13163, 30.34266], [-86.13213, 30.34608], [-86.13226, 30.34684], [-86.13238, 30.34758], [-86.1325, 30.34809], [-86.13275, 30.34913], [-86.13285, 30.3495], [-86.13317, 30.3508], [-86.13329, 30.35132], [-86.13333, 30.35162], [-86.13335, 30.35186], [-86.13336, 30.35209], [-86.13327, 30.35282], [-86.13313, 30.35327], [-86.13302, 30.35359], [-86.13286, 30.3539], [-86.13261, 30.35435], [-86.13242, 30.35462], [-86.1322, 30.35488], [-86.13199, 30.35509], [-86.13152, 30.35552], [-86.13103, 30.35598], [-86.12991, 30.35703], [-86.12966, 30.35726], [-86.14174, 30.35755], [-86.14505, 30.35763], [-86.14607, 30.35769], [-86.14743, 30.3578], [-86.14901, 30.35798], [-86.14951, 30.35806], [-86.1505, 30.35822], [-86.15171, 30.35846], [-86.15286, 30.35871], [-86.15454, 30.35913], [-86.15589, 30.35948], [-86.15678, 30.3597], [-86.15808, 30.36003], [-86.16032, 30.36061], [-86.16362, 30.36145], [-86.16731, 30.36238], [-86.17089, 30.36329], [-86.17508, 30.36436], [-86.17916, 30.3654], [-86.18044, 30.36572], [-86.18599, 30.36713], [-86.18736, 30.36749], [-86.19107, 30.36843], [-86.1939, 30.36915], [-86.19571, 30.36963], [-86.19739, 30.37004], [-86.20111, 30.37099], [-86.20744, 30.37259], [-86.20829, 30.37279], [-86.20923, 30.37298], [-86.21027, 30.37317], [-86.2112, 30.37332], [-86.2122, 30.37346], [-86.21297, 30.37355], [-86.2141, 30.37366], [-86.2153, 30.37375], [-86.21616, 30.3738], [-86.217, 30.37383], [-86.21723, 30.37383], [-86.21752, 30.37384], [-86.21986, 30.37389], [-86.22063, 30.37391], [-86.22258, 30.37395], [-86.22602, 30.37403], [-86.2287, 30.37408], [-86.22903, 30.37409], [-86.22904, 30.3739], [-86.22911, 30.37283], [-86.22914, 30.37199], [-86.22918, 30.37062], [-86.22921, 30.36983], [-86.22935, 30.3657], [-86.22943, 30.36412], [-86.22952, 30.36107], [-86.22962, 30.35781], [-86.22965, 30.35734], [-86.22971, 30.35603], [-86.22976, 30.35464], [-86.2298, 30.35388], [-86.2298, 30.35371], [-86.2298, 30.35355], [-86.22981, 30.35342], [-86.22983, 30.35317], [-86.22984, 30.35281], [-86.22985, 30.35249], [-86.22988, 30.35189], [-86.22988, 30.35185], [-86.22989, 30.35171], [-86.22992, 30.3507], [-86.22999, 30.34906], [-86.23, 30.34898], [-86.23, 30.3489], [-86.23003, 30.34824]]]}}, {"type": "Feature", "properties": {"tract_id": "12131950610", "name": "Census Tract 9506.10", "income_2020": 140781, "poverty_rate_2020": 4.0, "population_2020": 4773}, "geometry": {"type": "Polygon", "coordinates": [[[-86.17973, 30.33094], [-86.17974, 30.32705], [-86.12466, 30.31029], [-86.12116, 30.30922], [-86.09797, 30.30189], [-86.09775, 30.30589], [-86.09738, 30.30651], [-86.09724, 30.30665], [-86.09703, 30.30676], [-86.09684, 30.30679], [-86.09626, 30.30671], [-86.0957, 30.30693], [-86.09397, 30.30907], [-86.09278, 30.31024], [-86.09279, 30.31029], [-86.09297, 30.31246], [-86.09299, 30.31268], [-86.09298, 30.31297], [-86.09218, 30.31295], [-86.09196, 30.31294], [-86.09174, 30.31292], [-86.09143, 30.31289], [-86.09129, 30.31287], [-86.09113, 30.31284], [-86.09104, 30.31283], [-86.09081, 30.31279], [-86.09062, 30.31274], [-86.09034, 30.31267], [-86.08998, 30.31256], [-86.08963, 30.31244], [-86.08914, 30.31223], [-86.08819, 30.31183], [-86.08793, 30.31172], [-86.08782, 30.31168], [-86.08664, 30.31117], [-86.08591, 30.31086], [-86.08535, 30.31062], [-86.08349, 30.30981], [-86.08211, 30.30923], [-86.08044, 30.30851], [-86.07973, 30.30822], [-86.0794, 30.30807], [-86.07873, 30.30779], [-86.07735, 30.3072], [-86.07198, 30.30491], [-86.07136, 30.30465], [-86.06724, 30.30291], [-86.067, 30.30281], [-86.06537, 30.30212], [-86.06515, 30.30202], [-86.06509, 30.30199], [-86.06392, 30.3015], [-86.06333, 30.30125], [-86.06243, 30.30086], [-86.06141, 30.30043], [-86.06121, 30.30034], [-86.06069, 30.30007], [-86.06039, 30.29988], [-86.06005, 30.29964], [-86.05973, 30.29937], [-86.05942, 30.29906], [-86.05915, 30.29875], [-86.05892, 30.29844], [-86.05871, 30.2981], [-86.0586, 30.29793], [-86.05848, 30.29774], [-86.0584, 30.2976], [-86.05777, 30.29658], [-86.05716, 30.29562], [-86.0568, 30.29502], [-86.05625, 30.29412], [-86.05614, 30.29394], [-86.05581, 30.29347], [-86.05555, 30.29317], [-86.05529, 30.2929], [-86.05484, 30.29254], [-86.05464, 30.29239], [-86.05436, 30.29221], [-86.05398, 30.292], [-86.05385, 30.29194], [-86.05365, 30.29184], [-86.05334, 30.2917], [-86.05052, 30.2907], [-86.04923, 30.29025], [-86.04779, 30.28974], [-86.04674, 30.28937], [-86.0462, 30.28918], [-86.0457, 30.289], [-86.04531, 30.28886], [-86.045, 30.28875], [-86.04462, 30.28862], [-86.0437, 30.28829], [-86.04368, 30.28828], [-86.04276, 30.28794], [-86.04225, 30.28779], [-86.04197, 30.28769], [-86.04117, 30.28743], [-86.04084, 30.28734], [-86.04048, 30.28725], [-86.03994, 30.28717], [-86.0396, 30.28712], [-86.03928, 30.28708], [-86.03914, 30.28707], [-86.039, 30.28706], [-86.03863, 30.28705], [-86.03861, 30.28705], [-86.03821, 30.28704], [-86.03804, 30.28705], [-86.03783, 30.28707], [-86.03715, 30.28707], [-86.03695, 30.28707], [-86.03668, 30.28706], [-86.03669, 30.28726], [-86.03664, 30.2882], [-86.03664, 30.28858], [-86.03666, 30.28894], [-86.0367, 30.28918], [-86.03676, 30.28946], [-86.0368, 30.28963], [-86.03686, 30.28984], [-86.03686, 30.2901], [-86.03686, 30.2903], [-86.03686, 30.29042], [-86.03681, 30.29054], [-86.03669, 30.29083], [-86.03658, 30.29111], [-86.03636, 30.2914], [-86.03595, 30.29179], [-86.03541, 30.29223], [-86.03486, 30.29265], [-86.03394, 30.29313], [-86.03318, 30.29341], [-86.03204, 30.29384], [-86.0309, 30.29425], [-86.02984, 30.29468], [-86.02905, 30.29495], [-86.02873, 30.29505], [-86.02832, 30.2952], [-86.02779, 30.2953], [-86.02718, 30.29532], [-86.02642, 30.29526], [-86.02585, 30.29523], [-86.02549, 30.29526], [-86.02523, 30.29533], [-86.02495, 30.29543], [-86.02465, 30.29557], [-86.02439, 30.29565], [-86.02417, 30.2958], [-86.02282, 30.29428], [-86.02197, 30.29332], [-86.01942, 30.29044], [-86.01778, 30.28857], [-86.0173, 30.28798], [-86.01697, 30.2876], [-86.01429, 30.28459], [-86.01357, 30.28376], [-86.0124, 30.28244], [-86.01163, 30.28157], [-86.01107, 30.28099], [-86.01012, 30.28007], [-86.00946, 30.2795], [-86.00882, 30.279], [-86.00806, 30.2785], [-86.00703, 30.27785], [-86.0059, 30.27722], [-86.00547, 30.27698], [-86.00388, 30.27608], [-86.00249, 30.2753], [-86.00223, 30.27515], [-86.00177, 30.27489], [-86.00111, 30.27459], [-86.00064, 30.27442], [-86.00046, 30.27437], [-86.00005, 30.27427], [-85.99982, 30.27423], [-85.99946, 30.27418], [-85.99911, 30.27414], [-85.99884, 30.27412], [-85.99846, 30.27412], [-85.9981, 30.27414], [-85.9977, 30.27417], [-85.99736, 30.27423], [-85.99702, 30.2743], [-85.99645, 30.27445], [-85.99617, 30.27453], [-85.99577, 30.27465], [-85.99573, 30.27466], [-85.99573, 30.27485], [-85.99573, 30.27498], [-85.9957, 30.27563], [-85.9957, 30.27575], [-85.99567, 30.27652], [-85.99566, 30.27717], [-85.99556, 30.28028], [-85.99555, 30.28044], [-85.99555, 30.2805], [-85.99553, 30.28131], [-85.9955, 30.28214], [-85.99548, 30.28271], [-85.99547, 30.28309], [-85.99545, 30.28358], [-85.9954, 30.28572], [-85.99525, 30.2908], [-85.99516, 30.29425], [-85.99511, 30.29611], [-85.99504, 30.29815], [-85.99484, 30.30384], [-85.9947, 30.30767], [-85.99467, 30.3085], [-85.99462, 30.3097], [-85.99465, 30.31024], [-85.99468, 30.311], [-85.99469, 30.31118], [-85.99469, 30.31126], [-85.9947, 30.31134], [-85.99471, 30.3117], [-85.99489, 30.31172], [-85.99616, 30.31193], [-85.99736, 30.31214], [-85.99798, 30.31227], [-86.00008, 30.31291], [-86.00296, 30.31431], [-86.00479, 30.31545], [-86.00607, 30.31645], [-86.00743, 30.31789], [-86.00828, 30.31892], [-86.01042, 30.32183], [-86.01252, 30.32487], [-86.01435, 30.32718], [-86.02018, 30.33563], [-86.02369, 30.34045], [-86.02516, 30.34255], [-86.02734, 30.34452], [-86.03231, 30.34776], [-86.03449, 30.34891], [-86.03665, 30.34979], [-86.03832, 30.35026], [-86.04053, 30.35065], [-86.04355, 30.35098], [-86.04586, 30.35129], [-86.04723, 30.35147], [-86.0642, 30.35368], [-86.06912, 30.3543], [-86.08206, 30.35594], [-86.0835, 30.35631], [-86.0852, 30.35664], [-86.08679, 30.35724], [-86.08843, 30.35793], [-86.08997, 30.35887], [-86.0913, 30.35977], [-86.09219, 30.36057], [-86.09306, 30.36145], [-86.09379, 30.36241], [-86.09538, 30.36408], [-86.09698, 30.36578], [-86.10032, 30.36928], [-86.10038, 30.36921], [-86.10324, 30.37256], [-86.10453, 30.37353], [-86.10532, 30.37463], [-86.10577, 30.37529], [-86.10709, 30.37655], [-86.11014, 30.37743], [-86.11023, 30.37746], [-86.11209, 30.37854], [-86.11669, 30.38023], [-86.11686, 30.38031], [-86.11761, 30.37984], [-86.11775, 30.37954], [-86.11846, 30.37942], [-86.11862, 30.37915], [-86.11912, 30.37899], [-86.11917, 30.3789], [-86.11972, 30.37882], [-86.12264, 30.37844], [-86.12253, 30.37837], [-86.12229, 30.37821], [-86.12169, 30.37805], [-86.12137, 30.3778], [-86.12084, 30.37754], [-86.12073, 30.37745], [-86.12044, 30.3772], [-86.11952, 30.37695], [-86.11917, 30.37672], [-86.11944, 30.37647], [-86.11965, 30.37585], [-86.12017, 30.375], [-86.12036, 30.37456], [-86.12033, 30.37456], [-86.1197, 30.37453], [-86.11904, 30.3743], [-86.1188, 30.37404], [-86.1188, 30.37333], [-86.11861, 30.37313], [-86.11835, 30.37299], [-86.11803, 30.37297], [-86.11761, 30.37327], [-86.11725, 30.37343], [-86.11705, 30.37352], [-86.11671, 30.37359], [-86.11629, 30.37338], [-86.11539, 30.37267], [-86.11501, 30.37256], [-86.11505, 30.37239], [-86.11511, 30.37211], [-86.1152, 30.37132], [-86.1153, 30.37058], [-86.11534, 30.37027], [-86.11537, 30.37006], [-86.1154, 30.36988], [-86.1155, 30.36933], [-86.1156, 30.36877], [-86.11568, 30.36851], [-86.11581, 30.36814], [-86.11585, 30.36803], [-86.11593, 30.36793], [-86.116, 30.36781], [-86.11636, 30.36733], [-86.11661, 30.36711], [-86.11689, 30.36692], [-86.11722, 30.36669], [-86.11745, 30.36657], [-86.11795, 30.36635], [-86.1197, 30.36563], [-86.12036, 30.36541], [-86.12042, 30.36538], [-86.12073, 30.36527], [-86.12098, 30.36515], [-86.12103, 30.36513], [-86.12118, 30.36504], [-86.12165, 30.36477], [-86.12193, 30.36451], [-86.12208, 30.36437], [-86.1222, 30.36425], [-86.12466, 30.36191], [-86.12499, 30.36159], [-86.12527, 30.36134], [-86.1255, 30.36112], [-86.12869, 30.35819], [-86.12966, 30.35726], [-86.12991, 30.35703], [-86.13103, 30.35598], [-86.13152, 30.35552], [-86.13199, 30.35509], [-86.1322, 30.35488], [-86.13242, 30.35462], [-86.13261, 30.35435], [-86.13286, 30.3539], [-86.13302, 30.35359], [-86.13313, 30.35327], [-86.13327, 30.35282], [-86.13336, 30.35209], [-86.13335, 30.35186], [-86.13333, 30.35162], [-86.13329, 30.35132], [-86.13317, 30.3508], [-86.13285, 30.3495], [-86.13275, 30.34913], [-86.1325, 30.34809], [-86.13238, 30.34758], [-86.13226, 30.34684], [-86.13213, 30.34608], [-86.13163, 30.34266], [-86.13161, 30.34251], [-86.13137, 30.34082], [-86.13123, 30.33988], [-86.1311, 30.33927], [-86.13103, 30.33903], [-86.13094, 30.33874], [-86.13074, 30.33825], [-86.13049, 30.33772], [-86.1303, 30.33738], [-86.13013, 30.33711], [-86.12955, 30.33629], [-86.12944, 30.33613], [-86.12935, 30.33595], [-86.12922, 30.33569], [-86.12911, 30.33538], [-86.12903, 30.33509], [-86.12899, 30.33484], [-86.12896, 30.33466], [-86.12895, 30.33451], [-86.12895, 30.33418], [-86.12897, 30.3338], [-86.12899, 30.33312], [-86.12898, 30.33281], [-86.12895, 30.33254], [-86.12893, 30.33233], [-86.12889, 30.33209], [-86.12884, 30.33185], [-86.1288, 30.33168], [-86.12873, 30.33147], [-86.1287, 30.33134], [-86.12862, 30.33111], [-86.12844, 30.33066], [-86.12843, 30.33062], [-86.12777, 30.32935], [-86.12695, 30.32775], [-86.1269, 30.32763], [-86.12686, 30.32756], [-86.12622, 30.32632], [-86.12616, 30.32618], [-86.12599, 30.32585], [-86.12591, 30.32563], [-86.12583, 30.3254], [-86.12575, 30.32509], [-86.12569, 30.32475], [-86.12565, 30.32444], [-86.12565, 30.32413], [-86.12566, 30.32387], [-86.1257, 30.32353], [-86.12574, 30.32336], [-86.12577, 30.32326], [-86.12579, 30.32312], [-86.12591, 30.32276], [-86.12603, 30.32246], [-86.12631, 30.32196], [-86.12669, 30.32141], [-86.12678, 30.32129], [-86.12728, 30.32058], [-86.12746, 30.32033], [-86.12751, 30.32025], [-86.12784, 30.31978], [-86.12833, 30.31905], [-86.12885, 30.31818], [-86.12943, 30.31705], [-86.12857, 30.3168], [-86.12776, 30.31662], [-86.12684, 30.31641], [-86.12604, 30.31624], [-86.12533, 30.31609], [-86.12535, 30.31568], [-86.12507, 30.31559], [-86.12466, 30.31548], [-86.12397, 30.31532], [-86.12399, 30.31497], [-86.1241, 30.31399], [-86.125, 30.31435], [-86.13184, 30.31633], [-86.1334, 30.31693], [-86.14153, 30.31947], [-86.1451, 30.32083], [-86.15091, 30.32269], [-86.15197, 30.32292], [-86.15308, 30.32326], [-86.15464, 30.32365], [-86.15593, 30.32409], [-86.15976, 30.32482], [-86.16409, 30.32636], [-86.16576, 30.32686], [-86.16671, 30.32727], [-86.16719, 30.32741], [-86.16797, 30.32762], [-86.16847, 30.32776], [-86.16906, 30.32792], [-86.16996, 30.32808], [-86.17078, 30.32847], [-86.1726, 30.32897], [-86.1745, 30.32927], [-86.17585, 30.32984], [-86.17677, 30.33], [-86.17765, 30.33042], [-86.17883, 30.33062], [-86.17973, 30.33094]]]}}, {"type": "Feature", "properties": {"tract_id": "12131950305", "name": "Census Tract 9503.05", "income_2020": 67262, "poverty_rate_2020": 16.0, "population_2020": 3243}, "geometry": {"type": "Polygon", "coordinates": [[[-86.39429, 30.46744], [-86.39429, 30.46738], [-86.39424, 30.46727], [-86.3942, 30.46717], [-86.39417, 30.46708], [-86.39417, 30.46674], [-86.39423, 30.46432], [-86.39424, 30.46408], [-86.39384, 30.46407], [-86.39185, 30.46402], [-86.39, 30.46399], [-86.38965, 30.46399], [-86.38601, 30.46398], [-86.38592, 30.46222], [-86.38594, 30.46201], [-86.38598, 30.4607], [-86.38227, 30.46071], [-86.37982, 30.46172], [-86.37882, 30.46198], [-86.37877, 30.46199], [-86.37862, 30.46203], [-86.37844, 30.46216], [-86.37823, 30.46225], [-86.37821, 30.46225], [-86.37819, 30.46223], [-86.37794, 30.46231], [-86.37618, 30.46325], [-86.37495, 30.46362], [-86.37493, 30.46315], [-86.37288, 30.46372], [-86.36917, 30.46441], [-86.3691, 30.46442], [-86.36915, 30.4649], [-86.36916, 30.46509], [-86.36906, 30.46781], [-86.36688, 30.46778], [-86.36661, 30.46791], [-86.36562, 30.46842], [-86.36523, 30.46863], [-86.36484, 30.46889], [-86.36376, 30.46945], [-86.3607, 30.47104], [-86.35524, 30.47388], [-86.35341, 30.4748], [-86.34173, 30.48089], [-86.33103, 30.48577], [-86.3303, 30.4861], [-86.3219, 30.49003], [-86.3218, 30.49007], [-86.31025, 30.49545], [-86.31013, 30.49548], [-86.31017, 30.49564], [-86.31098, 30.49856], [-86.31125, 30.49956], [-86.31143, 30.50022], [-86.31206, 30.50225], [-86.31203, 30.50237], [-86.30136, 30.5092], [-86.3003, 30.5094], [-86.30001, 30.5097], [-86.29999, 30.51016], [-86.29577, 30.51331], [-86.29554, 30.51348], [-86.29245, 30.51556], [-86.29219, 30.51546], [-86.29175, 30.51526], [-86.29106, 30.51507], [-86.28716, 30.51436], [-86.28344, 30.51376], [-86.28182, 30.51364], [-86.28069, 30.51363], [-86.27959, 30.51371], [-86.27453, 30.51458], [-86.27309, 30.51469], [-86.27209, 30.51473], [-86.26976, 30.51498], [-86.26828, 30.5152], [-86.26546, 30.51595], [-86.26455, 30.51614], [-86.26143, 30.51624], [-86.25962, 30.51621], [-86.25814, 30.51608], [-86.2563, 30.51622], [-86.2549, 30.51604], [-86.25172, 30.51608], [-86.25034, 30.51638], [-86.24997, 30.51637], [-86.24641, 30.51632], [-86.23615, 30.51792], [-86.23298, 30.51865], [-86.2319, 30.51885], [-86.22774, 30.51948], [-86.21703, 30.52121], [-86.21692, 30.52118], [-86.21683, 30.52133], [-86.21624, 30.5214], [-86.21612, 30.52141], [-86.2117, 30.52214], [-86.21168, 30.52226], [-86.20969, 30.52245], [-86.20537, 30.52313], [-86.19769, 30.52435], [-86.19576, 30.52465], [-86.19149, 30.52534], [-86.19148, 30.52896], [-86.19148, 30.53593], [-86.19149, 30.5427], [-86.19144, 30.54582], [-86.19141, 30.54747], [-86.19136, 30.55421], [-86.18851, 30.5545], [-86.18844, 30.55451], [-86.1847, 30.55496], [-86.18341, 30.55512], [-86.18253, 30.55527], [-86.18155, 30.55548], [-86.17957, 30.55605], [-86.17267, 30.55804], [-86.16531, 30.56019], [-86.16341, 30.56076], [-86.15319, 30.56372], [-86.15269, 30.56392], [-86.15202, 30.56424], [-86.15157, 30.56453], [-86.15112, 30.56488], [-86.15056, 30.56541], [-86.14867, 30.5678], [-86.14857, 30.56793], [-86.1432, 30.57456], [-86.14223, 30.57574], [-86.14188, 30.57606], [-86.14138, 30.57647], [-86.14093, 30.57683], [-86.14042, 30.57713], [-86.13986, 30.57744], [-86.13921, 30.57774], [-86.13556, 30.57955], [-86.13523, 30.5797], [-86.12519, 30.58454], [-86.12497, 30.58465], [-86.11857, 30.58773], [-86.11293, 30.59053], [-86.11265, 30.59067], [-86.10989, 30.59214], [-86.10998, 30.59305], [-86.11008, 30.59409], [-86.11012, 30.59453], [-86.11032, 30.59651], [-86.11045, 30.59734], [-86.11059, 30.59796], [-86.11059, 30.59799], [-86.11073, 30.59854], [-86.11109, 30.59965], [-86.11162, 30.6013], [-86.11209, 30.60276], [-86.11227, 30.60339], [-86.11261, 30.60456], [-86.11355, 30.60754], [-86.11386, 30.60848], [-86.11454, 30.61056], [-86.1147, 30.61113], [-86.11488, 30.61177], [-86.11502, 30.61231], [-86.11521, 30.61284], [-86.11524, 30.61292], [-86.11535, 30.61325], [-86.11571, 30.61431], [-86.11575, 30.61444], [-86.11677, 30.61774], [-86.11692, 30.61824], [-86.11712, 30.61892], [-86.11736, 30.62013], [-86.11739, 30.62066], [-86.11746, 30.62153], [-86.11743, 30.62331], [-86.11733, 30.6241], [-86.11715, 30.62528], [-86.11705, 30.62588], [-86.117, 30.62616], [-86.11663, 30.62868], [-86.11608, 30.63249], [-86.11602, 30.6329], [-86.11598, 30.6332], [-86.11597, 30.63331], [-86.11595, 30.63345], [-86.11586, 30.63413], [-86.11557, 30.63627], [-86.11518, 30.63893], [-86.11513, 30.63923], [-86.11502, 30.63989], [-86.1149, 30.64075], [-86.11482, 30.64125], [-86.11475, 30.64173], [-86.11457, 30.64292], [-86.11449, 30.64343], [-86.11447, 30.64357], [-86.11436, 30.64434], [-86.11433, 30.64451], [-86.11425, 30.64512], [-86.11421, 30.64539], [-86.11417, 30.64563], [-86.11406, 30.64632], [-86.11397, 30.64718], [-86.11395, 30.64747], [-86.11392, 30.64785], [-86.11393, 30.64814], [-86.11392, 30.64867], [-86.11396, 30.64902], [-86.11396, 30.64906], [-86.11398, 30.64925], [-86.11399, 30.64942], [-86.11408, 30.64977], [-86.11419, 30.65026], [-86.11434, 30.6509], [-86.11465, 30.65172], [-86.11467, 30.65177], [-86.11473, 30.65191], [-86.11513, 30.65268], [-86.11567, 30.65357], [-86.11572, 30.65364], [-86.11582, 30.6538], [-86.11696, 30.65546], [-86.11757, 30.65634], [-86.11831, 30.65745], [-86.11902, 30.65851], [-86.11917, 30.65874], [-86.11947, 30.65917], [-86.12008, 30.66005], [-86.12011, 30.6601], [-86.12024, 30.6603], [-86.12056, 30.66079], [-86.12121, 30.66184], [-86.12124, 30.66188], [-86.12128, 30.66197], [-86.12135, 30.66212], [-86.12191, 30.66332], [-86.1221, 30.66386], [-86.12249, 30.66518], [-86.12272, 30.66638], [-86.12286, 30.66747], [-86.12287, 30.66841], [-86.12287, 30.66849], [-86.12286, 30.6697], [-86.12286, 30.67022], [-86.12286, 30.67032], [-86.12285, 30.67075], [-86.12284, 30.67126], [-86.12282, 30.67231], [-86.12282, 30.67245], [-86.12282, 30.67252], [-86.12281, 30.67312], [-86.12281, 30.67317], [-86.12281, 30.67442], [-86.12281, 30.67463], [-86.1228, 30.67529], [-86.1228, 30.67541], [-86.1228, 30.67581], [-86.1228, 30.67592], [-86.1228, 30.67602], [-86.12279, 30.67666], [-86.12278, 30.67748], [-86.12278, 30.6776], [-86.12275, 30.67974], [-86.12273, 30.68233], [-86.1227, 30.68365], [-86.12268, 30.68592], [-86.12268, 30.68735], [-86.12268, 30.68826], [-86.12268, 30.6888], [-86.12265, 30.69076], [-86.12264, 30.69116], [-86.12263, 30.692], [-86.12262, 30.69227], [-86.1226, 30.69309], [-86.1226, 30.69352], [-86.1226, 30.6937], [-86.12257, 30.69659], [-86.1226, 30.69853], [-86.12262, 30.69952], [-86.12262, 30.69972], [-86.12261, 30.7002], [-86.12261, 30.70032], [-86.12261, 30.70056], [-86.12261, 30.70081], [-86.12261, 30.70102], [-86.1226, 30.70115], [-86.1226, 30.70129], [-86.12261, 30.70209], [-86.12261, 30.70246], [-86.12261, 30.70276], [-86.12259, 30.70388], [-86.1226, 30.70486], [-86.12263, 30.70515], [-86.1227, 30.70583], [-86.12276, 30.70629], [-86.12282, 30.70669], [-86.12283, 30.70677], [-86.12289, 30.70784], [-86.12289, 30.70795], [-86.12286, 30.71034], [-86.12286, 30.71106], [-86.12286, 30.71219], [-86.12286, 30.71318], [-86.12286, 30.714], [-86.12286, 30.71434], [-86.1228, 30.71523], [-86.12275, 30.71556], [-86.12257, 30.71635], [-86.12249, 30.71665], [-86.12234, 30.71711], [-86.12171, 30.71872], [-86.12135, 30.71967], [-86.12113, 30.72024], [-86.12099, 30.7206], [-86.12094, 30.72073], [-86.12046, 30.72188], [-86.12076, 30.72202], [-86.12131, 30.72233], [-86.12188, 30.72266], [-86.12219, 30.72282], [-86.12296, 30.72325], [-86.1235, 30.72351], [-86.12369, 30.7236], [-86.12458, 30.72396], [-86.12495, 30.72412], [-86.12567, 30.72441], [-86.12708, 30.72499], [-86.12783, 30.72533], [-86.12891, 30.72583], [-86.1299, 30.7263], [-86.13098, 30.72681], [-86.13209, 30.72736], [-86.13245, 30.72752], [-86.13307, 30.72781], [-86.13312, 30.72784], [-86.13396, 30.72824], [-86.13474, 30.72861], [-86.13603, 30.72921], [-86.13772, 30.73001], [-86.13877, 30.73051], [-86.13909, 30.73066], [-86.13974, 30.73097], [-86.14004, 30.73112], [-86.14015, 30.73117], [-86.14098, 30.73158], [-86.14203, 30.73208], [-86.14238, 30.73226], [-86.14295, 30.73253], [-86.14353, 30.73276], [-86.14422, 30.73303], [-86.14468, 30.73319], [-86.14514, 30.73334], [-86.1458, 30.73351], [-86.14603, 30.73357], [-86.14628, 30.73362], [-86.14695, 30.73378], [-86.14864, 30.73409], [-86.14994, 30.73433], [-86.15015, 30.73437], [-86.15031, 30.73439], [-86.15213, 30.73468], [-86.15231, 30.73471], [-86.15266, 30.73477], [-86.15293, 30.73482], [-86.15308, 30.73485], [-86.15426, 30.73506], [-86.15639, 30.73544], [-86.15746, 30.73562], [-86.15803, 30.73572], [-86.15847, 30.7358], [-86.15912, 30.73592], [-86.16473, 30.73694], [-86.16695, 30.73734], [-86.16717, 30.73738], [-86.16751, 30.73744], [-86.16838, 30.7376], [-86.16984, 30.73786], [-86.17015, 30.73791], [-86.17026, 30.73793], [-86.17152, 30.73816], [-86.17201, 30.73825], [-86.17354, 30.73852], [-86.17421, 30.73864], [-86.17871, 30.73945], [-86.18033, 30.73974], [-86.18256, 30.74015], [-86.18582, 30.74074], [-86.18806, 30.74115], [-86.19084, 30.74165], [-86.19321, 30.74209], [-86.20095, 30.7435], [-86.20696, 30.74459], [-86.21022, 30.74518], [-86.21283, 30.74564], [-86.21384, 30.74577], [-86.2146, 30.74586], [-86.21585, 30.74596], [-86.21638, 30.746], [-86.22604, 30.74641], [-86.22759, 30.74646], [-86.23049, 30.74659], [-86.23189, 30.7467], [-86.23285, 30.74685], [-86.23361, 30.74699], [-86.23524, 30.74734], [-86.23603, 30.74752], [-86.24027, 30.74848], [-86.24085, 30.74861], [-86.24104, 30.74866], [-86.24152, 30.74876], [-86.24236, 30.74895], [-86.24301, 30.74908], [-86.24371, 30.7492], [-86.24442, 30.7493], [-86.2451, 30.74937], [-86.24563, 30.74941], [-86.24617, 30.74943], [-86.24739, 30.74946], [-86.2501, 30.74952], [-86.25274, 30.74959], [-86.25715, 30.74968], [-86.25756, 30.74969], [-86.26124, 30.74979], [-86.2617, 30.7498], [-86.26263, 30.74985], [-86.26272, 30.74986], [-86.26357, 30.74992], [-86.26461, 30.75001], [-86.26527, 30.75008], [-86.26547, 30.75011], [-86.26708, 30.75027], [-86.27302, 30.75088], [-86.27512, 30.7511], [-86.2771, 30.7513], [-86.27899, 30.7515], [-86.28082, 30.75169], [-86.28126, 30.75172], [-86.28148, 30.75173], [-86.28192, 30.75172], [-86.28215, 30.75172], [-86.28237, 30.75171], [-86.28282, 30.75167], [-86.28289, 30.75166], [-86.28326, 30.75161], [-86.28348, 30.75158], [-86.28392, 30.7515], [-86.28414, 30.75145], [-86.28435, 30.7514], [-86.28483, 30.75125], [-86.28504, 30.75121], [-86.28522, 30.75115], [-86.28552, 30.75108], [-86.29006, 30.74984], [-86.2928, 30.74909], [-86.29556, 30.74834], [-86.29748, 30.74782], [-86.2984, 30.74758], [-86.3043, 30.74596], [-86.30883, 30.74471], [-86.31368, 30.74339], [-86.31463, 30.74314], [-86.31557, 30.74294], [-86.31618, 30.74282], [-86.31667, 30.74272], [-86.3175, 30.74256], [-86.31792, 30.74249], [-86.31858, 30.74241], [-86.31872, 30.74241], [-86.31926, 30.74237], [-86.31989, 30.74232], [-86.32052, 30.74227], [-86.32127, 30.74217], [-86.32209, 30.74201], [-86.32347, 30.74166], [-86.32425, 30.74144], [-86.32451, 30.74137], [-86.32548, 30.74113], [-86.3266, 30.74092], [-86.32785, 30.74069], [-86.32885, 30.74051], [-86.33289, 30.73978], [-86.33303, 30.73975], [-86.33705, 30.73902], [-86.33802, 30.73884], [-86.33933, 30.73861], [-86.34349, 30.73785], [-86.34607, 30.73738], [-86.3484, 30.73695], [-86.34905, 30.73683], [-86.35045, 30.73657], [-86.35494, 30.73576], [-86.35532, 30.73572], [-86.35558, 30.73568], [-86.35622, 30.73566], [-86.35657, 30.73566], [-86.35698, 30.73567], [-86.35731, 30.7357], [-86.35763, 30.73573], [-86.35808, 30.73579], [-86.35853, 30.73587], [-86.35852, 30.7356], [-86.35852, 30.73532], [-86.35851, 30.73521], [-86.35851, 30.73512], [-86.35853, 30.73286], [-86.35853, 30.73269], [-86.35853, 30.73253], [-86.35854, 30.73082], [-86.35854, 30.73032], [-86.35854, 30.73006], [-86.36556, 30.73012], [-86.37058, 30.73016], [-86.37524, 30.7302], [-86.37526, 30.73001], [-86.37528, 30.72875], [-86.37527, 30.72782], [-86.37524, 30.72289], [-86.37628, 30.72283], [-86.38507, 30.72229], [-86.39013, 30.72198], [-86.3916, 30.72189], [-86.39178, 30.70803], [-86.39178, 30.70793], [-86.39179, 30.70783], [-86.39184, 30.70686], [-86.39185, 30.70644], [-86.39186, 30.70618], [-86.39194, 30.70375], [-86.39194, 30.70364], [-86.39203, 30.70094], [-86.39226, 30.69402], [-86.39211, 30.69044], [-86.39186, 30.68073], [-86.39181, 30.67923], [-86.39174, 30.67682], [-86.39175, 30.67262], [-86.39172, 30.67156], [-86.39159, 30.66772], [-86.39161, 30.66541], [-86.39158, 30.66467], [-86.39157, 30.66453], [-86.39148, 30.66254], [-86.39149, 30.66138], [-86.3915, 30.6596], [-86.39154, 30.65525], [-86.39155, 30.65379], [-86.39156, 30.65252], [-86.39156, 30.6517], [-86.39158, 30.65045], [-86.39166, 30.64607], [-86.39166, 30.64561], [-86.39168, 30.64189], [-86.39189, 30.63542], [-86.39221, 30.62754], [-86.39218, 30.6274], [-86.39195, 30.62523], [-86.39195, 30.625], [-86.39196, 30.62339], [-86.39196, 30.62298], [-86.39196, 30.62297], [-86.39178, 30.6204], [-86.39186, 30.61435], [-86.39187, 30.61394], [-86.39196, 30.60705], [-86.39201, 30.6036], [-86.39201, 30.6034], [-86.39207, 30.59964], [-86.3921, 30.59728], [-86.39215, 30.59365], [-86.3922, 30.59021], [-86.3923, 30.58256], [-86.3923, 30.58229], [-86.39237, 30.57809], [-86.39242, 30.57499], [-86.3924, 30.5743], [-86.39245, 30.57139], [-86.39246, 30.56937], [-86.39249, 30.56897], [-86.39253, 30.56527], [-86.39257, 30.56454], [-86.39259, 30.56405], [-86.3926, 30.56317], [-86.3926, 30.56299], [-86.39265, 30.5628], [-86.39271, 30.56269], [-86.39287, 30.55311], [-86.39296, 30.54791], [-86.39296, 30.5477], [-86.39302, 30.53257], [-86.39302, 30.53219], [-86.39302, 30.52657], [-86.39302, 30.52633], [-86.39301, 30.52596], [-86.39301, 30.5257], [-86.393, 30.52384], [-86.393, 30.52344], [-86.39294, 30.51295], [-86.39294, 30.51273], [-86.39296, 30.51162], [-86.39325, 30.49715], [-86.39355, 30.49354], [-86.39355, 30.49344], [-86.39355, 30.49337], [-86.39402, 30.47879], [-86.39407, 30.4773], [-86.39419, 30.47328], [-86.39419, 30.47306], [-86.39424, 30.47037], [-86.39424, 30.4702], [-86.39424, 30.47012], [-86.39422, 30.46881], [-86.39429, 30.46744]]]}}, {"type": "Feature", "properties": {"tract_id": "12131950306", "name": "Census Tract 9503.06", "income_2020": 62139, "poverty_rate_2020": 4.3, "population_2020": 3019}, "geometry": {"type": "Polygon", "coordinates": [[[-86.36916, 30.46509], [-86.36915, 30.4649], [-86.36845, 30.46494], [-86.36705, 30.46506], [-86.36599, 30.46515], [-86.36395, 30.46528], [-86.36322, 30.46531], [-86.36071, 30.46547], [-86.36043, 30.46549], [-86.35907, 30.46557], [-86.35841, 30.46562], [-86.35761, 30.46571], [-86.35548, 30.46597], [-86.35494, 30.46608], [-86.35411, 30.46625], [-86.35358, 30.46638], [-86.35234, 30.46665], [-86.35187, 30.46676], [-86.35149, 30.46687], [-86.35124, 30.46693], [-86.35036, 30.46721], [-86.34931, 30.46755], [-86.34817, 30.46797], [-86.34718, 30.46834], [-86.34585, 30.4689], [-86.34543, 30.46909], [-86.34384, 30.46986], [-86.34293, 30.47035], [-86.34189, 30.4709], [-86.34074, 30.47154], [-86.34023, 30.47181], [-86.33977, 30.47206], [-86.3393, 30.47232], [-86.33819, 30.47302], [-86.33771, 30.47331], [-86.337, 30.47375], [-86.33634, 30.47416], [-86.33598, 30.47437], [-86.33565, 30.47456], [-86.33465, 30.47512], [-86.33345, 30.47577], [-86.33301, 30.476], [-86.33295, 30.47603], [-86.32978, 30.47777], [-86.32918, 30.47808], [-86.32888, 30.47823], [-86.32863, 30.47834], [-86.32838, 30.47846], [-86.3281, 30.47858], [-86.32749, 30.47881], [-86.32693, 30.47901], [-86.32689, 30.47902], [-86.32621, 30.47922], [-86.32555, 30.47939], [-86.32509, 30.47948], [-86.32462, 30.47957], [-86.32419, 30.47964], [-86.32371, 30.4797], [-86.32332, 30.47974], [-86.32294, 30.47977], [-86.32242, 30.47979], [-86.32191, 30.4798], [-86.32131, 30.47979], [-86.32077, 30.47976], [-86.32029, 30.47972], [-86.31984, 30.47967], [-86.31929, 30.47959], [-86.31892, 30.47954], [-86.31858, 30.47946], [-86.31793, 30.47931], [-86.31731, 30.47915], [-86.3157, 30.47869], [-86.31479, 30.47849], [-86.31375, 30.47831], [-86.31323, 30.47824], [-86.31247, 30.47816], [-86.3118, 30.47812], [-86.31114, 30.4781], [-86.31049, 30.47809], [-86.30978, 30.47811], [-86.3093, 30.47813], [-86.30882, 30.47817], [-86.30782, 30.47829], [-86.30692, 30.47843], [-86.30473, 30.47887], [-86.29505, 30.48095], [-86.29363, 30.48126], [-86.29291, 30.48141], [-86.2905, 30.48195], [-86.2901, 30.48203], [-86.2888, 30.48231], [-86.28859, 30.48236], [-86.28806, 30.48247], [-86.28536, 30.48306], [-86.28343, 30.48347], [-86.28114, 30.48396], [-86.28085, 30.48403], [-86.28019, 30.48417], [-86.27947, 30.48433], [-86.27916, 30.4844], [-86.2769, 30.48488], [-86.2764, 30.48498], [-86.26864, 30.48664], [-86.26346, 30.48776], [-86.2613, 30.48822], [-86.26075, 30.48831], [-86.26038, 30.48836], [-86.26006, 30.48839], [-86.25953, 30.48845], [-86.25907, 30.48847], [-86.25858, 30.48849], [-86.25809, 30.4885], [-86.25722, 30.48847], [-86.2568, 30.48844], [-86.25632, 30.4884], [-86.25589, 30.48835], [-86.25552, 30.48829], [-86.25511, 30.48823], [-86.25424, 30.48805], [-86.25364, 30.48789], [-86.25362, 30.48789], [-86.2532, 30.48777], [-86.25307, 30.48773], [-86.25279, 30.48764], [-86.25271, 30.48762], [-86.25235, 30.48749], [-86.25161, 30.4872], [-86.25148, 30.48714], [-86.25117, 30.48701], [-86.25088, 30.48689], [-86.25047, 30.48671], [-86.25028, 30.48663], [-86.24997, 30.48651], [-86.2493, 30.48624], [-86.24908, 30.48615], [-86.24864, 30.48597], [-86.24781, 30.48563], [-86.24754, 30.48552], [-86.24734, 30.48544], [-86.24702, 30.48534], [-86.24692, 30.48531], [-86.24629, 30.48512], [-86.24589, 30.48502], [-86.24536, 30.48491], [-86.2449, 30.48482], [-86.24446, 30.48475], [-86.24381, 30.48467], [-86.24363, 30.48466], [-86.24332, 30.48463], [-86.2426, 30.4846], [-86.24208, 30.48462], [-86.2415, 30.48464], [-86.24102, 30.48468], [-86.24056, 30.48473], [-86.24004, 30.48481], [-86.23957, 30.48489], [-86.23913, 30.48499], [-86.23851, 30.48514], [-86.23792, 30.48531], [-86.23735, 30.48551], [-86.23694, 30.48567], [-86.2366, 30.48581], [-86.2362, 30.486], [-86.23311, 30.48757], [-86.23258, 30.48783], [-86.22904, 30.48961], [-86.22555, 30.49138], [-86.2217, 30.49334], [-86.21793, 30.49524], [-86.21669, 30.49588], [-86.21586, 30.49635], [-86.21518, 30.49675], [-86.21435, 30.49728], [-86.21312, 30.49809], [-86.21215, 30.4988], [-86.21051, 30.50011], [-86.20961, 30.5009], [-86.20891, 30.50153], [-86.20857, 30.50184], [-86.20667, 30.50355], [-86.20592, 30.50423], [-86.20448, 30.50555], [-86.20415, 30.50585], [-86.20333, 30.50659], [-86.20231, 30.50752], [-86.20124, 30.50848], [-86.2007, 30.50894], [-86.20027, 30.50928], [-86.19991, 30.50954], [-86.19949, 30.50981], [-86.19922, 30.50997], [-86.19831, 30.51049], [-86.19801, 30.51062], [-86.19757, 30.5108], [-86.19665, 30.51116], [-86.19616, 30.5113], [-86.1959, 30.51137], [-86.19558, 30.51145], [-86.19508, 30.51156], [-86.19471, 30.51163], [-86.19443, 30.51167], [-86.19427, 30.51169], [-86.19349, 30.51178], [-86.19157, 30.5119], [-86.19036, 30.51198], [-86.18917, 30.51204], [-86.18837, 30.51208], [-86.18687, 30.51217], [-86.18636, 30.5122], [-86.18343, 30.51237], [-86.18214, 30.51246], [-86.18087, 30.51249], [-86.18067, 30.51248], [-86.17973, 30.51244], [-86.17907, 30.51235], [-86.17888, 30.51233], [-86.17841, 30.51225], [-86.17773, 30.51211], [-86.17707, 30.51193], [-86.17678, 30.51184], [-86.17609, 30.51162], [-86.17196, 30.51029], [-86.17052, 30.50983], [-86.16899, 30.50934], [-86.16746, 30.50884], [-86.16687, 30.50865], [-86.16636, 30.50848], [-86.16632, 30.50847], [-86.16282, 30.50734], [-86.16243, 30.50721], [-86.16227, 30.50716], [-86.16206, 30.50709], [-86.16175, 30.50699], [-86.16133, 30.50686], [-86.16132, 30.50685], [-86.16079, 30.50668], [-86.15933, 30.5062], [-86.15889, 30.50606], [-86.158, 30.50577], [-86.15404, 30.50448], [-86.15374, 30.50439], [-86.15309, 30.50418], [-86.15254, 30.504], [-86.15231, 30.50393], [-86.15174, 30.50374], [-86.15116, 30.50356], [-86.15093, 30.50348], [-86.14962, 30.50305], [-86.14636, 30.502], [-86.14371, 30.50115], [-86.14354, 30.50109], [-86.14138, 30.50039], [-86.14118, 30.50032], [-86.14076, 30.50016], [-86.14017, 30.4999], [-86.13855, 30.49915], [-86.13625, 30.49807], [-86.13623, 30.49953], [-86.13623, 30.49963], [-86.13622, 30.49991], [-86.13617, 30.50016], [-86.13609, 30.50046], [-86.13601, 30.50065], [-86.13591, 30.50084], [-86.13579, 30.50102], [-86.13568, 30.50116], [-86.13554, 30.50132], [-86.13516, 30.50168], [-86.13478, 30.50208], [-86.13436, 30.50255], [-86.13411, 30.50286], [-86.13388, 30.50322], [-86.13356, 30.5037], [-86.13331, 30.50414], [-86.13305, 30.50464], [-86.13289, 30.50501], [-86.13268, 30.50559], [-86.13254, 30.50601], [-86.13242, 30.50648], [-86.13223, 30.50742], [-86.13192, 30.5095], [-86.13174, 30.51075], [-86.13165, 30.51131], [-86.13154, 30.51194], [-86.13146, 30.51247], [-86.13118, 30.51418], [-86.13087, 30.51613], [-86.13036, 30.51935], [-86.13007, 30.52116], [-86.13005, 30.52129], [-86.13002, 30.52152], [-86.12996, 30.52185], [-86.12993, 30.52205], [-86.12965, 30.52391], [-86.1295, 30.52489], [-86.12906, 30.52776], [-86.12879, 30.52942], [-86.12866, 30.53012], [-86.12847, 30.53081], [-86.12842, 30.53101], [-86.12841, 30.53103], [-86.12828, 30.53146], [-86.12817, 30.53178], [-86.12801, 30.53221], [-86.1279, 30.53248], [-86.12773, 30.53289], [-86.12755, 30.53328], [-86.12729, 30.53379], [-86.12694, 30.53438], [-86.12675, 30.53469], [-86.1265, 30.53511], [-86.12618, 30.53554], [-86.12562, 30.53627], [-86.12486, 30.53714], [-86.1242, 30.53784], [-86.12341, 30.53873], [-86.12283, 30.53936], [-86.122, 30.54027], [-86.12115, 30.54121], [-86.11755, 30.54517], [-86.11251, 30.55072], [-86.11222, 30.55103], [-86.11105, 30.55233], [-86.11073, 30.55268], [-86.11027, 30.55325], [-86.10986, 30.55379], [-86.10956, 30.55423], [-86.10905, 30.55504], [-86.10868, 30.55572], [-86.10833, 30.55645], [-86.1081, 30.55701], [-86.10781, 30.55785], [-86.10755, 30.55869], [-86.10737, 30.55952], [-86.1073, 30.56007], [-86.10724, 30.56039], [-86.10718, 30.5609], [-86.10716, 30.56141], [-86.10715, 30.5616], [-86.10714, 30.56175], [-86.10714, 30.56186], [-86.10713, 30.56243], [-86.10721, 30.56349], [-86.1073, 30.56447], [-86.10766, 30.56818], [-86.10801, 30.57209], [-86.10817, 30.57377], [-86.10831, 30.5752], [-86.10842, 30.57652], [-86.10859, 30.57835], [-86.10882, 30.58074], [-86.10884, 30.58093], [-86.10895, 30.58219], [-86.10901, 30.58277], [-86.10907, 30.58341], [-86.10947, 30.58766], [-86.10955, 30.58852], [-86.10962, 30.58922], [-86.10989, 30.59214], [-86.11265, 30.59067], [-86.11293, 30.59053], [-86.11857, 30.58773], [-86.12497, 30.58465], [-86.12519, 30.58454], [-86.13523, 30.5797], [-86.13556, 30.57955], [-86.13921, 30.57774], [-86.13986, 30.57744], [-86.14042, 30.57713], [-86.14093, 30.57683], [-86.14138, 30.57647], [-86.14188, 30.57606], [-86.14223, 30.57574], [-86.1432, 30.57456], [-86.14857, 30.56793], [-86.14867, 30.5678], [-86.15056, 30.56541], [-86.15112, 30.56488], [-86.15157, 30.56453], [-86.15202, 30.56424], [-86.15269, 30.56392], [-86.15319, 30.56372], [-86.16341, 30.56076], [-86.16531, 30.56019], [-86.17267, 30.55804], [-86.17957, 30.55605], [-86.18155, 30.55548], [-86.18253, 30.55527], [-86.18341, 30.55512], [-86.1847, 30.55496], [-86.18844, 30.55451], [-86.18851, 30.5545], [-86.19136, 30.55421], [-86.19141, 30.54747], [-86.19144, 30.54582], [-86.19149, 30.5427], [-86.19148, 30.53593], [-86.19148, 30.52896], [-86.19149, 30.52534], [-86.19576, 30.52465], [-86.19769, 30.52435], [-86.20537, 30.52313], [-86.20969, 30.52245], [-86.21168, 30.52226], [-86.2117, 30.52214], [-86.21612, 30.52141], [-86.21624, 30.5214], [-86.21683, 30.52133], [-86.21692, 30.52118], [-86.21703, 30.52121], [-86.22774, 30.51948], [-86.2319, 30.51885], [-86.23298, 30.51865], [-86.23615, 30.51792], [-86.24641, 30.51632], [-86.24997, 30.51637], [-86.25034, 30.51638], [-86.25172, 30.51608], [-86.2549, 30.51604], [-86.2563, 30.51622], [-86.25814, 30.51608], [-86.25962, 30.51621], [-86.26143, 30.51624], [-86.26455, 30.51614], [-86.26546, 30.51595], [-86.26828, 30.5152], [-86.26976, 30.51498], [-86.27209, 30.51473], [-86.27309, 30.51469], [-86.27453, 30.51458], [-86.27959, 30.51371], [-86.28069, 30.51363], [-86.28182, 30.51364], [-86.28344, 30.51376], [-86.28716, 30.51436], [-86.29106, 30.51507], [-86.29175, 30.51526], [-86.29219, 30.51546], [-86.29245, 30.51556], [-86.29554, 30.51348], [-86.29577, 30.51331], [-86.29999, 30.51016], [-86.30001, 30.5097], [-86.3003, 30.5094], [-86.30136, 30.5092], [-86.31203, 30.50237], [-86.31206, 30.50225], [-86.31143, 30.50022], [-86.31125, 30.49956], [-86.31098, 30.49856], [-86.31017, 30.49564], [-86.31013, 30.49548], [-86.31025, 30.49545], [-86.3218, 30.49007], [-86.3219, 30.49003], [-86.3303, 30.4861], [-86.33103, 30.48577], [-86.34173, 30.48089], [-86.35341, 30.4748], [-86.35524, 30.47388], [-86.3607, 30.47104], [-86.36376, 30.46945], [-86.36484, 30.46889], [-86.36523, 30.46863], [-86.36562, 30.46842], [-86.36661, 30.46791], [-86.36688, 30.46778], [-86.36906, 30.46781], [-86.36916, 30.46509]]]}}, {"type": "Feature", "properties": {"tract_id": "12131950609", "name": "Census Tract 9506.09", "income_2020": 113501, "poverty_rate_2020": 3.7, "population_2020": 3311}, "geometry": {"type": "Polygon", "coordinates": [[[-86.39742, 30.3752], [-86.39742, 30.37499], [-86.39507, 30.37469], [-86.38133, 30.37296], [-86.37495, 30.37216], [-86.34911, 30.36823], [-86.32503, 30.36375], [-86.299, 30.35889], [-86.29698, 30.35853], [-86.22857, 30.34086], [-86.22731, 30.34453], [-86.22751, 30.34458], [-86.22755, 30.3446], [-86.22772, 30.3447], [-86.22775, 30.34471], [-86.22835, 30.34485], [-86.22914, 30.34526], [-86.22998, 30.34553], [-86.23015, 30.34558], [-86.23147, 30.34574], [-86.23226, 30.34609], [-86.23324, 30.34625], [-86.23403, 30.34657], [-86.23678, 30.34737], [-86.23795, 30.34778], [-86.24022, 30.34819], [-86.24434, 30.34918], [-86.24743, 30.35025], [-86.25, 30.35111], [-86.25349, 30.3517], [-86.25454, 30.35215], [-86.25811, 30.35303], [-86.25951, 30.35358], [-86.26147, 30.35404], [-86.26255, 30.3544], [-86.26403, 30.35473], [-86.26654, 30.35518], [-86.26958, 30.35594], [-86.27257, 30.35679], [-86.27426, 30.35714], [-86.27949, 30.3584], [-86.28063, 30.35861], [-86.28174, 30.35909], [-86.28353, 30.35932], [-86.28459, 30.35959], [-86.2857, 30.35973], [-86.28765, 30.36016], [-86.28919, 30.36062], [-86.29067, 30.36083], [-86.29159, 30.3612], [-86.29408, 30.36173], [-86.29437, 30.36186], [-86.29521, 30.36198], [-86.29674, 30.36235], [-86.29692, 30.36239], [-86.3166, 30.36609], [-86.31737, 30.3674], [-86.31737, 30.36748], [-86.31739, 30.36754], [-86.31747, 30.36764], [-86.3177, 30.36787], [-86.31783, 30.368], [-86.3179, 30.36804], [-86.31797, 30.36805], [-86.31824, 30.36803], [-86.31839, 30.36803], [-86.319, 30.36803], [-86.31912, 30.36804], [-86.31925, 30.3681], [-86.31937, 30.36818], [-86.31997, 30.36868], [-86.32002, 30.36876], [-86.32017, 30.36892], [-86.32026, 30.36907], [-86.32047, 30.36943], [-86.32055, 30.36961], [-86.3206, 30.36967], [-86.32129, 30.37016], [-86.32159, 30.37039], [-86.32168, 30.37049], [-86.32174, 30.37061], [-86.32175, 30.37069], [-86.32174, 30.37079], [-86.32169, 30.3709], [-86.32158, 30.37105], [-86.32149, 30.37114], [-86.32146, 30.3712], [-86.32145, 30.37126], [-86.32147, 30.37133], [-86.3215, 30.37138], [-86.32157, 30.37143], [-86.32163, 30.37147], [-86.32175, 30.37153], [-86.32183, 30.37158], [-86.32187, 30.37165], [-86.32189, 30.37182], [-86.32189, 30.37205], [-86.32186, 30.37242], [-86.32184, 30.37307], [-86.32183, 30.37341], [-86.32183, 30.37365], [-86.3218, 30.37399], [-86.32176, 30.37427], [-86.32177, 30.37434], [-86.32179, 30.37444], [-86.32182, 30.37451], [-86.32208, 30.37509], [-86.32212, 30.37517], [-86.32233, 30.37569], [-86.32256, 30.37619], [-86.32267, 30.37645], [-86.32276, 30.3766], [-86.32289, 30.37679], [-86.32311, 30.37712], [-86.32333, 30.37761], [-86.32371, 30.3785], [-86.32384, 30.37892], [-86.32388, 30.37904], [-86.32327, 30.37911], [-86.32271, 30.37916], [-86.32211, 30.3792], [-86.3216, 30.37922], [-86.32122, 30.37922], [-86.32061, 30.37921], [-86.32029, 30.3792], [-86.32028, 30.37941], [-86.32026, 30.37975], [-86.32028, 30.37992], [-86.32034, 30.38], [-86.32039, 30.38007], [-86.32048, 30.38013], [-86.32054, 30.38019], [-86.3206, 30.38028], [-86.32062, 30.38037], [-86.32062, 30.38045], [-86.32061, 30.3805], [-86.32086, 30.38054], [-86.32107, 30.38057], [-86.32126, 30.3806], [-86.32142, 30.38063], [-86.32156, 30.38068], [-86.32169, 30.38075], [-86.32196, 30.38085], [-86.3221, 30.38093], [-86.32227, 30.38103], [-86.32244, 30.38114], [-86.32291, 30.38161], [-86.32313, 30.38186], [-86.32318, 30.38189], [-86.32322, 30.38191], [-86.32333, 30.38214], [-86.32346, 30.3824], [-86.32354, 30.38262], [-86.32359, 30.38275], [-86.32371, 30.38354], [-86.32372, 30.38392], [-86.32372, 30.38421], [-86.32369, 30.38452], [-86.32362, 30.38484], [-86.32418, 30.38497], [-86.32575, 30.38449], [-86.32634, 30.38433], [-86.32982, 30.3882], [-86.3297, 30.39168], [-86.33325, 30.38768], [-86.33334, 30.3879], [-86.33343, 30.3879], [-86.3339, 30.3877], [-86.3347, 30.38717], [-86.33514, 30.38709], [-86.33587, 30.38673], [-86.33618, 30.38652], [-86.33669, 30.38636], [-86.3373, 30.38613], [-86.33804, 30.38599], [-86.33865, 30.38583], [-86.33878, 30.3858], [-86.33959, 30.38576], [-86.34003, 30.38572], [-86.34064, 30.3856], [-86.34066, 30.38561], [-86.34079, 30.38567], [-86.34097, 30.38582], [-86.34127, 30.3858], [-86.34139, 30.3857], [-86.34142, 30.38556], [-86.34151, 30.38553], [-86.34169, 30.38553], [-86.34199, 30.38582], [-86.34209, 30.38593], [-86.34223, 30.38589], [-86.34237, 30.38578], [-86.34275, 30.38553], [-86.3428, 30.38531], [-86.3429, 30.38522], [-86.34329, 30.3852], [-86.3434, 30.38531], [-86.34336, 30.38554], [-86.34355, 30.38564], [-86.3439, 30.38551], [-86.34423, 30.38555], [-86.34448, 30.38557], [-86.34457, 30.38554], [-86.34469, 30.38544], [-86.34483, 30.3854], [-86.34512, 30.38544], [-86.34539, 30.38549], [-86.34553, 30.38552], [-86.34564, 30.38562], [-86.34567, 30.38572], [-86.34607, 30.38608], [-86.34617, 30.38604], [-86.3462, 30.38595], [-86.34627, 30.38588], [-86.34646, 30.38588], [-86.34658, 30.38587], [-86.34676, 30.3859], [-86.34723, 30.38581], [-86.34742, 30.38566], [-86.34752, 30.38564], [-86.34788, 30.38547], [-86.34826, 30.38555], [-86.34829, 30.38584], [-86.3485, 30.38585], [-86.34904, 30.38575], [-86.34904, 30.38565], [-86.34927, 30.38558], [-86.34939, 30.38552], [-86.34966, 30.38558], [-86.35078, 30.38593], [-86.35089, 30.38607], [-86.35092, 30.38632], [-86.35091, 30.38649], [-86.351, 30.38653], [-86.35192, 30.38638], [-86.352, 30.38628], [-86.35223, 30.38598], [-86.35227, 30.3855], [-86.35261, 30.38555], [-86.35296, 30.38559], [-86.3531, 30.38559], [-86.35318, 30.38556], [-86.35318, 30.38552], [-86.35316, 30.38542], [-86.35312, 30.38532], [-86.35305, 30.38518], [-86.35299, 30.38503], [-86.3529, 30.38483], [-86.35284, 30.38459], [-86.35282, 30.38442], [-86.3528, 30.38427], [-86.35277, 30.38398], [-86.35275, 30.38363], [-86.35274, 30.38341], [-86.35276, 30.38312], [-86.35281, 30.38274], [-86.35282, 30.38268], [-86.35288, 30.38242], [-86.35299, 30.38214], [-86.35314, 30.38181], [-86.35326, 30.38161], [-86.3533, 30.38155], [-86.35334, 30.3815], [-86.3534, 30.38143], [-86.35346, 30.38137], [-86.35348, 30.38135], [-86.35352, 30.38133], [-86.35356, 30.38131], [-86.35365, 30.38127], [-86.35382, 30.38123], [-86.35391, 30.38121], [-86.35411, 30.38116], [-86.35423, 30.3811], [-86.35431, 30.38106], [-86.35448, 30.38094], [-86.35473, 30.38077], [-86.35489, 30.38062], [-86.35508, 30.38038], [-86.35519, 30.38024], [-86.35849, 30.38205], [-86.36061, 30.38322], [-86.36145, 30.38368], [-86.36195, 30.38395], [-86.36233, 30.38415], [-86.36267, 30.3843], [-86.36302, 30.38444], [-86.3635, 30.38459], [-86.36385, 30.38467], [-86.36436, 30.38476], [-86.36476, 30.38481], [-86.36515, 30.38483], [-86.36626, 30.38485], [-86.36634, 30.38485], [-86.36639, 30.38485], [-86.36732, 30.38487], [-86.36885, 30.38491], [-86.3706, 30.38496], [-86.37238, 30.385], [-86.37363, 30.38503], [-86.37452, 30.38505], [-86.37537, 30.38507], [-86.37654, 30.3851], [-86.37786, 30.38513], [-86.37925, 30.38516], [-86.38016, 30.38518], [-86.38043, 30.38518], [-86.38043, 30.38501], [-86.38043, 30.38458], [-86.38048, 30.38273], [-86.38048, 30.38244], [-86.3805, 30.38127], [-86.38052, 30.38089], [-86.38055, 30.37985], [-86.38056, 30.37963], [-86.38058, 30.37908], [-86.38062, 30.37786], [-86.38063, 30.37777], [-86.38066, 30.37765], [-86.38071, 30.37758], [-86.3818, 30.3777], [-86.38212, 30.37774], [-86.38226, 30.37775], [-86.38262, 30.37779], [-86.3828, 30.37782], [-86.38349, 30.37789], [-86.3847, 30.37804], [-86.38483, 30.37805], [-86.38564, 30.37815], [-86.38691, 30.37829], [-86.38887, 30.37853], [-86.3909, 30.37876], [-86.39215, 30.3789], [-86.39278, 30.37897], [-86.39521, 30.37925], [-86.39526, 30.37926], [-86.39614, 30.37936], [-86.39633, 30.37939], [-86.39729, 30.37949], [-86.39734, 30.37949], [-86.39736, 30.37867], [-86.39738, 30.37744], [-86.3974, 30.37661], [-86.39742, 30.3752]]]}}, {"type": "Feature", "properties": {"tract_id": "12131950604", "name": "Census Tract 9506.04", "income_2020": 99286, "poverty_rate_2020": 6.2, "population_2020": 6000}, "geometry": {"type": "Polygon", "coordinates": [[[-86.32388, 30.37904], [-86.32384, 30.37892], [-86.32371, 30.3785], [-86.32333, 30.37761], [-86.32311, 30.37712], [-86.32289, 30.37679], [-86.32276, 30.3766], [-86.32267, 30.37645], [-86.32256, 30.37619], [-86.32233, 30.37569], [-86.32212, 30.37517], [-86.32208, 30.37509], [-86.32182, 30.37451], [-86.32179, 30.37444], [-86.32177, 30.37434], [-86.32176, 30.37427], [-86.3218, 30.37399], [-86.32183, 30.37365], [-86.32183, 30.37341], [-86.32184, 30.37307], [-86.32186, 30.37242], [-86.32189, 30.37205], [-86.32189, 30.37182], [-86.32187, 30.37165], [-86.32183, 30.37158], [-86.32175, 30.37153], [-86.32163, 30.37147], [-86.32157, 30.37143], [-86.3215, 30.37138], [-86.32147, 30.37133], [-86.32145, 30.37126], [-86.32146, 30.3712], [-86.32149, 30.37114], [-86.32158, 30.37105], [-86.32169, 30.3709], [-86.32174, 30.37079], [-86.32175, 30.37069], [-86.32174, 30.37061], [-86.32168, 30.37049], [-86.32159, 30.37039], [-86.32129, 30.37016], [-86.3206, 30.36967], [-86.32055, 30.36961], [-86.32047, 30.36943], [-86.32026, 30.36907], [-86.32017, 30.36892], [-86.32002, 30.36876], [-86.31997, 30.36868], [-86.31937, 30.36818], [-86.31925, 30.3681], [-86.31912, 30.36804], [-86.319, 30.36803], [-86.31839, 30.36803], [-86.31824, 30.36803], [-86.31797, 30.36805], [-86.3179, 30.36804], [-86.31783, 30.368], [-86.3177, 30.36787], [-86.31747, 30.36764], [-86.31739, 30.36754], [-86.31737, 30.36748], [-86.31737, 30.3674], [-86.3166, 30.36609], [-86.29692, 30.36239], [-86.29674, 30.36235], [-86.29521, 30.36198], [-86.29437, 30.36186], [-86.29408, 30.36173], [-86.29159, 30.3612], [-86.29067, 30.36083], [-86.28919, 30.36062], [-86.28765, 30.36016], [-86.2857, 30.35973], [-86.28459, 30.35959], [-86.28353, 30.35932], [-86.28174, 30.35909], [-86.28063, 30.35861], [-86.27949, 30.3584], [-86.27426, 30.35714], [-86.27257, 30.35679], [-86.26958, 30.35594], [-86.26654, 30.35518], [-86.26403, 30.35473], [-86.26255, 30.3544], [-86.26147, 30.35404], [-86.25951, 30.35358], [-86.25811, 30.35303], [-86.25454, 30.35215], [-86.25349, 30.3517], [-86.25, 30.35111], [-86.24743, 30.35025], [-86.24434, 30.34918], [-86.24022, 30.34819], [-86.23795, 30.34778], [-86.23678, 30.34737], [-86.23403, 30.34657], [-86.23324, 30.34625], [-86.23226, 30.34609], [-86.23147, 30.34574], [-86.23015, 30.34558], [-86.22998, 30.34553], [-86.22914, 30.34526], [-86.22835, 30.34485], [-86.22775, 30.34471], [-86.22772, 30.3447], [-86.22755, 30.3446], [-86.22751, 30.34458], [-86.22731, 30.34453], [-86.22687, 30.34494], [-86.22669, 30.34517], [-86.22665, 30.34521], [-86.22665, 30.3455], [-86.22672, 30.34571], [-86.22676, 30.34592], [-86.22665, 30.34604], [-86.22658, 30.34619], [-86.22664, 30.34644], [-86.22685, 30.34671], [-86.22699, 30.347], [-86.22707, 30.34701], [-86.22711, 30.34701], [-86.22724, 30.34701], [-86.22736, 30.34701], [-86.22754, 30.34702], [-86.22775, 30.34702], [-86.22851, 30.34703], [-86.22907, 30.34705], [-86.23008, 30.34706], [-86.23003, 30.34824], [-86.23, 30.3489], [-86.23, 30.34898], [-86.22999, 30.34906], [-86.22992, 30.3507], [-86.22989, 30.35171], [-86.22988, 30.35185], [-86.22988, 30.35189], [-86.22985, 30.35249], [-86.22984, 30.35281], [-86.22983, 30.35317], [-86.22981, 30.35342], [-86.2298, 30.35355], [-86.2298, 30.35371], [-86.2298, 30.35388], [-86.22976, 30.35464], [-86.22971, 30.35603], [-86.22965, 30.35734], [-86.22962, 30.35781], [-86.22952, 30.36107], [-86.22943, 30.36412], [-86.22935, 30.3657], [-86.22921, 30.36983], [-86.22918, 30.37062], [-86.22914, 30.37199], [-86.22911, 30.37283], [-86.22904, 30.3739], [-86.22903, 30.37409], [-86.23739, 30.37427], [-86.24145, 30.37436], [-86.24161, 30.37436], [-86.24235, 30.37438], [-86.24596, 30.37447], [-86.24783, 30.37448], [-86.24972, 30.37448], [-86.25434, 30.37457], [-86.25709, 30.37464], [-86.26102, 30.37472], [-86.26122, 30.37472], [-86.26282, 30.37477], [-86.26281, 30.37497], [-86.26275, 30.37595], [-86.26271, 30.37605], [-86.2627, 30.37623], [-86.26272, 30.37637], [-86.26269, 30.37699], [-86.26269, 30.37723], [-86.26267, 30.37747], [-86.26267, 30.37772], [-86.26266, 30.3781], [-86.26267, 30.3789], [-86.26266, 30.37907], [-86.26265, 30.3791], [-86.26265, 30.37918], [-86.26261, 30.37939], [-86.26258, 30.3801], [-86.26256, 30.38048], [-86.26255, 30.38108], [-86.26255, 30.38133], [-86.26254, 30.38141], [-86.26251, 30.38229], [-86.2625, 30.38259], [-86.26247, 30.38396], [-86.26248, 30.38412], [-86.26248, 30.38436], [-86.26248, 30.38485], [-86.26246, 30.38506], [-86.26245, 30.38594], [-86.26245, 30.38604], [-86.26242, 30.38736], [-86.2624, 30.38755], [-86.26239, 30.3884], [-86.26239, 30.38855], [-86.26236, 30.39013], [-86.26235, 30.39082], [-86.26232, 30.39148], [-86.26233, 30.39157], [-86.26233, 30.39178], [-86.26231, 30.39244], [-86.26229, 30.39321], [-86.26227, 30.39385], [-86.26224, 30.39473], [-86.26319, 30.39485], [-86.26375, 30.39508], [-86.26512, 30.39613], [-86.26623, 30.39675], [-86.2665, 30.39701], [-86.26729, 30.39694], [-86.26795, 30.39664], [-86.26843, 30.39655], [-86.26901, 30.39671], [-86.27017, 30.39664], [-86.27099, 30.39689], [-86.27229, 30.39678], [-86.27266, 30.39692], [-86.27403, 30.39682], [-86.27461, 30.39701], [-86.27683, 30.3971], [-86.27739, 30.39722], [-86.27847, 30.39767], [-86.2789, 30.39806], [-86.27908, 30.39845], [-86.2795, 30.39884], [-86.28085, 30.39923], [-86.28138, 30.39914], [-86.28172, 30.39896], [-86.28265, 30.39878], [-86.28405, 30.39866], [-86.28421, 30.39859], [-86.28421, 30.39848], [-86.28373, 30.39823], [-86.28305, 30.39788], [-86.28305, 30.3977], [-86.28315, 30.39761], [-86.28376, 30.39781], [-86.28448, 30.39871], [-86.28447, 30.39926], [-86.28356, 30.39948], [-86.28355, 30.40237], [-86.28614, 30.40003], [-86.28855, 30.39786], [-86.28873, 30.39813], [-86.29219, 30.39942], [-86.29346, 30.39958], [-86.29555, 30.40009], [-86.29576, 30.40018], [-86.29624, 30.40041], [-86.29698, 30.40045], [-86.29867, 30.40144], [-86.29973, 30.40187], [-86.30034, 30.40206], [-86.30076, 30.40219], [-86.30163, 30.40213], [-86.3019, 30.40187], [-86.30184, 30.40169], [-86.30163, 30.40148], [-86.30169, 30.40112], [-86.30208, 30.40064], [-86.30198, 30.40006], [-86.30224, 30.39974], [-86.30221, 30.39947], [-86.30089, 30.398], [-86.30097, 30.39743], [-86.30129, 30.39676], [-86.30174, 30.39621], [-86.30195, 30.39596], [-86.302, 30.3955], [-86.30222, 30.39511], [-86.30232, 30.39433], [-86.30261, 30.39394], [-86.30264, 30.39378], [-86.30346, 30.39307], [-86.30325, 30.39246], [-86.30309, 30.39199], [-86.30338, 30.39151], [-86.30341, 30.39083], [-86.30351, 30.39073], [-86.30353, 30.3904], [-86.30354, 30.39034], [-86.30343, 30.39012], [-86.30351, 30.38973], [-86.30372, 30.38938], [-86.30449, 30.38909], [-86.30451, 30.3882], [-86.30454, 30.38701], [-86.30455, 30.3867], [-86.30459, 30.38569], [-86.30461, 30.38552], [-86.30471, 30.3824], [-86.30474, 30.38138], [-86.30479, 30.37993], [-86.3048, 30.3796], [-86.3048, 30.37937], [-86.30483, 30.37808], [-86.30484, 30.37798], [-86.30486, 30.3774], [-86.30486, 30.37644], [-86.30562, 30.37659], [-86.3068, 30.37682], [-86.30774, 30.37701], [-86.30933, 30.37732], [-86.30991, 30.37744], [-86.31003, 30.37747], [-86.31096, 30.37765], [-86.31307, 30.37806], [-86.31412, 30.37823], [-86.31421, 30.37825], [-86.31531, 30.37846], [-86.31539, 30.37847], [-86.31547, 30.37849], [-86.31705, 30.3788], [-86.31762, 30.37891], [-86.3182, 30.379], [-86.31888, 30.37909], [-86.31941, 30.37914], [-86.32029, 30.3792], [-86.32061, 30.37921], [-86.32122, 30.37922], [-86.3216, 30.37922], [-86.32211, 30.3792], [-86.32271, 30.37916], [-86.32327, 30.37911], [-86.32388, 30.37904]]]}}, {"type": "Feature", "properties": {"tract_id": "12131950201", "name": "Census Tract 9502.01", "income_2020": 68661, "poverty_rate_2020": 18.8, "population_2020": 2306}, "geometry": {"type": "Polygon", "coordinates": [[[-86.12289, 30.70795], [-86.12289, 30.70784], [-86.12283, 30.70677], [-86.12282, 30.70669], [-86.12276, 30.70629], [-86.1227, 30.70583], [-86.12263, 30.70515], [-86.1226, 30.70486], [-86.12259, 30.70388], [-86.12261, 30.70276], [-86.12261, 30.70246], [-86.12261, 30.70209], [-86.1226, 30.70129], [-86.1226, 30.70115], [-86.12261, 30.70102], [-86.12261, 30.70081], [-86.12261, 30.70056], [-86.12261, 30.70032], [-86.12261, 30.7002], [-86.12262, 30.69972], [-86.12262, 30.69952], [-86.1226, 30.69853], [-86.12257, 30.69659], [-86.1226, 30.6937], [-86.1226, 30.69352], [-86.1226, 30.69309], [-86.12262, 30.69227], [-86.12263, 30.692], [-86.12264, 30.69116], [-86.12265, 30.69076], [-86.12268, 30.6888], [-86.12268, 30.68826], [-86.12268, 30.68735], [-86.12268, 30.68592], [-86.1227, 30.68365], [-86.12273, 30.68233], [-86.12275, 30.67974], [-86.12278, 30.6776], [-86.1224, 30.67751], [-86.12194, 30.67728], [-86.1212, 30.67691], [-86.12103, 30.67663], [-86.12102, 30.67662], [-86.12067, 30.67636], [-86.12049, 30.67597], [-86.12025, 30.67572], [-86.12012, 30.67536], [-86.11847, 30.67458], [-86.11757, 30.67439], [-86.11738, 30.67417], [-86.11685, 30.67414], [-86.11598, 30.67378], [-86.11553, 30.67375], [-86.11473, 30.67398], [-86.11452, 30.67389], [-86.11383, 30.67412], [-86.11349, 30.67382], [-86.11227, 30.67375], [-86.11171, 30.67394], [-86.11084, 30.67405], [-86.10964, 30.67355], [-86.10964, 30.67332], [-86.1093, 30.67311], [-86.1093, 30.67293], [-86.10919, 30.67282], [-86.10887, 30.67282], [-86.10877, 30.67273], [-86.10871, 30.67238], [-86.10847, 30.67211], [-86.10845, 30.67169], [-86.10832, 30.67158], [-86.10823, 30.67101], [-86.10744, 30.67048], [-86.1074, 30.67038], [-86.10727, 30.67007], [-86.10627, 30.66888], [-86.10605, 30.66868], [-86.10596, 30.66841], [-86.10593, 30.66836], [-86.10568, 30.66818], [-86.10537, 30.66803], [-86.10513, 30.6678], [-86.10442, 30.6675], [-86.10426, 30.66826], [-86.10442, 30.66844], [-86.10439, 30.66892], [-86.10431, 30.66906], [-86.10436, 30.66963], [-86.1045, 30.66986], [-86.10463, 30.67032], [-86.10466, 30.67108], [-86.10455, 30.67121], [-86.10458, 30.67176], [-86.10476, 30.67204], [-86.10338, 30.6741], [-86.10272, 30.67454], [-86.10259, 30.67472], [-86.10238, 30.67548], [-86.10246, 30.67632], [-86.10249, 30.67636], [-86.10251, 30.67639], [-86.1026, 30.67651], [-86.10262, 30.67653], [-86.1029, 30.67669], [-86.10312, 30.67682], [-86.10317, 30.67684], [-86.10323, 30.67687], [-86.10336, 30.67717], [-86.1036, 30.67729], [-86.10352, 30.67772], [-86.10291, 30.67823], [-86.10286, 30.67871], [-86.10262, 30.67921], [-86.10177, 30.67972], [-86.1006, 30.6802], [-86.09994, 30.68091], [-86.09965, 30.68105], [-86.09973, 30.68123], [-86.09973, 30.68164], [-86.09922, 30.68192], [-86.0992, 30.68249], [-86.09861, 30.68307], [-86.09806, 30.68442], [-86.09795, 30.68442], [-86.09655, 30.68439], [-86.09543, 30.68449], [-86.09398, 30.6843], [-86.09352, 30.68446], [-86.09347, 30.68517], [-86.09379, 30.68538], [-86.09456, 30.68584], [-86.0949, 30.68627], [-86.09488, 30.6868], [-86.09459, 30.68745], [-86.09469, 30.68777], [-86.09472, 30.68783], [-86.09497, 30.68813], [-86.09435, 30.68843], [-86.09367, 30.68872], [-86.09329, 30.68869], [-86.09322, 30.68878], [-86.09321, 30.68895], [-86.09306, 30.68909], [-86.09294, 30.68915], [-86.09263, 30.6892], [-86.09231, 30.68932], [-86.09198, 30.68958], [-86.09199, 30.69003], [-86.09182, 30.69025], [-86.09109, 30.69027], [-86.09042, 30.69068], [-86.08937, 30.69112], [-86.08907, 30.69141], [-86.08886, 30.69162], [-86.08785, 30.69219], [-86.08711, 30.6923], [-86.08682, 30.69246], [-86.08629, 30.69306], [-86.08427, 30.69393], [-86.08385, 30.69432], [-86.08361, 30.69471], [-86.08364, 30.69492], [-86.08311, 30.69549], [-86.0822, 30.69705], [-86.0816, 30.69762], [-86.0812, 30.69801], [-86.08079, 30.69826], [-86.08059, 30.69838], [-86.0804, 30.69859], [-86.08011, 30.69893], [-86.07971, 30.69845], [-86.07905, 30.69803], [-86.07751, 30.69787], [-86.07703, 30.6981], [-86.07653, 30.69865], [-86.07541, 30.69934], [-86.0755, 30.69966], [-86.07578, 30.70007], [-86.07534, 30.70012], [-86.07422, 30.70019], [-86.07223, 30.70008], [-86.07172, 30.7002], [-86.07046, 30.70051], [-86.06985, 30.70083], [-86.06887, 30.70161], [-86.06796, 30.70173], [-86.06627, 30.70317], [-86.06523, 30.70381], [-86.06402, 30.70486], [-86.06381, 30.70504], [-86.06364, 30.70519], [-86.0633, 30.70576], [-86.063, 30.70603], [-86.0616, 30.70656], [-86.06115, 30.70707], [-86.06101, 30.70713], [-86.06077, 30.70724], [-86.06059, 30.70732], [-86.0595, 30.7083], [-86.05897, 30.70847], [-86.05876, 30.70853], [-86.05632, 30.70908], [-86.05521, 30.70938], [-86.05412, 30.71002], [-86.0534, 30.71025], [-86.05283, 30.71018], [-86.0523, 30.71006], [-86.0518, 30.71014], [-86.05136, 30.71029], [-86.05114, 30.71063], [-86.05094, 30.71075], [-86.05017, 30.71109], [-86.04986, 30.71131], [-86.0496, 30.71151], [-86.04914, 30.71181], [-86.04836, 30.71228], [-86.04779, 30.71281], [-86.04722, 30.71311], [-86.04681, 30.71309], [-86.04673, 30.71309], [-86.04615, 30.71292], [-86.04569, 30.71273], [-86.04543, 30.71276], [-86.04488, 30.71291], [-86.04437, 30.71315], [-86.04357, 30.71329], [-86.04266, 30.71344], [-86.04224, 30.71368], [-86.04172, 30.71391], [-86.04111, 30.71396], [-86.04042, 30.71384], [-86.03987, 30.71353], [-86.03977, 30.71348], [-86.03935, 30.7133], [-86.03873, 30.71317], [-86.03824, 30.7131], [-86.03756, 30.71305], [-86.03755, 30.71539], [-86.03755, 30.71562], [-86.03753, 30.72209], [-86.03771, 30.72202], [-86.03845, 30.72169], [-86.03873, 30.72155], [-86.03957, 30.72113], [-86.04001, 30.72091], [-86.04049, 30.72071], [-86.04091, 30.72054], [-86.04139, 30.72041], [-86.04187, 30.72029], [-86.0424, 30.7202], [-86.04295, 30.72014], [-86.04346, 30.72013], [-86.04388, 30.72013], [-86.04416, 30.72015], [-86.04434, 30.72017], [-86.0447, 30.72021], [-86.04505, 30.72027], [-86.04537, 30.72034], [-86.0455, 30.72037], [-86.04577, 30.72044], [-86.04619, 30.72057], [-86.04653, 30.72068], [-86.04695, 30.72087], [-86.04745, 30.72111], [-86.04822, 30.72147], [-86.05168, 30.7231], [-86.05452, 30.72445], [-86.05545, 30.72489], [-86.05599, 30.72513], [-86.05638, 30.72529], [-86.05655, 30.72535], [-86.05691, 30.72548], [-86.05697, 30.7255], [-86.05746, 30.72565], [-86.0576, 30.7257], [-86.05811, 30.72581], [-86.05847, 30.72587], [-86.05889, 30.72594], [-86.05955, 30.726], [-86.0613, 30.72617], [-86.06315, 30.72635], [-86.06491, 30.72652], [-86.06565, 30.72659], [-86.06729, 30.72675], [-86.07145, 30.72714], [-86.0732, 30.7273], [-86.07554, 30.72752], [-86.07578, 30.72755], [-86.07867, 30.72782], [-86.07931, 30.72788], [-86.08022, 30.72791], [-86.08092, 30.72791], [-86.08148, 30.72789], [-86.08205, 30.72784], [-86.08233, 30.72782], [-86.08283, 30.72777], [-86.08319, 30.72774], [-86.08408, 30.72764], [-86.08531, 30.72751], [-86.08647, 30.72737], [-86.08847, 30.72715], [-86.08853, 30.72714], [-86.09015, 30.72695], [-86.09075, 30.72687], [-86.09123, 30.72682], [-86.09185, 30.72668], [-86.09214, 30.7266], [-86.09222, 30.72658], [-86.09264, 30.72645], [-86.09271, 30.72642], [-86.09313, 30.72628], [-86.09325, 30.72622], [-86.09334, 30.72618], [-86.09356, 30.72609], [-86.09414, 30.72579], [-86.0946, 30.72552], [-86.09485, 30.72537], [-86.09497, 30.72529], [-86.09691, 30.72405], [-86.09828, 30.72317], [-86.09856, 30.72299], [-86.09933, 30.7225], [-86.09999, 30.72207], [-86.1004, 30.72181], [-86.10107, 30.72139], [-86.10123, 30.72129], [-86.10148, 30.72116], [-86.10166, 30.72108], [-86.10191, 30.72099], [-86.10214, 30.72091], [-86.10241, 30.72085], [-86.10239, 30.72082], [-86.10236, 30.72075], [-86.10232, 30.72051], [-86.10277, 30.72022], [-86.10323, 30.72001], [-86.10352, 30.71992], [-86.10412, 30.71978], [-86.10425, 30.71975], [-86.10481, 30.7197], [-86.10596, 30.71967], [-86.10714, 30.71977], [-86.10951, 30.71992], [-86.11071, 30.72001], [-86.1119, 30.7201], [-86.11312, 30.72021], [-86.11426, 30.72028], [-86.11546, 30.72036], [-86.11542, 30.72079], [-86.11536, 30.72137], [-86.11655, 30.72145], [-86.11775, 30.72153], [-86.11895, 30.72161], [-86.11927, 30.72163], [-86.11955, 30.72165], [-86.1198, 30.7217], [-86.11996, 30.72173], [-86.12027, 30.72182], [-86.12035, 30.72185], [-86.12046, 30.72188], [-86.12094, 30.72073], [-86.12099, 30.7206], [-86.12113, 30.72024], [-86.12135, 30.71967], [-86.12171, 30.71872], [-86.12234, 30.71711], [-86.12249, 30.71665], [-86.12257, 30.71635], [-86.12275, 30.71556], [-86.1228, 30.71523], [-86.12286, 30.71434], [-86.12286, 30.714], [-86.12286, 30.71318], [-86.12286, 30.71219], [-86.12286, 30.71106], [-86.12286, 30.71034], [-86.12289, 30.70795]]]}}, {"type": "Feature", "properties": {"tract_id": "12131950104", "name": "Census Tract 9501.04", "income_2020": 53264, "poverty_rate_2020": 5.8, "population_2020": 3276}, "geometry": {"type": "Polygon", "coordinates": [[[-86.39203, 30.75066], [-86.39206, 30.75019], [-86.39183, 30.74831], [-86.39182, 30.74795], [-86.39182, 30.74784], [-86.3918, 30.7463], [-86.39178, 30.74558], [-86.39175, 30.74268], [-86.39175, 30.74255], [-86.39175, 30.74224], [-86.39175, 30.74154], [-86.39175, 30.74145], [-86.39161, 30.72973], [-86.39161, 30.72963], [-86.39161, 30.72957], [-86.39161, 30.72869], [-86.39161, 30.72633], [-86.3916, 30.72365], [-86.3916, 30.72317], [-86.3916, 30.72189], [-86.39013, 30.72198], [-86.38507, 30.72229], [-86.37628, 30.72283], [-86.37524, 30.72289], [-86.37527, 30.72782], [-86.37528, 30.72875], [-86.37526, 30.73001], [-86.37524, 30.7302], [-86.37058, 30.73016], [-86.36556, 30.73012], [-86.35854, 30.73006], [-86.35854, 30.73032], [-86.35854, 30.73082], [-86.35853, 30.73253], [-86.35853, 30.73269], [-86.35853, 30.73286], [-86.35851, 30.73512], [-86.35851, 30.73521], [-86.35852, 30.73532], [-86.35852, 30.7356], [-86.35853, 30.73587], [-86.35808, 30.73579], [-86.35763, 30.73573], [-86.35731, 30.7357], [-86.35698, 30.73567], [-86.35657, 30.73566], [-86.35622, 30.73566], [-86.35558, 30.73568], [-86.35532, 30.73572], [-86.35494, 30.73576], [-86.35045, 30.73657], [-86.34905, 30.73683], [-86.3484, 30.73695], [-86.34607, 30.73738], [-86.34349, 30.73785], [-86.33933, 30.73861], [-86.33802, 30.73884], [-86.33705, 30.73902], [-86.33303, 30.73975], [-86.33289, 30.73978], [-86.32885, 30.74051], [-86.32785, 30.74069], [-86.3266, 30.74092], [-86.32548, 30.74113], [-86.32451, 30.74137], [-86.32425, 30.74144], [-86.32347, 30.74166], [-86.32209, 30.74201], [-86.32127, 30.74217], [-86.32052, 30.74227], [-86.31989, 30.74232], [-86.31926, 30.74237], [-86.31872, 30.74241], [-86.31858, 30.74241], [-86.31792, 30.74249], [-86.3175, 30.74256], [-86.31667, 30.74272], [-86.31618, 30.74282], [-86.31557, 30.74294], [-86.31463, 30.74314], [-86.31368, 30.74339], [-86.3133, 30.74418], [-86.31289, 30.74515], [-86.31214, 30.74679], [-86.3117, 30.74776], [-86.31153, 30.74816], [-86.31118, 30.74894], [-86.31095, 30.74945], [-86.31021, 30.75108], [-86.30921, 30.75328], [-86.3091, 30.75352], [-86.30821, 30.75536], [-86.30754, 30.75646], [-86.30732, 30.75681], [-86.30629, 30.75847], [-86.30606, 30.7589], [-86.30603, 30.75898], [-86.30592, 30.75928], [-86.3059, 30.75934], [-86.30584, 30.75957], [-86.30582, 30.75976], [-86.30583, 30.76007], [-86.30585, 30.76023], [-86.30586, 30.76027], [-86.30591, 30.76049], [-86.30595, 30.76063], [-86.30601, 30.76076], [-86.30613, 30.76102], [-86.3063, 30.76133], [-86.30699, 30.76257], [-86.30709, 30.76277], [-86.30727, 30.76322], [-86.30731, 30.76335], [-86.30737, 30.76353], [-86.30745, 30.76383], [-86.30752, 30.76413], [-86.30758, 30.76442], [-86.30761, 30.76459], [-86.30765, 30.7649], [-86.30767, 30.7652], [-86.30768, 30.7655], [-86.30768, 30.76628], [-86.30768, 30.76786], [-86.30767, 30.7698], [-86.30766, 30.77058], [-86.30765, 30.77555], [-86.30764, 30.77854], [-86.30763, 30.78067], [-86.30763, 30.78104], [-86.30762, 30.78268], [-86.3076, 30.78461], [-86.30756, 30.7882], [-86.30753, 30.78846], [-86.30749, 30.78919], [-86.30745, 30.78961], [-86.30736, 30.79047], [-86.30724, 30.79152], [-86.30723, 30.79162], [-86.30718, 30.79193], [-86.3071, 30.79257], [-86.30704, 30.79321], [-86.30702, 30.79368], [-86.30702, 30.79399], [-86.30705, 30.79444], [-86.30711, 30.79521], [-86.30714, 30.79546], [-86.30716, 30.79574], [-86.30719, 30.79615], [-86.30721, 30.79629], [-86.30724, 30.79669], [-86.30726, 30.79682], [-86.30728, 30.79694], [-86.30739, 30.79729], [-86.30751, 30.79755], [-86.30757, 30.79767], [-86.30772, 30.7979], [-86.30848, 30.79906], [-86.30954, 30.80061], [-86.30968, 30.80084], [-86.30982, 30.80108], [-86.30988, 30.8012], [-86.30993, 30.80133], [-86.30999, 30.80146], [-86.31004, 30.80159], [-86.31009, 30.80172], [-86.31011, 30.80185], [-86.31017, 30.80198], [-86.31023, 30.80225], [-86.31026, 30.80238], [-86.3103, 30.80263], [-86.31033, 30.803], [-86.31034, 30.80343], [-86.31035, 30.8042], [-86.31035, 30.8053], [-86.31033, 30.80555], [-86.31029, 30.80593], [-86.31026, 30.80618], [-86.31016, 30.80667], [-86.31006, 30.80703], [-86.30999, 30.80726], [-86.30991, 30.8075], [-86.30977, 30.80785], [-86.30961, 30.8082], [-86.30949, 30.80842], [-86.3093, 30.80875], [-86.3091, 30.80907], [-86.30754, 30.81148], [-86.30684, 30.81256], [-86.30639, 30.81319], [-86.30608, 30.8136], [-86.30583, 30.8139], [-86.30533, 30.8145], [-86.30516, 30.8147], [-86.3048, 30.81508], [-86.30427, 30.81563], [-86.30409, 30.81581], [-86.30292, 30.81686], [-86.30251, 30.81721], [-86.3024, 30.81729], [-86.30168, 30.81784], [-86.30163, 30.81787], [-86.30134, 30.81809], [-86.30092, 30.81837], [-86.29999, 30.81898], [-86.29803, 30.82023], [-86.29719, 30.82076], [-86.292, 30.82408], [-86.29051, 30.82501], [-86.29015, 30.8252], [-86.28954, 30.82552], [-86.28625, 30.82726], [-86.28383, 30.82849], [-86.28357, 30.82862], [-86.28313, 30.82884], [-86.28183, 30.82962], [-86.2802, 30.83087], [-86.27928, 30.83163], [-86.2788, 30.83204], [-86.27823, 30.83277], [-86.27821, 30.83279], [-86.27806, 30.83303], [-86.2779, 30.83363], [-86.27786, 30.83381], [-86.27721, 30.83778], [-86.27698, 30.83925], [-86.27682, 30.84066], [-86.2768, 30.84106], [-86.27691, 30.84218], [-86.27724, 30.84532], [-86.27742, 30.84625], [-86.27767, 30.84726], [-86.27791, 30.84803], [-86.27966, 30.85225], [-86.28017, 30.85355], [-86.28053, 30.85447], [-86.28106, 30.8557], [-86.28132, 30.85725], [-86.28136, 30.8575], [-86.28182, 30.86037], [-86.28244, 30.86436], [-86.28284, 30.86606], [-86.28341, 30.86787], [-86.28445, 30.87014], [-86.28529, 30.87193], [-86.28615, 30.87376], [-86.28649, 30.87467], [-86.28704, 30.87619], [-86.28719, 30.87693], [-86.2872, 30.87766], [-86.28714, 30.8784], [-86.28699, 30.87899], [-86.28676, 30.8798], [-86.2862, 30.88106], [-86.28562, 30.88255], [-86.28529, 30.88381], [-86.28391, 30.89021], [-86.28277, 30.89002], [-86.28129, 30.88993], [-86.27972, 30.88986], [-86.28036, 30.89132], [-86.28061, 30.89199], [-86.28086, 30.89273], [-86.28112, 30.8939], [-86.28129, 30.89488], [-86.28129, 30.8949], [-86.28137, 30.89567], [-86.28137, 30.8973], [-86.28137, 30.89755], [-86.28135, 30.90092], [-86.28132, 30.9046], [-86.28122, 30.91181], [-86.28119, 30.91354], [-86.28109, 30.91997], [-86.28099, 30.92093], [-86.28086, 30.92202], [-86.28056, 30.92312], [-86.28028, 30.92398], [-86.27995, 30.92544], [-86.27976, 30.92655], [-86.27974, 30.927], [-86.27979, 30.92828], [-86.27994, 30.92949], [-86.28031, 30.93095], [-86.28102, 30.93376], [-86.2814, 30.93537], [-86.28147, 30.93566], [-86.28207, 30.93812], [-86.28288, 30.94126], [-86.28366, 30.94409], [-86.28399, 30.9449], [-86.28481, 30.94642], [-86.28546, 30.94743], [-86.28488, 30.9484], [-86.28326, 30.95132], [-86.28302, 30.95183], [-86.28293, 30.95208], [-86.28285, 30.95231], [-86.28272, 30.9529], [-86.28268, 30.95338], [-86.28274, 30.95697], [-86.28277, 30.95875], [-86.28273, 30.95912], [-86.28262, 30.95954], [-86.28244, 30.95995], [-86.28208, 30.96038], [-86.2817, 30.96072], [-86.281, 30.96122], [-86.28075, 30.96146], [-86.28055, 30.9617], [-86.28041, 30.962], [-86.28033, 30.96229], [-86.28029, 30.96653], [-86.28029, 30.97015], [-86.28033, 30.97518], [-86.28033, 30.9754], [-86.28036, 30.97728], [-86.28039, 30.97978], [-86.28043, 30.98214], [-86.28046, 30.98425], [-86.28051, 30.98463], [-86.28053, 30.98486], [-86.28063, 30.98538], [-86.28075, 30.98577], [-86.28097, 30.98638], [-86.2812, 30.98686], [-86.28216, 30.98881], [-86.28267, 30.98984], [-86.28273, 30.98995], [-86.2831, 30.99047], [-86.28346, 30.99088], [-86.28402, 30.99126], [-86.28441, 30.99147], [-86.28767, 30.99315], [-86.28885, 30.9937], [-86.28899, 30.9937], [-86.28964, 30.99369], [-86.29016, 30.99369], [-86.2911, 30.99371], [-86.29195, 30.99372], [-86.29207, 30.99372], [-86.29277, 30.99373], [-86.29305, 30.99373], [-86.29319, 30.99373], [-86.29433, 30.99373], [-86.29462, 30.99374], [-86.2948, 30.99374], [-86.29564, 30.99375], [-86.29646, 30.99375], [-86.29692, 30.99376], [-86.29715, 30.99376], [-86.29773, 30.99377], [-86.29824, 30.99378], [-86.29875, 30.99379], [-86.29909, 30.99379], [-86.29994, 30.99382], [-86.30079, 30.99383], [-86.30231, 30.99385], [-86.30275, 30.99387], [-86.30316, 30.99389], [-86.30359, 30.9939], [-86.30375, 30.9939], [-86.30428, 30.99391], [-86.30444, 30.99392], [-86.30486, 30.99397], [-86.30518, 30.99402], [-86.30523, 30.99403], [-86.30661, 30.99402], [-86.30912, 30.994], [-86.30927, 30.994], [-86.31561, 30.99403], [-86.31588, 30.99405], [-86.31745, 30.99419], [-86.31747, 30.99419], [-86.32255, 30.99421], [-86.32493, 30.99423], [-86.32732, 30.99424], [-86.32788, 30.99424], [-86.33082, 30.99426], [-86.33089, 30.99426], [-86.33093, 30.99426], [-86.33112, 30.99426], [-86.33197, 30.99428], [-86.33228, 30.99429], [-86.33404, 30.9943], [-86.33515, 30.9943], [-86.33555, 30.9943], [-86.33748, 30.99432], [-86.33841, 30.99433], [-86.33893, 30.99433], [-86.33926, 30.99433], [-86.33938, 30.99433], [-86.33989, 30.99434], [-86.34079, 30.99435], [-86.34253, 30.99437], [-86.34289, 30.99437], [-86.3484, 30.99438], [-86.34851, 30.99438], [-86.34883, 30.99438], [-86.35023, 30.99439], [-86.35044, 30.99439], [-86.35656, 30.99442], [-86.36477, 30.99445], [-86.36495, 30.9945], [-86.36505, 30.99454], [-86.36514, 30.99454], [-86.36522, 30.99455], [-86.36547, 30.99455], [-86.36752, 30.99453], [-86.36812, 30.99452], [-86.36838, 30.99452], [-86.36855, 30.99452], [-86.36936, 30.99453], [-86.3694, 30.99453], [-86.36984, 30.99452], [-86.3709, 30.99451], [-86.37203, 30.99448], [-86.37233, 30.99448], [-86.37257, 30.99448], [-86.37314, 30.99448], [-86.37321, 30.99448], [-86.37427, 30.99448], [-86.37437, 30.99447], [-86.37897, 30.9943], [-86.37907, 30.99429], [-86.38385, 30.99424], [-86.38865, 30.99418], [-86.38859, 30.98622], [-86.38858, 30.98595], [-86.38858, 30.98585], [-86.38852, 30.98048], [-86.38852, 30.98045], [-86.38853, 30.9803], [-86.38854, 30.97899], [-86.38856, 30.97631], [-86.38855, 30.97614], [-86.38856, 30.97572], [-86.38856, 30.97551], [-86.38857, 30.97504], [-86.38857, 30.97482], [-86.38856, 30.97471], [-86.38856, 30.97468], [-86.38856, 30.97465], [-86.38857, 30.9746], [-86.38857, 30.97456], [-86.38857, 30.97453], [-86.38857, 30.97451], [-86.38858, 30.97435], [-86.38859, 30.97394], [-86.38862, 30.97314], [-86.38862, 30.97263], [-86.38862, 30.97258], [-86.38865, 30.97096], [-86.38865, 30.97074], [-86.38865, 30.97065], [-86.38864, 30.97033], [-86.38865, 30.96966], [-86.38865, 30.96932], [-86.38864, 30.96806], [-86.38863, 30.96709], [-86.38863, 30.96688], [-86.38863, 30.96676], [-86.38863, 30.96664], [-86.38863, 30.9665], [-86.38864, 30.96612], [-86.38864, 30.96563], [-86.38866, 30.96471], [-86.38865, 30.96419], [-86.38865, 30.96415], [-86.38865, 30.96305], [-86.38866, 30.96164], [-86.38868, 30.96104], [-86.38871, 30.9598], [-86.38871, 30.95975], [-86.38873, 30.95912], [-86.38872, 30.95843], [-86.38874, 30.95697], [-86.38873, 30.95629], [-86.38874, 30.95536], [-86.38873, 30.95527], [-86.38873, 30.95458], [-86.38874, 30.95415], [-86.38873, 30.95353], [-86.38873, 30.95339], [-86.38873, 30.95336], [-86.38874, 30.95148], [-86.38875, 30.95047], [-86.38876, 30.94985], [-86.38876, 30.94981], [-86.38878, 30.94843], [-86.38877, 30.94819], [-86.38876, 30.94814], [-86.38871, 30.94803], [-86.3886, 30.94773], [-86.38861, 30.94697], [-86.38862, 30.94608], [-86.38871, 30.94585], [-86.38875, 30.94567], [-86.38878, 30.94538], [-86.38878, 30.94519], [-86.38879, 30.94452], [-86.38878, 30.94416], [-86.38876, 30.94359], [-86.38878, 30.94297], [-86.38882, 30.94241], [-86.38882, 30.94224], [-86.38889, 30.93807], [-86.38889, 30.938], [-86.38889, 30.93791], [-86.38896, 30.92701], [-86.38897, 30.9258], [-86.389, 30.9255], [-86.38884, 30.92189], [-86.38883, 30.92178], [-86.38882, 30.92155], [-86.38896, 30.90849], [-86.38896, 30.90842], [-86.38898, 30.90648], [-86.38902, 30.90058], [-86.38904, 30.89617], [-86.38904, 30.89599], [-86.38904, 30.8958], [-86.38904, 30.89559], [-86.38905, 30.89541], [-86.38905, 30.89537], [-86.38905, 30.89467], [-86.38907, 30.8908], [-86.38908, 30.88906], [-86.38911, 30.88344], [-86.38928, 30.8772], [-86.38929, 30.87714], [-86.38968, 30.87519], [-86.39004, 30.86633], [-86.39006, 30.85919], [-86.39012, 30.8566], [-86.39024, 30.85124], [-86.39038, 30.84536], [-86.39039, 30.84442], [-86.39046, 30.84044], [-86.39052, 30.83692], [-86.39053, 30.83682], [-86.39053, 30.83657], [-86.39055, 30.83511], [-86.39071, 30.82632], [-86.39081, 30.82148], [-86.39094, 30.81493], [-86.39093, 30.8128], [-86.39094, 30.80612], [-86.39094, 30.80355], [-86.39096, 30.79765], [-86.39098, 30.793], [-86.39098, 30.79257], [-86.39103, 30.78326], [-86.39103, 30.78265], [-86.39103, 30.78258], [-86.39103, 30.78252], [-86.39105, 30.78059], [-86.39111, 30.7744], [-86.39111, 30.77409], [-86.39115, 30.77247], [-86.39117, 30.77114], [-86.39124, 30.7666], [-86.39132, 30.76344], [-86.39149, 30.76048], [-86.39149, 30.76041], [-86.39164, 30.75762], [-86.39169, 30.75682], [-86.39176, 30.75549], [-86.39179, 30.75486], [-86.39185, 30.75379], [-86.39203, 30.75066]]]}}, {"type": "Feature", "properties": {"tract_id": "12131950103", "name": "Census Tract 9501.03", "income_2020": 53638, "poverty_rate_2020": 23.8, "population_2020": 3438}, "geometry": {"type": "Polygon", "coordinates": [[[-86.3133, 30.74418], [-86.31368, 30.74339], [-86.30883, 30.74471], [-86.3043, 30.74596], [-86.2984, 30.74758], [-86.29748, 30.74782], [-86.29556, 30.74834], [-86.2928, 30.74909], [-86.29006, 30.74984], [-86.28552, 30.75108], [-86.28522, 30.75115], [-86.28504, 30.75121], [-86.28483, 30.75125], [-86.28435, 30.7514], [-86.28414, 30.75145], [-86.28392, 30.7515], [-86.28348, 30.75158], [-86.28326, 30.75161], [-86.28289, 30.75166], [-86.28282, 30.75167], [-86.28237, 30.75171], [-86.28215, 30.75172], [-86.28192, 30.75172], [-86.28148, 30.75173], [-86.28126, 30.75172], [-86.28082, 30.75169], [-86.27899, 30.7515], [-86.2771, 30.7513], [-86.27512, 30.7511], [-86.27302, 30.75088], [-86.26708, 30.75027], [-86.26547, 30.75011], [-86.26527, 30.75008], [-86.26461, 30.75001], [-86.26357, 30.74992], [-86.26272, 30.74986], [-86.26263, 30.74985], [-86.2617, 30.7498], [-86.26124, 30.74979], [-86.25756, 30.74969], [-86.25715, 30.74968], [-86.25274, 30.74959], [-86.2501, 30.74952], [-86.24739, 30.74946], [-86.24617, 30.74943], [-86.24563, 30.74941], [-86.2451, 30.74937], [-86.24442, 30.7493], [-86.24371, 30.7492], [-86.24301, 30.74908], [-86.24236, 30.74895], [-86.24152, 30.74876], [-86.24104, 30.74866], [-86.24085, 30.74861], [-86.24027, 30.74848], [-86.23603, 30.74752], [-86.23524, 30.74734], [-86.23361, 30.74699], [-86.23285, 30.74685], [-86.23189, 30.7467], [-86.23049, 30.74659], [-86.22759, 30.74646], [-86.22604, 30.74641], [-86.21638, 30.746], [-86.21585, 30.74596], [-86.2146, 30.74586], [-86.21384, 30.74577], [-86.21283, 30.74564], [-86.21022, 30.74518], [-86.20696, 30.74459], [-86.20673, 30.74518], [-86.20643, 30.74571], [-86.20626, 30.74591], [-86.20342, 30.74855], [-86.20219, 30.74966], [-86.20166, 30.75014], [-86.20127, 30.7505], [-86.2011, 30.75075], [-86.20101, 30.75099], [-86.20096, 30.75118], [-86.20095, 30.75128], [-86.20094, 30.75138], [-86.20093, 30.75161], [-86.20092, 30.7525], [-86.20092, 30.75661], [-86.20092, 30.75702], [-86.20092, 30.75721], [-86.2009, 30.75857], [-86.2009, 30.75865], [-86.2009, 30.75874], [-86.20089, 30.75925], [-86.20088, 30.75941], [-86.20087, 30.76036], [-86.20087, 30.7606], [-86.20096, 30.76111], [-86.20105, 30.76141], [-86.2016, 30.76315], [-86.20163, 30.76335], [-86.20171, 30.76368], [-86.20175, 30.76395], [-86.2018, 30.76557], [-86.20181, 30.76837], [-86.20179, 30.76941], [-86.20181, 30.76995], [-86.2018, 30.77023], [-86.20186, 30.77045], [-86.20199, 30.77069], [-86.20214, 30.77085], [-86.20236, 30.77106], [-86.20361, 30.77211], [-86.20403, 30.77245], [-86.20433, 30.77266], [-86.20464, 30.77282], [-86.20517, 30.77302], [-86.20758, 30.77383], [-86.20806, 30.77402], [-86.20844, 30.77423], [-86.20867, 30.77443], [-86.20888, 30.77471], [-86.20897, 30.77493], [-86.20898, 30.77497], [-86.20902, 30.77521], [-86.20902, 30.77541], [-86.209, 30.77563], [-86.20888, 30.77587], [-86.20874, 30.77608], [-86.20748, 30.77781], [-86.20716, 30.77829], [-86.20698, 30.77864], [-86.20679, 30.77908], [-86.20656, 30.77951], [-86.20633, 30.78008], [-86.20618, 30.7806], [-86.20586, 30.78218], [-86.20581, 30.78238], [-86.20569, 30.78299], [-86.2056, 30.78326], [-86.2049, 30.78504], [-86.20463, 30.78568], [-86.20294, 30.78981], [-86.20269, 30.79043], [-86.20257, 30.79074], [-86.20224, 30.79152], [-86.2015, 30.79312], [-86.20084, 30.79455], [-86.20072, 30.79474], [-86.20059, 30.79491], [-86.20033, 30.79515], [-86.20001, 30.79537], [-86.19968, 30.7955], [-86.19834, 30.79592], [-86.19139, 30.79799], [-86.19218, 30.79898], [-86.19251, 30.7994], [-86.19266, 30.79952], [-86.1929, 30.79984], [-86.19304, 30.80003], [-86.19332, 30.80042], [-86.19448, 30.80187], [-86.19463, 30.80206], [-86.19761, 30.8058], [-86.20045, 30.80938], [-86.20177, 30.81125], [-86.20222, 30.81189], [-86.2033, 30.81373], [-86.20348, 30.81404], [-86.20421, 30.81497], [-86.20451, 30.81523], [-86.20496, 30.81564], [-86.20556, 30.81607], [-86.20596, 30.81636], [-86.20623, 30.81651], [-86.20875, 30.81789], [-86.20937, 30.81823], [-86.21578, 30.82176], [-86.21628, 30.82204], [-86.21788, 30.82248], [-86.21908, 30.82266], [-86.22027, 30.82283], [-86.2207, 30.82289], [-86.22161, 30.82306], [-86.22178, 30.82309], [-86.22223, 30.82311], [-86.22311, 30.82332], [-86.22365, 30.82348], [-86.22421, 30.82366], [-86.2251, 30.82399], [-86.22594, 30.82439], [-86.22672, 30.82482], [-86.22784, 30.82561], [-86.22868, 30.82634], [-86.22927, 30.82697], [-86.22937, 30.8271], [-86.22975, 30.82756], [-86.23029, 30.8284], [-86.23194, 30.83144], [-86.23287, 30.8332], [-86.23357, 30.83455], [-86.2342, 30.83554], [-86.23579, 30.83804], [-86.23616, 30.83861], [-86.23816, 30.84166], [-86.24005, 30.84454], [-86.24021, 30.8448], [-86.24422, 30.85103], [-86.24542, 30.85292], [-86.24672, 30.85494], [-86.24732, 30.85588], [-86.24926, 30.85891], [-86.24992, 30.85995], [-86.25501, 30.86771], [-86.25527, 30.86811], [-86.25589, 30.86906], [-86.25619, 30.86949], [-86.25643, 30.86984], [-86.25764, 30.87132], [-86.25879, 30.87246], [-86.26088, 30.8741], [-86.26426, 30.87658], [-86.2684, 30.87967], [-86.27226, 30.88249], [-86.27292, 30.88298], [-86.27315, 30.88314], [-86.27473, 30.8843], [-86.27535, 30.88479], [-86.27718, 30.8864], [-86.27797, 30.88729], [-86.27872, 30.88826], [-86.27914, 30.88891], [-86.27972, 30.88986], [-86.28129, 30.88993], [-86.28277, 30.89002], [-86.28391, 30.89021], [-86.28529, 30.88381], [-86.28562, 30.88255], [-86.2862, 30.88106], [-86.28676, 30.8798], [-86.28699, 30.87899], [-86.28714, 30.8784], [-86.2872, 30.87766], [-86.28719, 30.87693], [-86.28704, 30.87619], [-86.28649, 30.87467], [-86.28615, 30.87376], [-86.28529, 30.87193], [-86.28445, 30.87014], [-86.28341, 30.86787], [-86.28284, 30.86606], [-86.28244, 30.86436], [-86.28182, 30.86037], [-86.28136, 30.8575], [-86.28132, 30.85725], [-86.28106, 30.8557], [-86.28053, 30.85447], [-86.28017, 30.85355], [-86.27966, 30.85225], [-86.27791, 30.84803], [-86.27767, 30.84726], [-86.27742, 30.84625], [-86.27724, 30.84532], [-86.27691, 30.84218], [-86.2768, 30.84106], [-86.27682, 30.84066], [-86.27698, 30.83925], [-86.27721, 30.83778], [-86.27786, 30.83381], [-86.2779, 30.83363], [-86.27806, 30.83303], [-86.27821, 30.83279], [-86.27823, 30.83277], [-86.2788, 30.83204], [-86.27928, 30.83163], [-86.2802, 30.83087], [-86.28183, 30.82962], [-86.28313, 30.82884], [-86.28357, 30.82862], [-86.28383, 30.82849], [-86.28625, 30.82726], [-86.28954, 30.82552], [-86.29015, 30.8252], [-86.29051, 30.82501], [-86.292, 30.82408], [-86.29719, 30.82076], [-86.29803, 30.82023], [-86.29999, 30.81898], [-86.30092, 30.81837], [-86.30134, 30.81809], [-86.30163, 30.81787], [-86.30168, 30.81784], [-86.3024, 30.81729], [-86.30251, 30.81721], [-86.30292, 30.81686], [-86.30409, 30.81581], [-86.30427, 30.81563], [-86.3048, 30.81508], [-86.30516, 30.8147], [-86.30533, 30.8145], [-86.30583, 30.8139], [-86.30608, 30.8136], [-86.30639, 30.81319], [-86.30684, 30.81256], [-86.30754, 30.81148], [-86.3091, 30.80907], [-86.3093, 30.80875], [-86.30949, 30.80842], [-86.30961, 30.8082], [-86.30977, 30.80785], [-86.30991, 30.8075], [-86.30999, 30.80726], [-86.31006, 30.80703], [-86.31016, 30.80667], [-86.31026, 30.80618], [-86.31029, 30.80593], [-86.31033, 30.80555], [-86.31035, 30.8053], [-86.31035, 30.8042], [-86.31034, 30.80343], [-86.31033, 30.803], [-86.3103, 30.80263], [-86.31026, 30.80238], [-86.31023, 30.80225], [-86.31017, 30.80198], [-86.31011, 30.80185], [-86.31009, 30.80172], [-86.31004, 30.80159], [-86.30999, 30.80146], [-86.30993, 30.80133], [-86.30988, 30.8012], [-86.30982, 30.80108], [-86.30968, 30.80084], [-86.30954, 30.80061], [-86.30848, 30.79906], [-86.30772, 30.7979], [-86.30757, 30.79767], [-86.30751, 30.79755], [-86.30739, 30.79729], [-86.30728, 30.79694], [-86.30726, 30.79682], [-86.30724, 30.79669], [-86.30721, 30.79629], [-86.30719, 30.79615], [-86.30716, 30.79574], [-86.30714, 30.79546], [-86.30711, 30.79521], [-86.30705, 30.79444], [-86.30702, 30.79399], [-86.30702, 30.79368], [-86.30704, 30.79321], [-86.3071, 30.79257], [-86.30718, 30.79193], [-86.30723, 30.79162], [-86.30724, 30.79152], [-86.30736, 30.79047], [-86.30745, 30.78961], [-86.30749, 30.78919], [-86.30753, 30.78846], [-86.30756, 30.7882], [-86.3076, 30.78461], [-86.30762, 30.78268], [-86.30763, 30.78104], [-86.30763, 30.78067], [-86.30764, 30.77854], [-86.30765, 30.77555], [-86.30766, 30.77058], [-86.30767, 30.7698], [-86.30768, 30.76786], [-86.30768, 30.76628], [-86.30768, 30.7655], [-86.30767, 30.7652], [-86.30765, 30.7649], [-86.30761, 30.76459], [-86.30758, 30.76442], [-86.30752, 30.76413], [-86.30745, 30.76383], [-86.30737, 30.76353], [-86.30731, 30.76335], [-86.30727, 30.76322], [-86.30709, 30.76277], [-86.30699, 30.76257], [-86.3063, 30.76133], [-86.30613, 30.76102], [-86.30601, 30.76076], [-86.30595, 30.76063], [-86.30591, 30.76049], [-86.30586, 30.76027], [-86.30585, 30.76023], [-86.30583, 30.76007], [-86.30582, 30.75976], [-86.30584, 30.75957], [-86.3059, 30.75934], [-86.30592, 30.75928], [-86.30603, 30.75898], [-86.30606, 30.7589], [-86.30629, 30.75847], [-86.30732, 30.75681], [-86.30754, 30.75646], [-86.30821, 30.75536], [-86.3091, 30.75352], [-86.30921, 30.75328], [-86.31021, 30.75108], [-86.31095, 30.74945], [-86.31118, 30.74894], [-86.31153, 30.74816], [-86.3117, 30.74776], [-86.31214, 30.74679], [-86.31289, 30.74515], [-86.3133, 30.74418]]]}}, {"type": "Feature", "properties": {"tract_id": "12131950400", "name": "Census Tract 9504", "income_2020": 59493, "poverty_rate_2020": 10.1, "population_2020": 2342}, "geometry": {"type": "Polygon", "coordinates": [[[-86.12287, 30.66849], [-86.12287, 30.66841], [-86.12286, 30.66747], [-86.12272, 30.66638], [-86.12249, 30.66518], [-86.1221, 30.66386], [-86.12191, 30.66332], [-86.12135, 30.66212], [-86.12128, 30.66197], [-86.12124, 30.66188], [-86.12121, 30.66184], [-86.12056, 30.66079], [-86.12024, 30.6603], [-86.12011, 30.6601], [-86.12008, 30.66005], [-86.11947, 30.65917], [-86.11917, 30.65874], [-86.11902, 30.65851], [-86.11831, 30.65745], [-86.11757, 30.65634], [-86.11696, 30.65546], [-86.11582, 30.6538], [-86.11572, 30.65364], [-86.11567, 30.65357], [-86.11513, 30.65268], [-86.11473, 30.65191], [-86.11467, 30.65177], [-86.11465, 30.65172], [-86.11434, 30.6509], [-86.11419, 30.65026], [-86.11408, 30.64977], [-86.11399, 30.64942], [-86.11398, 30.64925], [-86.11396, 30.64906], [-86.11396, 30.64902], [-86.11392, 30.64867], [-86.11393, 30.64814], [-86.11392, 30.64785], [-86.11395, 30.64747], [-86.11397, 30.64718], [-86.11406, 30.64632], [-86.11417, 30.64563], [-86.11421, 30.64539], [-86.11425, 30.64512], [-86.11433, 30.64451], [-86.11436, 30.64434], [-86.11447, 30.64357], [-86.11449, 30.64343], [-86.11457, 30.64292], [-86.11475, 30.64173], [-86.11482, 30.64125], [-86.1149, 30.64075], [-86.11502, 30.63989], [-86.11513, 30.63923], [-86.11518, 30.63893], [-86.11557, 30.63627], [-86.11586, 30.63413], [-86.11595, 30.63345], [-86.11597, 30.63331], [-86.11598, 30.6332], [-86.11602, 30.6329], [-86.11608, 30.63249], [-86.11663, 30.62868], [-86.117, 30.62616], [-86.11705, 30.62588], [-86.11715, 30.62528], [-86.11733, 30.6241], [-86.11743, 30.62331], [-86.11746, 30.62153], [-86.11739, 30.62066], [-86.11736, 30.62013], [-86.11712, 30.61892], [-86.11692, 30.61824], [-86.11677, 30.61774], [-86.11575, 30.61444], [-86.11571, 30.61431], [-86.11535, 30.61325], [-86.11524, 30.61292], [-86.11521, 30.61284], [-86.11502, 30.61231], [-86.11488, 30.61177], [-86.1147, 30.61113], [-86.11454, 30.61056], [-86.11386, 30.60848], [-86.11355, 30.60754], [-86.11261, 30.60456], [-86.11227, 30.60339], [-86.11209, 30.60276], [-86.11162, 30.6013], [-86.11109, 30.59965], [-86.11073, 30.59854], [-86.11059, 30.5986], [-86.11048, 30.59867], [-86.11033, 30.5988], [-86.1101, 30.59905], [-86.10982, 30.59932], [-86.1096, 30.59955], [-86.10955, 30.5996], [-86.10911, 30.60002], [-86.10883, 30.60023], [-86.10863, 30.60035], [-86.10853, 30.60041], [-86.10819, 30.60058], [-86.10786, 30.60072], [-86.10745, 30.60086], [-86.10732, 30.60089], [-86.10714, 30.60091], [-86.10696, 30.60092], [-86.10509, 30.60089], [-86.10325, 30.60083], [-86.10108, 30.60074], [-86.10098, 30.60075], [-86.10074, 30.60077], [-86.1004, 30.60081], [-86.10003, 30.60089], [-86.09967, 30.60099], [-86.09932, 30.60109], [-86.09896, 30.60122], [-86.0989, 30.60124], [-86.09843, 30.60143], [-86.09648, 30.6023], [-86.09581, 30.60256], [-86.09463, 30.60299], [-86.0942, 30.60312], [-86.09364, 30.60325], [-86.09318, 30.60334], [-86.09294, 30.60339], [-86.09249, 30.60344], [-86.09227, 30.60345], [-86.09167, 30.60346], [-86.09108, 30.60342], [-86.09043, 30.60337], [-86.08817, 30.60315], [-86.08637, 30.60296], [-86.08584, 30.6029], [-86.08557, 30.60286], [-86.08546, 30.60284], [-86.08516, 30.60279], [-86.08478, 30.60269], [-86.08448, 30.60259], [-86.08425, 30.6025], [-86.08401, 30.60238], [-86.08379, 30.60226], [-86.08349, 30.60206], [-86.08298, 30.60163], [-86.08262, 30.60127], [-86.08219, 30.60078], [-86.08192, 30.60043], [-86.08177, 30.6002], [-86.08164, 30.59999], [-86.08154, 30.5998], [-86.08138, 30.59947], [-86.08124, 30.59908], [-86.08105, 30.59861], [-86.08074, 30.598], [-86.08031, 30.59727], [-86.07994, 30.59674], [-86.07908, 30.59622], [-86.07856, 30.59582], [-86.07796, 30.5953], [-86.07741, 30.59477], [-86.07696, 30.59433], [-86.07631, 30.59354], [-86.07596, 30.59293], [-86.07565, 30.59259], [-86.07514, 30.59217], [-86.07512, 30.59215], [-86.07471, 30.59191], [-86.07409, 30.59161], [-86.07355, 30.59143], [-86.07042, 30.59098], [-86.07006, 30.59093], [-86.06668, 30.59044], [-86.06564, 30.59041], [-86.06462, 30.59044], [-86.06113, 30.59099], [-86.06052, 30.59109], [-86.06016, 30.59111], [-86.05979, 30.59112], [-86.05965, 30.59113], [-86.05887, 30.59113], [-86.05871, 30.59113], [-86.05844, 30.59112], [-86.05833, 30.59111], [-86.05749, 30.59108], [-86.0564, 30.59103], [-86.05587, 30.59101], [-86.05481, 30.59089], [-86.05444, 30.59085], [-86.05419, 30.59082], [-86.05378, 30.59078], [-86.05328, 30.59068], [-86.05303, 30.59063], [-86.05261, 30.59055], [-86.05215, 30.59043], [-86.05137, 30.59022], [-86.04966, 30.58978], [-86.04931, 30.58969], [-86.04926, 30.58968], [-86.04836, 30.58949], [-86.0482, 30.58947], [-86.04775, 30.58942], [-86.04705, 30.58939], [-86.04619, 30.58938], [-86.04597, 30.58937], [-86.04664, 30.5875], [-86.04699, 30.58689], [-86.04791, 30.58568], [-86.04816, 30.58084], [-86.04819, 30.57882], [-86.04525, 30.57885], [-86.04451, 30.57881], [-86.04418, 30.57874], [-86.04386, 30.57852], [-86.04286, 30.57767], [-86.04269, 30.57753], [-86.04247, 30.5774], [-86.04221, 30.57731], [-86.04202, 30.57731], [-86.04146, 30.57731], [-86.041, 30.5774], [-86.041, 30.57739], [-86.04091, 30.57677], [-86.04102, 30.57649], [-86.04094, 30.57638], [-86.03861, 30.57601], [-86.03795, 30.57565], [-86.03593, 30.57404], [-86.03517, 30.5739], [-86.03466, 30.57372], [-86.0344, 30.5737], [-86.03403, 30.5739], [-86.0336, 30.57395], [-86.03329, 30.57354], [-86.03297, 30.57381], [-86.03268, 30.5739], [-86.03244, 30.57374], [-86.03199, 30.57383], [-86.03127, 30.57376], [-86.03082, 30.57356], [-86.03027, 30.57383], [-86.03008, 30.57374], [-86.02966, 30.57374], [-86.02921, 30.57388], [-86.02876, 30.57427], [-86.02862, 30.57459], [-86.02756, 30.57489], [-86.02725, 30.57514], [-86.0268, 30.57525], [-86.02563, 30.57505], [-86.02492, 30.57463], [-86.02489, 30.57454], [-86.02449, 30.57427], [-86.02322, 30.57379], [-86.02322, 30.5734], [-86.02264, 30.5731], [-86.02259, 30.57275], [-86.02235, 30.57252], [-86.02179, 30.57234], [-86.02121, 30.57243], [-86.02071, 30.5722], [-86.01996, 30.57218], [-86.01991, 30.57209], [-86.01957, 30.57193], [-86.01922, 30.57155], [-86.01806, 30.57119], [-86.01766, 30.57092], [-86.01737, 30.57083], [-86.01747, 30.57041], [-86.01769, 30.57025], [-86.01771, 30.57014], [-86.01724, 30.56993], [-86.01724, 30.56968], [-86.01734, 30.5695], [-86.0174, 30.56902], [-86.01729, 30.56881], [-86.01605, 30.56805], [-86.01607, 30.5678], [-86.01628, 30.56736], [-86.0161, 30.56718], [-86.01565, 30.5673], [-86.01552, 30.56707], [-86.01507, 30.56704], [-86.01459, 30.56732], [-86.01443, 30.56714], [-86.01438, 30.56693], [-86.01427, 30.56686], [-86.01358, 30.56677], [-86.01345, 30.56665], [-86.01245, 30.56654], [-86.01184, 30.56663], [-86.01189, 30.56635], [-86.01173, 30.56624], [-86.01131, 30.56633], [-86.0111, 30.56615], [-86.01102, 30.56571], [-86.01064, 30.56567], [-86.01054, 30.56608], [-86.01025, 30.56615], [-86.00945, 30.56583], [-86.00937, 30.56567], [-86.00966, 30.56535], [-86.00964, 30.56489], [-86.00924, 30.5647], [-86.00855, 30.56482], [-86.00789, 30.56457], [-86.00741, 30.56427], [-86.0067, 30.5642], [-86.00625, 30.56397], [-86.00614, 30.56417], [-86.00588, 30.56429], [-86.00575, 30.5642], [-86.00577, 30.56399], [-86.00561, 30.56381], [-86.00501, 30.56388], [-86.00482, 30.56379], [-86.00384, 30.56394], [-86.00355, 30.56381], [-86.00344, 30.56337], [-86.00281, 30.56319], [-86.00212, 30.56323], [-86.00199, 30.56287], [-86.00177, 30.56284], [-86.0017, 30.56312], [-86.00127, 30.56317], [-86.00099, 30.56308], [-86.0, 30.56277], [-85.99923, 30.56207], [-85.99889, 30.562], [-85.99817, 30.56188], [-85.99777, 30.56195], [-85.99544, 30.5612], [-85.99457, 30.56106], [-85.99436, 30.56124], [-85.99356, 30.56143], [-85.99319, 30.56113], [-85.99264, 30.56097], [-85.99242, 30.56117], [-85.99187, 30.56127], [-85.99107, 30.5612], [-85.9902, 30.56127], [-85.98943, 30.56095], [-85.98893, 30.56093], [-85.98734, 30.56159], [-85.98609, 30.56134], [-85.98564, 30.56106], [-85.98477, 30.56086], [-85.98429, 30.56045], [-85.98366, 30.56026], [-85.98257, 30.55994], [-85.98186, 30.55992], [-85.98093, 30.56015], [-85.98051, 30.56006], [-85.98016, 30.5598], [-85.97982, 30.55919], [-85.9791, 30.55898], [-85.97857, 30.55847], [-85.97823, 30.55847], [-85.97775, 30.5587], [-85.9772, 30.55854], [-85.97669, 30.55875], [-85.9759, 30.55857], [-85.97545, 30.55866], [-85.97532, 30.55882], [-85.97526, 30.55912], [-85.97481, 30.55921], [-85.97471, 30.55914], [-85.9733, 30.55854], [-85.97259, 30.55797], [-85.97216, 30.55786], [-85.97203, 30.55767], [-85.97023, 30.55703], [-85.96803, 30.5569], [-85.96756, 30.55667], [-85.96689, 30.55667], [-85.96665, 30.55671], [-85.9665, 30.55665], [-85.96634, 30.55658], [-85.96613, 30.55655], [-85.9657, 30.55651], [-85.96515, 30.5563], [-85.96483, 30.55646], [-85.96475, 30.55669], [-85.96433, 30.55678], [-85.96377, 30.55665], [-85.9634, 30.55697], [-85.963, 30.55715], [-85.96292, 30.55687], [-85.96276, 30.55681], [-85.96242, 30.55722], [-85.96205, 30.5574], [-85.96144, 30.55749], [-85.96086, 30.55749], [-85.95797, 30.55636], [-85.95794, 30.55635], [-85.95733, 30.55594], [-85.95641, 30.55575], [-85.95564, 30.55598], [-85.95506, 30.55568], [-85.95516, 30.555], [-85.95484, 30.55497], [-85.95442, 30.55523], [-85.95384, 30.55532], [-85.95238, 30.55484], [-85.95222, 30.55468], [-85.95156, 30.55468], [-85.95122, 30.55452], [-85.95034, 30.55445], [-85.94995, 30.55429], [-85.94923, 30.55422], [-85.94883, 30.55403], [-85.94841, 30.55399], [-85.94817, 30.55403], [-85.94777, 30.5544], [-85.94727, 30.55452], [-85.94666, 30.55438], [-85.94632, 30.55413], [-85.94608, 30.55381], [-85.94592, 30.55335], [-85.94576, 30.55314], [-85.9455, 30.55305], [-85.94526, 30.55316], [-85.94454, 30.55323], [-85.94444, 30.55312], [-85.94452, 30.55257], [-85.94396, 30.55238], [-85.94383, 30.55211], [-85.94378, 30.55165], [-85.94385, 30.55131], [-85.94343, 30.55124], [-85.94338, 30.55142], [-85.94314, 30.55149], [-85.94266, 30.55096], [-85.94219, 30.55133], [-85.94161, 30.55138], [-85.94137, 30.5511], [-85.94107, 30.55041], [-85.93877, 30.55016], [-85.93763, 30.55023], [-85.9362, 30.55073], [-85.93551, 30.55083], [-85.93504, 30.55064], [-85.934, 30.55044], [-85.93316, 30.54989], [-85.93281, 30.54945], [-85.93258, 30.54895], [-85.93231, 30.54881], [-85.93178, 30.54876], [-85.93043, 30.54897], [-85.9298, 30.5486], [-85.9286, 30.54824], [-85.92789, 30.54842], [-85.92741, 30.54785], [-85.92739, 30.54743], [-85.9272, 30.54714], [-85.92688, 30.547], [-85.92604, 30.54695], [-85.92516, 30.54624], [-85.925, 30.54546], [-85.92474, 30.54516], [-85.92376, 30.54459], [-85.92371, 30.54432], [-85.92355, 30.54413], [-85.92341, 30.54361], [-85.92307, 30.54253], [-85.92294, 30.54143], [-85.92275, 30.54083], [-85.92262, 30.54079], [-85.92222, 30.54019], [-85.92209, 30.53985], [-85.92161, 30.5393], [-85.92087, 30.53863], [-85.92082, 30.53847], [-85.92072, 30.5382], [-85.92071, 30.53817], [-85.9205, 30.5379], [-85.91976, 30.5373], [-85.91939, 30.53712], [-85.91876, 30.53705], [-85.91725, 30.53655], [-85.91587, 30.53648], [-85.91471, 30.53673], [-85.9138, 30.53703], [-85.91248, 30.53765], [-85.91063, 30.53803], [-85.91039, 30.5382], [-85.90925, 30.53794], [-85.90862, 30.53801], [-85.90785, 30.53831], [-85.90642, 30.53845], [-85.90568, 30.53886], [-85.90502, 30.53906], [-85.90449, 30.53982], [-85.90276, 30.54101], [-85.90245, 30.54147], [-85.9008, 30.54253], [-85.89988, 30.54271], [-85.89884, 30.5425], [-85.89596, 30.54305], [-85.89536, 30.54346], [-85.89519, 30.54358], [-85.89469, 30.54365], [-85.89424, 30.54339], [-85.89342, 30.5436], [-85.89291, 30.54351], [-85.89244, 30.54303], [-85.89231, 30.54273], [-85.89188, 30.5425], [-85.89066, 30.54204], [-85.89011, 30.54163], [-85.88987, 30.54128], [-85.88945, 30.54103], [-85.88849, 30.54094], [-85.88754, 30.54071], [-85.88664, 30.53995], [-85.88579, 30.5397], [-85.88553, 30.53979], [-85.88503, 30.53977], [-85.88456, 30.53949], [-85.88319, 30.53826], [-85.88194, 30.53717], [-85.88113, 30.53634], [-85.88086, 30.53598], [-85.88069, 30.53542], [-85.88059, 30.53498], [-85.88057, 30.53489], [-85.88037, 30.53447], [-85.88005, 30.53397], [-85.8799, 30.53376], [-85.87981, 30.53364], [-85.87995, 30.53289], [-85.88025, 30.53215], [-85.88024, 30.53213], [-85.88018, 30.5317], [-85.8801, 30.53146], [-85.88007, 30.53138], [-85.88004, 30.5313], [-85.88004, 30.53128], [-85.87917, 30.531], [-85.87865, 30.53086], [-85.87777, 30.5313], [-85.87736, 30.53184], [-85.87728, 30.53195], [-85.87738, 30.53243], [-85.87806, 30.53479], [-85.87806, 30.5348], [-85.87932, 30.53899], [-85.87954, 30.53996], [-85.87932, 30.54113], [-85.87935, 30.54162], [-85.87978, 30.542], [-85.88026, 30.54254], [-85.88036, 30.54306], [-85.88025, 30.54343], [-85.88017, 30.54372], [-85.88018, 30.54375], [-85.88013, 30.54392], [-85.87938, 30.54474], [-85.8786, 30.54542], [-85.87846, 30.54576], [-85.87837, 30.5461], [-85.8783, 30.54629], [-85.87848, 30.54683], [-85.87882, 30.54731], [-85.87914, 30.54767], [-85.87937, 30.54856], [-85.87953, 30.55086], [-85.8796, 30.55397], [-85.87983, 30.55621], [-85.88081, 30.55762], [-85.88215, 30.55918], [-85.88337, 30.55987], [-85.8835, 30.55988], [-85.88531, 30.56007], [-85.88595, 30.55995], [-85.88659, 30.55965], [-85.88773, 30.55938], [-85.88816, 30.55959], [-85.88843, 30.55978], [-85.88853, 30.56133], [-85.88859, 30.56193], [-85.88921, 30.56255], [-85.89055, 30.56385], [-85.89094, 30.56448], [-85.8912, 30.56585], [-85.89122, 30.56591], [-85.89084, 30.56657], [-85.88969, 30.56738], [-85.88895, 30.56805], [-85.88875, 30.56859], [-85.88869, 30.56878], [-85.88876, 30.56971], [-85.88891, 30.57148], [-85.88927, 30.57426], [-85.89017, 30.57864], [-85.88999, 30.57991], [-85.88998, 30.57999], [-85.88957, 30.58079], [-85.88913, 30.5811], [-85.88908, 30.58114], [-85.88905, 30.58154], [-85.88955, 30.58178], [-85.89015, 30.58162], [-85.89073, 30.58146], [-85.89349, 30.58081], [-85.89387, 30.58083], [-85.89409, 30.58152], [-85.89397, 30.58217], [-85.89395, 30.5823], [-85.89353, 30.58289], [-85.89317, 30.58358], [-85.89311, 30.58369], [-85.89305, 30.58444], [-85.89357, 30.58528], [-85.89459, 30.58605], [-85.89535, 30.58635], [-85.89641, 30.58633], [-85.89766, 30.58604], [-85.89884, 30.58547], [-85.89962, 30.58512], [-85.90157, 30.58502], [-85.9032, 30.58481], [-85.90383, 30.58489], [-85.90421, 30.58525], [-85.90458, 30.58572], [-85.90619, 30.58639], [-85.90685, 30.58659], [-85.90821, 30.58671], [-85.90904, 30.58673], [-85.90946, 30.58688], [-85.90958, 30.58737], [-85.90958, 30.58739], [-85.90929, 30.58806], [-85.90898, 30.58852], [-85.90846, 30.58891], [-85.90837, 30.58914], [-85.90831, 30.58931], [-85.90823, 30.58997], [-85.90832, 30.59089], [-85.90865, 30.59136], [-85.90963, 30.59232], [-85.91027, 30.59289], [-85.91051, 30.59382], [-85.91043, 30.59446], [-85.91041, 30.5946], [-85.90986, 30.59523], [-85.90912, 30.596], [-85.90888, 30.59659], [-85.90881, 30.59676], [-85.90893, 30.5974], [-85.90941, 30.59801], [-85.90996, 30.59822], [-85.91062, 30.59821], [-85.91133, 30.59797], [-85.91192, 30.59755], [-85.9122, 30.5972], [-85.9125, 30.59659], [-85.91279, 30.59612], [-85.91326, 30.59592], [-85.91436, 30.59597], [-85.91541, 30.59636], [-85.91592, 30.59679], [-85.91598, 30.59735], [-85.91591, 30.59792], [-85.9159, 30.59802], [-85.91549, 30.59873], [-85.915, 30.59911], [-85.91428, 30.59934], [-85.91357, 30.5996], [-85.91309, 30.59997], [-85.91306, 30.59999], [-85.91293, 30.60062], [-85.91276, 30.60122], [-85.91276, 30.60124], [-85.91271, 30.60142], [-85.91222, 30.6018], [-85.91164, 30.60219], [-85.91129, 30.60254], [-85.91125, 30.60255], [-85.91108, 30.60317], [-85.91103, 30.60337], [-85.91095, 30.60388], [-85.91126, 30.60518], [-85.9113, 30.60594], [-85.9116, 30.60645], [-85.91185, 30.60681], [-85.91195, 30.60705], [-85.91196, 30.60709], [-85.91166, 30.60766], [-85.91117, 30.60796], [-85.91047, 30.60803], [-85.90965, 30.60835], [-85.90963, 30.60836], [-85.90953, 30.60882], [-85.9094, 30.60986], [-85.9094, 30.60992], [-85.90834, 30.61233], [-85.90828, 30.61248], [-85.90822, 30.61369], [-85.90826, 30.61404], [-85.90871, 30.61436], [-85.90892, 30.61448], [-85.90939, 30.61432], [-85.90958, 30.61443], [-85.90997, 30.61484], [-85.90991, 30.61525], [-85.90984, 30.61564], [-85.91023, 30.61588], [-85.91072, 30.61591], [-85.91179, 30.61592], [-85.91269, 30.61594], [-85.91333, 30.61632], [-85.91337, 30.61637], [-85.91369, 30.61686], [-85.91381, 30.61725], [-85.91382, 30.61728], [-85.91366, 30.61761], [-85.91307, 30.61792], [-85.91204, 30.61831], [-85.91108, 30.61901], [-85.91079, 30.61932], [-85.91074, 30.61935], [-85.91057, 30.61997], [-85.91052, 30.62014], [-85.91048, 30.62031], [-85.91041, 30.62047], [-85.91037, 30.62064], [-85.9103, 30.62083], [-85.9105, 30.62126], [-85.91084, 30.6214], [-85.91134, 30.62134], [-85.91235, 30.62112], [-85.91291, 30.62116], [-85.91328, 30.62142], [-85.91342, 30.62169], [-85.9134, 30.62179], [-85.91336, 30.62196], [-85.91302, 30.62221], [-85.91229, 30.62248], [-85.91158, 30.62267], [-85.91103, 30.62285], [-85.91082, 30.62312], [-85.91075, 30.62321], [-85.91076, 30.62337], [-85.91082, 30.6236], [-85.91098, 30.62394], [-85.9115, 30.62433], [-85.91191, 30.62456], [-85.91218, 30.62502], [-85.91229, 30.62519], [-85.91234, 30.62562], [-85.91232, 30.62598], [-85.91231, 30.62627], [-85.91217, 30.62667], [-85.91199, 30.6272], [-85.91161, 30.62779], [-85.91135, 30.62818], [-85.91131, 30.62825], [-85.91123, 30.6287], [-85.91109, 30.6293], [-85.91104, 30.62994], [-85.91104, 30.62996], [-85.91095, 30.63021], [-85.91088, 30.6304], [-85.91096, 30.63063], [-85.91104, 30.63087], [-85.91114, 30.63093], [-85.9114, 30.63111], [-85.91174, 30.63121], [-85.91222, 30.63141], [-85.91254, 30.63157], [-85.91271, 30.63182], [-85.91285, 30.63215], [-85.91288, 30.63241], [-85.91278, 30.6328], [-85.91277, 30.63293], [-85.91276, 30.63306], [-85.91276, 30.6331], [-85.91264, 30.63338], [-85.91258, 30.63349], [-85.91249, 30.63366], [-85.91261, 30.63379], [-85.91289, 30.63395], [-85.91324, 30.63413], [-85.91372, 30.6344], [-85.91417, 30.63474], [-85.91459, 30.63519], [-85.91507, 30.63599], [-85.9153, 30.63643], [-85.91522, 30.6368], [-85.91517, 30.63697], [-85.91472, 30.6373], [-85.9142, 30.63746], [-85.91367, 30.63743], [-85.91329, 30.63739], [-85.91267, 30.63747], [-85.91238, 30.63764], [-85.91204, 30.63782], [-85.91199, 30.63793], [-85.91194, 30.63798], [-85.91182, 30.63844], [-85.91176, 30.63868], [-85.91176, 30.6387], [-85.91171, 30.63887], [-85.91133, 30.63933], [-85.91123, 30.63936], [-85.91095, 30.63947], [-85.91002, 30.63959], [-85.90935, 30.63958], [-85.90847, 30.63973], [-85.90811, 30.63983], [-85.90753, 30.64019], [-85.90708, 30.64072], [-85.90664, 30.64137], [-85.9064, 30.64193], [-85.90636, 30.64195], [-85.90629, 30.64219], [-85.90625, 30.64239], [-85.90617, 30.64285], [-85.90611, 30.64335], [-85.90607, 30.64374], [-85.90605, 30.64396], [-85.90598, 30.64438], [-85.90589, 30.6447], [-85.9059, 30.64472], [-85.90585, 30.6449], [-85.90564, 30.64507], [-85.90532, 30.64507], [-85.90495, 30.64487], [-85.90459, 30.64461], [-85.90416, 30.64428], [-85.90371, 30.64411], [-85.90298, 30.64427], [-85.9027, 30.64459], [-85.90242, 30.64522], [-85.90212, 30.64581], [-85.90183, 30.64642], [-85.90167, 30.64688], [-85.90159, 30.64709], [-85.90139, 30.64759], [-85.90109, 30.64794], [-85.90044, 30.64825], [-85.89983, 30.64838], [-85.89934, 30.64834], [-85.89891, 30.64817], [-85.89844, 30.648], [-85.89827, 30.64769], [-85.89825, 30.64722], [-85.89825, 30.64663], [-85.89825, 30.64606], [-85.89816, 30.64559], [-85.89793, 30.64524], [-85.89758, 30.64527], [-85.89716, 30.64548], [-85.89704, 30.64563], [-85.89699, 30.6457], [-85.89695, 30.64616], [-85.89691, 30.64656], [-85.89691, 30.64692], [-85.89683, 30.64738], [-85.8968, 30.64775], [-85.89679, 30.6478], [-85.89659, 30.64828], [-85.89627, 30.64882], [-85.896, 30.64925], [-85.8956, 30.64954], [-85.89501, 30.65014], [-85.89465, 30.65059], [-85.89453, 30.65082], [-85.89447, 30.65093], [-85.89446, 30.65123], [-85.89438, 30.6516], [-85.89437, 30.65166], [-85.89421, 30.65204], [-85.89398, 30.65235], [-85.8938, 30.65246], [-85.89328, 30.65261], [-85.89264, 30.65248], [-85.89215, 30.65222], [-85.89176, 30.65198], [-85.89139, 30.65159], [-85.89108, 30.65144], [-85.8906, 30.65144], [-85.89028, 30.65149], [-85.88999, 30.65178], [-85.88976, 30.65209], [-85.88953, 30.65245], [-85.88948, 30.65253], [-85.8894, 30.65306], [-85.88939, 30.65308], [-85.88936, 30.65317], [-85.88929, 30.65336], [-85.88937, 30.65368], [-85.8896, 30.65414], [-85.88982, 30.65443], [-85.89033, 30.65492], [-85.89068, 30.65535], [-85.89075, 30.65605], [-85.89075, 30.65607], [-85.8906, 30.65645], [-85.8898, 30.65674], [-85.88894, 30.65685], [-85.8886, 30.6568], [-85.88839, 30.65673], [-85.88773, 30.65664], [-85.88699, 30.65633], [-85.88646, 30.65609], [-85.88605, 30.65606], [-85.88559, 30.65618], [-85.88518, 30.65629], [-85.88453, 30.65673], [-85.88353, 30.65681], [-85.88296, 30.65666], [-85.88239, 30.65667], [-85.88211, 30.65678], [-85.88165, 30.65683], [-85.88139, 30.65707], [-85.88102, 30.65753], [-85.88057, 30.65812], [-85.88005, 30.6587], [-85.87973, 30.65927], [-85.87952, 30.65956], [-85.87945, 30.65965], [-85.8795, 30.66035], [-85.87942, 30.66108], [-85.87942, 30.66114], [-85.87917, 30.66169], [-85.87889, 30.6618], [-85.87856, 30.66192], [-85.87786, 30.66171], [-85.87762, 30.66145], [-85.87729, 30.66102], [-85.87706, 30.66043], [-85.87671, 30.66008], [-85.87656, 30.65988], [-85.87499, 30.66002], [-85.87493, 30.66002], [-85.8742, 30.6604], [-85.87361, 30.66099], [-85.87358, 30.66101], [-85.8734, 30.6616], [-85.87335, 30.6618], [-85.87332, 30.66256], [-85.87331, 30.66266], [-85.87292, 30.66321], [-85.87228, 30.6633], [-85.87117, 30.663], [-85.87005, 30.66242], [-85.86965, 30.6624], [-85.86839, 30.66248], [-85.86793, 30.66258], [-85.8674, 30.66289], [-85.86726, 30.66301], [-85.86712, 30.66313], [-85.86768, 30.66367], [-85.86832, 30.66378], [-85.86918, 30.66415], [-85.86979, 30.66469], [-85.87071, 30.66567], [-85.87119, 30.66615], [-85.87192, 30.66641], [-85.87257, 30.66623], [-85.87323, 30.66608], [-85.87384, 30.66637], [-85.87432, 30.66679], [-85.87452, 30.66708], [-85.87493, 30.66758], [-85.87512, 30.66767], [-85.87515, 30.66768], [-85.87539, 30.66784], [-85.87557, 30.66807], [-85.87557, 30.66831], [-85.87561, 30.66847], [-85.87552, 30.66874], [-85.87539, 30.66898], [-85.87515, 30.66915], [-85.87506, 30.66915], [-85.87493, 30.66916], [-85.87482, 30.6691], [-85.87441, 30.66901], [-85.87345, 30.66843], [-85.8726, 30.66776], [-85.87207, 30.6677], [-85.87141, 30.66803], [-85.87093, 30.66852], [-85.87089, 30.66857], [-85.8708, 30.66913], [-85.87091, 30.66963], [-85.87166, 30.6708], [-85.87208, 30.67159], [-85.87224, 30.67244], [-85.87231, 30.67312], [-85.87232, 30.67323], [-85.87175, 30.67383], [-85.8712, 30.67461], [-85.87109, 30.67491], [-85.87102, 30.6751], [-85.87148, 30.67618], [-85.87199, 30.67702], [-85.8727, 30.67799], [-85.8742, 30.67874], [-85.87493, 30.67928], [-85.87505, 30.67933], [-85.8751, 30.67935], [-85.87542, 30.67951], [-85.8756, 30.67975], [-85.87567, 30.68024], [-85.87564, 30.68048], [-85.87563, 30.68056], [-85.87549, 30.68084], [-85.87525, 30.68109], [-85.87517, 30.68112], [-85.87493, 30.68119], [-85.87434, 30.6817], [-85.87386, 30.68187], [-85.8732, 30.68178], [-85.87267, 30.68151], [-85.87225, 30.6812], [-85.87143, 30.68068], [-85.87043, 30.68022], [-85.86948, 30.68014], [-85.8684, 30.68011], [-85.86734, 30.68049], [-85.86614, 30.68176], [-85.86553, 30.68247], [-85.86488, 30.68324], [-85.86392, 30.68446], [-85.86338, 30.68537], [-85.86331, 30.68549], [-85.86339, 30.68648], [-85.86355, 30.68691], [-85.86407, 30.68766], [-85.86456, 30.68841], [-85.86499, 30.6892], [-85.86575, 30.68983], [-85.866, 30.69036], [-85.86605, 30.69072], [-85.86607, 30.69079], [-85.86582, 30.69115], [-85.8652, 30.69117], [-85.86427, 30.69128], [-85.8636, 30.69136], [-85.8625, 30.69172], [-85.86139, 30.69217], [-85.86048, 30.69281], [-85.85993, 30.69364], [-85.85948, 30.69488], [-85.85833, 30.69677], [-85.85813, 30.69728], [-85.85806, 30.69747], [-85.85822, 30.6978], [-85.8583, 30.69815], [-85.85832, 30.69825], [-85.85799, 30.69857], [-85.85639, 30.69854], [-85.85614, 30.69849], [-85.8557, 30.69845], [-85.85516, 30.69855], [-85.85455, 30.69885], [-85.85451, 30.69887], [-85.85436, 30.69944], [-85.85436, 30.69946], [-85.85431, 30.69964], [-85.85382, 30.69997], [-85.85348, 30.70009], [-85.85328, 30.69976], [-85.85289, 30.69909], [-85.85255, 30.69869], [-85.85226, 30.69863], [-85.85172, 30.69896], [-85.8517, 30.69898], [-85.85144, 30.69976], [-85.85139, 30.69996], [-85.85126, 30.70052], [-85.85123, 30.70068], [-85.85075, 30.70121], [-85.85026, 30.70133], [-85.84922, 30.70125], [-85.84857, 30.70127], [-85.84784, 30.70131], [-85.84728, 30.70143], [-85.84654, 30.7016], [-85.84547, 30.70238], [-85.84497, 30.7027], [-85.84477, 30.70284], [-85.84443, 30.70307], [-85.84442, 30.70313], [-85.85905, 30.70304], [-85.8593, 30.70304], [-85.86124, 30.70303], [-85.86225, 30.70302], [-85.86314, 30.70302], [-85.86354, 30.70303], [-85.8636, 30.70303], [-85.87235, 30.70327], [-85.87448, 30.70327], [-85.87468, 30.70327], [-85.87492, 30.70327], [-85.87495, 30.70327], [-85.87565, 30.70328], [-85.87634, 30.70298], [-85.87641, 30.70308], [-85.87648, 30.70311], [-85.88264, 30.70323], [-85.88357, 30.70325], [-85.8837, 30.70326], [-85.88398, 30.70328], [-85.88491, 30.70328], [-85.88852, 30.7033], [-85.88854, 30.7033], [-85.89777, 30.70333], [-85.90386, 30.70336], [-85.91079, 30.70338], [-85.91385, 30.7034], [-85.91935, 30.70342], [-85.92225, 30.70343], [-85.92864, 30.70346], [-85.92957, 30.70347], [-85.93239, 30.7035], [-85.93445, 30.70351], [-85.93636, 30.70353], [-85.94365, 30.7036], [-85.9447, 30.70361], [-85.94479, 30.70361], [-85.94899, 30.70365], [-85.95288, 30.70369], [-85.95333, 30.70369], [-85.95448, 30.7037], [-85.95684, 30.70373], [-85.95803, 30.70374], [-85.95814, 30.70374], [-85.95867, 30.70374], [-85.95888, 30.70375], [-85.96401, 30.70379], [-85.97061, 30.70385], [-85.973, 30.70388], [-85.98005, 30.70395], [-85.98596, 30.70399], [-85.98641, 30.70399], [-85.98681, 30.70399], [-85.98807, 30.704], [-85.99265, 30.70406], [-85.99525, 30.70418], [-85.99994, 30.70439], [-86.00526, 30.70442], [-86.01148, 30.70445], [-86.01401, 30.70447], [-86.01518, 30.70447], [-86.02512, 30.70453], [-86.0259, 30.70453], [-86.02967, 30.70455], [-86.03075, 30.70456], [-86.03724, 30.70457], [-86.03759, 30.70457], [-86.03759, 30.70496], [-86.03759, 30.7051], [-86.03758, 30.70675], [-86.03756, 30.71305], [-86.03824, 30.7131], [-86.03873, 30.71317], [-86.03935, 30.7133], [-86.03977, 30.71348], [-86.03987, 30.71353], [-86.04042, 30.71384], [-86.04111, 30.71396], [-86.04172, 30.71391], [-86.04224, 30.71368], [-86.04266, 30.71344], [-86.04357, 30.71329], [-86.04437, 30.71315], [-86.04488, 30.71291], [-86.04543, 30.71276], [-86.04569, 30.71273], [-86.04615, 30.71292], [-86.04673, 30.71309], [-86.04681, 30.71309], [-86.04722, 30.71311], [-86.04779, 30.71281], [-86.04836, 30.71228], [-86.04914, 30.71181], [-86.0496, 30.71151], [-86.04986, 30.71131], [-86.05017, 30.71109], [-86.05094, 30.71075], [-86.05114, 30.71063], [-86.05136, 30.71029], [-86.0518, 30.71014], [-86.0523, 30.71006], [-86.05283, 30.71018], [-86.0534, 30.71025], [-86.05412, 30.71002], [-86.05521, 30.70938], [-86.05632, 30.70908], [-86.05876, 30.70853], [-86.05897, 30.70847], [-86.0595, 30.7083], [-86.06059, 30.70732], [-86.06077, 30.70724], [-86.06101, 30.70713], [-86.06115, 30.70707], [-86.0616, 30.70656], [-86.063, 30.70603], [-86.0633, 30.70576], [-86.06364, 30.70519], [-86.06381, 30.70504], [-86.06402, 30.70486], [-86.06523, 30.70381], [-86.06627, 30.70317], [-86.06796, 30.70173], [-86.06887, 30.70161], [-86.06985, 30.70083], [-86.07046, 30.70051], [-86.07172, 30.7002], [-86.07223, 30.70008], [-86.07422, 30.70019], [-86.07534, 30.70012], [-86.07578, 30.70007], [-86.0755, 30.69966], [-86.07541, 30.69934], [-86.07653, 30.69865], [-86.07703, 30.6981], [-86.07751, 30.69787], [-86.07905, 30.69803], [-86.07971, 30.69845], [-86.08011, 30.69893], [-86.0804, 30.69859], [-86.08059, 30.69838], [-86.08079, 30.69826], [-86.0812, 30.69801], [-86.0816, 30.69762], [-86.0822, 30.69705], [-86.08311, 30.69549], [-86.08364, 30.69492], [-86.08361, 30.69471], [-86.08385, 30.69432], [-86.08427, 30.69393], [-86.08629, 30.69306], [-86.08682, 30.69246], [-86.08711, 30.6923], [-86.08785, 30.69219], [-86.08886, 30.69162], [-86.08907, 30.69141], [-86.08937, 30.69112], [-86.09042, 30.69068], [-86.09109, 30.69027], [-86.09182, 30.69025], [-86.09199, 30.69003], [-86.09198, 30.68958], [-86.09231, 30.68932], [-86.09263, 30.6892], [-86.09294, 30.68915], [-86.09306, 30.68909], [-86.09321, 30.68895], [-86.09322, 30.68878], [-86.09329, 30.68869], [-86.09367, 30.68872], [-86.09435, 30.68843], [-86.09497, 30.68813], [-86.09472, 30.68783], [-86.09469, 30.68777], [-86.09459, 30.68745], [-86.09488, 30.6868], [-86.0949, 30.68627], [-86.09456, 30.68584], [-86.09379, 30.68538], [-86.09347, 30.68517], [-86.09352, 30.68446], [-86.09398, 30.6843], [-86.09543, 30.68449], [-86.09655, 30.68439], [-86.09795, 30.68442], [-86.09806, 30.68442], [-86.09861, 30.68307], [-86.0992, 30.68249], [-86.09922, 30.68192], [-86.09973, 30.68164], [-86.09973, 30.68123], [-86.09965, 30.68105], [-86.09994, 30.68091], [-86.1006, 30.6802], [-86.10177, 30.67972], [-86.10262, 30.67921], [-86.10286, 30.67871], [-86.10291, 30.67823], [-86.10352, 30.67772], [-86.1036, 30.67729], [-86.10336, 30.67717], [-86.10323, 30.67687], [-86.10317, 30.67684], [-86.10312, 30.67682], [-86.1029, 30.67669], [-86.10262, 30.67653], [-86.1026, 30.67651], [-86.10251, 30.67639], [-86.10249, 30.67636], [-86.10246, 30.67632], [-86.10238, 30.67548], [-86.10259, 30.67472], [-86.10272, 30.67454], [-86.10338, 30.6741], [-86.10476, 30.67204], [-86.10458, 30.67176], [-86.10455, 30.67121], [-86.10466, 30.67108], [-86.10463, 30.67032], [-86.1045, 30.66986], [-86.10436, 30.66963], [-86.10431, 30.66906], [-86.10439, 30.66892], [-86.10442, 30.66844], [-86.10426, 30.66826], [-86.10442, 30.6675], [-86.10513, 30.6678], [-86.10537, 30.66803], [-86.10568, 30.66818], [-86.10593, 30.66836], [-86.10596, 30.66841], [-86.10605, 30.66868], [-86.10627, 30.66888], [-86.10727, 30.67007], [-86.1074, 30.67038], [-86.10744, 30.67048], [-86.10823, 30.67101], [-86.10832, 30.67158], [-86.10845, 30.67169], [-86.10847, 30.67211], [-86.10871, 30.67238], [-86.10877, 30.67273], [-86.10887, 30.67282], [-86.10919, 30.67282], [-86.1093, 30.67293], [-86.1093, 30.67311], [-86.10964, 30.67332], [-86.10964, 30.67355], [-86.11084, 30.67405], [-86.11171, 30.67394], [-86.11227, 30.67375], [-86.11349, 30.67382], [-86.11383, 30.67412], [-86.11452, 30.67389], [-86.11473, 30.67398], [-86.11553, 30.67375], [-86.11598, 30.67378], [-86.11685, 30.67414], [-86.11738, 30.67417], [-86.11757, 30.67439], [-86.11847, 30.67458], [-86.12012, 30.67536], [-86.12025, 30.67572], [-86.12049, 30.67597], [-86.12067, 30.67636], [-86.12102, 30.67662], [-86.12103, 30.67663], [-86.1212, 30.67691], [-86.12194, 30.67728], [-86.1224, 30.67751], [-86.12278, 30.6776], [-86.12278, 30.67748], [-86.12279, 30.67666], [-86.1228, 30.67602], [-86.1228, 30.67592], [-86.1228, 30.67581], [-86.1228, 30.67541], [-86.1228, 30.67529], [-86.12281, 30.67463], [-86.12281, 30.67442], [-86.12281, 30.67317], [-86.12281, 30.67312], [-86.12282, 30.67252], [-86.12282, 30.67245], [-86.12282, 30.67231], [-86.12284, 30.67126], [-86.12285, 30.67075], [-86.12286, 30.67032], [-86.12286, 30.67022], [-86.12286, 30.6697], [-86.12287, 30.66849]]]}}, {"type": "Feature", "properties": {"tract_id": "12131950501", "name": "Census Tract 9505.01", "income_2020": 57221, "poverty_rate_2020": 8.5, "population_2020": 4705}, "geometry": {"type": "Polygon", "coordinates": [[[-86.16858, 30.40062], [-86.16837, 30.40058], [-86.16835, 30.40057], [-86.13702, 30.38835], [-86.13337, 30.38809], [-86.12494, 30.38412], [-86.11686, 30.38031], [-86.11669, 30.38023], [-86.11209, 30.37854], [-86.11023, 30.37746], [-86.11014, 30.37743], [-86.10709, 30.37655], [-86.10577, 30.37529], [-86.10532, 30.37463], [-86.10453, 30.37353], [-86.10324, 30.37256], [-86.10038, 30.36921], [-86.10032, 30.36928], [-86.09698, 30.36578], [-86.09538, 30.36408], [-86.09379, 30.36241], [-86.09306, 30.36145], [-86.09219, 30.36057], [-86.0913, 30.35977], [-86.08997, 30.35887], [-86.08843, 30.35793], [-86.08679, 30.35724], [-86.0852, 30.35664], [-86.0835, 30.35631], [-86.08206, 30.35594], [-86.06912, 30.3543], [-86.0642, 30.35368], [-86.04723, 30.35147], [-86.04586, 30.35129], [-86.04355, 30.35098], [-86.04053, 30.35065], [-86.03832, 30.35026], [-86.03665, 30.34979], [-86.03449, 30.34891], [-86.03231, 30.34776], [-86.02734, 30.34452], [-86.02516, 30.34255], [-86.02369, 30.34045], [-86.02018, 30.33563], [-86.01435, 30.32718], [-86.01252, 30.32487], [-86.01042, 30.32183], [-86.00828, 30.31892], [-86.00743, 30.31789], [-86.00607, 30.31645], [-86.00479, 30.31545], [-86.00296, 30.31431], [-86.00008, 30.31291], [-85.99798, 30.31227], [-85.99736, 30.31214], [-85.99616, 30.31193], [-85.99489, 30.31172], [-85.99471, 30.3117], [-85.99472, 30.3118], [-85.99473, 30.3121], [-85.99477, 30.31315], [-85.99446, 30.32185], [-85.99444, 30.32226], [-85.99442, 30.32266], [-85.99425, 30.32656], [-85.99408, 30.33046], [-85.994, 30.33378], [-85.99393, 30.33536], [-85.99383, 30.33917], [-85.99382, 30.33935], [-85.99382, 30.33953], [-85.99357, 30.34944], [-85.99356, 30.34972], [-85.99345, 30.35333], [-85.99337, 30.35567], [-85.99334, 30.35705], [-85.99332, 30.35795], [-85.99331, 30.35833], [-85.9933, 30.35906], [-85.99311, 30.36967], [-85.99309, 30.37057], [-85.99309, 30.37072], [-85.99304, 30.37152], [-85.9929, 30.37515], [-85.9929, 30.37531], [-85.99267, 30.3873], [-85.9927, 30.38805], [-85.99273, 30.3888], [-85.99273, 30.38884], [-85.99274, 30.38932], [-85.99272, 30.38943], [-85.99271, 30.38955], [-85.99269, 30.38972], [-85.99266, 30.3899], [-85.99269, 30.39012], [-85.99304, 30.3928], [-85.99331, 30.39493], [-85.99346, 30.39612], [-85.99349, 30.39741], [-85.99353, 30.39844], [-85.9936, 30.39981], [-85.99369, 30.40127], [-85.99367, 30.40216], [-85.99361, 30.40326], [-85.99364, 30.40413], [-85.99362, 30.4045], [-85.9936, 30.40508], [-85.9934, 30.4059], [-85.99311, 30.40625], [-85.99272, 30.40651], [-85.99221, 30.40671], [-85.99219, 30.40672], [-85.99215, 30.40675], [-85.98989, 30.40858], [-85.98944, 30.40957], [-85.98867, 30.41068], [-85.98784, 30.41167], [-85.98768, 30.41187], [-85.98761, 30.41279], [-85.98739, 30.41389], [-85.98736, 30.41402], [-85.98643, 30.41567], [-85.98543, 30.41679], [-85.98418, 30.4175], [-85.98379, 30.41834], [-85.98373, 30.41848], [-85.98378, 30.41954], [-85.98363, 30.42136], [-85.98409, 30.42184], [-85.98487, 30.42186], [-85.98554, 30.42144], [-85.98608, 30.42166], [-85.98645, 30.42267], [-85.98658, 30.42342], [-85.98659, 30.42352], [-85.98575, 30.42462], [-85.98478, 30.4259], [-85.98281, 30.42737], [-85.98201, 30.42845], [-85.98195, 30.42853], [-85.98189, 30.42936], [-85.98188, 30.42952], [-85.98092, 30.43019], [-85.97959, 30.4308], [-85.97957, 30.43081], [-85.97922, 30.43258], [-85.97919, 30.4326], [-85.97902, 30.43268], [-85.97884, 30.43276], [-85.97883, 30.43275], [-85.97865, 30.43254], [-85.97856, 30.43245], [-85.97846, 30.43136], [-85.97816, 30.4309], [-85.97814, 30.43087], [-85.97698, 30.43127], [-85.97623, 30.43181], [-85.97564, 30.43198], [-85.97556, 30.43196], [-85.97526, 30.43191], [-85.97497, 30.43185], [-85.97491, 30.43184], [-85.97441, 30.43145], [-85.97437, 30.43143], [-85.97427, 30.43152], [-85.9742, 30.43158], [-85.97433, 30.43291], [-85.97485, 30.43348], [-85.97439, 30.43418], [-85.97436, 30.43423], [-85.97289, 30.43509], [-85.97151, 30.43587], [-85.9701, 30.43594], [-85.9689, 30.43576], [-85.96887, 30.43575], [-85.96865, 30.43526], [-85.96928, 30.4345], [-85.97033, 30.43324], [-85.97081, 30.43172], [-85.97082, 30.43167], [-85.97017, 30.43121], [-85.97013, 30.4312], [-85.96911, 30.43111], [-85.96797, 30.43167], [-85.96694, 30.43267], [-85.96631, 30.43381], [-85.96626, 30.4339], [-85.96593, 30.43636], [-85.96591, 30.43646], [-85.96575, 30.43678], [-85.96538, 30.43753], [-85.96423, 30.43918], [-85.9637, 30.43994], [-85.96242, 30.44059], [-85.95979, 30.44064], [-85.95908, 30.44059], [-85.95882, 30.44057], [-85.9582, 30.44101], [-85.95668, 30.4418], [-85.9564, 30.44194], [-85.95539, 30.44241], [-85.95421, 30.44337], [-85.95282, 30.44417], [-85.94959, 30.44476], [-85.94699, 30.44462], [-85.94668, 30.44456], [-85.94535, 30.44427], [-85.94384, 30.44377], [-85.94346, 30.44364], [-85.94225, 30.44379], [-85.93993, 30.44393], [-85.9382, 30.44445], [-85.93594, 30.44525], [-85.93406, 30.44525], [-85.93322, 30.4449], [-85.93319, 30.44489], [-85.93294, 30.44403], [-85.93317, 30.44243], [-85.93246, 30.44167], [-85.93243, 30.44164], [-85.93101, 30.44147], [-85.92848, 30.44144], [-85.92664, 30.44074], [-85.92441, 30.44009], [-85.92079, 30.43938], [-85.91831, 30.43893], [-85.91615, 30.4385], [-85.91479, 30.43862], [-85.91174, 30.44004], [-85.91031, 30.44115], [-85.91028, 30.44117], [-85.91006, 30.44203], [-85.91002, 30.44222], [-85.90888, 30.44271], [-85.90702, 30.44236], [-85.90494, 30.442], [-85.90272, 30.44244], [-85.90122, 30.44385], [-85.89962, 30.44745], [-85.8984, 30.45084], [-85.89829, 30.45114], [-85.8979, 30.45223], [-85.89751, 30.45333], [-85.89744, 30.45351], [-85.89754, 30.45483], [-85.89767, 30.45591], [-85.89767, 30.45593], [-85.89766, 30.456], [-85.89762, 30.45612], [-85.89746, 30.45621], [-85.89735, 30.45627], [-85.89727, 30.45626], [-85.89663, 30.45612], [-85.89594, 30.45569], [-85.89589, 30.45566], [-85.89586, 30.45564], [-85.89505, 30.45533], [-85.89386, 30.45517], [-85.89349, 30.45557], [-85.89314, 30.45617], [-85.89306, 30.45632], [-85.89335, 30.45706], [-85.89354, 30.45725], [-85.89419, 30.4579], [-85.89446, 30.45878], [-85.89447, 30.45881], [-85.89415, 30.45953], [-85.89264, 30.4609], [-85.89139, 30.46263], [-85.89136, 30.46264], [-85.89056, 30.46524], [-85.88966, 30.4681], [-85.88961, 30.4683], [-85.88931, 30.46996], [-85.88935, 30.47102], [-85.88936, 30.47114], [-85.88846, 30.47213], [-85.88706, 30.47247], [-85.88619, 30.47224], [-85.88617, 30.47223], [-85.88573, 30.47151], [-85.88603, 30.47033], [-85.88688, 30.46837], [-85.88703, 30.46708], [-85.88645, 30.46592], [-85.88433, 30.46537], [-85.88225, 30.46581], [-85.87917, 30.46643], [-85.87802, 30.46685], [-85.87735, 30.4679], [-85.87668, 30.46993], [-85.87541, 30.47423], [-85.87493, 30.47583], [-85.87485, 30.47598], [-85.87325, 30.47915], [-85.87148, 30.48213], [-85.87041, 30.48356], [-85.87001, 30.4841], [-85.86812, 30.48626], [-85.86682, 30.48764], [-85.86521, 30.48826], [-85.86276, 30.48916], [-85.8605, 30.48981], [-85.85977, 30.49013], [-85.85953, 30.49066], [-85.85947, 30.49078], [-85.85935, 30.49161], [-85.8598, 30.49219], [-85.86005, 30.4932], [-85.86006, 30.49322], [-85.85957, 30.49445], [-85.85868, 30.49566], [-85.8581, 30.49673], [-85.858, 30.49691], [-85.85842, 30.49718], [-85.85898, 30.4972], [-85.86037, 30.49731], [-85.86065, 30.49732], [-85.86252, 30.49788], [-85.86423, 30.49825], [-85.86575, 30.49828], [-85.86631, 30.49884], [-85.86665, 30.50016], [-85.86666, 30.50019], [-85.86658, 30.50035], [-85.86651, 30.50051], [-85.86646, 30.50061], [-85.86635, 30.50076], [-85.86603, 30.5012], [-85.86553, 30.50163], [-85.8655, 30.50165], [-85.86542, 30.50194], [-85.86538, 30.50214], [-85.86586, 30.5024], [-85.8669, 30.50263], [-85.86746, 30.50266], [-85.86827, 30.5033], [-85.86872, 30.50423], [-85.86864, 30.50515], [-85.86864, 30.50522], [-85.86829, 30.50596], [-85.86799, 30.5065], [-85.86794, 30.50661], [-85.86791, 30.50693], [-85.86824, 30.50704], [-85.86895, 30.50683], [-85.86946, 30.50637], [-85.87026, 30.50583], [-85.87152, 30.50533], [-85.87238, 30.50503], [-85.87324, 30.50482], [-85.87368, 30.50486], [-85.87385, 30.50511], [-85.87396, 30.5054], [-85.87408, 30.50595], [-85.8741, 30.50652], [-85.87438, 30.50683], [-85.87467, 30.50704], [-85.87493, 30.50747], [-85.87564, 30.50675], [-85.87586, 30.50637], [-85.87587, 30.50627], [-85.87592, 30.50575], [-85.8759, 30.50545], [-85.87589, 30.5053], [-85.87641, 30.50501], [-85.87742, 30.50461], [-85.87805, 30.50437], [-85.87821, 30.50436], [-85.87908, 30.50441], [-85.87983, 30.50464], [-85.88041, 30.50505], [-85.88128, 30.50579], [-85.88213, 30.50658], [-85.88321, 30.50733], [-85.88382, 30.50784], [-85.88397, 30.50842], [-85.88388, 30.50872], [-85.88389, 30.50874], [-85.88384, 30.50892], [-85.88344, 30.5092], [-85.88299, 30.50921], [-85.8825, 30.509], [-85.88247, 30.509], [-85.88139, 30.50781], [-85.88137, 30.50777], [-85.88103, 30.50751], [-85.88099, 30.50749], [-85.88071, 30.50742], [-85.8803, 30.50746], [-85.88027, 30.50747], [-85.88022, 30.50759], [-85.88028, 30.50795], [-85.88046, 30.50846], [-85.88103, 30.50932], [-85.88129, 30.51025], [-85.8813, 30.51029], [-85.88093, 30.51107], [-85.88004, 30.51161], [-85.87996, 30.51166], [-85.87956, 30.51189], [-85.87917, 30.51213], [-85.87913, 30.51216], [-85.87909, 30.51242], [-85.87961, 30.5131], [-85.88126, 30.51452], [-85.88165, 30.51635], [-85.88218, 30.5168], [-85.88352, 30.51724], [-85.88507, 30.51732], [-85.8863, 30.51744], [-85.8871, 30.51783], [-85.88756, 30.51855], [-85.88751, 30.51879], [-85.88738, 30.51939], [-85.8867, 30.51994], [-85.88345, 30.52026], [-85.88279, 30.52044], [-85.88245, 30.52085], [-85.88236, 30.52095], [-85.88245, 30.5214], [-85.88284, 30.52229], [-85.88363, 30.52306], [-85.88472, 30.52376], [-85.8862, 30.52454], [-85.88689, 30.52553], [-85.88714, 30.52704], [-85.88708, 30.5278], [-85.88706, 30.52796], [-85.88621, 30.52863], [-85.88444, 30.52963], [-85.88348, 30.53014], [-85.88256, 30.53134], [-85.88212, 30.53235], [-85.88209, 30.53241], [-85.8817, 30.53367], [-85.88171, 30.5337], [-85.88166, 30.53387], [-85.88128, 30.53448], [-85.88062, 30.53497], [-85.88059, 30.53498], [-85.88069, 30.53542], [-85.88086, 30.53598], [-85.88113, 30.53634], [-85.88194, 30.53717], [-85.88319, 30.53826], [-85.88456, 30.53949], [-85.88503, 30.53977], [-85.88553, 30.53979], [-85.88579, 30.5397], [-85.88664, 30.53995], [-85.88754, 30.54071], [-85.88849, 30.54094], [-85.88945, 30.54103], [-85.88987, 30.54128], [-85.89011, 30.54163], [-85.89066, 30.54204], [-85.89188, 30.5425], [-85.89231, 30.54273], [-85.89244, 30.54303], [-85.89291, 30.54351], [-85.89342, 30.5436], [-85.89424, 30.54339], [-85.89469, 30.54365], [-85.89519, 30.54358], [-85.89536, 30.54346], [-85.89596, 30.54305], [-85.89884, 30.5425], [-85.89988, 30.54271], [-85.9008, 30.54253], [-85.90245, 30.54147], [-85.90276, 30.54101], [-85.90449, 30.53982], [-85.90502, 30.53906], [-85.90568, 30.53886], [-85.90642, 30.53845], [-85.90785, 30.53831], [-85.90862, 30.53801], [-85.90925, 30.53794], [-85.91039, 30.5382], [-85.91063, 30.53803], [-85.91248, 30.53765], [-85.9138, 30.53703], [-85.91471, 30.53673], [-85.91587, 30.53648], [-85.91725, 30.53655], [-85.91876, 30.53705], [-85.91939, 30.53712], [-85.91976, 30.5373], [-85.9205, 30.5379], [-85.92071, 30.53817], [-85.92072, 30.5382], [-85.92082, 30.53847], [-85.92087, 30.53863], [-85.92161, 30.5393], [-85.92209, 30.53985], [-85.92222, 30.54019], [-85.92262, 30.54079], [-85.92275, 30.54083], [-85.92294, 30.54143], [-85.92307, 30.54253], [-85.92341, 30.54361], [-85.92355, 30.54413], [-85.92371, 30.54432], [-85.92376, 30.54459], [-85.92474, 30.54516], [-85.925, 30.54546], [-85.92516, 30.54624], [-85.92604, 30.54695], [-85.92688, 30.547], [-85.9272, 30.54714], [-85.92739, 30.54743], [-85.92741, 30.54785], [-85.92789, 30.54842], [-85.9286, 30.54824], [-85.9298, 30.5486], [-85.93043, 30.54897], [-85.93178, 30.54876], [-85.93231, 30.54881], [-85.93258, 30.54895], [-85.93281, 30.54945], [-85.93316, 30.54989], [-85.934, 30.55044], [-85.93504, 30.55064], [-85.93551, 30.55083], [-85.9362, 30.55073], [-85.93763, 30.55023], [-85.93877, 30.55016], [-85.94107, 30.55041], [-85.94137, 30.5511], [-85.94161, 30.55138], [-85.94219, 30.55133], [-85.94266, 30.55096], [-85.94314, 30.55149], [-85.94338, 30.55142], [-85.94343, 30.55124], [-85.94385, 30.55131], [-85.94378, 30.55165], [-85.94383, 30.55211], [-85.94396, 30.55238], [-85.94452, 30.55257], [-85.94444, 30.55312], [-85.94454, 30.55323], [-85.94526, 30.55316], [-85.9455, 30.55305], [-85.94576, 30.55314], [-85.94592, 30.55335], [-85.94608, 30.55381], [-85.94632, 30.55413], [-85.94666, 30.55438], [-85.94727, 30.55452], [-85.94777, 30.5544], [-85.94817, 30.55403], [-85.94841, 30.55399], [-85.94883, 30.55403], [-85.94923, 30.55422], [-85.94995, 30.55429], [-85.95034, 30.55445], [-85.95122, 30.55452], [-85.95156, 30.55468], [-85.95222, 30.55468], [-85.95238, 30.55484], [-85.95384, 30.55532], [-85.95442, 30.55523], [-85.95484, 30.55497], [-85.95516, 30.555], [-85.95506, 30.55568], [-85.95564, 30.55598], [-85.95641, 30.55575], [-85.95733, 30.55594], [-85.95794, 30.55635], [-85.95797, 30.55636], [-85.96086, 30.55749], [-85.96144, 30.55749], [-85.96205, 30.5574], [-85.96242, 30.55722], [-85.96276, 30.55681], [-85.96292, 30.55687], [-85.963, 30.55715], [-85.9634, 30.55697], [-85.96377, 30.55665], [-85.96433, 30.55678], [-85.96475, 30.55669], [-85.96483, 30.55646], [-85.96515, 30.5563], [-85.9657, 30.55651], [-85.96613, 30.55655], [-85.96634, 30.55658], [-85.9665, 30.55665], [-85.96665, 30.55671], [-85.96689, 30.55667], [-85.96756, 30.55667], [-85.96803, 30.5569], [-85.97023, 30.55703], [-85.97203, 30.55767], [-85.97216, 30.55786], [-85.97259, 30.55797], [-85.9733, 30.55854], [-85.97471, 30.55914], [-85.97481, 30.55921], [-85.97526, 30.55912], [-85.97532, 30.55882], [-85.97545, 30.55866], [-85.9759, 30.55857], [-85.97669, 30.55875], [-85.9772, 30.55854], [-85.97775, 30.5587], [-85.97823, 30.55847], [-85.97857, 30.55847], [-85.9791, 30.55898], [-85.97982, 30.55919], [-85.98016, 30.5598], [-85.98051, 30.56006], [-85.98093, 30.56015], [-85.98186, 30.55992], [-85.98257, 30.55994], [-85.98366, 30.56026], [-85.98429, 30.56045], [-85.98477, 30.56086], [-85.98564, 30.56106], [-85.98609, 30.56134], [-85.98734, 30.56159], [-85.98893, 30.56093], [-85.98943, 30.56095], [-85.9902, 30.56127], [-85.99107, 30.5612], [-85.99187, 30.56127], [-85.99242, 30.56117], [-85.99264, 30.56097], [-85.99319, 30.56113], [-85.99356, 30.56143], [-85.99436, 30.56124], [-85.99457, 30.56106], [-85.99544, 30.5612], [-85.99777, 30.56195], [-85.99817, 30.56188], [-85.99889, 30.562], [-85.99923, 30.56207], [-86.0, 30.56277], [-86.00099, 30.56308], [-86.00127, 30.56317], [-86.0017, 30.56312], [-86.00177, 30.56284], [-86.00199, 30.56287], [-86.00212, 30.56323], [-86.00281, 30.56319], [-86.00344, 30.56337], [-86.00355, 30.56381], [-86.00384, 30.56394], [-86.00482, 30.56379], [-86.00501, 30.56388], [-86.00561, 30.56381], [-86.00577, 30.56399], [-86.00575, 30.5642], [-86.00588, 30.56429], [-86.00614, 30.56417], [-86.00625, 30.56397], [-86.0067, 30.5642], [-86.00741, 30.56427], [-86.00789, 30.56457], [-86.00855, 30.56482], [-86.00924, 30.5647], [-86.00964, 30.56489], [-86.00966, 30.56535], [-86.00937, 30.56567], [-86.00945, 30.56583], [-86.01025, 30.56615], [-86.01054, 30.56608], [-86.01064, 30.56567], [-86.01102, 30.56571], [-86.0111, 30.56615], [-86.01131, 30.56633], [-86.01173, 30.56624], [-86.01189, 30.56635], [-86.01184, 30.56663], [-86.01245, 30.56654], [-86.01345, 30.56665], [-86.01358, 30.56677], [-86.01427, 30.56686], [-86.01438, 30.56693], [-86.01443, 30.56714], [-86.01459, 30.56732], [-86.01507, 30.56704], [-86.01552, 30.56707], [-86.01565, 30.5673], [-86.0161, 30.56718], [-86.01628, 30.56736], [-86.01607, 30.5678], [-86.01605, 30.56805], [-86.01729, 30.56881], [-86.0174, 30.56902], [-86.01734, 30.5695], [-86.01724, 30.56968], [-86.01724, 30.56993], [-86.01771, 30.57014], [-86.01769, 30.57025], [-86.01747, 30.57041], [-86.01737, 30.57083], [-86.01766, 30.57092], [-86.01806, 30.57119], [-86.01922, 30.57155], [-86.01957, 30.57193], [-86.01991, 30.57209], [-86.01996, 30.57218], [-86.02071, 30.5722], [-86.02121, 30.57243], [-86.02179, 30.57234], [-86.02235, 30.57252], [-86.02259, 30.57275], [-86.02264, 30.5731], [-86.02322, 30.5734], [-86.02322, 30.57379], [-86.02449, 30.57427], [-86.02489, 30.57454], [-86.02492, 30.57463], [-86.02563, 30.57505], [-86.0268, 30.57525], [-86.02725, 30.57514], [-86.02756, 30.57489], [-86.02862, 30.57459], [-86.02876, 30.57427], [-86.02921, 30.57388], [-86.02966, 30.57374], [-86.03008, 30.57374], [-86.03027, 30.57383], [-86.03082, 30.57356], [-86.03127, 30.57376], [-86.03199, 30.57383], [-86.03244, 30.57374], [-86.03268, 30.5739], [-86.03297, 30.57381], [-86.03329, 30.57354], [-86.0336, 30.57395], [-86.03403, 30.5739], [-86.0344, 30.5737], [-86.03466, 30.57372], [-86.03517, 30.5739], [-86.03593, 30.57404], [-86.03795, 30.57565], [-86.03861, 30.57601], [-86.04094, 30.57638], [-86.04102, 30.57649], [-86.04091, 30.57677], [-86.041, 30.57739], [-86.041, 30.5774], [-86.04146, 30.57731], [-86.04202, 30.57731], [-86.04221, 30.57731], [-86.04247, 30.5774], [-86.04269, 30.57753], [-86.04286, 30.57767], [-86.04386, 30.57852], [-86.04418, 30.57874], [-86.04451, 30.57881], [-86.04525, 30.57885], [-86.04819, 30.57882], [-86.04816, 30.58084], [-86.04791, 30.58568], [-86.04699, 30.58689], [-86.04664, 30.5875], [-86.04597, 30.58937], [-86.04619, 30.58938], [-86.04705, 30.58939], [-86.04775, 30.58942], [-86.0482, 30.58947], [-86.04836, 30.58949], [-86.04926, 30.58968], [-86.04931, 30.58969], [-86.04966, 30.58978], [-86.05137, 30.59022], [-86.05215, 30.59043], [-86.05261, 30.59055], [-86.05303, 30.59063], [-86.05328, 30.59068], [-86.05378, 30.59078], [-86.05419, 30.59082], [-86.05444, 30.59085], [-86.05481, 30.59089], [-86.05587, 30.59101], [-86.0564, 30.59103], [-86.05749, 30.59108], [-86.05833, 30.59111], [-86.05844, 30.59112], [-86.05871, 30.59113], [-86.05887, 30.59113], [-86.05965, 30.59113], [-86.05979, 30.59112], [-86.06016, 30.59111], [-86.06052, 30.59109], [-86.06113, 30.59099], [-86.06462, 30.59044], [-86.06564, 30.59041], [-86.06668, 30.59044], [-86.07006, 30.59093], [-86.07042, 30.59098], [-86.07355, 30.59143], [-86.07409, 30.59161], [-86.07471, 30.59191], [-86.07512, 30.59215], [-86.07514, 30.59217], [-86.07565, 30.59259], [-86.07596, 30.59293], [-86.07631, 30.59354], [-86.07696, 30.59433], [-86.07741, 30.59477], [-86.07796, 30.5953], [-86.07856, 30.59582], [-86.07908, 30.59622], [-86.07994, 30.59674], [-86.08031, 30.59727], [-86.08074, 30.598], [-86.08105, 30.59861], [-86.08124, 30.59908], [-86.08138, 30.59947], [-86.08154, 30.5998], [-86.08164, 30.59999], [-86.08177, 30.6002], [-86.08192, 30.60043], [-86.08219, 30.60078], [-86.08262, 30.60127], [-86.08298, 30.60163], [-86.08349, 30.60206], [-86.08379, 30.60226], [-86.08401, 30.60238], [-86.08425, 30.6025], [-86.08448, 30.60259], [-86.08478, 30.60269], [-86.08516, 30.60279], [-86.08546, 30.60284], [-86.08557, 30.60286], [-86.08584, 30.6029], [-86.08637, 30.60296], [-86.08817, 30.60315], [-86.09043, 30.60337], [-86.09108, 30.60342], [-86.09167, 30.60346], [-86.09227, 30.60345], [-86.09249, 30.60344], [-86.09294, 30.60339], [-86.09318, 30.60334], [-86.09364, 30.60325], [-86.0942, 30.60312], [-86.09463, 30.60299], [-86.09581, 30.60256], [-86.09648, 30.6023], [-86.09843, 30.60143], [-86.0989, 30.60124], [-86.09896, 30.60122], [-86.09932, 30.60109], [-86.09967, 30.60099], [-86.10003, 30.60089], [-86.1004, 30.60081], [-86.10074, 30.60077], [-86.10098, 30.60075], [-86.10108, 30.60074], [-86.10325, 30.60083], [-86.10509, 30.60089], [-86.10696, 30.60092], [-86.10714, 30.60091], [-86.10732, 30.60089], [-86.10745, 30.60086], [-86.10786, 30.60072], [-86.10819, 30.60058], [-86.10853, 30.60041], [-86.10863, 30.60035], [-86.10883, 30.60023], [-86.10911, 30.60002], [-86.10955, 30.5996], [-86.1096, 30.59955], [-86.10982, 30.59932], [-86.1101, 30.59905], [-86.11033, 30.5988], [-86.11048, 30.59867], [-86.11059, 30.5986], [-86.11073, 30.59854], [-86.11059, 30.59799], [-86.11059, 30.59796], [-86.11045, 30.59734], [-86.11032, 30.59651], [-86.11012, 30.59453], [-86.11008, 30.59409], [-86.10998, 30.59305], [-86.10989, 30.59214], [-86.10962, 30.58922], [-86.10955, 30.58852], [-86.10947, 30.58766], [-86.10907, 30.58341], [-86.10901, 30.58277], [-86.10895, 30.58219], [-86.10884, 30.58093], [-86.10882, 30.58074], [-86.10859, 30.57835], [-86.10842, 30.57652], [-86.10831, 30.5752], [-86.10817, 30.57377], [-86.10801, 30.57209], [-86.10766, 30.56818], [-86.1073, 30.56447], [-86.10721, 30.56349], [-86.10713, 30.56243], [-86.10714, 30.56186], [-86.10714, 30.56175], [-86.10715, 30.5616], [-86.10716, 30.56141], [-86.10718, 30.5609], [-86.10724, 30.56039], [-86.1073, 30.56007], [-86.10737, 30.55952], [-86.10755, 30.55869], [-86.10781, 30.55785], [-86.1081, 30.55701], [-86.10833, 30.55645], [-86.10868, 30.55572], [-86.10905, 30.55504], [-86.10956, 30.55423], [-86.10986, 30.55379], [-86.11027, 30.55325], [-86.11073, 30.55268], [-86.11105, 30.55233], [-86.11222, 30.55103], [-86.11251, 30.55072], [-86.11755, 30.54517], [-86.12115, 30.54121], [-86.122, 30.54027], [-86.12283, 30.53936], [-86.12341, 30.53873], [-86.1242, 30.53784], [-86.12486, 30.53714], [-86.12562, 30.53627], [-86.12618, 30.53554], [-86.1265, 30.53511], [-86.12675, 30.53469], [-86.12694, 30.53438], [-86.12729, 30.53379], [-86.12755, 30.53328], [-86.12773, 30.53289], [-86.1279, 30.53248], [-86.12801, 30.53221], [-86.12817, 30.53178], [-86.12828, 30.53146], [-86.12841, 30.53103], [-86.12842, 30.53101], [-86.12847, 30.53081], [-86.12866, 30.53012], [-86.12879, 30.52942], [-86.12906, 30.52776], [-86.1295, 30.52489], [-86.12965, 30.52391], [-86.12993, 30.52205], [-86.12996, 30.52185], [-86.13002, 30.52152], [-86.13005, 30.52129], [-86.13007, 30.52116], [-86.13036, 30.51935], [-86.13087, 30.51613], [-86.13118, 30.51418], [-86.13146, 30.51247], [-86.13154, 30.51194], [-86.13165, 30.51131], [-86.13174, 30.51075], [-86.13192, 30.5095], [-86.13223, 30.50742], [-86.13242, 30.50648], [-86.13254, 30.50601], [-86.13268, 30.50559], [-86.13289, 30.50501], [-86.13305, 30.50464], [-86.13331, 30.50414], [-86.13356, 30.5037], [-86.13388, 30.50322], [-86.13411, 30.50286], [-86.13436, 30.50255], [-86.13478, 30.50208], [-86.13516, 30.50168], [-86.13554, 30.50132], [-86.13568, 30.50116], [-86.13579, 30.50102], [-86.13591, 30.50084], [-86.13601, 30.50065], [-86.13609, 30.50046], [-86.13617, 30.50016], [-86.13622, 30.49991], [-86.13623, 30.49963], [-86.13623, 30.49953], [-86.13625, 30.49807], [-86.13594, 30.49789], [-86.13544, 30.49766], [-86.13485, 30.49739], [-86.13388, 30.49696], [-86.1309, 30.49559], [-86.12882, 30.49464], [-86.12543, 30.49307], [-86.12434, 30.49255], [-86.12135, 30.49116], [-86.12163, 30.49053], [-86.1218, 30.49007], [-86.12202, 30.48948], [-86.12249, 30.48825], [-86.12308, 30.48665], [-86.12314, 30.4865], [-86.12319, 30.48635], [-86.12324, 30.48623], [-86.12336, 30.48591], [-86.12366, 30.48513], [-86.12394, 30.48439], [-86.12431, 30.48344], [-86.12511, 30.48128], [-86.12518, 30.48111], [-86.12525, 30.48094], [-86.12526, 30.48092], [-86.12537, 30.48073], [-86.12541, 30.48067], [-86.12548, 30.48052], [-86.12555, 30.4804], [-86.12558, 30.48033], [-86.12576, 30.47993], [-86.12601, 30.47938], [-86.12608, 30.47921], [-86.12704, 30.47693], [-86.12726, 30.47637], [-86.1274, 30.47601], [-86.12804, 30.47433], [-86.12834, 30.4735], [-86.1284, 30.47333], [-86.12853, 30.47303], [-86.1288, 30.47229], [-86.12908, 30.47158], [-86.12958, 30.47022], [-86.12975, 30.46979], [-86.12992, 30.46936], [-86.13021, 30.46856], [-86.1305, 30.46771], [-86.13062, 30.46732], [-86.13069, 30.46705], [-86.13073, 30.46691], [-86.13076, 30.46679], [-86.13087, 30.46631], [-86.13097, 30.46572], [-86.13105, 30.46521], [-86.13108, 30.46496], [-86.1311, 30.46475], [-86.13111, 30.46465], [-86.13113, 30.46431], [-86.13113, 30.46422], [-86.13122, 30.46181], [-86.13125, 30.46074], [-86.13129, 30.45959], [-86.13137, 30.45657], [-86.1314, 30.4556], [-86.13146, 30.45374], [-86.13148, 30.45304], [-86.13152, 30.45191], [-86.13158, 30.4513], [-86.13171, 30.45066], [-86.13184, 30.45023], [-86.13194, 30.44993], [-86.13231, 30.44914], [-86.13267, 30.44853], [-86.13279, 30.44836], [-86.13321, 30.44782], [-86.13374, 30.44722], [-86.13409, 30.44692], [-86.13431, 30.44673], [-86.13466, 30.44646], [-86.13527, 30.44605], [-86.13571, 30.44581], [-86.13606, 30.44563], [-86.13672, 30.44534], [-86.1379, 30.44478], [-86.1387, 30.44442], [-86.1413, 30.44331], [-86.14277, 30.44266], [-86.14474, 30.44178], [-86.14558, 30.44137], [-86.14634, 30.44093], [-86.14702, 30.4405], [-86.14774, 30.44001], [-86.14842, 30.43949], [-86.14869, 30.43928], [-86.14923, 30.43882], [-86.14982, 30.43824], [-86.15017, 30.4379], [-86.15024, 30.43782], [-86.15056, 30.43746], [-86.15102, 30.43692], [-86.15142, 30.4364], [-86.15192, 30.43569], [-86.152, 30.43555], [-86.1522, 30.43522], [-86.15253, 30.43467], [-86.15278, 30.43418], [-86.15331, 30.433], [-86.16328, 30.41196], [-86.16629, 30.40554], [-86.16665, 30.40475], [-86.16779, 30.40231], [-86.16822, 30.4014], [-86.16858, 30.40062]]]}}, {"type": "Feature", "properties": {"tract_id": "12131950102", "name": "Census Tract 9501.02", "income_2020": 65484, "poverty_rate_2020": 10.7, "population_2020": 3700}, "geometry": {"type": "Polygon", "coordinates": [[[-86.28885, 30.9937], [-86.28767, 30.99315], [-86.28441, 30.99147], [-86.28402, 30.99126], [-86.28346, 30.99088], [-86.2831, 30.99047], [-86.28273, 30.98995], [-86.28267, 30.98984], [-86.28216, 30.98881], [-86.2812, 30.98686], [-86.28097, 30.98638], [-86.28075, 30.98577], [-86.28063, 30.98538], [-86.28053, 30.98486], [-86.28051, 30.98463], [-86.28046, 30.98425], [-86.28043, 30.98214], [-86.28039, 30.97978], [-86.28036, 30.97728], [-86.28033, 30.9754], [-86.28033, 30.97518], [-86.28029, 30.97015], [-86.28029, 30.96653], [-86.28033, 30.96229], [-86.28041, 30.962], [-86.28055, 30.9617], [-86.28075, 30.96146], [-86.281, 30.96122], [-86.2817, 30.96072], [-86.28208, 30.96038], [-86.28244, 30.95995], [-86.28262, 30.95954], [-86.28273, 30.95912], [-86.28277, 30.95875], [-86.28274, 30.95697], [-86.28268, 30.95338], [-86.28272, 30.9529], [-86.28285, 30.95231], [-86.28293, 30.95208], [-86.28302, 30.95183], [-86.28326, 30.95132], [-86.28488, 30.9484], [-86.28546, 30.94743], [-86.28481, 30.94642], [-86.28399, 30.9449], [-86.28366, 30.94409], [-86.28288, 30.94126], [-86.28207, 30.93812], [-86.28147, 30.93566], [-86.2814, 30.93537], [-86.28102, 30.93376], [-86.28031, 30.93095], [-86.27994, 30.92949], [-86.27979, 30.92828], [-86.27974, 30.927], [-86.27976, 30.92655], [-86.27995, 30.92544], [-86.28028, 30.92398], [-86.28056, 30.92312], [-86.28086, 30.92202], [-86.28099, 30.92093], [-86.28109, 30.91997], [-86.28119, 30.91354], [-86.28122, 30.91181], [-86.28132, 30.9046], [-86.28135, 30.90092], [-86.28137, 30.89755], [-86.28137, 30.8973], [-86.28137, 30.89567], [-86.28129, 30.8949], [-86.28129, 30.89488], [-86.28112, 30.8939], [-86.28086, 30.89273], [-86.28061, 30.89199], [-86.28036, 30.89132], [-86.27972, 30.88986], [-86.27914, 30.88891], [-86.27872, 30.88826], [-86.27797, 30.88729], [-86.27718, 30.8864], [-86.27535, 30.88479], [-86.27473, 30.8843], [-86.27315, 30.88314], [-86.27292, 30.88298], [-86.27226, 30.88249], [-86.2684, 30.87967], [-86.26426, 30.87658], [-86.26088, 30.8741], [-86.25879, 30.87246], [-86.25764, 30.87132], [-86.25643, 30.86984], [-86.25619, 30.86949], [-86.25589, 30.86906], [-86.25527, 30.86811], [-86.25501, 30.86771], [-86.24992, 30.85995], [-86.24926, 30.85891], [-86.24732, 30.85588], [-86.24672, 30.85494], [-86.24542, 30.85292], [-86.24422, 30.85103], [-86.24021, 30.8448], [-86.24005, 30.84454], [-86.23816, 30.84166], [-86.23616, 30.83861], [-86.23579, 30.83804], [-86.2342, 30.83554], [-86.23357, 30.83455], [-86.23287, 30.8332], [-86.23194, 30.83144], [-86.23029, 30.8284], [-86.22975, 30.82756], [-86.22937, 30.8271], [-86.22927, 30.82697], [-86.22868, 30.82634], [-86.22784, 30.82561], [-86.22672, 30.82482], [-86.22594, 30.82439], [-86.2251, 30.82399], [-86.22421, 30.82366], [-86.22365, 30.82348], [-86.22311, 30.82332], [-86.22223, 30.82311], [-86.22178, 30.82309], [-86.22161, 30.82306], [-86.2207, 30.82289], [-86.22027, 30.82283], [-86.21908, 30.82266], [-86.21788, 30.82248], [-86.21628, 30.82204], [-86.21578, 30.82176], [-86.20937, 30.81823], [-86.20875, 30.81789], [-86.20623, 30.81651], [-86.20596, 30.81636], [-86.20556, 30.81607], [-86.20496, 30.81564], [-86.20451, 30.81523], [-86.20421, 30.81497], [-86.20348, 30.81404], [-86.2033, 30.81373], [-86.20222, 30.81189], [-86.20177, 30.81125], [-86.20045, 30.80938], [-86.19761, 30.8058], [-86.19463, 30.80206], [-86.19448, 30.80187], [-86.19332, 30.80042], [-86.19304, 30.80003], [-86.1929, 30.79984], [-86.19266, 30.79952], [-86.19251, 30.7994], [-86.19218, 30.79898], [-86.19139, 30.79799], [-86.18862, 30.79447], [-86.18833, 30.7941], [-86.18753, 30.79307], [-86.18625, 30.79171], [-86.1852, 30.79075], [-86.18405, 30.78988], [-86.18382, 30.78974], [-86.18356, 30.78957], [-86.18271, 30.78905], [-86.17793, 30.78638], [-86.1772, 30.78594], [-86.17413, 30.78421], [-86.17344, 30.78382], [-86.17167, 30.78282], [-86.17028, 30.78204], [-86.17001, 30.78189], [-86.16879, 30.78121], [-86.16642, 30.77988], [-86.16449, 30.77878], [-86.16236, 30.77757], [-86.16163, 30.77707], [-86.16084, 30.7765], [-86.1558, 30.78143], [-86.15455, 30.78267], [-86.15368, 30.78354], [-86.15339, 30.78382], [-86.15126, 30.78594], [-86.14903, 30.78816], [-86.14874, 30.78845], [-86.1478, 30.7894], [-86.14754, 30.78964], [-86.14728, 30.78985], [-86.14698, 30.79], [-86.14665, 30.79013], [-86.14636, 30.7902], [-86.14592, 30.79029], [-86.14564, 30.79033], [-86.14527, 30.79036], [-86.14458, 30.79036], [-86.14298, 30.79036], [-86.14126, 30.79039], [-86.14032, 30.79038], [-86.13946, 30.79034], [-86.13882, 30.79026], [-86.13803, 30.79013], [-86.1361, 30.78983], [-86.13588, 30.78979], [-86.13489, 30.78966], [-86.12498, 30.78821], [-86.12166, 30.78767], [-86.12087, 30.78753], [-86.12034, 30.78744], [-86.1202, 30.78743], [-86.11999, 30.78744], [-86.11347, 30.7876], [-86.11321, 30.78761], [-86.11232, 30.78763], [-86.11176, 30.78765], [-86.11154, 30.78768], [-86.1113, 30.78773], [-86.11107, 30.78779], [-86.11083, 30.78787], [-86.11051, 30.78803], [-86.10934, 30.78864], [-86.10464, 30.79113], [-86.10302, 30.79199], [-86.10215, 30.79249], [-86.10024, 30.79376], [-86.09723, 30.79578], [-86.09712, 30.79588], [-86.09699, 30.79602], [-86.09691, 30.79612], [-86.09681, 30.79629], [-86.09673, 30.79645], [-86.0967, 30.79655], [-86.09629, 30.79765], [-86.09611, 30.79802], [-86.09606, 30.79811], [-86.09584, 30.79842], [-86.09574, 30.79855], [-86.09557, 30.79876], [-86.09533, 30.79903], [-86.09497, 30.79935], [-86.09486, 30.79943], [-86.09458, 30.79964], [-86.09436, 30.79978], [-86.09413, 30.79991], [-86.0938, 30.80006], [-86.0935, 30.80018], [-86.09323, 30.80026], [-86.09309, 30.8003], [-86.09294, 30.80034], [-86.09261, 30.80039], [-86.09221, 30.80044], [-86.09134, 30.8005], [-86.091, 30.80053], [-86.09084, 30.80056], [-86.09073, 30.80059], [-86.08978, 30.80063], [-86.08936, 30.80065], [-86.08927, 30.80066], [-86.0889, 30.80069], [-86.08872, 30.80071], [-86.08853, 30.80066], [-86.08832, 30.80055], [-86.08782, 30.80034], [-86.08764, 30.80033], [-86.07514, 30.80009], [-86.07103, 30.79996], [-86.07013, 30.79994], [-86.06996, 30.79997], [-86.06976, 30.80005], [-86.06955, 30.80008], [-86.06877, 30.80008], [-86.06831, 30.80012], [-86.06758, 30.80016], [-86.06661, 30.80023], [-86.06469, 30.80036], [-86.06213, 30.80053], [-86.06096, 30.8006], [-86.05873, 30.80073], [-86.05623, 30.80091], [-86.05595, 30.80093], [-86.05554, 30.80096], [-86.05506, 30.80099], [-86.05488, 30.801], [-86.05283, 30.80111], [-86.05104, 30.80123], [-86.05017, 30.80131], [-86.04968, 30.80138], [-86.04962, 30.80138], [-86.04912, 30.80148], [-86.04879, 30.80155], [-86.04849, 30.80163], [-86.04819, 30.80172], [-86.04783, 30.80185], [-86.04759, 30.80194], [-86.04712, 30.80216], [-86.04687, 30.80228], [-86.04659, 30.80242], [-86.04626, 30.8026], [-86.04582, 30.80287], [-86.04544, 30.80315], [-86.04518, 30.80336], [-86.04479, 30.80368], [-86.04422, 30.80413], [-86.04391, 30.80438], [-86.04364, 30.80457], [-86.04327, 30.80476], [-86.04297, 30.80487], [-86.04262, 30.80498], [-86.04235, 30.80504], [-86.04208, 30.80508], [-86.04112, 30.80521], [-86.04007, 30.80535], [-86.03993, 30.80536], [-86.03891, 30.80548], [-86.03851, 30.80553], [-86.03813, 30.8056], [-86.03745, 30.80574], [-86.03742, 30.80575], [-86.0374, 30.8067], [-86.03738, 30.80739], [-86.03734, 30.80936], [-86.03731, 30.81244], [-86.03729, 30.81539], [-86.03729, 30.8154], [-86.03727, 30.81729], [-86.03727, 30.81733], [-86.03727, 30.81745], [-86.03727, 30.81793], [-86.03715, 30.83249], [-86.03714, 30.83342], [-86.03711, 30.8366], [-86.03702, 30.84074], [-86.03692, 30.84467], [-86.03691, 30.84507], [-86.03686, 30.84755], [-86.03679, 30.85043], [-86.03678, 30.85089], [-86.03677, 30.85136], [-86.03676, 30.85144], [-86.03667, 30.85557], [-86.03667, 30.85559], [-86.03666, 30.8556], [-86.03647, 30.86002], [-86.03647, 30.86012], [-86.03641, 30.86173], [-86.03627, 30.86464], [-86.03624, 30.86615], [-86.03619, 30.86875], [-86.03625, 30.87324], [-86.03626, 30.87374], [-86.03628, 30.87519], [-86.03628, 30.87562], [-86.03629, 30.87604], [-86.03629, 30.87618], [-86.03611, 30.88004], [-86.03608, 30.88009], [-86.03606, 30.88023], [-86.03604, 30.8804], [-86.03589, 30.88778], [-86.03589, 30.88818], [-86.03612, 30.89192], [-86.03606, 30.89474], [-86.03601, 30.89728], [-86.03598, 30.89833], [-86.03592, 30.90136], [-86.03591, 30.90181], [-86.03589, 30.90279], [-86.03574, 30.9098], [-86.03569, 30.9151], [-86.03567, 30.91751], [-86.03566, 30.91793], [-86.03565, 30.91953], [-86.03561, 30.92321], [-86.0356, 30.92437], [-86.03559, 30.92486], [-86.03557, 30.9273], [-86.03555, 30.92902], [-86.0355, 30.93359], [-86.03547, 30.93807], [-86.03532, 30.95431], [-86.03532, 30.95455], [-86.03533, 30.95742], [-86.03533, 30.95756], [-86.03526, 30.96773], [-86.03517, 30.98107], [-86.03517, 30.9812], [-86.0351, 30.9904], [-86.0351, 30.99073], [-86.03508, 30.99282], [-86.03504, 30.99332], [-86.03578, 30.99332], [-86.03667, 30.99333], [-86.05235, 30.99335], [-86.05258, 30.99335], [-86.05351, 30.99339], [-86.05428, 30.9934], [-86.05479, 30.99339], [-86.05589, 30.99339], [-86.05617, 30.99339], [-86.05626, 30.99339], [-86.05948, 30.99301], [-86.06023, 30.99295], [-86.06097, 30.99288], [-86.06117, 30.99287], [-86.06123, 30.99287], [-86.06138, 30.99286], [-86.06181, 30.99286], [-86.06242, 30.99286], [-86.06303, 30.99287], [-86.06313, 30.99287], [-86.06324, 30.99287], [-86.06327, 30.99287], [-86.06337, 30.99287], [-86.06346, 30.99286], [-86.06379, 30.99286], [-86.06625, 30.99287], [-86.07136, 30.99287], [-86.07849, 30.99288], [-86.07865, 30.99288], [-86.0856, 30.99289], [-86.09119, 30.99289], [-86.09152, 30.99289], [-86.10239, 30.9929], [-86.1025, 30.9929], [-86.10432, 30.9929], [-86.11244, 30.99291], [-86.11712, 30.99291], [-86.11745, 30.99291], [-86.12137, 30.99289], [-86.12154, 30.99288], [-86.12494, 30.99312], [-86.13065, 30.99339], [-86.13072, 30.99338], [-86.13085, 30.99338], [-86.13095, 30.99337], [-86.13106, 30.99337], [-86.1326, 30.99331], [-86.13272, 30.99331], [-86.14548, 30.99344], [-86.15815, 30.99356], [-86.16296, 30.99368], [-86.16298, 30.99369], [-86.163, 30.99368], [-86.16398, 30.99369], [-86.16429, 30.99367], [-86.16448, 30.99366], [-86.16488, 30.99364], [-86.16489, 30.99364], [-86.16503, 30.99363], [-86.1653, 30.9936], [-86.16547, 30.9936], [-86.16572, 30.9936], [-86.16584, 30.9936], [-86.16589, 30.9936], [-86.16605, 30.99359], [-86.16665, 30.99358], [-86.1684, 30.99356], [-86.16926, 30.99356], [-86.16932, 30.99356], [-86.17032, 30.99372], [-86.17075, 30.9938], [-86.17076, 30.9938], [-86.17191, 30.99376], [-86.17195, 30.99376], [-86.17332, 30.99377], [-86.17367, 30.99377], [-86.17466, 30.99379], [-86.1749, 30.99373], [-86.17507, 30.9937], [-86.17519, 30.99368], [-86.17524, 30.99367], [-86.1754, 30.99366], [-86.17557, 30.99366], [-86.17617, 30.99369], [-86.17889, 30.99378], [-86.17915, 30.99379], [-86.18008, 30.99384], [-86.18025, 30.99386], [-86.18042, 30.99389], [-86.18059, 30.99393], [-86.18075, 30.99398], [-86.18082, 30.99401], [-86.18725, 30.99402], [-86.19087, 30.99403], [-86.19555, 30.99404], [-86.20043, 30.99405], [-86.20058, 30.99405], [-86.20615, 30.99407], [-86.20629, 30.99407], [-86.21461, 30.99408], [-86.21473, 30.99408], [-86.2177, 30.99409], [-86.22138, 30.9941], [-86.22729, 30.99412], [-86.22809, 30.99413], [-86.23364, 30.99426], [-86.23377, 30.99427], [-86.23385, 30.99427], [-86.23834, 30.99437], [-86.24994, 30.99413], [-86.25636, 30.99386], [-86.25794, 30.99386], [-86.25852, 30.99385], [-86.2591, 30.99384], [-86.26027, 30.99383], [-86.26039, 30.99383], [-86.26794, 30.99381], [-86.27119, 30.99381], [-86.27481, 30.9938], [-86.28885, 30.9937]]]}}]}