{"type": "FeatureCollection", "features": [{"type": "Feature", "properties": {"tract_id": "45085001500", "name": "Census Tract 15", "pct_white_2020": 0.1, "pct_black_2020": 98.6, "pct_hispanic_2020": 0.0, "pct_asian_2020": 0.0, "population_2020": 1345}, "geometry": {"type": "Polygon", "coordinates": [[[-80.36595, 33.91018], [-80.36594, 33.91016], [-80.3659, 33.91004], [-80.36581, 33.90995], [-80.36571, 33.90992], [-80.36563, 33.90992], [-80.36548, 33.90991], [-80.36542, 33.90985], [-80.36544, 33.90978], [-80.36548, 33.90972], [-80.36548, 33.90963], [-80.3654, 33.90947], [-80.36532, 33.90941], [-80.36521, 33.90929], [-80.36517, 33.90923], [-80.36516, 33.90917], [-80.36515, 33.90912], [-80.36517, 33.90901], [-80.36513, 33.9089], [-80.36505, 33.90883], [-80.36502, 33.90872], [-80.36502, 33.90857], [-80.36499, 33.90849], [-80.365, 33.90845], [-80.36502, 33.90832], [-80.36502, 33.9082], [-80.36496, 33.90811], [-80.36492, 33.90802], [-80.36488, 33.90781], [-80.36487, 33.90772], [-80.36486, 33.90761], [-80.36483, 33.90754], [-80.3648, 33.9075], [-80.36478, 33.90743], [-80.36478, 33.90726], [-80.36476, 33.90712], [-80.36465, 33.90693], [-80.36455, 33.90685], [-80.36448, 33.90677], [-80.36448, 33.90673], [-80.36444, 33.90644], [-80.3644, 33.90638], [-80.3642, 33.90625], [-80.36411, 33.90609], [-80.36384, 33.90594], [-80.3638, 33.90584], [-80.3638, 33.90567], [-80.36376, 33.90532], [-80.36386, 33.90499], [-80.36388, 33.90474], [-80.36393, 33.90449], [-80.36393, 33.90444], [-80.36392, 33.90436], [-80.36376, 33.90414], [-80.36367, 33.90412], [-80.36341, 33.90412], [-80.3632, 33.90409], [-80.36316, 33.90406], [-80.36314, 33.90399], [-80.36326, 33.90365], [-80.36324, 33.90351], [-80.36316, 33.90334], [-80.36293, 33.9027], [-80.36218, 33.90138], [-80.36199, 33.9011], [-80.36172, 33.90076], [-80.3617, 33.90074], [-80.3616, 33.90062], [-80.36124, 33.90019], [-80.36113, 33.90006], [-80.36057, 33.89938], [-80.36054, 33.89934], [-80.3605, 33.89929], [-80.3604, 33.89918], [-80.35983, 33.89839], [-80.35977, 33.89831], [-80.35941, 33.89787], [-80.35911, 33.89762], [-80.35898, 33.89756], [-80.35859, 33.89739], [-80.35823, 33.8971], [-80.3582, 33.89702], [-80.35815, 33.89689], [-80.3581, 33.89656], [-80.35807, 33.89641], [-80.35803, 33.89617], [-80.35788, 33.89617], [-80.35774, 33.89616], [-80.35671, 33.89614], [-80.35524, 33.89628], [-80.35486, 33.8966], [-80.35468, 33.89667], [-80.35412, 33.89684], [-80.35339, 33.89699], [-80.35283, 33.8971], [-80.35264, 33.89714], [-80.35247, 33.89721], [-80.35191, 33.89739], [-80.35139, 33.89754], [-80.35118, 33.89758], [-80.3508, 33.89765], [-80.3503, 33.89781], [-80.34932, 33.89763], [-80.34783, 33.8982], [-80.34776, 33.89823], [-80.34736, 33.89838], [-80.3472, 33.89844], [-80.34715, 33.89846], [-80.3466, 33.89843], [-80.34573, 33.89874], [-80.34559, 33.89879], [-80.34507, 33.89907], [-80.34473, 33.89924], [-80.3446, 33.8993], [-80.34389, 33.89963], [-80.34358, 33.89977], [-80.34294, 33.89996], [-80.34293, 33.90008], [-80.34285, 33.90111], [-80.34284, 33.90125], [-80.34278, 33.90192], [-80.34276, 33.90223], [-80.34266, 33.90344], [-80.3426, 33.90425], [-80.3426, 33.90446], [-80.34169, 33.9047], [-80.34074, 33.90496], [-80.34049, 33.90503], [-80.34045, 33.90468], [-80.33924, 33.90479], [-80.33843, 33.90487], [-80.3376, 33.90494], [-80.33692, 33.905], [-80.33709, 33.90644], [-80.33725, 33.9078], [-80.33739, 33.90892], [-80.3375, 33.9098], [-80.33758, 33.91047], [-80.33763, 33.91091], [-80.33766, 33.91117], [-80.33766, 33.91131], [-80.33765, 33.91143], [-80.33763, 33.91158], [-80.33756, 33.9119], [-80.33731, 33.91257], [-80.33698, 33.91346], [-80.33693, 33.91357], [-80.3373, 33.91391], [-80.33801, 33.91429], [-80.33865, 33.91456], [-80.33895, 33.91463], [-80.33911, 33.91468], [-80.33934, 33.91475], [-80.3396, 33.91482], [-80.33982, 33.91487], [-80.34004, 33.91492], [-80.34031, 33.91492], [-80.34057, 33.91492], [-80.34082, 33.91489], [-80.34123, 33.9148], [-80.34189, 33.91449], [-80.3442, 33.9131], [-80.34428, 33.91304], [-80.34606, 33.91237], [-80.34667, 33.91218], [-80.34731, 33.91208], [-80.34761, 33.91204], [-80.34836, 33.91194], [-80.34959, 33.91183], [-80.34974, 33.91178], [-80.35042, 33.91169], [-80.35415, 33.91132], [-80.35505, 33.91123], [-80.35586, 33.91117], [-80.35626, 33.91113], [-80.3567, 33.91109], [-80.35703, 33.91106], [-80.35804, 33.91096], [-80.3598, 33.91078], [-80.36252, 33.91052], [-80.3641, 33.91036], [-80.36417, 33.91035], [-80.36595, 33.91018]]]}}, {"type": "Feature", "properties": {"tract_id": "45085001300", "name": "Census Tract 13", "pct_white_2020": 15.4, "pct_black_2020": 81.5, "pct_hispanic_2020": 0.0, "pct_asian_2020": 0.0, "population_2020": 1915}, "geometry": {"type": "Polygon", "coordinates": [[[-80.37129, 33.91516], [-80.3711, 33.91487], [-80.37054, 33.91462], [-80.37015, 33.91447], [-80.37007, 33.91443], [-80.36974, 33.91428], [-80.36899, 33.91395], [-80.36846, 33.91368], [-80.3664, 33.91187], [-80.36613, 33.91148], [-80.36609, 33.91118], [-80.36598, 33.91086], [-80.36596, 33.91063], [-80.36596, 33.91027], [-80.36596, 33.91022], [-80.36595, 33.91018], [-80.36417, 33.91035], [-80.3641, 33.91036], [-80.36252, 33.91052], [-80.3598, 33.91078], [-80.35804, 33.91096], [-80.35703, 33.91106], [-80.3567, 33.91109], [-80.35626, 33.91113], [-80.35586, 33.91117], [-80.35505, 33.91123], [-80.35415, 33.91132], [-80.35042, 33.91169], [-80.34974, 33.91178], [-80.34959, 33.91183], [-80.34836, 33.91194], [-80.34761, 33.91204], [-80.34731, 33.91208], [-80.34667, 33.91218], [-80.34606, 33.91237], [-80.34428, 33.91304], [-80.3442, 33.9131], [-80.34189, 33.91449], [-80.34123, 33.9148], [-80.34057, 33.91518], [-80.33944, 33.91579], [-80.33771, 33.91681], [-80.33621, 33.91763], [-80.33559, 33.91798], [-80.33354, 33.91922], [-80.33367, 33.91937], [-80.33373, 33.91946], [-80.33375, 33.9195], [-80.33376, 33.91959], [-80.33383, 33.91993], [-80.33389, 33.92028], [-80.33404, 33.92027], [-80.33433, 33.92026], [-80.33474, 33.92025], [-80.33481, 33.92079], [-80.33491, 33.9214], [-80.335, 33.92193], [-80.33516, 33.92288], [-80.33539, 33.92424], [-80.33633, 33.92415], [-80.33715, 33.92407], [-80.33732, 33.92407], [-80.3375, 33.92406], [-80.3377, 33.92407], [-80.3382, 33.9241], [-80.33969, 33.92419], [-80.3413, 33.92432], [-80.34201, 33.92436], [-80.34209, 33.92437], [-80.34299, 33.92441], [-80.34424, 33.92447], [-80.34436, 33.92331], [-80.34441, 33.92312], [-80.34442, 33.92307], [-80.34453, 33.92187], [-80.34461, 33.9211], [-80.34465, 33.9206], [-80.34645, 33.92072], [-80.3468, 33.92074], [-80.34721, 33.92077], [-80.34742, 33.92078], [-80.34769, 33.92078], [-80.34799, 33.92077], [-80.34902, 33.92071], [-80.35058, 33.9206], [-80.35182, 33.92051], [-80.35335, 33.9204], [-80.35427, 33.92034], [-80.35443, 33.92143], [-80.3545, 33.92191], [-80.35451, 33.92193], [-80.35459, 33.92246], [-80.35487, 33.92244], [-80.35688, 33.92227], [-80.3572, 33.92224], [-80.35751, 33.92221], [-80.3577, 33.9222], [-80.35821, 33.92216], [-80.3583, 33.92215], [-80.359, 33.92209], [-80.35988, 33.92202], [-80.35992, 33.92202], [-80.36032, 33.92198], [-80.36117, 33.92191], [-80.36086, 33.92149], [-80.36089, 33.92146], [-80.36092, 33.92138], [-80.36092, 33.92131], [-80.36086, 33.92066], [-80.3608, 33.91999], [-80.3608, 33.91989], [-80.36162, 33.91983], [-80.3642, 33.91967], [-80.36532, 33.91959], [-80.3657, 33.91956], [-80.36595, 33.91954], [-80.36698, 33.91947], [-80.36718, 33.91946], [-80.36746, 33.91947], [-80.36756, 33.91948], [-80.36761, 33.91948], [-80.36781, 33.91952], [-80.36798, 33.91956], [-80.36821, 33.91963], [-80.36877, 33.9198], [-80.36946, 33.92], [-80.36957, 33.92003], [-80.36959, 33.91952], [-80.36983, 33.9181], [-80.37001, 33.91699], [-80.37004, 33.91687], [-80.3701, 33.91673], [-80.37019, 33.9165], [-80.37033, 33.91633], [-80.37088, 33.91567], [-80.3711, 33.9153], [-80.37129, 33.91516]]]}}, {"type": "Feature", "properties": {"tract_id": "45085001600", "name": "Census Tract 16", "pct_white_2020": 2.1, "pct_black_2020": 92.2, "pct_hispanic_2020": 2.9, "pct_asian_2020": 0.0, "population_2020": 3260}, "geometry": {"type": "Polygon", "coordinates": [[[-80.35825, 33.88239], [-80.3582, 33.88179], [-80.35809, 33.88163], [-80.35809, 33.88156], [-80.35787, 33.88113], [-80.35776, 33.88083], [-80.35776, 33.88044], [-80.35795, 33.87936], [-80.35787, 33.87875], [-80.35776, 33.87836], [-80.35773, 33.87801], [-80.35729, 33.87778], [-80.35662, 33.8773], [-80.35646, 33.87719], [-80.35638, 33.87716], [-80.35624, 33.8771], [-80.35595, 33.877], [-80.35561, 33.87687], [-80.35546, 33.87682], [-80.3553, 33.87678], [-80.35519, 33.87675], [-80.3545, 33.87655], [-80.35413, 33.87645], [-80.35302, 33.87612], [-80.35231, 33.87588], [-80.35207, 33.8758], [-80.35202, 33.87578], [-80.35165, 33.87563], [-80.35154, 33.8755], [-80.3513, 33.87517], [-80.35072, 33.87449], [-80.35007, 33.87396], [-80.3489, 33.87361], [-80.34803, 33.8731], [-80.34756, 33.87297], [-80.34711, 33.87292], [-80.34627, 33.87319], [-80.34594, 33.87301], [-80.34578, 33.8728], [-80.34572, 33.87196], [-80.34567, 33.87136], [-80.34556, 33.87125], [-80.3455, 33.87102], [-80.34542, 33.87088], [-80.34535, 33.87071], [-80.34523, 33.87042], [-80.34487, 33.86996], [-80.34407, 33.86945], [-80.34358, 33.86914], [-80.34333, 33.86887], [-80.34223, 33.86804], [-80.34094, 33.86735], [-80.3408, 33.86733], [-80.3408, 33.86758], [-80.34092, 33.86793], [-80.34094, 33.86834], [-80.34102, 33.86841], [-80.33867, 33.87002], [-80.33798, 33.8705], [-80.33586, 33.87212], [-80.33548, 33.87272], [-80.33504, 33.87416], [-80.33494, 33.87436], [-80.33465, 33.87473], [-80.33405, 33.87536], [-80.33364, 33.87574], [-80.33264, 33.87639], [-80.33233, 33.87655], [-80.33039, 33.87815], [-80.3298, 33.87862], [-80.32908, 33.87929], [-80.32817, 33.88035], [-80.32752, 33.88148], [-80.32614, 33.88437], [-80.3259, 33.88477], [-80.32584, 33.88498], [-80.32578, 33.88504], [-80.32519, 33.88626], [-80.32475, 33.88737], [-80.32469, 33.88783], [-80.32447, 33.88849], [-80.32408, 33.88994], [-80.32392, 33.89054], [-80.3237, 33.89135], [-80.3233, 33.89228], [-80.32295, 33.8931], [-80.32255, 33.89403], [-80.32249, 33.89417], [-80.32225, 33.89534], [-80.32221, 33.89557], [-80.32211, 33.89618], [-80.32203, 33.89631], [-80.32219, 33.89632], [-80.32236, 33.89634], [-80.32271, 33.89639], [-80.32297, 33.89643], [-80.32307, 33.89645], [-80.32328, 33.8965], [-80.32432, 33.89677], [-80.32448, 33.89682], [-80.32492, 33.89737], [-80.32685, 33.89983], [-80.32699, 33.90001], [-80.3288, 33.90245], [-80.32887, 33.90241], [-80.32892, 33.90238], [-80.32967, 33.90194], [-80.33014, 33.90252], [-80.33027, 33.90269], [-80.33033, 33.90276], [-80.33041, 33.90285], [-80.33072, 33.90316], [-80.33089, 33.90334], [-80.33096, 33.9034], [-80.33108, 33.90342], [-80.33114, 33.90341], [-80.33118, 33.90339], [-80.33124, 33.90336], [-80.33131, 33.9033], [-80.33156, 33.90311], [-80.33174, 33.90299], [-80.33196, 33.90284], [-80.33262, 33.90243], [-80.33269, 33.90238], [-80.33301, 33.90269], [-80.33325, 33.903], [-80.33336, 33.90318], [-80.33341, 33.90327], [-80.33342, 33.90329], [-80.33345, 33.90332], [-80.3335, 33.90335], [-80.33356, 33.90338], [-80.33363, 33.90339], [-80.33366, 33.90339], [-80.33368, 33.90339], [-80.33378, 33.90339], [-80.33372, 33.90377], [-80.33368, 33.90408], [-80.33365, 33.90428], [-80.33362, 33.90515], [-80.33363, 33.9052], [-80.33365, 33.90523], [-80.3337, 33.90526], [-80.33374, 33.90527], [-80.33381, 33.90528], [-80.33501, 33.90517], [-80.33533, 33.90514], [-80.33543, 33.90513], [-80.33581, 33.90509], [-80.33607, 33.90507], [-80.33692, 33.905], [-80.3376, 33.90494], [-80.33843, 33.90487], [-80.33924, 33.90479], [-80.34045, 33.90468], [-80.34049, 33.90503], [-80.34074, 33.90496], [-80.34169, 33.9047], [-80.3426, 33.90446], [-80.3426, 33.90425], [-80.34266, 33.90344], [-80.34276, 33.90223], [-80.34278, 33.90192], [-80.34284, 33.90125], [-80.34285, 33.90111], [-80.34293, 33.90008], [-80.34294, 33.89996], [-80.34358, 33.89977], [-80.34389, 33.89963], [-80.3446, 33.8993], [-80.34473, 33.89924], [-80.34507, 33.89907], [-80.34559, 33.89879], [-80.34573, 33.89874], [-80.3466, 33.89843], [-80.34715, 33.89846], [-80.3472, 33.89844], [-80.34736, 33.89838], [-80.34776, 33.89823], [-80.34783, 33.8982], [-80.34932, 33.89763], [-80.3503, 33.89781], [-80.3508, 33.89765], [-80.35118, 33.89758], [-80.35139, 33.89754], [-80.35191, 33.89739], [-80.35247, 33.89721], [-80.35264, 33.89714], [-80.35283, 33.8971], [-80.35339, 33.89699], [-80.35412, 33.89684], [-80.35468, 33.89667], [-80.35486, 33.8966], [-80.35524, 33.89628], [-80.35671, 33.89614], [-80.35774, 33.89616], [-80.35788, 33.89617], [-80.35803, 33.89617], [-80.35802, 33.89604], [-80.35796, 33.896], [-80.35793, 33.8959], [-80.35787, 33.89575], [-80.3576, 33.89499], [-80.35756, 33.89446], [-80.35781, 33.89327], [-80.35784, 33.89302], [-80.35782, 33.89263], [-80.35779, 33.89233], [-80.35777, 33.89206], [-80.35777, 33.89204], [-80.35774, 33.89171], [-80.35774, 33.89167], [-80.35773, 33.89153], [-80.35766, 33.89127], [-80.35763, 33.89114], [-80.35732, 33.89043], [-80.35723, 33.89018], [-80.35721, 33.89013], [-80.35715, 33.88997], [-80.35709, 33.8899], [-80.35709, 33.8898], [-80.35707, 33.88957], [-80.35701, 33.8887], [-80.357, 33.8886], [-80.35702, 33.88812], [-80.35701, 33.88757], [-80.35739, 33.88628], [-80.35743, 33.88612], [-80.35746, 33.88567], [-80.35754, 33.88534], [-80.35757, 33.88479], [-80.35759, 33.88465], [-80.35765, 33.88431], [-80.35773, 33.8842], [-80.35779, 33.88383], [-80.35814, 33.88296], [-80.35825, 33.88239]]]}}, {"type": "Feature", "properties": {"tract_id": "45085000901", "name": "Census Tract 9.01", "pct_white_2020": 33.0, "pct_black_2020": 46.5, "pct_hispanic_2020": 10.0, "pct_asian_2020": 7.1, "population_2020": 4342}, "geometry": {"type": "Polygon", "coordinates": [[[-80.39438, 33.9512], [-80.39447, 33.95113], [-80.39298, 33.9511], [-80.39186, 33.95108], [-80.38945, 33.95103], [-80.38716, 33.951], [-80.38707, 33.95041], [-80.38692, 33.94945], [-80.38683, 33.94884], [-80.38676, 33.9485], [-80.38671, 33.94819], [-80.38662, 33.94767], [-80.38659, 33.94752], [-80.38655, 33.94733], [-80.38646, 33.94702], [-80.38637, 33.94673], [-80.38633, 33.94662], [-80.38614, 33.94613], [-80.38548, 33.94456], [-80.38515, 33.94375], [-80.38503, 33.94346], [-80.38471, 33.94267], [-80.38459, 33.94238], [-80.38449, 33.9421], [-80.38441, 33.94185], [-80.3843, 33.94141], [-80.38421, 33.94104], [-80.3842, 33.94098], [-80.38405, 33.9403], [-80.38393, 33.93975], [-80.38382, 33.93922], [-80.38358, 33.93806], [-80.3835, 33.93767], [-80.38345, 33.93746], [-80.3834, 33.93729], [-80.38332, 33.93707], [-80.38326, 33.93692], [-80.38312, 33.93665], [-80.38301, 33.93647], [-80.38289, 33.9363], [-80.38276, 33.93611], [-80.38267, 33.93601], [-80.38237, 33.93564], [-80.38221, 33.93544], [-80.38213, 33.93532], [-80.3821, 33.93527], [-80.38194, 33.93495], [-80.38165, 33.93426], [-80.3812, 33.93318], [-80.38114, 33.93303], [-80.38093, 33.93258], [-80.38068, 33.93212], [-80.38002, 33.93092], [-80.37995, 33.9308], [-80.37871, 33.93124], [-80.37578, 33.93228], [-80.37497, 33.93256], [-80.37481, 33.9326], [-80.37465, 33.93263], [-80.37452, 33.93265], [-80.37436, 33.93266], [-80.37421, 33.93266], [-80.37403, 33.93265], [-80.37384, 33.93263], [-80.37367, 33.93261], [-80.3735, 33.93258], [-80.37298, 33.9325], [-80.37266, 33.93246], [-80.37219, 33.93238], [-80.37152, 33.93228], [-80.37132, 33.93225], [-80.37102, 33.93225], [-80.37075, 33.93227], [-80.37058, 33.9323], [-80.37037, 33.93235], [-80.37015, 33.93243], [-80.36995, 33.93252], [-80.36961, 33.9327], [-80.3693, 33.93285], [-80.36776, 33.93076], [-80.36742, 33.93032], [-80.36667, 33.92934], [-80.36663, 33.92929], [-80.36594, 33.92836], [-80.36561, 33.9286], [-80.36522, 33.92908], [-80.36495, 33.92996], [-80.36486, 33.93056], [-80.36481, 33.93173], [-80.36459, 33.93346], [-80.36449, 33.93498], [-80.36399, 33.93515], [-80.36379, 33.93523], [-80.36362, 33.9353], [-80.36334, 33.93544], [-80.36323, 33.93551], [-80.36309, 33.9356], [-80.36283, 33.93581], [-80.36272, 33.9359], [-80.36258, 33.93604], [-80.36245, 33.93617], [-80.36208, 33.93659], [-80.36198, 33.9367], [-80.36174, 33.93695], [-80.36158, 33.93712], [-80.36137, 33.93731], [-80.36101, 33.93762], [-80.36086, 33.93778], [-80.36079, 33.93786], [-80.36166, 33.9384], [-80.36267, 33.93904], [-80.3635, 33.93955], [-80.36362, 33.93962], [-80.36356, 33.93992], [-80.36349, 33.94057], [-80.36328, 33.94147], [-80.36292, 33.94275], [-80.36275, 33.94327], [-80.36264, 33.94375], [-80.36251, 33.94494], [-80.36245, 33.94618], [-80.36234, 33.94673], [-80.36231, 33.94709], [-80.36228, 33.94744], [-80.36199, 33.94823], [-80.36163, 33.94881], [-80.36137, 33.94909], [-80.36094, 33.94945], [-80.3608, 33.94959], [-80.36077, 33.94961], [-80.36065, 33.94967], [-80.3605, 33.94978], [-80.36048, 33.9498], [-80.36032, 33.94992], [-80.36005, 33.95013], [-80.35954, 33.95073], [-80.35922, 33.95137], [-80.35918, 33.95163], [-80.35913, 33.95196], [-80.35903, 33.95273], [-80.35886, 33.95323], [-80.3588, 33.95338], [-80.35867, 33.95379], [-80.35832, 33.95459], [-80.35817, 33.95579], [-80.35815, 33.95586], [-80.35809, 33.95626], [-80.35805, 33.95671], [-80.35804, 33.95674], [-80.35804, 33.95681], [-80.35802, 33.95696], [-80.35799, 33.95727], [-80.35803, 33.95863], [-80.35813, 33.95957], [-80.35829, 33.96035], [-80.3584, 33.96053], [-80.35848, 33.9609], [-80.3587, 33.96129], [-80.35883, 33.9614], [-80.35886, 33.96152], [-80.35921, 33.96188], [-80.35999, 33.96256], [-80.36067, 33.96314], [-80.36179, 33.96396], [-80.36298, 33.96471], [-80.36413, 33.96541], [-80.36539, 33.96624], [-80.3674, 33.96507], [-80.36884, 33.96423], [-80.36927, 33.964], [-80.3696, 33.9638], [-80.37048, 33.96328], [-80.37112, 33.9629], [-80.37115, 33.96288], [-80.37127, 33.96281], [-80.37156, 33.96265], [-80.37179, 33.96251], [-80.37322, 33.96182], [-80.37364, 33.96162], [-80.37433, 33.9613], [-80.37663, 33.96021], [-80.37863, 33.95926], [-80.37973, 33.95873], [-80.37984, 33.95868], [-80.38079, 33.95823], [-80.38094, 33.95816], [-80.38107, 33.9581], [-80.38139, 33.95796], [-80.38202, 33.95763], [-80.3827, 33.9573], [-80.38366, 33.95684], [-80.38387, 33.95676], [-80.38399, 33.95676], [-80.38411, 33.95676], [-80.38481, 33.95679], [-80.38511, 33.95681], [-80.38546, 33.95681], [-80.38553, 33.95681], [-80.38562, 33.95679], [-80.38603, 33.9568], [-80.38625, 33.95681], [-80.38636, 33.95681], [-80.38642, 33.95681], [-80.38706, 33.95684], [-80.38785, 33.95687], [-80.38866, 33.9569], [-80.38924, 33.95692], [-80.38946, 33.95692], [-80.39011, 33.95695], [-80.39051, 33.95696], [-80.39067, 33.95697], [-80.39077, 33.95698], [-80.39101, 33.95699], [-80.39116, 33.95701], [-80.3914, 33.95704], [-80.39161, 33.95706], [-80.39195, 33.95713], [-80.39226, 33.95719], [-80.39254, 33.95726], [-80.39293, 33.95738], [-80.39315, 33.95745], [-80.39324, 33.95748], [-80.39322, 33.95733], [-80.39321, 33.9572], [-80.39309, 33.95684], [-80.39314, 33.95657], [-80.39358, 33.95624], [-80.39362, 33.956], [-80.39356, 33.95562], [-80.39363, 33.95526], [-80.39361, 33.95512], [-80.3937, 33.95446], [-80.39365, 33.95432], [-80.39358, 33.95407], [-80.39354, 33.95356], [-80.39356, 33.95343], [-80.39352, 33.9533], [-80.39348, 33.95309], [-80.39348, 33.95291], [-80.39355, 33.95277], [-80.39357, 33.95261], [-80.39369, 33.95205], [-80.39438, 33.9512]]]}}, {"type": "Feature", "properties": {"tract_id": "45085001902", "name": "Census Tract 19.02", "pct_white_2020": 47.6, "pct_black_2020": 43.9, "pct_hispanic_2020": 0.0, "pct_asian_2020": 0.0, "population_2020": 5125}, "geometry": {"type": "Polygon", "coordinates": [[[-80.40681, 33.76788], [-80.40681, 33.76774], [-80.40679, 33.76742], [-80.40678, 33.76729], [-80.40677, 33.76717], [-80.40672, 33.76697], [-80.40655, 33.76655], [-80.40583, 33.76483], [-80.40344, 33.75922], [-80.40335, 33.75898], [-80.40321, 33.7586], [-80.40313, 33.75836], [-80.40309, 33.75817], [-80.40305, 33.75801], [-80.40302, 33.75783], [-80.40297, 33.7575], [-80.40224, 33.75337], [-80.40218, 33.75302], [-80.40206, 33.75228], [-80.402, 33.75208], [-80.40194, 33.7519], [-80.40191, 33.75186], [-80.40185, 33.75174], [-80.40175, 33.75157], [-80.40139, 33.75099], [-80.40121, 33.75072], [-80.40075, 33.75], [-80.40058, 33.74974], [-80.40036, 33.74945], [-80.40018, 33.74926], [-80.4001, 33.74918], [-80.39983, 33.74897], [-80.39925, 33.74851], [-80.39761, 33.74726], [-80.39727, 33.74702], [-80.39718, 33.74696], [-80.39699, 33.74686], [-80.39699, 33.749], [-80.39699, 33.75004], [-80.39703, 33.75543], [-80.39705, 33.75757], [-80.39705, 33.75784], [-80.39706, 33.75867], [-80.39706, 33.75894], [-80.39711, 33.76464], [-80.39713, 33.76782], [-80.38337, 33.76979], [-80.37773, 33.7706], [-80.37759, 33.77062], [-80.37542, 33.77107], [-80.3748, 33.77119], [-80.36844, 33.77208], [-80.36611, 33.7724], [-80.36535, 33.77251], [-80.36515, 33.77254], [-80.36226, 33.77298], [-80.3613, 33.77313], [-80.36022, 33.77328], [-80.357, 33.77373], [-80.35592, 33.77388], [-80.35555, 33.77394], [-80.35443, 33.7741], [-80.35405, 33.77416], [-80.3525, 33.77439], [-80.34784, 33.77508], [-80.34629, 33.77531], [-80.34431, 33.7756], [-80.33835, 33.77648], [-80.33637, 33.77678], [-80.33503, 33.77697], [-80.33103, 33.77757], [-80.32969, 33.77777], [-80.32947, 33.7778], [-80.32881, 33.7779], [-80.32859, 33.77793], [-80.32699, 33.77817], [-80.32218, 33.77889], [-80.32058, 33.77913], [-80.31883, 33.7794], [-80.31358, 33.78018], [-80.31184, 33.78044], [-80.30879, 33.78088], [-80.29967, 33.78221], [-80.29663, 33.78265], [-80.29564, 33.7828], [-80.29269, 33.78323], [-80.2917, 33.78338], [-80.29167, 33.78338], [-80.29159, 33.78339], [-80.29156, 33.7834], [-80.29153, 33.78339], [-80.29145, 33.78338], [-80.29143, 33.78338], [-80.28882, 33.78375], [-80.281, 33.78487], [-80.27839, 33.78524], [-80.27832, 33.78525], [-80.27813, 33.78528], [-80.27807, 33.78529], [-80.27757, 33.78536], [-80.27607, 33.78557], [-80.27557, 33.78565], [-80.27527, 33.78569], [-80.27436, 33.78582], [-80.27406, 33.78587], [-80.27453, 33.78656], [-80.27505, 33.78695], [-80.27557, 33.78713], [-80.27647, 33.7872], [-80.2768, 33.78717], [-80.27705, 33.78738], [-80.27713, 33.78759], [-80.27724, 33.78768], [-80.27727, 33.78786], [-80.2774, 33.78825], [-80.27749, 33.78866], [-80.27754, 33.78873], [-80.27763, 33.78894], [-80.27793, 33.78924], [-80.27889, 33.78976], [-80.2804, 33.79022], [-80.28275, 33.79137], [-80.28292, 33.79148], [-80.28363, 33.79224], [-80.28407, 33.79238], [-80.28424, 33.79261], [-80.28586, 33.79367], [-80.28622, 33.79381], [-80.28691, 33.79438], [-80.28724, 33.79454], [-80.28757, 33.79487], [-80.28875, 33.79593], [-80.28919, 33.79645], [-80.28986, 33.79735], [-80.29019, 33.7979], [-80.2903, 33.7982], [-80.29038, 33.79924], [-80.29058, 33.79963], [-80.29157, 33.80073], [-80.29251, 33.80156], [-80.29267, 33.8017], [-80.29329, 33.80249], [-80.29363, 33.80316], [-80.29376, 33.80375], [-80.29387, 33.80391], [-80.29398, 33.80423], [-80.29419, 33.80443], [-80.29427, 33.80482], [-80.2946, 33.80516], [-80.29576, 33.80564], [-80.29666, 33.8061], [-80.29746, 33.80667], [-80.29768, 33.80699], [-80.2977, 33.80825], [-80.29798, 33.80878], [-80.29853, 33.80922], [-80.29913, 33.80949], [-80.30089, 33.81004], [-80.30179, 33.8102], [-80.30262, 33.81011], [-80.3033, 33.81013], [-80.30402, 33.81043], [-80.30522, 33.81162], [-80.30722, 33.81272], [-80.30731, 33.81281], [-80.30788, 33.81295], [-80.31038, 33.81384], [-80.31115, 33.81421], [-80.31159, 33.8146], [-80.31194, 33.81506], [-80.312, 33.81527], [-80.31219, 33.81554], [-80.3123, 33.81595], [-80.31236, 33.81602], [-80.31244, 33.81785], [-80.31249, 33.81813], [-80.31277, 33.81843], [-80.31343, 33.81946], [-80.31362, 33.81987], [-80.31362, 33.82062], [-80.31351, 33.82081], [-80.31329, 33.82131], [-80.31332, 33.82182], [-80.31354, 33.82209], [-80.31433, 33.82255], [-80.31458, 33.82282], [-80.31469, 33.8234], [-80.31494, 33.82404], [-80.31496, 33.82461], [-80.31507, 33.82489], [-80.31507, 33.82505], [-80.31576, 33.82594], [-80.31606, 33.82649], [-80.31606, 33.82663], [-80.31612, 33.8267], [-80.31615, 33.82695], [-80.31656, 33.82736], [-80.31667, 33.82754], [-80.31694, 33.82775], [-80.31771, 33.82844], [-80.31796, 33.82887], [-80.31796, 33.82949], [-80.31776, 33.82983], [-80.31749, 33.83006], [-80.31656, 33.83041], [-80.31639, 33.83057], [-80.31639, 33.83091], [-80.31656, 33.83112], [-80.31672, 33.83121], [-80.31708, 33.83119], [-80.31755, 33.83105], [-80.3179, 33.83109], [-80.3182, 33.83119], [-80.31853, 33.83151], [-80.31859, 33.83169], [-80.31856, 33.83352], [-80.31848, 33.83421], [-80.31856, 33.83458], [-80.31859, 33.83554], [-80.31867, 33.8359], [-80.31911, 33.837], [-80.31919, 33.83707], [-80.31919, 33.83716], [-80.31927, 33.83723], [-80.31927, 33.83732], [-80.31958, 33.83783], [-80.31988, 33.8381], [-80.32026, 33.83856], [-80.32043, 33.83878], [-80.32098, 33.83948], [-80.32109, 33.83968], [-80.3215, 33.84003], [-80.32155, 33.84016], [-80.32166, 33.8406], [-80.32186, 33.84115], [-80.32196, 33.84177], [-80.3221, 33.84207], [-80.32213, 33.84225], [-80.32246, 33.84271], [-80.32375, 33.84381], [-80.32446, 33.84456], [-80.32487, 33.84518], [-80.32507, 33.84559], [-80.32515, 33.84587], [-80.32504, 33.84727], [-80.32512, 33.84743], [-80.32512, 33.8477], [-80.32551, 33.84795], [-80.32608, 33.84852], [-80.32622, 33.84866], [-80.32644, 33.84903], [-80.32655, 33.84912], [-80.32669, 33.84944], [-80.32781, 33.85107], [-80.32781, 33.85116], [-80.32787, 33.85123], [-80.32787, 33.85132], [-80.32803, 33.85153], [-80.3282, 33.85205], [-80.32831, 33.85311], [-80.32842, 33.85345], [-80.32844, 33.85368], [-80.32844, 33.85416], [-80.3282, 33.85462], [-80.32795, 33.85499], [-80.32773, 33.85547], [-80.32765, 33.85597], [-80.32773, 33.85629], [-80.32779, 33.85636], [-80.32792, 33.85677], [-80.32823, 33.85684], [-80.32897, 33.85705], [-80.32949, 33.857], [-80.32952, 33.85691], [-80.32985, 33.85675], [-80.33034, 33.8568], [-80.33056, 33.85691], [-80.3307, 33.85702], [-80.33103, 33.85737], [-80.33138, 33.85748], [-80.33196, 33.85755], [-80.33276, 33.85796], [-80.33402, 33.8589], [-80.33498, 33.8597], [-80.33495, 33.86028], [-80.33487, 33.86044], [-80.33473, 33.86057], [-80.33463, 33.86078], [-80.33463, 33.86122], [-80.33487, 33.86144], [-80.33542, 33.86174], [-80.33602, 33.86194], [-80.33624, 33.86202], [-80.33696, 33.86192], [-80.33718, 33.86215], [-80.33732, 33.86238], [-80.3374, 33.86282], [-80.33756, 33.86417], [-80.33778, 33.8646], [-80.33825, 33.86518], [-80.33872, 33.86564], [-80.3388, 33.8658], [-80.33918, 33.86618], [-80.33987, 33.86648], [-80.34072, 33.86715], [-80.3408, 33.86733], [-80.34094, 33.86735], [-80.34223, 33.86804], [-80.34333, 33.86887], [-80.34358, 33.86914], [-80.34407, 33.86945], [-80.34487, 33.86996], [-80.34523, 33.87042], [-80.34535, 33.87071], [-80.34542, 33.87088], [-80.3455, 33.87102], [-80.34556, 33.87125], [-80.34567, 33.87136], [-80.34572, 33.87196], [-80.34578, 33.8728], [-80.34594, 33.87301], [-80.34627, 33.87319], [-80.34711, 33.87292], [-80.34756, 33.87297], [-80.34803, 33.8731], [-80.3489, 33.87361], [-80.35007, 33.87396], [-80.35072, 33.87449], [-80.3513, 33.87517], [-80.35154, 33.8755], [-80.35165, 33.87563], [-80.35202, 33.87578], [-80.35207, 33.8758], [-80.35231, 33.87588], [-80.35239, 33.87551], [-80.3524, 33.87547], [-80.35245, 33.87529], [-80.35257, 33.87488], [-80.35265, 33.87463], [-80.35288, 33.87395], [-80.35295, 33.87376], [-80.3531, 33.8734], [-80.35312, 33.87336], [-80.35318, 33.87325], [-80.35347, 33.87274], [-80.35372, 33.87237], [-80.3538, 33.87225], [-80.35391, 33.8721], [-80.35409, 33.87185], [-80.35426, 33.87166], [-80.35451, 33.87139], [-80.35457, 33.87132], [-80.35475, 33.87112], [-80.35538, 33.87047], [-80.35542, 33.87042], [-80.35547, 33.87038], [-80.35569, 33.87015], [-80.35583, 33.87], [-80.35593, 33.8699], [-80.35624, 33.86958], [-80.35629, 33.86952], [-80.35631, 33.8695], [-80.35703, 33.86874], [-80.35805, 33.86767], [-80.35829, 33.86742], [-80.35869, 33.86699], [-80.35896, 33.86674], [-80.3595, 33.86617], [-80.36005, 33.86558], [-80.36161, 33.86382], [-80.36206, 33.86331], [-80.3619, 33.86321], [-80.36436, 33.86043], [-80.36634, 33.85821], [-80.36688, 33.8576], [-80.36716, 33.85725], [-80.36739, 33.85692], [-80.36755, 33.85664], [-80.36767, 33.8564], [-80.36774, 33.85621], [-80.3678, 33.85605], [-80.36793, 33.85563], [-80.36816, 33.85487], [-80.36833, 33.85425], [-80.36857, 33.85343], [-80.36901, 33.8519], [-80.3692, 33.85127], [-80.36935, 33.85076], [-80.36956, 33.85003], [-80.36971, 33.84948], [-80.36998, 33.84856], [-80.37028, 33.84754], [-80.37036, 33.84727], [-80.3705, 33.84676], [-80.37059, 33.84645], [-80.37072, 33.84591], [-80.37102, 33.84437], [-80.37133, 33.84282], [-80.37175, 33.84066], [-80.37232, 33.83778], [-80.37237, 33.8375], [-80.3724, 33.83736], [-80.37278, 33.83541], [-80.37304, 33.83413], [-80.37331, 33.83276], [-80.37361, 33.83121], [-80.37385, 33.8299], [-80.37389, 33.82951], [-80.37389, 33.82939], [-80.37389, 33.82905], [-80.37385, 33.82879], [-80.37381, 33.82851], [-80.37378, 33.82839], [-80.37371, 33.82813], [-80.37364, 33.82789], [-80.37359, 33.82775], [-80.37349, 33.8275], [-80.37342, 33.82736], [-80.37332, 33.82718], [-80.37316, 33.82691], [-80.37301, 33.82668], [-80.37292, 33.82655], [-80.37282, 33.82643], [-80.37257, 33.82615], [-80.37246, 33.82602], [-80.37308, 33.82561], [-80.37336, 33.82542], [-80.37343, 33.82536], [-80.37358, 33.82522], [-80.37365, 33.82515], [-80.37382, 33.82497], [-80.37392, 33.82483], [-80.37407, 33.82457], [-80.37412, 33.82446], [-80.37418, 33.82429], [-80.37428, 33.82397], [-80.37429, 33.82393], [-80.37432, 33.82382], [-80.37433, 33.8235], [-80.37441, 33.82147], [-80.37453, 33.81805], [-80.37454, 33.81769], [-80.37457, 33.81678], [-80.37458, 33.81654], [-80.3746, 33.81592], [-80.37465, 33.81456], [-80.37472, 33.81224], [-80.37477, 33.81027], [-80.37478, 33.8097], [-80.3748, 33.80924], [-80.37487, 33.80678], [-80.37491, 33.80559], [-80.37492, 33.80535], [-80.37494, 33.80518], [-80.37497, 33.80501], [-80.37502, 33.80485], [-80.37506, 33.80473], [-80.37515, 33.80454], [-80.37536, 33.80419], [-80.37563, 33.80379], [-80.37603, 33.80322], [-80.37696, 33.80185], [-80.3771, 33.80165], [-80.3786, 33.79946], [-80.37888, 33.79904], [-80.37909, 33.79872], [-80.3795, 33.79813], [-80.37978, 33.79776], [-80.37995, 33.79758], [-80.38009, 33.79745], [-80.3802, 33.79736], [-80.38039, 33.79722], [-80.38063, 33.79707], [-80.38077, 33.797], [-80.38119, 33.79679], [-80.3817, 33.79654], [-80.38203, 33.79637], [-80.38335, 33.79573], [-80.38535, 33.79475], [-80.38576, 33.79455], [-80.38659, 33.79415], [-80.38708, 33.7939], [-80.38739, 33.79374], [-80.38793, 33.79345], [-80.38861, 33.79306], [-80.38938, 33.79261], [-80.38957, 33.7925], [-80.3897, 33.79242], [-80.391, 33.79167], [-80.39142, 33.79141], [-80.39155, 33.79133], [-80.39161, 33.79128], [-80.39176, 33.79115], [-80.3919, 33.79104], [-80.39222, 33.79072], [-80.39241, 33.79048], [-80.39295, 33.78976], [-80.3937, 33.78874], [-80.39475, 33.78733], [-80.39666, 33.78478], [-80.39773, 33.78332], [-80.39797, 33.78302], [-80.39973, 33.78066], [-80.40039, 33.77977], [-80.40144, 33.77834], [-80.40232, 33.77716], [-80.40297, 33.77628], [-80.40338, 33.77574], [-80.40498, 33.77357], [-80.40523, 33.77322], [-80.4054, 33.773], [-80.40555, 33.77277], [-80.40572, 33.77247], [-80.40586, 33.7722], [-80.40595, 33.77201], [-80.40603, 33.77182], [-80.40613, 33.77159], [-80.40619, 33.7714], [-80.40628, 33.77117], [-80.40636, 33.77088], [-80.40641, 33.77067], [-80.40646, 33.77051], [-80.4065, 33.7703], [-80.40653, 33.77008], [-80.40674, 33.76834], [-80.4068, 33.76801], [-80.40681, 33.76788]]]}}, {"type": "Feature", "properties": {"tract_id": "45085000300", "name": "Census Tract 3", "pct_white_2020": 57.5, "pct_black_2020": 22.5, "pct_hispanic_2020": 9.7, "pct_asian_2020": 2.2, "population_2020": 4233}, "geometry": {"type": "Polygon", "coordinates": [[[-80.4957, 33.99666], [-80.4957, 33.9965], [-80.49568, 33.99632], [-80.49566, 33.99615], [-80.4956, 33.9958], [-80.49559, 33.99574], [-80.49556, 33.99563], [-80.4955, 33.99543], [-80.49544, 33.99522], [-80.49536, 33.99504], [-80.49532, 33.99494], [-80.49519, 33.99466], [-80.49506, 33.99443], [-80.49496, 33.99427], [-80.49446, 33.99342], [-80.4944, 33.99332], [-80.49424, 33.99304], [-80.4942, 33.99297], [-80.49411, 33.99282], [-80.49399, 33.99263], [-80.49365, 33.99204], [-80.49189, 33.98904], [-80.49171, 33.98873], [-80.49158, 33.98851], [-80.49122, 33.9879], [-80.49104, 33.98759], [-80.49097, 33.98747], [-80.4905, 33.98669], [-80.48985, 33.98556], [-80.48906, 33.98422], [-80.48883, 33.98378], [-80.4888, 33.98373], [-80.4887, 33.98355], [-80.48859, 33.98331], [-80.4885, 33.98308], [-80.48842, 33.98282], [-80.48837, 33.98264], [-80.48832, 33.98237], [-80.48828, 33.98213], [-80.48826, 33.98201], [-80.48824, 33.98149], [-80.48826, 33.98114], [-80.48831, 33.98074], [-80.48837, 33.9805], [-80.48887, 33.9781], [-80.48932, 33.97603], [-80.48943, 33.97553], [-80.48978, 33.9739], [-80.48994, 33.97315], [-80.48995, 33.97308], [-80.49008, 33.97251], [-80.49009, 33.97244], [-80.49142, 33.97248], [-80.49214, 33.9725], [-80.49294, 33.97252], [-80.49321, 33.97256], [-80.49352, 33.97123], [-80.49354, 33.97107], [-80.49366, 33.97012], [-80.49367, 33.97008], [-80.49312, 33.97006], [-80.49258, 33.97003], [-80.49091, 33.96994], [-80.49071, 33.96994], [-80.49081, 33.96915], [-80.49093, 33.96896], [-80.49096, 33.96881], [-80.49106, 33.96881], [-80.4917, 33.96881], [-80.49179, 33.96872], [-80.49219, 33.96836], [-80.49226, 33.96831], [-80.49237, 33.96823], [-80.49235, 33.96816], [-80.49234, 33.96812], [-80.49242, 33.96757], [-80.49245, 33.96702], [-80.49246, 33.96692], [-80.49248, 33.96679], [-80.49255, 33.96604], [-80.49257, 33.96565], [-80.49248, 33.96565], [-80.49151, 33.96559], [-80.49104, 33.96555], [-80.49137, 33.95978], [-80.49137, 33.95969], [-80.49139, 33.95957], [-80.4914, 33.95943], [-80.49153, 33.95796], [-80.49155, 33.95788], [-80.49181, 33.9541], [-80.49182, 33.95397], [-80.49175, 33.954], [-80.4917, 33.95402], [-80.49074, 33.95437], [-80.48902, 33.95501], [-80.48879, 33.9551], [-80.48867, 33.95513], [-80.48812, 33.95533], [-80.48785, 33.95543], [-80.48779, 33.95545], [-80.48642, 33.95595], [-80.48635, 33.95598], [-80.48627, 33.95586], [-80.48619, 33.95589], [-80.48534, 33.9562], [-80.48399, 33.9567], [-80.48296, 33.95707], [-80.48148, 33.95762], [-80.48014, 33.95811], [-80.47714, 33.95922], [-80.47638, 33.95949], [-80.47596, 33.95963], [-80.4757, 33.9597], [-80.47533, 33.95979], [-80.47525, 33.95981], [-80.47524, 33.95995], [-80.47504, 33.96], [-80.47471, 33.96007], [-80.47433, 33.96016], [-80.47284, 33.9605], [-80.47233, 33.96061], [-80.47227, 33.96063], [-80.47111, 33.96091], [-80.4704, 33.96107], [-80.47016, 33.96113], [-80.46891, 33.96141], [-80.46854, 33.9615], [-80.46819, 33.96159], [-80.46789, 33.96167], [-80.46784, 33.96169], [-80.46745, 33.96182], [-80.46742, 33.96183], [-80.46703, 33.96198], [-80.46669, 33.96212], [-80.46581, 33.96253], [-80.46493, 33.96293], [-80.46411, 33.96332], [-80.46361, 33.96354], [-80.46334, 33.96364], [-80.46285, 33.96379], [-80.46257, 33.96388], [-80.46221, 33.96396], [-80.46196, 33.96402], [-80.46169, 33.96407], [-80.46114, 33.96416], [-80.46059, 33.96421], [-80.4602, 33.96424], [-80.45882, 33.96432], [-80.45782, 33.96437], [-80.45654, 33.96444], [-80.45565, 33.96449], [-80.45378, 33.96459], [-80.44994, 33.9648], [-80.44824, 33.9649], [-80.44793, 33.96491], [-80.44684, 33.96497], [-80.44657, 33.96499], [-80.44497, 33.96507], [-80.44407, 33.96512], [-80.44385, 33.96513], [-80.44376, 33.96514], [-80.44371, 33.96514], [-80.44348, 33.96515], [-80.44291, 33.96518], [-80.44271, 33.96519], [-80.44134, 33.96527], [-80.44107, 33.96528], [-80.44086, 33.96529], [-80.44067, 33.96528], [-80.44044, 33.96527], [-80.44014, 33.96525], [-80.43989, 33.96523], [-80.43922, 33.96512], [-80.43909, 33.96508], [-80.43903, 33.96507], [-80.43882, 33.96501], [-80.43866, 33.96497], [-80.43763, 33.96466], [-80.43694, 33.96445], [-80.43635, 33.96427], [-80.43513, 33.9639], [-80.43488, 33.96383], [-80.43334, 33.96336], [-80.43075, 33.96257], [-80.43031, 33.96244], [-80.42932, 33.96214], [-80.42906, 33.96206], [-80.4286, 33.96195], [-80.42803, 33.96184], [-80.42801, 33.96184], [-80.42792, 33.96182], [-80.42761, 33.96178], [-80.42721, 33.96174], [-80.42712, 33.96173], [-80.42686, 33.96171], [-80.42666, 33.9617], [-80.42663, 33.9617], [-80.42639, 33.9617], [-80.42666, 33.96248], [-80.42687, 33.96327], [-80.42702, 33.96352], [-80.42716, 33.96369], [-80.42727, 33.9639], [-80.42729, 33.96417], [-80.42725, 33.96442], [-80.42718, 33.96453], [-80.42708, 33.96471], [-80.42708, 33.96488], [-80.42714, 33.96516], [-80.42716, 33.96577], [-80.42714, 33.96596], [-80.4271, 33.96606], [-80.42708, 33.96617], [-80.42717, 33.96631], [-80.42725, 33.96651], [-80.42738, 33.96699], [-80.42741, 33.96709], [-80.42761, 33.96722], [-80.42773, 33.96728], [-80.42786, 33.96739], [-80.42795, 33.96748], [-80.42812, 33.96764], [-80.42864, 33.96796], [-80.42887, 33.96825], [-80.42908, 33.96871], [-80.42924, 33.96881], [-80.42933, 33.96888], [-80.42945, 33.969], [-80.42958, 33.96913], [-80.42964, 33.96928], [-80.42964, 33.96946], [-80.4297, 33.96958], [-80.42982, 33.96972], [-80.42995, 33.96987], [-80.43003, 33.97003], [-80.43005, 33.97019], [-80.43009, 33.97033], [-80.43014, 33.97036], [-80.43028, 33.9704], [-80.43047, 33.97045], [-80.43055, 33.97051], [-80.43063, 33.97064], [-80.43065, 33.97087], [-80.43067, 33.97112], [-80.43082, 33.97135], [-80.43113, 33.97163], [-80.43138, 33.97172], [-80.43167, 33.97178], [-80.432, 33.97182], [-80.43225, 33.97185], [-80.4324, 33.97194], [-80.43259, 33.97217], [-80.43273, 33.97239], [-80.43296, 33.97264], [-80.43311, 33.97272], [-80.43331, 33.9728], [-80.43344, 33.97284], [-80.4336, 33.97285], [-80.43365, 33.97287], [-80.43389, 33.97284], [-80.43404, 33.97287], [-80.43418, 33.97292], [-80.43448, 33.97322], [-80.43458, 33.97326], [-80.43474, 33.97333], [-80.43479, 33.97337], [-80.43493, 33.9735], [-80.43501, 33.97367], [-80.43539, 33.97432], [-80.43558, 33.97463], [-80.43574, 33.9747], [-80.43595, 33.97481], [-80.4361, 33.97487], [-80.43647, 33.97497], [-80.43664, 33.97505], [-80.4368, 33.97519], [-80.43695, 33.97533], [-80.43703, 33.97541], [-80.43718, 33.97542], [-80.43728, 33.97551], [-80.4378, 33.97541], [-80.43826, 33.97559], [-80.43842, 33.9756], [-80.4392, 33.97623], [-80.43942, 33.97636], [-80.43983, 33.97648], [-80.44148, 33.97698], [-80.44237, 33.97722], [-80.44301, 33.9774], [-80.44324, 33.9775], [-80.44339, 33.97772], [-80.44411, 33.97878], [-80.44501, 33.97948], [-80.44528, 33.9797], [-80.44569, 33.97984], [-80.44592, 33.97992], [-80.44623, 33.97995], [-80.44652, 33.97997], [-80.44669, 33.98002], [-80.44696, 33.9802], [-80.44739, 33.98045], [-80.44762, 33.98057], [-80.44783, 33.98077], [-80.44789, 33.98089], [-80.4479, 33.9809], [-80.44804, 33.98118], [-80.4481, 33.98129], [-80.44818, 33.98136], [-80.44824, 33.9814], [-80.44829, 33.98146], [-80.4484, 33.98152], [-80.44849, 33.98158], [-80.44859, 33.98164], [-80.44883, 33.98178], [-80.44891, 33.98183], [-80.44899, 33.98192], [-80.44903, 33.98227], [-80.44903, 33.9824], [-80.44916, 33.98289], [-80.44931, 33.98311], [-80.44943, 33.9833], [-80.45018, 33.98366], [-80.45044, 33.9838], [-80.4506, 33.9839], [-80.45071, 33.98396], [-80.45113, 33.98422], [-80.45137, 33.98439], [-80.45144, 33.98461], [-80.45148, 33.98485], [-80.45148, 33.98513], [-80.45142, 33.98532], [-80.45135, 33.98545], [-80.45138, 33.98549], [-80.45138, 33.9855], [-80.45136, 33.98558], [-80.45135, 33.98568], [-80.45127, 33.98581], [-80.45136, 33.98602], [-80.45159, 33.98628], [-80.45188, 33.98646], [-80.45219, 33.98656], [-80.45238, 33.98659], [-80.45258, 33.98661], [-80.45264, 33.98663], [-80.45271, 33.9867], [-80.4526, 33.98682], [-80.45212, 33.98731], [-80.45173, 33.98771], [-80.4518, 33.98774], [-80.45199, 33.98782], [-80.45213, 33.98789], [-80.45223, 33.988], [-80.45231, 33.9881], [-80.45247, 33.98824], [-80.45267, 33.98837], [-80.45276, 33.98842], [-80.45284, 33.98851], [-80.45292, 33.98861], [-80.45305, 33.98878], [-80.4532, 33.98893], [-80.45336, 33.98905], [-80.45351, 33.98918], [-80.45361, 33.98928], [-80.45367, 33.98936], [-80.45389, 33.98962], [-80.45391, 33.98973], [-80.45406, 33.98991], [-80.45418, 33.99007], [-80.4543, 33.99024], [-80.45446, 33.99043], [-80.45477, 33.99026], [-80.45498, 33.99015], [-80.45512, 33.99007], [-80.45703, 33.99118], [-80.45705, 33.99112], [-80.45821, 33.9918], [-80.45976, 33.99272], [-80.46024, 33.99213], [-80.4605, 33.99248], [-80.4615, 33.99377], [-80.46266, 33.99525], [-80.46341, 33.9962], [-80.46358, 33.99641], [-80.46415, 33.99714], [-80.46501, 33.99825], [-80.46509, 33.99836], [-80.46517, 33.9985], [-80.46527, 33.99868], [-80.46547, 33.99906], [-80.46573, 33.99962], [-80.46605, 34.00036], [-80.46622, 34.00068], [-80.46628, 34.00065], [-80.468, 34.00007], [-80.46821, 34.0], [-80.46859, 33.99991], [-80.46874, 33.99988], [-80.46896, 33.99984], [-80.46934, 33.99978], [-80.4716, 33.99945], [-80.472, 33.99941], [-80.47231, 33.99942], [-80.47243, 33.99943], [-80.4725, 33.99944], [-80.47268, 33.99948], [-80.47289, 33.99954], [-80.47313, 33.99962], [-80.47327, 33.99968], [-80.47337, 33.99973], [-80.47358, 33.99986], [-80.47374, 33.99997], [-80.47387, 34.00009], [-80.47397, 34.0002], [-80.47467, 34.00102], [-80.47492, 34.00129], [-80.47507, 34.00148], [-80.47538, 34.00184], [-80.47545, 34.00194], [-80.47572, 34.00223], [-80.47593, 34.0024], [-80.47605, 34.00249], [-80.47621, 34.00259], [-80.47633, 34.00266], [-80.47647, 34.00273], [-80.4768, 34.00289], [-80.47724, 34.00308], [-80.47731, 34.00311], [-80.47764, 34.00327], [-80.47829, 34.00358], [-80.47892, 34.00387], [-80.48006, 34.00442], [-80.48022, 34.0045], [-80.48149, 34.0051], [-80.48224, 34.00545], [-80.48282, 34.00573], [-80.48344, 34.00603], [-80.48393, 34.00627], [-80.484, 34.00631], [-80.48421, 34.00643], [-80.4847, 34.0067], [-80.48515, 34.00698], [-80.48581, 34.00738], [-80.48609, 34.00755], [-80.48688, 34.00803], [-80.48761, 34.00847], [-80.48793, 34.00864], [-80.48814, 34.00872], [-80.48834, 34.00879], [-80.48856, 34.00884], [-80.48871, 34.00886], [-80.48887, 34.00888], [-80.48906, 34.00888], [-80.48929, 34.00887], [-80.48963, 34.00885], [-80.4898, 34.00884], [-80.48988, 34.00852], [-80.48996, 34.00829], [-80.49002, 34.00813], [-80.49021, 34.00769], [-80.4904, 34.00726], [-80.49063, 34.00684], [-80.49133, 34.00559], [-80.49206, 34.00429], [-80.49235, 34.00377], [-80.49242, 34.00365], [-80.49266, 34.00323], [-80.49297, 34.00269], [-80.49319, 34.00231], [-80.49362, 34.00156], [-80.49415, 34.00063], [-80.49472, 33.99962], [-80.49505, 33.99904], [-80.49515, 33.99886], [-80.49531, 33.99854], [-80.49537, 33.9984], [-80.49546, 33.99816], [-80.49551, 33.99799], [-80.4956, 33.99762], [-80.49564, 33.99744], [-80.49567, 33.99725], [-80.49569, 33.99701], [-80.4957, 33.99666]]]}}, {"type": "Feature", "properties": {"tract_id": "45085001701", "name": "Census Tract 17.01", "pct_white_2020": 67.7, "pct_black_2020": 12.7, "pct_hispanic_2020": 11.1, "pct_asian_2020": 0.4, "population_2020": 8002}, "geometry": {"type": "Polygon", "coordinates": [[[-80.45014, 33.90194], [-80.45008, 33.90172], [-80.448, 33.90197], [-80.44468, 33.90231], [-80.44393, 33.90239], [-80.44056, 33.90275], [-80.43965, 33.90284], [-80.43552, 33.90328], [-80.43319, 33.90353], [-80.43247, 33.9036], [-80.42864, 33.90401], [-80.42779, 33.90409], [-80.41966, 33.90488], [-80.41758, 33.90508], [-80.41706, 33.90513], [-80.41643, 33.90519], [-80.41423, 33.9054], [-80.4127, 33.90555], [-80.4108, 33.90573], [-80.41055, 33.90576], [-80.40814, 33.90599], [-80.40469, 33.90632], [-80.40462, 33.90633], [-80.40432, 33.90636], [-80.40148, 33.90663], [-80.40111, 33.90667], [-80.39787, 33.90698], [-80.3968, 33.9071], [-80.39402, 33.90736], [-80.39314, 33.90746], [-80.39246, 33.90753], [-80.39016, 33.90775], [-80.38953, 33.90781], [-80.38685, 33.90808], [-80.38554, 33.90821], [-80.38402, 33.90837], [-80.38191, 33.90858], [-80.38173, 33.90859], [-80.38158, 33.90861], [-80.38098, 33.90869], [-80.37813, 33.90895], [-80.37412, 33.90936], [-80.37403, 33.90937], [-80.37392, 33.90938], [-80.37314, 33.90946], [-80.36595, 33.91018], [-80.36596, 33.91022], [-80.36596, 33.91027], [-80.36596, 33.91063], [-80.36598, 33.91086], [-80.36609, 33.91118], [-80.36613, 33.91148], [-80.3664, 33.91187], [-80.36846, 33.91368], [-80.36899, 33.91395], [-80.36974, 33.91428], [-80.37007, 33.91443], [-80.37015, 33.91447], [-80.37054, 33.91462], [-80.3711, 33.91487], [-80.37129, 33.91516], [-80.37171, 33.91558], [-80.37254, 33.91613], [-80.37308, 33.91633], [-80.37319, 33.91636], [-80.37433, 33.91654], [-80.3748, 33.91649], [-80.37637, 33.91667], [-80.37643, 33.91668], [-80.3769, 33.91675], [-80.37703, 33.91677], [-80.37775, 33.91703], [-80.37825, 33.91731], [-80.37862, 33.91741], [-80.37885, 33.91741], [-80.37928, 33.91734], [-80.38046, 33.91676], [-80.38072, 33.91668], [-80.38089, 33.91667], [-80.38104, 33.91672], [-80.38112, 33.91683], [-80.3815, 33.91734], [-80.38159, 33.91746], [-80.38168, 33.91759], [-80.38176, 33.91765], [-80.38385, 33.91944], [-80.38476, 33.92037], [-80.38566, 33.9213], [-80.38575, 33.92139], [-80.38579, 33.92145], [-80.38596, 33.9217], [-80.38645, 33.92238], [-80.38664, 33.92266], [-80.38706, 33.92319], [-80.38743, 33.92348], [-80.38778, 33.92374], [-80.38779, 33.92375], [-80.38871, 33.92455], [-80.389, 33.92487], [-80.39002, 33.92611], [-80.39022, 33.9265], [-80.39075, 33.92756], [-80.39087, 33.92798], [-80.39089, 33.92806], [-80.39091, 33.9287], [-80.39092, 33.92878], [-80.39092, 33.92884], [-80.39105, 33.92912], [-80.39117, 33.92939], [-80.39156, 33.92999], [-80.39208, 33.93065], [-80.3922, 33.93079], [-80.39227, 33.93087], [-80.39235, 33.93087], [-80.39241, 33.93093], [-80.39244, 33.93097], [-80.39249, 33.93101], [-80.39252, 33.93104], [-80.3926, 33.93105], [-80.39267, 33.93103], [-80.39273, 33.93104], [-80.3928, 33.93108], [-80.39286, 33.93118], [-80.39287, 33.93133], [-80.39284, 33.93141], [-80.39284, 33.93149], [-80.39288, 33.93158], [-80.39291, 33.93163], [-80.39299, 33.93175], [-80.393, 33.9318], [-80.39298, 33.93186], [-80.39294, 33.93195], [-80.39313, 33.93233], [-80.39359, 33.93282], [-80.39384, 33.9333], [-80.39386, 33.93336], [-80.39396, 33.93363], [-80.39398, 33.93391], [-80.39409, 33.9343], [-80.39409, 33.93436], [-80.39435, 33.93481], [-80.39478, 33.93538], [-80.39514, 33.93616], [-80.39522, 33.93622], [-80.39525, 33.9364], [-80.39533, 33.93644], [-80.39533, 33.93653], [-80.39544, 33.93666], [-80.39544, 33.93675], [-80.39557, 33.93691], [-80.39563, 33.93713], [-80.39577, 33.93742], [-80.39593, 33.93778], [-80.39606, 33.93835], [-80.39611, 33.93859], [-80.3962, 33.93911], [-80.39621, 33.93917], [-80.39627, 33.93951], [-80.39627, 33.93966], [-80.3963, 33.9397], [-80.39634, 33.93977], [-80.39638, 33.93983], [-80.39639, 33.9399], [-80.39639, 33.93998], [-80.39654, 33.94039], [-80.3966, 33.94045], [-80.39663, 33.94047], [-80.39669, 33.94056], [-80.3967, 33.94063], [-80.39679, 33.94113], [-80.39681, 33.94118], [-80.39687, 33.94124], [-80.3969, 33.94132], [-80.39692, 33.94136], [-80.39695, 33.9414], [-80.39696, 33.94147], [-80.39691, 33.94154], [-80.3969, 33.94171], [-80.39692, 33.94179], [-80.39695, 33.94192], [-80.39707, 33.94265], [-80.39726, 33.94298], [-80.39732, 33.94325], [-80.39749, 33.94371], [-80.39813, 33.94472], [-80.39834, 33.9449], [-80.39842, 33.9451], [-80.40031, 33.94605], [-80.40038, 33.94607], [-80.40069, 33.9464], [-80.40139, 33.94671], [-80.40189, 33.94692], [-80.40206, 33.947], [-80.4025, 33.94718], [-80.40269, 33.94729], [-80.40284, 33.94734], [-80.40292, 33.94737], [-80.40313, 33.94735], [-80.40324, 33.94734], [-80.40334, 33.94739], [-80.4034, 33.94744], [-80.40411, 33.94775], [-80.40438, 33.94781], [-80.40461, 33.94779], [-80.4048, 33.9478], [-80.40503, 33.94785], [-80.4053, 33.94797], [-80.40609, 33.94801], [-80.40687, 33.94791], [-80.40733, 33.94794], [-80.40744, 33.94795], [-80.40756, 33.94796], [-80.40879, 33.94813], [-80.40995, 33.9483], [-80.41043, 33.94845], [-80.41092, 33.94862], [-80.41151, 33.94904], [-80.41185, 33.94932], [-80.41207, 33.94951], [-80.41259, 33.94997], [-80.41263, 33.95001], [-80.41302, 33.95009], [-80.41328, 33.95009], [-80.4134, 33.95008], [-80.41356, 33.95006], [-80.41379, 33.95002], [-80.41385, 33.95], [-80.41391, 33.95], [-80.41404, 33.95001], [-80.41423, 33.95003], [-80.41527, 33.95051], [-80.41573, 33.95061], [-80.41612, 33.95071], [-80.41647, 33.95038], [-80.41683, 33.95023], [-80.41727, 33.95001], [-80.41791, 33.94994], [-80.41816, 33.94989], [-80.41842, 33.94968], [-80.41855, 33.94952], [-80.41872, 33.94949], [-80.4191, 33.94939], [-80.4194, 33.94921], [-80.41957, 33.94899], [-80.4198, 33.94887], [-80.41996, 33.94862], [-80.4204, 33.94832], [-80.42088, 33.94794], [-80.42087, 33.94787], [-80.42085, 33.94781], [-80.42082, 33.94772], [-80.42079, 33.94757], [-80.42077, 33.94743], [-80.42074, 33.94724], [-80.42074, 33.94683], [-80.42076, 33.94669], [-80.42077, 33.94661], [-80.42085, 33.94601], [-80.42091, 33.94557], [-80.42095, 33.94529], [-80.42137, 33.94267], [-80.42139, 33.94253], [-80.42142, 33.94231], [-80.42144, 33.94212], [-80.42144, 33.94203], [-80.42145, 33.94174], [-80.42144, 33.94148], [-80.42143, 33.94144], [-80.42142, 33.94129], [-80.42135, 33.94094], [-80.42129, 33.94068], [-80.42123, 33.94048], [-80.42109, 33.93993], [-80.42057, 33.93792], [-80.42055, 33.93783], [-80.42051, 33.93775], [-80.42044, 33.93756], [-80.42039, 33.93744], [-80.4203, 33.93727], [-80.42027, 33.9372], [-80.42167, 33.93722], [-80.42627, 33.93749], [-80.42644, 33.9375], [-80.42966, 33.93758], [-80.42973, 33.93758], [-80.43148, 33.9377], [-80.43204, 33.93771], [-80.43286, 33.93768], [-80.43296, 33.93768], [-80.43364, 33.93765], [-80.43381, 33.93765], [-80.4348, 33.9376], [-80.43519, 33.93756], [-80.43564, 33.93751], [-80.43584, 33.93749], [-80.43706, 33.93735], [-80.43724, 33.93732], [-80.43736, 33.93729], [-80.4374, 33.93729], [-80.43768, 33.93722], [-80.43797, 33.93716], [-80.43946, 33.93682], [-80.43961, 33.93679], [-80.4403, 33.93663], [-80.44186, 33.93629], [-80.44211, 33.93624], [-80.44226, 33.93621], [-80.44249, 33.93617], [-80.44267, 33.93615], [-80.44281, 33.93613], [-80.44293, 33.93613], [-80.44208, 33.93537], [-80.44175, 33.93508], [-80.44165, 33.93499], [-80.44115, 33.93455], [-80.44042, 33.9339], [-80.43874, 33.93245], [-80.43663, 33.93062], [-80.43657, 33.93057], [-80.43336, 33.92779], [-80.43317, 33.92763], [-80.43298, 33.92747], [-80.43268, 33.9272], [-80.43177, 33.92642], [-80.43112, 33.92585], [-80.4293, 33.92428], [-80.42909, 33.92409], [-80.42808, 33.9232], [-80.42779, 33.92296], [-80.42729, 33.92252], [-80.42571, 33.92115], [-80.42556, 33.92101], [-80.42544, 33.92091], [-80.42528, 33.92076], [-80.42517, 33.92061], [-80.42493, 33.92028], [-80.42487, 33.92019], [-80.42459, 33.91966], [-80.42387, 33.91828], [-80.4237, 33.91795], [-80.42364, 33.91784], [-80.42346, 33.91749], [-80.42309, 33.91677], [-80.42205, 33.91475], [-80.42198, 33.91462], [-80.42167, 33.91403], [-80.42113, 33.91297], [-80.42157, 33.91298], [-80.42311, 33.91301], [-80.42454, 33.91303], [-80.42631, 33.91305], [-80.42645, 33.91305], [-80.42698, 33.91306], [-80.42736, 33.91307], [-80.42767, 33.91307], [-80.42801, 33.91307], [-80.42832, 33.91305], [-80.42854, 33.91304], [-80.42866, 33.91302], [-80.42908, 33.91292], [-80.42934, 33.91285], [-80.42963, 33.91274], [-80.42978, 33.91267], [-80.42991, 33.91261], [-80.43018, 33.91247], [-80.43114, 33.91196], [-80.43187, 33.91158], [-80.43452, 33.91019], [-80.43462, 33.91014], [-80.43472, 33.91008], [-80.43489, 33.90999], [-80.43862, 33.90803], [-80.43958, 33.90753], [-80.44052, 33.90702], [-80.44096, 33.90679], [-80.44108, 33.90672], [-80.44392, 33.90523], [-80.44593, 33.90417], [-80.44667, 33.90377], [-80.44763, 33.90327], [-80.45014, 33.90194]]]}}, {"type": "Feature", "properties": {"tract_id": "45085001100", "name": "Census Tract 11", "pct_white_2020": 20.7, "pct_black_2020": 70.9, "pct_hispanic_2020": 8.1, "pct_asian_2020": 0.0, "population_2020": 3436}, "geometry": {"type": "Polygon", "coordinates": [[[-80.34123, 33.9148], [-80.34082, 33.91489], [-80.34057, 33.91492], [-80.34031, 33.91492], [-80.34004, 33.91492], [-80.33982, 33.91487], [-80.3396, 33.91482], [-80.33934, 33.91475], [-80.33911, 33.91468], [-80.33895, 33.91463], [-80.33865, 33.91456], [-80.33801, 33.91429], [-80.3373, 33.91391], [-80.33693, 33.91357], [-80.33698, 33.91346], [-80.33731, 33.91257], [-80.33756, 33.9119], [-80.33763, 33.91158], [-80.33765, 33.91143], [-80.33766, 33.91131], [-80.33766, 33.91117], [-80.33763, 33.91091], [-80.33758, 33.91047], [-80.3375, 33.9098], [-80.33739, 33.90892], [-80.33725, 33.9078], [-80.33709, 33.90644], [-80.33692, 33.905], [-80.33607, 33.90507], [-80.33581, 33.90509], [-80.33543, 33.90513], [-80.33533, 33.90514], [-80.33501, 33.90517], [-80.33381, 33.90528], [-80.33374, 33.90527], [-80.3337, 33.90526], [-80.33365, 33.90523], [-80.33363, 33.9052], [-80.33362, 33.90515], [-80.33365, 33.90428], [-80.33368, 33.90408], [-80.33372, 33.90377], [-80.33378, 33.90339], [-80.33368, 33.90339], [-80.33366, 33.90339], [-80.33363, 33.90339], [-80.33356, 33.90338], [-80.3335, 33.90335], [-80.33345, 33.90332], [-80.33342, 33.90329], [-80.33341, 33.90327], [-80.33336, 33.90318], [-80.33325, 33.903], [-80.33301, 33.90269], [-80.33269, 33.90238], [-80.33262, 33.90243], [-80.33196, 33.90284], [-80.33174, 33.90299], [-80.33156, 33.90311], [-80.33131, 33.9033], [-80.33124, 33.90336], [-80.33118, 33.90339], [-80.33114, 33.90341], [-80.33108, 33.90342], [-80.33096, 33.9034], [-80.33089, 33.90334], [-80.33072, 33.90316], [-80.33041, 33.90285], [-80.33033, 33.90276], [-80.33027, 33.90269], [-80.33014, 33.90252], [-80.32967, 33.90194], [-80.32892, 33.90238], [-80.32887, 33.90241], [-80.3288, 33.90245], [-80.32699, 33.90001], [-80.32685, 33.89983], [-80.32492, 33.89737], [-80.32448, 33.89682], [-80.32432, 33.89677], [-80.32328, 33.8965], [-80.32307, 33.89645], [-80.32297, 33.89643], [-80.32271, 33.89639], [-80.32236, 33.89634], [-80.32219, 33.89632], [-80.32203, 33.89631], [-80.32211, 33.89618], [-80.32221, 33.89557], [-80.32225, 33.89534], [-80.32249, 33.89417], [-80.32255, 33.89403], [-80.32045, 33.89118], [-80.31978, 33.89028], [-80.3193, 33.88964], [-80.3188, 33.88897], [-80.31852, 33.88912], [-80.31797, 33.88941], [-80.31778, 33.88951], [-80.31749, 33.88966], [-80.31723, 33.8898], [-80.31695, 33.88994], [-80.31684, 33.88999], [-80.31661, 33.89007], [-80.3165, 33.89011], [-80.31637, 33.89014], [-80.31618, 33.89018], [-80.31599, 33.89022], [-80.31577, 33.89024], [-80.31554, 33.89026], [-80.31517, 33.89024], [-80.3145, 33.89019], [-80.31369, 33.89014], [-80.31348, 33.89012], [-80.31281, 33.89007], [-80.31249, 33.89005], [-80.31218, 33.89005], [-80.31172, 33.89006], [-80.31027, 33.8901], [-80.31008, 33.89012], [-80.30999, 33.89014], [-80.30994, 33.89014], [-80.30985, 33.89017], [-80.30978, 33.89019], [-80.30969, 33.89023], [-80.30948, 33.89033], [-80.30938, 33.89039], [-80.30924, 33.89048], [-80.30931, 33.89058], [-80.30957, 33.89086], [-80.30974, 33.89103], [-80.31008, 33.89133], [-80.31024, 33.89146], [-80.31046, 33.89162], [-80.31077, 33.89182], [-80.31088, 33.89188], [-80.31166, 33.89235], [-80.31244, 33.89282], [-80.31321, 33.89328], [-80.31474, 33.8942], [-80.3149, 33.8943], [-80.31541, 33.8946], [-80.31563, 33.89477], [-80.31587, 33.89497], [-80.31605, 33.89515], [-80.31614, 33.89524], [-80.31619, 33.89529], [-80.3163, 33.89543], [-80.31645, 33.89562], [-80.31659, 33.89584], [-80.31667, 33.89596], [-80.31679, 33.89619], [-80.31681, 33.89623], [-80.3169, 33.89643], [-80.31698, 33.89665], [-80.31739, 33.89784], [-80.31755, 33.89834], [-80.31782, 33.8991], [-80.31784, 33.89917], [-80.31787, 33.89924], [-80.31791, 33.89935], [-80.31808, 33.8997], [-80.31818, 33.8999], [-80.31828, 33.90008], [-80.3185, 33.90045], [-80.31882, 33.90097], [-80.319, 33.90126], [-80.31915, 33.90156], [-80.3192, 33.90169], [-80.31844, 33.90179], [-80.31754, 33.90191], [-80.31734, 33.90194], [-80.31711, 33.90197], [-80.31685, 33.90197], [-80.31657, 33.90195], [-80.31062, 33.90161], [-80.3095, 33.90154], [-80.30864, 33.90148], [-80.30454, 33.90126], [-80.30438, 33.90125], [-80.30388, 33.90127], [-80.30261, 33.90116], [-80.30054, 33.90098], [-80.29958, 33.90092], [-80.29866, 33.90087], [-80.29463, 33.90072], [-80.29186, 33.9006], [-80.29321, 33.90245], [-80.2933, 33.90257], [-80.29506, 33.905], [-80.29528, 33.9053], [-80.29529, 33.90531], [-80.29541, 33.90548], [-80.29548, 33.9056], [-80.29555, 33.90572], [-80.29555, 33.90574], [-80.29557, 33.90577], [-80.2956, 33.90585], [-80.29565, 33.90598], [-80.2957, 33.90611], [-80.29573, 33.90624], [-80.29578, 33.90648], [-80.29589, 33.90709], [-80.2961, 33.9081], [-80.29613, 33.90823], [-80.29619, 33.90856], [-80.29624, 33.90882], [-80.29624, 33.90889], [-80.29624, 33.90916], [-80.29622, 33.90934], [-80.29621, 33.90943], [-80.29617, 33.90961], [-80.29602, 33.91036], [-80.2959, 33.91096], [-80.29584, 33.91129], [-80.29578, 33.91173], [-80.29578, 33.91185], [-80.29578, 33.91199], [-80.2958, 33.91218], [-80.29586, 33.91246], [-80.29599, 33.91291], [-80.29615, 33.91334], [-80.29644, 33.91416], [-80.29688, 33.91546], [-80.29515, 33.91552], [-80.29383, 33.91557], [-80.29358, 33.91558], [-80.29319, 33.91564], [-80.293, 33.91567], [-80.29264, 33.91575], [-80.29229, 33.91582], [-80.29188, 33.91589], [-80.29185, 33.91589], [-80.29182, 33.91588], [-80.29172, 33.91591], [-80.29165, 33.91591], [-80.29116, 33.91591], [-80.29085, 33.91589], [-80.29059, 33.91588], [-80.29056, 33.91588], [-80.29043, 33.91587], [-80.2903, 33.91585], [-80.29026, 33.91585], [-80.29003, 33.91584], [-80.28969, 33.91585], [-80.28868, 33.91594], [-80.28691, 33.91611], [-80.28674, 33.91612], [-80.28634, 33.91613], [-80.28551, 33.91616], [-80.28502, 33.91621], [-80.28296, 33.91642], [-80.28257, 33.91644], [-80.28233, 33.91645], [-80.28225, 33.91644], [-80.28185, 33.91642], [-80.28174, 33.91642], [-80.28152, 33.9164], [-80.2815, 33.91641], [-80.28128, 33.91671], [-80.2809, 33.91742], [-80.28071, 33.9176], [-80.28057, 33.91781], [-80.28005, 33.9182], [-80.27857, 33.91913], [-80.27753, 33.9197], [-80.27706, 33.92009], [-80.27642, 33.92069], [-80.27581, 33.92239], [-80.27579, 33.92246], [-80.27547, 33.92345], [-80.27548, 33.92443], [-80.27561, 33.92491], [-80.27559, 33.92564], [-80.27533, 33.926], [-80.27498, 33.92642], [-80.27421, 33.92704], [-80.27366, 33.92763], [-80.27331, 33.92816], [-80.27331, 33.92828], [-80.27314, 33.9285], [-80.2727, 33.92951], [-80.27196, 33.93077], [-80.27138, 33.93203], [-80.27124, 33.93226], [-80.27064, 33.93304], [-80.26885, 33.93444], [-80.26833, 33.93487], [-80.26767, 33.93524], [-80.26701, 33.93542], [-80.26432, 33.93544], [-80.26278, 33.93575], [-80.2618, 33.9361], [-80.26042, 33.93678], [-80.26023, 33.93696], [-80.26004, 33.93715], [-80.25974, 33.93758], [-80.25935, 33.9384], [-80.25905, 33.93879], [-80.25823, 33.9397], [-80.25779, 33.93995], [-80.25766, 33.94], [-80.25743, 33.94007], [-80.25413, 33.94019], [-80.25383, 33.94007], [-80.25149, 33.93955], [-80.24981, 33.93903], [-80.24895, 33.93857], [-80.24631, 33.9374], [-80.24573, 33.93697], [-80.24529, 33.93656], [-80.24482, 33.93594], [-80.24454, 33.93535], [-80.24449, 33.93512], [-80.24342, 33.93468], [-80.24273, 33.93452], [-80.24166, 33.9345], [-80.24047, 33.93459], [-80.23984, 33.93439], [-80.23932, 33.93402], [-80.23924, 33.93384], [-80.23913, 33.93368], [-80.2391, 33.93354], [-80.23885, 33.93333], [-80.2385, 33.9332], [-80.23734, 33.93327], [-80.23745, 33.93386], [-80.23748, 33.93443], [-80.23756, 33.93471], [-80.23759, 33.93524], [-80.23765, 33.93533], [-80.23773, 33.9356], [-80.23817, 33.93633], [-80.23894, 33.93718], [-80.24009, 33.93785], [-80.2404, 33.93817], [-80.24064, 33.93872], [-80.24064, 33.93883], [-80.2407, 33.9389], [-80.24084, 33.9394], [-80.24067, 33.9403], [-80.24089, 33.94039], [-80.24095, 33.9405], [-80.24141, 33.94094], [-80.24152, 33.94133], [-80.24152, 33.94231], [-80.24161, 33.94261], [-80.24175, 33.94284], [-80.24177, 33.94298], [-80.24202, 33.94337], [-80.24202, 33.94346], [-80.24216, 33.94366], [-80.24224, 33.94389], [-80.2423, 33.94467], [-80.24238, 33.94472], [-80.24246, 33.94508], [-80.24263, 33.94536], [-80.24293, 33.94561], [-80.24367, 33.94586], [-80.24527, 33.94604], [-80.24579, 33.94632], [-80.24631, 33.94678], [-80.24667, 33.94724], [-80.24708, 33.94795], [-80.24714, 33.9482], [-80.24725, 33.94833], [-80.24722, 33.94973], [-80.24711, 33.94996], [-80.24708, 33.95021], [-80.247, 33.95033], [-80.24697, 33.95051], [-80.24675, 33.95101], [-80.24662, 33.95159], [-80.24656, 33.95214], [-80.24645, 33.95266], [-80.24651, 33.95312], [-80.24678, 33.95353], [-80.24736, 33.9539], [-80.24785, 33.95404], [-80.24794, 33.9542], [-80.24832, 33.95443], [-80.24884, 33.95461], [-80.24909, 33.95479], [-80.2498, 33.95506], [-80.2503, 33.95532], [-80.251, 33.95596], [-80.25205, 33.9564], [-80.2523, 33.95668], [-80.25235, 33.95704], [-80.25252, 33.95741], [-80.25312, 33.95789], [-80.25362, 33.95819], [-80.2545, 33.95849], [-80.25488, 33.95869], [-80.25508, 33.95879], [-80.25524, 33.95895], [-80.25595, 33.95947], [-80.25686, 33.95981], [-80.2586, 33.96013], [-80.25881, 33.96017], [-80.25975, 33.95969], [-80.26105, 33.95896], [-80.26357, 33.95757], [-80.26677, 33.95584], [-80.26937, 33.95438], [-80.27208, 33.95293], [-80.27365, 33.95208], [-80.27576, 33.95089], [-80.2759, 33.95095], [-80.2838, 33.94666], [-80.29329, 33.94151], [-80.29358, 33.94138], [-80.29675, 33.93965], [-80.29951, 33.93813], [-80.30013, 33.93778], [-80.304, 33.93565], [-80.30647, 33.93431], [-80.30754, 33.93369], [-80.30886, 33.93295], [-80.30973, 33.93247], [-80.31024, 33.93219], [-80.31052, 33.93203], [-80.31145, 33.93152], [-80.31178, 33.93134], [-80.31233, 33.93104], [-80.31287, 33.93074], [-80.31757, 33.92814], [-80.32123, 33.92613], [-80.32142, 33.92603], [-80.3224, 33.92549], [-80.32248, 33.92546], [-80.32253, 33.92544], [-80.32261, 33.92543], [-80.32376, 33.92532], [-80.32394, 33.92531], [-80.32411, 33.92529], [-80.32416, 33.92529], [-80.32422, 33.92528], [-80.32435, 33.92527], [-80.32441, 33.92526], [-80.32463, 33.92524], [-80.32478, 33.92523], [-80.32801, 33.92493], [-80.32903, 33.92483], [-80.32924, 33.92482], [-80.32936, 33.92481], [-80.33032, 33.92472], [-80.33047, 33.92471], [-80.33133, 33.92462], [-80.33188, 33.92457], [-80.33269, 33.92449], [-80.33351, 33.92441], [-80.33437, 33.92433], [-80.33444, 33.92432], [-80.33539, 33.92424], [-80.33516, 33.92288], [-80.335, 33.92193], [-80.33491, 33.9214], [-80.33481, 33.92079], [-80.33474, 33.92025], [-80.33433, 33.92026], [-80.33404, 33.92027], [-80.33389, 33.92028], [-80.33383, 33.91993], [-80.33376, 33.91959], [-80.33375, 33.9195], [-80.33373, 33.91946], [-80.33367, 33.91937], [-80.33354, 33.91922], [-80.33559, 33.91798], [-80.33621, 33.91763], [-80.33771, 33.91681], [-80.33944, 33.91579], [-80.34057, 33.91518], [-80.34123, 33.9148]]]}}, {"type": "Feature", "properties": {"tract_id": "45085000700", "name": "Census Tract 7", "pct_white_2020": 20.0, "pct_black_2020": 69.4, "pct_hispanic_2020": 9.0, "pct_asian_2020": 0.2, "population_2020": 4619}, "geometry": {"type": "Polygon", "coordinates": [[[-80.34281, 33.9438], [-80.34283, 33.94363], [-80.34261, 33.94357], [-80.34239, 33.94351], [-80.34194, 33.94333], [-80.34182, 33.94321], [-80.34157, 33.94297], [-80.34139, 33.9428], [-80.3412, 33.94265], [-80.34085, 33.94236], [-80.34066, 33.9422], [-80.34053, 33.94207], [-80.34037, 33.94191], [-80.34021, 33.94172], [-80.34011, 33.94159], [-80.33994, 33.94135], [-80.33984, 33.94116], [-80.33971, 33.94088], [-80.33961, 33.94065], [-80.3395, 33.94033], [-80.33944, 33.94004], [-80.33918, 33.93904], [-80.3389, 33.93796], [-80.33841, 33.93609], [-80.33807, 33.93475], [-80.33748, 33.93247], [-80.33745, 33.93238], [-80.33737, 33.93207], [-80.33709, 33.931], [-80.33707, 33.93093], [-80.33673, 33.9296], [-80.33632, 33.92801], [-80.33629, 33.92789], [-80.33627, 33.92779], [-80.33618, 33.92731], [-80.33612, 33.92685], [-80.33611, 33.92647], [-80.33612, 33.92618], [-80.33615, 33.92595], [-80.33624, 33.92524], [-80.33629, 33.92479], [-80.33631, 33.92463], [-80.33633, 33.92415], [-80.33539, 33.92424], [-80.33444, 33.92432], [-80.33437, 33.92433], [-80.33351, 33.92441], [-80.33269, 33.92449], [-80.33188, 33.92457], [-80.33133, 33.92462], [-80.33047, 33.92471], [-80.33032, 33.92472], [-80.32936, 33.92481], [-80.32924, 33.92482], [-80.32903, 33.92483], [-80.32801, 33.92493], [-80.32478, 33.92523], [-80.32463, 33.92524], [-80.32441, 33.92526], [-80.32435, 33.92527], [-80.32422, 33.92528], [-80.32416, 33.92529], [-80.32411, 33.92529], [-80.32394, 33.92531], [-80.32376, 33.92532], [-80.32261, 33.92543], [-80.32253, 33.92544], [-80.32248, 33.92546], [-80.3224, 33.92549], [-80.32142, 33.92603], [-80.32123, 33.92613], [-80.31757, 33.92814], [-80.31287, 33.93074], [-80.31233, 33.93104], [-80.31178, 33.93134], [-80.31145, 33.93152], [-80.31052, 33.93203], [-80.31024, 33.93219], [-80.30973, 33.93247], [-80.30886, 33.93295], [-80.30754, 33.93369], [-80.30647, 33.93431], [-80.304, 33.93565], [-80.30013, 33.93778], [-80.29951, 33.93813], [-80.29675, 33.93965], [-80.29358, 33.94138], [-80.29329, 33.94151], [-80.2838, 33.94666], [-80.2759, 33.95095], [-80.27576, 33.95089], [-80.27365, 33.95208], [-80.27208, 33.95293], [-80.26937, 33.95438], [-80.26677, 33.95584], [-80.26357, 33.95757], [-80.26105, 33.95896], [-80.25975, 33.95969], [-80.25881, 33.96017], [-80.25935, 33.96027], [-80.25963, 33.96027], [-80.26007, 33.9602], [-80.2604, 33.96009], [-80.26048, 33.96018], [-80.26056, 33.96034], [-80.26067, 33.96043], [-80.26076, 33.96068], [-80.26081, 33.96075], [-80.26092, 33.96107], [-80.26117, 33.96126], [-80.26158, 33.96142], [-80.2624, 33.96133], [-80.26315, 33.96114], [-80.26359, 33.96096], [-80.264, 33.96091], [-80.26405, 33.96078], [-80.26447, 33.96055], [-80.26458, 33.96039], [-80.26505, 33.96048], [-80.26573, 33.96073], [-80.26738, 33.96092], [-80.26821, 33.96128], [-80.26859, 33.9617], [-80.26878, 33.96199], [-80.26892, 33.96213], [-80.26911, 33.96245], [-80.26911, 33.96254], [-80.26963, 33.96282], [-80.27062, 33.96296], [-80.27131, 33.96293], [-80.27167, 33.96293], [-80.27345, 33.96268], [-80.27519, 33.96255], [-80.2759, 33.96264], [-80.27632, 33.96232], [-80.27678, 33.96216], [-80.27736, 33.96218], [-80.27915, 33.96248], [-80.28049, 33.96261], [-80.28211, 33.96271], [-80.28272, 33.96284], [-80.28283, 33.96298], [-80.2833, 33.96307], [-80.28398, 33.96362], [-80.28437, 33.96383], [-80.28588, 33.96411], [-80.28676, 33.96436], [-80.28756, 33.96436], [-80.28789, 33.96429], [-80.28882, 33.9639], [-80.28934, 33.96379], [-80.29067, 33.96379], [-80.29116, 33.96385], [-80.29124, 33.96395], [-80.29171, 33.96417], [-80.29199, 33.96438], [-80.29253, 33.96512], [-80.29317, 33.96578], [-80.29369, 33.96605], [-80.29405, 33.9661], [-80.29493, 33.96596], [-80.29597, 33.96569], [-80.29828, 33.96532], [-80.2985, 33.96521], [-80.29872, 33.96439], [-80.29907, 33.96413], [-80.3, 33.96386], [-80.30183, 33.96357], [-80.30224, 33.96349], [-80.30258, 33.96336], [-80.30336, 33.96305], [-80.30404, 33.96301], [-80.30433, 33.96312], [-80.30491, 33.96303], [-80.30551, 33.96305], [-80.30788, 33.96397], [-80.30878, 33.96436], [-80.30983, 33.96468], [-80.30994, 33.96484], [-80.31013, 33.96502], [-80.31029, 33.9653], [-80.31032, 33.96551], [-80.31049, 33.96578], [-80.3106, 33.96612], [-80.31084, 33.96677], [-80.31142, 33.96752], [-80.31161, 33.96773], [-80.31189, 33.96818], [-80.31203, 33.9686], [-80.31208, 33.96908], [-80.31225, 33.96956], [-80.3123, 33.96963], [-80.31238, 33.96993], [-80.31249, 33.97002], [-80.31274, 33.9707], [-80.3128, 33.97077], [-80.31288, 33.97123], [-80.3131, 33.97185], [-80.31395, 33.97329], [-80.31417, 33.9735], [-80.31442, 33.97446], [-80.3145, 33.97453], [-80.31453, 33.97478], [-80.31464, 33.9751], [-80.31533, 33.97639], [-80.31546, 33.97652], [-80.31568, 33.97684], [-80.31593, 33.97714], [-80.31618, 33.9773], [-80.3162, 33.97744], [-80.31654, 33.97785], [-80.31722, 33.97836], [-80.31777, 33.97856], [-80.31818, 33.97865], [-80.31934, 33.9786], [-80.32013, 33.97894], [-80.32107, 33.97965], [-80.32142, 33.98015], [-80.32178, 33.98102], [-80.32194, 33.98118], [-80.32205, 33.98139], [-80.3223, 33.98166], [-80.32288, 33.98214], [-80.3245, 33.98316], [-80.32496, 33.9836], [-80.32496, 33.98367], [-80.32501, 33.98374], [-80.3251, 33.98388], [-80.32517, 33.98422], [-80.32525, 33.98429], [-80.32547, 33.9844], [-80.32563, 33.98455], [-80.32617, 33.98472], [-80.32682, 33.98482], [-80.3269, 33.98492], [-80.32788, 33.98381], [-80.32829, 33.98335], [-80.32895, 33.9826], [-80.33242, 33.97868], [-80.33334, 33.97763], [-80.33803, 33.97231], [-80.33937, 33.97079], [-80.33946, 33.97068], [-80.33954, 33.97057], [-80.3396, 33.97045], [-80.33967, 33.97033], [-80.33972, 33.97021], [-80.33977, 33.97008], [-80.3398, 33.96996], [-80.33983, 33.96983], [-80.3399, 33.96927], [-80.33999, 33.96861], [-80.34001, 33.96845], [-80.34005, 33.96808], [-80.34007, 33.96794], [-80.34018, 33.9668], [-80.34019, 33.96663], [-80.34024, 33.9663], [-80.34027, 33.96601], [-80.34029, 33.96594], [-80.34058, 33.96345], [-80.34063, 33.96296], [-80.34076, 33.96184], [-80.34078, 33.9617], [-80.34081, 33.96157], [-80.34083, 33.96119], [-80.34087, 33.96087], [-80.34093, 33.96031], [-80.34098, 33.95989], [-80.34105, 33.95922], [-80.34113, 33.95852], [-80.34116, 33.9583], [-80.34122, 33.95775], [-80.34128, 33.95729], [-80.3413, 33.95697], [-80.34137, 33.95648], [-80.34139, 33.95632], [-80.34142, 33.95607], [-80.34145, 33.95573], [-80.34146, 33.95568], [-80.34154, 33.95501], [-80.34158, 33.95472], [-80.34164, 33.95415], [-80.34169, 33.95374], [-80.34171, 33.95356], [-80.34178, 33.95291], [-80.34194, 33.9515], [-80.34197, 33.95119], [-80.34201, 33.9509], [-80.34203, 33.95068], [-80.34206, 33.9504], [-80.34208, 33.95027], [-80.34217, 33.94942], [-80.34221, 33.94907], [-80.34225, 33.94872], [-80.34228, 33.94852], [-80.34229, 33.94835], [-80.34239, 33.94746], [-80.34241, 33.94736], [-80.34241, 33.94734], [-80.3425, 33.94643], [-80.34253, 33.94621], [-80.34258, 33.94583], [-80.34259, 33.94575], [-80.3426, 33.94569], [-80.34264, 33.9454], [-80.34271, 33.94486], [-80.34274, 33.94449], [-80.34274, 33.94447], [-80.34276, 33.94434], [-80.34281, 33.94382], [-80.34281, 33.9438]]]}}, {"type": "Feature", "properties": {"tract_id": "45085000100", "name": "Census Tract 1", "pct_white_2020": 17.5, "pct_black_2020": 77.4, "pct_hispanic_2020": 0.7, "pct_asian_2020": 3.0, "population_2020": 2985}, "geometry": {"type": "Polygon", "coordinates": [[[-80.63658, 34.08217], [-80.63657, 34.08211], [-80.6364, 34.08148], [-80.63616, 34.08022], [-80.63616, 34.08021], [-80.63614, 34.08019], [-80.63567, 34.07977], [-80.63553, 34.07965], [-80.63526, 34.07927], [-80.63512, 34.07907], [-80.63446, 34.07868], [-80.63414, 34.07855], [-80.63365, 34.07835], [-80.63189, 34.07792], [-80.63076, 34.07773], [-80.63019, 34.07761], [-80.62922, 34.07742], [-80.62885, 34.07739], [-80.62831, 34.07735], [-80.6279, 34.07737], [-80.6266, 34.07744], [-80.62585, 34.07779], [-80.62535, 34.07828], [-80.62532, 34.07832], [-80.62481, 34.07913], [-80.6248, 34.07914], [-80.62474, 34.07959], [-80.62455, 34.081], [-80.62452, 34.08118], [-80.6244, 34.08145], [-80.62421, 34.08186], [-80.62414, 34.08191], [-80.6234, 34.08247], [-80.6231, 34.08265], [-80.62282, 34.08283], [-80.62252, 34.08301], [-80.62234, 34.08306], [-80.62207, 34.08312], [-80.6213, 34.08316], [-80.62107, 34.08308], [-80.62053, 34.0829], [-80.6195, 34.08231], [-80.61913, 34.08174], [-80.61912, 34.08073], [-80.61921, 34.08029], [-80.61931, 34.07979], [-80.61981, 34.07919], [-80.61989, 34.07908], [-80.62002, 34.07893], [-80.62015, 34.07878], [-80.62023, 34.07867], [-80.62055, 34.07829], [-80.62059, 34.07824], [-80.62136, 34.07703], [-80.62144, 34.07691], [-80.62161, 34.07674], [-80.62171, 34.07667], [-80.62212, 34.07636], [-80.623, 34.0757], [-80.62331, 34.07536], [-80.62366, 34.07498], [-80.62396, 34.07467], [-80.6242, 34.07441], [-80.6246, 34.07354], [-80.62478, 34.07314], [-80.62481, 34.07308], [-80.62484, 34.07304], [-80.62488, 34.073], [-80.62509, 34.07276], [-80.62518, 34.07267], [-80.62548, 34.07233], [-80.62569, 34.07211], [-80.62579, 34.072], [-80.62661, 34.07134], [-80.62742, 34.07082], [-80.6275, 34.07078], [-80.62816, 34.07041], [-80.62842, 34.07028], [-80.62875, 34.07011], [-80.62921, 34.06988], [-80.62984, 34.06969], [-80.63044, 34.06914], [-80.63094, 34.0687], [-80.63095, 34.06868], [-80.63117, 34.06824], [-80.63092, 34.06757], [-80.63037, 34.06717], [-80.62945, 34.06665], [-80.62898, 34.06662], [-80.62786, 34.06655], [-80.62641, 34.06629], [-80.62481, 34.06609], [-80.62365, 34.06573], [-80.62246, 34.06474], [-80.62106, 34.06391], [-80.61968, 34.06329], [-80.61949, 34.06324], [-80.6185, 34.063], [-80.61744, 34.06281], [-80.61618, 34.06295], [-80.61612, 34.06298], [-80.61595, 34.06304], [-80.61571, 34.06314], [-80.61546, 34.06324], [-80.61529, 34.06331], [-80.61513, 34.06337], [-80.61489, 34.06347], [-80.61466, 34.0635], [-80.6145, 34.06353], [-80.61424, 34.06357], [-80.61355, 34.06354], [-80.61318, 34.06344], [-80.61305, 34.06341], [-80.61272, 34.06311], [-80.61257, 34.06282], [-80.61227, 34.06222], [-80.61233, 34.0613], [-80.61292, 34.0606], [-80.61337, 34.06022], [-80.61408, 34.05963], [-80.61435, 34.05935], [-80.61436, 34.05934], [-80.61451, 34.05918], [-80.61455, 34.05893], [-80.61462, 34.05855], [-80.61449, 34.05794], [-80.6142, 34.05766], [-80.61387, 34.05732], [-80.61359, 34.05689], [-80.61347, 34.05669], [-80.61274, 34.05616], [-80.61234, 34.05617], [-80.61208, 34.05618], [-80.61184, 34.05626], [-80.61119, 34.05645], [-80.61095, 34.05653], [-80.60962, 34.05731], [-80.60944, 34.05743], [-80.60897, 34.05776], [-80.60888, 34.0578], [-80.60871, 34.05788], [-80.60837, 34.05806], [-80.60821, 34.05812], [-80.60804, 34.05818], [-80.60748, 34.05837], [-80.60713, 34.05831], [-80.60695, 34.05828], [-80.60642, 34.05798], [-80.60626, 34.05751], [-80.60645, 34.05677], [-80.60672, 34.05637], [-80.60695, 34.05618], [-80.60767, 34.05557], [-80.60777, 34.05549], [-80.60811, 34.0553], [-80.60947, 34.05456], [-80.60993, 34.05432], [-80.61023, 34.05415], [-80.61111, 34.05346], [-80.61143, 34.0532], [-80.61195, 34.05256], [-80.61257, 34.05177], [-80.61263, 34.05104], [-80.61257, 34.05014], [-80.61233, 34.04967], [-80.61212, 34.04924], [-80.61122, 34.04895], [-80.61118, 34.04893], [-80.61113, 34.0489], [-80.61105, 34.04886], [-80.61097, 34.04882], [-80.61092, 34.0488], [-80.61024, 34.04845], [-80.6098, 34.04811], [-80.60885, 34.04736], [-80.60839, 34.04673], [-80.60786, 34.04619], [-80.60785, 34.04519], [-80.60781, 34.04496], [-80.60758, 34.04365], [-80.60756, 34.04357], [-80.60748, 34.04334], [-80.60746, 34.04326], [-80.60735, 34.04304], [-80.60706, 34.04274], [-80.60696, 34.04265], [-80.6053, 34.04181], [-80.60512, 34.04173], [-80.60471, 34.04152], [-80.60393, 34.04113], [-80.6032, 34.04077], [-80.60163, 34.03989], [-80.60104, 34.03955], [-80.60095, 34.03939], [-80.60087, 34.0394], [-80.6005, 34.03986], [-80.59999, 34.03999], [-80.59945, 34.04025], [-80.59929, 34.04037], [-80.59897, 34.04077], [-80.59871, 34.04104], [-80.5986, 34.04112], [-80.59842, 34.04119], [-80.59815, 34.04128], [-80.5979, 34.04133], [-80.59766, 34.04138], [-80.59697, 34.04146], [-80.59645, 34.04147], [-80.59605, 34.04144], [-80.59557, 34.04134], [-80.59513, 34.04137], [-80.59463, 34.04131], [-80.59449, 34.04131], [-80.5941, 34.04135], [-80.59356, 34.0415], [-80.59309, 34.04155], [-80.59269, 34.04162], [-80.59172, 34.0416], [-80.5914, 34.04164], [-80.59123, 34.04173], [-80.59073, 34.04188], [-80.59047, 34.04198], [-80.59015, 34.04207], [-80.59, 34.04214], [-80.58979, 34.04228], [-80.58968, 34.0424], [-80.58943, 34.04273], [-80.58932, 34.04293], [-80.58919, 34.04305], [-80.58915, 34.04306], [-80.58914, 34.04309], [-80.58894, 34.0432], [-80.5886, 34.04334], [-80.58819, 34.04346], [-80.58808, 34.04347], [-80.58779, 34.04347], [-80.58757, 34.04345], [-80.58733, 34.04338], [-80.58708, 34.04326], [-80.58688, 34.04314], [-80.58682, 34.04311], [-80.58672, 34.04302], [-80.58651, 34.04276], [-80.58631, 34.04265], [-80.58613, 34.04249], [-80.58597, 34.0424], [-80.58584, 34.04237], [-80.58565, 34.04241], [-80.58545, 34.04242], [-80.5853, 34.04239], [-80.58527, 34.04236], [-80.58511, 34.0422], [-80.58501, 34.04202], [-80.58492, 34.04192], [-80.58471, 34.04186], [-80.58454, 34.04176], [-80.58397, 34.04134], [-80.58378, 34.04113], [-80.58373, 34.04106], [-80.58353, 34.04076], [-80.58348, 34.0407], [-80.58348, 34.04067], [-80.58339, 34.04054], [-80.58318, 34.04035], [-80.58308, 34.04028], [-80.58296, 34.04023], [-80.58232, 34.04005], [-80.5811, 34.03965], [-80.58003, 34.0391], [-80.57946, 34.03891], [-80.5793, 34.03882], [-80.57913, 34.03865], [-80.57872, 34.03811], [-80.57861, 34.03802], [-80.57855, 34.03791], [-80.57848, 34.03772], [-80.57837, 34.0375], [-80.57817, 34.03727], [-80.57801, 34.03716], [-80.57761, 34.037], [-80.5774, 34.03695], [-80.57715, 34.03693], [-80.57701, 34.03694], [-80.57683, 34.037], [-80.57667, 34.03701], [-80.57656, 34.03699], [-80.57642, 34.03691], [-80.5764, 34.03686], [-80.57634, 34.03669], [-80.57625, 34.0363], [-80.57618, 34.03621], [-80.57607, 34.03618], [-80.57594, 34.0362], [-80.57581, 34.03624], [-80.57573, 34.03629], [-80.57553, 34.03632], [-80.57537, 34.0363], [-80.57511, 34.03617], [-80.57495, 34.03615], [-80.57467, 34.03617], [-80.57427, 34.03613], [-80.57405, 34.03613], [-80.57341, 34.03631], [-80.57316, 34.03648], [-80.57296, 34.03667], [-80.57281, 34.03674], [-80.57264, 34.03678], [-80.57248, 34.03679], [-80.57194, 34.03687], [-80.57149, 34.037], [-80.57097, 34.03721], [-80.57051, 34.03747], [-80.57024, 34.03771], [-80.57001, 34.03803], [-80.56987, 34.03827], [-80.56975, 34.03885], [-80.56959, 34.03938], [-80.56947, 34.03956], [-80.56941, 34.03964], [-80.56927, 34.03973], [-80.56894, 34.03987], [-80.56888, 34.03991], [-80.56882, 34.03994], [-80.56862, 34.0401], [-80.56847, 34.04024], [-80.56842, 34.04026], [-80.56824, 34.04042], [-80.56806, 34.0406], [-80.56797, 34.04066], [-80.56793, 34.04071], [-80.5677, 34.04088], [-80.56742, 34.04107], [-80.56698, 34.04142], [-80.56662, 34.04163], [-80.56622, 34.04178], [-80.56593, 34.04194], [-80.56583, 34.04197], [-80.5654, 34.04202], [-80.565, 34.04199], [-80.56422, 34.04209], [-80.5641, 34.04212], [-80.5639, 34.04221], [-80.56328, 34.04256], [-80.56288, 34.04272], [-80.56253, 34.04294], [-80.56235, 34.043], [-80.56217, 34.04305], [-80.56194, 34.04306], [-80.56184, 34.04305], [-80.56155, 34.04297], [-80.56132, 34.04284], [-80.56104, 34.04274], [-80.56066, 34.04266], [-80.56025, 34.04262], [-80.55984, 34.04269], [-80.55934, 34.04293], [-80.55885, 34.0431], [-80.55869, 34.04317], [-80.55855, 34.0432], [-80.55829, 34.04323], [-80.55793, 34.04323], [-80.55722, 34.04317], [-80.55697, 34.04312], [-80.55626, 34.04303], [-80.55606, 34.04303], [-80.5557, 34.04313], [-80.55524, 34.04333], [-80.55469, 34.04352], [-80.55429, 34.04357], [-80.55382, 34.04367], [-80.5536, 34.04369], [-80.5533, 34.04368], [-80.55306, 34.0437], [-80.55284, 34.04368], [-80.55254, 34.04364], [-80.55231, 34.04356], [-80.55199, 34.04341], [-80.55196, 34.04338], [-80.55185, 34.04332], [-80.55178, 34.04324], [-80.55171, 34.04321], [-80.5517, 34.04317], [-80.55145, 34.04292], [-80.5513, 34.04282], [-80.55101, 34.04269], [-80.5506, 34.04257], [-80.54996, 34.04229], [-80.54933, 34.04208], [-80.54891, 34.04198], [-80.54876, 34.04196], [-80.54861, 34.04197], [-80.54835, 34.04202], [-80.54815, 34.04209], [-80.54797, 34.04217], [-80.54788, 34.04224], [-80.54774, 34.04249], [-80.54771, 34.04261], [-80.54772, 34.04281], [-80.54778, 34.04323], [-80.54776, 34.04353], [-80.54772, 34.04368], [-80.5476, 34.04389], [-80.54752, 34.04399], [-80.54739, 34.04409], [-80.54716, 34.04424], [-80.54712, 34.04426], [-80.5471, 34.04429], [-80.54679, 34.0445], [-80.54644, 34.04476], [-80.54623, 34.04488], [-80.54613, 34.0449], [-80.54595, 34.0449], [-80.54571, 34.04479], [-80.54552, 34.04468], [-80.54484, 34.04417], [-80.54418, 34.04379], [-80.54354, 34.04355], [-80.54342, 34.04352], [-80.54324, 34.04352], [-80.54325, 34.04344], [-80.54322, 34.04295], [-80.54315, 34.04272], [-80.54304, 34.04251], [-80.54284, 34.04223], [-80.54272, 34.04209], [-80.54263, 34.04195], [-80.54242, 34.04174], [-80.54221, 34.04149], [-80.54191, 34.04123], [-80.54181, 34.04118], [-80.54119, 34.04109], [-80.54084, 34.04111], [-80.54041, 34.0412], [-80.5402, 34.04123], [-80.53971, 34.04123], [-80.53941, 34.04118], [-80.53879, 34.04108], [-80.53829, 34.04095], [-80.53821, 34.04092], [-80.53813, 34.04086], [-80.538, 34.0408], [-80.53767, 34.0407], [-80.53745, 34.0406], [-80.53712, 34.04052], [-80.53677, 34.04037], [-80.53635, 34.04022], [-80.53609, 34.04011], [-80.53593, 34.04008], [-80.53549, 34.04003], [-80.5354, 34.04003], [-80.53454, 34.04003], [-80.53422, 34.03999], [-80.53411, 34.03993], [-80.53397, 34.03985], [-80.53386, 34.03979], [-80.53378, 34.03976], [-80.53342, 34.03964], [-80.5334, 34.03953], [-80.53337, 34.03931], [-80.5333, 34.03911], [-80.53327, 34.03904], [-80.53319, 34.03887], [-80.53311, 34.03875], [-80.53275, 34.03868], [-80.53233, 34.03857], [-80.53217, 34.03853], [-80.53205, 34.03848], [-80.53197, 34.03845], [-80.53182, 34.03832], [-80.5317, 34.03822], [-80.53152, 34.03802], [-80.53132, 34.03797], [-80.53104, 34.03787], [-80.53079, 34.0378], [-80.53071, 34.03777], [-80.53047, 34.03747], [-80.53037, 34.03735], [-80.53017, 34.03708], [-80.53001, 34.03686], [-80.53, 34.03676], [-80.53003, 34.03654], [-80.53006, 34.03647], [-80.53013, 34.0363], [-80.53015, 34.03623], [-80.53014, 34.0362], [-80.53013, 34.03617], [-80.53011, 34.03614], [-80.53001, 34.03606], [-80.52998, 34.03603], [-80.52972, 34.0357], [-80.52966, 34.03556], [-80.52959, 34.03543], [-80.52952, 34.03534], [-80.52943, 34.03518], [-80.52938, 34.03512], [-80.52938, 34.03508], [-80.52935, 34.03476], [-80.52934, 34.03469], [-80.52932, 34.03462], [-80.52927, 34.03452], [-80.52924, 34.03441], [-80.52921, 34.03435], [-80.52916, 34.03429], [-80.52907, 34.0342], [-80.52907, 34.03415], [-80.52904, 34.03397], [-80.52899, 34.03383], [-80.52893, 34.03374], [-80.52889, 34.03363], [-80.52887, 34.0336], [-80.52875, 34.03346], [-80.52872, 34.03343], [-80.52865, 34.03339], [-80.52853, 34.03333], [-80.52849, 34.03332], [-80.52836, 34.03332], [-80.52832, 34.03333], [-80.52828, 34.03335], [-80.52817, 34.03341], [-80.52804, 34.03351], [-80.52793, 34.03361], [-80.52781, 34.03372], [-80.52783, 34.03379], [-80.52785, 34.03397], [-80.52787, 34.03404], [-80.52789, 34.03425], [-80.52794, 34.03439], [-80.52771, 34.03469], [-80.52769, 34.03471], [-80.52751, 34.03487], [-80.52747, 34.03489], [-80.52725, 34.035], [-80.52712, 34.03503], [-80.52704, 34.03505], [-80.52691, 34.03505], [-80.52686, 34.03505], [-80.52656, 34.03501], [-80.52652, 34.03501], [-80.52638, 34.03501], [-80.52618, 34.03494], [-80.52583, 34.03474], [-80.52538, 34.03452], [-80.5252, 34.03454], [-80.52509, 34.03453], [-80.52484, 34.03446], [-80.52451, 34.0343], [-80.52395, 34.03395], [-80.52376, 34.03387], [-80.52308, 34.03381], [-80.52298, 34.03379], [-80.52274, 34.03367], [-80.52238, 34.03341], [-80.52218, 34.03332], [-80.52169, 34.03313], [-80.52146, 34.033], [-80.52126, 34.03284], [-80.52117, 34.03279], [-80.52107, 34.03275], [-80.52092, 34.03276], [-80.52082, 34.03279], [-80.52065, 34.0329], [-80.52051, 34.03304], [-80.52041, 34.03312], [-80.52014, 34.0332], [-80.52003, 34.03332], [-80.51988, 34.03356], [-80.51976, 34.03368], [-80.51955, 34.03374], [-80.51944, 34.03373], [-80.51934, 34.03369], [-80.51917, 34.03357], [-80.51843, 34.03289], [-80.51835, 34.03283], [-80.51819, 34.03278], [-80.51798, 34.03275], [-80.51787, 34.03276], [-80.51779, 34.0328], [-80.51753, 34.03284], [-80.51737, 34.03291], [-80.5173, 34.03297], [-80.51719, 34.03302], [-80.51687, 34.03314], [-80.51679, 34.03315], [-80.51677, 34.03318], [-80.51648, 34.03327], [-80.51626, 34.0334], [-80.51613, 34.0335], [-80.51606, 34.03353], [-80.51602, 34.03359], [-80.51595, 34.03362], [-80.51591, 34.03368], [-80.51587, 34.03369], [-80.51575, 34.03379], [-80.51569, 34.03382], [-80.51564, 34.03387], [-80.51547, 34.03397], [-80.51483, 34.03449], [-80.51449, 34.03493], [-80.51442, 34.0351], [-80.5144, 34.03523], [-80.51422, 34.03589], [-80.51416, 34.03623], [-80.51405, 34.03651], [-80.51397, 34.03661], [-80.51376, 34.03677], [-80.513, 34.03719], [-80.51272, 34.0374], [-80.51262, 34.03752], [-80.51251, 34.03782], [-80.51234, 34.03832], [-80.51218, 34.03869], [-80.51194, 34.03906], [-80.51169, 34.03928], [-80.51146, 34.03941], [-80.51075, 34.03976], [-80.51052, 34.0398], [-80.5101, 34.03982], [-80.50982, 34.03984], [-80.50901, 34.04006], [-80.50888, 34.04013], [-80.50862, 34.04018], [-80.50842, 34.04017], [-80.50825, 34.04011], [-80.50808, 34.04002], [-80.50775, 34.03981], [-80.50747, 34.03966], [-80.50654, 34.03933], [-80.50629, 34.03929], [-80.50603, 34.03926], [-80.50575, 34.03932], [-80.50561, 34.03938], [-80.50547, 34.03948], [-80.50527, 34.03981], [-80.50514, 34.04005], [-80.50496, 34.04067], [-80.50493, 34.04093], [-80.50496, 34.04118], [-80.50491, 34.04123], [-80.50484, 34.0414], [-80.50469, 34.04153], [-80.50432, 34.04168], [-80.50387, 34.04181], [-80.50334, 34.04202], [-80.50315, 34.04211], [-80.50308, 34.04213], [-80.50272, 34.04236], [-80.50261, 34.04241], [-80.50253, 34.04247], [-80.50234, 34.04257], [-80.50209, 34.04273], [-80.50203, 34.04275], [-80.50198, 34.0428], [-80.50192, 34.04282], [-80.50184, 34.04288], [-80.50153, 34.04311], [-80.5012, 34.04356], [-80.50101, 34.04378], [-80.50087, 34.04391], [-80.50073, 34.04403], [-80.50034, 34.04426], [-80.50005, 34.04437], [-80.49995, 34.04439], [-80.49986, 34.04438], [-80.49978, 34.04438], [-80.49967, 34.04436], [-80.49957, 34.04437], [-80.49954, 34.04437], [-80.49932, 34.04439], [-80.49924, 34.0444], [-80.4991, 34.04445], [-80.49898, 34.04452], [-80.49871, 34.04477], [-80.49855, 34.0449], [-80.49851, 34.04493], [-80.49841, 34.04499], [-80.49831, 34.04507], [-80.49813, 34.0452], [-80.49808, 34.04523], [-80.498, 34.04526], [-80.49784, 34.0453], [-80.49748, 34.04537], [-80.49739, 34.04538], [-80.49728, 34.04537], [-80.49682, 34.04523], [-80.49637, 34.04516], [-80.49633, 34.04516], [-80.49624, 34.04514], [-80.49584, 34.04512], [-80.49564, 34.04509], [-80.49549, 34.04506], [-80.4952, 34.04499], [-80.49503, 34.04496], [-80.49453, 34.04495], [-80.49417, 34.0449], [-80.49398, 34.04487], [-80.49373, 34.04483], [-80.49322, 34.04475], [-80.49296, 34.04467], [-80.49276, 34.04464], [-80.49268, 34.04463], [-80.4926, 34.04464], [-80.49236, 34.04469], [-80.4922, 34.0447], [-80.49207, 34.04468], [-80.49183, 34.04464], [-80.49174, 34.04463], [-80.49169, 34.04462], [-80.4912, 34.0446], [-80.49112, 34.04459], [-80.49083, 34.04451], [-80.49067, 34.0445], [-80.4904, 34.04451], [-80.49002, 34.04456], [-80.4897, 34.04457], [-80.48944, 34.04458], [-80.48923, 34.04464], [-80.48909, 34.0447], [-80.48892, 34.04476], [-80.48871, 34.0448], [-80.4887, 34.04481], [-80.48867, 34.04481], [-80.48847, 34.04485], [-80.48837, 34.04487], [-80.48827, 34.04492], [-80.48824, 34.04494], [-80.48821, 34.04499], [-80.48818, 34.04506], [-80.48816, 34.04516], [-80.48814, 34.04525], [-80.48808, 34.04533], [-80.48803, 34.04536], [-80.48798, 34.04539], [-80.48797, 34.04541], [-80.4879, 34.04544], [-80.4878, 34.04544], [-80.48767, 34.04543], [-80.48751, 34.04541], [-80.48711, 34.0454], [-80.487, 34.0454], [-80.48662, 34.04549], [-80.48655, 34.04549], [-80.48648, 34.04549], [-80.4861, 34.04542], [-80.48601, 34.04541], [-80.48582, 34.04542], [-80.48573, 34.04545], [-80.48554, 34.04554], [-80.4855, 34.04558], [-80.48536, 34.04566], [-80.48506, 34.04579], [-80.48496, 34.04585], [-80.48488, 34.04591], [-80.48463, 34.04611], [-80.4844, 34.0462], [-80.48414, 34.04625], [-80.48398, 34.04631], [-80.48394, 34.04634], [-80.48388, 34.04638], [-80.4836, 34.04655], [-80.48354, 34.0466], [-80.4834, 34.04671], [-80.48334, 34.04675], [-80.48317, 34.0468], [-80.48303, 34.04687], [-80.48292, 34.04698], [-80.48285, 34.04706], [-80.48282, 34.04711], [-80.48278, 34.04722], [-80.48274, 34.04732], [-80.48266, 34.04751], [-80.4826, 34.04761], [-80.48255, 34.04769], [-80.4825, 34.04771], [-80.48249, 34.04772], [-80.48241, 34.04776], [-80.48221, 34.04782], [-80.48217, 34.04785], [-80.48214, 34.04785], [-80.48189, 34.04795], [-80.48182, 34.04799], [-80.48149, 34.04825], [-80.48146, 34.04826], [-80.48144, 34.04829], [-80.48123, 34.04847], [-80.48119, 34.04852], [-80.48116, 34.04853], [-80.48113, 34.04856], [-80.48109, 34.04861], [-80.48102, 34.04869], [-80.48096, 34.04877], [-80.48089, 34.04892], [-80.4809, 34.04897], [-80.48091, 34.04903], [-80.48092, 34.04907], [-80.4809, 34.04914], [-80.48087, 34.04922], [-80.48084, 34.04927], [-80.48075, 34.04946], [-80.48058, 34.04974], [-80.48045, 34.04999], [-80.48028, 34.05024], [-80.48024, 34.05027], [-80.48007, 34.0505], [-80.48004, 34.05054], [-80.47998, 34.05063], [-80.47996, 34.05064], [-80.47987, 34.05078], [-80.47973, 34.05096], [-80.47963, 34.05107], [-80.47961, 34.05109], [-80.47947, 34.05128], [-80.47941, 34.0514], [-80.47936, 34.05155], [-80.47935, 34.05162], [-80.47932, 34.05195], [-80.4793, 34.05208], [-80.47927, 34.05218], [-80.47921, 34.05228], [-80.47911, 34.05238], [-80.47888, 34.05259], [-80.47879, 34.05272], [-80.47875, 34.05278], [-80.47857, 34.0531], [-80.47843, 34.05324], [-80.47823, 34.05341], [-80.47811, 34.05356], [-80.47801, 34.05371], [-80.47796, 34.0538], [-80.47793, 34.0538], [-80.47788, 34.05381], [-80.4777, 34.05387], [-80.4774, 34.05395], [-80.47732, 34.05396], [-80.47718, 34.05397], [-80.47702, 34.05397], [-80.47682, 34.05393], [-80.47672, 34.05391], [-80.47654, 34.05385], [-80.47632, 34.05375], [-80.4762, 34.05372], [-80.47617, 34.05371], [-80.47566, 34.05365], [-80.47563, 34.05366], [-80.47514, 34.05359], [-80.47498, 34.05359], [-80.47474, 34.05359], [-80.47469, 34.05359], [-80.47441, 34.05369], [-80.47431, 34.05373], [-80.47412, 34.05391], [-80.47405, 34.054], [-80.47402, 34.05408], [-80.47399, 34.05418], [-80.47398, 34.05432], [-80.47399, 34.05449], [-80.47402, 34.05476], [-80.47399, 34.05504], [-80.474, 34.05515], [-80.47402, 34.05522], [-80.47412, 34.05543], [-80.47429, 34.05569], [-80.4744, 34.05589], [-80.47445, 34.05605], [-80.47447, 34.0562], [-80.47445, 34.05644], [-80.47443, 34.05655], [-80.47432, 34.05677], [-80.47428, 34.05683], [-80.47419, 34.05694], [-80.47393, 34.05715], [-80.47381, 34.05722], [-80.47338, 34.05744], [-80.47335, 34.05745], [-80.47318, 34.05754], [-80.473, 34.05766], [-80.47277, 34.05788], [-80.47266, 34.05799], [-80.47229, 34.05829], [-80.47223, 34.0583], [-80.47223, 34.05832], [-80.47223, 34.05834], [-80.47218, 34.05837], [-80.47199, 34.05854], [-80.47195, 34.05858], [-80.47192, 34.0586], [-80.47182, 34.05877], [-80.47169, 34.05916], [-80.47157, 34.05942], [-80.47143, 34.05965], [-80.47136, 34.05973], [-80.47128, 34.05981], [-80.47106, 34.05999], [-80.47096, 34.06005], [-80.47088, 34.06009], [-80.47054, 34.06024], [-80.47044, 34.06027], [-80.47031, 34.06028], [-80.47019, 34.06027], [-80.47009, 34.06024], [-80.46997, 34.0602], [-80.46989, 34.06016], [-80.46982, 34.06012], [-80.46966, 34.06003], [-80.46929, 34.05982], [-80.469, 34.05969], [-80.4689, 34.05966], [-80.46857, 34.05961], [-80.46844, 34.0596], [-80.46832, 34.0596], [-80.46824, 34.05963], [-80.46803, 34.05971], [-80.46799, 34.05975], [-80.46795, 34.05977], [-80.46782, 34.05996], [-80.46765, 34.06044], [-80.46764, 34.06055], [-80.46766, 34.06068], [-80.46766, 34.06073], [-80.46757, 34.06095], [-80.46756, 34.06101], [-80.46757, 34.06107], [-80.4676, 34.06115], [-80.46763, 34.06119], [-80.46776, 34.06136], [-80.46788, 34.06146], [-80.46795, 34.06153], [-80.46807, 34.06168], [-80.46811, 34.06181], [-80.46813, 34.06192], [-80.4681, 34.06219], [-80.46811, 34.06226], [-80.46817, 34.06249], [-80.46815, 34.06258], [-80.46813, 34.06263], [-80.46803, 34.06274], [-80.4679, 34.06286], [-80.46775, 34.06295], [-80.46758, 34.06302], [-80.46735, 34.06311], [-80.46714, 34.06318], [-80.46702, 34.06323], [-80.46682, 34.06334], [-80.46672, 34.06341], [-80.46655, 34.06351], [-80.46626, 34.06369], [-80.46606, 34.06379], [-80.46585, 34.06389], [-80.46575, 34.06395], [-80.46571, 34.06397], [-80.46561, 34.06403], [-80.46552, 34.06409], [-80.46479, 34.06468], [-80.46456, 34.06485], [-80.46449, 34.06488], [-80.46443, 34.06491], [-80.4643, 34.06493], [-80.46408, 34.06496], [-80.46394, 34.06501], [-80.46379, 34.0651], [-80.46362, 34.06523], [-80.46346, 34.06539], [-80.46335, 34.06553], [-80.46328, 34.0656], [-80.46326, 34.06565], [-80.46323, 34.06566], [-80.46315, 34.06573], [-80.46296, 34.06587], [-80.4629, 34.06588], [-80.46286, 34.06593], [-80.46268, 34.066], [-80.46251, 34.06609], [-80.46237, 34.06615], [-80.46223, 34.06624], [-80.46198, 34.06643], [-80.46173, 34.06666], [-80.46148, 34.06685], [-80.46124, 34.06706], [-80.46112, 34.06714], [-80.46097, 34.06722], [-80.46068, 34.06735], [-80.46048, 34.06746], [-80.46028, 34.06758], [-80.46017, 34.06764], [-80.45995, 34.06774], [-80.45982, 34.06781], [-80.4597, 34.06791], [-80.45962, 34.068], [-80.45948, 34.06827], [-80.45937, 34.06848], [-80.45934, 34.06857], [-80.45928, 34.0688], [-80.45921, 34.06902], [-80.459, 34.06941], [-80.45897, 34.06957], [-80.45891, 34.06975], [-80.45885, 34.06989], [-80.45879, 34.06999], [-80.45875, 34.07004], [-80.45873, 34.07011], [-80.45869, 34.07012], [-80.45865, 34.07017], [-80.45846, 34.07033], [-80.4584, 34.07036], [-80.4582, 34.07046], [-80.45809, 34.07051], [-80.45807, 34.07052], [-80.45785, 34.07062], [-80.45774, 34.07068], [-80.4577, 34.07071], [-80.4576, 34.07079], [-80.45756, 34.07084], [-80.45754, 34.07093], [-80.4575, 34.07104], [-80.45743, 34.07109], [-80.45733, 34.07115], [-80.45723, 34.0712], [-80.457, 34.07127], [-80.45687, 34.07129], [-80.45679, 34.07129], [-80.4565, 34.07131], [-80.45635, 34.0713], [-80.45591, 34.07126], [-80.45587, 34.07124], [-80.45554, 34.07121], [-80.45536, 34.0712], [-80.45515, 34.0712], [-80.45483, 34.07124], [-80.45466, 34.07122], [-80.45422, 34.07115], [-80.4541, 34.07114], [-80.45403, 34.07114], [-80.45363, 34.07114], [-80.45342, 34.07116], [-80.45325, 34.0712], [-80.45318, 34.07123], [-80.45299, 34.07128], [-80.45288, 34.07131], [-80.45272, 34.07138], [-80.45261, 34.07144], [-80.45244, 34.07161], [-80.45235, 34.0717], [-80.45228, 34.0718], [-80.45218, 34.07197], [-80.45215, 34.07202], [-80.4521, 34.07222], [-80.45201, 34.07263], [-80.452, 34.07274], [-80.452, 34.07279], [-80.45198, 34.07294], [-80.45199, 34.07301], [-80.45198, 34.07306], [-80.45198, 34.07319], [-80.45198, 34.07331], [-80.45208, 34.07356], [-80.45215, 34.07378], [-80.45216, 34.07389], [-80.45214, 34.07405], [-80.45212, 34.07413], [-80.45208, 34.0742], [-80.452, 34.0743], [-80.45194, 34.07437], [-80.45167, 34.07459], [-80.45161, 34.07462], [-80.4515, 34.07465], [-80.45137, 34.07468], [-80.45099, 34.07474], [-80.45087, 34.07475], [-80.45069, 34.07476], [-80.45075, 34.07485], [-80.45093, 34.07517], [-80.45157, 34.07631], [-80.45238, 34.0778], [-80.453, 34.0789], [-80.45335, 34.07956], [-80.45352, 34.07985], [-80.45373, 34.08019], [-80.45401, 34.08064], [-80.45443, 34.08128], [-80.45461, 34.08154], [-80.4548, 34.0818], [-80.45505, 34.08212], [-80.4553, 34.08246], [-80.45573, 34.08298], [-80.45602, 34.08331], [-80.45621, 34.08351], [-80.45654, 34.0839], [-80.45665, 34.08406], [-80.45671, 34.08412], [-80.45698, 34.08454], [-80.45717, 34.08491], [-80.4573, 34.08524], [-80.45741, 34.08554], [-80.45747, 34.08579], [-80.4575, 34.08593], [-80.45767, 34.08685], [-80.45782, 34.08763], [-80.45785, 34.08782], [-80.45786, 34.08797], [-80.45787, 34.08815], [-80.45786, 34.08819], [-80.45786, 34.08833], [-80.45783, 34.08862], [-80.4578, 34.08878], [-80.45771, 34.08909], [-80.45764, 34.0894], [-80.45763, 34.08951], [-80.4576, 34.08983], [-80.45761, 34.09014], [-80.45762, 34.09032], [-80.45764, 34.09049], [-80.4577, 34.09077], [-80.45773, 34.0909], [-80.45781, 34.09115], [-80.45787, 34.09129], [-80.45801, 34.09155], [-80.45809, 34.0917], [-80.45866, 34.0928], [-80.45874, 34.09294], [-80.45892, 34.09331], [-80.45902, 34.09353], [-80.45938, 34.09456], [-80.45982, 34.09587], [-80.4599, 34.09609], [-80.45993, 34.09614], [-80.45998, 34.09625], [-80.46005, 34.09638], [-80.46026, 34.09668], [-80.46035, 34.0968], [-80.46048, 34.09695], [-80.4607, 34.09716], [-80.46097, 34.09738], [-80.46108, 34.09746], [-80.46151, 34.0977], [-80.46212, 34.09801], [-80.46232, 34.09812], [-80.46251, 34.09824], [-80.46298, 34.09856], [-80.46317, 34.09872], [-80.46367, 34.09916], [-80.46421, 34.09962], [-80.46459, 34.09995], [-80.46486, 34.10023], [-80.46517, 34.10056], [-80.46543, 34.10088], [-80.46559, 34.10108], [-80.46602, 34.10168], [-80.46683, 34.10284], [-80.46732, 34.10349], [-80.46772, 34.10396], [-80.46789, 34.10411], [-80.46807, 34.10425], [-80.46855, 34.10456], [-80.46879, 34.1047], [-80.46884, 34.10472], [-80.46902, 34.10481], [-80.46923, 34.1049], [-80.46933, 34.10495], [-80.47012, 34.10535], [-80.47102, 34.10584], [-80.47138, 34.10605], [-80.47166, 34.10626], [-80.47199, 34.10658], [-80.47248, 34.10714], [-80.47281, 34.10755], [-80.47294, 34.10773], [-80.47323, 34.10822], [-80.47359, 34.10888], [-80.47377, 34.10921], [-80.47408, 34.1098], [-80.47411, 34.10987], [-80.48132, 34.11262], [-80.48097, 34.11687], [-80.48061, 34.12124], [-80.48029, 34.12515], [-80.48029, 34.1255], [-80.48035, 34.13152], [-80.48035, 34.13828], [-80.48037, 34.1428], [-80.48035, 34.14324], [-80.48036, 34.14324], [-80.48036, 34.14339], [-80.48035, 34.14356], [-80.48032, 34.14519], [-80.48031, 34.14577], [-80.48029, 34.14641], [-80.48023, 34.1494], [-80.48022, 34.15015], [-80.48022, 34.15023], [-80.48012, 34.15542], [-80.4801, 34.15628], [-80.47998, 34.16219], [-80.47996, 34.1634], [-80.47989, 34.16707], [-80.47986, 34.1687], [-80.48082, 34.16805], [-80.48195, 34.1673], [-80.48199, 34.16727], [-80.48635, 34.16435], [-80.48967, 34.16212], [-80.4897, 34.1621], [-80.48977, 34.16203], [-80.4902, 34.16173], [-80.49031, 34.16165], [-80.49044, 34.16155], [-80.49227, 34.16025], [-80.49706, 34.15686], [-80.49708, 34.15684], [-80.4998, 34.15504], [-80.50199, 34.15371], [-80.50422, 34.15201], [-80.50679, 34.15017], [-80.5068, 34.15016], [-80.50739, 34.14977], [-80.50755, 34.14966], [-80.50762, 34.14961], [-80.50768, 34.14957], [-80.50837, 34.1491], [-80.5103, 34.14781], [-80.51301, 34.14599], [-80.51306, 34.14596], [-80.51457, 34.14495], [-80.5146, 34.14493], [-80.52239, 34.13971], [-80.5291, 34.13521], [-80.53573, 34.13062], [-80.53599, 34.13043], [-80.53835, 34.1288], [-80.53837, 34.12878], [-80.5436, 34.12515], [-80.54597, 34.12357], [-80.54609, 34.1235], [-80.54937, 34.12125], [-80.54956, 34.12111], [-80.54962, 34.12107], [-80.54973, 34.121], [-80.54974, 34.12099], [-80.54976, 34.12098], [-80.54988, 34.1209], [-80.55225, 34.11926], [-80.55601, 34.11669], [-80.55678, 34.11616], [-80.55686, 34.1161], [-80.55826, 34.11514], [-80.56211, 34.11264], [-80.56822, 34.10848], [-80.56945, 34.10764], [-80.57103, 34.10656], [-80.57626, 34.10299], [-80.57653, 34.10278], [-80.57655, 34.10276], [-80.57794, 34.10165], [-80.57808, 34.10155], [-80.57816, 34.10149], [-80.57827, 34.10141], [-80.5785, 34.10126], [-80.57918, 34.1007], [-80.58011, 34.09995], [-80.58043, 34.09997], [-80.58225, 34.1001], [-80.58238, 34.10011], [-80.58383, 34.10021], [-80.58504, 34.1003], [-80.58611, 34.10037], [-80.58847, 34.10054], [-80.59277, 34.10085], [-80.59439, 34.10096], [-80.59771, 34.1012], [-80.59936, 34.10132], [-80.5997, 34.10134], [-80.60349, 34.10161], [-80.60351, 34.10164], [-80.6044, 34.10167], [-80.61729, 34.10847], [-80.61737, 34.10851], [-80.61806, 34.10889], [-80.61845, 34.10912], [-80.61853, 34.10917], [-80.61854, 34.10918], [-80.61922, 34.10881], [-80.61959, 34.10853], [-80.61995, 34.10798], [-80.62031, 34.10738], [-80.62037, 34.10705], [-80.62037, 34.10646], [-80.62042, 34.10558], [-80.62062, 34.10493], [-80.62083, 34.10396], [-80.62083, 34.10317], [-80.62078, 34.10239], [-80.62062, 34.10197], [-80.62016, 34.10123], [-80.61948, 34.10054], [-80.61885, 34.10017], [-80.61781, 34.09985], [-80.61619, 34.09961], [-80.61617, 34.09961], [-80.61611, 34.09961], [-80.6161, 34.09961], [-80.61568, 34.09851], [-80.61559, 34.09774], [-80.61563, 34.09739], [-80.6157, 34.09676], [-80.61629, 34.09575], [-80.61702, 34.09487], [-80.61789, 34.09305], [-80.61856, 34.09197], [-80.61905, 34.09153], [-80.61913, 34.09147], [-80.62084, 34.09008], [-80.6209, 34.09004], [-80.62127, 34.08987], [-80.6215, 34.08977], [-80.62254, 34.08957], [-80.62267, 34.08954], [-80.6228, 34.08952], [-80.62314, 34.08947], [-80.62325, 34.08945], [-80.62341, 34.08942], [-80.62357, 34.0894], [-80.62367, 34.08938], [-80.62442, 34.08927], [-80.6248, 34.08937], [-80.62553, 34.08945], [-80.62993, 34.08995], [-80.63091, 34.08989], [-80.63114, 34.08981], [-80.63243, 34.08937], [-80.63284, 34.08904], [-80.63288, 34.08901], [-80.6338, 34.08777], [-80.63384, 34.08771], [-80.63478, 34.08617], [-80.63571, 34.08489], [-80.63605, 34.08422], [-80.63627, 34.08366], [-80.63653, 34.08298], [-80.63658, 34.08217]]]}}, {"type": "Feature", "properties": {"tract_id": "45085000600", "name": "Census Tract 6", "pct_white_2020": 38.4, "pct_black_2020": 56.8, "pct_hispanic_2020": 0.8, "pct_asian_2020": 0.0, "population_2020": 3517}, "geometry": {"type": "Polygon", "coordinates": [[[-80.34102, 33.86841], [-80.34094, 33.86834], [-80.34092, 33.86793], [-80.3408, 33.86758], [-80.3408, 33.86733], [-80.34072, 33.86715], [-80.33987, 33.86648], [-80.33918, 33.86618], [-80.3388, 33.8658], [-80.33872, 33.86564], [-80.33825, 33.86518], [-80.33778, 33.8646], [-80.33756, 33.86417], [-80.3374, 33.86282], [-80.33732, 33.86238], [-80.33718, 33.86215], [-80.33696, 33.86192], [-80.33624, 33.86202], [-80.33602, 33.86194], [-80.33542, 33.86174], [-80.33487, 33.86144], [-80.33463, 33.86122], [-80.33463, 33.86078], [-80.33473, 33.86057], [-80.33487, 33.86044], [-80.33495, 33.86028], [-80.33498, 33.8597], [-80.33402, 33.8589], [-80.33276, 33.85796], [-80.33196, 33.85755], [-80.33138, 33.85748], [-80.33103, 33.85737], [-80.3307, 33.85702], [-80.33056, 33.85691], [-80.33034, 33.8568], [-80.32985, 33.85675], [-80.32952, 33.85691], [-80.32949, 33.857], [-80.32897, 33.85705], [-80.32823, 33.85684], [-80.32792, 33.85677], [-80.32779, 33.85636], [-80.32773, 33.85629], [-80.32765, 33.85597], [-80.32773, 33.85547], [-80.32795, 33.85499], [-80.3282, 33.85462], [-80.32844, 33.85416], [-80.32844, 33.85368], [-80.32842, 33.85345], [-80.32831, 33.85311], [-80.3282, 33.85205], [-80.32803, 33.85153], [-80.32787, 33.85132], [-80.32787, 33.85123], [-80.32781, 33.85116], [-80.32781, 33.85107], [-80.32669, 33.84944], [-80.32655, 33.84912], [-80.32644, 33.84903], [-80.32622, 33.84866], [-80.32608, 33.84852], [-80.32551, 33.84795], [-80.32512, 33.8477], [-80.32512, 33.84743], [-80.32504, 33.84727], [-80.32515, 33.84587], [-80.32507, 33.84559], [-80.32487, 33.84518], [-80.32446, 33.84456], [-80.32375, 33.84381], [-80.32246, 33.84271], [-80.32213, 33.84225], [-80.3221, 33.84207], [-80.32196, 33.84177], [-80.32186, 33.84115], [-80.32166, 33.8406], [-80.32155, 33.84016], [-80.3215, 33.84003], [-80.32109, 33.83968], [-80.32098, 33.83948], [-80.32043, 33.83878], [-80.32026, 33.83856], [-80.31988, 33.8381], [-80.31958, 33.83783], [-80.31927, 33.83732], [-80.31927, 33.83723], [-80.31919, 33.83716], [-80.31919, 33.83707], [-80.31911, 33.837], [-80.31867, 33.8359], [-80.31859, 33.83554], [-80.31856, 33.83458], [-80.31848, 33.83421], [-80.31856, 33.83352], [-80.31859, 33.83169], [-80.31853, 33.83151], [-80.3182, 33.83119], [-80.3179, 33.83109], [-80.31755, 33.83105], [-80.31708, 33.83119], [-80.31672, 33.83121], [-80.31656, 33.83112], [-80.31639, 33.83091], [-80.31639, 33.83057], [-80.31656, 33.83041], [-80.31749, 33.83006], [-80.31776, 33.82983], [-80.31796, 33.82949], [-80.31796, 33.82887], [-80.31771, 33.82844], [-80.31694, 33.82775], [-80.31667, 33.82754], [-80.31656, 33.82736], [-80.31615, 33.82695], [-80.31612, 33.8267], [-80.31606, 33.82663], [-80.31606, 33.82649], [-80.31576, 33.82594], [-80.31507, 33.82505], [-80.31507, 33.82489], [-80.31496, 33.82461], [-80.31494, 33.82404], [-80.31469, 33.8234], [-80.31458, 33.82282], [-80.31433, 33.82255], [-80.31354, 33.82209], [-80.31332, 33.82182], [-80.31329, 33.82131], [-80.31351, 33.82081], [-80.31362, 33.82062], [-80.31362, 33.81987], [-80.31343, 33.81946], [-80.31277, 33.81843], [-80.31249, 33.81813], [-80.31244, 33.81785], [-80.31236, 33.81602], [-80.3123, 33.81595], [-80.31219, 33.81554], [-80.312, 33.81527], [-80.31194, 33.81506], [-80.31159, 33.8146], [-80.31115, 33.81421], [-80.31038, 33.81384], [-80.30788, 33.81295], [-80.30731, 33.81281], [-80.30722, 33.81272], [-80.30522, 33.81162], [-80.30402, 33.81043], [-80.3033, 33.81013], [-80.30262, 33.81011], [-80.30179, 33.8102], [-80.30089, 33.81004], [-80.29913, 33.80949], [-80.29853, 33.80922], [-80.29798, 33.80878], [-80.2977, 33.80825], [-80.29768, 33.80699], [-80.29746, 33.80667], [-80.29666, 33.8061], [-80.29576, 33.80564], [-80.2946, 33.80516], [-80.29427, 33.80482], [-80.29419, 33.80443], [-80.29398, 33.80423], [-80.29387, 33.80391], [-80.29376, 33.80375], [-80.29363, 33.80316], [-80.29329, 33.80249], [-80.29267, 33.8017], [-80.29251, 33.80156], [-80.29157, 33.80073], [-80.29058, 33.79963], [-80.29038, 33.79924], [-80.2903, 33.7982], [-80.29019, 33.7979], [-80.28986, 33.79735], [-80.28919, 33.79645], [-80.28875, 33.79593], [-80.28757, 33.79487], [-80.28724, 33.79454], [-80.28691, 33.79438], [-80.28622, 33.79381], [-80.28586, 33.79367], [-80.28424, 33.79261], [-80.28407, 33.79238], [-80.28363, 33.79224], [-80.28292, 33.79148], [-80.28275, 33.79137], [-80.2804, 33.79022], [-80.27889, 33.78976], [-80.27793, 33.78924], [-80.27763, 33.78894], [-80.27754, 33.78873], [-80.27749, 33.78866], [-80.2774, 33.78825], [-80.27727, 33.78786], [-80.27724, 33.78768], [-80.27713, 33.78759], [-80.27705, 33.78738], [-80.2768, 33.78717], [-80.27647, 33.7872], [-80.27557, 33.78713], [-80.27505, 33.78695], [-80.27453, 33.78656], [-80.27406, 33.78587], [-80.27336, 33.78596], [-80.27126, 33.78625], [-80.27123, 33.78625], [-80.27079, 33.78676], [-80.26926, 33.7885], [-80.26468, 33.79371], [-80.26316, 33.79544], [-80.26306, 33.79556], [-80.26277, 33.79589], [-80.2627, 33.79597], [-80.26267, 33.796], [-80.26196, 33.79681], [-80.25983, 33.79923], [-80.25912, 33.80004], [-80.25842, 33.80084], [-80.25631, 33.80324], [-80.2559, 33.80371], [-80.25555, 33.80397], [-80.2554, 33.80408], [-80.2543, 33.80469], [-80.2505, 33.80679], [-80.2498, 33.80718], [-80.24923, 33.80747], [-80.24867, 33.80777], [-80.24701, 33.80867], [-80.24646, 33.80897], [-80.24364, 33.8106], [-80.23519, 33.81549], [-80.23237, 33.81712], [-80.23135, 33.81771], [-80.22829, 33.81948], [-80.22727, 33.82008], [-80.2263, 33.82064], [-80.22494, 33.82143], [-80.2234, 33.82233], [-80.22243, 33.8229], [-80.22232, 33.82296], [-80.22201, 33.82314], [-80.2219, 33.82321], [-80.22103, 33.82371], [-80.21843, 33.82524], [-80.21756, 33.82575], [-80.21597, 33.82668], [-80.21121, 33.82947], [-80.20962, 33.8304], [-80.20929, 33.83059], [-80.2083, 33.83117], [-80.20797, 33.83137], [-80.20645, 33.83226], [-80.20399, 33.83371], [-80.20193, 33.83496], [-80.20044, 33.83588], [-80.19877, 33.8369], [-80.19537, 33.83898], [-80.19371, 33.83983], [-80.19197, 33.84071], [-80.19193, 33.84073], [-80.19179, 33.8408], [-80.19081, 33.8413], [-80.18733, 33.84307], [-80.18617, 33.84367], [-80.18598, 33.84376], [-80.18539, 33.84406], [-80.1852, 33.84416], [-80.18395, 33.8448], [-80.18022, 33.8467], [-80.17897, 33.84733], [-80.17788, 33.84789], [-80.17461, 33.84956], [-80.17351, 33.85011], [-80.17349, 33.85013], [-80.17334, 33.8502], [-80.17287, 33.85044], [-80.17272, 33.85052], [-80.1725, 33.85061], [-80.17184, 33.85098], [-80.16931, 33.85237], [-80.16921, 33.85241], [-80.16826, 33.85273], [-80.16823, 33.85274], [-80.16812, 33.85278], [-80.16809, 33.85279], [-80.16807, 33.85279], [-80.16804, 33.8528], [-80.16802, 33.85281], [-80.16798, 33.85283], [-80.16784, 33.85289], [-80.16779, 33.85292], [-80.16758, 33.85301], [-80.16695, 33.8533], [-80.16674, 33.8534], [-80.16643, 33.85354], [-80.16551, 33.85395], [-80.1652, 33.85408], [-80.16491, 33.85421], [-80.1645, 33.8544], [-80.16404, 33.85461], [-80.16376, 33.85475], [-80.16253, 33.85533], [-80.15884, 33.85707], [-80.15853, 33.85722], [-80.15767, 33.85776], [-80.15709, 33.85808], [-80.15534, 33.85904], [-80.15476, 33.85936], [-80.15402, 33.85972], [-80.15383, 33.85981], [-80.1518, 33.86082], [-80.15124, 33.8611], [-80.15111, 33.86126], [-80.15096, 33.86129], [-80.15053, 33.8614], [-80.15052, 33.8614], [-80.15037, 33.8614], [-80.15031, 33.86149], [-80.15003, 33.86169], [-80.14995, 33.86174], [-80.14884, 33.86236], [-80.14844, 33.86259], [-80.14811, 33.86269], [-80.14801, 33.86272], [-80.14719, 33.86317], [-80.14689, 33.86334], [-80.14636, 33.86356], [-80.14478, 33.86424], [-80.14426, 33.86446], [-80.14419, 33.86449], [-80.14398, 33.86459], [-80.14391, 33.86461], [-80.14402, 33.86481], [-80.14443, 33.86476], [-80.14485, 33.86556], [-80.14495, 33.86565], [-80.14504, 33.86602], [-80.14512, 33.86607], [-80.14523, 33.86639], [-80.14581, 33.86737], [-80.14652, 33.86804], [-80.14688, 33.86817], [-80.14737, 33.8687], [-80.14759, 33.86898], [-80.14838, 33.87026], [-80.14877, 33.87083], [-80.14915, 33.87152], [-80.14981, 33.87218], [-80.15031, 33.87243], [-80.15053, 33.87246], [-80.15066, 33.87315], [-80.15088, 33.87337], [-80.15124, 33.8736], [-80.15201, 33.87379], [-80.15275, 33.87436], [-80.15311, 33.87468], [-80.15313, 33.87475], [-80.15363, 33.87482], [-80.15414, 33.87516], [-80.15459, 33.87565], [-80.15487, 33.87616], [-80.15511, 33.87697], [-80.15519, 33.87752], [-80.15544, 33.87818], [-80.15572, 33.87857], [-80.15676, 33.87946], [-80.15679, 33.87978], [-80.1569, 33.87992], [-80.15703, 33.88052], [-80.1572, 33.88091], [-80.15731, 33.88118], [-80.15733, 33.88139], [-80.1575, 33.8818], [-80.15755, 33.88223], [-80.15736, 33.8824], [-80.15739, 33.88281], [-80.15772, 33.88333], [-80.15827, 33.88375], [-80.15876, 33.88391], [-80.15885, 33.88395], [-80.15882, 33.88411], [-80.15893, 33.88425], [-80.1589, 33.88462], [-80.15857, 33.8856], [-80.15857, 33.88613], [-80.15865, 33.88618], [-80.15868, 33.88638], [-80.15893, 33.88666], [-80.15912, 33.887], [-80.15917, 33.88744], [-80.15953, 33.88789], [-80.15978, 33.8881], [-80.15997, 33.88856], [-80.16003, 33.88863], [-80.16003, 33.88872], [-80.16019, 33.88883], [-80.15991, 33.88904], [-80.15986, 33.88934], [-80.15978, 33.89046], [-80.15969, 33.89103], [-80.15964, 33.89135], [-80.15961, 33.89211], [-80.15991, 33.89243], [-80.16027, 33.89259], [-80.16112, 33.89286], [-80.16214, 33.89346], [-80.16261, 33.89362], [-80.16271, 33.89374], [-80.16337, 33.89403], [-80.16365, 33.89422], [-80.16384, 33.89426], [-80.16409, 33.89426], [-80.16436, 33.8941], [-80.16478, 33.89406], [-80.16491, 33.89408], [-80.16527, 33.89422], [-80.16563, 33.89456], [-80.16582, 33.89479], [-80.16596, 33.89507], [-80.16623, 33.89536], [-80.16653, 33.89555], [-80.16678, 33.89555], [-80.1678, 33.89618], [-80.16863, 33.89694], [-80.16908, 33.89748], [-80.16955, 33.8979], [-80.16981, 33.89812], [-80.1703, 33.89854], [-80.17053, 33.89874], [-80.17076, 33.89916], [-80.17082, 33.89964], [-80.17084, 33.89979], [-80.17112, 33.90006], [-80.17183, 33.90077], [-80.172, 33.90098], [-80.17227, 33.90146], [-80.1723, 33.90166], [-80.17244, 33.90182], [-80.17323, 33.90217], [-80.17425, 33.90228], [-80.17463, 33.90249], [-80.17573, 33.90345], [-80.17631, 33.90409], [-80.17771, 33.90512], [-80.17818, 33.90531], [-80.17906, 33.90549], [-80.18016, 33.90625], [-80.18095, 33.90698], [-80.18191, 33.90817], [-80.18216, 33.9087], [-80.18224, 33.90877], [-80.18241, 33.90927], [-80.18252, 33.9095], [-80.18304, 33.90991], [-80.18318, 33.91009], [-80.18323, 33.91055], [-80.1834, 33.91071], [-80.18389, 33.9109], [-80.18436, 33.91129], [-80.18447, 33.91145], [-80.18485, 33.91218], [-80.18543, 33.91264], [-80.18557, 33.91289], [-80.18571, 33.91358], [-80.18598, 33.91397], [-80.18658, 33.91419], [-80.18705, 33.91429], [-80.18708, 33.91442], [-80.18722, 33.91456], [-80.18733, 33.91481], [-80.18752, 33.91504], [-80.18788, 33.9152], [-80.18936, 33.91575], [-80.19007, 33.91598], [-80.19024, 33.91614], [-80.19126, 33.91674], [-80.19164, 33.9169], [-80.19268, 33.91683], [-80.19359, 33.91712], [-80.19397, 33.9174], [-80.19432, 33.91795], [-80.19452, 33.91813], [-80.19471, 33.91824], [-80.19506, 33.91822], [-80.19679, 33.91778], [-80.19717, 33.91785], [-80.19783, 33.9181], [-80.19871, 33.91863], [-80.19942, 33.91913], [-80.20196, 33.92002], [-80.20218, 33.92005], [-80.20276, 33.92029], [-80.20317, 33.92046], [-80.20417, 33.9209], [-80.20478, 33.92131], [-80.20603, 33.92244], [-80.20667, 33.92308], [-80.20689, 33.92326], [-80.20695, 33.92333], [-80.20736, 33.92374], [-80.20832, 33.92487], [-80.20912, 33.92549], [-80.20969, 33.92578], [-80.21071, 33.9267], [-80.21261, 33.92771], [-80.21316, 33.92814], [-80.21346, 33.92851], [-80.2139, 33.92899], [-80.21409, 33.92938], [-80.21437, 33.9297], [-80.21475, 33.92993], [-80.21552, 33.93011], [-80.21599, 33.93004], [-80.21618, 33.92997], [-80.21769, 33.92968], [-80.21799, 33.9297], [-80.21827, 33.92979], [-80.21841, 33.92991], [-80.21854, 33.93034], [-80.21871, 33.93057], [-80.2189, 33.93064], [-80.21973, 33.93055], [-80.22135, 33.93112], [-80.22344, 33.93176], [-80.22393, 33.93169], [-80.2253, 33.93128], [-80.22607, 33.93109], [-80.22643, 33.93096], [-80.22646, 33.93089], [-80.22682, 33.93096], [-80.22725, 33.93096], [-80.22852, 33.93054], [-80.22912, 33.93047], [-80.23025, 33.93102], [-80.23116, 33.93109], [-80.23198, 33.93102], [-80.2321, 33.93103], [-80.23234, 33.93105], [-80.23242, 33.93118], [-80.23305, 33.93139], [-80.23325, 33.93139], [-80.2344, 33.93148], [-80.23555, 33.93185], [-80.23676, 33.93196], [-80.23712, 33.93217], [-80.2372, 33.93235], [-80.23726, 33.93299], [-80.23734, 33.93327], [-80.2385, 33.9332], [-80.23885, 33.93333], [-80.2391, 33.93354], [-80.23913, 33.93368], [-80.23924, 33.93384], [-80.23932, 33.93402], [-80.23984, 33.93439], [-80.24047, 33.93459], [-80.24166, 33.9345], [-80.24273, 33.93452], [-80.24342, 33.93468], [-80.24449, 33.93512], [-80.24454, 33.93535], [-80.24482, 33.93594], [-80.24529, 33.93656], [-80.24573, 33.93697], [-80.24631, 33.9374], [-80.24895, 33.93857], [-80.24981, 33.93903], [-80.25149, 33.93955], [-80.25383, 33.94007], [-80.25413, 33.94019], [-80.25743, 33.94007], [-80.25766, 33.94], [-80.25779, 33.93995], [-80.25823, 33.9397], [-80.25905, 33.93879], [-80.25935, 33.9384], [-80.25974, 33.93758], [-80.26004, 33.93715], [-80.26023, 33.93696], [-80.26042, 33.93678], [-80.2618, 33.9361], [-80.26278, 33.93575], [-80.26432, 33.93544], [-80.26701, 33.93542], [-80.26767, 33.93524], [-80.26833, 33.93487], [-80.26885, 33.93444], [-80.27064, 33.93304], [-80.27124, 33.93226], [-80.27138, 33.93203], [-80.27196, 33.93077], [-80.2727, 33.92951], [-80.27314, 33.9285], [-80.27331, 33.92828], [-80.27331, 33.92816], [-80.27366, 33.92763], [-80.27421, 33.92704], [-80.27498, 33.92642], [-80.27533, 33.926], [-80.27559, 33.92564], [-80.27561, 33.92491], [-80.27548, 33.92443], [-80.27547, 33.92345], [-80.27579, 33.92246], [-80.27581, 33.92239], [-80.27642, 33.92069], [-80.27706, 33.92009], [-80.27753, 33.9197], [-80.27857, 33.91913], [-80.28005, 33.9182], [-80.28057, 33.91781], [-80.28071, 33.9176], [-80.2809, 33.91742], [-80.28128, 33.91671], [-80.2815, 33.91641], [-80.28152, 33.9164], [-80.28174, 33.91642], [-80.28185, 33.91642], [-80.28225, 33.91644], [-80.28233, 33.91645], [-80.28257, 33.91644], [-80.28296, 33.91642], [-80.28502, 33.91621], [-80.28551, 33.91616], [-80.28634, 33.91613], [-80.28674, 33.91612], [-80.28691, 33.91611], [-80.28868, 33.91594], [-80.28969, 33.91585], [-80.29003, 33.91584], [-80.29026, 33.91585], [-80.2903, 33.91585], [-80.29043, 33.91587], [-80.29056, 33.91588], [-80.29059, 33.91588], [-80.29085, 33.91589], [-80.29116, 33.91591], [-80.29165, 33.91591], [-80.29172, 33.91591], [-80.29182, 33.91588], [-80.29185, 33.91589], [-80.29188, 33.91589], [-80.29229, 33.91582], [-80.29264, 33.91575], [-80.293, 33.91567], [-80.29319, 33.91564], [-80.29358, 33.91558], [-80.29383, 33.91557], [-80.29515, 33.91552], [-80.29688, 33.91546], [-80.29644, 33.91416], [-80.29615, 33.91334], [-80.29599, 33.91291], [-80.29586, 33.91246], [-80.2958, 33.91218], [-80.29578, 33.91199], [-80.29578, 33.91185], [-80.29578, 33.91173], [-80.29584, 33.91129], [-80.2959, 33.91096], [-80.29602, 33.91036], [-80.29617, 33.90961], [-80.29621, 33.90943], [-80.29622, 33.90934], [-80.29624, 33.90916], [-80.29624, 33.90889], [-80.29624, 33.90882], [-80.29619, 33.90856], [-80.29613, 33.90823], [-80.2961, 33.9081], [-80.29589, 33.90709], [-80.29578, 33.90648], [-80.29573, 33.90624], [-80.2957, 33.90611], [-80.29565, 33.90598], [-80.2956, 33.90585], [-80.29557, 33.90577], [-80.29555, 33.90574], [-80.29555, 33.90572], [-80.29548, 33.9056], [-80.29541, 33.90548], [-80.29529, 33.90531], [-80.29528, 33.9053], [-80.29506, 33.905], [-80.2933, 33.90257], [-80.29321, 33.90245], [-80.29186, 33.9006], [-80.29463, 33.90072], [-80.29866, 33.90087], [-80.29958, 33.90092], [-80.30054, 33.90098], [-80.30261, 33.90116], [-80.30388, 33.90127], [-80.30438, 33.90125], [-80.30454, 33.90126], [-80.30864, 33.90148], [-80.3095, 33.90154], [-80.31062, 33.90161], [-80.31657, 33.90195], [-80.31685, 33.90197], [-80.31711, 33.90197], [-80.31734, 33.90194], [-80.31754, 33.90191], [-80.31844, 33.90179], [-80.3192, 33.90169], [-80.31915, 33.90156], [-80.319, 33.90126], [-80.31882, 33.90097], [-80.3185, 33.90045], [-80.31828, 33.90008], [-80.31818, 33.8999], [-80.31808, 33.8997], [-80.31791, 33.89935], [-80.31787, 33.89924], [-80.31784, 33.89917], [-80.31782, 33.8991], [-80.31755, 33.89834], [-80.31739, 33.89784], [-80.31698, 33.89665], [-80.3169, 33.89643], [-80.31681, 33.89623], [-80.31679, 33.89619], [-80.31667, 33.89596], [-80.31659, 33.89584], [-80.31645, 33.89562], [-80.3163, 33.89543], [-80.31619, 33.89529], [-80.31614, 33.89524], [-80.31605, 33.89515], [-80.31587, 33.89497], [-80.31563, 33.89477], [-80.31541, 33.8946], [-80.3149, 33.8943], [-80.31474, 33.8942], [-80.31321, 33.89328], [-80.31244, 33.89282], [-80.31166, 33.89235], [-80.31088, 33.89188], [-80.31077, 33.89182], [-80.31046, 33.89162], [-80.31024, 33.89146], [-80.31008, 33.89133], [-80.30974, 33.89103], [-80.30957, 33.89086], [-80.30931, 33.89058], [-80.30924, 33.89048], [-80.30938, 33.89039], [-80.30948, 33.89033], [-80.30969, 33.89023], [-80.30978, 33.89019], [-80.30985, 33.89017], [-80.30994, 33.89014], [-80.30999, 33.89014], [-80.31008, 33.89012], [-80.31027, 33.8901], [-80.31172, 33.89006], [-80.31218, 33.89005], [-80.31249, 33.89005], [-80.31281, 33.89007], [-80.31348, 33.89012], [-80.31369, 33.89014], [-80.3145, 33.89019], [-80.31517, 33.89024], [-80.31554, 33.89026], [-80.31577, 33.89024], [-80.31599, 33.89022], [-80.31618, 33.89018], [-80.31637, 33.89014], [-80.3165, 33.89011], [-80.31661, 33.89007], [-80.31684, 33.88999], [-80.31695, 33.88994], [-80.31723, 33.8898], [-80.31749, 33.88966], [-80.31778, 33.88951], [-80.31797, 33.88941], [-80.31852, 33.88912], [-80.3188, 33.88897], [-80.3193, 33.88964], [-80.31978, 33.89028], [-80.32045, 33.89118], [-80.32255, 33.89403], [-80.32295, 33.8931], [-80.3233, 33.89228], [-80.3237, 33.89135], [-80.32392, 33.89054], [-80.32408, 33.88994], [-80.32447, 33.88849], [-80.32469, 33.88783], [-80.32475, 33.88737], [-80.32519, 33.88626], [-80.32578, 33.88504], [-80.32584, 33.88498], [-80.3259, 33.88477], [-80.32614, 33.88437], [-80.32752, 33.88148], [-80.32817, 33.88035], [-80.32908, 33.87929], [-80.3298, 33.87862], [-80.33039, 33.87815], [-80.33233, 33.87655], [-80.33264, 33.87639], [-80.33364, 33.87574], [-80.33405, 33.87536], [-80.33465, 33.87473], [-80.33494, 33.87436], [-80.33504, 33.87416], [-80.33548, 33.87272], [-80.33586, 33.87212], [-80.33798, 33.8705], [-80.33867, 33.87002], [-80.34102, 33.86841]]]}}, {"type": "Feature", "properties": {"tract_id": "45085000500", "name": "Census Tract 5", "pct_white_2020": 26.5, "pct_black_2020": 63.9, "pct_hispanic_2020": 6.9, "pct_asian_2020": 0.0, "population_2020": 1801}, "geometry": {"type": "Polygon", "coordinates": [[[-80.1829, 33.92645], [-80.18293, 33.92556], [-80.1826, 33.92473], [-80.18246, 33.9245], [-80.18246, 33.92443], [-80.18235, 33.92432], [-80.18235, 33.9242], [-80.18194, 33.92377], [-80.18169, 33.92366], [-80.18125, 33.92359], [-80.18024, 33.92356], [-80.17944, 33.92354], [-80.17897, 33.92345], [-80.17845, 33.92304], [-80.17823, 33.9226], [-80.17768, 33.92217], [-80.17699, 33.92164], [-80.17669, 33.9213], [-80.17669, 33.9212], [-80.17653, 33.92093], [-80.17647, 33.92059], [-80.17636, 33.9191], [-80.17625, 33.91875], [-80.17623, 33.91855], [-80.17609, 33.91825], [-80.17606, 33.91795], [-80.17595, 33.91779], [-80.17587, 33.91738], [-80.17579, 33.91736], [-80.17565, 33.91699], [-80.17562, 33.91667], [-80.17554, 33.91662], [-80.17548, 33.91607], [-80.17537, 33.91575], [-80.17529, 33.91509], [-80.17524, 33.9149], [-80.17513, 33.91477], [-80.1751, 33.91458], [-80.17458, 33.91396], [-80.17337, 33.91341], [-80.17282, 33.91298], [-80.17213, 33.91252], [-80.17142, 33.91197], [-80.17142, 33.91115], [-80.17128, 33.9106], [-80.1718, 33.90993], [-80.17191, 33.90945], [-80.17169, 33.90913], [-80.17098, 33.9087], [-80.17051, 33.90831], [-80.17057, 33.90808], [-80.17079, 33.90808], [-80.17092, 33.90801], [-80.17104, 33.90789], [-80.17109, 33.90751], [-80.17098, 33.90732], [-80.17027, 33.90666], [-80.17013, 33.90645], [-80.17013, 33.90615], [-80.17002, 33.90437], [-80.16994, 33.90432], [-80.16988, 33.90329], [-80.16969, 33.9024], [-80.16952, 33.90205], [-80.16914, 33.90176], [-80.16722, 33.90102], [-80.16711, 33.90109], [-80.16685, 33.90082], [-80.16656, 33.90066], [-80.16628, 33.90039], [-80.16618, 33.90015], [-80.16617, 33.90002], [-80.1703, 33.89854], [-80.16981, 33.89812], [-80.16955, 33.8979], [-80.16908, 33.89748], [-80.16863, 33.89694], [-80.1678, 33.89618], [-80.16678, 33.89555], [-80.16653, 33.89555], [-80.16623, 33.89536], [-80.16596, 33.89507], [-80.16582, 33.89479], [-80.16563, 33.89456], [-80.16527, 33.89422], [-80.16491, 33.89408], [-80.16478, 33.89406], [-80.16436, 33.8941], [-80.16409, 33.89426], [-80.16384, 33.89426], [-80.16365, 33.89422], [-80.16337, 33.89403], [-80.16271, 33.89374], [-80.16261, 33.89362], [-80.16214, 33.89346], [-80.16112, 33.89286], [-80.16027, 33.89259], [-80.15991, 33.89243], [-80.15961, 33.89211], [-80.15964, 33.89135], [-80.15969, 33.89103], [-80.15978, 33.89046], [-80.15986, 33.88934], [-80.15991, 33.88904], [-80.16019, 33.88883], [-80.16003, 33.88872], [-80.16003, 33.88863], [-80.15997, 33.88856], [-80.15978, 33.8881], [-80.15953, 33.88789], [-80.15917, 33.88744], [-80.15912, 33.887], [-80.15893, 33.88666], [-80.15868, 33.88638], [-80.15865, 33.88618], [-80.15857, 33.88613], [-80.15857, 33.8856], [-80.1589, 33.88462], [-80.15893, 33.88425], [-80.15882, 33.88411], [-80.15885, 33.88395], [-80.15876, 33.88391], [-80.15827, 33.88375], [-80.15772, 33.88333], [-80.15739, 33.88281], [-80.15736, 33.8824], [-80.15755, 33.88223], [-80.1575, 33.8818], [-80.15733, 33.88139], [-80.15731, 33.88118], [-80.1572, 33.88091], [-80.15703, 33.88052], [-80.1569, 33.87992], [-80.15679, 33.87978], [-80.15676, 33.87946], [-80.15572, 33.87857], [-80.15544, 33.87818], [-80.15519, 33.87752], [-80.15511, 33.87697], [-80.15487, 33.87616], [-80.15459, 33.87565], [-80.15414, 33.87516], [-80.15363, 33.87482], [-80.15313, 33.87475], [-80.15311, 33.87468], [-80.15275, 33.87436], [-80.15201, 33.87379], [-80.15124, 33.8736], [-80.15088, 33.87337], [-80.15066, 33.87315], [-80.15053, 33.87246], [-80.15031, 33.87243], [-80.14981, 33.87218], [-80.14915, 33.87152], [-80.14877, 33.87083], [-80.14838, 33.87026], [-80.14759, 33.86898], [-80.14737, 33.8687], [-80.14688, 33.86817], [-80.14652, 33.86804], [-80.14581, 33.86737], [-80.14523, 33.86639], [-80.14512, 33.86607], [-80.14504, 33.86602], [-80.14495, 33.86565], [-80.14485, 33.86556], [-80.14443, 33.86476], [-80.14402, 33.86481], [-80.14391, 33.86461], [-80.14328, 33.86488], [-80.14141, 33.86568], [-80.14079, 33.86595], [-80.14034, 33.86619], [-80.139, 33.86691], [-80.13869, 33.86707], [-80.13853, 33.86707], [-80.13842, 33.86725], [-80.13694, 33.86801], [-80.13548, 33.86877], [-80.1337, 33.86897], [-80.13153, 33.86907], [-80.12966, 33.86915], [-80.1293, 33.86917], [-80.12821, 33.86924], [-80.12785, 33.86926], [-80.12732, 33.86929], [-80.12573, 33.86938], [-80.1252, 33.86941], [-80.1248, 33.86944], [-80.12471, 33.86937], [-80.12461, 33.86937], [-80.12277, 33.86939], [-80.12216, 33.8694], [-80.12206, 33.86943], [-80.12177, 33.86951], [-80.12168, 33.86954], [-80.12161, 33.86955], [-80.12065, 33.87013], [-80.11759, 33.87195], [-80.11657, 33.87256], [-80.11633, 33.8727], [-80.11562, 33.87312], [-80.11538, 33.87326], [-80.11466, 33.8737], [-80.11247, 33.87503], [-80.11226, 33.87516], [-80.11174, 33.87548], [-80.11133, 33.87575], [-80.11007, 33.87654], [-80.10965, 33.8768], [-80.10896, 33.87724], [-80.10892, 33.87727], [-80.10669, 33.87862], [-80.10594, 33.87907], [-80.10565, 33.87923], [-80.10477, 33.87971], [-80.10448, 33.87987], [-80.10391, 33.88015], [-80.10222, 33.881], [-80.10166, 33.88128], [-80.10161, 33.88131], [-80.10145, 33.88138], [-80.1014, 33.88141], [-80.10131, 33.88147], [-80.10105, 33.88165], [-80.10096, 33.88171], [-80.10084, 33.8818], [-80.10078, 33.88184], [-80.1006, 33.88196], [-80.10046, 33.88204], [-80.10034, 33.88211], [-80.1003, 33.88214], [-80.09939, 33.88266], [-80.09656, 33.88432], [-80.09562, 33.88487], [-80.09559, 33.88489], [-80.09421, 33.88567], [-80.09009, 33.88802], [-80.08871, 33.88881], [-80.08869, 33.88882], [-80.08706, 33.88975], [-80.08216, 33.89254], [-80.08053, 33.89347], [-80.07997, 33.89379], [-80.0783, 33.89474], [-80.07775, 33.89506], [-80.07773, 33.89507], [-80.07769, 33.89509], [-80.07768, 33.8951], [-80.07765, 33.89511], [-80.07758, 33.89515], [-80.07756, 33.89517], [-80.0759, 33.89608], [-80.07093, 33.89881], [-80.06927, 33.89972], [-80.06902, 33.89986], [-80.06828, 33.90027], [-80.06803, 33.90041], [-80.06582, 33.90162], [-80.05919, 33.90527], [-80.05698, 33.90649], [-80.05685, 33.90656], [-80.05646, 33.90677], [-80.05633, 33.90685], [-80.05601, 33.90702], [-80.05508, 33.90754], [-80.05477, 33.90771], [-80.05458, 33.90781], [-80.05404, 33.9081], [-80.05386, 33.9082], [-80.05334, 33.90849], [-80.05178, 33.90935], [-80.05126, 33.90964], [-80.05058, 33.91002], [-80.04852, 33.91115], [-80.04784, 33.91153], [-80.04684, 33.91208], [-80.04385, 33.91372], [-80.04285, 33.91427], [-80.0428, 33.91431], [-80.04262, 33.91443], [-80.04257, 33.91447], [-80.04252, 33.9145], [-80.0425, 33.91451], [-80.04237, 33.91458], [-80.04176, 33.91489], [-80.04156, 33.91499], [-80.04154, 33.915], [-80.03963, 33.91597], [-80.03391, 33.91889], [-80.03201, 33.91986], [-80.03019, 33.92075], [-80.02475, 33.9234], [-80.02294, 33.92428], [-80.02278, 33.92436], [-80.02228, 33.92461], [-80.02223, 33.92463], [-80.02211, 33.92469], [-80.02144, 33.92501], [-80.01944, 33.92599], [-80.01877, 33.92632], [-80.01873, 33.92633], [-80.01795, 33.92672], [-80.01552, 33.9279], [-80.0147, 33.9283], [-80.01462, 33.92834], [-80.01436, 33.92846], [-80.01428, 33.92851], [-80.01264, 33.9293], [-80.00773, 33.9317], [-80.00609, 33.9325], [-80.00598, 33.93255], [-80.00564, 33.93272], [-80.00552, 33.93278], [-80.00449, 33.93327], [-80.00139, 33.93477], [-80.00035, 33.93527], [-80.00012, 33.93514], [-79.99979, 33.93496], [-79.99942, 33.93513], [-79.99927, 33.9352], [-79.99918, 33.93524], [-79.99501, 33.93714], [-79.98251, 33.94285], [-79.97834, 33.94475], [-79.97808, 33.94487], [-79.97728, 33.94524], [-79.97701, 33.94536], [-79.97658, 33.94556], [-79.97579, 33.94592], [-79.9753, 33.94617], [-79.97488, 33.94638], [-79.97486, 33.94639], [-79.97483, 33.94641], [-79.97482, 33.94642], [-79.97477, 33.94644], [-79.97464, 33.9465], [-79.9746, 33.94653], [-79.97358, 33.94704], [-79.96867, 33.94956], [-79.95868, 33.95467], [-79.95838, 33.95482], [-79.95404, 33.95704], [-79.9531, 33.95752], [-79.95264, 33.95776], [-79.94583, 33.96129], [-79.94182, 33.96332], [-79.93952, 33.96461], [-79.93935, 33.96469], [-79.93421, 33.96732], [-79.93369, 33.9676], [-79.92588, 33.97165], [-79.9258, 33.97169], [-79.92264, 33.97332], [-79.91265, 33.97853], [-79.90823, 33.98079], [-79.90816, 33.98082], [-79.90812, 33.98084], [-79.90807, 33.98087], [-79.90567, 33.98215], [-79.90477, 33.98263], [-79.89727, 33.98623], [-79.89352, 33.98802], [-79.89354, 33.98815], [-79.89338, 33.98875], [-79.8934, 33.98914], [-79.89371, 33.98953], [-79.89393, 33.98959], [-79.89423, 33.98971], [-79.89527, 33.98964], [-79.89593, 33.98937], [-79.89662, 33.98902], [-79.89701, 33.98905], [-79.89731, 33.98909], [-79.89747, 33.98923], [-79.89758, 33.98955], [-79.89769, 33.99019], [-79.8978, 33.9904], [-79.89808, 33.99065], [-79.8986, 33.99109], [-79.89871, 33.99129], [-79.89868, 33.99152], [-79.89841, 33.99216], [-79.89844, 33.99248], [-79.89874, 33.99267], [-79.89909, 33.99267], [-79.89962, 33.99253], [-79.90028, 33.99218], [-79.90064, 33.99221], [-79.90107, 33.99235], [-79.90215, 33.99241], [-79.90234, 33.99251], [-79.90245, 33.99278], [-79.90242, 33.9931], [-79.90151, 33.99386], [-79.90124, 33.99429], [-79.90116, 33.99448], [-79.90124, 33.99491], [-79.90149, 33.99521], [-79.9025, 33.99603], [-79.90284, 33.99625], [-79.9041, 33.99704], [-79.90421, 33.9972], [-79.90421, 33.99761], [-79.90396, 33.99803], [-79.90333, 33.99849], [-79.90313, 33.99874], [-79.90313, 33.99897], [-79.90324, 33.99913], [-79.90352, 33.99924], [-79.90399, 33.99913], [-79.90467, 33.9986], [-79.90487, 33.9986], [-79.905, 33.99865], [-79.905, 33.99922], [-79.90492, 33.99936], [-79.90426, 34.00016], [-79.90413, 34.00054], [-79.90393, 34.0006], [-79.90374, 34.00089], [-79.90371, 34.0016], [-79.90363, 34.0017], [-79.90366, 34.00225], [-79.90382, 34.00236], [-79.9044, 34.00231], [-79.90469, 34.00209], [-79.9049, 34.00192], [-79.90536, 34.00181], [-79.90567, 34.00202], [-79.90564, 34.00238], [-79.90547, 34.00257], [-79.9055, 34.00298], [-79.90558, 34.00307], [-79.90613, 34.00295], [-79.90688, 34.0025], [-79.90765, 34.0027], [-79.90787, 34.00335], [-79.90759, 34.00396], [-79.90759, 34.00419], [-79.90781, 34.00426], [-79.90842, 34.00406], [-79.90963, 34.00426], [-79.91072, 34.00481], [-79.91089, 34.00529], [-79.91075, 34.00591], [-79.91092, 34.00648], [-79.91152, 34.00699], [-79.91268, 34.00692], [-79.91347, 34.00715], [-79.91364, 34.00699], [-79.91364, 34.00642], [-79.914, 34.00614], [-79.91471, 34.00594], [-79.91501, 34.00573], [-79.91535, 34.00564], [-79.91576, 34.00566], [-79.9162, 34.00584], [-79.91661, 34.00616], [-79.91716, 34.00738], [-79.91812, 34.00779], [-79.91848, 34.00784], [-79.9195, 34.00774], [-79.9198, 34.00763], [-79.92032, 34.00722], [-79.92063, 34.00678], [-79.92104, 34.00676], [-79.92117, 34.00683], [-79.92117, 34.00717], [-79.92101, 34.00742], [-79.92068, 34.00775], [-79.92068, 34.00814], [-79.92082, 34.00832], [-79.92128, 34.0085], [-79.92206, 34.00864], [-79.92291, 34.00832], [-79.9237, 34.00814], [-79.92439, 34.00759], [-79.92464, 34.00749], [-79.92522, 34.00761], [-79.9253, 34.00777], [-79.9253, 34.00891], [-79.92566, 34.00928], [-79.92599, 34.00923], [-79.92673, 34.00896], [-79.92761, 34.00894], [-79.928, 34.00912], [-79.92797, 34.00949], [-79.92756, 34.00976], [-79.92703, 34.0099], [-79.92623, 34.00997], [-79.92555, 34.0102], [-79.9253, 34.01038], [-79.92533, 34.0107], [-79.92568, 34.01104], [-79.92684, 34.01098], [-79.9275, 34.0113], [-79.92841, 34.0113], [-79.92863, 34.01143], [-79.92893, 34.01187], [-79.9292, 34.01201], [-79.92962, 34.01194], [-79.93003, 34.01212], [-79.93011, 34.01244], [-79.92995, 34.01274], [-79.9292, 34.01331], [-79.92896, 34.01366], [-79.92926, 34.01395], [-79.92989, 34.01386], [-79.93022, 34.01395], [-79.93069, 34.01437], [-79.93108, 34.01501], [-79.93141, 34.01526], [-79.93218, 34.01514], [-79.93278, 34.01535], [-79.93344, 34.0159], [-79.93383, 34.01592], [-79.93435, 34.01556], [-79.93473, 34.01558], [-79.9349, 34.0165], [-79.93542, 34.01679], [-79.93652, 34.01682], [-79.93691, 34.01693], [-79.93704, 34.01709], [-79.93696, 34.01732], [-79.93633, 34.01759], [-79.93619, 34.01778], [-79.93622, 34.01799], [-79.93677, 34.01835], [-79.93724, 34.0184], [-79.93795, 34.01828], [-79.93814, 34.01801], [-79.93814, 34.01769], [-79.93831, 34.01757], [-79.93878, 34.0175], [-79.93911, 34.0173], [-79.93935, 34.01732], [-79.93979, 34.01753], [-79.94029, 34.01789], [-79.94068, 34.0178], [-79.94087, 34.01734], [-79.94208, 34.01762], [-79.94304, 34.01762], [-79.94351, 34.01773], [-79.9437, 34.01789], [-79.94392, 34.01856], [-79.94414, 34.01888], [-79.94431, 34.01895], [-79.94469, 34.0189], [-79.94494, 34.0187], [-79.9451, 34.01844], [-79.94527, 34.01837], [-79.94637, 34.0183], [-79.94692, 34.01796], [-79.9475, 34.01808], [-79.94747, 34.0192], [-79.9484, 34.01966], [-79.94852, 34.01995], [-79.94802, 34.02087], [-79.94673, 34.02188], [-79.94651, 34.0222], [-79.94653, 34.02263], [-79.94695, 34.02295], [-79.94739, 34.02311], [-79.94799, 34.02309], [-79.94821, 34.02298], [-79.9486, 34.02192], [-79.94887, 34.02174], [-79.94926, 34.02165], [-79.94987, 34.02165], [-79.95039, 34.02159], [-79.95072, 34.02156], [-79.95074, 34.02096], [-79.95082, 34.02078], [-79.95127, 34.02078], [-79.95187, 34.02103], [-79.95226, 34.02098], [-79.95264, 34.0205], [-79.95289, 34.02037], [-79.95322, 34.02039], [-79.95289, 34.02112], [-79.95286, 34.02137], [-79.95327, 34.02153], [-79.95369, 34.02144], [-79.95369, 34.02135], [-79.95418, 34.02096], [-79.95492, 34.02085], [-79.95569, 34.02055], [-79.95616, 34.02057], [-79.95745, 34.02105], [-79.95864, 34.0211], [-79.95875, 34.02117], [-79.95919, 34.02117], [-79.95957, 34.02135], [-79.95977, 34.02137], [-79.96048, 34.02229], [-79.96131, 34.02284], [-79.9615, 34.02284], [-79.9618, 34.02291], [-79.96276, 34.02286], [-79.96337, 34.02314], [-79.96356, 34.02332], [-79.96367, 34.02394], [-79.96436, 34.02414], [-79.96442, 34.0243], [-79.9645, 34.02433], [-79.96433, 34.02488], [-79.96433, 34.02511], [-79.9645, 34.02527], [-79.96491, 34.02545], [-79.96516, 34.02566], [-79.96532, 34.02598], [-79.96642, 34.02673], [-79.96703, 34.02685], [-79.96714, 34.02671], [-79.96714, 34.02652], [-79.96692, 34.02627], [-79.96695, 34.02597], [-79.96711, 34.02584], [-79.9675, 34.02586], [-79.96777, 34.02602], [-79.96794, 34.02643], [-79.96813, 34.02664], [-79.96882, 34.02682], [-79.96909, 34.02712], [-79.96915, 34.02758], [-79.96926, 34.02778], [-79.96989, 34.02776], [-79.97047, 34.02744], [-79.9705, 34.0273], [-79.97072, 34.02712], [-79.97107, 34.02701], [-79.97143, 34.02705], [-79.97182, 34.02822], [-79.97239, 34.02868], [-79.9727, 34.02879], [-79.97383, 34.02879], [-79.97424, 34.02897], [-79.97443, 34.02968], [-79.97482, 34.03001], [-79.97501, 34.03051], [-79.97622, 34.03174], [-79.97661, 34.032], [-79.97765, 34.03188], [-79.97782, 34.032], [-79.9779, 34.03213], [-79.97779, 34.03236], [-79.97779, 34.03271], [-79.97823, 34.03335], [-79.97834, 34.03371], [-79.97818, 34.03479], [-79.9784, 34.03491], [-79.97873, 34.03479], [-79.97895, 34.03449], [-79.9801, 34.03458], [-79.9804, 34.03465], [-79.98101, 34.035], [-79.98109, 34.0352], [-79.98109, 34.03573], [-79.98057, 34.03621], [-79.98043, 34.03678], [-79.98054, 34.03694], [-79.98082, 34.03688], [-79.98112, 34.03658], [-79.98137, 34.0366], [-79.98159, 34.03674], [-79.98189, 34.03715], [-79.98211, 34.03717], [-79.98244, 34.03701], [-79.98228, 34.0366], [-79.98228, 34.03623], [-79.98252, 34.03603], [-79.98294, 34.03603], [-79.98426, 34.0369], [-79.98442, 34.0371], [-79.98431, 34.03765], [-79.98437, 34.03793], [-79.98453, 34.03804], [-79.98537, 34.03791], [-79.98567, 34.03786], [-79.98571, 34.03786], [-79.98579, 34.03786], [-79.98621, 34.03788], [-79.98625, 34.0379], [-79.9863, 34.03792], [-79.98646, 34.03799], [-79.98643, 34.03829], [-79.9861, 34.03864], [-79.9861, 34.03893], [-79.9864, 34.03944], [-79.98684, 34.03951], [-79.98745, 34.03948], [-79.98836, 34.03925], [-79.98877, 34.03918], [-79.98929, 34.03916], [-79.99003, 34.03866], [-79.99028, 34.0387], [-79.99028, 34.03898], [-79.99015, 34.03914], [-79.99015, 34.03957], [-79.99023, 34.03971], [-79.9907, 34.03966], [-79.991, 34.03937], [-79.99133, 34.03927], [-79.99185, 34.03946], [-79.9921, 34.03976], [-79.99237, 34.04065], [-79.9929, 34.04122], [-79.99304, 34.04191], [-79.9935, 34.0426], [-79.99408, 34.04314], [-79.99419, 34.04335], [-79.99425, 34.0447], [-79.9943, 34.04479], [-79.99461, 34.04473], [-79.99507, 34.04433], [-79.99535, 34.04424], [-79.99582, 34.04427], [-79.99606, 34.0445], [-79.99612, 34.04539], [-79.99648, 34.04589], [-79.99692, 34.04598], [-79.99796, 34.04596], [-79.9984, 34.04601], [-79.99923, 34.04626], [-79.99979, 34.04626], [-80.0002, 34.04651], [-80.00087, 34.04628], [-80.00112, 34.04651], [-80.00112, 34.04678], [-80.00082, 34.0471], [-80.00013, 34.04749], [-79.99979, 34.04747], [-79.9994, 34.04731], [-79.99939, 34.04788], [-79.99966, 34.04798], [-79.99979, 34.04802], [-80.00024, 34.04804], [-80.00059, 34.04788], [-80.00073, 34.04767], [-80.00227, 34.04508], [-80.0066, 34.03784], [-80.00674, 34.03762], [-80.01148, 34.03008], [-80.01157, 34.02992], [-80.02398, 34.01249], [-80.02656, 34.00886], [-80.0267, 34.00863], [-80.02672, 34.00861], [-80.02676, 34.00854], [-80.02679, 34.00854], [-80.02932, 34.0085], [-80.03429, 34.00843], [-80.03674, 34.00838], [-80.04786, 34.00825], [-80.04917, 34.00823], [-80.05041, 34.00822], [-80.05068, 34.00822], [-80.05143, 34.00823], [-80.06652, 34.00798], [-80.06799, 34.00796], [-80.07036, 34.00792], [-80.07267, 34.00658], [-80.0727, 34.00656], [-80.08279, 34.00016], [-80.0844, 33.99931], [-80.08444, 33.99929], [-80.08949, 33.9965], [-80.0962, 33.99301], [-80.10029, 33.99088], [-80.10665, 33.98754], [-80.10917, 33.98643], [-80.1133, 33.98439], [-80.11806, 33.98162], [-80.1181, 33.98159], [-80.12047, 33.98043], [-80.1248, 33.97812], [-80.12787, 33.97651], [-80.13581, 33.97236], [-80.14848, 33.96574], [-80.16192, 33.95875], [-80.16468, 33.95731], [-80.16713, 33.95621], [-80.16725, 33.95616], [-80.16777, 33.956], [-80.18037, 33.952], [-80.18007, 33.95156], [-80.17993, 33.95081], [-80.17991, 33.95064], [-80.17987, 33.9503], [-80.17979, 33.94979], [-80.17976, 33.94862], [-80.17965, 33.94834], [-80.17959, 33.9483], [-80.17929, 33.94745], [-80.17926, 33.94676], [-80.17937, 33.9463], [-80.1797, 33.94525], [-80.17978, 33.94476], [-80.17992, 33.94444], [-80.18017, 33.94344], [-80.18022, 33.94252], [-80.18038, 33.941], [-80.18055, 33.94043], [-80.18055, 33.93963], [-80.18047, 33.93956], [-80.18035, 33.9391], [-80.18033, 33.93841], [-80.18027, 33.93821], [-80.18022, 33.9377], [-80.18016, 33.93745], [-80.18013, 33.93708], [-80.17994, 33.9366], [-80.17969, 33.9363], [-80.17947, 33.93589], [-80.17942, 33.93562], [-80.17941, 33.93484], [-80.17991, 33.93364], [-80.18043, 33.9328], [-80.18095, 33.93206], [-80.18111, 33.93158], [-80.18114, 33.93117], [-80.18128, 33.93098], [-80.18161, 33.9303], [-80.18167, 33.93002], [-80.18177, 33.92993], [-80.1818, 33.9297], [-80.18188, 33.92952], [-80.18197, 33.92945], [-80.1821, 33.92888], [-80.18219, 33.92869], [-80.18227, 33.92842], [-80.18238, 33.92817], [-80.18249, 33.92778], [-80.18274, 33.92725], [-80.1829, 33.92645]]]}}, {"type": "Feature", "properties": {"tract_id": "45085000201", "name": "Census Tract 2.01", "pct_white_2020": 57.1, "pct_black_2020": 26.1, "pct_hispanic_2020": 6.1, "pct_asian_2020": 1.8, "population_2020": 3798}, "geometry": {"type": "Polygon", "coordinates": [[[-80.6467, 33.99807], [-80.64671, 33.99796], [-80.64659, 33.99765], [-80.64626, 33.99683], [-80.64594, 33.99653], [-80.64566, 33.99627], [-80.64562, 33.99623], [-80.64545, 33.99608], [-80.64493, 33.99597], [-80.64491, 33.99597], [-80.64335, 33.99625], [-80.64264, 33.99643], [-80.64201, 33.9966], [-80.64189, 33.99656], [-80.64115, 33.99636], [-80.6405, 33.99566], [-80.64024, 33.99529], [-80.63959, 33.99435], [-80.63926, 33.99341], [-80.6392, 33.9919], [-80.63938, 33.99068], [-80.64002, 33.99011], [-80.64074, 33.98985], [-80.64114, 33.98971], [-80.6424, 33.98954], [-80.64286, 33.98942], [-80.64301, 33.98937], [-80.64324, 33.98931], [-80.64347, 33.98925], [-80.64362, 33.98921], [-80.64397, 33.98912], [-80.64436, 33.98858], [-80.64433, 33.98818], [-80.64432, 33.98804], [-80.6442, 33.98786], [-80.64413, 33.98775], [-80.64409, 33.98769], [-80.64398, 33.98752], [-80.64391, 33.98747], [-80.64388, 33.98745], [-80.64378, 33.98736], [-80.64342, 33.98709], [-80.64336, 33.98704], [-80.64236, 33.98667], [-80.64218, 33.98659], [-80.64177, 33.98642], [-80.64161, 33.98636], [-80.64131, 33.98581], [-80.64122, 33.98564], [-80.64127, 33.98473], [-80.64121, 33.98382], [-80.64115, 33.98347], [-80.64113, 33.98332], [-80.6408, 33.98277], [-80.64057, 33.98257], [-80.64018, 33.98223], [-80.63982, 33.98203], [-80.63956, 33.98188], [-80.63952, 33.98185], [-80.63946, 33.98182], [-80.6394, 33.98178], [-80.63936, 33.98176], [-80.63931, 33.98173], [-80.63842, 33.98125], [-80.63773, 33.98069], [-80.63677, 33.97991], [-80.63595, 33.9793], [-80.63587, 33.97926], [-80.63493, 33.97881], [-80.63491, 33.9788], [-80.6349, 33.9788], [-80.63426, 33.97861], [-80.63368, 33.97843], [-80.63258, 33.97808], [-80.63238, 33.97801], [-80.63206, 33.9779], [-80.63183, 33.97779], [-80.63179, 33.97775], [-80.63178, 33.97774], [-80.63151, 33.97746], [-80.63093, 33.9768], [-80.63054, 33.97597], [-80.63044, 33.97577], [-80.63056, 33.97487], [-80.63067, 33.97422], [-80.63081, 33.97343], [-80.63079, 33.97254], [-80.63081, 33.97159], [-80.63109, 33.97029], [-80.63135, 33.96964], [-80.63142, 33.96955], [-80.632, 33.96888], [-80.6328, 33.96816], [-80.63293, 33.96797], [-80.63293, 33.96796], [-80.63298, 33.96789], [-80.63305, 33.96778], [-80.63313, 33.96766], [-80.63317, 33.9676], [-80.63318, 33.96758], [-80.63319, 33.96757], [-80.6332, 33.96756], [-80.63322, 33.96752], [-80.63323, 33.96751], [-80.63327, 33.96745], [-80.63338, 33.96697], [-80.63331, 33.96685], [-80.63315, 33.96655], [-80.63254, 33.96611], [-80.63165, 33.96562], [-80.63143, 33.9655], [-80.63102, 33.96537], [-80.631, 33.96537], [-80.63004, 33.96506], [-80.62894, 33.96471], [-80.6282, 33.96482], [-80.62736, 33.96535], [-80.62727, 33.96545], [-80.62658, 33.9662], [-80.62617, 33.96665], [-80.62607, 33.96676], [-80.62551, 33.96742], [-80.62481, 33.96784], [-80.62429, 33.9681], [-80.62395, 33.96828], [-80.62358, 33.96828], [-80.62342, 33.96828], [-80.62329, 33.96827], [-80.62296, 33.96814], [-80.62281, 33.96809], [-80.62279, 33.96808], [-80.62207, 33.96782], [-80.62019, 33.96714], [-80.61991, 33.96707], [-80.6192, 33.96689], [-80.61918, 33.96688], [-80.61884, 33.96679], [-80.61875, 33.96677], [-80.6183, 33.96665], [-80.61807, 33.96659], [-80.61784, 33.96653], [-80.6175, 33.96644], [-80.61735, 33.96632], [-80.61711, 33.96613], [-80.61689, 33.96595], [-80.61673, 33.96583], [-80.61576, 33.96547], [-80.61573, 33.96527], [-80.61529, 33.96242], [-80.61581, 33.96179], [-80.61584, 33.96179], [-80.61673, 33.9616], [-80.61706, 33.96169], [-80.61761, 33.96184], [-80.61765, 33.96185], [-80.61851, 33.96275], [-80.61889, 33.96296], [-80.61899, 33.96302], [-80.61942, 33.96315], [-80.61958, 33.9632], [-80.61978, 33.96302], [-80.62029, 33.96257], [-80.62053, 33.96202], [-80.62069, 33.96162], [-80.62079, 33.9614], [-80.62098, 33.96092], [-80.6211, 33.96062], [-80.62084, 33.95947], [-80.62039, 33.95883], [-80.62031, 33.95872], [-80.61986, 33.95846], [-80.61976, 33.95844], [-80.61974, 33.95844], [-80.61941, 33.95839], [-80.61863, 33.95828], [-80.61835, 33.95827], [-80.61805, 33.95825], [-80.61802, 33.95822], [-80.61782, 33.95794], [-80.61774, 33.95782], [-80.61774, 33.95725], [-80.6179, 33.95701], [-80.61808, 33.95673], [-80.61812, 33.95666], [-80.61818, 33.95659], [-80.61832, 33.95658], [-80.6184, 33.95658], [-80.6188, 33.95658], [-80.61892, 33.95658], [-80.61998, 33.95677], [-80.62001, 33.95678], [-80.6204, 33.95689], [-80.62077, 33.957], [-80.62094, 33.95705], [-80.62147, 33.95745], [-80.62178, 33.95756], [-80.62184, 33.95758], [-80.62213, 33.95773], [-80.62229, 33.95781], [-80.62236, 33.95778], [-80.62297, 33.95749], [-80.623, 33.95741], [-80.62311, 33.95718], [-80.62318, 33.95703], [-80.62331, 33.95676], [-80.62338, 33.95659], [-80.62345, 33.95645], [-80.62362, 33.95604], [-80.62321, 33.95553], [-80.62319, 33.95552], [-80.62265, 33.95511], [-80.62128, 33.95468], [-80.62047, 33.95437], [-80.62027, 33.95407], [-80.6201, 33.95382], [-80.62045, 33.95308], [-80.62046, 33.95305], [-80.62064, 33.95287], [-80.62104, 33.95246], [-80.62132, 33.95244], [-80.6216, 33.95243], [-80.6219, 33.95242], [-80.62201, 33.95241], [-80.62281, 33.95231], [-80.62282, 33.95231], [-80.62311, 33.9523], [-80.62313, 33.9523], [-80.62339, 33.9523], [-80.6239, 33.95228], [-80.62423, 33.95225], [-80.62449, 33.95223], [-80.62451, 33.95223], [-80.62481, 33.9522], [-80.62548, 33.9519], [-80.62563, 33.95178], [-80.62611, 33.95144], [-80.62696, 33.95089], [-80.62751, 33.95035], [-80.62799, 33.94955], [-80.62812, 33.94919], [-80.62826, 33.94878], [-80.62818, 33.94799], [-80.62817, 33.94791], [-80.62816, 33.94779], [-80.62814, 33.94767], [-80.62814, 33.94759], [-80.62813, 33.94746], [-80.62804, 33.94709], [-80.62801, 33.94697], [-80.62778, 33.94699], [-80.62734, 33.94703], [-80.62702, 33.94705], [-80.62424, 33.94732], [-80.62214, 33.94754], [-80.61885, 33.94785], [-80.61631, 33.94809], [-80.61616, 33.9481], [-80.61333, 33.94837], [-80.60828, 33.94884], [-80.60745, 33.94892], [-80.60562, 33.94908], [-80.60367, 33.94926], [-80.59631, 33.94996], [-80.59374, 33.9502], [-80.58402, 33.9511], [-80.58328, 33.95117], [-80.58299, 33.95119], [-80.57962, 33.95151], [-80.57749, 33.9517], [-80.57721, 33.95173], [-80.57704, 33.95175], [-80.57685, 33.95177], [-80.57675, 33.95178], [-80.57665, 33.95179], [-80.57534, 33.95191], [-80.57123, 33.95228], [-80.56837, 33.95255], [-80.56785, 33.95259], [-80.56684, 33.95264], [-80.56629, 33.95263], [-80.56577, 33.95263], [-80.56528, 33.9526], [-80.56475, 33.95258], [-80.56428, 33.95253], [-80.56412, 33.95251], [-80.56322, 33.9524], [-80.56264, 33.95231], [-80.56167, 33.95212], [-80.56034, 33.9518], [-80.55486, 33.95054], [-80.55379, 33.9503], [-80.54822, 33.94899], [-80.54783, 33.9489], [-80.54681, 33.94865], [-80.54424, 33.94805], [-80.54237, 33.94761], [-80.54101, 33.9473], [-80.54079, 33.94725], [-80.53963, 33.94696], [-80.5379, 33.94655], [-80.53675, 33.94629], [-80.53639, 33.94622], [-80.53589, 33.94612], [-80.53555, 33.94606], [-80.53528, 33.94602], [-80.53476, 33.94595], [-80.53405, 33.94587], [-80.53328, 33.94582], [-80.53126, 33.94571], [-80.52991, 33.94564], [-80.52584, 33.94543], [-80.52571, 33.94541], [-80.52402, 33.94532], [-80.52297, 33.94527], [-80.52182, 33.94522], [-80.52062, 33.94513], [-80.51891, 33.94505], [-80.51797, 33.94499], [-80.51753, 33.94498], [-80.51716, 33.94496], [-80.51667, 33.94495], [-80.5165, 33.94496], [-80.51632, 33.94497], [-80.51612, 33.94498], [-80.51599, 33.94499], [-80.51548, 33.94503], [-80.515, 33.9451], [-80.51472, 33.94516], [-80.5141, 33.94529], [-80.51384, 33.94536], [-80.51355, 33.94545], [-80.51305, 33.9456], [-80.51223, 33.94584], [-80.5107, 33.9463], [-80.50903, 33.9468], [-80.50746, 33.94728], [-80.50632, 33.94762], [-80.50523, 33.94794], [-80.50353, 33.94845], [-80.5031, 33.94859], [-80.50239, 33.94885], [-80.50211, 33.94896], [-80.50151, 33.94921], [-80.50101, 33.94943], [-80.50082, 33.94952], [-80.50049, 33.94968], [-80.49987, 33.95], [-80.49883, 33.95054], [-80.49744, 33.95126], [-80.49679, 33.95162], [-80.49558, 33.95225], [-80.49467, 33.95272], [-80.49438, 33.95285], [-80.49397, 33.95303], [-80.49379, 33.9531], [-80.4937, 33.95313], [-80.49287, 33.95344], [-80.49177, 33.95384], [-80.49168, 33.95387], [-80.49175, 33.954], [-80.49182, 33.95397], [-80.49181, 33.9541], [-80.49155, 33.95788], [-80.49153, 33.95796], [-80.4914, 33.95943], [-80.49139, 33.95957], [-80.49137, 33.95969], [-80.49137, 33.95978], [-80.49104, 33.96555], [-80.49151, 33.96559], [-80.49248, 33.96565], [-80.49257, 33.96565], [-80.49255, 33.96604], [-80.49248, 33.96679], [-80.49246, 33.96692], [-80.49245, 33.96702], [-80.49242, 33.96757], [-80.49234, 33.96812], [-80.49235, 33.96816], [-80.49237, 33.96823], [-80.49226, 33.96831], [-80.49219, 33.96836], [-80.49179, 33.96872], [-80.4917, 33.96881], [-80.49106, 33.96881], [-80.49096, 33.96881], [-80.49093, 33.96896], [-80.49081, 33.96915], [-80.49071, 33.96994], [-80.49091, 33.96994], [-80.49258, 33.97003], [-80.49312, 33.97006], [-80.49367, 33.97008], [-80.49366, 33.97012], [-80.49354, 33.97107], [-80.49352, 33.97123], [-80.49321, 33.97256], [-80.49294, 33.97252], [-80.49214, 33.9725], [-80.49142, 33.97248], [-80.49009, 33.97244], [-80.49008, 33.97251], [-80.48995, 33.97308], [-80.48994, 33.97315], [-80.48978, 33.9739], [-80.48943, 33.97553], [-80.48932, 33.97603], [-80.48887, 33.9781], [-80.48837, 33.9805], [-80.48831, 33.98074], [-80.48826, 33.98114], [-80.48824, 33.98149], [-80.48826, 33.98201], [-80.48828, 33.98213], [-80.48832, 33.98237], [-80.48837, 33.98264], [-80.48842, 33.98282], [-80.4885, 33.98308], [-80.48859, 33.98331], [-80.4887, 33.98355], [-80.4888, 33.98373], [-80.48883, 33.98378], [-80.48906, 33.98422], [-80.48985, 33.98556], [-80.4905, 33.98669], [-80.49097, 33.98747], [-80.49104, 33.98759], [-80.49122, 33.9879], [-80.49158, 33.98851], [-80.49171, 33.98873], [-80.49189, 33.98904], [-80.49365, 33.99204], [-80.49399, 33.99263], [-80.49411, 33.99282], [-80.4942, 33.99297], [-80.49424, 33.99304], [-80.4944, 33.99332], [-80.49446, 33.99342], [-80.49559, 33.99351], [-80.4962, 33.99354], [-80.49671, 33.99355], [-80.49737, 33.99356], [-80.49765, 33.99357], [-80.4979, 33.99357], [-80.49874, 33.99358], [-80.49882, 33.99358], [-80.49963, 33.99355], [-80.50023, 33.99353], [-80.50165, 33.99348], [-80.50225, 33.99345], [-80.50261, 33.99344], [-80.503, 33.99342], [-80.50354, 33.99341], [-80.50405, 33.99345], [-80.50421, 33.99347], [-80.50437, 33.99349], [-80.5049, 33.99356], [-80.50506, 33.99358], [-80.506, 33.9937], [-80.50735, 33.99387], [-80.50796, 33.99397], [-80.50817, 33.99401], [-80.50902, 33.99416], [-80.50991, 33.99433], [-80.51034, 33.99441], [-80.51062, 33.99446], [-80.51082, 33.9945], [-80.51098, 33.99452], [-80.51119, 33.99454], [-80.51136, 33.99456], [-80.51185, 33.99461], [-80.51332, 33.99474], [-80.51562, 33.9949], [-80.51585, 33.99492], [-80.51656, 33.99498], [-80.51715, 33.99501], [-80.51749, 33.99501], [-80.51779, 33.99499], [-80.51786, 33.99499], [-80.51795, 33.99498], [-80.51816, 33.99494], [-80.51963, 33.99463], [-80.51992, 33.99458], [-80.52013, 33.99455], [-80.52033, 33.99453], [-80.52056, 33.99452], [-80.52066, 33.99451], [-80.521, 33.99453], [-80.52118, 33.99455], [-80.52136, 33.99458], [-80.52155, 33.99464], [-80.52169, 33.99467], [-80.52182, 33.99471], [-80.52202, 33.99478], [-80.52218, 33.99485], [-80.52234, 33.99493], [-80.52254, 33.99505], [-80.52273, 33.99519], [-80.52402, 33.99615], [-80.525, 33.99689], [-80.52541, 33.9972], [-80.52544, 33.99722], [-80.52591, 33.99756], [-80.52712, 33.99847], [-80.5273, 33.9986], [-80.52938, 34.00015], [-80.52968, 34.00033], [-80.52993, 34.00043], [-80.53004, 34.00047], [-80.53025, 34.00054], [-80.5305, 34.0006], [-80.53084, 34.00066], [-80.53096, 34.00067], [-80.53107, 34.00067], [-80.53114, 34.00067], [-80.53176, 34.00068], [-80.532, 34.00067], [-80.53227, 34.00067], [-80.53297, 34.00067], [-80.53391, 34.00069], [-80.53435, 34.00072], [-80.53441, 34.00072], [-80.53576, 34.00085], [-80.53614, 34.00088], [-80.5371, 34.00097], [-80.53799, 34.00106], [-80.54076, 34.0013], [-80.54079, 34.00323], [-80.5408, 34.0038], [-80.5408, 34.00498], [-80.5408, 34.00542], [-80.5408, 34.00557], [-80.54079, 34.00673], [-80.54078, 34.00808], [-80.54072, 34.00911], [-80.54072, 34.00919], [-80.54071, 34.0093], [-80.54067, 34.00982], [-80.54064, 34.01028], [-80.54063, 34.01037], [-80.54062, 34.01056], [-80.54061, 34.01064], [-80.54055, 34.0114], [-80.5405, 34.01183], [-80.54049, 34.01198], [-80.54044, 34.01242], [-80.5402, 34.01406], [-80.53992, 34.01594], [-80.53981, 34.01663], [-80.53947, 34.0189], [-80.53942, 34.01926], [-80.53898, 34.02221], [-80.53849, 34.02547], [-80.53839, 34.02615], [-80.53833, 34.02653], [-80.53823, 34.02721], [-80.53822, 34.02728], [-80.53805, 34.02836], [-80.53793, 34.02917], [-80.53782, 34.02985], [-80.53758, 34.0314], [-80.53753, 34.03179], [-80.53742, 34.03255], [-80.53742, 34.03256], [-80.53739, 34.03276], [-80.53733, 34.03308], [-80.53727, 34.03342], [-80.53717, 34.03382], [-80.53711, 34.03407], [-80.53699, 34.03448], [-80.53692, 34.03469], [-80.53686, 34.03488], [-80.53676, 34.03522], [-80.53672, 34.03532], [-80.53636, 34.03654], [-80.53611, 34.03741], [-80.53601, 34.03773], [-80.53581, 34.03843], [-80.53575, 34.03863], [-80.53564, 34.03895], [-80.53555, 34.03922], [-80.53546, 34.03963], [-80.53542, 34.03985], [-80.5354, 34.04003], [-80.53549, 34.04003], [-80.53593, 34.04008], [-80.53609, 34.04011], [-80.53635, 34.04022], [-80.53677, 34.04037], [-80.53712, 34.04052], [-80.53745, 34.0406], [-80.53767, 34.0407], [-80.538, 34.0408], [-80.53813, 34.04086], [-80.53821, 34.04092], [-80.53829, 34.04095], [-80.53879, 34.04108], [-80.53941, 34.04118], [-80.53971, 34.04123], [-80.5402, 34.04123], [-80.54041, 34.0412], [-80.54084, 34.04111], [-80.54119, 34.04109], [-80.54181, 34.04118], [-80.54191, 34.04123], [-80.54221, 34.04149], [-80.54242, 34.04174], [-80.54263, 34.04195], [-80.54272, 34.04209], [-80.54284, 34.04223], [-80.54304, 34.04251], [-80.54315, 34.04272], [-80.54322, 34.04295], [-80.54325, 34.04344], [-80.54324, 34.04352], [-80.54342, 34.04352], [-80.54354, 34.04355], [-80.54418, 34.04379], [-80.54484, 34.04417], [-80.54552, 34.04468], [-80.54571, 34.04479], [-80.54595, 34.0449], [-80.54613, 34.0449], [-80.54623, 34.04488], [-80.54644, 34.04476], [-80.54679, 34.0445], [-80.5471, 34.04429], [-80.54712, 34.04426], [-80.54716, 34.04424], [-80.54739, 34.04409], [-80.54752, 34.04399], [-80.5476, 34.04389], [-80.54772, 34.04368], [-80.54776, 34.04353], [-80.54778, 34.04323], [-80.54772, 34.04281], [-80.54771, 34.04261], [-80.54774, 34.04249], [-80.54788, 34.04224], [-80.54797, 34.04217], [-80.54815, 34.04209], [-80.54835, 34.04202], [-80.54861, 34.04197], [-80.54876, 34.04196], [-80.54891, 34.04198], [-80.54933, 34.04208], [-80.54996, 34.04229], [-80.5506, 34.04257], [-80.55101, 34.04269], [-80.5513, 34.04282], [-80.55145, 34.04292], [-80.5517, 34.04317], [-80.55171, 34.04321], [-80.55178, 34.04324], [-80.55185, 34.04332], [-80.55196, 34.04338], [-80.55199, 34.04341], [-80.55231, 34.04356], [-80.55254, 34.04364], [-80.55284, 34.04368], [-80.55306, 34.0437], [-80.5533, 34.04368], [-80.5536, 34.04369], [-80.55382, 34.04367], [-80.55429, 34.04357], [-80.55469, 34.04352], [-80.55524, 34.04333], [-80.5557, 34.04313], [-80.55606, 34.04303], [-80.55626, 34.04303], [-80.55697, 34.04312], [-80.55722, 34.04317], [-80.55793, 34.04323], [-80.55829, 34.04323], [-80.55855, 34.0432], [-80.55869, 34.04317], [-80.55885, 34.0431], [-80.55934, 34.04293], [-80.55984, 34.04269], [-80.56025, 34.04262], [-80.56066, 34.04266], [-80.56104, 34.04274], [-80.56132, 34.04284], [-80.56155, 34.04297], [-80.56184, 34.04305], [-80.56194, 34.04306], [-80.56217, 34.04305], [-80.56235, 34.043], [-80.56253, 34.04294], [-80.56288, 34.04272], [-80.56328, 34.04256], [-80.5639, 34.04221], [-80.5641, 34.04212], [-80.56422, 34.04209], [-80.565, 34.04199], [-80.5654, 34.04202], [-80.56583, 34.04197], [-80.56593, 34.04194], [-80.56622, 34.04178], [-80.56662, 34.04163], [-80.56698, 34.04142], [-80.56742, 34.04107], [-80.5677, 34.04088], [-80.56793, 34.04071], [-80.56797, 34.04066], [-80.56806, 34.0406], [-80.56824, 34.04042], [-80.56842, 34.04026], [-80.56847, 34.04024], [-80.56862, 34.0401], [-80.56882, 34.03994], [-80.56888, 34.03991], [-80.56894, 34.03987], [-80.56927, 34.03973], [-80.56941, 34.03964], [-80.56947, 34.03956], [-80.56959, 34.03938], [-80.56975, 34.03885], [-80.56987, 34.03827], [-80.57001, 34.03803], [-80.57024, 34.03771], [-80.57051, 34.03747], [-80.57097, 34.03721], [-80.57149, 34.037], [-80.57194, 34.03687], [-80.57248, 34.03679], [-80.57264, 34.03678], [-80.57281, 34.03674], [-80.57296, 34.03667], [-80.57316, 34.03648], [-80.57341, 34.03631], [-80.57405, 34.03613], [-80.57427, 34.03613], [-80.57467, 34.03617], [-80.57495, 34.03615], [-80.57511, 34.03617], [-80.57537, 34.0363], [-80.57553, 34.03632], [-80.57573, 34.03629], [-80.57581, 34.03624], [-80.57594, 34.0362], [-80.57607, 34.03618], [-80.57618, 34.03621], [-80.57625, 34.0363], [-80.57634, 34.03669], [-80.5764, 34.03686], [-80.57642, 34.03691], [-80.57656, 34.03699], [-80.57667, 34.03701], [-80.57683, 34.037], [-80.57701, 34.03694], [-80.57715, 34.03693], [-80.5774, 34.03695], [-80.57761, 34.037], [-80.57801, 34.03716], [-80.57817, 34.03727], [-80.57837, 34.0375], [-80.57848, 34.03772], [-80.57855, 34.03791], [-80.57861, 34.03802], [-80.57872, 34.03811], [-80.57913, 34.03865], [-80.5793, 34.03882], [-80.57946, 34.03891], [-80.58003, 34.0391], [-80.5811, 34.03965], [-80.58232, 34.04005], [-80.58296, 34.04023], [-80.58308, 34.04028], [-80.58318, 34.04035], [-80.58339, 34.04054], [-80.58348, 34.04067], [-80.58348, 34.0407], [-80.58353, 34.04076], [-80.58373, 34.04106], [-80.58378, 34.04113], [-80.58397, 34.04134], [-80.58454, 34.04176], [-80.58471, 34.04186], [-80.58492, 34.04192], [-80.58501, 34.04202], [-80.58511, 34.0422], [-80.58527, 34.04236], [-80.5853, 34.04239], [-80.58545, 34.04242], [-80.58565, 34.04241], [-80.58584, 34.04237], [-80.58597, 34.0424], [-80.58613, 34.04249], [-80.58631, 34.04265], [-80.58651, 34.04276], [-80.58672, 34.04302], [-80.58682, 34.04311], [-80.58688, 34.04314], [-80.58708, 34.04326], [-80.58733, 34.04338], [-80.58757, 34.04345], [-80.58779, 34.04347], [-80.58808, 34.04347], [-80.58819, 34.04346], [-80.5886, 34.04334], [-80.58894, 34.0432], [-80.58914, 34.04309], [-80.58915, 34.04306], [-80.58919, 34.04305], [-80.58932, 34.04293], [-80.58943, 34.04273], [-80.58968, 34.0424], [-80.58979, 34.04228], [-80.59, 34.04214], [-80.59015, 34.04207], [-80.59047, 34.04198], [-80.59073, 34.04188], [-80.59123, 34.04173], [-80.5914, 34.04164], [-80.59172, 34.0416], [-80.59269, 34.04162], [-80.59309, 34.04155], [-80.59356, 34.0415], [-80.5941, 34.04135], [-80.59449, 34.04131], [-80.59463, 34.04131], [-80.59513, 34.04137], [-80.59557, 34.04134], [-80.59605, 34.04144], [-80.59645, 34.04147], [-80.59697, 34.04146], [-80.59766, 34.04138], [-80.5979, 34.04133], [-80.59815, 34.04128], [-80.59842, 34.04119], [-80.5986, 34.04112], [-80.59871, 34.04104], [-80.59897, 34.04077], [-80.59929, 34.04037], [-80.59945, 34.04025], [-80.59999, 34.03999], [-80.6005, 34.03986], [-80.60087, 34.0394], [-80.60095, 34.03939], [-80.60071, 34.03892], [-80.60065, 34.03821], [-80.60061, 34.03778], [-80.60072, 34.03674], [-80.60104, 34.03593], [-80.60208, 34.03525], [-80.6022, 34.03521], [-80.60326, 34.03487], [-80.60337, 34.03481], [-80.60351, 34.03474], [-80.6037, 34.03464], [-80.6039, 34.03453], [-80.60403, 34.03446], [-80.6043, 34.03432], [-80.60457, 34.0338], [-80.60464, 34.03366], [-80.60526, 34.03243], [-80.60596, 34.03155], [-80.60626, 34.03119], [-80.60656, 34.03089], [-80.60684, 34.03063], [-80.60746, 34.03003], [-80.60763, 34.0298], [-80.60786, 34.0295], [-80.60802, 34.02929], [-80.60817, 34.02868], [-80.60821, 34.02852], [-80.608, 34.02755], [-80.60669, 34.02682], [-80.60666, 34.02682], [-80.60579, 34.027], [-80.60564, 34.02703], [-80.60545, 34.02707], [-80.60445, 34.0273], [-80.60411, 34.02738], [-80.60378, 34.02745], [-80.60349, 34.02736], [-80.60304, 34.02722], [-80.60222, 34.02636], [-80.60218, 34.02607], [-80.6021, 34.02543], [-80.60209, 34.02539], [-80.60209, 34.02536], [-80.60212, 34.02531], [-80.60214, 34.02528], [-80.60241, 34.02492], [-80.60285, 34.02434], [-80.60344, 34.02408], [-80.60386, 34.0239], [-80.6045, 34.02362], [-80.60593, 34.02373], [-80.6061, 34.02375], [-80.60666, 34.02384], [-80.60865, 34.02462], [-80.61012, 34.02481], [-80.61281, 34.02497], [-80.61458, 34.02507], [-80.61508, 34.02491], [-80.61515, 34.02489], [-80.61547, 34.02446], [-80.6153, 34.02366], [-80.61542, 34.02248], [-80.61546, 34.02203], [-80.6156, 34.02154], [-80.61592, 34.02083], [-80.61763, 34.01833], [-80.61866, 34.01668], [-80.62003, 34.01536], [-80.621, 34.01459], [-80.62119, 34.01444], [-80.62224, 34.01379], [-80.62345, 34.01344], [-80.62383, 34.01344], [-80.62481, 34.01342], [-80.6252, 34.01353], [-80.62612, 34.01381], [-80.62669, 34.01351], [-80.6275, 34.01311], [-80.62805, 34.01189], [-80.62803, 34.01157], [-80.62801, 34.01114], [-80.62786, 34.0102], [-80.62785, 34.01017], [-80.62779, 34.0098], [-80.62775, 34.00956], [-80.62743, 34.00868], [-80.62743, 34.00867], [-80.6273, 34.00832], [-80.62729, 34.0083], [-80.62724, 34.00815], [-80.62718, 34.008], [-80.62708, 34.0077], [-80.62703, 34.00755], [-80.62678, 34.00678], [-80.62668, 34.00655], [-80.62587, 34.00474], [-80.62529, 34.0037], [-80.62551, 34.00311], [-80.62591, 34.00297], [-80.62612, 34.0029], [-80.62665, 34.00285], [-80.62719, 34.00301], [-80.62821, 34.00363], [-80.62863, 34.00388], [-80.62986, 34.00472], [-80.63165, 34.00585], [-80.63274, 34.00674], [-80.63433, 34.00768], [-80.63449, 34.00776], [-80.63494, 34.00797], [-80.63599, 34.00803], [-80.63691, 34.00773], [-80.63711, 34.00766], [-80.63727, 34.00761], [-80.63741, 34.00714], [-80.63747, 34.00694], [-80.63758, 34.00658], [-80.63765, 34.00635], [-80.63754, 34.00553], [-80.63751, 34.00549], [-80.63732, 34.00517], [-80.63727, 34.00507], [-80.63718, 34.00493], [-80.63704, 34.00484], [-80.63696, 34.00479], [-80.63694, 34.00478], [-80.6368, 34.0047], [-80.63652, 34.00453], [-80.6364, 34.0044], [-80.63629, 34.00428], [-80.63628, 34.00427], [-80.63623, 34.00421], [-80.63616, 34.00417], [-80.63571, 34.00393], [-80.63556, 34.00385], [-80.63554, 34.00384], [-80.6355, 34.00381], [-80.63549, 34.0038], [-80.63548, 34.00378], [-80.63499, 34.00287], [-80.6349, 34.00198], [-80.63537, 34.00147], [-80.63539, 34.00145], [-80.63632, 34.00127], [-80.63711, 34.00117], [-80.63784, 34.00089], [-80.63886, 34.00061], [-80.63884, 34.00037], [-80.63929, 34.00008], [-80.64005, 33.99984], [-80.64009, 33.99983], [-80.6403, 33.99974], [-80.64078, 33.99952], [-80.64099, 33.99943], [-80.64134, 33.99939], [-80.64145, 33.99937], [-80.64155, 33.99936], [-80.64177, 33.99933], [-80.64207, 33.99929], [-80.6423, 33.99929], [-80.64242, 33.99929], [-80.64255, 33.99929], [-80.64272, 33.99929], [-80.643, 33.99939], [-80.64316, 33.99945], [-80.64332, 33.99951], [-80.64358, 33.99961], [-80.64472, 33.99993], [-80.64474, 33.99992], [-80.64558, 33.99987], [-80.64576, 33.99982], [-80.64582, 33.99981], [-80.64591, 33.99978], [-80.646, 33.99976], [-80.64606, 33.99974], [-80.64638, 33.99966], [-80.6464, 33.9996], [-80.6466, 33.99901], [-80.64666, 33.99846], [-80.6467, 33.99807]]]}}, {"type": "Feature", "properties": {"tract_id": "45085001801", "name": "Census Tract 18.01", "pct_white_2020": 63.4, "pct_black_2020": 33.3, "pct_hispanic_2020": 0.3, "pct_asian_2020": 0.3, "population_2020": 4117}, "geometry": {"type": "Polygon", "coordinates": [[[-80.63352, 33.85267], [-80.63355, 33.85268], [-80.63352, 33.85253], [-80.63351, 33.85247], [-80.6335, 33.85239], [-80.63349, 33.8523], [-80.63348, 33.85225], [-80.63343, 33.85199], [-80.63339, 33.85174], [-80.63319, 33.85124], [-80.63309, 33.851], [-80.63303, 33.85086], [-80.63295, 33.85066], [-80.63286, 33.85045], [-80.6328, 33.85031], [-80.63278, 33.85028], [-80.63275, 33.85022], [-80.63271, 33.85017], [-80.63269, 33.85013], [-80.63193, 33.8489], [-80.63097, 33.84735], [-80.62968, 33.84659], [-80.62874, 33.8461], [-80.62823, 33.84584], [-80.62768, 33.8454], [-80.62764, 33.84523], [-80.62753, 33.84489], [-80.62749, 33.84473], [-80.62777, 33.84386], [-80.62779, 33.84381], [-80.62783, 33.84351], [-80.62796, 33.84272], [-80.62797, 33.84266], [-80.62666, 33.84163], [-80.62598, 33.84156], [-80.62518, 33.84149], [-80.62488, 33.84146], [-80.62481, 33.84145], [-80.62398, 33.84153], [-80.62368, 33.84155], [-80.62359, 33.84152], [-80.62345, 33.84148], [-80.62331, 33.84144], [-80.62321, 33.84141], [-80.62317, 33.8414], [-80.62307, 33.84137], [-80.62306, 33.84134], [-80.62303, 33.8413], [-80.6229, 33.84103], [-80.62279, 33.84082], [-80.62252, 33.8402], [-80.6224, 33.83992], [-80.62238, 33.83988], [-80.62208, 33.83952], [-80.62188, 33.8395], [-80.62121, 33.83944], [-80.62032, 33.83944], [-80.61977, 33.83942], [-80.61962, 33.83942], [-80.61907, 33.83931], [-80.61904, 33.83926], [-80.61899, 33.83919], [-80.61894, 33.83912], [-80.6189, 33.83907], [-80.61885, 33.83899], [-80.61877, 33.83866], [-80.61864, 33.83814], [-80.61886, 33.83739], [-80.6189, 33.83727], [-80.61894, 33.83696], [-80.61899, 33.83659], [-80.619, 33.8365], [-80.61857, 33.83606], [-80.61818, 33.83594], [-80.61814, 33.83593], [-80.61783, 33.83584], [-80.61739, 33.83571], [-80.61728, 33.83568], [-80.61674, 33.83546], [-80.61638, 33.83494], [-80.61636, 33.8349], [-80.61616, 33.83449], [-80.61612, 33.83443], [-80.61607, 33.83433], [-80.6161, 33.83424], [-80.61612, 33.83417], [-80.61635, 33.83339], [-80.61651, 33.83309], [-80.61669, 33.83273], [-80.61699, 33.83222], [-80.61758, 33.83179], [-80.6184, 33.8315], [-80.61924, 33.83134], [-80.61963, 33.83127], [-80.62029, 33.83103], [-80.62029, 33.83098], [-80.62029, 33.83081], [-80.62031, 33.8304], [-80.62028, 33.83032], [-80.62023, 33.83016], [-80.6202, 33.83006], [-80.62015, 33.8299], [-80.62009, 33.82975], [-80.62006, 33.82964], [-80.61993, 33.82923], [-80.61982, 33.82901], [-80.61956, 33.82849], [-80.6192, 33.8281], [-80.61839, 33.82769], [-80.61779, 33.82739], [-80.61762, 33.8273], [-80.61737, 33.82718], [-80.61712, 33.82705], [-80.61696, 33.82696], [-80.61689, 33.82693], [-80.61681, 33.82689], [-80.61678, 33.82679], [-80.61675, 33.82672], [-80.6167, 33.82656], [-80.61663, 33.82632], [-80.61665, 33.82606], [-80.61667, 33.82589], [-80.61667, 33.82587], [-80.61667, 33.82584], [-80.61674, 33.82539], [-80.61677, 33.82514], [-80.61663, 33.82422], [-80.61654, 33.82397], [-80.61638, 33.82351], [-80.61636, 33.82344], [-80.61632, 33.82334], [-80.61629, 33.82324], [-80.61627, 33.82317], [-80.61613, 33.82278], [-80.6164, 33.82227], [-80.61691, 33.82161], [-80.61726, 33.82127], [-80.61745, 33.82109], [-80.61739, 33.82032], [-80.61682, 33.8186], [-80.61601, 33.81719], [-80.61565, 33.81675], [-80.61529, 33.81631], [-80.61508, 33.81601], [-80.61526, 33.81538], [-80.61539, 33.81514], [-80.61553, 33.81489], [-80.61568, 33.81451], [-80.61483, 33.81419], [-80.61415, 33.81396], [-80.61393, 33.81389], [-80.61327, 33.81366], [-80.61324, 33.81365], [-80.61307, 33.81355], [-80.61299, 33.8135], [-80.61288, 33.81342], [-80.61276, 33.81335], [-80.61268, 33.8133], [-80.61264, 33.81328], [-80.61259, 33.81324], [-80.61253, 33.8132], [-80.61249, 33.81318], [-80.61238, 33.81311], [-80.61207, 33.81291], [-80.61196, 33.81285], [-80.6119, 33.8128], [-80.6117, 33.81268], [-80.61163, 33.81264], [-80.61154, 33.81253], [-80.6114, 33.81237], [-80.61126, 33.81222], [-80.61117, 33.81211], [-80.61116, 33.81211], [-80.61115, 33.81209], [-80.61112, 33.81206], [-80.61111, 33.81205], [-80.61092, 33.81183], [-80.61076, 33.81165], [-80.61049, 33.81108], [-80.61036, 33.81082], [-80.61036, 33.81077], [-80.61035, 33.81068], [-80.61035, 33.8106], [-80.61035, 33.81054], [-80.61032, 33.80996], [-80.6103, 33.80971], [-80.60966, 33.80951], [-80.60914, 33.80982], [-80.60909, 33.81002], [-80.60898, 33.81041], [-80.6089, 33.81056], [-80.60874, 33.81082], [-80.60872, 33.81084], [-80.60854, 33.81107], [-80.60792, 33.81109], [-80.60761, 33.81111], [-80.60757, 33.81111], [-80.60749, 33.81112], [-80.60746, 33.81107], [-80.60744, 33.81104], [-80.6073, 33.81081], [-80.60711, 33.8105], [-80.60707, 33.81008], [-80.60705, 33.80989], [-80.60705, 33.80982], [-80.60699, 33.80913], [-80.60697, 33.80882], [-80.60642, 33.80869], [-80.60568, 33.80965], [-80.60526, 33.81021], [-80.60515, 33.81034], [-80.60484, 33.81076], [-80.6048, 33.81081], [-80.60473, 33.81089], [-80.6047, 33.81092], [-80.60464, 33.81099], [-80.60462, 33.81099], [-80.60459, 33.81099], [-80.60431, 33.811], [-80.6038, 33.81102], [-80.6035, 33.81098], [-80.60323, 33.81095], [-80.60314, 33.81094], [-80.60309, 33.81093], [-80.603, 33.81075], [-80.60297, 33.81069], [-80.60296, 33.81067], [-80.60281, 33.81037], [-80.6028, 33.81036], [-80.60263, 33.8094], [-80.60258, 33.80907], [-80.60239, 33.808], [-80.6023, 33.80777], [-80.60208, 33.80724], [-80.59931, 33.80522], [-80.59829, 33.80448], [-80.59826, 33.80441], [-80.59815, 33.80414], [-80.59842, 33.80358], [-80.59847, 33.80348], [-80.59878, 33.80338], [-80.60101, 33.80403], [-80.60189, 33.80429], [-80.60218, 33.80437], [-80.60232, 33.80441], [-80.60248, 33.80446], [-80.60257, 33.80449], [-80.60267, 33.80451], [-80.60335, 33.80471], [-80.6036, 33.80478], [-80.60403, 33.80491], [-80.6042, 33.80496], [-80.60428, 33.80498], [-80.60474, 33.80499], [-80.60484, 33.80499], [-80.60492, 33.80495], [-80.60534, 33.80476], [-80.60538, 33.80475], [-80.60571, 33.80428], [-80.60536, 33.80357], [-80.60526, 33.80337], [-80.60519, 33.80314], [-80.60507, 33.80277], [-80.60485, 33.80212], [-80.60473, 33.80167], [-80.60465, 33.80138], [-80.60461, 33.8013], [-80.60425, 33.80056], [-80.60419, 33.80044], [-80.60341, 33.80004], [-80.60291, 33.79995], [-80.60215, 33.79985], [-80.60197, 33.79987], [-80.60139, 33.79991], [-80.60115, 33.79988], [-80.60094, 33.79986], [-80.60053, 33.79965], [-80.60035, 33.79918], [-80.60138, 33.79805], [-80.6016, 33.79781], [-80.60171, 33.79747], [-80.60175, 33.79733], [-80.60175, 33.79717], [-80.60174, 33.79625], [-80.60174, 33.79594], [-80.60174, 33.79528], [-80.60173, 33.79457], [-80.6023, 33.79409], [-80.60284, 33.79399], [-80.60349, 33.79387], [-80.60351, 33.79386], [-80.60358, 33.79385], [-80.6036, 33.79385], [-80.60363, 33.79384], [-80.60366, 33.79384], [-80.60366, 33.79381], [-80.60367, 33.79379], [-80.60368, 33.79367], [-80.60371, 33.79349], [-80.60373, 33.79331], [-80.60375, 33.79318], [-80.60375, 33.79312], [-80.60376, 33.79306], [-80.60366, 33.79301], [-80.60361, 33.79298], [-80.60344, 33.79289], [-80.60338, 33.79285], [-80.60314, 33.79273], [-80.60293, 33.79265], [-80.60291, 33.79264], [-80.60273, 33.79258], [-80.60232, 33.79243], [-80.6017, 33.79221], [-80.60108, 33.79199], [-80.60067, 33.79184], [-80.60063, 33.79183], [-80.60053, 33.79179], [-80.60052, 33.79176], [-80.60051, 33.79172], [-80.60045, 33.79145], [-80.60033, 33.79097], [-80.60038, 33.79063], [-80.60042, 33.79035], [-80.60045, 33.79016], [-80.60055, 33.79006], [-80.60127, 33.78937], [-80.60151, 33.78915], [-80.60156, 33.7891], [-80.6016, 33.78906], [-80.60153, 33.78892], [-80.6015, 33.78886], [-80.60148, 33.78883], [-80.60146, 33.78878], [-80.60143, 33.78874], [-80.60142, 33.78871], [-80.60132, 33.78851], [-80.60126, 33.7884], [-80.60073, 33.78844], [-80.60051, 33.78846], [-80.60044, 33.78846], [-80.60033, 33.78847], [-80.60023, 33.78847], [-80.60016, 33.78848], [-80.60014, 33.78848], [-80.60009, 33.78848], [-80.60007, 33.78848], [-80.60005, 33.78848], [-80.59959, 33.78846], [-80.59896, 33.78843], [-80.59824, 33.78845], [-80.59778, 33.78846], [-80.59766, 33.78846], [-80.59752, 33.78846], [-80.59735, 33.78832], [-80.59725, 33.78825], [-80.59724, 33.78824], [-80.59702, 33.78807], [-80.59676, 33.78783], [-80.59625, 33.78738], [-80.59621, 33.78643], [-80.59637, 33.78618], [-80.59672, 33.78565], [-80.59676, 33.78561], [-80.59691, 33.78548], [-80.59749, 33.785], [-80.59772, 33.78491], [-80.59809, 33.78476], [-80.5984, 33.78464], [-80.59924, 33.78462], [-80.59963, 33.78461], [-80.59976, 33.78461], [-80.60045, 33.78518], [-80.60063, 33.78545], [-80.60102, 33.78601], [-80.60141, 33.78648], [-80.60176, 33.78666], [-80.60245, 33.78657], [-80.60278, 33.7863], [-80.60303, 33.78586], [-80.60298, 33.78532], [-80.60284, 33.78519], [-80.60251, 33.78486], [-80.60189, 33.78422], [-80.60154, 33.78386], [-80.60146, 33.78378], [-80.60066, 33.78289], [-80.60053, 33.78271], [-80.60023, 33.7823], [-80.59976, 33.78164], [-80.59975, 33.78163], [-80.59887, 33.78006], [-80.59852, 33.77952], [-80.59819, 33.779], [-80.59812, 33.77882], [-80.59803, 33.77857], [-80.59788, 33.77818], [-80.59779, 33.77781], [-80.59773, 33.77755], [-80.59772, 33.77753], [-80.59771, 33.77751], [-80.59774, 33.77747], [-80.59775, 33.77746], [-80.59788, 33.7772], [-80.59807, 33.77685], [-80.59836, 33.77649], [-80.59854, 33.77626], [-80.59879, 33.77594], [-80.59924, 33.77578], [-80.59981, 33.77558], [-80.60144, 33.77521], [-80.60178, 33.77502], [-80.60217, 33.7748], [-80.60246, 33.77447], [-80.6026, 33.7743], [-80.60273, 33.77405], [-80.60294, 33.77364], [-80.6037, 33.77286], [-80.60375, 33.77281], [-80.60413, 33.77259], [-80.60439, 33.77244], [-80.60479, 33.7722], [-80.60518, 33.77201], [-80.60532, 33.77194], [-80.60545, 33.77188], [-80.60549, 33.77186], [-80.60555, 33.77183], [-80.60561, 33.7718], [-80.60565, 33.77178], [-80.60568, 33.77177], [-80.60569, 33.77166], [-80.60569, 33.77163], [-80.6057, 33.77136], [-80.60534, 33.77101], [-80.60487, 33.77082], [-80.60457, 33.77071], [-80.6034, 33.77037], [-80.60277, 33.76992], [-80.60208, 33.76945], [-80.60167, 33.76889], [-80.60155, 33.76872], [-80.6016, 33.76802], [-80.60181, 33.76772], [-80.6019, 33.76758], [-80.60201, 33.76741], [-80.6023, 33.76731], [-80.60246, 33.76726], [-80.60276, 33.76715], [-80.60325, 33.76698], [-80.60367, 33.7669], [-80.60398, 33.76685], [-80.60428, 33.7668], [-80.6043, 33.76684], [-80.6048, 33.76753], [-80.60492, 33.76768], [-80.60512, 33.76797], [-80.60534, 33.76791], [-80.60591, 33.76776], [-80.60597, 33.7677], [-80.60614, 33.76754], [-80.60627, 33.76741], [-80.60617, 33.76722], [-80.60583, 33.76658], [-80.60578, 33.7661], [-80.60574, 33.76569], [-80.60574, 33.76565], [-80.60572, 33.76549], [-80.60566, 33.76489], [-80.60564, 33.76469], [-80.60563, 33.76459], [-80.60532, 33.76404], [-80.6053, 33.76399], [-80.60386, 33.76377], [-80.60347, 33.76368], [-80.60341, 33.76341], [-80.60334, 33.76306], [-80.60361, 33.7628], [-80.6037, 33.76271], [-80.60495, 33.76232], [-80.60672, 33.76177], [-80.6077, 33.76184], [-80.60819, 33.76221], [-80.60884, 33.76194], [-80.60881, 33.76177], [-80.60878, 33.76161], [-80.60868, 33.76093], [-80.6086, 33.76079], [-80.60847, 33.76058], [-80.60838, 33.76042], [-80.60833, 33.76034], [-80.60826, 33.76022], [-80.60819, 33.7601], [-80.60814, 33.76002], [-80.60809, 33.75994], [-80.60802, 33.75982], [-80.60795, 33.75969], [-80.6079, 33.75961], [-80.60782, 33.75949], [-80.60776, 33.75944], [-80.60731, 33.75906], [-80.60721, 33.75905], [-80.60699, 33.75905], [-80.60691, 33.75905], [-80.60666, 33.75904], [-80.60664, 33.75904], [-80.60658, 33.75903], [-80.60613, 33.75894], [-80.60563, 33.75885], [-80.60497, 33.75848], [-80.60499, 33.75837], [-80.60509, 33.75792], [-80.60512, 33.75789], [-80.60564, 33.75748], [-80.60647, 33.75743], [-80.60798, 33.75734], [-80.60884, 33.75709], [-80.61077, 33.75602], [-80.61181, 33.75545], [-80.61175, 33.7551], [-80.6117, 33.75482], [-80.61127, 33.7545], [-80.61122, 33.75452], [-80.61076, 33.75466], [-80.60972, 33.75485], [-80.60924, 33.75459], [-80.60901, 33.75412], [-80.609, 33.7541], [-80.6093, 33.75348], [-80.60936, 33.75338], [-80.60939, 33.75334], [-80.60987, 33.75252], [-80.60991, 33.75248], [-80.6111, 33.7515], [-80.6125, 33.75102], [-80.61296, 33.75087], [-80.61348, 33.75092], [-80.61368, 33.75093], [-80.61399, 33.75096], [-80.61429, 33.75099], [-80.61449, 33.75101], [-80.6148, 33.75104], [-80.61523, 33.75108], [-80.61573, 33.75102], [-80.61604, 33.75098], [-80.61606, 33.75098], [-80.61613, 33.75097], [-80.61615, 33.75097], [-80.61614, 33.75094], [-80.61612, 33.75089], [-80.6161, 33.75084], [-80.61608, 33.75081], [-80.61603, 33.75068], [-80.61594, 33.75049], [-80.61585, 33.75029], [-80.61579, 33.75016], [-80.61578, 33.75012], [-80.61576, 33.75006], [-80.61574, 33.75], [-80.61572, 33.74996], [-80.61568, 33.74987], [-80.61568, 33.74986], [-80.61543, 33.74969], [-80.61535, 33.74964], [-80.61526, 33.74958], [-80.61513, 33.74949], [-80.615, 33.74941], [-80.61491, 33.74935], [-80.61479, 33.74926], [-80.61444, 33.74898], [-80.61431, 33.74888], [-80.61419, 33.74861], [-80.61418, 33.74816], [-80.61421, 33.74813], [-80.61465, 33.74758], [-80.61547, 33.74753], [-80.61622, 33.74791], [-80.6169, 33.74825], [-80.61693, 33.74826], [-80.6179, 33.74849], [-80.61796, 33.7485], [-80.61883, 33.74862], [-80.61943, 33.74856], [-80.61972, 33.74832], [-80.62013, 33.74788], [-80.62016, 33.74755], [-80.62, 33.74721], [-80.61985, 33.7469], [-80.61933, 33.74661], [-80.61928, 33.74651], [-80.61926, 33.74646], [-80.61912, 33.74616], [-80.61892, 33.74571], [-80.61901, 33.74516], [-80.61896, 33.74506], [-80.61878, 33.74472], [-80.61865, 33.74446], [-80.61864, 33.74439], [-80.61858, 33.74399], [-80.61866, 33.74358], [-80.61887, 33.74345], [-80.61902, 33.74335], [-80.6192, 33.74333], [-80.61927, 33.74332], [-80.61939, 33.74331], [-80.6195, 33.7433], [-80.61957, 33.74329], [-80.61967, 33.74328], [-80.61983, 33.74327], [-80.61998, 33.74325], [-80.62009, 33.74324], [-80.62011, 33.74324], [-80.62025, 33.74282], [-80.62045, 33.74255], [-80.62062, 33.74237], [-80.62067, 33.74233], [-80.6211, 33.74202], [-80.62185, 33.7418], [-80.6235, 33.74137], [-80.6245, 33.74111], [-80.62456, 33.74109], [-80.62466, 33.74106], [-80.62475, 33.74104], [-80.62481, 33.74102], [-80.62725, 33.7406], [-80.62729, 33.74059], [-80.62876, 33.74018], [-80.62926, 33.73982], [-80.62964, 33.73892], [-80.62974, 33.73806], [-80.62966, 33.73739], [-80.62928, 33.73693], [-80.62809, 33.73626], [-80.62716, 33.73602], [-80.62582, 33.73566], [-80.62481, 33.73514], [-80.62473, 33.73501], [-80.62466, 33.73489], [-80.62451, 33.73463], [-80.62447, 33.73456], [-80.62447, 33.7345], [-80.62448, 33.73399], [-80.62455, 33.73372], [-80.6246, 33.73355], [-80.62475, 33.73292], [-80.62549, 33.73219], [-80.62597, 33.73202], [-80.62637, 33.73187], [-80.62672, 33.73179], [-80.62682, 33.73176], [-80.62701, 33.7317], [-80.62707, 33.73169], [-80.62752, 33.73122], [-80.62753, 33.73121], [-80.62755, 33.73105], [-80.62755, 33.731], [-80.6274, 33.73081], [-80.62736, 33.73077], [-80.62728, 33.73067], [-80.62686, 33.73005], [-80.62666, 33.72984], [-80.62651, 33.72969], [-80.62481, 33.72856], [-80.62388, 33.7275], [-80.62354, 33.72711], [-80.6233, 33.72684], [-80.62307, 33.72658], [-80.62262, 33.72599], [-80.62139, 33.72438], [-80.62125, 33.72425], [-80.62085, 33.72388], [-80.62078, 33.72381], [-80.62071, 33.72375], [-80.62023, 33.72331], [-80.61975, 33.72286], [-80.61866, 33.72217], [-80.61826, 33.72192], [-80.61814, 33.72179], [-80.61793, 33.72157], [-80.61789, 33.72153], [-80.61764, 33.72127], [-80.61751, 33.72113], [-80.61737, 33.72099], [-80.61731, 33.72093], [-80.61724, 33.72085], [-80.6171, 33.72071], [-80.61706, 33.72067], [-80.61675, 33.72007], [-80.61647, 33.7195], [-80.61639, 33.71909], [-80.61631, 33.71866], [-80.61624, 33.71823], [-80.61619, 33.71795], [-80.61615, 33.71775], [-80.61628, 33.71723], [-80.6164, 33.71677], [-80.61651, 33.7163], [-80.61665, 33.71577], [-80.61666, 33.71558], [-80.61669, 33.71503], [-80.61672, 33.71448], [-80.61674, 33.71409], [-80.6165, 33.71349], [-80.6163, 33.71298], [-80.61603, 33.71268], [-80.61596, 33.71261], [-80.6159, 33.71254], [-80.61558, 33.71219], [-80.61544, 33.71203], [-80.61526, 33.71183], [-80.61333, 33.71086], [-80.61311, 33.71079], [-80.61227, 33.71052], [-80.61191, 33.71041], [-80.61154, 33.7103], [-80.6111, 33.71016], [-80.60763, 33.70907], [-80.60759, 33.70905], [-80.60667, 33.70851], [-80.6066, 33.70848], [-80.60653, 33.70844], [-80.6061, 33.70819], [-80.60601, 33.70808], [-80.60522, 33.70715], [-80.6051, 33.70648], [-80.60503, 33.70611], [-80.605, 33.70598], [-80.60498, 33.70585], [-80.60491, 33.7055], [-80.60445, 33.70444], [-80.60439, 33.70432], [-80.60315, 33.70345], [-80.60303, 33.70339], [-80.60244, 33.70309], [-80.60186, 33.70279], [-80.60162, 33.70267], [-80.60114, 33.7026], [-80.60048, 33.70251], [-80.60046, 33.70251], [-80.59981, 33.70242], [-80.59913, 33.70233], [-80.59897, 33.70234], [-80.59634, 33.70241], [-80.59603, 33.70242], [-80.59414, 33.70242], [-80.59309, 33.70195], [-80.5925, 33.70077], [-80.59246, 33.69959], [-80.59258, 33.69899], [-80.59285, 33.69864], [-80.59319, 33.69831], [-80.59362, 33.69808], [-80.59439, 33.69767], [-80.59546, 33.69688], [-80.59575, 33.69657], [-80.59594, 33.69636], [-80.5965, 33.69575], [-80.59651, 33.69574], [-80.59658, 33.69549], [-80.59658, 33.69542], [-80.59659, 33.69521], [-80.59659, 33.69514], [-80.5966, 33.69504], [-80.59632, 33.69463], [-80.59624, 33.69453], [-80.59554, 33.69369], [-80.5951, 33.69341], [-80.59465, 33.69312], [-80.59408, 33.69269], [-80.59344, 33.69221], [-80.59312, 33.69186], [-80.59275, 33.69147], [-80.59248, 33.69046], [-80.59168, 33.68839], [-80.59122, 33.6872], [-80.5911, 33.68688], [-80.59093, 33.68646], [-80.5907, 33.6859], [-80.59057, 33.68558], [-80.59026, 33.68484], [-80.58987, 33.68435], [-80.58978, 33.68424], [-80.5896, 33.68414], [-80.58805, 33.68329], [-80.58522, 33.68176], [-80.58513, 33.68171], [-80.58474, 33.68158], [-80.58423, 33.6814], [-80.58372, 33.68123], [-80.58103, 33.68032], [-80.57882, 33.67954], [-80.57657, 33.67907], [-80.57485, 33.67901], [-80.57411, 33.67899], [-80.57395, 33.67901], [-80.57292, 33.67915], [-80.57189, 33.67928], [-80.57125, 33.67936], [-80.56823, 33.67985], [-80.56678, 33.67992], [-80.56521, 33.67971], [-80.56498, 33.67963], [-80.56348, 33.6791], [-80.56236, 33.6784], [-80.56136, 33.67722], [-80.56093, 33.67611], [-80.56073, 33.6756], [-80.56046, 33.67483], [-80.56021, 33.67409], [-80.56014, 33.67288], [-80.5602, 33.67266], [-80.56051, 33.67154], [-80.56157, 33.67023], [-80.56416, 33.66758], [-80.56453, 33.66713], [-80.56495, 33.66661], [-80.56536, 33.6661], [-80.56538, 33.66608], [-80.56539, 33.66604], [-80.5655, 33.66577], [-80.56561, 33.66551], [-80.56566, 33.66537], [-80.56566, 33.66533], [-80.56555, 33.66473], [-80.56487, 33.66406], [-80.56247, 33.663], [-80.5559, 33.66242], [-80.5547, 33.66192], [-80.55455, 33.66177], [-80.55394, 33.66118], [-80.55371, 33.65963], [-80.5538, 33.65758], [-80.55377, 33.6573], [-80.55375, 33.65722], [-80.55375, 33.6571], [-80.55369, 33.65654], [-80.55356, 33.65633], [-80.55305, 33.65553], [-80.55118, 33.65297], [-80.54971, 33.6516], [-80.54846, 33.65041], [-80.54596, 33.64875], [-80.53851, 33.64592], [-80.53556, 33.64458], [-80.53482, 33.64425], [-80.53408, 33.64391], [-80.53407, 33.64392], [-80.53372, 33.64419], [-80.53337, 33.64445], [-80.53066, 33.64651], [-80.52837, 33.64825], [-80.52777, 33.64871], [-80.5235, 33.65197], [-80.52193, 33.65316], [-80.5204, 33.65433], [-80.52037, 33.65435], [-80.51867, 33.65564], [-80.51698, 33.65693], [-80.51543, 33.65811], [-80.51253, 33.66032], [-80.51094, 33.66181], [-80.50953, 33.66314], [-80.50811, 33.66445], [-80.50745, 33.66498], [-80.50366, 33.6682], [-80.50363, 33.66821], [-80.50362, 33.66822], [-80.50358, 33.66824], [-80.50354, 33.66827], [-80.50351, 33.66829], [-80.50338, 33.66837], [-80.50327, 33.66845], [-80.50322, 33.66848], [-80.50316, 33.66854], [-80.50306, 33.66863], [-80.50248, 33.66922], [-80.50223, 33.66947], [-80.50211, 33.66959], [-80.50194, 33.66976], [-80.50173, 33.66997], [-80.50156, 33.67003], [-80.50122, 33.67041], [-80.50041, 33.6713], [-80.50018, 33.67155], [-80.49983, 33.67193], [-80.49981, 33.67195], [-80.49938, 33.6724], [-80.49804, 33.67384], [-80.4976, 33.67432], [-80.49756, 33.67441], [-80.49747, 33.67468], [-80.49746, 33.67476], [-80.49737, 33.67501], [-80.49733, 33.67509], [-80.4966, 33.67729], [-80.49619, 33.67844], [-80.49617, 33.67849], [-80.49613, 33.67859], [-80.49597, 33.67908], [-80.49581, 33.67958], [-80.49575, 33.67978], [-80.49561, 33.68018], [-80.49557, 33.68027], [-80.4953, 33.68107], [-80.49523, 33.68128], [-80.49513, 33.68159], [-80.49496, 33.68213], [-80.49389, 33.68529], [-80.49388, 33.68538], [-80.49382, 33.68562], [-80.49379, 33.68569], [-80.49221, 33.69109], [-80.49198, 33.69189], [-80.4911, 33.6938], [-80.49036, 33.69507], [-80.48244, 33.70849], [-80.48241, 33.70851], [-80.48228, 33.70863], [-80.48224, 33.70867], [-80.4819, 33.70899], [-80.48174, 33.70919], [-80.48155, 33.70946], [-80.48113, 33.71016], [-80.48013, 33.71184], [-80.47981, 33.71239], [-80.4798, 33.7124], [-80.47927, 33.71333], [-80.47913, 33.71357], [-80.47871, 33.71426], [-80.47844, 33.71426], [-80.47512, 33.72], [-80.47422, 33.72143], [-80.47381, 33.72212], [-80.46978, 33.72895], [-80.46858, 33.73097], [-80.46871, 33.73107], [-80.46872, 33.73111], [-80.46916, 33.73162], [-80.46926, 33.73167], [-80.46948, 33.73202], [-80.4698, 33.73241], [-80.46987, 33.73252], [-80.47001, 33.7328], [-80.47004, 33.73299], [-80.47018, 33.73347], [-80.47017, 33.73365], [-80.47015, 33.73388], [-80.46993, 33.73431], [-80.46949, 33.73466], [-80.46862, 33.73506], [-80.46859, 33.73507], [-80.4684, 33.73529], [-80.46818, 33.73567], [-80.46798, 33.73612], [-80.46784, 33.73661], [-80.46785, 33.73802], [-80.46786, 33.73828], [-80.46794, 33.73847], [-80.46797, 33.7404], [-80.46811, 33.7408], [-80.46822, 33.74093], [-80.46836, 33.74121], [-80.4691, 33.74197], [-80.46935, 33.74239], [-80.46946, 33.74314], [-80.46947, 33.7432], [-80.46952, 33.7435], [-80.4696, 33.74354], [-80.46963, 33.7437], [-80.46993, 33.74384], [-80.47042, 33.74389], [-80.47062, 33.74405], [-80.47062, 33.74472], [-80.47045, 33.7453], [-80.47062, 33.74599], [-80.47068, 33.74606], [-80.4707, 33.74624], [-80.47103, 33.7471], [-80.47115, 33.7474], [-80.47147, 33.74824], [-80.4718, 33.74872], [-80.47216, 33.74911], [-80.47295, 33.75016], [-80.47367, 33.75075], [-80.47536, 33.75268], [-80.47571, 33.75308], [-80.478, 33.75606], [-80.47908, 33.75836], [-80.47976, 33.76073], [-80.48138, 33.7682], [-80.48065, 33.76835], [-80.48011, 33.76847], [-80.47981, 33.76853], [-80.47957, 33.76856], [-80.47915, 33.76859], [-80.4787, 33.76861], [-80.47813, 33.76863], [-80.47777, 33.76862], [-80.47738, 33.76862], [-80.4767, 33.76857], [-80.47612, 33.76853], [-80.47567, 33.76849], [-80.4751, 33.76843], [-80.47471, 33.76836], [-80.47408, 33.7682], [-80.47379, 33.76813], [-80.47343, 33.76802], [-80.47279, 33.76788], [-80.47146, 33.76756], [-80.47106, 33.76746], [-80.47092, 33.76739], [-80.47078, 33.76731], [-80.47069, 33.76725], [-80.4706, 33.76715], [-80.47043, 33.76698], [-80.47012, 33.76677], [-80.46976, 33.76658], [-80.46897, 33.76623], [-80.46824, 33.76592], [-80.46758, 33.76561], [-80.46733, 33.76553], [-80.46704, 33.76544], [-80.46664, 33.76535], [-80.46561, 33.76508], [-80.46513, 33.76499], [-80.46469, 33.76489], [-80.46431, 33.76483], [-80.4638, 33.76477], [-80.4628, 33.76463], [-80.46236, 33.76459], [-80.46154, 33.76452], [-80.46041, 33.76449], [-80.45938, 33.76445], [-80.45842, 33.76443], [-80.45759, 33.76439], [-80.45727, 33.7644], [-80.45699, 33.76442], [-80.45665, 33.76446], [-80.4547, 33.76486], [-80.454, 33.76501], [-80.45084, 33.76565], [-80.44958, 33.76588], [-80.44874, 33.76602], [-80.44852, 33.76603], [-80.44845, 33.76603], [-80.44838, 33.766], [-80.44824, 33.76602], [-80.44816, 33.76606], [-80.44803, 33.76611], [-80.44786, 33.76614], [-80.44778, 33.76614], [-80.44767, 33.76613], [-80.44748, 33.76613], [-80.44589, 33.76881], [-80.44438, 33.77143], [-80.44369, 33.77257], [-80.44211, 33.77528], [-80.44167, 33.77604], [-80.44162, 33.77654], [-80.44088, 33.78284], [-80.43546, 33.78641], [-80.43289, 33.79067], [-80.43253, 33.79127], [-80.43214, 33.79194], [-80.43162, 33.79279], [-80.42637, 33.80156], [-80.42296, 33.80742], [-80.42254, 33.80829], [-80.42006, 33.8123], [-80.41694, 33.81758], [-80.4165, 33.8183], [-80.41504, 33.82065], [-80.41359, 33.82303], [-80.41195, 33.8257], [-80.41031, 33.82836], [-80.41001, 33.82885], [-80.40929, 33.83005], [-80.40953, 33.8301], [-80.40998, 33.83013], [-80.41027, 33.83014], [-80.41043, 33.83014], [-80.41059, 33.83013], [-80.41087, 33.8301], [-80.41102, 33.83007], [-80.41632, 33.8292], [-80.41683, 33.82913], [-80.41702, 33.82911], [-80.41725, 33.8291], [-80.41743, 33.82909], [-80.41758, 33.8291], [-80.41775, 33.82911], [-80.41793, 33.82913], [-80.41809, 33.82916], [-80.41825, 33.8292], [-80.41842, 33.82924], [-80.41869, 33.82934], [-80.41893, 33.82946], [-80.41916, 33.82959], [-80.41932, 33.8297], [-80.41955, 33.82988], [-80.41976, 33.8301], [-80.41995, 33.83031], [-80.4202, 33.8306], [-80.4203, 33.83072], [-80.42317, 33.83421], [-80.4235, 33.83462], [-80.42364, 33.83477], [-80.42376, 33.83491], [-80.42388, 33.83502], [-80.424, 33.83512], [-80.42411, 33.83523], [-80.42422, 33.83531], [-80.42445, 33.83548], [-80.42459, 33.83556], [-80.42473, 33.83565], [-80.425, 33.8358], [-80.42533, 33.83595], [-80.42572, 33.83609], [-80.42579, 33.83612], [-80.42594, 33.83616], [-80.42607, 33.8362], [-80.42637, 33.83627], [-80.42687, 33.83634], [-80.42703, 33.83636], [-80.42718, 33.83637], [-80.4276, 33.83637], [-80.42797, 33.83636], [-80.42831, 33.83631], [-80.42872, 33.83624], [-80.4299, 33.83602], [-80.43079, 33.83586], [-80.43163, 33.83571], [-80.43308, 33.83544], [-80.4335, 33.83536], [-80.435, 33.83509], [-80.43775, 33.83468], [-80.43818, 33.83462], [-80.43834, 33.8346], [-80.43849, 33.83458], [-80.4386, 33.83458], [-80.43886, 33.83457], [-80.439, 33.83456], [-80.4401, 33.83441], [-80.44165, 33.83419], [-80.44228, 33.8341], [-80.44435, 33.83377], [-80.44505, 33.83371], [-80.44525, 33.83369], [-80.44557, 33.83368], [-80.44609, 33.83368], [-80.44703, 33.8337], [-80.44874, 33.83373], [-80.44983, 33.83374], [-80.45125, 33.83377], [-80.45208, 33.83379], [-80.45277, 33.83381], [-80.45903, 33.83397], [-80.46046, 33.834], [-80.46662, 33.83415], [-80.46687, 33.83415], [-80.46812, 33.83418], [-80.46896, 33.83421], [-80.46925, 33.83421], [-80.46951, 33.83424], [-80.46972, 33.83427], [-80.46984, 33.83429], [-80.47029, 33.83443], [-80.47056, 33.83454], [-80.47067, 33.8346], [-80.47071, 33.83461], [-80.47102, 33.83476], [-80.4712, 33.83485], [-80.47163, 33.83504], [-80.47165, 33.83505], [-80.47033, 33.83614], [-80.47024, 33.83628], [-80.46994, 33.83669], [-80.4698, 33.83688], [-80.46895, 33.8384], [-80.4684, 33.83921], [-80.46837, 33.8393], [-80.46722, 33.84078], [-80.46713, 33.8409], [-80.46536, 33.84272], [-80.46514, 33.84298], [-80.46503, 33.843], [-80.46369, 33.84745], [-80.46369, 33.84848], [-80.46361, 33.84889], [-80.46314, 33.85004], [-80.46312, 33.85027], [-80.46307, 33.85082], [-80.46306, 33.8509], [-80.46317, 33.85184], [-80.46342, 33.8537], [-80.46355, 33.85416], [-80.46449, 33.85649], [-80.46449, 33.85663], [-80.46457, 33.85668], [-80.46463, 33.85704], [-80.46495, 33.85785], [-80.46509, 33.8584], [-80.46518, 33.85842], [-80.4652, 33.85869], [-80.46528, 33.85876], [-80.46556, 33.85961], [-80.46625, 33.86034], [-80.46644, 33.86073], [-80.46699, 33.86147], [-80.46713, 33.86149], [-80.46715, 33.86172], [-80.46762, 33.86218], [-80.46795, 33.86245], [-80.46817, 33.86266], [-80.46809, 33.86309], [-80.46776, 33.86338], [-80.46775, 33.86345], [-80.4677, 33.86374], [-80.46776, 33.86411], [-80.46784, 33.86531], [-80.46795, 33.86566], [-80.46812, 33.86593], [-80.46916, 33.86681], [-80.46979, 33.86752], [-80.47031, 33.86827], [-80.47075, 33.86902], [-80.47114, 33.87011], [-80.47122, 33.87063], [-80.47119, 33.87204], [-80.47054, 33.87371], [-80.4704, 33.87474], [-80.47017, 33.87504], [-80.46878, 33.87725], [-80.46847, 33.87775], [-80.46762, 33.87878], [-80.46656, 33.8794], [-80.46517, 33.88003], [-80.46334, 33.88017], [-80.46205, 33.88012], [-80.46059, 33.87991], [-80.45848, 33.8795], [-80.45779, 33.87917], [-80.45666, 33.87887], [-80.45667, 33.87867], [-80.45683, 33.87843], [-80.45664, 33.87831], [-80.4561, 33.87836], [-80.45592, 33.87824], [-80.45586, 33.87812], [-80.45506, 33.8779], [-80.45443, 33.87778], [-80.45334, 33.87792], [-80.45299, 33.87789], [-80.45243, 33.87748], [-80.45204, 33.87715], [-80.45178, 33.877], [-80.45102, 33.87697], [-80.45018, 33.87693], [-80.44913, 33.87704], [-80.4478, 33.87722], [-80.44544, 33.87767], [-80.44441, 33.87806], [-80.44338, 33.8785], [-80.4428, 33.87891], [-80.44448, 33.88048], [-80.44468, 33.88067], [-80.44486, 33.88087], [-80.44501, 33.88109], [-80.44508, 33.88121], [-80.44537, 33.88183], [-80.4456, 33.88234], [-80.44584, 33.88286], [-80.4459, 33.88299], [-80.44614, 33.88352], [-80.44618, 33.88363], [-80.4462, 33.88367], [-80.44624, 33.88383], [-80.44638, 33.88447], [-80.44671, 33.88602], [-80.44736, 33.88905], [-80.44762, 33.89028], [-80.44788, 33.89146], [-80.44833, 33.89353], [-80.44868, 33.89518], [-80.44872, 33.89538], [-80.44949, 33.89896], [-80.44964, 33.89965], [-80.45006, 33.90161], [-80.45008, 33.90172], [-80.45072, 33.90166], [-80.45668, 33.90101], [-80.45847, 33.90077], [-80.46472, 33.89991], [-80.46689, 33.89961], [-80.48493, 33.89712], [-80.48631, 33.89691], [-80.49572, 33.89563], [-80.49988, 33.89506], [-80.50436, 33.89459], [-80.51502, 33.89328], [-80.51814, 33.8929], [-80.51997, 33.89267], [-80.52337, 33.8923], [-80.53437, 33.89111], [-80.53885, 33.88968], [-80.54657, 33.88722], [-80.55029, 33.8861], [-80.55226, 33.88548], [-80.5542, 33.88489], [-80.55441, 33.88485], [-80.55672, 33.88422], [-80.5574, 33.88405], [-80.55755, 33.88401], [-80.5577, 33.88397], [-80.56328, 33.88255], [-80.58269, 33.87759], [-80.58385, 33.87729], [-80.58414, 33.87722], [-80.59026, 33.8756], [-80.59327, 33.87479], [-80.5933, 33.87479], [-80.5939, 33.87462], [-80.60172, 33.8727], [-80.61277, 33.87], [-80.62481, 33.86684], [-80.62533, 33.86681], [-80.62533, 33.86648], [-80.62533, 33.86604], [-80.62503, 33.86558], [-80.62485, 33.8653], [-80.62481, 33.86524], [-80.62466, 33.86493], [-80.62411, 33.86381], [-80.62393, 33.86343], [-80.62386, 33.86328], [-80.62375, 33.86306], [-80.62365, 33.86284], [-80.62358, 33.8627], [-80.62348, 33.8625], [-80.62344, 33.8624], [-80.62308, 33.86151], [-80.62296, 33.86123], [-80.62296, 33.86122], [-80.62296, 33.86041], [-80.62325, 33.85988], [-80.62331, 33.85977], [-80.62377, 33.8595], [-80.62481, 33.85945], [-80.62605, 33.86088], [-80.62667, 33.86107], [-80.62682, 33.86111], [-80.6276, 33.86114], [-80.6279, 33.86078], [-80.62798, 33.86068], [-80.62823, 33.86039], [-80.62827, 33.86034], [-80.62831, 33.86029], [-80.62865, 33.85976], [-80.62891, 33.85936], [-80.62982, 33.8583], [-80.63023, 33.85783], [-80.63043, 33.85759], [-80.63077, 33.8572], [-80.63078, 33.85677], [-80.63079, 33.85646], [-80.63081, 33.85592], [-80.63082, 33.85581], [-80.63037, 33.85478], [-80.63036, 33.8544], [-80.63035, 33.85414], [-80.63048, 33.85389], [-80.63063, 33.85361], [-80.63093, 33.85305], [-80.63117, 33.85282], [-80.63139, 33.85259], [-80.63146, 33.85252], [-80.63158, 33.85241], [-80.6317, 33.85241], [-80.63179, 33.85241], [-80.63198, 33.85242], [-80.63227, 33.85244], [-80.63255, 33.85245], [-80.63274, 33.85246], [-80.63275, 33.85246], [-80.63277, 33.85246], [-80.63283, 33.85248], [-80.63286, 33.85249], [-80.63302, 33.85253], [-80.63352, 33.85267]]]}}, {"type": "Feature", "properties": {"tract_id": "45085000202", "name": "Census Tract 2.02", "pct_white_2020": 52.5, "pct_black_2020": 30.0, "pct_hispanic_2020": 7.2, "pct_asian_2020": 1.4, "population_2020": 7521}, "geometry": {"type": "Polygon", "coordinates": [[[-80.5408, 34.00498], [-80.5408, 34.0038], [-80.54079, 34.00323], [-80.54076, 34.0013], [-80.53799, 34.00106], [-80.5371, 34.00097], [-80.53614, 34.00088], [-80.53576, 34.00085], [-80.53441, 34.00072], [-80.53435, 34.00072], [-80.53391, 34.00069], [-80.53297, 34.00067], [-80.53227, 34.00067], [-80.532, 34.00067], [-80.53176, 34.00068], [-80.53114, 34.00067], [-80.53107, 34.00067], [-80.53096, 34.00067], [-80.53084, 34.00066], [-80.5305, 34.0006], [-80.53025, 34.00054], [-80.53004, 34.00047], [-80.52993, 34.00043], [-80.52968, 34.00033], [-80.52938, 34.00015], [-80.5273, 33.9986], [-80.52712, 33.99847], [-80.52591, 33.99756], [-80.52544, 33.99722], [-80.52541, 33.9972], [-80.525, 33.99689], [-80.52402, 33.99615], [-80.52273, 33.99519], [-80.52254, 33.99505], [-80.52234, 33.99493], [-80.52218, 33.99485], [-80.52202, 33.99478], [-80.52182, 33.99471], [-80.52169, 33.99467], [-80.52155, 33.99464], [-80.52136, 33.99458], [-80.52118, 33.99455], [-80.521, 33.99453], [-80.52066, 33.99451], [-80.52056, 33.99452], [-80.52033, 33.99453], [-80.52013, 33.99455], [-80.51992, 33.99458], [-80.51963, 33.99463], [-80.51816, 33.99494], [-80.51795, 33.99498], [-80.51786, 33.99499], [-80.51779, 33.99499], [-80.51749, 33.99501], [-80.51715, 33.99501], [-80.51656, 33.99498], [-80.51585, 33.99492], [-80.51562, 33.9949], [-80.51332, 33.99474], [-80.51185, 33.99461], [-80.51136, 33.99456], [-80.51119, 33.99454], [-80.51098, 33.99452], [-80.51082, 33.9945], [-80.51062, 33.99446], [-80.51034, 33.99441], [-80.50991, 33.99433], [-80.50902, 33.99416], [-80.50817, 33.99401], [-80.50796, 33.99397], [-80.50735, 33.99387], [-80.506, 33.9937], [-80.50506, 33.99358], [-80.5049, 33.99356], [-80.50437, 33.99349], [-80.50421, 33.99347], [-80.50405, 33.99345], [-80.50354, 33.99341], [-80.503, 33.99342], [-80.50261, 33.99344], [-80.50225, 33.99345], [-80.50165, 33.99348], [-80.50023, 33.99353], [-80.49963, 33.99355], [-80.49882, 33.99358], [-80.49874, 33.99358], [-80.4979, 33.99357], [-80.49765, 33.99357], [-80.49737, 33.99356], [-80.49671, 33.99355], [-80.4962, 33.99354], [-80.49559, 33.99351], [-80.49446, 33.99342], [-80.49496, 33.99427], [-80.49506, 33.99443], [-80.49519, 33.99466], [-80.49532, 33.99494], [-80.49536, 33.99504], [-80.49544, 33.99522], [-80.4955, 33.99543], [-80.49556, 33.99563], [-80.49559, 33.99574], [-80.4956, 33.9958], [-80.49566, 33.99615], [-80.49568, 33.99632], [-80.4957, 33.9965], [-80.4957, 33.99666], [-80.49569, 33.99701], [-80.49567, 33.99725], [-80.49564, 33.99744], [-80.4956, 33.99762], [-80.49551, 33.99799], [-80.49546, 33.99816], [-80.49537, 33.9984], [-80.49531, 33.99854], [-80.49515, 33.99886], [-80.49505, 33.99904], [-80.49472, 33.99962], [-80.49415, 34.00063], [-80.49362, 34.00156], [-80.49319, 34.00231], [-80.49297, 34.00269], [-80.49266, 34.00323], [-80.49242, 34.00365], [-80.49235, 34.00377], [-80.49206, 34.00429], [-80.49133, 34.00559], [-80.49063, 34.00684], [-80.4904, 34.00726], [-80.49021, 34.00769], [-80.49002, 34.00813], [-80.48996, 34.00829], [-80.48988, 34.00852], [-80.4898, 34.00884], [-80.48963, 34.00885], [-80.48929, 34.00887], [-80.48906, 34.00888], [-80.48887, 34.00888], [-80.48871, 34.00886], [-80.48856, 34.00884], [-80.48834, 34.00879], [-80.48814, 34.00872], [-80.48793, 34.00864], [-80.48761, 34.00847], [-80.48688, 34.00803], [-80.48609, 34.00755], [-80.48581, 34.00738], [-80.48515, 34.00698], [-80.4847, 34.0067], [-80.48421, 34.00643], [-80.484, 34.00631], [-80.48393, 34.00627], [-80.48344, 34.00603], [-80.48282, 34.00573], [-80.48224, 34.00545], [-80.48149, 34.0051], [-80.48022, 34.0045], [-80.48006, 34.00442], [-80.47892, 34.00387], [-80.47829, 34.00358], [-80.47764, 34.00327], [-80.47731, 34.00311], [-80.47724, 34.00308], [-80.4768, 34.00289], [-80.47647, 34.00273], [-80.47633, 34.00266], [-80.47621, 34.00259], [-80.47605, 34.00249], [-80.47593, 34.0024], [-80.47572, 34.00223], [-80.47545, 34.00194], [-80.47538, 34.00184], [-80.47507, 34.00148], [-80.47492, 34.00129], [-80.47467, 34.00102], [-80.47397, 34.0002], [-80.47387, 34.00009], [-80.47374, 33.99997], [-80.47358, 33.99986], [-80.47337, 33.99973], [-80.47327, 33.99968], [-80.47313, 33.99962], [-80.47289, 33.99954], [-80.47268, 33.99948], [-80.4725, 33.99944], [-80.47243, 33.99943], [-80.47231, 33.99942], [-80.472, 33.99941], [-80.4716, 33.99945], [-80.46934, 33.99978], [-80.46896, 33.99984], [-80.46874, 33.99988], [-80.46859, 33.99991], [-80.46821, 34.0], [-80.468, 34.00007], [-80.46628, 34.00065], [-80.46622, 34.00068], [-80.46605, 34.00036], [-80.46573, 33.99962], [-80.46547, 33.99906], [-80.46527, 33.99868], [-80.46517, 33.9985], [-80.46509, 33.99836], [-80.46501, 33.99825], [-80.46415, 33.99714], [-80.46358, 33.99641], [-80.46341, 33.9962], [-80.46266, 33.99525], [-80.4615, 33.99377], [-80.4605, 33.99248], [-80.46024, 33.99213], [-80.45976, 33.99272], [-80.45821, 33.9918], [-80.45705, 33.99112], [-80.45703, 33.99118], [-80.45512, 33.99007], [-80.45498, 33.99015], [-80.45477, 33.99026], [-80.45446, 33.99043], [-80.4543, 33.99024], [-80.45418, 33.99007], [-80.45406, 33.98991], [-80.45391, 33.98973], [-80.45389, 33.98962], [-80.45367, 33.98936], [-80.45361, 33.98928], [-80.45351, 33.98918], [-80.45336, 33.98905], [-80.4532, 33.98893], [-80.45305, 33.98878], [-80.45292, 33.98861], [-80.45284, 33.98851], [-80.45276, 33.98842], [-80.45267, 33.98837], [-80.45247, 33.98824], [-80.45231, 33.9881], [-80.45223, 33.988], [-80.45213, 33.98789], [-80.45199, 33.98782], [-80.4518, 33.98774], [-80.45173, 33.98771], [-80.45212, 33.98731], [-80.4526, 33.98682], [-80.45271, 33.9867], [-80.45264, 33.98663], [-80.45258, 33.98661], [-80.45238, 33.98659], [-80.45219, 33.98656], [-80.45188, 33.98646], [-80.45159, 33.98628], [-80.45136, 33.98602], [-80.45127, 33.98581], [-80.45135, 33.98568], [-80.45136, 33.98558], [-80.45138, 33.9855], [-80.45138, 33.98549], [-80.45135, 33.98545], [-80.45142, 33.98532], [-80.45148, 33.98513], [-80.45148, 33.98485], [-80.45144, 33.98461], [-80.45137, 33.98439], [-80.45113, 33.98422], [-80.45071, 33.98396], [-80.4506, 33.9839], [-80.45044, 33.9838], [-80.45018, 33.98366], [-80.44943, 33.9833], [-80.44931, 33.98311], [-80.44916, 33.98289], [-80.44903, 33.9824], [-80.44903, 33.98227], [-80.44899, 33.98192], [-80.44891, 33.98183], [-80.44883, 33.98178], [-80.44859, 33.98164], [-80.44849, 33.98158], [-80.4484, 33.98152], [-80.44829, 33.98146], [-80.44824, 33.9814], [-80.44818, 33.98136], [-80.4481, 33.98129], [-80.44804, 33.98118], [-80.4479, 33.9809], [-80.44789, 33.98089], [-80.44783, 33.98077], [-80.44762, 33.98057], [-80.44739, 33.98045], [-80.44696, 33.9802], [-80.44669, 33.98002], [-80.44652, 33.97997], [-80.44623, 33.97995], [-80.44592, 33.97992], [-80.44569, 33.97984], [-80.44528, 33.9797], [-80.44501, 33.97948], [-80.44411, 33.97878], [-80.44339, 33.97772], [-80.44324, 33.9775], [-80.44301, 33.9774], [-80.44237, 33.97722], [-80.44148, 33.97698], [-80.43983, 33.97648], [-80.43942, 33.97636], [-80.4392, 33.97623], [-80.43842, 33.9756], [-80.43826, 33.97559], [-80.4378, 33.97541], [-80.43728, 33.97551], [-80.43718, 33.97542], [-80.43703, 33.97541], [-80.43695, 33.97533], [-80.4368, 33.97519], [-80.43664, 33.97505], [-80.43647, 33.97497], [-80.4361, 33.97487], [-80.43595, 33.97481], [-80.43574, 33.9747], [-80.43558, 33.97463], [-80.43539, 33.97432], [-80.43501, 33.97367], [-80.43493, 33.9735], [-80.43479, 33.97337], [-80.43474, 33.97333], [-80.43458, 33.97326], [-80.43448, 33.97322], [-80.43418, 33.97292], [-80.43404, 33.97287], [-80.43389, 33.97284], [-80.43365, 33.97287], [-80.4336, 33.97285], [-80.43344, 33.97284], [-80.43331, 33.9728], [-80.43311, 33.97272], [-80.43296, 33.97264], [-80.43273, 33.97239], [-80.43259, 33.97217], [-80.4324, 33.97194], [-80.43225, 33.97185], [-80.432, 33.97182], [-80.43167, 33.97178], [-80.43138, 33.97172], [-80.43113, 33.97163], [-80.43082, 33.97135], [-80.43067, 33.97112], [-80.43065, 33.97087], [-80.43063, 33.97064], [-80.43055, 33.97051], [-80.43047, 33.97045], [-80.43028, 33.9704], [-80.43014, 33.97036], [-80.43009, 33.97033], [-80.43005, 33.97019], [-80.43003, 33.97003], [-80.42995, 33.96987], [-80.42982, 33.96972], [-80.4297, 33.96958], [-80.42964, 33.96946], [-80.42964, 33.96928], [-80.42958, 33.96913], [-80.42945, 33.969], [-80.42933, 33.96888], [-80.42924, 33.96881], [-80.42908, 33.96871], [-80.42887, 33.96825], [-80.42864, 33.96796], [-80.42812, 33.96764], [-80.42795, 33.96748], [-80.42786, 33.96739], [-80.42773, 33.96728], [-80.42761, 33.96722], [-80.42741, 33.96709], [-80.42738, 33.96699], [-80.42725, 33.96651], [-80.42717, 33.96631], [-80.42708, 33.96617], [-80.4271, 33.96606], [-80.42714, 33.96596], [-80.42716, 33.96577], [-80.42714, 33.96516], [-80.42708, 33.96488], [-80.42708, 33.96471], [-80.42718, 33.96453], [-80.42725, 33.96442], [-80.42729, 33.96417], [-80.42727, 33.9639], [-80.42716, 33.96369], [-80.42702, 33.96352], [-80.42687, 33.96327], [-80.42666, 33.96248], [-80.42639, 33.9617], [-80.42624, 33.9617], [-80.42616, 33.9617], [-80.4258, 33.9617], [-80.42549, 33.96172], [-80.42531, 33.96174], [-80.42491, 33.96177], [-80.42466, 33.9618], [-80.42424, 33.96187], [-80.42399, 33.96191], [-80.42355, 33.96202], [-80.4232, 33.96211], [-80.42276, 33.96225], [-80.42246, 33.96235], [-80.42203, 33.96251], [-80.42192, 33.96255], [-80.42163, 33.96268], [-80.42139, 33.96278], [-80.4209, 33.96298], [-80.41955, 33.96353], [-80.41943, 33.96358], [-80.41897, 33.96376], [-80.41865, 33.96387], [-80.41809, 33.96405], [-80.41751, 33.96421], [-80.41715, 33.96429], [-80.41697, 33.96433], [-80.41665, 33.96439], [-80.41629, 33.96445], [-80.41627, 33.96446], [-80.4161, 33.96448], [-80.41559, 33.96455], [-80.41478, 33.96466], [-80.4146, 33.96469], [-80.41426, 33.96473], [-80.41313, 33.96489], [-80.41288, 33.96492], [-80.41271, 33.96495], [-80.41259, 33.96496], [-80.4122, 33.96501], [-80.41209, 33.96503], [-80.41172, 33.96508], [-80.41073, 33.96521], [-80.41057, 33.96523], [-80.41014, 33.96529], [-80.40967, 33.96536], [-80.40934, 33.96539], [-80.40915, 33.96542], [-80.40879, 33.96544], [-80.40855, 33.96545], [-80.40837, 33.96545], [-80.40836, 33.96545], [-80.40826, 33.96544], [-80.40818, 33.96544], [-80.40811, 33.96544], [-80.40808, 33.96544], [-80.40804, 33.96543], [-80.40782, 33.96542], [-80.40761, 33.9654], [-80.40741, 33.96537], [-80.40717, 33.96533], [-80.40697, 33.96529], [-80.40677, 33.96525], [-80.40636, 33.96514], [-80.40616, 33.96508], [-80.40577, 33.96494], [-80.40554, 33.96485], [-80.40502, 33.96458], [-80.40488, 33.9645], [-80.40472, 33.96441], [-80.40425, 33.96413], [-80.40386, 33.96389], [-80.40373, 33.96381], [-80.40278, 33.96322], [-80.40197, 33.96271], [-80.40184, 33.96264], [-80.4017, 33.96255], [-80.40146, 33.9624], [-80.40121, 33.96224], [-80.3998, 33.96137], [-80.39887, 33.96079], [-80.39867, 33.96067], [-80.3986, 33.96063], [-80.39836, 33.96048], [-80.39832, 33.96045], [-80.3983, 33.96045], [-80.39826, 33.96042], [-80.39801, 33.96026], [-80.39792, 33.96021], [-80.3967, 33.95945], [-80.39603, 33.95904], [-80.39588, 33.95894], [-80.3956, 33.95877], [-80.39551, 33.95872], [-80.39549, 33.9587], [-80.39543, 33.95866], [-80.39529, 33.95858], [-80.395, 33.9584], [-80.39461, 33.95816], [-80.39436, 33.95801], [-80.39413, 33.95788], [-80.39393, 33.95778], [-80.39368, 33.95766], [-80.39324, 33.95748], [-80.39337, 33.95809], [-80.39328, 33.95849], [-80.3932, 33.95894], [-80.39308, 33.95924], [-80.39305, 33.9595], [-80.39296, 33.95987], [-80.39293, 33.96009], [-80.39293, 33.96029], [-80.39298, 33.96047], [-80.39323, 33.96082], [-80.39367, 33.96147], [-80.39396, 33.96171], [-80.39416, 33.96186], [-80.39431, 33.96191], [-80.39558, 33.96263], [-80.39593, 33.96271], [-80.39618, 33.9628], [-80.39645, 33.96291], [-80.39666, 33.96299], [-80.39674, 33.96311], [-80.39677, 33.96327], [-80.39688, 33.9639], [-80.39707, 33.96405], [-80.3977, 33.96435], [-80.39786, 33.96448], [-80.39801, 33.9647], [-80.39809, 33.96481], [-80.39822, 33.96511], [-80.39859, 33.9662], [-80.39853, 33.96643], [-80.39854, 33.96652], [-80.39858, 33.96692], [-80.39869, 33.96724], [-80.3987, 33.96725], [-80.39913, 33.96781], [-80.39927, 33.96818], [-80.40083, 33.96993], [-80.40099, 33.97028], [-80.40103, 33.97037], [-80.40141, 33.9712], [-80.40143, 33.97123], [-80.40162, 33.97154], [-80.40168, 33.97157], [-80.4022, 33.9722], [-80.40223, 33.97222], [-80.4024, 33.97238], [-80.40324, 33.97305], [-80.40333, 33.97312], [-80.40354, 33.97329], [-80.40403, 33.97377], [-80.40428, 33.97398], [-80.40447, 33.97402], [-80.40505, 33.97443], [-80.40542, 33.97496], [-80.40547, 33.9751], [-80.40556, 33.97536], [-80.40559, 33.97546], [-80.40576, 33.97592], [-80.40632, 33.97656], [-80.40672, 33.97688], [-80.40692, 33.97705], [-80.40731, 33.97728], [-80.40802, 33.97801], [-80.40843, 33.97858], [-80.40893, 33.97916], [-80.40907, 33.97929], [-80.4091, 33.97944], [-80.40912, 33.97964], [-80.40947, 33.98007], [-80.40968, 33.9803], [-80.41003, 33.98083], [-80.41017, 33.98097], [-80.41104, 33.98147], [-80.41125, 33.98155], [-80.41227, 33.98237], [-80.41348, 33.98312], [-80.41354, 33.98321], [-80.41389, 33.98341], [-80.41423, 33.98379], [-80.41428, 33.98385], [-80.41435, 33.98392], [-80.41462, 33.98422], [-80.41474, 33.98443], [-80.41478, 33.98449], [-80.41483, 33.98467], [-80.41493, 33.98497], [-80.41503, 33.98521], [-80.41517, 33.98573], [-80.41502, 33.98581], [-80.41459, 33.98608], [-80.41481, 33.98656], [-80.41464, 33.98669], [-80.4147, 33.98697], [-80.41517, 33.98765], [-80.4153, 33.98814], [-80.4153, 33.98923], [-80.41519, 33.98974], [-80.41517, 33.9904], [-80.41497, 33.99077], [-80.41479, 33.99137], [-80.41473, 33.99167], [-80.41467, 33.99196], [-80.41451, 33.99227], [-80.41433, 33.99254], [-80.41404, 33.99306], [-80.41412, 33.9932], [-80.41415, 33.99341], [-80.41424, 33.99387], [-80.41427, 33.99426], [-80.41421, 33.99493], [-80.41407, 33.99562], [-80.41362, 33.99597], [-80.41363, 33.99617], [-80.41348, 33.99644], [-80.41327, 33.9969], [-80.41322, 33.99748], [-80.41327, 33.99769], [-80.41358, 33.99781], [-80.41418, 33.9984], [-80.41462, 33.99868], [-80.41536, 33.99906], [-80.41684, 33.99945], [-80.41723, 33.99965], [-80.41789, 33.99974], [-80.41802, 33.9998], [-80.41756, 34.00013], [-80.41762, 34.00134], [-80.41764, 34.00173], [-80.41769, 34.00194], [-80.41808, 34.00233], [-80.41842, 34.00254], [-80.41989, 34.00348], [-80.42102, 34.00439], [-80.42123, 34.00446], [-80.42191, 34.00457], [-80.42198, 34.00475], [-80.42203, 34.00493], [-80.42204, 34.00509], [-80.42206, 34.00523], [-80.42205, 34.00535], [-80.42202, 34.00562], [-80.42199, 34.00577], [-80.42193, 34.00594], [-80.42188, 34.00617], [-80.42189, 34.00628], [-80.4219, 34.00635], [-80.42195, 34.00651], [-80.42205, 34.00665], [-80.42221, 34.00688], [-80.42254, 34.00736], [-80.42273, 34.00768], [-80.42279, 34.00784], [-80.4228, 34.00793], [-80.42282, 34.00801], [-80.42287, 34.00808], [-80.42294, 34.00817], [-80.42301, 34.00821], [-80.42314, 34.00827], [-80.42323, 34.00834], [-80.42333, 34.00846], [-80.42343, 34.0086], [-80.42363, 34.00892], [-80.42374, 34.00907], [-80.42384, 34.00919], [-80.42407, 34.0094], [-80.42445, 34.00988], [-80.42459, 34.0101], [-80.42472, 34.01034], [-80.42514, 34.0109], [-80.42518, 34.01096], [-80.42521, 34.01107], [-80.42523, 34.01112], [-80.42527, 34.01116], [-80.42531, 34.01119], [-80.42536, 34.01122], [-80.4254, 34.01126], [-80.42562, 34.0116], [-80.42582, 34.0119], [-80.42604, 34.0122], [-80.42622, 34.01242], [-80.42644, 34.01268], [-80.42658, 34.01287], [-80.42724, 34.01378], [-80.42734, 34.01386], [-80.42739, 34.0139], [-80.42748, 34.01394], [-80.42754, 34.01396], [-80.42771, 34.01399], [-80.4279, 34.014], [-80.42811, 34.01403], [-80.42818, 34.01405], [-80.42827, 34.01408], [-80.42837, 34.01413], [-80.42846, 34.0142], [-80.4285, 34.01424], [-80.42856, 34.01432], [-80.42881, 34.01469], [-80.42908, 34.01509], [-80.42925, 34.01533], [-80.42963, 34.01586], [-80.42991, 34.01631], [-80.42896, 34.01628], [-80.42888, 34.01709], [-80.42885, 34.01739], [-80.42883, 34.01769], [-80.42872, 34.01896], [-80.42858, 34.02054], [-80.42857, 34.02092], [-80.42857, 34.02102], [-80.42857, 34.02121], [-80.42859, 34.0216], [-80.42861, 34.02183], [-80.42866, 34.0222], [-80.42868, 34.02227], [-80.42873, 34.02254], [-80.4288, 34.02281], [-80.42883, 34.0229], [-80.42891, 34.02317], [-80.42903, 34.02355], [-80.42919, 34.02401], [-80.42939, 34.02464], [-80.42948, 34.02495], [-80.42957, 34.02532], [-80.42965, 34.02569], [-80.42971, 34.02605], [-80.42973, 34.02612], [-80.4299, 34.02749], [-80.42999, 34.02822], [-80.4303, 34.03055], [-80.43034, 34.03075], [-80.43036, 34.03083], [-80.43039, 34.03109], [-80.43046, 34.03149], [-80.43074, 34.03339], [-80.43084, 34.03404], [-80.43089, 34.03434], [-80.43104, 34.03528], [-80.43144, 34.03774], [-80.43151, 34.03813], [-80.4316, 34.0385], [-80.43171, 34.03895], [-80.4318, 34.03926], [-80.43199, 34.03984], [-80.43209, 34.04012], [-80.4327, 34.04157], [-80.43336, 34.04305], [-80.4335, 34.04339], [-80.4336, 34.04362], [-80.43366, 34.04378], [-80.43377, 34.04414], [-80.43388, 34.04467], [-80.43391, 34.04492], [-80.43394, 34.04507], [-80.43401, 34.04551], [-80.43406, 34.0457], [-80.43407, 34.04575], [-80.43414, 34.046], [-80.43422, 34.04622], [-80.43431, 34.04642], [-80.43451, 34.04679], [-80.4347, 34.04707], [-80.43509, 34.0476], [-80.43543, 34.0481], [-80.43558, 34.0483], [-80.43565, 34.04843], [-80.43579, 34.04864], [-80.43598, 34.04892], [-80.43772, 34.05182], [-80.43869, 34.05354], [-80.43887, 34.05383], [-80.43917, 34.05434], [-80.43926, 34.05452], [-80.43932, 34.05464], [-80.43947, 34.055], [-80.43953, 34.05517], [-80.44048, 34.05762], [-80.44058, 34.05785], [-80.44088, 34.05858], [-80.44141, 34.05974], [-80.44156, 34.06015], [-80.44175, 34.06071], [-80.44184, 34.06109], [-80.44197, 34.06163], [-80.44207, 34.06206], [-80.44216, 34.06253], [-80.44281, 34.0654], [-80.44289, 34.06574], [-80.44302, 34.0661], [-80.4431, 34.06632], [-80.44322, 34.06654], [-80.44333, 34.06674], [-80.44347, 34.06695], [-80.44415, 34.06773], [-80.44442, 34.06802], [-80.44465, 34.06824], [-80.44492, 34.0685], [-80.4452, 34.06874], [-80.44577, 34.0692], [-80.44657, 34.0698], [-80.44712, 34.07026], [-80.44758, 34.07064], [-80.44796, 34.07106], [-80.44829, 34.07145], [-80.44867, 34.07193], [-80.4499, 34.07356], [-80.45023, 34.07401], [-80.45028, 34.07408], [-80.45037, 34.07423], [-80.45052, 34.07448], [-80.45069, 34.07476], [-80.45087, 34.07475], [-80.45099, 34.07474], [-80.45137, 34.07468], [-80.4515, 34.07465], [-80.45161, 34.07462], [-80.45167, 34.07459], [-80.45194, 34.07437], [-80.452, 34.0743], [-80.45208, 34.0742], [-80.45212, 34.07413], [-80.45214, 34.07405], [-80.45216, 34.07389], [-80.45215, 34.07378], [-80.45208, 34.07356], [-80.45198, 34.07331], [-80.45198, 34.07319], [-80.45198, 34.07306], [-80.45199, 34.07301], [-80.45198, 34.07294], [-80.452, 34.07279], [-80.452, 34.07274], [-80.45201, 34.07263], [-80.4521, 34.07222], [-80.45215, 34.07202], [-80.45218, 34.07197], [-80.45228, 34.0718], [-80.45235, 34.0717], [-80.45244, 34.07161], [-80.45261, 34.07144], [-80.45272, 34.07138], [-80.45288, 34.07131], [-80.45299, 34.07128], [-80.45318, 34.07123], [-80.45325, 34.0712], [-80.45342, 34.07116], [-80.45363, 34.07114], [-80.45403, 34.07114], [-80.4541, 34.07114], [-80.45422, 34.07115], [-80.45466, 34.07122], [-80.45483, 34.07124], [-80.45515, 34.0712], [-80.45536, 34.0712], [-80.45554, 34.07121], [-80.45587, 34.07124], [-80.45591, 34.07126], [-80.45635, 34.0713], [-80.4565, 34.07131], [-80.45679, 34.07129], [-80.45687, 34.07129], [-80.457, 34.07127], [-80.45723, 34.0712], [-80.45733, 34.07115], [-80.45743, 34.07109], [-80.4575, 34.07104], [-80.45754, 34.07093], [-80.45756, 34.07084], [-80.4576, 34.07079], [-80.4577, 34.07071], [-80.45774, 34.07068], [-80.45785, 34.07062], [-80.45807, 34.07052], [-80.45809, 34.07051], [-80.4582, 34.07046], [-80.4584, 34.07036], [-80.45846, 34.07033], [-80.45865, 34.07017], [-80.45869, 34.07012], [-80.45873, 34.07011], [-80.45875, 34.07004], [-80.45879, 34.06999], [-80.45885, 34.06989], [-80.45891, 34.06975], [-80.45897, 34.06957], [-80.459, 34.06941], [-80.45921, 34.06902], [-80.45928, 34.0688], [-80.45934, 34.06857], [-80.45937, 34.06848], [-80.45948, 34.06827], [-80.45962, 34.068], [-80.4597, 34.06791], [-80.45982, 34.06781], [-80.45995, 34.06774], [-80.46017, 34.06764], [-80.46028, 34.06758], [-80.46048, 34.06746], [-80.46068, 34.06735], [-80.46097, 34.06722], [-80.46112, 34.06714], [-80.46124, 34.06706], [-80.46148, 34.06685], [-80.46173, 34.06666], [-80.46198, 34.06643], [-80.46223, 34.06624], [-80.46237, 34.06615], [-80.46251, 34.06609], [-80.46268, 34.066], [-80.46286, 34.06593], [-80.4629, 34.06588], [-80.46296, 34.06587], [-80.46315, 34.06573], [-80.46323, 34.06566], [-80.46326, 34.06565], [-80.46328, 34.0656], [-80.46335, 34.06553], [-80.46346, 34.06539], [-80.46362, 34.06523], [-80.46379, 34.0651], [-80.46394, 34.06501], [-80.46408, 34.06496], [-80.4643, 34.06493], [-80.46443, 34.06491], [-80.46449, 34.06488], [-80.46456, 34.06485], [-80.46479, 34.06468], [-80.46552, 34.06409], [-80.46561, 34.06403], [-80.46571, 34.06397], [-80.46575, 34.06395], [-80.46585, 34.06389], [-80.46606, 34.06379], [-80.46626, 34.06369], [-80.46655, 34.06351], [-80.46672, 34.06341], [-80.46682, 34.06334], [-80.46702, 34.06323], [-80.46714, 34.06318], [-80.46735, 34.06311], [-80.46758, 34.06302], [-80.46775, 34.06295], [-80.4679, 34.06286], [-80.46803, 34.06274], [-80.46813, 34.06263], [-80.46815, 34.06258], [-80.46817, 34.06249], [-80.46811, 34.06226], [-80.4681, 34.06219], [-80.46813, 34.06192], [-80.46811, 34.06181], [-80.46807, 34.06168], [-80.46795, 34.06153], [-80.46788, 34.06146], [-80.46776, 34.06136], [-80.46763, 34.06119], [-80.4676, 34.06115], [-80.46757, 34.06107], [-80.46756, 34.06101], [-80.46757, 34.06095], [-80.46766, 34.06073], [-80.46766, 34.06068], [-80.46764, 34.06055], [-80.46765, 34.06044], [-80.46782, 34.05996], [-80.46795, 34.05977], [-80.46799, 34.05975], [-80.46803, 34.05971], [-80.46824, 34.05963], [-80.46832, 34.0596], [-80.46844, 34.0596], [-80.46857, 34.05961], [-80.4689, 34.05966], [-80.469, 34.05969], [-80.46929, 34.05982], [-80.46966, 34.06003], [-80.46982, 34.06012], [-80.46989, 34.06016], [-80.46997, 34.0602], [-80.47009, 34.06024], [-80.47019, 34.06027], [-80.47031, 34.06028], [-80.47044, 34.06027], [-80.47054, 34.06024], [-80.47088, 34.06009], [-80.47096, 34.06005], [-80.47106, 34.05999], [-80.47128, 34.05981], [-80.47136, 34.05973], [-80.47143, 34.05965], [-80.47157, 34.05942], [-80.47169, 34.05916], [-80.47182, 34.05877], [-80.47192, 34.0586], [-80.47195, 34.05858], [-80.47199, 34.05854], [-80.47218, 34.05837], [-80.47223, 34.05834], [-80.47223, 34.05832], [-80.47223, 34.0583], [-80.47229, 34.05829], [-80.47266, 34.05799], [-80.47277, 34.05788], [-80.473, 34.05766], [-80.47318, 34.05754], [-80.47335, 34.05745], [-80.47338, 34.05744], [-80.47381, 34.05722], [-80.47393, 34.05715], [-80.47419, 34.05694], [-80.47428, 34.05683], [-80.47432, 34.05677], [-80.47443, 34.05655], [-80.47445, 34.05644], [-80.47447, 34.0562], [-80.47445, 34.05605], [-80.4744, 34.05589], [-80.47429, 34.05569], [-80.47412, 34.05543], [-80.47402, 34.05522], [-80.474, 34.05515], [-80.47399, 34.05504], [-80.47402, 34.05476], [-80.47399, 34.05449], [-80.47398, 34.05432], [-80.47399, 34.05418], [-80.47402, 34.05408], [-80.47405, 34.054], [-80.47412, 34.05391], [-80.47431, 34.05373], [-80.47441, 34.05369], [-80.47469, 34.05359], [-80.47474, 34.05359], [-80.47498, 34.05359], [-80.47514, 34.05359], [-80.47563, 34.05366], [-80.47566, 34.05365], [-80.47617, 34.05371], [-80.4762, 34.05372], [-80.47632, 34.05375], [-80.47654, 34.05385], [-80.47672, 34.05391], [-80.47682, 34.05393], [-80.47702, 34.05397], [-80.47718, 34.05397], [-80.47732, 34.05396], [-80.4774, 34.05395], [-80.4777, 34.05387], [-80.47788, 34.05381], [-80.47793, 34.0538], [-80.47796, 34.0538], [-80.47801, 34.05371], [-80.47811, 34.05356], [-80.47823, 34.05341], [-80.47843, 34.05324], [-80.47857, 34.0531], [-80.47875, 34.05278], [-80.47879, 34.05272], [-80.47888, 34.05259], [-80.47911, 34.05238], [-80.47921, 34.05228], [-80.47927, 34.05218], [-80.4793, 34.05208], [-80.47932, 34.05195], [-80.47935, 34.05162], [-80.47936, 34.05155], [-80.47941, 34.0514], [-80.47947, 34.05128], [-80.47961, 34.05109], [-80.47963, 34.05107], [-80.47973, 34.05096], [-80.47987, 34.05078], [-80.47996, 34.05064], [-80.47998, 34.05063], [-80.48004, 34.05054], [-80.48007, 34.0505], [-80.48024, 34.05027], [-80.48028, 34.05024], [-80.48045, 34.04999], [-80.48058, 34.04974], [-80.48075, 34.04946], [-80.48084, 34.04927], [-80.48087, 34.04922], [-80.4809, 34.04914], [-80.48092, 34.04907], [-80.48091, 34.04903], [-80.4809, 34.04897], [-80.48089, 34.04892], [-80.48096, 34.04877], [-80.48102, 34.04869], [-80.48109, 34.04861], [-80.48113, 34.04856], [-80.48116, 34.04853], [-80.48119, 34.04852], [-80.48123, 34.04847], [-80.48144, 34.04829], [-80.48146, 34.04826], [-80.48149, 34.04825], [-80.48182, 34.04799], [-80.48189, 34.04795], [-80.48214, 34.04785], [-80.48217, 34.04785], [-80.48221, 34.04782], [-80.48241, 34.04776], [-80.48249, 34.04772], [-80.4825, 34.04771], [-80.48255, 34.04769], [-80.4826, 34.04761], [-80.48266, 34.04751], [-80.48274, 34.04732], [-80.48278, 34.04722], [-80.48282, 34.04711], [-80.48285, 34.04706], [-80.48292, 34.04698], [-80.48303, 34.04687], [-80.48317, 34.0468], [-80.48334, 34.04675], [-80.4834, 34.04671], [-80.48354, 34.0466], [-80.4836, 34.04655], [-80.48388, 34.04638], [-80.48394, 34.04634], [-80.48398, 34.04631], [-80.48414, 34.04625], [-80.4844, 34.0462], [-80.48463, 34.04611], [-80.48488, 34.04591], [-80.48496, 34.04585], [-80.48506, 34.04579], [-80.48536, 34.04566], [-80.4855, 34.04558], [-80.48554, 34.04554], [-80.48573, 34.04545], [-80.48582, 34.04542], [-80.48601, 34.04541], [-80.4861, 34.04542], [-80.48648, 34.04549], [-80.48655, 34.04549], [-80.48662, 34.04549], [-80.487, 34.0454], [-80.48711, 34.0454], [-80.48751, 34.04541], [-80.48767, 34.04543], [-80.4878, 34.04544], [-80.4879, 34.04544], [-80.48797, 34.04541], [-80.48798, 34.04539], [-80.48803, 34.04536], [-80.48808, 34.04533], [-80.48814, 34.04525], [-80.48816, 34.04516], [-80.48818, 34.04506], [-80.48821, 34.04499], [-80.48824, 34.04494], [-80.48827, 34.04492], [-80.48837, 34.04487], [-80.48847, 34.04485], [-80.48867, 34.04481], [-80.4887, 34.04481], [-80.48871, 34.0448], [-80.48892, 34.04476], [-80.48909, 34.0447], [-80.48923, 34.04464], [-80.48944, 34.04458], [-80.4897, 34.04457], [-80.49002, 34.04456], [-80.4904, 34.04451], [-80.49067, 34.0445], [-80.49083, 34.04451], [-80.49112, 34.04459], [-80.4912, 34.0446], [-80.49169, 34.04462], [-80.49174, 34.04463], [-80.49183, 34.04464], [-80.49207, 34.04468], [-80.4922, 34.0447], [-80.49236, 34.04469], [-80.4926, 34.04464], [-80.49268, 34.04463], [-80.49276, 34.04464], [-80.49296, 34.04467], [-80.49322, 34.04475], [-80.49373, 34.04483], [-80.49398, 34.04487], [-80.49417, 34.0449], [-80.49453, 34.04495], [-80.49503, 34.04496], [-80.4952, 34.04499], [-80.49549, 34.04506], [-80.49564, 34.04509], [-80.49584, 34.04512], [-80.49624, 34.04514], [-80.49633, 34.04516], [-80.49637, 34.04516], [-80.49682, 34.04523], [-80.49728, 34.04537], [-80.49739, 34.04538], [-80.49748, 34.04537], [-80.49784, 34.0453], [-80.498, 34.04526], [-80.49808, 34.04523], [-80.49813, 34.0452], [-80.49831, 34.04507], [-80.49841, 34.04499], [-80.49851, 34.04493], [-80.49855, 34.0449], [-80.49871, 34.04477], [-80.49898, 34.04452], [-80.4991, 34.04445], [-80.49924, 34.0444], [-80.49932, 34.04439], [-80.49954, 34.04437], [-80.49957, 34.04437], [-80.49967, 34.04436], [-80.49978, 34.04438], [-80.49986, 34.04438], [-80.49995, 34.04439], [-80.50005, 34.04437], [-80.50034, 34.04426], [-80.50073, 34.04403], [-80.50087, 34.04391], [-80.50101, 34.04378], [-80.5012, 34.04356], [-80.50153, 34.04311], [-80.50184, 34.04288], [-80.50192, 34.04282], [-80.50198, 34.0428], [-80.50203, 34.04275], [-80.50209, 34.04273], [-80.50234, 34.04257], [-80.50253, 34.04247], [-80.50261, 34.04241], [-80.50272, 34.04236], [-80.50308, 34.04213], [-80.50315, 34.04211], [-80.50334, 34.04202], [-80.50387, 34.04181], [-80.50432, 34.04168], [-80.50469, 34.04153], [-80.50484, 34.0414], [-80.50491, 34.04123], [-80.50496, 34.04118], [-80.50493, 34.04093], [-80.50496, 34.04067], [-80.50514, 34.04005], [-80.50527, 34.03981], [-80.50547, 34.03948], [-80.50561, 34.03938], [-80.50575, 34.03932], [-80.50603, 34.03926], [-80.50629, 34.03929], [-80.50654, 34.03933], [-80.50747, 34.03966], [-80.50775, 34.03981], [-80.50808, 34.04002], [-80.50825, 34.04011], [-80.50842, 34.04017], [-80.50862, 34.04018], [-80.50888, 34.04013], [-80.50901, 34.04006], [-80.50982, 34.03984], [-80.5101, 34.03982], [-80.51052, 34.0398], [-80.51075, 34.03976], [-80.51146, 34.03941], [-80.51169, 34.03928], [-80.51194, 34.03906], [-80.51218, 34.03869], [-80.51234, 34.03832], [-80.51251, 34.03782], [-80.51262, 34.03752], [-80.51272, 34.0374], [-80.513, 34.03719], [-80.51376, 34.03677], [-80.51397, 34.03661], [-80.51405, 34.03651], [-80.51416, 34.03623], [-80.51422, 34.03589], [-80.5144, 34.03523], [-80.51442, 34.0351], [-80.51449, 34.03493], [-80.51483, 34.03449], [-80.51547, 34.03397], [-80.51564, 34.03387], [-80.51569, 34.03382], [-80.51575, 34.03379], [-80.51587, 34.03369], [-80.51591, 34.03368], [-80.51595, 34.03362], [-80.51602, 34.03359], [-80.51606, 34.03353], [-80.51613, 34.0335], [-80.51626, 34.0334], [-80.51648, 34.03327], [-80.51677, 34.03318], [-80.51679, 34.03315], [-80.51687, 34.03314], [-80.51719, 34.03302], [-80.5173, 34.03297], [-80.51737, 34.03291], [-80.51753, 34.03284], [-80.51779, 34.0328], [-80.51787, 34.03276], [-80.51798, 34.03275], [-80.51819, 34.03278], [-80.51835, 34.03283], [-80.51843, 34.03289], [-80.51917, 34.03357], [-80.51934, 34.03369], [-80.51944, 34.03373], [-80.51955, 34.03374], [-80.51976, 34.03368], [-80.51988, 34.03356], [-80.52003, 34.03332], [-80.52014, 34.0332], [-80.52041, 34.03312], [-80.52051, 34.03304], [-80.52065, 34.0329], [-80.52082, 34.03279], [-80.52092, 34.03276], [-80.52107, 34.03275], [-80.52117, 34.03279], [-80.52126, 34.03284], [-80.52146, 34.033], [-80.52169, 34.03313], [-80.52218, 34.03332], [-80.52238, 34.03341], [-80.52274, 34.03367], [-80.52298, 34.03379], [-80.52308, 34.03381], [-80.52376, 34.03387], [-80.52395, 34.03395], [-80.52451, 34.0343], [-80.52484, 34.03446], [-80.52509, 34.03453], [-80.5252, 34.03454], [-80.52538, 34.03452], [-80.52583, 34.03474], [-80.52618, 34.03494], [-80.52638, 34.03501], [-80.52652, 34.03501], [-80.52656, 34.03501], [-80.52686, 34.03505], [-80.52691, 34.03505], [-80.52704, 34.03505], [-80.52712, 34.03503], [-80.52725, 34.035], [-80.52747, 34.03489], [-80.52751, 34.03487], [-80.52769, 34.03471], [-80.52771, 34.03469], [-80.52794, 34.03439], [-80.52789, 34.03425], [-80.52787, 34.03404], [-80.52785, 34.03397], [-80.52783, 34.03379], [-80.52781, 34.03372], [-80.52793, 34.03361], [-80.52804, 34.03351], [-80.52817, 34.03341], [-80.52828, 34.03335], [-80.52832, 34.03333], [-80.52836, 34.03332], [-80.52849, 34.03332], [-80.52853, 34.03333], [-80.52865, 34.03339], [-80.52872, 34.03343], [-80.52875, 34.03346], [-80.52887, 34.0336], [-80.52889, 34.03363], [-80.52893, 34.03374], [-80.52899, 34.03383], [-80.52904, 34.03397], [-80.52907, 34.03415], [-80.52907, 34.0342], [-80.52916, 34.03429], [-80.52921, 34.03435], [-80.52924, 34.03441], [-80.52927, 34.03452], [-80.52932, 34.03462], [-80.52934, 34.03469], [-80.52935, 34.03476], [-80.52938, 34.03508], [-80.52938, 34.03512], [-80.52943, 34.03518], [-80.52952, 34.03534], [-80.52959, 34.03543], [-80.52966, 34.03556], [-80.52972, 34.0357], [-80.52998, 34.03603], [-80.53001, 34.03606], [-80.53011, 34.03614], [-80.53013, 34.03617], [-80.53014, 34.0362], [-80.53015, 34.03623], [-80.53013, 34.0363], [-80.53006, 34.03647], [-80.53003, 34.03654], [-80.53, 34.03676], [-80.53001, 34.03686], [-80.53017, 34.03708], [-80.53037, 34.03735], [-80.53047, 34.03747], [-80.53071, 34.03777], [-80.53079, 34.0378], [-80.53104, 34.03787], [-80.53132, 34.03797], [-80.53152, 34.03802], [-80.5317, 34.03822], [-80.53182, 34.03832], [-80.53197, 34.03845], [-80.53205, 34.03848], [-80.53217, 34.03853], [-80.53233, 34.03857], [-80.53275, 34.03868], [-80.53311, 34.03875], [-80.53319, 34.03887], [-80.53327, 34.03904], [-80.5333, 34.03911], [-80.53337, 34.03931], [-80.5334, 34.03953], [-80.53342, 34.03964], [-80.53378, 34.03976], [-80.53386, 34.03979], [-80.53397, 34.03985], [-80.53411, 34.03993], [-80.53422, 34.03999], [-80.53454, 34.04003], [-80.5354, 34.04003], [-80.53542, 34.03985], [-80.53546, 34.03963], [-80.53555, 34.03922], [-80.53564, 34.03895], [-80.53575, 34.03863], [-80.53581, 34.03843], [-80.53601, 34.03773], [-80.53611, 34.03741], [-80.53636, 34.03654], [-80.53672, 34.03532], [-80.53676, 34.03522], [-80.53686, 34.03488], [-80.53692, 34.03469], [-80.53699, 34.03448], [-80.53711, 34.03407], [-80.53717, 34.03382], [-80.53727, 34.03342], [-80.53733, 34.03308], [-80.53739, 34.03276], [-80.53742, 34.03256], [-80.53742, 34.03255], [-80.53753, 34.03179], [-80.53758, 34.0314], [-80.53782, 34.02985], [-80.53793, 34.02917], [-80.53805, 34.02836], [-80.53822, 34.02728], [-80.53823, 34.02721], [-80.53833, 34.02653], [-80.53839, 34.02615], [-80.53849, 34.02547], [-80.53898, 34.02221], [-80.53942, 34.01926], [-80.53947, 34.0189], [-80.53981, 34.01663], [-80.53992, 34.01594], [-80.5402, 34.01406], [-80.54044, 34.01242], [-80.54049, 34.01198], [-80.5405, 34.01183], [-80.54055, 34.0114], [-80.54061, 34.01064], [-80.54062, 34.01056], [-80.54063, 34.01037], [-80.54064, 34.01028], [-80.54067, 34.00982], [-80.54071, 34.0093], [-80.54072, 34.00919], [-80.54072, 34.00911], [-80.54078, 34.00808], [-80.54079, 34.00673], [-80.5408, 34.00557], [-80.5408, 34.00542], [-80.5408, 34.00498]]]}}, {"type": "Feature", "properties": {"tract_id": "45085002000", "name": "Census Tract 20", "pct_white_2020": 48.2, "pct_black_2020": 40.5, "pct_hispanic_2020": 8.7, "pct_asian_2020": 0.2, "population_2020": 3464}, "geometry": {"type": "Polygon", "coordinates": [[[-80.36594, 33.92836], [-80.3658, 33.92819], [-80.365, 33.92708], [-80.36488, 33.92693], [-80.36425, 33.92607], [-80.36352, 33.92507], [-80.36273, 33.92402], [-80.36196, 33.92299], [-80.36117, 33.92191], [-80.36032, 33.92198], [-80.35992, 33.92202], [-80.35988, 33.92202], [-80.359, 33.92209], [-80.3583, 33.92215], [-80.35821, 33.92216], [-80.3577, 33.9222], [-80.35751, 33.92221], [-80.3572, 33.92224], [-80.35688, 33.92227], [-80.35487, 33.92244], [-80.35459, 33.92246], [-80.35451, 33.92193], [-80.3545, 33.92191], [-80.35443, 33.92143], [-80.35427, 33.92034], [-80.35335, 33.9204], [-80.35182, 33.92051], [-80.35058, 33.9206], [-80.34902, 33.92071], [-80.34799, 33.92077], [-80.34769, 33.92078], [-80.34742, 33.92078], [-80.34721, 33.92077], [-80.3468, 33.92074], [-80.34645, 33.92072], [-80.34465, 33.9206], [-80.34461, 33.9211], [-80.34453, 33.92187], [-80.34442, 33.92307], [-80.34441, 33.92312], [-80.34436, 33.92331], [-80.34424, 33.92447], [-80.34299, 33.92441], [-80.34209, 33.92437], [-80.34201, 33.92436], [-80.3413, 33.92432], [-80.33969, 33.92419], [-80.3382, 33.9241], [-80.3377, 33.92407], [-80.3375, 33.92406], [-80.33732, 33.92407], [-80.33715, 33.92407], [-80.33633, 33.92415], [-80.33631, 33.92463], [-80.33629, 33.92479], [-80.33624, 33.92524], [-80.33615, 33.92595], [-80.33612, 33.92618], [-80.33611, 33.92647], [-80.33612, 33.92685], [-80.33618, 33.92731], [-80.33627, 33.92779], [-80.33629, 33.92789], [-80.33632, 33.92801], [-80.33673, 33.9296], [-80.33707, 33.93093], [-80.33709, 33.931], [-80.33737, 33.93207], [-80.33745, 33.93238], [-80.33748, 33.93247], [-80.33807, 33.93475], [-80.33841, 33.93609], [-80.3389, 33.93796], [-80.3408, 33.93797], [-80.34333, 33.93799], [-80.34344, 33.938], [-80.34416, 33.93806], [-80.34457, 33.93808], [-80.34473, 33.93669], [-80.34474, 33.93648], [-80.34475, 33.93635], [-80.34475, 33.93631], [-80.34483, 33.93631], [-80.34523, 33.93632], [-80.34643, 33.93656], [-80.3468, 33.93664], [-80.34711, 33.93669], [-80.34923, 33.93705], [-80.34924, 33.93712], [-80.34925, 33.93717], [-80.34954, 33.94007], [-80.34956, 33.94015], [-80.34969, 33.94025], [-80.34976, 33.94031], [-80.35018, 33.94069], [-80.35093, 33.93981], [-80.35025, 33.93936], [-80.3502, 33.93932], [-80.35019, 33.9393], [-80.35017, 33.93928], [-80.35014, 33.93923], [-80.35012, 33.93917], [-80.35011, 33.9391], [-80.35009, 33.93893], [-80.3506, 33.93834], [-80.35126, 33.93756], [-80.35193, 33.93679], [-80.35297, 33.93741], [-80.35419, 33.93812], [-80.35448, 33.93781], [-80.35544, 33.93668], [-80.35674, 33.93745], [-80.35699, 33.93717], [-80.35791, 33.93604], [-80.3583, 33.93629], [-80.3589, 33.93667], [-80.35976, 33.93721], [-80.36039, 33.93761], [-80.36079, 33.93786], [-80.36086, 33.93778], [-80.36101, 33.93762], [-80.36137, 33.93731], [-80.36158, 33.93712], [-80.36174, 33.93695], [-80.36198, 33.9367], [-80.36208, 33.93659], [-80.36245, 33.93617], [-80.36258, 33.93604], [-80.36272, 33.9359], [-80.36283, 33.93581], [-80.36309, 33.9356], [-80.36323, 33.93551], [-80.36334, 33.93544], [-80.36362, 33.9353], [-80.36379, 33.93523], [-80.36399, 33.93515], [-80.36449, 33.93498], [-80.36459, 33.93346], [-80.36481, 33.93173], [-80.36486, 33.93056], [-80.36495, 33.92996], [-80.36522, 33.92908], [-80.36561, 33.9286], [-80.36594, 33.92836]]]}}, {"type": "Feature", "properties": {"tract_id": "45085001704", "name": "Census Tract 17.04", "pct_white_2020": 45.5, "pct_black_2020": 44.2, "pct_hispanic_2020": 6.2, "pct_asian_2020": 0.7, "population_2020": 4814}, "geometry": {"type": "Polygon", "coordinates": [[[-80.40442, 33.87948], [-80.4045, 33.87818], [-80.40388, 33.87817], [-80.40352, 33.87817], [-80.4027, 33.87806], [-80.40181, 33.87801], [-80.4008, 33.87818], [-80.39957, 33.87868], [-80.39881, 33.87884], [-80.39845, 33.87875], [-80.39816, 33.87848], [-80.3978, 33.87827], [-80.39673, 33.87795], [-80.39617, 33.87793], [-80.39533, 33.87823], [-80.39472, 33.87832], [-80.3945, 33.87832], [-80.39436, 33.87827], [-80.39365, 33.87803], [-80.39323, 33.87801], [-80.39192, 33.87821], [-80.39142, 33.87826], [-80.39131, 33.87827], [-80.39117, 33.87829], [-80.39048, 33.87813], [-80.38891, 33.87746], [-80.3876, 33.87723], [-80.38735, 33.87723], [-80.38721, 33.87714], [-80.3865, 33.87691], [-80.38581, 33.87686], [-80.3846, 33.87657], [-80.38455, 33.87648], [-80.38419, 33.87631], [-80.3841, 33.87626], [-80.38401, 33.8762], [-80.38397, 33.87618], [-80.38328, 33.87627], [-80.38268, 33.8765], [-80.38229, 33.87656], [-80.38178, 33.87664], [-80.38158, 33.87668], [-80.38141, 33.8767], [-80.38121, 33.8767], [-80.38109, 33.8767], [-80.38098, 33.8767], [-80.38047, 33.87675], [-80.38044, 33.87675], [-80.38021, 33.87677], [-80.38012, 33.8768], [-80.37985, 33.87691], [-80.3787, 33.87734], [-80.37743, 33.87757], [-80.37616, 33.87759], [-80.37568, 33.87759], [-80.3754, 33.87752], [-80.3748, 33.87736], [-80.37402, 33.8771], [-80.37377, 33.87702], [-80.37237, 33.87707], [-80.37217, 33.87715], [-80.37155, 33.87739], [-80.37121, 33.87753], [-80.37114, 33.87757], [-80.37113, 33.87758], [-80.37109, 33.8776], [-80.37009, 33.87819], [-80.36943, 33.8784], [-80.36871, 33.87808], [-80.36817, 33.87817], [-80.3672, 33.87849], [-80.36698, 33.8786], [-80.36641, 33.87875], [-80.36625, 33.87879], [-80.36612, 33.87882], [-80.3655, 33.87898], [-80.36491, 33.87898], [-80.36387, 33.87878], [-80.36314, 33.87886], [-80.36299, 33.87888], [-80.36277, 33.87891], [-80.3619, 33.87904], [-80.36133, 33.87897], [-80.3596, 33.87859], [-80.35932, 33.8785], [-80.35899, 33.8784], [-80.35773, 33.87801], [-80.35776, 33.87836], [-80.35787, 33.87875], [-80.35795, 33.87936], [-80.35776, 33.88044], [-80.35776, 33.88083], [-80.35787, 33.88113], [-80.35809, 33.88156], [-80.35809, 33.88163], [-80.3582, 33.88179], [-80.35825, 33.88239], [-80.35814, 33.88296], [-80.35779, 33.88383], [-80.35773, 33.8842], [-80.35765, 33.88431], [-80.35759, 33.88465], [-80.35757, 33.88479], [-80.35754, 33.88534], [-80.35746, 33.88567], [-80.35743, 33.88612], [-80.35739, 33.88628], [-80.35701, 33.88757], [-80.35702, 33.88812], [-80.357, 33.8886], [-80.35701, 33.8887], [-80.35707, 33.88957], [-80.35709, 33.8898], [-80.35709, 33.8899], [-80.35715, 33.88997], [-80.35721, 33.89013], [-80.35723, 33.89018], [-80.35732, 33.89043], [-80.35763, 33.89114], [-80.35766, 33.89127], [-80.35773, 33.89153], [-80.35774, 33.89167], [-80.35774, 33.89171], [-80.35777, 33.89204], [-80.35777, 33.89206], [-80.35779, 33.89233], [-80.35782, 33.89263], [-80.35784, 33.89302], [-80.35781, 33.89327], [-80.35756, 33.89446], [-80.3576, 33.89499], [-80.35787, 33.89575], [-80.35793, 33.8959], [-80.35796, 33.896], [-80.35802, 33.89604], [-80.35803, 33.89617], [-80.35807, 33.89641], [-80.3581, 33.89656], [-80.35815, 33.89689], [-80.3582, 33.89702], [-80.35823, 33.8971], [-80.35859, 33.89739], [-80.35898, 33.89756], [-80.35911, 33.89762], [-80.35941, 33.89787], [-80.35977, 33.89831], [-80.35983, 33.89839], [-80.3604, 33.89918], [-80.3605, 33.89929], [-80.36054, 33.89934], [-80.36057, 33.89938], [-80.36113, 33.90006], [-80.36124, 33.90019], [-80.3616, 33.90062], [-80.3617, 33.90074], [-80.36172, 33.90076], [-80.36199, 33.9011], [-80.36218, 33.90138], [-80.36293, 33.9027], [-80.36316, 33.90334], [-80.36324, 33.90351], [-80.36326, 33.90365], [-80.36314, 33.90399], [-80.36316, 33.90406], [-80.3632, 33.90409], [-80.36341, 33.90412], [-80.36367, 33.90412], [-80.36376, 33.90414], [-80.36392, 33.90436], [-80.36393, 33.90444], [-80.36393, 33.90449], [-80.36388, 33.90474], [-80.36386, 33.90499], [-80.36376, 33.90532], [-80.3638, 33.90567], [-80.3638, 33.90584], [-80.36384, 33.90594], [-80.36411, 33.90609], [-80.3642, 33.90625], [-80.3644, 33.90638], [-80.36444, 33.90644], [-80.36448, 33.90673], [-80.36448, 33.90677], [-80.36455, 33.90685], [-80.36465, 33.90693], [-80.36476, 33.90712], [-80.36478, 33.90726], [-80.36478, 33.90743], [-80.3648, 33.9075], [-80.36483, 33.90754], [-80.36486, 33.90761], [-80.36487, 33.90772], [-80.36488, 33.90781], [-80.36492, 33.90802], [-80.36496, 33.90811], [-80.36502, 33.9082], [-80.36502, 33.90832], [-80.365, 33.90845], [-80.36499, 33.90849], [-80.36502, 33.90857], [-80.36502, 33.90872], [-80.36505, 33.90883], [-80.36513, 33.9089], [-80.36517, 33.90901], [-80.36515, 33.90912], [-80.36516, 33.90917], [-80.36517, 33.90923], [-80.36521, 33.90929], [-80.36532, 33.90941], [-80.3654, 33.90947], [-80.36548, 33.90963], [-80.36548, 33.90972], [-80.36544, 33.90978], [-80.36542, 33.90985], [-80.36548, 33.90991], [-80.36563, 33.90992], [-80.36571, 33.90992], [-80.36581, 33.90995], [-80.3659, 33.91004], [-80.36594, 33.91016], [-80.36595, 33.91018], [-80.37314, 33.90946], [-80.37392, 33.90938], [-80.37403, 33.90937], [-80.37412, 33.90936], [-80.37813, 33.90895], [-80.38098, 33.90869], [-80.38011, 33.90743], [-80.37995, 33.90719], [-80.37986, 33.90703], [-80.37984, 33.90699], [-80.3798, 33.90692], [-80.37964, 33.9066], [-80.37952, 33.90633], [-80.37943, 33.90607], [-80.37933, 33.90569], [-80.3793, 33.90549], [-80.37927, 33.90528], [-80.37924, 33.90502], [-80.37924, 33.90478], [-80.37928, 33.90421], [-80.37972, 33.90407], [-80.37987, 33.90402], [-80.38001, 33.904], [-80.38015, 33.90398], [-80.38049, 33.90395], [-80.38194, 33.90384], [-80.38267, 33.90378], [-80.38416, 33.90366], [-80.38459, 33.90363], [-80.38513, 33.90359], [-80.38532, 33.90357], [-80.38626, 33.9035], [-80.38637, 33.90349], [-80.38652, 33.90348], [-80.38659, 33.90347], [-80.38676, 33.90346], [-80.38684, 33.90346], [-80.38724, 33.90341], [-80.38726, 33.90341], [-80.38733, 33.9034], [-80.38749, 33.90337], [-80.38756, 33.90336], [-80.38779, 33.90332], [-80.38799, 33.90328], [-80.38811, 33.90325], [-80.3884, 33.90318], [-80.3885, 33.90315], [-80.3887, 33.90308], [-80.38899, 33.90297], [-80.38919, 33.90288], [-80.39064, 33.90224], [-80.3915, 33.90186], [-80.39255, 33.9014], [-80.3941, 33.90071], [-80.39437, 33.90059], [-80.39507, 33.90027], [-80.39525, 33.90019], [-80.3956, 33.9], [-80.39582, 33.89988], [-80.39594, 33.8998], [-80.39614, 33.89966], [-80.39619, 33.89962], [-80.39626, 33.89957], [-80.3965, 33.89938], [-80.39667, 33.89927], [-80.39736, 33.89874], [-80.3975, 33.89863], [-80.39799, 33.89826], [-80.39756, 33.89675], [-80.39747, 33.89641], [-80.39742, 33.89608], [-80.39742, 33.8959], [-80.39747, 33.89563], [-80.3975, 33.89554], [-80.39752, 33.89546], [-80.39755, 33.8953], [-80.39756, 33.89506], [-80.39754, 33.89483], [-80.39748, 33.89438], [-80.39732, 33.89335], [-80.39725, 33.89293], [-80.39724, 33.89287], [-80.39724, 33.89278], [-80.39725, 33.89253], [-80.39726, 33.89245], [-80.39728, 33.89233], [-80.39733, 33.89213], [-80.39747, 33.89166], [-80.39829, 33.89179], [-80.39945, 33.89197], [-80.40065, 33.89216], [-80.40186, 33.89236], [-80.40174, 33.89155], [-80.40166, 33.89105], [-80.40165, 33.89097], [-80.40162, 33.89057], [-80.40163, 33.89028], [-80.40166, 33.89006], [-80.4017, 33.88983], [-80.40174, 33.88966], [-80.40193, 33.88911], [-80.40203, 33.88881], [-80.40246, 33.88753], [-80.4025, 33.88739], [-80.4026, 33.88697], [-80.40266, 33.88659], [-80.40268, 33.88638], [-80.4027, 33.88621], [-80.40272, 33.88519], [-80.40274, 33.88382], [-80.40275, 33.88355], [-80.40278, 33.88336], [-80.40282, 33.88316], [-80.40286, 33.883], [-80.40291, 33.88284], [-80.40297, 33.88266], [-80.40304, 33.8825], [-80.40324, 33.88212], [-80.40384, 33.88121], [-80.40394, 33.88104], [-80.40402, 33.88088], [-80.40408, 33.88077], [-80.40415, 33.88062], [-80.40422, 33.88045], [-80.40427, 33.88028], [-80.40435, 33.87996], [-80.40441, 33.87958], [-80.40442, 33.87948]]]}}, {"type": "Feature", "properties": {"tract_id": "45085000401", "name": "Census Tract 4.01", "pct_white_2020": 33.6, "pct_black_2020": 58.2, "pct_hispanic_2020": 0.9, "pct_asian_2020": 4.2, "population_2020": 7014}, "geometry": {"type": "Polygon", "coordinates": [[[-80.47411, 34.10987], [-80.47408, 34.1098], [-80.47377, 34.10921], [-80.47359, 34.10888], [-80.47323, 34.10822], [-80.47294, 34.10773], [-80.47281, 34.10755], [-80.47248, 34.10714], [-80.47199, 34.10658], [-80.47166, 34.10626], [-80.47138, 34.10605], [-80.47102, 34.10584], [-80.47012, 34.10535], [-80.46933, 34.10495], [-80.46923, 34.1049], [-80.46902, 34.10481], [-80.46884, 34.10472], [-80.46879, 34.1047], [-80.46855, 34.10456], [-80.46807, 34.10425], [-80.46789, 34.10411], [-80.46772, 34.10396], [-80.46732, 34.10349], [-80.46683, 34.10284], [-80.46602, 34.10168], [-80.46559, 34.10108], [-80.46543, 34.10088], [-80.46517, 34.10056], [-80.46486, 34.10023], [-80.46459, 34.09995], [-80.46421, 34.09962], [-80.46367, 34.09916], [-80.46317, 34.09872], [-80.46298, 34.09856], [-80.46251, 34.09824], [-80.46232, 34.09812], [-80.46212, 34.09801], [-80.46151, 34.0977], [-80.46108, 34.09746], [-80.46097, 34.09738], [-80.4607, 34.09716], [-80.46048, 34.09695], [-80.46035, 34.0968], [-80.46026, 34.09668], [-80.46005, 34.09638], [-80.45998, 34.09625], [-80.45993, 34.09614], [-80.4599, 34.09609], [-80.45982, 34.09587], [-80.45938, 34.09456], [-80.45902, 34.09353], [-80.45892, 34.09331], [-80.45874, 34.09294], [-80.45866, 34.0928], [-80.45809, 34.0917], [-80.45801, 34.09155], [-80.45787, 34.09129], [-80.45781, 34.09115], [-80.45773, 34.0909], [-80.4577, 34.09077], [-80.45764, 34.09049], [-80.45762, 34.09032], [-80.45761, 34.09014], [-80.4576, 34.08983], [-80.45763, 34.08951], [-80.45764, 34.0894], [-80.45771, 34.08909], [-80.4578, 34.08878], [-80.45783, 34.08862], [-80.45786, 34.08833], [-80.45786, 34.08819], [-80.45787, 34.08815], [-80.45786, 34.08797], [-80.45785, 34.08782], [-80.45782, 34.08763], [-80.45767, 34.08685], [-80.4575, 34.08593], [-80.45747, 34.08579], [-80.45741, 34.08554], [-80.4573, 34.08524], [-80.45717, 34.08491], [-80.45698, 34.08454], [-80.45671, 34.08412], [-80.45665, 34.08406], [-80.45654, 34.0839], [-80.45621, 34.08351], [-80.45602, 34.08331], [-80.45573, 34.08298], [-80.4553, 34.08246], [-80.45505, 34.08212], [-80.4548, 34.0818], [-80.45461, 34.08154], [-80.45443, 34.08128], [-80.45401, 34.08064], [-80.45373, 34.08019], [-80.45352, 34.07985], [-80.45335, 34.07956], [-80.453, 34.0789], [-80.45238, 34.0778], [-80.45157, 34.07631], [-80.45093, 34.07517], [-80.45075, 34.07485], [-80.45069, 34.07476], [-80.45052, 34.07448], [-80.45037, 34.07423], [-80.45028, 34.07408], [-80.45023, 34.07401], [-80.4499, 34.07356], [-80.44867, 34.07193], [-80.44829, 34.07145], [-80.44796, 34.07106], [-80.44758, 34.07064], [-80.44712, 34.07026], [-80.44657, 34.0698], [-80.44577, 34.0692], [-80.4452, 34.06874], [-80.44492, 34.0685], [-80.44465, 34.06824], [-80.44442, 34.06802], [-80.44415, 34.06773], [-80.44347, 34.06695], [-80.44333, 34.06674], [-80.44322, 34.06654], [-80.4431, 34.06632], [-80.44302, 34.0661], [-80.44289, 34.06574], [-80.44281, 34.0654], [-80.44216, 34.06253], [-80.44207, 34.06206], [-80.44197, 34.06163], [-80.44184, 34.06109], [-80.44175, 34.06071], [-80.44156, 34.06015], [-80.44141, 34.05974], [-80.44088, 34.05858], [-80.44058, 34.05785], [-80.44048, 34.05762], [-80.43953, 34.05517], [-80.43947, 34.055], [-80.43932, 34.05464], [-80.43926, 34.05452], [-80.43917, 34.05434], [-80.43887, 34.05383], [-80.43869, 34.05354], [-80.43772, 34.05182], [-80.43598, 34.04892], [-80.43579, 34.04864], [-80.43565, 34.04843], [-80.43558, 34.0483], [-80.43543, 34.0481], [-80.43509, 34.0476], [-80.4347, 34.04707], [-80.43451, 34.04679], [-80.43431, 34.04642], [-80.43422, 34.04622], [-80.43414, 34.046], [-80.43407, 34.04575], [-80.43406, 34.0457], [-80.43401, 34.04551], [-80.43394, 34.04507], [-80.43391, 34.04492], [-80.43388, 34.04467], [-80.43377, 34.04414], [-80.43366, 34.04378], [-80.4336, 34.04362], [-80.4335, 34.04339], [-80.43336, 34.04305], [-80.4327, 34.04157], [-80.43209, 34.04012], [-80.43199, 34.03984], [-80.4318, 34.03926], [-80.43171, 34.03895], [-80.4316, 34.0385], [-80.43151, 34.03813], [-80.43144, 34.03774], [-80.43104, 34.03528], [-80.43089, 34.03434], [-80.43084, 34.03404], [-80.43074, 34.03339], [-80.43046, 34.03149], [-80.43039, 34.03109], [-80.43036, 34.03083], [-80.43034, 34.03075], [-80.4303, 34.03055], [-80.42999, 34.02822], [-80.4299, 34.02749], [-80.42973, 34.02612], [-80.42971, 34.02605], [-80.42965, 34.02569], [-80.42957, 34.02532], [-80.42948, 34.02495], [-80.42939, 34.02464], [-80.42919, 34.02401], [-80.42903, 34.02355], [-80.42891, 34.02317], [-80.42883, 34.0229], [-80.4288, 34.02281], [-80.42873, 34.02254], [-80.42868, 34.02227], [-80.42866, 34.0222], [-80.42861, 34.02183], [-80.42859, 34.0216], [-80.42857, 34.02121], [-80.42857, 34.02102], [-80.42857, 34.02092], [-80.42858, 34.02054], [-80.42872, 34.01896], [-80.42883, 34.01769], [-80.42885, 34.01739], [-80.42888, 34.01709], [-80.42896, 34.01628], [-80.42991, 34.01631], [-80.42963, 34.01586], [-80.42925, 34.01533], [-80.42908, 34.01509], [-80.42881, 34.01469], [-80.42856, 34.01432], [-80.4285, 34.01424], [-80.42846, 34.0142], [-80.42837, 34.01413], [-80.42827, 34.01408], [-80.42818, 34.01405], [-80.42811, 34.01403], [-80.4279, 34.014], [-80.42771, 34.01399], [-80.42754, 34.01396], [-80.42748, 34.01394], [-80.42739, 34.0139], [-80.42734, 34.01386], [-80.42724, 34.01378], [-80.42658, 34.01287], [-80.42644, 34.01268], [-80.42622, 34.01242], [-80.42604, 34.0122], [-80.42582, 34.0119], [-80.42562, 34.0116], [-80.4254, 34.01126], [-80.42536, 34.01122], [-80.42531, 34.01119], [-80.42527, 34.01116], [-80.42523, 34.01112], [-80.42521, 34.01107], [-80.42518, 34.01096], [-80.42514, 34.0109], [-80.42472, 34.01034], [-80.42459, 34.0101], [-80.42445, 34.00988], [-80.42407, 34.0094], [-80.42384, 34.00919], [-80.42374, 34.00907], [-80.42363, 34.00892], [-80.42343, 34.0086], [-80.42333, 34.00846], [-80.42323, 34.00834], [-80.42314, 34.00827], [-80.42301, 34.00821], [-80.42294, 34.00817], [-80.42287, 34.00808], [-80.42282, 34.00801], [-80.4228, 34.00793], [-80.42279, 34.00784], [-80.42273, 34.00768], [-80.42254, 34.00736], [-80.42221, 34.00688], [-80.42205, 34.00665], [-80.42195, 34.00651], [-80.4219, 34.00635], [-80.42189, 34.00628], [-80.42188, 34.00617], [-80.42193, 34.00594], [-80.42199, 34.00577], [-80.42202, 34.00562], [-80.42205, 34.00535], [-80.42206, 34.00523], [-80.42204, 34.00509], [-80.42203, 34.00493], [-80.42198, 34.00475], [-80.42191, 34.00457], [-80.42123, 34.00446], [-80.42102, 34.00439], [-80.41989, 34.00348], [-80.41842, 34.00254], [-80.41808, 34.00233], [-80.41769, 34.00194], [-80.41764, 34.00173], [-80.41762, 34.00134], [-80.41756, 34.00013], [-80.41802, 33.9998], [-80.41789, 33.99974], [-80.41723, 33.99965], [-80.41684, 33.99945], [-80.41536, 33.99906], [-80.41462, 33.99868], [-80.41418, 33.9984], [-80.41358, 33.99781], [-80.41327, 33.99769], [-80.41322, 33.99748], [-80.41327, 33.9969], [-80.41348, 33.99644], [-80.41363, 33.99617], [-80.41362, 33.99597], [-80.41407, 33.99562], [-80.41421, 33.99493], [-80.41427, 33.99426], [-80.41424, 33.99387], [-80.41415, 33.99341], [-80.41412, 33.9932], [-80.41404, 33.99306], [-80.41433, 33.99254], [-80.41451, 33.99227], [-80.41467, 33.99196], [-80.41473, 33.99167], [-80.41479, 33.99137], [-80.41497, 33.99077], [-80.41517, 33.9904], [-80.41519, 33.98974], [-80.4153, 33.98923], [-80.4153, 33.98814], [-80.41517, 33.98765], [-80.4147, 33.98697], [-80.41464, 33.98669], [-80.41481, 33.98656], [-80.41459, 33.98608], [-80.41502, 33.98581], [-80.41517, 33.98573], [-80.41503, 33.98521], [-80.41493, 33.98497], [-80.41483, 33.98467], [-80.41478, 33.98449], [-80.41474, 33.98443], [-80.41462, 33.98422], [-80.41435, 33.98392], [-80.41428, 33.98385], [-80.41423, 33.98379], [-80.41389, 33.98341], [-80.41354, 33.98321], [-80.41348, 33.98312], [-80.41227, 33.98237], [-80.41125, 33.98155], [-80.41104, 33.98147], [-80.41017, 33.98097], [-80.41003, 33.98083], [-80.40968, 33.9803], [-80.40947, 33.98007], [-80.40912, 33.97964], [-80.4091, 33.97944], [-80.40907, 33.97929], [-80.40893, 33.97916], [-80.40843, 33.97858], [-80.40802, 33.97801], [-80.40731, 33.97728], [-80.40692, 33.97705], [-80.40672, 33.97688], [-80.40632, 33.97656], [-80.40576, 33.97592], [-80.40559, 33.97546], [-80.40556, 33.97536], [-80.40547, 33.9751], [-80.40542, 33.97496], [-80.40505, 33.97443], [-80.40447, 33.97402], [-80.40428, 33.97398], [-80.40403, 33.97377], [-80.40354, 33.97329], [-80.40333, 33.97312], [-80.40324, 33.97305], [-80.4024, 33.97238], [-80.40223, 33.97222], [-80.4022, 33.9722], [-80.40168, 33.97157], [-80.40162, 33.97154], [-80.40143, 33.97123], [-80.40141, 33.9712], [-80.40103, 33.97037], [-80.40099, 33.97028], [-80.40083, 33.96993], [-80.39927, 33.96818], [-80.39913, 33.96781], [-80.3987, 33.96725], [-80.39869, 33.96724], [-80.39858, 33.96692], [-80.39854, 33.96652], [-80.39853, 33.96643], [-80.39859, 33.9662], [-80.39822, 33.96511], [-80.39809, 33.96481], [-80.39801, 33.9647], [-80.39786, 33.96448], [-80.3977, 33.96435], [-80.39707, 33.96405], [-80.39688, 33.9639], [-80.39677, 33.96327], [-80.39674, 33.96311], [-80.39666, 33.96299], [-80.39645, 33.96291], [-80.39618, 33.9628], [-80.39593, 33.96271], [-80.39558, 33.96263], [-80.39431, 33.96191], [-80.39416, 33.96186], [-80.39396, 33.96171], [-80.39367, 33.96147], [-80.39323, 33.96082], [-80.39298, 33.96047], [-80.39293, 33.96029], [-80.39293, 33.96009], [-80.39296, 33.95987], [-80.39305, 33.9595], [-80.39308, 33.95924], [-80.3932, 33.95894], [-80.39328, 33.95849], [-80.39337, 33.95809], [-80.39324, 33.95748], [-80.39315, 33.95745], [-80.39293, 33.95738], [-80.39254, 33.95726], [-80.39226, 33.95719], [-80.39195, 33.95713], [-80.39161, 33.95706], [-80.3914, 33.95704], [-80.39116, 33.95701], [-80.39101, 33.95699], [-80.39077, 33.95698], [-80.39067, 33.95697], [-80.39051, 33.95696], [-80.39011, 33.95695], [-80.38946, 33.95692], [-80.38924, 33.95692], [-80.38866, 33.9569], [-80.38785, 33.95687], [-80.38706, 33.95684], [-80.38642, 33.95681], [-80.38636, 33.95681], [-80.38625, 33.95681], [-80.38603, 33.9568], [-80.38562, 33.95679], [-80.38553, 33.95681], [-80.38546, 33.95681], [-80.38511, 33.95681], [-80.38481, 33.95679], [-80.38411, 33.95676], [-80.38399, 33.95676], [-80.38387, 33.95676], [-80.38366, 33.95684], [-80.3827, 33.9573], [-80.38202, 33.95763], [-80.38139, 33.95796], [-80.38107, 33.9581], [-80.38094, 33.95816], [-80.38079, 33.95823], [-80.37984, 33.95868], [-80.37973, 33.95873], [-80.37863, 33.95926], [-80.37663, 33.96021], [-80.37433, 33.9613], [-80.37364, 33.96162], [-80.37322, 33.96182], [-80.37179, 33.96251], [-80.37156, 33.96265], [-80.37127, 33.96281], [-80.37115, 33.96288], [-80.37112, 33.9629], [-80.37048, 33.96328], [-80.3696, 33.9638], [-80.36927, 33.964], [-80.36884, 33.96423], [-80.3674, 33.96507], [-80.36539, 33.96624], [-80.36517, 33.96637], [-80.36386, 33.96713], [-80.36345, 33.96736], [-80.36321, 33.96748], [-80.36293, 33.9676], [-80.36246, 33.96775], [-80.36214, 33.96783], [-80.36188, 33.96787], [-80.36147, 33.96792], [-80.36042, 33.96804], [-80.35981, 33.96811], [-80.35885, 33.96822], [-80.35788, 33.96832], [-80.35638, 33.9685], [-80.3558, 33.96857], [-80.35551, 33.9686], [-80.35548, 33.9686], [-80.35519, 33.96863], [-80.35495, 33.96866], [-80.35453, 33.9687], [-80.3531, 33.96887], [-80.3512, 33.96908], [-80.3492, 33.9693], [-80.34801, 33.96943], [-80.34765, 33.96947], [-80.34707, 33.96954], [-80.34698, 33.96955], [-80.34585, 33.96969], [-80.34452, 33.96982], [-80.3426, 33.97004], [-80.34162, 33.97014], [-80.34115, 33.9702], [-80.34088, 33.97023], [-80.34075, 33.97023], [-80.34057, 33.97021], [-80.34076, 33.97031], [-80.34099, 33.97044], [-80.34113, 33.97056], [-80.3413, 33.97075], [-80.34141, 33.9709], [-80.34164, 33.97137], [-80.34173, 33.97158], [-80.34178, 33.97171], [-80.34193, 33.97207], [-80.34216, 33.97266], [-80.34232, 33.97313], [-80.34242, 33.97344], [-80.3427, 33.9742], [-80.34287, 33.97472], [-80.34302, 33.97517], [-80.34312, 33.97564], [-80.34318, 33.97603], [-80.34326, 33.97642], [-80.34338, 33.97692], [-80.34341, 33.97702], [-80.34366, 33.97786], [-80.34376, 33.97828], [-80.34403, 33.97916], [-80.34426, 33.97994], [-80.34458, 33.98106], [-80.34494, 33.9823], [-80.34495, 33.98232], [-80.3454, 33.98392], [-80.34551, 33.98436], [-80.34554, 33.98453], [-80.34557, 33.98464], [-80.3456, 33.98476], [-80.34562, 33.98494], [-80.34563, 33.98517], [-80.34558, 33.98641], [-80.34547, 33.98945], [-80.34545, 33.99], [-80.34544, 33.99041], [-80.34544, 33.9907], [-80.34545, 33.99087], [-80.34548, 33.99104], [-80.34552, 33.99121], [-80.34556, 33.99138], [-80.34564, 33.99159], [-80.34607, 33.99258], [-80.34659, 33.99376], [-80.34724, 33.99528], [-80.34773, 33.99639], [-80.34804, 33.99708], [-80.34812, 33.99729], [-80.3482, 33.99749], [-80.34827, 33.99771], [-80.34834, 33.99794], [-80.34836, 33.99805], [-80.34839, 33.99819], [-80.34843, 33.99844], [-80.34846, 33.99869], [-80.34847, 33.99894], [-80.34847, 33.99916], [-80.34846, 33.99937], [-80.34837, 34.00014], [-80.34823, 34.00123], [-80.34822, 34.00141], [-80.34822, 34.0016], [-80.34823, 34.00178], [-80.34824, 34.00197], [-80.34826, 34.00217], [-80.34829, 34.00238], [-80.34855, 34.00377], [-80.34876, 34.00496], [-80.34916, 34.00699], [-80.3492, 34.0072], [-80.34922, 34.0073], [-80.34932, 34.00774], [-80.34937, 34.00787], [-80.34943, 34.00803], [-80.34952, 34.00819], [-80.34961, 34.00834], [-80.34972, 34.00849], [-80.34981, 34.00859], [-80.3499, 34.00869], [-80.35124, 34.01], [-80.35248, 34.01124], [-80.35259, 34.01136], [-80.35271, 34.01148], [-80.35283, 34.01159], [-80.35296, 34.01169], [-80.35309, 34.01179], [-80.35323, 34.01189], [-80.35338, 34.01198], [-80.35352, 34.01206], [-80.35376, 34.01217], [-80.35401, 34.01226], [-80.35427, 34.01233], [-80.35454, 34.01238], [-80.35469, 34.0124], [-80.35641, 34.01258], [-80.35641, 34.01261], [-80.35616, 34.013], [-80.35552, 34.01364], [-80.35547, 34.01426], [-80.35585, 34.01526], [-80.35594, 34.01599], [-80.35563, 34.0169], [-80.35528, 34.01745], [-80.35481, 34.01798], [-80.35404, 34.01835], [-80.35354, 34.01837], [-80.35307, 34.01825], [-80.35227, 34.01788], [-80.35172, 34.01793], [-80.35123, 34.01807], [-80.35054, 34.01809], [-80.35059, 34.01875], [-80.35092, 34.01983], [-80.3515, 34.02084], [-80.35175, 34.02171], [-80.35178, 34.02329], [-80.35142, 34.02542], [-80.35156, 34.02617], [-80.35186, 34.02645], [-80.35214, 34.02656], [-80.35401, 34.02649], [-80.35505, 34.02677], [-80.35549, 34.027], [-80.35712, 34.02828], [-80.35734, 34.02853], [-80.35739, 34.02878], [-80.35795, 34.02974], [-80.35825, 34.02993], [-80.35916, 34.03072], [-80.35968, 34.03116], [-80.36061, 34.03233], [-80.36095, 34.03304], [-80.36111, 34.03389], [-80.36111, 34.03497], [-80.36109, 34.03663], [-80.36127, 34.03895], [-80.36162, 34.0408], [-80.36167, 34.0411], [-80.36196, 34.04207], [-80.36266, 34.04303], [-80.36336, 34.04395], [-80.365, 34.04476], [-80.36535, 34.04502], [-80.36611, 34.04598], [-80.36673, 34.04694], [-80.36722, 34.04757], [-80.36759, 34.04847], [-80.36806, 34.04889], [-80.36893, 34.04881], [-80.36915, 34.04892], [-80.3696, 34.05024], [-80.36993, 34.05059], [-80.37025, 34.05073], [-80.37093, 34.05069], [-80.37161, 34.0505], [-80.37235, 34.05068], [-80.37311, 34.05113], [-80.37347, 34.05142], [-80.37412, 34.05173], [-80.37492, 34.05202], [-80.37676, 34.05332], [-80.37708, 34.05385], [-80.3772, 34.05404], [-80.37746, 34.0547], [-80.37765, 34.05505], [-80.37791, 34.05626], [-80.37765, 34.05739], [-80.37756, 34.05765], [-80.37762, 34.058], [-80.37778, 34.05822], [-80.37854, 34.05845], [-80.37873, 34.05864], [-80.37884, 34.05893], [-80.37883, 34.05985], [-80.37857, 34.06073], [-80.37854, 34.06082], [-80.3784, 34.06249], [-80.37854, 34.06304], [-80.37903, 34.06392], [-80.3792, 34.0646], [-80.37903, 34.06497], [-80.37884, 34.06518], [-80.37854, 34.0652], [-80.3776, 34.06483], [-80.37694, 34.06497], [-80.37669, 34.06522], [-80.3765, 34.06559], [-80.3765, 34.06618], [-80.37741, 34.06719], [-80.3779, 34.06758], [-80.37925, 34.06818], [-80.37969, 34.06859], [-80.37986, 34.06898], [-80.37999, 34.06978], [-80.37947, 34.07152], [-80.37831, 34.07342], [-80.3782, 34.07429], [-80.37836, 34.07483], [-80.37879, 34.07538], [-80.37895, 34.07583], [-80.37882, 34.0777], [-80.37878, 34.07836], [-80.37874, 34.0807], [-80.3805, 34.0817], [-80.38518, 34.08437], [-80.38528, 34.08442], [-80.38677, 34.0852], [-80.39011, 34.08681], [-80.39262, 34.08803], [-80.39564, 34.08949], [-80.3969, 34.08845], [-80.39732, 34.08811], [-80.40553, 34.08137], [-80.40872, 34.0823], [-80.41056, 34.08305], [-80.42217, 34.08778], [-80.42658, 34.08957], [-80.42929, 34.09068], [-80.43027, 34.09108], [-80.43774, 34.09449], [-80.44354, 34.09714], [-80.44889, 34.09958], [-80.45036, 34.10025], [-80.45079, 34.10041], [-80.45111, 34.10053], [-80.4539, 34.10159], [-80.45441, 34.10178], [-80.45867, 34.10347], [-80.4588, 34.10353], [-80.46211, 34.10492], [-80.46649, 34.10676], [-80.46926, 34.10793], [-80.47011, 34.10828], [-80.47196, 34.10906], [-80.47411, 34.10987]]]}}, {"type": "Feature", "properties": {"tract_id": "45085001803", "name": "Census Tract 18.03", "pct_white_2020": 54.2, "pct_black_2020": 40.6, "pct_hispanic_2020": 3.9, "pct_asian_2020": 0.7, "population_2020": 5049}, "geometry": {"type": "Polygon", "coordinates": [[[-80.46784, 33.96169], [-80.46772, 33.96159], [-80.46716, 33.96109], [-80.46651, 33.96052], [-80.46636, 33.96042], [-80.46627, 33.96038], [-80.46621, 33.96035], [-80.46613, 33.96033], [-80.46599, 33.96033], [-80.46583, 33.96035], [-80.46565, 33.96039], [-80.46548, 33.96039], [-80.46543, 33.96039], [-80.46535, 33.96037], [-80.46527, 33.96036], [-80.46521, 33.96033], [-80.46505, 33.96024], [-80.46492, 33.96015], [-80.46446, 33.95976], [-80.46434, 33.95965], [-80.46427, 33.95958], [-80.46412, 33.95941], [-80.46407, 33.95934], [-80.46396, 33.95916], [-80.46392, 33.95908], [-80.46387, 33.95896], [-80.4638, 33.95869], [-80.4637, 33.95808], [-80.46348, 33.95684], [-80.46336, 33.95618], [-80.46322, 33.95539], [-80.46277, 33.95285], [-80.46256, 33.95161], [-80.46243, 33.95078], [-80.46223, 33.94974], [-80.46201, 33.94854], [-80.4618, 33.94729], [-80.46118, 33.94385], [-80.46093, 33.94257], [-80.4609, 33.94246], [-80.46039, 33.94257], [-80.45988, 33.94259], [-80.4589, 33.94264], [-80.45823, 33.94272], [-80.45775, 33.94278], [-80.45659, 33.943], [-80.45395, 33.94325], [-80.45252, 33.94332], [-80.45217, 33.9433], [-80.45194, 33.94226], [-80.45185, 33.9418], [-80.45182, 33.94148], [-80.45182, 33.94123], [-80.45183, 33.94098], [-80.45188, 33.94068], [-80.45194, 33.94037], [-80.45198, 33.94024], [-80.45268, 33.93808], [-80.4532, 33.93645], [-80.45148, 33.9366], [-80.45079, 33.93666], [-80.45047, 33.93668], [-80.44921, 33.93676], [-80.4487, 33.93675], [-80.44808, 33.93675], [-80.44709, 33.93663], [-80.44648, 33.93655], [-80.44349, 33.93617], [-80.44313, 33.93613], [-80.44293, 33.93613], [-80.44281, 33.93613], [-80.44267, 33.93615], [-80.44249, 33.93617], [-80.44226, 33.93621], [-80.44211, 33.93624], [-80.44186, 33.93629], [-80.4403, 33.93663], [-80.43961, 33.93679], [-80.43946, 33.93682], [-80.43797, 33.93716], [-80.43768, 33.93722], [-80.4374, 33.93729], [-80.43736, 33.93729], [-80.43724, 33.93732], [-80.43706, 33.93735], [-80.43584, 33.93749], [-80.43564, 33.93751], [-80.43519, 33.93756], [-80.4348, 33.9376], [-80.43381, 33.93765], [-80.43364, 33.93765], [-80.43296, 33.93768], [-80.43286, 33.93768], [-80.43204, 33.93771], [-80.43148, 33.9377], [-80.42973, 33.93758], [-80.42966, 33.93758], [-80.42644, 33.9375], [-80.42627, 33.93749], [-80.42167, 33.93722], [-80.42027, 33.9372], [-80.4203, 33.93727], [-80.42039, 33.93744], [-80.42044, 33.93756], [-80.42051, 33.93775], [-80.42055, 33.93783], [-80.42057, 33.93792], [-80.42109, 33.93993], [-80.42123, 33.94048], [-80.42129, 33.94068], [-80.42135, 33.94094], [-80.42142, 33.94129], [-80.42143, 33.94144], [-80.42144, 33.94148], [-80.42145, 33.94174], [-80.42144, 33.94203], [-80.42144, 33.94212], [-80.42142, 33.94231], [-80.42139, 33.94253], [-80.42137, 33.94267], [-80.42095, 33.94529], [-80.42091, 33.94557], [-80.42085, 33.94601], [-80.42077, 33.94661], [-80.42076, 33.94669], [-80.42074, 33.94683], [-80.42074, 33.94724], [-80.42077, 33.94743], [-80.42079, 33.94757], [-80.42082, 33.94772], [-80.42085, 33.94781], [-80.42087, 33.94787], [-80.42088, 33.94794], [-80.4204, 33.94832], [-80.41996, 33.94862], [-80.4198, 33.94887], [-80.41957, 33.94899], [-80.4194, 33.94921], [-80.4191, 33.94939], [-80.41872, 33.94949], [-80.41855, 33.94952], [-80.41842, 33.94968], [-80.41816, 33.94989], [-80.41791, 33.94994], [-80.41727, 33.95001], [-80.41683, 33.95023], [-80.41647, 33.95038], [-80.41612, 33.95071], [-80.41573, 33.95061], [-80.41527, 33.95051], [-80.41423, 33.95003], [-80.41404, 33.95001], [-80.41391, 33.95], [-80.41385, 33.95], [-80.41379, 33.95002], [-80.41356, 33.95006], [-80.4134, 33.95008], [-80.41328, 33.95009], [-80.41302, 33.95009], [-80.41263, 33.95001], [-80.41259, 33.94997], [-80.41207, 33.94951], [-80.41185, 33.94932], [-80.41151, 33.94904], [-80.41092, 33.94862], [-80.41043, 33.94845], [-80.40995, 33.9483], [-80.40879, 33.94813], [-80.40756, 33.94796], [-80.40744, 33.94795], [-80.40733, 33.94794], [-80.40687, 33.94791], [-80.40609, 33.94801], [-80.4053, 33.94797], [-80.40503, 33.94785], [-80.4048, 33.9478], [-80.40461, 33.94779], [-80.40438, 33.94781], [-80.40411, 33.94775], [-80.4034, 33.94744], [-80.40334, 33.94739], [-80.40324, 33.94734], [-80.40313, 33.94735], [-80.40292, 33.94737], [-80.40284, 33.94734], [-80.40269, 33.94729], [-80.4025, 33.94718], [-80.40206, 33.947], [-80.40189, 33.94692], [-80.40139, 33.94671], [-80.40069, 33.9464], [-80.40038, 33.94607], [-80.40031, 33.94605], [-80.39842, 33.9451], [-80.39832, 33.94519], [-80.39817, 33.94566], [-80.39807, 33.94587], [-80.39801, 33.94598], [-80.39787, 33.94608], [-80.39742, 33.94631], [-80.39677, 33.94688], [-80.39639, 33.94754], [-80.39604, 33.94833], [-80.39598, 33.94853], [-80.39575, 33.94948], [-80.39558, 33.94988], [-80.39554, 33.95025], [-80.39526, 33.95038], [-80.3952, 33.95041], [-80.39447, 33.95113], [-80.39438, 33.9512], [-80.39369, 33.95205], [-80.39357, 33.95261], [-80.39355, 33.95277], [-80.39348, 33.95291], [-80.39348, 33.95309], [-80.39352, 33.9533], [-80.39356, 33.95343], [-80.39354, 33.95356], [-80.39358, 33.95407], [-80.39365, 33.95432], [-80.3937, 33.95446], [-80.39361, 33.95512], [-80.39363, 33.95526], [-80.39356, 33.95562], [-80.39362, 33.956], [-80.39358, 33.95624], [-80.39314, 33.95657], [-80.39309, 33.95684], [-80.39321, 33.9572], [-80.39322, 33.95733], [-80.39324, 33.95748], [-80.39368, 33.95766], [-80.39393, 33.95778], [-80.39413, 33.95788], [-80.39436, 33.95801], [-80.39461, 33.95816], [-80.395, 33.9584], [-80.39529, 33.95858], [-80.39543, 33.95866], [-80.39549, 33.9587], [-80.39551, 33.95872], [-80.3956, 33.95877], [-80.39588, 33.95894], [-80.39603, 33.95904], [-80.3967, 33.95945], [-80.39792, 33.96021], [-80.39801, 33.96026], [-80.39826, 33.96042], [-80.3983, 33.96045], [-80.39832, 33.96045], [-80.39836, 33.96048], [-80.3986, 33.96063], [-80.39867, 33.96067], [-80.39887, 33.96079], [-80.3998, 33.96137], [-80.40121, 33.96224], [-80.40146, 33.9624], [-80.4017, 33.96255], [-80.40184, 33.96264], [-80.40197, 33.96271], [-80.40278, 33.96322], [-80.40373, 33.96381], [-80.40386, 33.96389], [-80.40425, 33.96413], [-80.40472, 33.96441], [-80.40488, 33.9645], [-80.40502, 33.96458], [-80.40554, 33.96485], [-80.40577, 33.96494], [-80.40616, 33.96508], [-80.40636, 33.96514], [-80.40677, 33.96525], [-80.40697, 33.96529], [-80.40717, 33.96533], [-80.40741, 33.96537], [-80.40761, 33.9654], [-80.40782, 33.96542], [-80.40804, 33.96543], [-80.40808, 33.96544], [-80.40811, 33.96544], [-80.40818, 33.96544], [-80.40826, 33.96544], [-80.40836, 33.96545], [-80.40837, 33.96545], [-80.40855, 33.96545], [-80.40879, 33.96544], [-80.40915, 33.96542], [-80.40934, 33.96539], [-80.40967, 33.96536], [-80.41014, 33.96529], [-80.41057, 33.96523], [-80.41073, 33.96521], [-80.41172, 33.96508], [-80.41209, 33.96503], [-80.4122, 33.96501], [-80.41259, 33.96496], [-80.41271, 33.96495], [-80.41288, 33.96492], [-80.41313, 33.96489], [-80.41426, 33.96473], [-80.4146, 33.96469], [-80.41478, 33.96466], [-80.41559, 33.96455], [-80.4161, 33.96448], [-80.41627, 33.96446], [-80.41629, 33.96445], [-80.41665, 33.96439], [-80.41697, 33.96433], [-80.41715, 33.96429], [-80.41751, 33.96421], [-80.41809, 33.96405], [-80.41865, 33.96387], [-80.41897, 33.96376], [-80.41943, 33.96358], [-80.41955, 33.96353], [-80.4209, 33.96298], [-80.42139, 33.96278], [-80.42163, 33.96268], [-80.42192, 33.96255], [-80.42203, 33.96251], [-80.42246, 33.96235], [-80.42276, 33.96225], [-80.4232, 33.96211], [-80.42355, 33.96202], [-80.42399, 33.96191], [-80.42424, 33.96187], [-80.42466, 33.9618], [-80.42491, 33.96177], [-80.42531, 33.96174], [-80.42549, 33.96172], [-80.4258, 33.9617], [-80.42616, 33.9617], [-80.42624, 33.9617], [-80.42639, 33.9617], [-80.42663, 33.9617], [-80.42666, 33.9617], [-80.42686, 33.96171], [-80.42712, 33.96173], [-80.42721, 33.96174], [-80.42761, 33.96178], [-80.42792, 33.96182], [-80.42801, 33.96184], [-80.42803, 33.96184], [-80.4286, 33.96195], [-80.42906, 33.96206], [-80.42932, 33.96214], [-80.43031, 33.96244], [-80.43075, 33.96257], [-80.43334, 33.96336], [-80.43488, 33.96383], [-80.43513, 33.9639], [-80.43635, 33.96427], [-80.43694, 33.96445], [-80.43763, 33.96466], [-80.43866, 33.96497], [-80.43882, 33.96501], [-80.43903, 33.96507], [-80.43909, 33.96508], [-80.43922, 33.96512], [-80.43989, 33.96523], [-80.44014, 33.96525], [-80.44044, 33.96527], [-80.44067, 33.96528], [-80.44086, 33.96529], [-80.44107, 33.96528], [-80.44134, 33.96527], [-80.44271, 33.96519], [-80.44291, 33.96518], [-80.44348, 33.96515], [-80.44371, 33.96514], [-80.44376, 33.96514], [-80.44385, 33.96513], [-80.44407, 33.96512], [-80.44497, 33.96507], [-80.44657, 33.96499], [-80.44684, 33.96497], [-80.44793, 33.96491], [-80.44824, 33.9649], [-80.44994, 33.9648], [-80.45378, 33.96459], [-80.45565, 33.96449], [-80.45654, 33.96444], [-80.45782, 33.96437], [-80.45882, 33.96432], [-80.4602, 33.96424], [-80.46059, 33.96421], [-80.46114, 33.96416], [-80.46169, 33.96407], [-80.46196, 33.96402], [-80.46221, 33.96396], [-80.46257, 33.96388], [-80.46285, 33.96379], [-80.46334, 33.96364], [-80.46361, 33.96354], [-80.46411, 33.96332], [-80.46493, 33.96293], [-80.46581, 33.96253], [-80.46669, 33.96212], [-80.46703, 33.96198], [-80.46742, 33.96183], [-80.46745, 33.96182], [-80.46784, 33.96169]]]}}, {"type": "Feature", "properties": {"tract_id": "45085001804", "name": "Census Tract 18.04", "pct_white_2020": 27.5, "pct_black_2020": 68.2, "pct_hispanic_2020": 0.6, "pct_asian_2020": 0.0, "population_2020": 3693}, "geometry": {"type": "Polygon", "coordinates": [[[-80.63407, 33.91789], [-80.63409, 33.91733], [-80.63382, 33.9168], [-80.63338, 33.91616], [-80.63283, 33.91554], [-80.63222, 33.91482], [-80.63203, 33.91469], [-80.63146, 33.9143], [-80.63143, 33.91428], [-80.63126, 33.91417], [-80.63119, 33.91413], [-80.63055, 33.91374], [-80.62985, 33.91307], [-80.62932, 33.91223], [-80.62922, 33.91207], [-80.62862, 33.91067], [-80.62818, 33.90963], [-80.62763, 33.90869], [-80.62689, 33.90762], [-80.62574, 33.90656], [-80.62453, 33.90552], [-80.62451, 33.9055], [-80.624, 33.90357], [-80.62402, 33.90285], [-80.62404, 33.9028], [-80.62406, 33.90272], [-80.62412, 33.90254], [-80.62426, 33.90209], [-80.6245, 33.90185], [-80.62469, 33.90166], [-80.62481, 33.90154], [-80.62496, 33.90137], [-80.62538, 33.90091], [-80.62567, 33.90043], [-80.62572, 33.90034], [-80.62581, 33.90006], [-80.62587, 33.89986], [-80.62593, 33.89964], [-80.62589, 33.89922], [-80.62588, 33.89916], [-80.62585, 33.89901], [-80.6258, 33.89879], [-80.62574, 33.89854], [-80.62551, 33.89818], [-80.62534, 33.89802], [-80.62533, 33.898], [-80.62529, 33.89796], [-80.62527, 33.89795], [-80.62516, 33.89785], [-80.62508, 33.89779], [-80.62481, 33.89759], [-80.62455, 33.89726], [-80.62439, 33.89706], [-80.62414, 33.89673], [-80.62385, 33.89636], [-80.6232, 33.8959], [-80.62295, 33.89572], [-80.62286, 33.89565], [-80.62257, 33.89554], [-80.62173, 33.89522], [-80.62145, 33.89512], [-80.62128, 33.89513], [-80.62115, 33.89513], [-80.62056, 33.89514], [-80.62025, 33.89526], [-80.61997, 33.89537], [-80.61989, 33.89539], [-80.61978, 33.89544], [-80.61966, 33.89548], [-80.61959, 33.89551], [-80.61954, 33.89552], [-80.6192, 33.89556], [-80.61869, 33.89562], [-80.61819, 33.89569], [-80.61785, 33.89573], [-80.61783, 33.89573], [-80.6178, 33.89572], [-80.61779, 33.89572], [-80.61758, 33.89566], [-80.61703, 33.89552], [-80.61698, 33.89545], [-80.61686, 33.89528], [-80.61648, 33.89476], [-80.6154, 33.89326], [-80.61538, 33.89321], [-80.61512, 33.89263], [-80.61509, 33.89254], [-80.61507, 33.89226], [-80.61507, 33.89223], [-80.61505, 33.89189], [-80.6153, 33.89128], [-80.61533, 33.89122], [-80.61535, 33.89116], [-80.61538, 33.89109], [-80.61553, 33.89074], [-80.61555, 33.89073], [-80.61632, 33.89031], [-80.6166, 33.89017], [-80.61775, 33.88943], [-80.61858, 33.88898], [-80.61915, 33.88867], [-80.61939, 33.88867], [-80.61958, 33.88866], [-80.61986, 33.88866], [-80.62015, 33.88865], [-80.62034, 33.88865], [-80.62041, 33.88865], [-80.62049, 33.88868], [-80.62061, 33.88872], [-80.62073, 33.88877], [-80.62098, 33.88885], [-80.62114, 33.88891], [-80.62278, 33.88967], [-80.62283, 33.88971], [-80.62333, 33.89006], [-80.62335, 33.89013], [-80.62338, 33.89022], [-80.62343, 33.89036], [-80.62347, 33.8905], [-80.6235, 33.89059], [-80.6237, 33.89119], [-80.62372, 33.89134], [-80.62393, 33.89258], [-80.62435, 33.89321], [-80.62459, 33.89345], [-80.62481, 33.89367], [-80.62527, 33.89357], [-80.62556, 33.89351], [-80.62575, 33.8931], [-80.62583, 33.89261], [-80.62587, 33.89237], [-80.62609, 33.89104], [-80.62613, 33.89041], [-80.62602, 33.88963], [-80.62588, 33.88891], [-80.62586, 33.88879], [-80.62541, 33.88778], [-80.62539, 33.88776], [-80.6251, 33.88732], [-80.62481, 33.88688], [-80.62445, 33.88588], [-80.62431, 33.8855], [-80.62428, 33.8854], [-80.62427, 33.88538], [-80.62422, 33.88527], [-80.62404, 33.88496], [-80.62362, 33.88424], [-80.62311, 33.88389], [-80.62283, 33.8837], [-80.62272, 33.88362], [-80.62257, 33.88351], [-80.62235, 33.88335], [-80.62212, 33.88319], [-80.62197, 33.88309], [-80.62184, 33.88299], [-80.62176, 33.88294], [-80.62142, 33.88278], [-80.62127, 33.88271], [-80.62113, 33.88264], [-80.62079, 33.88249], [-80.62078, 33.88239], [-80.62075, 33.88223], [-80.62069, 33.88183], [-80.62067, 33.88175], [-80.62086, 33.88106], [-80.62121, 33.88081], [-80.62155, 33.88058], [-80.62164, 33.88051], [-80.62183, 33.88052], [-80.62249, 33.88054], [-80.62273, 33.88061], [-80.62303, 33.88069], [-80.62331, 33.8809], [-80.62347, 33.88101], [-80.62393, 33.88115], [-80.62426, 33.88107], [-80.62428, 33.88106], [-80.62458, 33.8809], [-80.62461, 33.8809], [-80.62466, 33.88088], [-80.6247, 33.88087], [-80.62473, 33.88086], [-80.6248, 33.88084], [-80.62489, 33.88082], [-80.625, 33.8808], [-80.62511, 33.88044], [-80.62512, 33.88041], [-80.62509, 33.88028], [-80.62503, 33.8801], [-80.62499, 33.87997], [-80.6249, 33.87985], [-80.62469, 33.87967], [-80.62454, 33.87955], [-80.62407, 33.87946], [-80.62393, 33.87944], [-80.62263, 33.87953], [-80.62215, 33.87956], [-80.62215, 33.87959], [-80.62213, 33.87964], [-80.622, 33.87979], [-80.62192, 33.87985], [-80.62185, 33.87989], [-80.62178, 33.87993], [-80.6217, 33.87994], [-80.62155, 33.87992], [-80.6214, 33.87988], [-80.62124, 33.87984], [-80.62119, 33.87983], [-80.62105, 33.8798], [-80.62093, 33.87976], [-80.62083, 33.87972], [-80.62069, 33.87962], [-80.6206, 33.87956], [-80.62029, 33.87938], [-80.62026, 33.87936], [-80.6202, 33.87933], [-80.6201, 33.87929], [-80.62004, 33.87926], [-80.61989, 33.87915], [-80.61983, 33.87908], [-80.61977, 33.87898], [-80.61972, 33.8789], [-80.6197, 33.87887], [-80.61959, 33.87873], [-80.61958, 33.8787], [-80.61956, 33.87862], [-80.61958, 33.87855], [-80.61965, 33.87839], [-80.61969, 33.87835], [-80.61972, 33.87826], [-80.61978, 33.87816], [-80.61992, 33.87803], [-80.62016, 33.87781], [-80.6202, 33.87777], [-80.62021, 33.87774], [-80.62044, 33.87753], [-80.62064, 33.87739], [-80.62069, 33.87734], [-80.62085, 33.87726], [-80.62093, 33.87724], [-80.62097, 33.87723], [-80.62133, 33.87726], [-80.62135, 33.87726], [-80.62143, 33.87728], [-80.62149, 33.8773], [-80.62155, 33.87732], [-80.62177, 33.87733], [-80.62213, 33.87738], [-80.62225, 33.87739], [-80.62257, 33.87737], [-80.62273, 33.87738], [-80.62288, 33.87735], [-80.62304, 33.87732], [-80.62334, 33.87726], [-80.62345, 33.87724], [-80.6235, 33.87723], [-80.62355, 33.87722], [-80.62357, 33.87718], [-80.62361, 33.87711], [-80.62364, 33.87705], [-80.62366, 33.877], [-80.62367, 33.87699], [-80.62385, 33.87664], [-80.62393, 33.87652], [-80.62414, 33.87617], [-80.62406, 33.87515], [-80.62393, 33.87495], [-80.62364, 33.87448], [-80.62359, 33.8744], [-80.62352, 33.87429], [-80.62345, 33.87418], [-80.6234, 33.8741], [-80.62317, 33.87373], [-80.62309, 33.87361], [-80.6229, 33.87249], [-80.62291, 33.87247], [-80.62302, 33.87205], [-80.62314, 33.87158], [-80.62318, 33.87152], [-80.62362, 33.87092], [-80.62437, 33.87037], [-80.62481, 33.87003], [-80.62502, 33.86987], [-80.62532, 33.86962], [-80.62532, 33.86924], [-80.62532, 33.86898], [-80.62532, 33.86855], [-80.62533, 33.86811], [-80.62533, 33.86724], [-80.62533, 33.86681], [-80.62481, 33.86684], [-80.61277, 33.87], [-80.60172, 33.8727], [-80.5939, 33.87462], [-80.5933, 33.87479], [-80.59327, 33.87479], [-80.59026, 33.8756], [-80.58414, 33.87722], [-80.58385, 33.87729], [-80.58269, 33.87759], [-80.56328, 33.88255], [-80.5577, 33.88397], [-80.55755, 33.88401], [-80.5574, 33.88405], [-80.55672, 33.88422], [-80.55441, 33.88485], [-80.5542, 33.88489], [-80.55226, 33.88548], [-80.55029, 33.8861], [-80.54657, 33.88722], [-80.53885, 33.88968], [-80.53437, 33.89111], [-80.52337, 33.8923], [-80.51997, 33.89267], [-80.51814, 33.8929], [-80.51502, 33.89328], [-80.50436, 33.89459], [-80.49988, 33.89506], [-80.49572, 33.89563], [-80.48631, 33.89691], [-80.48493, 33.89712], [-80.46689, 33.89961], [-80.46472, 33.89991], [-80.45847, 33.90077], [-80.45668, 33.90101], [-80.45072, 33.90166], [-80.45008, 33.90172], [-80.45014, 33.90194], [-80.44763, 33.90327], [-80.44667, 33.90377], [-80.44593, 33.90417], [-80.44392, 33.90523], [-80.44108, 33.90672], [-80.44096, 33.90679], [-80.44052, 33.90702], [-80.43958, 33.90753], [-80.43862, 33.90803], [-80.43489, 33.90999], [-80.43472, 33.91008], [-80.43462, 33.91014], [-80.43452, 33.91019], [-80.43187, 33.91158], [-80.43114, 33.91196], [-80.43018, 33.91247], [-80.42991, 33.91261], [-80.42978, 33.91267], [-80.42963, 33.91274], [-80.42934, 33.91285], [-80.42908, 33.91292], [-80.42866, 33.91302], [-80.42854, 33.91304], [-80.42832, 33.91305], [-80.42801, 33.91307], [-80.42767, 33.91307], [-80.42736, 33.91307], [-80.42698, 33.91306], [-80.42645, 33.91305], [-80.42631, 33.91305], [-80.42454, 33.91303], [-80.42311, 33.91301], [-80.42157, 33.91298], [-80.42113, 33.91297], [-80.42167, 33.91403], [-80.42198, 33.91462], [-80.42205, 33.91475], [-80.42309, 33.91677], [-80.42346, 33.91749], [-80.42364, 33.91784], [-80.4237, 33.91795], [-80.42387, 33.91828], [-80.42459, 33.91966], [-80.42487, 33.92019], [-80.42493, 33.92028], [-80.42517, 33.92061], [-80.42528, 33.92076], [-80.42544, 33.92091], [-80.42556, 33.92101], [-80.42571, 33.92115], [-80.42729, 33.92252], [-80.42779, 33.92296], [-80.42808, 33.9232], [-80.42909, 33.92409], [-80.4293, 33.92428], [-80.43112, 33.92585], [-80.43177, 33.92642], [-80.43268, 33.9272], [-80.43298, 33.92747], [-80.43317, 33.92763], [-80.43336, 33.92779], [-80.43657, 33.93057], [-80.43663, 33.93062], [-80.43874, 33.93245], [-80.44042, 33.9339], [-80.44115, 33.93455], [-80.44165, 33.93499], [-80.44175, 33.93508], [-80.44208, 33.93537], [-80.44293, 33.93613], [-80.44313, 33.93613], [-80.44349, 33.93617], [-80.44648, 33.93655], [-80.44709, 33.93663], [-80.44808, 33.93675], [-80.4487, 33.93675], [-80.44921, 33.93676], [-80.45047, 33.93668], [-80.45079, 33.93666], [-80.45148, 33.9366], [-80.4532, 33.93645], [-80.45268, 33.93808], [-80.45198, 33.94024], [-80.45194, 33.94037], [-80.45188, 33.94068], [-80.45183, 33.94098], [-80.45182, 33.94123], [-80.45182, 33.94148], [-80.45185, 33.9418], [-80.45194, 33.94226], [-80.45217, 33.9433], [-80.45252, 33.94332], [-80.45395, 33.94325], [-80.45659, 33.943], [-80.45775, 33.94278], [-80.45823, 33.94272], [-80.4589, 33.94264], [-80.45988, 33.94259], [-80.46039, 33.94257], [-80.4609, 33.94246], [-80.46093, 33.94257], [-80.46118, 33.94385], [-80.4618, 33.94729], [-80.46201, 33.94854], [-80.46223, 33.94974], [-80.46243, 33.95078], [-80.46256, 33.95161], [-80.46277, 33.95285], [-80.46322, 33.95539], [-80.46336, 33.95618], [-80.46348, 33.95684], [-80.4637, 33.95808], [-80.4638, 33.95869], [-80.46387, 33.95896], [-80.46392, 33.95908], [-80.46396, 33.95916], [-80.46407, 33.95934], [-80.46412, 33.95941], [-80.46427, 33.95958], [-80.46434, 33.95965], [-80.46446, 33.95976], [-80.46492, 33.96015], [-80.46505, 33.96024], [-80.46521, 33.96033], [-80.46527, 33.96036], [-80.46535, 33.96037], [-80.46543, 33.96039], [-80.46548, 33.96039], [-80.46565, 33.96039], [-80.46583, 33.96035], [-80.46599, 33.96033], [-80.46613, 33.96033], [-80.46621, 33.96035], [-80.46627, 33.96038], [-80.46636, 33.96042], [-80.46651, 33.96052], [-80.46716, 33.96109], [-80.46772, 33.96159], [-80.46784, 33.96169], [-80.46789, 33.96167], [-80.46819, 33.96159], [-80.46854, 33.9615], [-80.46891, 33.96141], [-80.47016, 33.96113], [-80.4704, 33.96107], [-80.47111, 33.96091], [-80.47227, 33.96063], [-80.47233, 33.96061], [-80.47284, 33.9605], [-80.47433, 33.96016], [-80.47471, 33.96007], [-80.47504, 33.96], [-80.47524, 33.95995], [-80.47525, 33.95981], [-80.47533, 33.95979], [-80.4757, 33.9597], [-80.47596, 33.95963], [-80.47638, 33.95949], [-80.47714, 33.95922], [-80.48014, 33.95811], [-80.48148, 33.95762], [-80.48296, 33.95707], [-80.48399, 33.9567], [-80.48534, 33.9562], [-80.48619, 33.95589], [-80.48627, 33.95586], [-80.48635, 33.95598], [-80.48642, 33.95595], [-80.48779, 33.95545], [-80.48785, 33.95543], [-80.48812, 33.95533], [-80.48867, 33.95513], [-80.48879, 33.9551], [-80.48902, 33.95501], [-80.49074, 33.95437], [-80.4917, 33.95402], [-80.49175, 33.954], [-80.49168, 33.95387], [-80.49177, 33.95384], [-80.49287, 33.95344], [-80.4937, 33.95313], [-80.49379, 33.9531], [-80.49397, 33.95303], [-80.49438, 33.95285], [-80.49467, 33.95272], [-80.49558, 33.95225], [-80.49679, 33.95162], [-80.49744, 33.95126], [-80.49883, 33.95054], [-80.49987, 33.95], [-80.50049, 33.94968], [-80.50082, 33.94952], [-80.50101, 33.94943], [-80.50151, 33.94921], [-80.50211, 33.94896], [-80.50239, 33.94885], [-80.5031, 33.94859], [-80.50353, 33.94845], [-80.50523, 33.94794], [-80.50632, 33.94762], [-80.50746, 33.94728], [-80.50903, 33.9468], [-80.5107, 33.9463], [-80.51223, 33.94584], [-80.51305, 33.9456], [-80.51355, 33.94545], [-80.51384, 33.94536], [-80.5141, 33.94529], [-80.51472, 33.94516], [-80.515, 33.9451], [-80.51548, 33.94503], [-80.51599, 33.94499], [-80.51612, 33.94498], [-80.51632, 33.94497], [-80.5165, 33.94496], [-80.51667, 33.94495], [-80.51716, 33.94496], [-80.51753, 33.94498], [-80.51797, 33.94499], [-80.51891, 33.94505], [-80.52062, 33.94513], [-80.52182, 33.94522], [-80.52297, 33.94527], [-80.52402, 33.94532], [-80.52571, 33.94541], [-80.52584, 33.94543], [-80.52991, 33.94564], [-80.53126, 33.94571], [-80.53328, 33.94582], [-80.53405, 33.94587], [-80.53476, 33.94595], [-80.53528, 33.94602], [-80.53555, 33.94606], [-80.53589, 33.94612], [-80.53639, 33.94622], [-80.53675, 33.94629], [-80.5379, 33.94655], [-80.53963, 33.94696], [-80.54079, 33.94725], [-80.54101, 33.9473], [-80.54237, 33.94761], [-80.54424, 33.94805], [-80.54681, 33.94865], [-80.54783, 33.9489], [-80.54822, 33.94899], [-80.55379, 33.9503], [-80.55486, 33.95054], [-80.56034, 33.9518], [-80.56167, 33.95212], [-80.56264, 33.95231], [-80.56322, 33.9524], [-80.56412, 33.95251], [-80.56428, 33.95253], [-80.56475, 33.95258], [-80.56528, 33.9526], [-80.56577, 33.95263], [-80.56629, 33.95263], [-80.56684, 33.95264], [-80.56785, 33.95259], [-80.56837, 33.95255], [-80.57123, 33.95228], [-80.57534, 33.95191], [-80.57665, 33.95179], [-80.57675, 33.95178], [-80.57685, 33.95177], [-80.57704, 33.95175], [-80.57721, 33.95173], [-80.57749, 33.9517], [-80.57962, 33.95151], [-80.58299, 33.95119], [-80.58328, 33.95117], [-80.58402, 33.9511], [-80.59374, 33.9502], [-80.59631, 33.94996], [-80.60367, 33.94926], [-80.60562, 33.94908], [-80.60745, 33.94892], [-80.60828, 33.94884], [-80.61333, 33.94837], [-80.61616, 33.9481], [-80.61631, 33.94809], [-80.61885, 33.94785], [-80.62214, 33.94754], [-80.62424, 33.94732], [-80.62702, 33.94705], [-80.62734, 33.94703], [-80.62778, 33.94699], [-80.62801, 33.94697], [-80.62787, 33.94643], [-80.62783, 33.94593], [-80.6278, 33.94562], [-80.62796, 33.94493], [-80.62828, 33.94394], [-80.62849, 33.94348], [-80.6287, 33.94292], [-80.62886, 33.94252], [-80.62902, 33.94191], [-80.62904, 33.94186], [-80.62904, 33.94181], [-80.62905, 33.9418], [-80.62905, 33.94178], [-80.62904, 33.94174], [-80.62899, 33.94158], [-80.62897, 33.94152], [-80.62894, 33.94142], [-80.62892, 33.94136], [-80.62889, 33.94127], [-80.62881, 33.94122], [-80.62876, 33.94119], [-80.62845, 33.94099], [-80.62808, 33.94094], [-80.62798, 33.94093], [-80.62747, 33.94114], [-80.62679, 33.9416], [-80.62615, 33.94198], [-80.62594, 33.9421], [-80.62548, 33.94228], [-80.6254, 33.9423], [-80.62524, 33.94237], [-80.62518, 33.9424], [-80.62511, 33.94244], [-80.62498, 33.94251], [-80.62481, 33.94261], [-80.62454, 33.94254], [-80.62439, 33.9425], [-80.62438, 33.9425], [-80.62408, 33.94241], [-80.62378, 33.94234], [-80.62311, 33.94235], [-80.62279, 33.94236], [-80.62248, 33.94238], [-80.62221, 33.94239], [-80.62157, 33.94243], [-80.62127, 33.94246], [-80.62126, 33.94246], [-80.62085, 33.94248], [-80.6208, 33.94248], [-80.62016, 33.94239], [-80.61968, 33.94188], [-80.61966, 33.94181], [-80.61948, 33.94138], [-80.61947, 33.94134], [-80.61944, 33.94128], [-80.6195, 33.94125], [-80.61953, 33.94123], [-80.61979, 33.94108], [-80.62016, 33.94087], [-80.6205, 33.94056], [-80.62072, 33.94036], [-80.6208, 33.94029], [-80.62087, 33.94025], [-80.62136, 33.93999], [-80.62153, 33.93991], [-80.62165, 33.93984], [-80.62251, 33.93911], [-80.62275, 33.93848], [-80.62284, 33.9377], [-80.62278, 33.93665], [-80.62229, 33.93607], [-80.62174, 33.93596], [-80.62156, 33.93593], [-80.62071, 33.93593], [-80.62052, 33.93605], [-80.62051, 33.93606], [-80.62016, 33.93628], [-80.62009, 33.93661], [-80.62001, 33.93694], [-80.61962, 33.93741], [-80.61891, 33.93828], [-80.61877, 33.93837], [-80.61824, 33.93868], [-80.61813, 33.93861], [-80.61798, 33.9385], [-80.61759, 33.93823], [-80.61754, 33.9382], [-80.61739, 33.93811], [-80.61675, 33.93751], [-80.61662, 33.93739], [-80.61672, 33.93643], [-80.61727, 33.93574], [-80.61773, 33.93544], [-80.6183, 33.93506], [-80.61841, 33.93503], [-80.61848, 33.93502], [-80.61877, 33.93494], [-80.61919, 33.93483], [-80.61964, 33.93466], [-80.61993, 33.93455], [-80.62014, 33.93447], [-80.62019, 33.93444], [-80.62095, 33.93404], [-80.6211, 33.93396], [-80.6212, 33.93391], [-80.62126, 33.93388], [-80.62136, 33.93383], [-80.62146, 33.93379], [-80.62153, 33.93376], [-80.62222, 33.9338], [-80.62233, 33.93385], [-80.62328, 33.93428], [-80.62406, 33.93463], [-80.6246, 33.93479], [-80.62479, 33.93484], [-80.62481, 33.93485], [-80.62485, 33.93483], [-80.62508, 33.93468], [-80.62532, 33.93453], [-80.62591, 33.93416], [-80.62678, 33.93374], [-80.62761, 33.93357], [-80.62793, 33.93365], [-80.62856, 33.93382], [-80.62862, 33.93383], [-80.62902, 33.93391], [-80.62982, 33.93408], [-80.63022, 33.934], [-80.63032, 33.93398], [-80.63052, 33.93375], [-80.63054, 33.93373], [-80.63057, 33.9337], [-80.63055, 33.93365], [-80.63055, 33.93362], [-80.63051, 33.93346], [-80.63039, 33.93298], [-80.63038, 33.93294], [-80.63032, 33.93283], [-80.63023, 33.93267], [-80.63008, 33.9324], [-80.62986, 33.93229], [-80.62969, 33.93222], [-80.6293, 33.93203], [-80.62867, 33.93174], [-80.62812, 33.93152], [-80.62773, 33.93137], [-80.62699, 33.93108], [-80.62629, 33.93056], [-80.62623, 33.93015], [-80.6262, 33.9299], [-80.62661, 33.92921], [-80.62738, 33.92843], [-80.62814, 33.92784], [-80.62912, 33.92703], [-80.62986, 33.92626], [-80.63053, 33.92585], [-80.63072, 33.92574], [-80.63163, 33.9254], [-80.63236, 33.92511], [-80.6324, 33.92503], [-80.63246, 33.9249], [-80.63255, 33.92472], [-80.63263, 33.92453], [-80.63269, 33.9244], [-80.63272, 33.92435], [-80.63259, 33.92388], [-80.63251, 33.92361], [-80.63183, 33.92287], [-80.63158, 33.92259], [-80.63126, 33.92223], [-80.63121, 33.92218], [-80.63109, 33.92203], [-80.63078, 33.92166], [-80.63078, 33.92157], [-80.63076, 33.92139], [-80.63073, 33.92106], [-80.63107, 33.92033], [-80.6314, 33.91978], [-80.63149, 33.91963], [-80.63225, 33.9191], [-80.63311, 33.91868], [-80.63376, 33.91843], [-80.63407, 33.91789]]]}}, {"type": "Feature", "properties": {"tract_id": "45085000402", "name": "Census Tract 4.02", "pct_white_2020": 50.9, "pct_black_2020": 49.1, "pct_hispanic_2020": 0.0, "pct_asian_2020": 0.0, "population_2020": 2168}, "geometry": {"type": "Polygon", "coordinates": [[[-80.37999, 34.06978], [-80.37986, 34.06898], [-80.37969, 34.06859], [-80.37925, 34.06818], [-80.3779, 34.06758], [-80.37741, 34.06719], [-80.3765, 34.06618], [-80.3765, 34.06559], [-80.37669, 34.06522], [-80.37694, 34.06497], [-80.3776, 34.06483], [-80.37854, 34.0652], [-80.37884, 34.06518], [-80.37903, 34.06497], [-80.3792, 34.0646], [-80.37903, 34.06392], [-80.37854, 34.06304], [-80.3784, 34.06249], [-80.37854, 34.06082], [-80.37857, 34.06073], [-80.37883, 34.05985], [-80.37884, 34.05893], [-80.37873, 34.05864], [-80.37854, 34.05845], [-80.37778, 34.05822], [-80.37762, 34.058], [-80.37756, 34.05765], [-80.37765, 34.05739], [-80.37791, 34.05626], [-80.37765, 34.05505], [-80.37746, 34.0547], [-80.3772, 34.05404], [-80.37708, 34.05385], [-80.37676, 34.05332], [-80.37492, 34.05202], [-80.37412, 34.05173], [-80.37347, 34.05142], [-80.37311, 34.05113], [-80.37235, 34.05068], [-80.37161, 34.0505], [-80.37093, 34.05069], [-80.37025, 34.05073], [-80.36993, 34.05059], [-80.3696, 34.05024], [-80.36915, 34.04892], [-80.36893, 34.04881], [-80.36806, 34.04889], [-80.36759, 34.04847], [-80.36722, 34.04757], [-80.36673, 34.04694], [-80.36611, 34.04598], [-80.36535, 34.04502], [-80.365, 34.04476], [-80.36336, 34.04395], [-80.36266, 34.04303], [-80.36196, 34.04207], [-80.36167, 34.0411], [-80.36162, 34.0408], [-80.36127, 34.03895], [-80.36109, 34.03663], [-80.36111, 34.03497], [-80.36111, 34.03389], [-80.36095, 34.03304], [-80.36061, 34.03233], [-80.35968, 34.03116], [-80.35916, 34.03072], [-80.35825, 34.02993], [-80.35795, 34.02974], [-80.35739, 34.02878], [-80.35734, 34.02853], [-80.35712, 34.02828], [-80.35549, 34.027], [-80.35505, 34.02677], [-80.35401, 34.02649], [-80.35214, 34.02656], [-80.35186, 34.02645], [-80.35156, 34.02617], [-80.35142, 34.02542], [-80.35178, 34.02329], [-80.35175, 34.02171], [-80.3515, 34.02084], [-80.35092, 34.01983], [-80.35059, 34.01875], [-80.35054, 34.01809], [-80.35123, 34.01807], [-80.35172, 34.01793], [-80.35227, 34.01788], [-80.35307, 34.01825], [-80.35354, 34.01837], [-80.35404, 34.01835], [-80.35481, 34.01798], [-80.35528, 34.01745], [-80.35563, 34.0169], [-80.35594, 34.01599], [-80.35585, 34.01526], [-80.35547, 34.01426], [-80.35552, 34.01364], [-80.35616, 34.013], [-80.35641, 34.01261], [-80.35641, 34.01258], [-80.35469, 34.0124], [-80.35454, 34.01238], [-80.35427, 34.01233], [-80.35401, 34.01226], [-80.35376, 34.01217], [-80.35352, 34.01206], [-80.35338, 34.01198], [-80.35323, 34.01189], [-80.35309, 34.01179], [-80.35296, 34.01169], [-80.35283, 34.01159], [-80.35271, 34.01148], [-80.35259, 34.01136], [-80.35248, 34.01124], [-80.35124, 34.01], [-80.3499, 34.00869], [-80.34981, 34.00859], [-80.34972, 34.00849], [-80.34961, 34.00834], [-80.34952, 34.00819], [-80.34943, 34.00803], [-80.34937, 34.00787], [-80.34932, 34.00774], [-80.34922, 34.0073], [-80.3492, 34.0072], [-80.34916, 34.00699], [-80.34876, 34.00496], [-80.34855, 34.00377], [-80.34829, 34.00238], [-80.34826, 34.00217], [-80.34824, 34.00197], [-80.34823, 34.00178], [-80.34822, 34.0016], [-80.34822, 34.00141], [-80.34823, 34.00123], [-80.34837, 34.00014], [-80.34846, 33.99937], [-80.34847, 33.99916], [-80.34847, 33.99894], [-80.34846, 33.99869], [-80.34843, 33.99844], [-80.34839, 33.99819], [-80.34836, 33.99805], [-80.34834, 33.99794], [-80.34827, 33.99771], [-80.3482, 33.99749], [-80.34812, 33.99729], [-80.34804, 33.99708], [-80.34773, 33.99639], [-80.34724, 33.99528], [-80.34659, 33.99376], [-80.34607, 33.99258], [-80.34564, 33.99159], [-80.34556, 33.99138], [-80.34552, 33.99121], [-80.34548, 33.99104], [-80.34545, 33.99087], [-80.34544, 33.9907], [-80.34544, 33.99041], [-80.34545, 33.99], [-80.34547, 33.98945], [-80.34558, 33.98641], [-80.34563, 33.98517], [-80.34562, 33.98494], [-80.3456, 33.98476], [-80.34557, 33.98464], [-80.34554, 33.98453], [-80.34551, 33.98436], [-80.3454, 33.98392], [-80.34495, 33.98232], [-80.34494, 33.9823], [-80.34458, 33.98106], [-80.34426, 33.97994], [-80.34403, 33.97916], [-80.34376, 33.97828], [-80.34366, 33.97786], [-80.34341, 33.97702], [-80.34338, 33.97692], [-80.34326, 33.97642], [-80.34318, 33.97603], [-80.34312, 33.97564], [-80.34302, 33.97517], [-80.34287, 33.97472], [-80.3427, 33.9742], [-80.34242, 33.97344], [-80.34232, 33.97313], [-80.34216, 33.97266], [-80.34193, 33.97207], [-80.34178, 33.97171], [-80.34173, 33.97158], [-80.34164, 33.97137], [-80.34141, 33.9709], [-80.3413, 33.97075], [-80.34113, 33.97056], [-80.34099, 33.97044], [-80.34076, 33.97031], [-80.34057, 33.97021], [-80.33983, 33.96983], [-80.3398, 33.96996], [-80.33977, 33.97008], [-80.33972, 33.97021], [-80.33967, 33.97033], [-80.3396, 33.97045], [-80.33954, 33.97057], [-80.33946, 33.97068], [-80.33937, 33.97079], [-80.33803, 33.97231], [-80.33334, 33.97763], [-80.33242, 33.97868], [-80.32895, 33.9826], [-80.32829, 33.98335], [-80.32788, 33.98381], [-80.3269, 33.98492], [-80.32682, 33.98482], [-80.32617, 33.98472], [-80.32563, 33.98455], [-80.32547, 33.9844], [-80.32525, 33.98429], [-80.32517, 33.98422], [-80.3251, 33.98388], [-80.32501, 33.98374], [-80.32496, 33.98367], [-80.32496, 33.9836], [-80.3245, 33.98316], [-80.32288, 33.98214], [-80.3223, 33.98166], [-80.32205, 33.98139], [-80.32194, 33.98118], [-80.32178, 33.98102], [-80.32142, 33.98015], [-80.32107, 33.97965], [-80.32013, 33.97894], [-80.31934, 33.9786], [-80.31818, 33.97865], [-80.31777, 33.97856], [-80.31722, 33.97836], [-80.31654, 33.97785], [-80.3162, 33.97744], [-80.31618, 33.9773], [-80.31593, 33.97714], [-80.31568, 33.97684], [-80.31546, 33.97652], [-80.31533, 33.97639], [-80.31464, 33.9751], [-80.31453, 33.97478], [-80.3145, 33.97453], [-80.31442, 33.97446], [-80.31417, 33.9735], [-80.31395, 33.97329], [-80.3131, 33.97185], [-80.31288, 33.97123], [-80.3128, 33.97077], [-80.31274, 33.9707], [-80.31249, 33.97002], [-80.31238, 33.96993], [-80.3123, 33.96963], [-80.31225, 33.96956], [-80.31208, 33.96908], [-80.31203, 33.9686], [-80.31189, 33.96818], [-80.31161, 33.96773], [-80.31142, 33.96752], [-80.31084, 33.96677], [-80.3106, 33.96612], [-80.31049, 33.96578], [-80.31032, 33.96551], [-80.31029, 33.9653], [-80.31013, 33.96502], [-80.30994, 33.96484], [-80.30983, 33.96468], [-80.30878, 33.96436], [-80.30788, 33.96397], [-80.30551, 33.96305], [-80.30491, 33.96303], [-80.30433, 33.96312], [-80.30404, 33.96301], [-80.30336, 33.96305], [-80.30258, 33.96336], [-80.30224, 33.96349], [-80.30183, 33.96357], [-80.3, 33.96386], [-80.29907, 33.96413], [-80.29872, 33.96439], [-80.2985, 33.96521], [-80.29828, 33.96532], [-80.29597, 33.96569], [-80.29493, 33.96596], [-80.29405, 33.9661], [-80.29369, 33.96605], [-80.29317, 33.96578], [-80.29253, 33.96512], [-80.29199, 33.96438], [-80.29171, 33.96417], [-80.29124, 33.96395], [-80.29116, 33.96385], [-80.29067, 33.96379], [-80.28934, 33.96379], [-80.28882, 33.9639], [-80.28789, 33.96429], [-80.28756, 33.96436], [-80.28676, 33.96436], [-80.28588, 33.96411], [-80.28437, 33.96383], [-80.28398, 33.96362], [-80.2833, 33.96307], [-80.28283, 33.96298], [-80.28272, 33.96284], [-80.28211, 33.96271], [-80.28049, 33.96261], [-80.27915, 33.96248], [-80.27736, 33.96218], [-80.27678, 33.96216], [-80.27632, 33.96232], [-80.2759, 33.96264], [-80.27519, 33.96255], [-80.27345, 33.96268], [-80.27167, 33.96293], [-80.27131, 33.96293], [-80.27062, 33.96296], [-80.26963, 33.96282], [-80.26911, 33.96254], [-80.26911, 33.96245], [-80.26892, 33.96213], [-80.26878, 33.96199], [-80.26859, 33.9617], [-80.26821, 33.96128], [-80.26738, 33.96092], [-80.26573, 33.96073], [-80.26505, 33.96048], [-80.26458, 33.96039], [-80.26447, 33.96055], [-80.26405, 33.96078], [-80.264, 33.96091], [-80.26359, 33.96096], [-80.26315, 33.96114], [-80.2624, 33.96133], [-80.26158, 33.96142], [-80.26117, 33.96126], [-80.26092, 33.96107], [-80.26081, 33.96075], [-80.26076, 33.96068], [-80.26067, 33.96043], [-80.26056, 33.96034], [-80.26048, 33.96018], [-80.2604, 33.96009], [-80.26007, 33.9602], [-80.25963, 33.96027], [-80.25935, 33.96027], [-80.25881, 33.96017], [-80.2586, 33.96013], [-80.25686, 33.95981], [-80.25595, 33.95947], [-80.25524, 33.95895], [-80.25508, 33.95879], [-80.25488, 33.95869], [-80.2545, 33.95849], [-80.25362, 33.95819], [-80.25312, 33.95789], [-80.25252, 33.95741], [-80.25235, 33.95704], [-80.2523, 33.95668], [-80.25205, 33.9564], [-80.251, 33.95596], [-80.2503, 33.95532], [-80.2498, 33.95506], [-80.24909, 33.95479], [-80.24884, 33.95461], [-80.24832, 33.95443], [-80.24794, 33.9542], [-80.24785, 33.95404], [-80.24736, 33.9539], [-80.24678, 33.95353], [-80.24651, 33.95312], [-80.24645, 33.95266], [-80.24656, 33.95214], [-80.24662, 33.95159], [-80.24675, 33.95101], [-80.24697, 33.95051], [-80.247, 33.95033], [-80.24708, 33.95021], [-80.24711, 33.94996], [-80.24722, 33.94973], [-80.24725, 33.94833], [-80.24714, 33.9482], [-80.24708, 33.94795], [-80.24667, 33.94724], [-80.24631, 33.94678], [-80.24579, 33.94632], [-80.24527, 33.94604], [-80.24367, 33.94586], [-80.24293, 33.94561], [-80.24263, 33.94536], [-80.24246, 33.94508], [-80.24238, 33.94472], [-80.2423, 33.94467], [-80.24224, 33.94389], [-80.24216, 33.94366], [-80.24202, 33.94346], [-80.24202, 33.94337], [-80.24177, 33.94298], [-80.24175, 33.94284], [-80.24161, 33.94261], [-80.24152, 33.94231], [-80.24152, 33.94133], [-80.24141, 33.94094], [-80.24095, 33.9405], [-80.24089, 33.94039], [-80.24067, 33.9403], [-80.24084, 33.9394], [-80.2407, 33.9389], [-80.24064, 33.93883], [-80.24064, 33.93872], [-80.2404, 33.93817], [-80.24009, 33.93785], [-80.23894, 33.93718], [-80.23817, 33.93633], [-80.23773, 33.9356], [-80.23765, 33.93533], [-80.23759, 33.93524], [-80.23756, 33.93471], [-80.23748, 33.93443], [-80.23745, 33.93386], [-80.23734, 33.93327], [-80.23726, 33.93299], [-80.2372, 33.93235], [-80.23712, 33.93217], [-80.23676, 33.93196], [-80.23555, 33.93185], [-80.2344, 33.93148], [-80.23325, 33.93139], [-80.23305, 33.93139], [-80.23242, 33.93118], [-80.23234, 33.93105], [-80.2321, 33.93103], [-80.23198, 33.93102], [-80.23116, 33.93109], [-80.23025, 33.93102], [-80.22912, 33.93047], [-80.22852, 33.93054], [-80.22725, 33.93096], [-80.22682, 33.93096], [-80.22646, 33.93089], [-80.22643, 33.93096], [-80.22607, 33.93109], [-80.2253, 33.93128], [-80.22393, 33.93169], [-80.22344, 33.93176], [-80.22135, 33.93112], [-80.21973, 33.93055], [-80.2189, 33.93064], [-80.21871, 33.93057], [-80.21854, 33.93034], [-80.21841, 33.92991], [-80.21827, 33.92979], [-80.21799, 33.9297], [-80.21769, 33.92968], [-80.21618, 33.92997], [-80.21599, 33.93004], [-80.21552, 33.93011], [-80.21475, 33.92993], [-80.21437, 33.9297], [-80.21409, 33.92938], [-80.2139, 33.92899], [-80.21346, 33.92851], [-80.21316, 33.92814], [-80.21261, 33.92771], [-80.21071, 33.9267], [-80.20969, 33.92578], [-80.20912, 33.92549], [-80.20832, 33.92487], [-80.20736, 33.92374], [-80.20695, 33.92333], [-80.20689, 33.92326], [-80.20667, 33.92308], [-80.20603, 33.92244], [-80.20478, 33.92131], [-80.20417, 33.9209], [-80.20317, 33.92046], [-80.20276, 33.92029], [-80.20218, 33.92005], [-80.20196, 33.92002], [-80.19942, 33.91913], [-80.19871, 33.91863], [-80.19783, 33.9181], [-80.19717, 33.91785], [-80.19679, 33.91778], [-80.19506, 33.91822], [-80.19471, 33.91824], [-80.19452, 33.91813], [-80.19432, 33.91795], [-80.19397, 33.9174], [-80.19359, 33.91712], [-80.19268, 33.91683], [-80.19164, 33.9169], [-80.19126, 33.91674], [-80.19024, 33.91614], [-80.19007, 33.91598], [-80.18936, 33.91575], [-80.18788, 33.9152], [-80.18752, 33.91504], [-80.18733, 33.91481], [-80.18722, 33.91456], [-80.18708, 33.91442], [-80.18705, 33.91429], [-80.18658, 33.91419], [-80.18598, 33.91397], [-80.18571, 33.91358], [-80.18557, 33.91289], [-80.18543, 33.91264], [-80.18485, 33.91218], [-80.18447, 33.91145], [-80.18436, 33.91129], [-80.18389, 33.9109], [-80.1834, 33.91071], [-80.18323, 33.91055], [-80.18318, 33.91009], [-80.18304, 33.90991], [-80.18252, 33.9095], [-80.18241, 33.90927], [-80.18224, 33.90877], [-80.18216, 33.9087], [-80.18191, 33.90817], [-80.18095, 33.90698], [-80.18016, 33.90625], [-80.17906, 33.90549], [-80.17818, 33.90531], [-80.17771, 33.90512], [-80.17631, 33.90409], [-80.17573, 33.90345], [-80.17463, 33.90249], [-80.17425, 33.90228], [-80.17323, 33.90217], [-80.17244, 33.90182], [-80.1723, 33.90166], [-80.17227, 33.90146], [-80.172, 33.90098], [-80.17183, 33.90077], [-80.17112, 33.90006], [-80.17084, 33.89979], [-80.17082, 33.89964], [-80.17076, 33.89916], [-80.17053, 33.89874], [-80.1703, 33.89854], [-80.16617, 33.90002], [-80.16618, 33.90015], [-80.16628, 33.90039], [-80.16656, 33.90066], [-80.16685, 33.90082], [-80.16711, 33.90109], [-80.16722, 33.90102], [-80.16914, 33.90176], [-80.16952, 33.90205], [-80.16969, 33.9024], [-80.16988, 33.90329], [-80.16994, 33.90432], [-80.17002, 33.90437], [-80.17013, 33.90615], [-80.17013, 33.90645], [-80.17027, 33.90666], [-80.17098, 33.90732], [-80.17109, 33.90751], [-80.17104, 33.90789], [-80.17092, 33.90801], [-80.17079, 33.90808], [-80.17057, 33.90808], [-80.17051, 33.90831], [-80.17098, 33.9087], [-80.17169, 33.90913], [-80.17191, 33.90945], [-80.1718, 33.90993], [-80.17128, 33.9106], [-80.17142, 33.91115], [-80.17142, 33.91197], [-80.17213, 33.91252], [-80.17282, 33.91298], [-80.17337, 33.91341], [-80.17458, 33.91396], [-80.1751, 33.91458], [-80.17513, 33.91477], [-80.17524, 33.9149], [-80.17529, 33.91509], [-80.17537, 33.91575], [-80.17548, 33.91607], [-80.17554, 33.91662], [-80.17562, 33.91667], [-80.17565, 33.91699], [-80.17579, 33.91736], [-80.17587, 33.91738], [-80.17595, 33.91779], [-80.17606, 33.91795], [-80.17609, 33.91825], [-80.17623, 33.91855], [-80.17625, 33.91875], [-80.17636, 33.9191], [-80.17647, 33.92059], [-80.17653, 33.92093], [-80.17669, 33.9212], [-80.17669, 33.9213], [-80.17699, 33.92164], [-80.17768, 33.92217], [-80.17823, 33.9226], [-80.17845, 33.92304], [-80.17897, 33.92345], [-80.17944, 33.92354], [-80.18024, 33.92356], [-80.18125, 33.92359], [-80.18169, 33.92366], [-80.18194, 33.92377], [-80.18235, 33.9242], [-80.18235, 33.92432], [-80.18246, 33.92443], [-80.18246, 33.9245], [-80.1826, 33.92473], [-80.18293, 33.92556], [-80.1829, 33.92645], [-80.18274, 33.92725], [-80.18249, 33.92778], [-80.18238, 33.92817], [-80.18227, 33.92842], [-80.18219, 33.92869], [-80.1821, 33.92888], [-80.18197, 33.92945], [-80.18188, 33.92952], [-80.1818, 33.9297], [-80.18177, 33.92993], [-80.18167, 33.93002], [-80.18161, 33.9303], [-80.18128, 33.93098], [-80.18114, 33.93117], [-80.18111, 33.93158], [-80.18095, 33.93206], [-80.18043, 33.9328], [-80.17991, 33.93364], [-80.17941, 33.93484], [-80.17942, 33.93562], [-80.17947, 33.93589], [-80.17969, 33.9363], [-80.17994, 33.9366], [-80.18013, 33.93708], [-80.18016, 33.93745], [-80.18022, 33.9377], [-80.18027, 33.93821], [-80.18033, 33.93841], [-80.18035, 33.9391], [-80.18047, 33.93956], [-80.18055, 33.93963], [-80.18055, 33.94043], [-80.18038, 33.941], [-80.18022, 33.94252], [-80.18017, 33.94344], [-80.17992, 33.94444], [-80.17978, 33.94476], [-80.1797, 33.94525], [-80.17937, 33.9463], [-80.17926, 33.94676], [-80.17929, 33.94745], [-80.17959, 33.9483], [-80.17965, 33.94834], [-80.17976, 33.94862], [-80.17979, 33.94979], [-80.17987, 33.9503], [-80.17991, 33.95064], [-80.17993, 33.95081], [-80.18007, 33.95156], [-80.18037, 33.952], [-80.18043, 33.95208], [-80.18045, 33.95236], [-80.18056, 33.95341], [-80.18059, 33.95426], [-80.18054, 33.95811], [-80.1807, 33.9601], [-80.18081, 33.96042], [-80.18089, 33.96049], [-80.18095, 33.9607], [-80.18111, 33.96092], [-80.18109, 33.96102], [-80.18125, 33.96127], [-80.18128, 33.96136], [-80.18136, 33.96141], [-80.18136, 33.9615], [-80.1815, 33.96168], [-80.18152, 33.96184], [-80.18161, 33.96189], [-80.18191, 33.96294], [-80.18207, 33.96342], [-80.18221, 33.96406], [-80.18224, 33.96413], [-80.18249, 33.96496], [-80.18246, 33.96734], [-80.18254, 33.96761], [-80.18251, 33.96812], [-80.18227, 33.96869], [-80.18227, 33.96917], [-80.18254, 33.96972], [-80.18276, 33.97057], [-80.18268, 33.97107], [-80.18251, 33.9713], [-80.1818, 33.97208], [-80.18139, 33.97284], [-80.18139, 33.9732], [-80.18147, 33.97343], [-80.18205, 33.97384], [-80.18227, 33.97416], [-80.1824, 33.97446], [-80.18251, 33.97497], [-80.1826, 33.97602], [-80.18268, 33.97687], [-80.18276, 33.97705], [-80.18276, 33.97737], [-80.1829, 33.9779], [-80.18323, 33.97836], [-80.18337, 33.97847], [-80.18361, 33.97888], [-80.18372, 33.97927], [-80.18381, 33.97994], [-80.18427, 33.98147], [-80.18433, 33.98154], [-80.18433, 33.98163], [-80.18441, 33.98168], [-80.18441, 33.98184], [-80.18452, 33.98195], [-80.18452, 33.98204], [-80.18463, 33.9822], [-80.1848, 33.98273], [-80.18485, 33.98356], [-80.18493, 33.9836], [-80.18502, 33.98392], [-80.18518, 33.98424], [-80.18523, 33.9844], [-80.18537, 33.98456], [-80.1854, 33.98475], [-80.18548, 33.98482], [-80.18548, 33.98491], [-80.18573, 33.9853], [-80.18584, 33.98562], [-80.18614, 33.98619], [-80.18625, 33.98633], [-80.18625, 33.98642], [-80.18749, 33.98779], [-80.18785, 33.98839], [-80.18798, 33.98894], [-80.18793, 33.98983], [-80.18779, 33.99027], [-80.18768, 33.99116], [-80.18757, 33.99155], [-80.18743, 33.9929], [-80.18738, 33.99444], [-80.18713, 33.99556], [-80.18708, 33.99561], [-80.18702, 33.99597], [-80.18694, 33.99627], [-80.18672, 33.99726], [-80.18669, 33.99816], [-80.18669, 33.99819], [-80.18666, 33.9986], [-80.18664, 33.99886], [-80.18664, 33.9995], [-80.18677, 33.99973], [-80.18683, 33.99976], [-80.18733, 34.00016], [-80.18741, 34.00043], [-80.18743, 34.00055], [-80.18788, 34.00121], [-80.18785, 34.00231], [-80.18818, 34.003], [-80.18812, 34.00394], [-80.18815, 34.00467], [-80.18829, 34.00492], [-80.18832, 34.00484], [-80.19391, 34.00349], [-80.19488, 34.00325], [-80.19571, 34.00305], [-80.19602, 34.00298], [-80.2068, 34.00016], [-80.21794, 33.99772], [-80.21798, 33.99771], [-80.22834, 33.99518], [-80.24307, 33.99161], [-80.24329, 33.99165], [-80.24395, 33.99175], [-80.2445, 33.99175], [-80.24609, 33.99181], [-80.24659, 33.99177], [-80.24774, 33.99179], [-80.2492, 33.99202], [-80.2498, 33.99217], [-80.25022, 33.99236], [-80.2505, 33.99275], [-80.25056, 33.99293], [-80.25061, 33.99296], [-80.25133, 33.99419], [-80.25169, 33.99449], [-80.25224, 33.99472], [-80.25301, 33.9949], [-80.25331, 33.99507], [-80.25394, 33.9957], [-80.25402, 33.99591], [-80.25421, 33.9961], [-80.2543, 33.99625], [-80.25441, 33.99635], [-80.25471, 33.99694], [-80.25468, 33.99736], [-80.25438, 33.99791], [-80.25446, 33.99825], [-80.25471, 33.99857], [-80.25479, 33.99887], [-80.25485, 33.99946], [-80.25479, 33.99973], [-80.25496, 34.00016], [-80.25531, 34.00085], [-80.25564, 34.00241], [-80.25584, 34.00278], [-80.25583, 34.00344], [-80.25564, 34.00415], [-80.25575, 34.00518], [-80.25542, 34.00594], [-80.25548, 34.00644], [-80.25564, 34.00663], [-80.25611, 34.00807], [-80.25638, 34.00841], [-80.25685, 34.00885], [-80.25712, 34.00993], [-80.25756, 34.01048], [-80.25869, 34.01132], [-80.25927, 34.01197], [-80.25943, 34.01268], [-80.25965, 34.01309], [-80.25962, 34.01366], [-80.25932, 34.01527], [-80.25899, 34.01586], [-80.25805, 34.01717], [-80.25781, 34.01776], [-80.25772, 34.01854], [-80.25794, 34.01969], [-80.25805, 34.01982], [-80.25816, 34.02021], [-80.2583, 34.0204], [-80.25833, 34.02065], [-80.25866, 34.02134], [-80.25877, 34.02182], [-80.25904, 34.02232], [-80.25964, 34.02289], [-80.26127, 34.02379], [-80.26157, 34.02411], [-80.26174, 34.02454], [-80.26174, 34.02484], [-80.26215, 34.02544], [-80.26308, 34.02619], [-80.26325, 34.02624], [-80.26366, 34.02658], [-80.26391, 34.02697], [-80.26421, 34.0283], [-80.26479, 34.02981], [-80.26539, 34.0305], [-80.26638, 34.03135], [-80.2666, 34.03162], [-80.26698, 34.03284], [-80.26698, 34.03311], [-80.26828, 34.03359], [-80.26847, 34.0338], [-80.26861, 34.0346], [-80.26886, 34.03492], [-80.26906, 34.0351], [-80.27378, 34.0359], [-80.27846, 34.03672], [-80.27883, 34.03671], [-80.27889, 34.03675], [-80.27934, 34.03683], [-80.27939, 34.03684], [-80.27965, 34.03688], [-80.28285, 34.03742], [-80.28763, 34.03822], [-80.29067, 34.03872], [-80.29493, 34.03944], [-80.29883, 34.05006], [-80.30143, 34.05716], [-80.30339, 34.06249], [-80.30324, 34.06322], [-80.30339, 34.06339], [-80.30375, 34.06379], [-80.30384, 34.0639], [-80.30434, 34.06447], [-80.30568, 34.06599], [-80.30629, 34.06668], [-80.30817, 34.06884], [-80.3103, 34.07129], [-80.31162, 34.07281], [-80.31429, 34.07587], [-80.31561, 34.07738], [-80.31585, 34.07763], [-80.31606, 34.07782], [-80.31625, 34.07795], [-80.31634, 34.078], [-80.3165, 34.0781], [-80.31702, 34.07831], [-80.31849, 34.07897], [-80.31932, 34.07934], [-80.31965, 34.07949], [-80.32037, 34.07976], [-80.32074, 34.07992], [-80.32105, 34.08006], [-80.32165, 34.08033], [-80.32172, 34.08036], [-80.32494, 34.0804], [-80.3275, 34.08044], [-80.33101, 34.08049], [-80.33595, 34.08056], [-80.34207, 34.08065], [-80.35057, 34.08082], [-80.35249, 34.08085], [-80.36083, 34.08098], [-80.36124, 34.08099], [-80.36284, 34.08101], [-80.36941, 34.08112], [-80.36962, 34.08112], [-80.37192, 34.08109], [-80.37218, 34.08109], [-80.3748, 34.0807], [-80.37874, 34.0807], [-80.37878, 34.07836], [-80.37882, 34.0777], [-80.37895, 34.07583], [-80.37879, 34.07538], [-80.37836, 34.07483], [-80.3782, 34.07429], [-80.37831, 34.07342], [-80.37947, 34.07152], [-80.37999, 34.06978]]]}}, {"type": "Feature", "properties": {"tract_id": "45085001903", "name": "Census Tract 19.03", "pct_white_2020": 66.5, "pct_black_2020": 23.2, "pct_hispanic_2020": 1.0, "pct_asian_2020": 3.0, "population_2020": 4025}, "geometry": {"type": "Polygon", "coordinates": [[[-80.47165, 33.83505], [-80.47163, 33.83504], [-80.4712, 33.83485], [-80.47102, 33.83476], [-80.47071, 33.83461], [-80.47067, 33.8346], [-80.47056, 33.83454], [-80.47029, 33.83443], [-80.46984, 33.83429], [-80.46972, 33.83427], [-80.46951, 33.83424], [-80.46925, 33.83421], [-80.46896, 33.83421], [-80.46812, 33.83418], [-80.46687, 33.83415], [-80.46662, 33.83415], [-80.46046, 33.834], [-80.45903, 33.83397], [-80.45277, 33.83381], [-80.45208, 33.83379], [-80.45125, 33.83377], [-80.44983, 33.83374], [-80.44874, 33.83373], [-80.44703, 33.8337], [-80.44609, 33.83368], [-80.44557, 33.83368], [-80.44525, 33.83369], [-80.44505, 33.83371], [-80.44435, 33.83377], [-80.44228, 33.8341], [-80.44165, 33.83419], [-80.4401, 33.83441], [-80.439, 33.83456], [-80.43886, 33.83457], [-80.4386, 33.83458], [-80.43849, 33.83458], [-80.43834, 33.8346], [-80.43818, 33.83462], [-80.43775, 33.83468], [-80.435, 33.83509], [-80.4335, 33.83536], [-80.43308, 33.83544], [-80.43163, 33.83571], [-80.43079, 33.83586], [-80.4299, 33.83602], [-80.42872, 33.83624], [-80.42831, 33.83631], [-80.42797, 33.83636], [-80.4276, 33.83637], [-80.42718, 33.83637], [-80.42703, 33.83636], [-80.42687, 33.83634], [-80.42637, 33.83627], [-80.42607, 33.8362], [-80.42594, 33.83616], [-80.42579, 33.83612], [-80.42572, 33.83609], [-80.42533, 33.83595], [-80.425, 33.8358], [-80.42473, 33.83565], [-80.42459, 33.83556], [-80.42445, 33.83548], [-80.42422, 33.83531], [-80.42411, 33.83523], [-80.424, 33.83512], [-80.42388, 33.83502], [-80.42376, 33.83491], [-80.42364, 33.83477], [-80.4235, 33.83462], [-80.42317, 33.83421], [-80.4203, 33.83072], [-80.4202, 33.8306], [-80.41995, 33.83031], [-80.41976, 33.8301], [-80.41955, 33.82988], [-80.41932, 33.8297], [-80.41916, 33.82959], [-80.41893, 33.82946], [-80.41869, 33.82934], [-80.41842, 33.82924], [-80.41825, 33.8292], [-80.41809, 33.82916], [-80.41793, 33.82913], [-80.41775, 33.82911], [-80.41758, 33.8291], [-80.41743, 33.82909], [-80.41725, 33.8291], [-80.41702, 33.82911], [-80.41683, 33.82913], [-80.41632, 33.8292], [-80.41102, 33.83007], [-80.41087, 33.8301], [-80.41059, 33.83013], [-80.41043, 33.83014], [-80.41027, 33.83014], [-80.40998, 33.83013], [-80.40953, 33.8301], [-80.40929, 33.83005], [-80.4087, 33.82993], [-80.40825, 33.82978], [-80.40801, 33.82968], [-80.40785, 33.82961], [-80.40771, 33.82953], [-80.40743, 33.82937], [-80.40729, 33.82929], [-80.40688, 33.82905], [-80.40672, 33.82896], [-80.40644, 33.82883], [-80.40627, 33.82875], [-80.40591, 33.82862], [-80.40552, 33.82851], [-80.40532, 33.82847], [-80.40512, 33.82843], [-80.40487, 33.8284], [-80.40468, 33.82838], [-80.4045, 33.82837], [-80.40405, 33.82836], [-80.40385, 33.82837], [-80.40349, 33.8284], [-80.40332, 33.82842], [-80.40306, 33.82847], [-80.40177, 33.82869], [-80.40105, 33.82881], [-80.40049, 33.82888], [-80.40029, 33.8289], [-80.40009, 33.82891], [-80.39986, 33.8289], [-80.39965, 33.82888], [-80.3994, 33.82885], [-80.39919, 33.8288], [-80.39886, 33.82873], [-80.39857, 33.82865], [-80.39836, 33.82858], [-80.39824, 33.82855], [-80.3981, 33.82849], [-80.39785, 33.82838], [-80.39774, 33.82833], [-80.39749, 33.82819], [-80.39658, 33.82764], [-80.39642, 33.82757], [-80.39626, 33.82749], [-80.39595, 33.82737], [-80.39578, 33.82732], [-80.39549, 33.82724], [-80.39534, 33.82722], [-80.39488, 33.82718], [-80.39452, 33.82715], [-80.39441, 33.82715], [-80.39433, 33.82715], [-80.39417, 33.82717], [-80.39413, 33.82721], [-80.39401, 33.82722], [-80.39395, 33.82721], [-80.39391, 33.8272], [-80.39386, 33.82718], [-80.39372, 33.82709], [-80.39212, 33.82613], [-80.39182, 33.82595], [-80.39173, 33.82591], [-80.39152, 33.82581], [-80.39129, 33.82572], [-80.39103, 33.82564], [-80.39082, 33.82558], [-80.3908, 33.82558], [-80.39076, 33.82557], [-80.39067, 33.82555], [-80.39059, 33.82554], [-80.39029, 33.82551], [-80.39018, 33.82551], [-80.39013, 33.8255], [-80.38978, 33.8255], [-80.38967, 33.82551], [-80.38953, 33.82552], [-80.38806, 33.82567], [-80.38631, 33.82584], [-80.38462, 33.82601], [-80.38311, 33.82617], [-80.38286, 33.82622], [-80.38248, 33.8263], [-80.38229, 33.82635], [-80.38219, 33.82638], [-80.38204, 33.82643], [-80.38156, 33.82662], [-80.38051, 33.82705], [-80.37933, 33.82755], [-80.37751, 33.82836], [-80.37744, 33.82839], [-80.37715, 33.82852], [-80.37666, 33.82871], [-80.37649, 33.82877], [-80.37608, 33.82889], [-80.37547, 33.82905], [-80.3749, 33.82918], [-80.37426, 33.82934], [-80.3741, 33.82936], [-80.37389, 33.82939], [-80.37389, 33.82951], [-80.37385, 33.8299], [-80.37361, 33.83121], [-80.37331, 33.83276], [-80.37304, 33.83413], [-80.37278, 33.83541], [-80.3724, 33.83736], [-80.37237, 33.8375], [-80.37232, 33.83778], [-80.37175, 33.84066], [-80.37133, 33.84282], [-80.37102, 33.84437], [-80.37072, 33.84591], [-80.37059, 33.84645], [-80.3705, 33.84676], [-80.37036, 33.84727], [-80.37028, 33.84754], [-80.36998, 33.84856], [-80.36971, 33.84948], [-80.36956, 33.85003], [-80.36935, 33.85076], [-80.3692, 33.85127], [-80.36901, 33.8519], [-80.36857, 33.85343], [-80.36833, 33.85425], [-80.36816, 33.85487], [-80.36793, 33.85563], [-80.3678, 33.85605], [-80.36774, 33.85621], [-80.36767, 33.8564], [-80.36755, 33.85664], [-80.36739, 33.85692], [-80.36716, 33.85725], [-80.36688, 33.8576], [-80.36634, 33.85821], [-80.36436, 33.86043], [-80.3619, 33.86321], [-80.36206, 33.86331], [-80.36161, 33.86382], [-80.36005, 33.86558], [-80.3595, 33.86617], [-80.35896, 33.86674], [-80.35869, 33.86699], [-80.35829, 33.86742], [-80.35805, 33.86767], [-80.35703, 33.86874], [-80.35631, 33.8695], [-80.35629, 33.86952], [-80.35624, 33.86958], [-80.35593, 33.8699], [-80.35583, 33.87], [-80.35569, 33.87015], [-80.35547, 33.87038], [-80.35542, 33.87042], [-80.35538, 33.87047], [-80.35475, 33.87112], [-80.35457, 33.87132], [-80.35451, 33.87139], [-80.35426, 33.87166], [-80.35409, 33.87185], [-80.35391, 33.8721], [-80.3538, 33.87225], [-80.35372, 33.87237], [-80.35347, 33.87274], [-80.35318, 33.87325], [-80.35312, 33.87336], [-80.3531, 33.8734], [-80.35295, 33.87376], [-80.35288, 33.87395], [-80.35265, 33.87463], [-80.35257, 33.87488], [-80.35245, 33.87529], [-80.3524, 33.87547], [-80.35239, 33.87551], [-80.35231, 33.87588], [-80.35302, 33.87612], [-80.35413, 33.87645], [-80.3545, 33.87655], [-80.35519, 33.87675], [-80.3553, 33.87678], [-80.35546, 33.87682], [-80.35561, 33.87687], [-80.35595, 33.877], [-80.35624, 33.8771], [-80.35638, 33.87716], [-80.35646, 33.87719], [-80.35662, 33.8773], [-80.35729, 33.87778], [-80.35773, 33.87801], [-80.35899, 33.8784], [-80.35932, 33.8785], [-80.3596, 33.87859], [-80.36133, 33.87897], [-80.3619, 33.87904], [-80.36277, 33.87891], [-80.36299, 33.87888], [-80.36314, 33.87886], [-80.36387, 33.87878], [-80.36491, 33.87898], [-80.3655, 33.87898], [-80.36612, 33.87882], [-80.36625, 33.87879], [-80.36641, 33.87875], [-80.36698, 33.8786], [-80.3672, 33.87849], [-80.36817, 33.87817], [-80.36871, 33.87808], [-80.36943, 33.8784], [-80.37009, 33.87819], [-80.37109, 33.8776], [-80.37113, 33.87758], [-80.37114, 33.87757], [-80.37121, 33.87753], [-80.37155, 33.87739], [-80.37217, 33.87715], [-80.37237, 33.87707], [-80.37377, 33.87702], [-80.37402, 33.8771], [-80.3748, 33.87736], [-80.3754, 33.87752], [-80.37568, 33.87759], [-80.37616, 33.87759], [-80.37743, 33.87757], [-80.3787, 33.87734], [-80.37985, 33.87691], [-80.38012, 33.8768], [-80.38021, 33.87677], [-80.38044, 33.87675], [-80.38047, 33.87675], [-80.38098, 33.8767], [-80.38109, 33.8767], [-80.38121, 33.8767], [-80.38141, 33.8767], [-80.38158, 33.87668], [-80.38178, 33.87664], [-80.38229, 33.87656], [-80.38268, 33.8765], [-80.38328, 33.87627], [-80.38397, 33.87618], [-80.38401, 33.8762], [-80.3841, 33.87626], [-80.38419, 33.87631], [-80.38455, 33.87648], [-80.3846, 33.87657], [-80.38581, 33.87686], [-80.3865, 33.87691], [-80.38721, 33.87714], [-80.38735, 33.87723], [-80.3876, 33.87723], [-80.38891, 33.87746], [-80.39048, 33.87813], [-80.39117, 33.87829], [-80.39131, 33.87827], [-80.39142, 33.87826], [-80.39192, 33.87821], [-80.39323, 33.87801], [-80.39365, 33.87803], [-80.39436, 33.87827], [-80.3945, 33.87832], [-80.39472, 33.87832], [-80.39533, 33.87823], [-80.39617, 33.87793], [-80.39673, 33.87795], [-80.3978, 33.87827], [-80.39816, 33.87848], [-80.39845, 33.87875], [-80.39881, 33.87884], [-80.39957, 33.87868], [-80.4008, 33.87818], [-80.40181, 33.87801], [-80.4027, 33.87806], [-80.40352, 33.87817], [-80.40388, 33.87817], [-80.4045, 33.87818], [-80.40491, 33.87819], [-80.40516, 33.87835], [-80.40559, 33.87867], [-80.4059, 33.87874], [-80.40618, 33.87871], [-80.40733, 33.87856], [-80.40859, 33.87815], [-80.40933, 33.87815], [-80.41044, 33.87847], [-80.41316, 33.87847], [-80.41357, 33.87861], [-80.41412, 33.87886], [-80.41552, 33.87923], [-80.41623, 33.87934], [-80.41767, 33.87914], [-80.41893, 33.87919], [-80.41962, 33.87928], [-80.42003, 33.87928], [-80.42148, 33.87946], [-80.42187, 33.8796], [-80.42242, 33.88001], [-80.42341, 33.88036], [-80.425, 33.88036], [-80.42536, 33.88029], [-80.42552, 33.88029], [-80.4269, 33.88003], [-80.42918, 33.8799], [-80.43016, 33.88008], [-80.43118, 33.88022], [-80.43283, 33.88024], [-80.43474, 33.87999], [-80.43525, 33.87992], [-80.4364, 33.87978], [-80.43665, 33.8798], [-80.43709, 33.87983], [-80.43777, 33.88001], [-80.43876, 33.87987], [-80.43982, 33.87981], [-80.44089, 33.87993], [-80.44134, 33.87987], [-80.4418, 33.87964], [-80.44259, 33.87911], [-80.4428, 33.87891], [-80.44338, 33.8785], [-80.44441, 33.87806], [-80.44544, 33.87767], [-80.4478, 33.87722], [-80.44913, 33.87704], [-80.45018, 33.87693], [-80.45102, 33.87697], [-80.45178, 33.877], [-80.45204, 33.87715], [-80.45243, 33.87748], [-80.45299, 33.87789], [-80.45334, 33.87792], [-80.45443, 33.87778], [-80.45506, 33.8779], [-80.45586, 33.87812], [-80.45592, 33.87824], [-80.4561, 33.87836], [-80.45664, 33.87831], [-80.45683, 33.87843], [-80.45667, 33.87867], [-80.45666, 33.87887], [-80.45779, 33.87917], [-80.45848, 33.8795], [-80.46059, 33.87991], [-80.46205, 33.88012], [-80.46334, 33.88017], [-80.46517, 33.88003], [-80.46656, 33.8794], [-80.46762, 33.87878], [-80.46847, 33.87775], [-80.46878, 33.87725], [-80.47017, 33.87504], [-80.4704, 33.87474], [-80.47054, 33.87371], [-80.47119, 33.87204], [-80.47122, 33.87063], [-80.47114, 33.87011], [-80.47075, 33.86902], [-80.47031, 33.86827], [-80.46979, 33.86752], [-80.46916, 33.86681], [-80.46812, 33.86593], [-80.46795, 33.86566], [-80.46784, 33.86531], [-80.46776, 33.86411], [-80.4677, 33.86374], [-80.46775, 33.86345], [-80.46776, 33.86338], [-80.46809, 33.86309], [-80.46817, 33.86266], [-80.46795, 33.86245], [-80.46762, 33.86218], [-80.46715, 33.86172], [-80.46713, 33.86149], [-80.46699, 33.86147], [-80.46644, 33.86073], [-80.46625, 33.86034], [-80.46556, 33.85961], [-80.46528, 33.85876], [-80.4652, 33.85869], [-80.46518, 33.85842], [-80.46509, 33.8584], [-80.46495, 33.85785], [-80.46463, 33.85704], [-80.46457, 33.85668], [-80.46449, 33.85663], [-80.46449, 33.85649], [-80.46355, 33.85416], [-80.46342, 33.8537], [-80.46317, 33.85184], [-80.46306, 33.8509], [-80.46307, 33.85082], [-80.46312, 33.85027], [-80.46314, 33.85004], [-80.46361, 33.84889], [-80.46369, 33.84848], [-80.46369, 33.84745], [-80.46503, 33.843], [-80.46514, 33.84298], [-80.46536, 33.84272], [-80.46713, 33.8409], [-80.46722, 33.84078], [-80.46837, 33.8393], [-80.4684, 33.83921], [-80.46895, 33.8384], [-80.4698, 33.83688], [-80.46994, 33.83669], [-80.47024, 33.83628], [-80.47033, 33.83614], [-80.47165, 33.83505]]]}}, {"type": "Feature", "properties": {"tract_id": "45085001904", "name": "Census Tract 19.04", "pct_white_2020": 78.6, "pct_black_2020": 17.3, "pct_hispanic_2020": 0.9, "pct_asian_2020": 0.0, "population_2020": 2459}, "geometry": {"type": "Polygon", "coordinates": [[[-80.48065, 33.76835], [-80.48138, 33.7682], [-80.47976, 33.76073], [-80.47908, 33.75836], [-80.478, 33.75606], [-80.47571, 33.75308], [-80.47536, 33.75268], [-80.47367, 33.75075], [-80.47295, 33.75016], [-80.47216, 33.74911], [-80.4718, 33.74872], [-80.47147, 33.74824], [-80.47115, 33.7474], [-80.47103, 33.7471], [-80.4707, 33.74624], [-80.47068, 33.74606], [-80.47062, 33.74599], [-80.47045, 33.7453], [-80.47062, 33.74472], [-80.47062, 33.74405], [-80.47042, 33.74389], [-80.46993, 33.74384], [-80.46963, 33.7437], [-80.4696, 33.74354], [-80.46952, 33.7435], [-80.46947, 33.7432], [-80.46946, 33.74314], [-80.46935, 33.74239], [-80.4691, 33.74197], [-80.46836, 33.74121], [-80.46822, 33.74093], [-80.46811, 33.7408], [-80.46797, 33.7404], [-80.46794, 33.73847], [-80.46786, 33.73828], [-80.46785, 33.73802], [-80.46784, 33.73661], [-80.46798, 33.73612], [-80.46818, 33.73567], [-80.4684, 33.73529], [-80.46859, 33.73507], [-80.46862, 33.73506], [-80.46949, 33.73466], [-80.46993, 33.73431], [-80.47015, 33.73388], [-80.47017, 33.73365], [-80.47018, 33.73347], [-80.47004, 33.73299], [-80.47001, 33.7328], [-80.46987, 33.73252], [-80.4698, 33.73241], [-80.46948, 33.73202], [-80.46926, 33.73167], [-80.46916, 33.73162], [-80.46872, 33.73111], [-80.46871, 33.73107], [-80.46858, 33.73097], [-80.46978, 33.72895], [-80.47381, 33.72212], [-80.47422, 33.72143], [-80.47512, 33.72], [-80.47844, 33.71426], [-80.47661, 33.7142], [-80.47111, 33.71403], [-80.46928, 33.71397], [-80.46919, 33.71397], [-80.46862, 33.71396], [-80.46663, 33.71392], [-80.46597, 33.71391], [-80.46512, 33.71389], [-80.46258, 33.71383], [-80.46173, 33.71382], [-80.46045, 33.71376], [-80.45661, 33.71359], [-80.45538, 33.71354], [-80.45533, 33.71354], [-80.45529, 33.71353], [-80.45516, 33.71353], [-80.45462, 33.71352], [-80.45444, 33.71352], [-80.45436, 33.71388], [-80.45413, 33.71495], [-80.45406, 33.71528], [-80.45406, 33.71531], [-80.45338, 33.71845], [-80.45136, 33.72786], [-80.45095, 33.72978], [-80.45069, 33.731], [-80.45066, 33.73114], [-80.45057, 33.73157], [-80.45054, 33.73168], [-80.45054, 33.73171], [-80.45029, 33.73289], [-80.44953, 33.73642], [-80.44929, 33.73753], [-80.44922, 33.73753], [-80.44802, 33.73758], [-80.44442, 33.73773], [-80.44322, 33.73778], [-80.44118, 33.73787], [-80.43506, 33.73813], [-80.43302, 33.73822], [-80.43092, 33.73831], [-80.43085, 33.73809], [-80.42864, 33.7315], [-80.4279, 33.7293], [-80.42702, 33.72697], [-80.42594, 33.72409], [-80.42999, 33.7224], [-80.43229, 33.72144], [-80.43291, 33.72118], [-80.43313, 33.71985], [-80.4341, 33.71388], [-80.43443, 33.71189], [-80.43151, 33.71214], [-80.42276, 33.7129], [-80.41984, 33.71315], [-80.41733, 33.71335], [-80.4098, 33.71398], [-80.40729, 33.71418], [-80.40555, 33.71434], [-80.40032, 33.71482], [-80.39878, 33.71496], [-80.39857, 33.71498], [-80.39726, 33.7151], [-80.39332, 33.71544], [-80.392, 33.71555], [-80.39201, 33.71606], [-80.39205, 33.7176], [-80.39206, 33.71811], [-80.39208, 33.71901], [-80.39213, 33.72171], [-80.39215, 33.72261], [-80.3922, 33.72289], [-80.39235, 33.72373], [-80.39235, 33.72374], [-80.3924, 33.72402], [-80.39243, 33.72429], [-80.39253, 33.72511], [-80.39256, 33.72538], [-80.39261, 33.7256], [-80.39275, 33.7262], [-80.39281, 33.72625], [-80.39281, 33.72626], [-80.39285, 33.72649], [-80.39286, 33.72657], [-80.39291, 33.72681], [-80.39292, 33.72689], [-80.39297, 33.72723], [-80.39312, 33.72826], [-80.39316, 33.72861], [-80.39318, 33.72871], [-80.39322, 33.72902], [-80.39324, 33.72912], [-80.39331, 33.72958], [-80.39352, 33.73098], [-80.39359, 33.73144], [-80.39364, 33.73164], [-80.39377, 33.73223], [-80.39381, 33.73243], [-80.39434, 33.73483], [-80.39594, 33.74204], [-80.39647, 33.74444], [-80.39657, 33.74489], [-80.39687, 33.74626], [-80.39697, 33.74672], [-80.39697, 33.74675], [-80.39699, 33.74682], [-80.39699, 33.74683], [-80.39699, 33.74686], [-80.39718, 33.74696], [-80.39727, 33.74702], [-80.39761, 33.74726], [-80.39925, 33.74851], [-80.39983, 33.74897], [-80.4001, 33.74918], [-80.40018, 33.74926], [-80.40036, 33.74945], [-80.40058, 33.74974], [-80.40075, 33.75], [-80.40121, 33.75072], [-80.40139, 33.75099], [-80.40175, 33.75157], [-80.40185, 33.75174], [-80.40191, 33.75186], [-80.40194, 33.7519], [-80.402, 33.75208], [-80.40206, 33.75228], [-80.40218, 33.75302], [-80.40224, 33.75337], [-80.40297, 33.7575], [-80.40302, 33.75783], [-80.40305, 33.75801], [-80.40309, 33.75817], [-80.40313, 33.75836], [-80.40321, 33.7586], [-80.40335, 33.75898], [-80.40344, 33.75922], [-80.40583, 33.76483], [-80.40655, 33.76655], [-80.40672, 33.76697], [-80.40677, 33.76717], [-80.40678, 33.76729], [-80.40679, 33.76742], [-80.40681, 33.76774], [-80.40681, 33.76788], [-80.4068, 33.76801], [-80.40674, 33.76834], [-80.40653, 33.77008], [-80.4065, 33.7703], [-80.40646, 33.77051], [-80.40641, 33.77067], [-80.40636, 33.77088], [-80.40628, 33.77117], [-80.40619, 33.7714], [-80.40613, 33.77159], [-80.40603, 33.77182], [-80.40595, 33.77201], [-80.40586, 33.7722], [-80.40572, 33.77247], [-80.40555, 33.77277], [-80.4054, 33.773], [-80.40523, 33.77322], [-80.40498, 33.77357], [-80.40338, 33.77574], [-80.40297, 33.77628], [-80.40232, 33.77716], [-80.40144, 33.77834], [-80.40039, 33.77977], [-80.39973, 33.78066], [-80.39797, 33.78302], [-80.39773, 33.78332], [-80.39666, 33.78478], [-80.39475, 33.78733], [-80.3937, 33.78874], [-80.39295, 33.78976], [-80.39241, 33.79048], [-80.39222, 33.79072], [-80.3919, 33.79104], [-80.39176, 33.79115], [-80.39161, 33.79128], [-80.39155, 33.79133], [-80.39142, 33.79141], [-80.391, 33.79167], [-80.3897, 33.79242], [-80.38957, 33.7925], [-80.38938, 33.79261], [-80.38861, 33.79306], [-80.38793, 33.79345], [-80.38739, 33.79374], [-80.38708, 33.7939], [-80.38659, 33.79415], [-80.38576, 33.79455], [-80.38535, 33.79475], [-80.38335, 33.79573], [-80.38203, 33.79637], [-80.3817, 33.79654], [-80.38119, 33.79679], [-80.38077, 33.797], [-80.38063, 33.79707], [-80.38039, 33.79722], [-80.3802, 33.79736], [-80.38009, 33.79745], [-80.37995, 33.79758], [-80.37978, 33.79776], [-80.3795, 33.79813], [-80.37909, 33.79872], [-80.37888, 33.79904], [-80.3786, 33.79946], [-80.3771, 33.80165], [-80.37696, 33.80185], [-80.37603, 33.80322], [-80.37563, 33.80379], [-80.37536, 33.80419], [-80.37515, 33.80454], [-80.37506, 33.80473], [-80.37502, 33.80485], [-80.37497, 33.80501], [-80.37494, 33.80518], [-80.37492, 33.80535], [-80.37491, 33.80559], [-80.37487, 33.80678], [-80.3748, 33.80924], [-80.37478, 33.8097], [-80.37477, 33.81027], [-80.37472, 33.81224], [-80.37465, 33.81456], [-80.3746, 33.81592], [-80.37458, 33.81654], [-80.37457, 33.81678], [-80.37454, 33.81769], [-80.37453, 33.81805], [-80.37441, 33.82147], [-80.37433, 33.8235], [-80.37432, 33.82382], [-80.37429, 33.82393], [-80.37428, 33.82397], [-80.37418, 33.82429], [-80.37412, 33.82446], [-80.37407, 33.82457], [-80.37392, 33.82483], [-80.37382, 33.82497], [-80.37365, 33.82515], [-80.37358, 33.82522], [-80.37343, 33.82536], [-80.37336, 33.82542], [-80.37308, 33.82561], [-80.37246, 33.82602], [-80.37257, 33.82615], [-80.37282, 33.82643], [-80.37292, 33.82655], [-80.37301, 33.82668], [-80.37316, 33.82691], [-80.37332, 33.82718], [-80.37342, 33.82736], [-80.37349, 33.8275], [-80.37359, 33.82775], [-80.37364, 33.82789], [-80.37371, 33.82813], [-80.37378, 33.82839], [-80.37381, 33.82851], [-80.37385, 33.82879], [-80.37389, 33.82905], [-80.37389, 33.82939], [-80.3741, 33.82936], [-80.37426, 33.82934], [-80.3749, 33.82918], [-80.37547, 33.82905], [-80.37608, 33.82889], [-80.37649, 33.82877], [-80.37666, 33.82871], [-80.37715, 33.82852], [-80.37744, 33.82839], [-80.37751, 33.82836], [-80.37933, 33.82755], [-80.38051, 33.82705], [-80.38156, 33.82662], [-80.38204, 33.82643], [-80.38219, 33.82638], [-80.38229, 33.82635], [-80.38248, 33.8263], [-80.38286, 33.82622], [-80.38311, 33.82617], [-80.38462, 33.82601], [-80.38631, 33.82584], [-80.38806, 33.82567], [-80.38953, 33.82552], [-80.38967, 33.82551], [-80.38978, 33.8255], [-80.39013, 33.8255], [-80.39018, 33.82551], [-80.39029, 33.82551], [-80.39059, 33.82554], [-80.39067, 33.82555], [-80.39076, 33.82557], [-80.3908, 33.82558], [-80.39082, 33.82558], [-80.39103, 33.82564], [-80.39129, 33.82572], [-80.39152, 33.82581], [-80.39173, 33.82591], [-80.39182, 33.82595], [-80.39212, 33.82613], [-80.39372, 33.82709], [-80.39386, 33.82718], [-80.39391, 33.8272], [-80.39395, 33.82721], [-80.39401, 33.82722], [-80.39413, 33.82721], [-80.39417, 33.82717], [-80.39433, 33.82715], [-80.39441, 33.82715], [-80.39452, 33.82715], [-80.39488, 33.82718], [-80.39534, 33.82722], [-80.39549, 33.82724], [-80.39578, 33.82732], [-80.39595, 33.82737], [-80.39626, 33.82749], [-80.39642, 33.82757], [-80.39658, 33.82764], [-80.39749, 33.82819], [-80.39774, 33.82833], [-80.39785, 33.82838], [-80.3981, 33.82849], [-80.39824, 33.82855], [-80.39836, 33.82858], [-80.39857, 33.82865], [-80.39886, 33.82873], [-80.39919, 33.8288], [-80.3994, 33.82885], [-80.39965, 33.82888], [-80.39986, 33.8289], [-80.40009, 33.82891], [-80.40029, 33.8289], [-80.40049, 33.82888], [-80.40105, 33.82881], [-80.40177, 33.82869], [-80.40306, 33.82847], [-80.40332, 33.82842], [-80.40349, 33.8284], [-80.40385, 33.82837], [-80.40405, 33.82836], [-80.4045, 33.82837], [-80.40468, 33.82838], [-80.40487, 33.8284], [-80.40512, 33.82843], [-80.40532, 33.82847], [-80.40552, 33.82851], [-80.40591, 33.82862], [-80.40627, 33.82875], [-80.40644, 33.82883], [-80.40672, 33.82896], [-80.40688, 33.82905], [-80.40729, 33.82929], [-80.40743, 33.82937], [-80.40771, 33.82953], [-80.40785, 33.82961], [-80.40801, 33.82968], [-80.40825, 33.82978], [-80.4087, 33.82993], [-80.40929, 33.83005], [-80.41001, 33.82885], [-80.41031, 33.82836], [-80.41195, 33.8257], [-80.41359, 33.82303], [-80.41504, 33.82065], [-80.4165, 33.8183], [-80.41694, 33.81758], [-80.42006, 33.8123], [-80.42254, 33.80829], [-80.42296, 33.80742], [-80.42637, 33.80156], [-80.43162, 33.79279], [-80.43214, 33.79194], [-80.43253, 33.79127], [-80.43289, 33.79067], [-80.43546, 33.78641], [-80.44088, 33.78284], [-80.44162, 33.77654], [-80.44167, 33.77604], [-80.44211, 33.77528], [-80.44369, 33.77257], [-80.44438, 33.77143], [-80.44589, 33.76881], [-80.44748, 33.76613], [-80.44767, 33.76613], [-80.44778, 33.76614], [-80.44786, 33.76614], [-80.44803, 33.76611], [-80.44816, 33.76606], [-80.44824, 33.76602], [-80.44838, 33.766], [-80.44845, 33.76603], [-80.44852, 33.76603], [-80.44874, 33.76602], [-80.44958, 33.76588], [-80.45084, 33.76565], [-80.454, 33.76501], [-80.4547, 33.76486], [-80.45665, 33.76446], [-80.45699, 33.76442], [-80.45727, 33.7644], [-80.45759, 33.76439], [-80.45842, 33.76443], [-80.45938, 33.76445], [-80.46041, 33.76449], [-80.46154, 33.76452], [-80.46236, 33.76459], [-80.4628, 33.76463], [-80.4638, 33.76477], [-80.46431, 33.76483], [-80.46469, 33.76489], [-80.46513, 33.76499], [-80.46561, 33.76508], [-80.46664, 33.76535], [-80.46704, 33.76544], [-80.46733, 33.76553], [-80.46758, 33.76561], [-80.46824, 33.76592], [-80.46897, 33.76623], [-80.46976, 33.76658], [-80.47012, 33.76677], [-80.47043, 33.76698], [-80.4706, 33.76715], [-80.47069, 33.76725], [-80.47078, 33.76731], [-80.47092, 33.76739], [-80.47106, 33.76746], [-80.47146, 33.76756], [-80.47279, 33.76788], [-80.47343, 33.76802], [-80.47379, 33.76813], [-80.47408, 33.7682], [-80.47471, 33.76836], [-80.4751, 33.76843], [-80.47567, 33.76849], [-80.47612, 33.76853], [-80.4767, 33.76857], [-80.47738, 33.76862], [-80.47777, 33.76862], [-80.47813, 33.76863], [-80.4787, 33.76861], [-80.47915, 33.76859], [-80.47957, 33.76856], [-80.47981, 33.76853], [-80.48011, 33.76847], [-80.48065, 33.76835]]]}}, {"type": "Feature", "properties": {"tract_id": "45085000800", "name": "Census Tract 8", "pct_white_2020": 15.2, "pct_black_2020": 83.6, "pct_hispanic_2020": 0.7, "pct_asian_2020": 0.0, "population_2020": 3807}, "geometry": {"type": "Polygon", "coordinates": [[[-80.36517, 33.96637], [-80.36539, 33.96624], [-80.36413, 33.96541], [-80.36298, 33.96471], [-80.36179, 33.96396], [-80.36067, 33.96314], [-80.35999, 33.96256], [-80.35921, 33.96188], [-80.35886, 33.96152], [-80.35883, 33.9614], [-80.3587, 33.96129], [-80.35848, 33.9609], [-80.3584, 33.96053], [-80.35829, 33.96035], [-80.35813, 33.95957], [-80.35803, 33.95863], [-80.35799, 33.95727], [-80.35802, 33.95696], [-80.35804, 33.95681], [-80.35804, 33.95674], [-80.35805, 33.95671], [-80.35809, 33.95626], [-80.35815, 33.95586], [-80.35817, 33.95579], [-80.35832, 33.95459], [-80.35867, 33.95379], [-80.3588, 33.95338], [-80.35886, 33.95323], [-80.35903, 33.95273], [-80.35913, 33.95196], [-80.35918, 33.95163], [-80.35922, 33.95137], [-80.35954, 33.95073], [-80.36005, 33.95013], [-80.36032, 33.94992], [-80.36048, 33.9498], [-80.3605, 33.94978], [-80.36065, 33.94967], [-80.36077, 33.94961], [-80.3608, 33.94959], [-80.36094, 33.94945], [-80.36137, 33.94909], [-80.36163, 33.94881], [-80.36199, 33.94823], [-80.36228, 33.94744], [-80.36231, 33.94709], [-80.36234, 33.94673], [-80.36245, 33.94618], [-80.36251, 33.94494], [-80.36264, 33.94375], [-80.36275, 33.94327], [-80.36292, 33.94275], [-80.36328, 33.94147], [-80.36349, 33.94057], [-80.36356, 33.93992], [-80.36362, 33.93962], [-80.3635, 33.93955], [-80.36267, 33.93904], [-80.36166, 33.9384], [-80.36079, 33.93786], [-80.36039, 33.93761], [-80.35976, 33.93721], [-80.3589, 33.93667], [-80.3583, 33.93629], [-80.35791, 33.93604], [-80.35699, 33.93717], [-80.35674, 33.93745], [-80.35544, 33.93668], [-80.35448, 33.93781], [-80.35419, 33.93812], [-80.35297, 33.93741], [-80.35193, 33.93679], [-80.35126, 33.93756], [-80.3506, 33.93834], [-80.35009, 33.93893], [-80.35011, 33.9391], [-80.35012, 33.93917], [-80.35014, 33.93923], [-80.35017, 33.93928], [-80.35019, 33.9393], [-80.3502, 33.93932], [-80.35025, 33.93936], [-80.35093, 33.93981], [-80.35018, 33.94069], [-80.34976, 33.94031], [-80.34969, 33.94025], [-80.34956, 33.94015], [-80.34954, 33.94007], [-80.34925, 33.93717], [-80.34924, 33.93712], [-80.34923, 33.93705], [-80.34711, 33.93669], [-80.3468, 33.93664], [-80.34643, 33.93656], [-80.34523, 33.93632], [-80.34483, 33.93631], [-80.34475, 33.93631], [-80.34475, 33.93635], [-80.34474, 33.93648], [-80.34473, 33.93669], [-80.34457, 33.93808], [-80.34416, 33.93806], [-80.34344, 33.938], [-80.34333, 33.93799], [-80.3408, 33.93797], [-80.3389, 33.93796], [-80.33918, 33.93904], [-80.33944, 33.94004], [-80.3395, 33.94033], [-80.33961, 33.94065], [-80.33971, 33.94088], [-80.33984, 33.94116], [-80.33994, 33.94135], [-80.34011, 33.94159], [-80.34021, 33.94172], [-80.34037, 33.94191], [-80.34053, 33.94207], [-80.34066, 33.9422], [-80.34085, 33.94236], [-80.3412, 33.94265], [-80.34139, 33.9428], [-80.34157, 33.94297], [-80.34182, 33.94321], [-80.34194, 33.94333], [-80.34239, 33.94351], [-80.34261, 33.94357], [-80.34283, 33.94363], [-80.34281, 33.9438], [-80.34281, 33.94382], [-80.34276, 33.94434], [-80.34274, 33.94447], [-80.34274, 33.94449], [-80.34271, 33.94486], [-80.34264, 33.9454], [-80.3426, 33.94569], [-80.34259, 33.94575], [-80.34258, 33.94583], [-80.34253, 33.94621], [-80.3425, 33.94643], [-80.34241, 33.94734], [-80.34241, 33.94736], [-80.34239, 33.94746], [-80.34229, 33.94835], [-80.34228, 33.94852], [-80.34225, 33.94872], [-80.34221, 33.94907], [-80.34217, 33.94942], [-80.34208, 33.95027], [-80.34206, 33.9504], [-80.34203, 33.95068], [-80.34201, 33.9509], [-80.34197, 33.95119], [-80.34194, 33.9515], [-80.34178, 33.95291], [-80.34171, 33.95356], [-80.34169, 33.95374], [-80.34164, 33.95415], [-80.34158, 33.95472], [-80.34154, 33.95501], [-80.34146, 33.95568], [-80.34145, 33.95573], [-80.34142, 33.95607], [-80.34139, 33.95632], [-80.34137, 33.95648], [-80.3413, 33.95697], [-80.34128, 33.95729], [-80.34122, 33.95775], [-80.34116, 33.9583], [-80.34113, 33.95852], [-80.34105, 33.95922], [-80.34098, 33.95989], [-80.34093, 33.96031], [-80.34087, 33.96087], [-80.34083, 33.96119], [-80.34081, 33.96157], [-80.34078, 33.9617], [-80.34076, 33.96184], [-80.34063, 33.96296], [-80.34058, 33.96345], [-80.34029, 33.96594], [-80.34027, 33.96601], [-80.34024, 33.9663], [-80.34019, 33.96663], [-80.34018, 33.9668], [-80.34007, 33.96794], [-80.34005, 33.96808], [-80.34001, 33.96845], [-80.33999, 33.96861], [-80.3399, 33.96927], [-80.33983, 33.96983], [-80.34057, 33.97021], [-80.34075, 33.97023], [-80.34088, 33.97023], [-80.34115, 33.9702], [-80.34162, 33.97014], [-80.3426, 33.97004], [-80.34452, 33.96982], [-80.34585, 33.96969], [-80.34698, 33.96955], [-80.34707, 33.96954], [-80.34765, 33.96947], [-80.34801, 33.96943], [-80.3492, 33.9693], [-80.3512, 33.96908], [-80.3531, 33.96887], [-80.35453, 33.9687], [-80.35495, 33.96866], [-80.35519, 33.96863], [-80.35548, 33.9686], [-80.35551, 33.9686], [-80.3558, 33.96857], [-80.35638, 33.9685], [-80.35788, 33.96832], [-80.35885, 33.96822], [-80.35981, 33.96811], [-80.36042, 33.96804], [-80.36147, 33.96792], [-80.36188, 33.96787], [-80.36214, 33.96783], [-80.36246, 33.96775], [-80.36293, 33.9676], [-80.36321, 33.96748], [-80.36345, 33.96736], [-80.36386, 33.96713], [-80.36517, 33.96637]]]}}, {"type": "Feature", "properties": {"tract_id": "45085001703", "name": "Census Tract 17.03", "pct_white_2020": 51.5, "pct_black_2020": 43.7, "pct_hispanic_2020": 0.2, "pct_asian_2020": 0.9, "population_2020": 4925}, "geometry": {"type": "Polygon", "coordinates": [[[-80.45008, 33.90172], [-80.45006, 33.90161], [-80.44964, 33.89965], [-80.44949, 33.89896], [-80.44872, 33.89538], [-80.44868, 33.89518], [-80.44833, 33.89353], [-80.44788, 33.89146], [-80.44762, 33.89028], [-80.44736, 33.88905], [-80.44671, 33.88602], [-80.44638, 33.88447], [-80.44624, 33.88383], [-80.4462, 33.88367], [-80.44618, 33.88363], [-80.44614, 33.88352], [-80.4459, 33.88299], [-80.44584, 33.88286], [-80.4456, 33.88234], [-80.44537, 33.88183], [-80.44508, 33.88121], [-80.44501, 33.88109], [-80.44486, 33.88087], [-80.44468, 33.88067], [-80.44448, 33.88048], [-80.4428, 33.87891], [-80.44259, 33.87911], [-80.4418, 33.87964], [-80.44134, 33.87987], [-80.44089, 33.87993], [-80.43982, 33.87981], [-80.43876, 33.87987], [-80.43777, 33.88001], [-80.43709, 33.87983], [-80.43665, 33.8798], [-80.4364, 33.87978], [-80.43525, 33.87992], [-80.43474, 33.87999], [-80.43283, 33.88024], [-80.43118, 33.88022], [-80.43016, 33.88008], [-80.42918, 33.8799], [-80.4269, 33.88003], [-80.42552, 33.88029], [-80.42536, 33.88029], [-80.425, 33.88036], [-80.42341, 33.88036], [-80.42242, 33.88001], [-80.42187, 33.8796], [-80.42148, 33.87946], [-80.42003, 33.87928], [-80.41962, 33.87928], [-80.41893, 33.87919], [-80.41767, 33.87914], [-80.41623, 33.87934], [-80.41552, 33.87923], [-80.41412, 33.87886], [-80.41357, 33.87861], [-80.41316, 33.87847], [-80.41044, 33.87847], [-80.40933, 33.87815], [-80.40859, 33.87815], [-80.40733, 33.87856], [-80.40618, 33.87871], [-80.4059, 33.87874], [-80.40559, 33.87867], [-80.40516, 33.87835], [-80.40491, 33.87819], [-80.4045, 33.87818], [-80.40442, 33.87948], [-80.40441, 33.87958], [-80.40435, 33.87996], [-80.40427, 33.88028], [-80.40422, 33.88045], [-80.40415, 33.88062], [-80.40408, 33.88077], [-80.40402, 33.88088], [-80.40394, 33.88104], [-80.40384, 33.88121], [-80.40324, 33.88212], [-80.40304, 33.8825], [-80.40297, 33.88266], [-80.40291, 33.88284], [-80.40286, 33.883], [-80.40282, 33.88316], [-80.40278, 33.88336], [-80.40275, 33.88355], [-80.40274, 33.88382], [-80.40272, 33.88519], [-80.4027, 33.88621], [-80.40268, 33.88638], [-80.40266, 33.88659], [-80.4026, 33.88697], [-80.4025, 33.88739], [-80.40246, 33.88753], [-80.40203, 33.88881], [-80.40193, 33.88911], [-80.40174, 33.88966], [-80.4017, 33.88983], [-80.40166, 33.89006], [-80.40163, 33.89028], [-80.40162, 33.89057], [-80.40165, 33.89097], [-80.40166, 33.89105], [-80.40174, 33.89155], [-80.40186, 33.89236], [-80.40065, 33.89216], [-80.39945, 33.89197], [-80.39829, 33.89179], [-80.39747, 33.89166], [-80.39733, 33.89213], [-80.39728, 33.89233], [-80.39726, 33.89245], [-80.39725, 33.89253], [-80.39724, 33.89278], [-80.39724, 33.89287], [-80.39725, 33.89293], [-80.39732, 33.89335], [-80.39748, 33.89438], [-80.39754, 33.89483], [-80.39756, 33.89506], [-80.39755, 33.8953], [-80.39752, 33.89546], [-80.3975, 33.89554], [-80.39747, 33.89563], [-80.39742, 33.8959], [-80.39742, 33.89608], [-80.39747, 33.89641], [-80.39756, 33.89675], [-80.39799, 33.89826], [-80.3975, 33.89863], [-80.39736, 33.89874], [-80.39667, 33.89927], [-80.3965, 33.89938], [-80.39626, 33.89957], [-80.39619, 33.89962], [-80.39614, 33.89966], [-80.39594, 33.8998], [-80.39582, 33.89988], [-80.3956, 33.9], [-80.39525, 33.90019], [-80.39507, 33.90027], [-80.39437, 33.90059], [-80.3941, 33.90071], [-80.39255, 33.9014], [-80.3915, 33.90186], [-80.39064, 33.90224], [-80.38919, 33.90288], [-80.38899, 33.90297], [-80.3887, 33.90308], [-80.3885, 33.90315], [-80.3884, 33.90318], [-80.38811, 33.90325], [-80.38799, 33.90328], [-80.38779, 33.90332], [-80.38756, 33.90336], [-80.38749, 33.90337], [-80.38733, 33.9034], [-80.38726, 33.90341], [-80.38724, 33.90341], [-80.38684, 33.90346], [-80.38676, 33.90346], [-80.38659, 33.90347], [-80.38652, 33.90348], [-80.38637, 33.90349], [-80.38626, 33.9035], [-80.38532, 33.90357], [-80.38513, 33.90359], [-80.38459, 33.90363], [-80.38416, 33.90366], [-80.38267, 33.90378], [-80.38194, 33.90384], [-80.38049, 33.90395], [-80.38015, 33.90398], [-80.38001, 33.904], [-80.37987, 33.90402], [-80.37972, 33.90407], [-80.37928, 33.90421], [-80.37924, 33.90478], [-80.37924, 33.90502], [-80.37927, 33.90528], [-80.3793, 33.90549], [-80.37933, 33.90569], [-80.37943, 33.90607], [-80.37952, 33.90633], [-80.37964, 33.9066], [-80.3798, 33.90692], [-80.37984, 33.90699], [-80.37986, 33.90703], [-80.37995, 33.90719], [-80.38011, 33.90743], [-80.38098, 33.90869], [-80.38158, 33.90861], [-80.38173, 33.90859], [-80.38191, 33.90858], [-80.38402, 33.90837], [-80.38554, 33.90821], [-80.38685, 33.90808], [-80.38953, 33.90781], [-80.39016, 33.90775], [-80.39246, 33.90753], [-80.39314, 33.90746], [-80.39402, 33.90736], [-80.3968, 33.9071], [-80.39787, 33.90698], [-80.40111, 33.90667], [-80.40148, 33.90663], [-80.40432, 33.90636], [-80.40462, 33.90633], [-80.40469, 33.90632], [-80.40814, 33.90599], [-80.41055, 33.90576], [-80.4108, 33.90573], [-80.4127, 33.90555], [-80.41423, 33.9054], [-80.41643, 33.90519], [-80.41706, 33.90513], [-80.41758, 33.90508], [-80.41966, 33.90488], [-80.42779, 33.90409], [-80.42864, 33.90401], [-80.43247, 33.9036], [-80.43319, 33.90353], [-80.43552, 33.90328], [-80.43965, 33.90284], [-80.44056, 33.90275], [-80.44393, 33.90239], [-80.44468, 33.90231], [-80.448, 33.90197], [-80.45008, 33.90172]]]}}, {"type": "Feature", "properties": {"tract_id": "45085000902", "name": "Census Tract 9.02", "pct_white_2020": 82.3, "pct_black_2020": 6.7, "pct_hispanic_2020": 1.5, "pct_asian_2020": 1.3, "population_2020": 3765}, "geometry": {"type": "Polygon", "coordinates": [[[-80.39842, 33.9451], [-80.39834, 33.9449], [-80.39813, 33.94472], [-80.39749, 33.94371], [-80.39732, 33.94325], [-80.39726, 33.94298], [-80.39707, 33.94265], [-80.39695, 33.94192], [-80.39692, 33.94179], [-80.3969, 33.94171], [-80.39691, 33.94154], [-80.39696, 33.94147], [-80.39695, 33.9414], [-80.39692, 33.94136], [-80.3969, 33.94132], [-80.39687, 33.94124], [-80.39681, 33.94118], [-80.39679, 33.94113], [-80.3967, 33.94063], [-80.39669, 33.94056], [-80.39663, 33.94047], [-80.3966, 33.94045], [-80.39654, 33.94039], [-80.39639, 33.93998], [-80.39639, 33.9399], [-80.39638, 33.93983], [-80.39634, 33.93977], [-80.3963, 33.9397], [-80.39627, 33.93966], [-80.39627, 33.93951], [-80.39621, 33.93917], [-80.3962, 33.93911], [-80.39611, 33.93859], [-80.39606, 33.93835], [-80.39593, 33.93778], [-80.39577, 33.93742], [-80.39563, 33.93713], [-80.39557, 33.93691], [-80.39544, 33.93675], [-80.39544, 33.93666], [-80.39533, 33.93653], [-80.39533, 33.93644], [-80.39525, 33.9364], [-80.39522, 33.93622], [-80.39514, 33.93616], [-80.39478, 33.93538], [-80.39435, 33.93481], [-80.39409, 33.93436], [-80.39409, 33.9343], [-80.39398, 33.93391], [-80.39396, 33.93363], [-80.39386, 33.93336], [-80.39384, 33.9333], [-80.39359, 33.93282], [-80.39313, 33.93233], [-80.39294, 33.93195], [-80.39298, 33.93186], [-80.393, 33.9318], [-80.39299, 33.93175], [-80.39291, 33.93163], [-80.39288, 33.93158], [-80.39284, 33.93149], [-80.39284, 33.93141], [-80.39287, 33.93133], [-80.39286, 33.93118], [-80.3928, 33.93108], [-80.39273, 33.93104], [-80.39267, 33.93103], [-80.3926, 33.93105], [-80.39252, 33.93104], [-80.39249, 33.93101], [-80.39244, 33.93097], [-80.39241, 33.93093], [-80.39235, 33.93087], [-80.39227, 33.93087], [-80.3922, 33.93079], [-80.39208, 33.93065], [-80.39156, 33.92999], [-80.39117, 33.92939], [-80.39105, 33.92912], [-80.39092, 33.92884], [-80.39092, 33.92878], [-80.39091, 33.9287], [-80.39089, 33.92806], [-80.39087, 33.92798], [-80.39075, 33.92756], [-80.39022, 33.9265], [-80.39002, 33.92611], [-80.389, 33.92487], [-80.38871, 33.92455], [-80.38779, 33.92375], [-80.38778, 33.92374], [-80.38743, 33.92348], [-80.38706, 33.92319], [-80.38664, 33.92266], [-80.38645, 33.92238], [-80.38596, 33.9217], [-80.38579, 33.92145], [-80.38575, 33.92139], [-80.38566, 33.9213], [-80.38476, 33.92037], [-80.38385, 33.91944], [-80.38176, 33.91765], [-80.38168, 33.91759], [-80.38159, 33.91746], [-80.3815, 33.91734], [-80.38112, 33.91683], [-80.38104, 33.91672], [-80.38089, 33.91667], [-80.38072, 33.91668], [-80.38046, 33.91676], [-80.37928, 33.91734], [-80.37885, 33.91741], [-80.37862, 33.91741], [-80.37825, 33.91731], [-80.37775, 33.91703], [-80.37703, 33.91677], [-80.3769, 33.91675], [-80.37643, 33.91668], [-80.37637, 33.91667], [-80.3748, 33.91649], [-80.37433, 33.91654], [-80.37319, 33.91636], [-80.37308, 33.91633], [-80.37254, 33.91613], [-80.37171, 33.91558], [-80.37129, 33.91516], [-80.3711, 33.9153], [-80.37088, 33.91567], [-80.37033, 33.91633], [-80.37019, 33.9165], [-80.3701, 33.91673], [-80.37004, 33.91687], [-80.37001, 33.91699], [-80.36983, 33.9181], [-80.36959, 33.91952], [-80.36957, 33.92003], [-80.36946, 33.92], [-80.36877, 33.9198], [-80.36821, 33.91963], [-80.36798, 33.91956], [-80.36781, 33.91952], [-80.36761, 33.91948], [-80.36756, 33.91948], [-80.36746, 33.91947], [-80.36718, 33.91946], [-80.36698, 33.91947], [-80.36595, 33.91954], [-80.3657, 33.91956], [-80.36532, 33.91959], [-80.3642, 33.91967], [-80.36162, 33.91983], [-80.3608, 33.91989], [-80.3608, 33.91999], [-80.36086, 33.92066], [-80.36092, 33.92131], [-80.36092, 33.92138], [-80.36089, 33.92146], [-80.36086, 33.92149], [-80.36117, 33.92191], [-80.36196, 33.92299], [-80.36273, 33.92402], [-80.36352, 33.92507], [-80.36425, 33.92607], [-80.36488, 33.92693], [-80.365, 33.92708], [-80.3658, 33.92819], [-80.36594, 33.92836], [-80.36663, 33.92929], [-80.36667, 33.92934], [-80.36742, 33.93032], [-80.36776, 33.93076], [-80.3693, 33.93285], [-80.36961, 33.9327], [-80.36995, 33.93252], [-80.37015, 33.93243], [-80.37037, 33.93235], [-80.37058, 33.9323], [-80.37075, 33.93227], [-80.37102, 33.93225], [-80.37132, 33.93225], [-80.37152, 33.93228], [-80.37219, 33.93238], [-80.37266, 33.93246], [-80.37298, 33.9325], [-80.3735, 33.93258], [-80.37367, 33.93261], [-80.37384, 33.93263], [-80.37403, 33.93265], [-80.37421, 33.93266], [-80.37436, 33.93266], [-80.37452, 33.93265], [-80.37465, 33.93263], [-80.37481, 33.9326], [-80.37497, 33.93256], [-80.37578, 33.93228], [-80.37871, 33.93124], [-80.37995, 33.9308], [-80.38002, 33.93092], [-80.38068, 33.93212], [-80.38093, 33.93258], [-80.38114, 33.93303], [-80.3812, 33.93318], [-80.38165, 33.93426], [-80.38194, 33.93495], [-80.3821, 33.93527], [-80.38213, 33.93532], [-80.38221, 33.93544], [-80.38237, 33.93564], [-80.38267, 33.93601], [-80.38276, 33.93611], [-80.38289, 33.9363], [-80.38301, 33.93647], [-80.38312, 33.93665], [-80.38326, 33.93692], [-80.38332, 33.93707], [-80.3834, 33.93729], [-80.38345, 33.93746], [-80.3835, 33.93767], [-80.38358, 33.93806], [-80.38382, 33.93922], [-80.38393, 33.93975], [-80.38405, 33.9403], [-80.3842, 33.94098], [-80.38421, 33.94104], [-80.3843, 33.94141], [-80.38441, 33.94185], [-80.38449, 33.9421], [-80.38459, 33.94238], [-80.38471, 33.94267], [-80.38503, 33.94346], [-80.38515, 33.94375], [-80.38548, 33.94456], [-80.38614, 33.94613], [-80.38633, 33.94662], [-80.38637, 33.94673], [-80.38646, 33.94702], [-80.38655, 33.94733], [-80.38659, 33.94752], [-80.38662, 33.94767], [-80.38671, 33.94819], [-80.38676, 33.9485], [-80.38683, 33.94884], [-80.38692, 33.94945], [-80.38707, 33.95041], [-80.38716, 33.951], [-80.38945, 33.95103], [-80.39186, 33.95108], [-80.39298, 33.9511], [-80.39447, 33.95113], [-80.3952, 33.95041], [-80.39526, 33.95038], [-80.39554, 33.95025], [-80.39558, 33.94988], [-80.39575, 33.94948], [-80.39598, 33.94853], [-80.39604, 33.94833], [-80.39639, 33.94754], [-80.39677, 33.94688], [-80.39742, 33.94631], [-80.39787, 33.94608], [-80.39801, 33.94598], [-80.39807, 33.94587], [-80.39817, 33.94566], [-80.39832, 33.94519], [-80.39842, 33.9451]]]}}]}