{"type": "FeatureCollection", "features": [{"type": "Feature", "properties": {"tract_id": "50007002800", "name": "Census Tract 28", "income_2020": 109500, "poverty_rate_2020": 2.6, "population_2020": 5105}, "geometry": {"type": "Polygon", "coordinates": [[[-73.03325, 44.43942], [-73.03323, 44.43927], [-73.03325, 44.43889], [-73.03318, 44.4386], [-73.03287, 44.43818], [-73.03253, 44.43789], [-73.03208, 44.43766], [-73.03187, 44.43753], [-73.03057, 44.4371], [-73.02873, 44.43675], [-73.02749, 44.4364], [-73.02549, 44.43567], [-73.02421, 44.43523], [-73.02309, 44.43472], [-73.02259, 44.43422], [-73.02212, 44.43376], [-73.02207, 44.43371], [-73.02153, 44.43317], [-73.02116, 44.43335], [-73.02091, 44.43348], [-73.02075, 44.43356], [-73.02066, 44.43361], [-73.02062, 44.4336], [-73.01939, 44.43355], [-73.01843, 44.4335], [-73.01769, 44.43347], [-73.01402, 44.43328], [-73.00117, 44.43269], [-73.00083, 44.43268], [-72.99838, 44.43256], [-72.99111, 44.43222], [-72.98587, 44.43198], [-72.9854, 44.43196], [-72.98488, 44.43194], [-72.98275, 44.43187], [-72.98184, 44.43184], [-72.98088, 44.4318], [-72.94324, 44.43], [-72.94123, 44.4299], [-72.94101, 44.42989], [-72.94018, 44.42986], [-72.93486, 44.42965], [-72.93368, 44.42962], [-72.93077, 44.42951], [-72.92756, 44.4294], [-72.92715, 44.42937], [-72.92392, 44.42926], [-72.91915, 44.42909], [-72.91874, 44.42907], [-72.91728, 44.43136], [-72.91709, 44.43166], [-72.91687, 44.43201], [-72.91637, 44.43279], [-72.91511, 44.43447], [-72.91121, 44.43967], [-72.91048, 44.44062], [-72.90989, 44.44141], [-72.90847, 44.4433], [-72.90827, 44.44357], [-72.90783, 44.4442], [-72.9066, 44.44597], [-72.90504, 44.44806], [-72.90474, 44.44845], [-72.90454, 44.44873], [-72.90376, 44.44945], [-72.90342, 44.44982], [-72.9011, 44.45328], [-72.90019, 44.45449], [-72.8882, 44.47032], [-72.88965, 44.47171], [-72.89502, 44.47687], [-72.89577, 44.47758], [-72.89663, 44.47841], [-72.89791, 44.47963], [-72.89954, 44.48121], [-72.90191, 44.48347], [-72.90306, 44.48458], [-72.90475, 44.48621], [-72.90724, 44.48859], [-72.90745, 44.4888], [-72.90756, 44.4889], [-72.90908, 44.49036], [-72.90921, 44.49048], [-72.91538, 44.4964], [-72.91631, 44.49723], [-72.9176, 44.49846], [-72.91776, 44.49863], [-72.91919, 44.5], [-72.92343, 44.5041], [-72.92722, 44.50777], [-72.92968, 44.5102], [-72.9299, 44.51041], [-72.93148, 44.512], [-72.93302, 44.51354], [-72.93408, 44.5146], [-72.9354, 44.51585], [-72.93618, 44.51659], [-72.93793, 44.51824], [-72.93968, 44.5199], [-72.94068, 44.52086], [-72.94074, 44.52092], [-72.94128, 44.52143], [-72.94166, 44.5218], [-72.94233, 44.52244], [-72.94257, 44.52267], [-72.94275, 44.52285], [-72.94302, 44.5231], [-72.9435, 44.52356], [-72.94388, 44.52392], [-72.94409, 44.52412], [-72.94414, 44.52417], [-72.94429, 44.52432], [-72.94448, 44.52449], [-72.9446, 44.52462], [-72.94484, 44.52485], [-72.94493, 44.52494], [-72.94509, 44.52508], [-72.94524, 44.52523], [-72.9453, 44.52529], [-72.9464, 44.52636], [-72.94867, 44.52852], [-72.95044, 44.53025], [-72.95336, 44.53301], [-72.95574, 44.5353], [-72.95925, 44.53869], [-72.96047, 44.53986], [-72.9676, 44.54675], [-72.96794, 44.5472], [-72.97116, 44.55024], [-72.97132, 44.55036], [-72.97137, 44.55029], [-72.97151, 44.5501], [-72.97189, 44.5496], [-72.97193, 44.54954], [-72.9721, 44.5493], [-72.9738, 44.54671], [-72.97546, 44.54456], [-72.97912, 44.53974], [-72.97962, 44.53905], [-72.98008, 44.53842], [-72.98051, 44.53783], [-72.98111, 44.53702], [-72.98143, 44.53658], [-72.9831, 44.53431], [-72.9844, 44.53256], [-72.98544, 44.53115], [-72.98545, 44.53113], [-72.98563, 44.53087], [-72.98573, 44.53074], [-72.98625, 44.53004], [-72.98681, 44.52928], [-72.98784, 44.52788], [-72.98807, 44.52757], [-72.99063, 44.52411], [-72.99295, 44.52097], [-72.9945, 44.51887], [-72.99499, 44.5182], [-72.99506, 44.51811], [-72.99511, 44.51804], [-72.99515, 44.518], [-72.99793, 44.51434], [-72.99859, 44.51347], [-72.99975, 44.51195], [-73.0018, 44.50924], [-73.0019, 44.5091], [-73.00217, 44.50874], [-73.00224, 44.50864], [-73.00609, 44.50339], [-73.00654, 44.50274], [-73.00905, 44.49929], [-73.00939, 44.49882], [-73.00944, 44.49875], [-73.01162, 44.49578], [-73.01511, 44.49106], [-73.0156, 44.49041], [-73.01668, 44.48894], [-73.01696, 44.48857], [-73.01744, 44.48791], [-73.01963, 44.48495], [-73.02096, 44.48315], [-73.02102, 44.48307], [-73.02142, 44.48254], [-73.02266, 44.48088], [-73.02268, 44.48085], [-73.02311, 44.48027], [-73.0239, 44.47921], [-73.02401, 44.47906], [-73.02441, 44.47853], [-73.02452, 44.47838], [-73.02746, 44.47444], [-73.02849, 44.47307], [-73.02865, 44.47319], [-73.02934, 44.47226], [-73.02918, 44.47214], [-73.03011, 44.47089], [-73.03037, 44.47053], [-73.03111, 44.46953], [-73.03161, 44.46884], [-73.0317, 44.46873], [-73.03195, 44.46836], [-73.0318, 44.46832], [-73.03057, 44.468], [-73.03036, 44.46799], [-73.02894, 44.46794], [-73.02741, 44.46757], [-73.02737, 44.46752], [-73.02732, 44.46746], [-73.02662, 44.46653], [-73.0266, 44.46598], [-73.02657, 44.46528], [-73.02648, 44.46422], [-73.0263, 44.46318], [-73.02624, 44.46305], [-73.02573, 44.46194], [-73.02432, 44.46107], [-73.02267, 44.46081], [-73.0222, 44.46056], [-73.02139, 44.46013], [-73.02128, 44.45917], [-73.02137, 44.45888], [-73.02175, 44.45812], [-73.02293, 44.45752], [-73.02416, 44.45684], [-73.02478, 44.45589], [-73.02484, 44.45579], [-73.02458, 44.45469], [-73.0236, 44.45406], [-73.02328, 44.45402], [-73.02224, 44.45389], [-73.02073, 44.45386], [-73.02012, 44.45338], [-73.0196, 44.45298], [-73.01932, 44.45251], [-73.01907, 44.4521], [-73.01897, 44.45104], [-73.01917, 44.44988], [-73.01927, 44.44913], [-73.01951, 44.44807], [-73.0196, 44.44742], [-73.0196, 44.44737], [-73.01964, 44.44715], [-73.01967, 44.44548], [-73.0197, 44.44456], [-73.01964, 44.44349], [-73.01981, 44.44299], [-73.02021, 44.44232], [-73.02043, 44.44209], [-73.02079, 44.4419], [-73.02117, 44.44189], [-73.02153, 44.44192], [-73.02219, 44.44205], [-73.02321, 44.44234], [-73.02415, 44.44252], [-73.02496, 44.44267], [-73.02571, 44.44272], [-73.02647, 44.44271], [-73.02791, 44.44254], [-73.02874, 44.44236], [-73.02926, 44.44217], [-73.03002, 44.44184], [-73.03091, 44.44123], [-73.03162, 44.44079], [-73.03286, 44.43998], [-73.03315, 44.4397], [-73.03325, 44.43942]]]}}, {"type": "Feature", "properties": {"tract_id": "50007003503", "name": "Census Tract 35.03", "income_2020": 91389, "poverty_rate_2020": 4.8, "population_2020": 1843}, "geometry": {"type": "Polygon", "coordinates": [[[-73.03279, 44.36247], [-73.03247, 44.36096], [-73.03164, 44.35701], [-73.03079, 44.35297], [-73.03061, 44.35215], [-73.03007, 44.34961], [-73.02931, 44.34604], [-73.02821, 44.34066], [-73.02798, 44.33949], [-73.0277, 44.33822], [-73.02768, 44.33811], [-73.02758, 44.33766], [-73.0275, 44.33727], [-73.02724, 44.33608], [-73.0247, 44.32412], [-73.02435, 44.3225], [-73.02394, 44.32056], [-73.02341, 44.31803], [-73.02305, 44.31632], [-73.02282, 44.31523], [-73.02269, 44.31462], [-73.02089, 44.30616], [-73.02067, 44.30511], [-73.02037, 44.30374], [-73.01917, 44.30351], [-73.01543, 44.3028], [-73.0154, 44.3028], [-73.01531, 44.30278], [-73.01368, 44.30247], [-73.01357, 44.30245], [-73.01277, 44.30229], [-73.01274, 44.30229], [-73.01271, 44.30228], [-73.01267, 44.30228], [-73.01263, 44.30227], [-73.01238, 44.30222], [-73.01237, 44.30222], [-73.01235, 44.30221], [-73.01234, 44.30221], [-73.01231, 44.30221], [-73.01228, 44.3022], [-73.01219, 44.30218], [-73.0121, 44.30217], [-73.01185, 44.30212], [-73.01182, 44.30211], [-73.0118, 44.30211], [-73.01039, 44.30184], [-73.01036, 44.30183], [-73.00585, 44.30097], [-72.99886, 44.2996], [-72.997, 44.29923], [-72.98736, 44.29731], [-72.98725, 44.29729], [-72.98722, 44.29729], [-72.98598, 44.29704], [-72.97588, 44.29504], [-72.97588, 44.29501], [-72.97586, 44.29494], [-72.97573, 44.29407], [-72.97376, 44.28181], [-72.97374, 44.28161], [-72.97344, 44.27971], [-72.97166, 44.26863], [-72.97129, 44.26641], [-72.9708, 44.26334], [-72.97032, 44.26044], [-72.96904, 44.25285], [-72.96783, 44.24561], [-72.96783, 44.2456], [-72.96783, 44.24558], [-72.96782, 44.24555], [-72.96776, 44.24518], [-72.96772, 44.24495], [-72.96772, 44.24493], [-72.96772, 44.24492], [-72.96771, 44.2449], [-72.96771, 44.24487], [-72.9677, 44.2448], [-72.96768, 44.24471], [-72.96763, 44.24442], [-72.96716, 44.24159], [-72.96715, 44.24154], [-72.96714, 44.2415], [-72.96701, 44.2407], [-72.96655, 44.23793], [-72.96651, 44.23774], [-72.96567, 44.23272], [-72.96567, 44.23269], [-72.96558, 44.23218], [-72.96546, 44.23146], [-72.96545, 44.23139], [-72.96531, 44.23064], [-72.96528, 44.23047], [-72.96525, 44.23033], [-72.96521, 44.23013], [-72.96516, 44.22986], [-72.96457, 44.22667], [-72.9645, 44.22628], [-72.96354, 44.22108], [-72.96308, 44.21856], [-72.96306, 44.21847], [-72.9627, 44.21653], [-72.9627, 44.21652], [-72.96269, 44.21648], [-72.9617, 44.21111], [-72.96152, 44.21011], [-72.96117, 44.20821], [-72.96115, 44.2081], [-72.9611, 44.20783], [-72.96108, 44.20773], [-72.96062, 44.20528], [-72.96046, 44.2044], [-72.96036, 44.20383], [-72.96035, 44.2038], [-72.96034, 44.20376], [-72.96033, 44.20371], [-72.96029, 44.20344], [-72.96025, 44.20325], [-72.95975, 44.20052], [-72.95974, 44.20046], [-72.95923, 44.19773], [-72.95885, 44.19567], [-72.9586, 44.1943], [-72.95846, 44.19355], [-72.95756, 44.18868], [-72.95736, 44.18759], [-72.95735, 44.18752], [-72.95703, 44.18578], [-72.95682, 44.18468], [-72.95497, 44.17494], [-72.95482, 44.17411], [-72.95479, 44.17399], [-72.95479, 44.17396], [-72.95473, 44.17363], [-72.95457, 44.17299], [-72.9545, 44.17269], [-72.95449, 44.17265], [-72.95394, 44.16977], [-72.95393, 44.16974], [-72.95268, 44.16373], [-72.9522, 44.16141], [-72.95128, 44.1633], [-72.95127, 44.16331], [-72.94948, 44.16699], [-72.94775, 44.17054], [-72.942, 44.18245], [-72.93554, 44.19566], [-72.93249, 44.20189], [-72.93098, 44.20499], [-72.92914, 44.20874], [-72.92569, 44.21581], [-72.92251, 44.22232], [-72.9223, 44.22273], [-72.91992, 44.22754], [-72.91758, 44.23237], [-72.91571, 44.23614], [-72.91443, 44.23875], [-72.91334, 44.24093], [-72.9066, 44.25451], [-72.90529, 44.25714], [-72.90382, 44.2601], [-72.90208, 44.2636], [-72.9014, 44.26501], [-72.90112, 44.26556], [-72.90079, 44.26626], [-72.89706, 44.27387], [-72.89588, 44.27626], [-72.89498, 44.2781], [-72.89727, 44.27861], [-72.90596, 44.28055], [-72.90303, 44.28621], [-72.9005, 44.29112], [-72.89944, 44.29312], [-72.89749, 44.29689], [-72.89577, 44.30021], [-72.89511, 44.3015], [-72.89406, 44.30352], [-72.89403, 44.30358], [-72.88922, 44.31285], [-72.88431, 44.32231], [-72.88038, 44.32985], [-72.90582, 44.33541], [-72.90656, 44.33558], [-72.91621, 44.33763], [-72.91745, 44.33789], [-72.9175, 44.3379], [-72.92957, 44.34046], [-72.93467, 44.34155], [-72.94272, 44.34334], [-72.94484, 44.34381], [-72.94709, 44.34431], [-72.95213, 44.34544], [-72.95362, 44.34574], [-72.96099, 44.34727], [-72.96543, 44.34821], [-72.96963, 44.34907], [-72.97023, 44.3492], [-72.97149, 44.34949], [-72.97706, 44.35066], [-72.97731, 44.35072], [-72.98061, 44.35141], [-72.99023, 44.35346], [-72.99106, 44.35363], [-72.99269, 44.35397], [-72.99289, 44.35401], [-72.99456, 44.35436], [-72.99473, 44.3544], [-72.99494, 44.35444], [-72.99521, 44.3545], [-73.00817, 44.35724], [-73.02675, 44.36116], [-73.03279, 44.36247]]]}}, {"type": "Feature", "properties": {"tract_id": "50007002900", "name": "Census Tract 29", "income_2020": 99103, "poverty_rate_2020": 5.2, "population_2020": 6590}, "geometry": {"type": "Polygon", "coordinates": [[[-73.0976, 44.57095], [-73.09792, 44.57051], [-73.09621, 44.57023], [-73.09069, 44.56933], [-73.09057, 44.56931], [-73.08851, 44.56897], [-73.08716, 44.56875], [-73.08481, 44.56836], [-73.08314, 44.5681], [-73.08032, 44.56764], [-73.07933, 44.56748], [-73.07568, 44.5669], [-73.07514, 44.56681], [-73.07188, 44.5663], [-73.07153, 44.56624], [-73.07084, 44.56613], [-73.06963, 44.56594], [-73.06924, 44.56588], [-73.06732, 44.56557], [-73.06669, 44.56547], [-73.0646, 44.56514], [-73.06232, 44.56478], [-73.06222, 44.56476], [-73.06208, 44.56474], [-73.06155, 44.56465], [-73.05902, 44.56426], [-73.05612, 44.56381], [-73.05464, 44.56358], [-73.05454, 44.56356], [-73.05276, 44.56327], [-73.04922, 44.56269], [-73.04764, 44.56244], [-73.04542, 44.56207], [-73.04177, 44.56147], [-73.04164, 44.56145], [-73.0415, 44.56143], [-73.04094, 44.56134], [-73.03137, 44.55977], [-73.02965, 44.5595], [-73.02888, 44.55937], [-73.0288, 44.55936], [-73.02869, 44.55935], [-73.02255, 44.55834], [-73.02189, 44.55824], [-73.0192, 44.5578], [-73.01359, 44.55688], [-73.01015, 44.55632], [-73.00422, 44.55546], [-73.00406, 44.55544], [-73.0003, 44.55487], [-72.9989, 44.55466], [-72.99632, 44.55427], [-72.99425, 44.55395], [-72.98986, 44.55329], [-72.98742, 44.55292], [-72.9862, 44.55272], [-72.98612, 44.55271], [-72.98168, 44.55206], [-72.97663, 44.55129], [-72.97137, 44.5504], [-72.97132, 44.55036], [-72.97116, 44.55024], [-72.96794, 44.5472], [-72.9676, 44.54675], [-72.96047, 44.53986], [-72.95925, 44.53869], [-72.95574, 44.5353], [-72.95336, 44.53301], [-72.95044, 44.53025], [-72.94867, 44.52852], [-72.9464, 44.52636], [-72.9453, 44.52529], [-72.94524, 44.52523], [-72.94509, 44.52508], [-72.94493, 44.52494], [-72.94484, 44.52485], [-72.9446, 44.52462], [-72.94448, 44.52449], [-72.94429, 44.52432], [-72.94414, 44.52417], [-72.94409, 44.52412], [-72.94388, 44.52392], [-72.9435, 44.52356], [-72.94302, 44.5231], [-72.94275, 44.52285], [-72.94257, 44.52267], [-72.94233, 44.52244], [-72.94166, 44.5218], [-72.94128, 44.52143], [-72.94074, 44.52092], [-72.94068, 44.52086], [-72.93968, 44.5199], [-72.93793, 44.51824], [-72.93618, 44.51659], [-72.9354, 44.51585], [-72.93408, 44.5146], [-72.93302, 44.51354], [-72.93148, 44.512], [-72.9299, 44.51041], [-72.92968, 44.5102], [-72.92722, 44.50777], [-72.92343, 44.5041], [-72.91919, 44.5], [-72.91776, 44.49863], [-72.9176, 44.49846], [-72.91631, 44.49723], [-72.91538, 44.4964], [-72.90921, 44.49048], [-72.90908, 44.49036], [-72.90756, 44.4889], [-72.90745, 44.4888], [-72.90724, 44.48859], [-72.90475, 44.48621], [-72.90306, 44.48458], [-72.90191, 44.48347], [-72.89954, 44.48121], [-72.89791, 44.47963], [-72.89663, 44.47841], [-72.89577, 44.47758], [-72.89502, 44.47687], [-72.88965, 44.47171], [-72.8882, 44.47032], [-72.90019, 44.45449], [-72.9011, 44.45328], [-72.90342, 44.44982], [-72.90376, 44.44945], [-72.90454, 44.44873], [-72.90474, 44.44845], [-72.90504, 44.44806], [-72.9066, 44.44597], [-72.90783, 44.4442], [-72.90827, 44.44357], [-72.90847, 44.4433], [-72.90989, 44.44141], [-72.91048, 44.44062], [-72.91121, 44.43967], [-72.91511, 44.43447], [-72.91637, 44.43279], [-72.91687, 44.43201], [-72.91709, 44.43166], [-72.91728, 44.43136], [-72.91874, 44.42907], [-72.91885, 44.42866], [-72.91884, 44.42866], [-72.92114, 44.42051], [-72.92163, 44.41874], [-72.92173, 44.41841], [-72.9221, 44.41711], [-72.92218, 44.41681], [-72.92282, 44.41453], [-72.9233, 44.41279], [-72.92387, 44.41075], [-72.92602, 44.4031], [-72.92667, 44.40099], [-72.92683, 44.40046], [-72.92688, 44.40029], [-72.92701, 44.39988], [-72.92723, 44.39918], [-72.92744, 44.39858], [-72.92854, 44.39541], [-72.92854, 44.3954], [-72.92853, 44.39539], [-72.92856, 44.39535], [-72.9289, 44.39444], [-72.93131, 44.38814], [-72.93166, 44.38723], [-72.93264, 44.3846], [-72.93288, 44.38397], [-72.93305, 44.3835], [-72.93328, 44.38292], [-72.93346, 44.38245], [-72.93353, 44.38226], [-72.93361, 44.38205], [-72.93382, 44.38149], [-72.93393, 44.38121], [-72.93406, 44.38088], [-72.93417, 44.38057], [-72.93446, 44.37983], [-72.93618, 44.37529], [-72.93832, 44.37128], [-72.94018, 44.36788], [-72.94266, 44.36333], [-72.94556, 44.3578], [-72.94635, 44.35632], [-72.95213, 44.34544], [-72.94709, 44.34431], [-72.94484, 44.34381], [-72.94272, 44.34334], [-72.93467, 44.34155], [-72.92957, 44.34046], [-72.9175, 44.3379], [-72.91745, 44.33789], [-72.91621, 44.33763], [-72.90656, 44.33558], [-72.90582, 44.33541], [-72.88038, 44.32985], [-72.87772, 44.33504], [-72.87374, 44.34277], [-72.87097, 44.3481], [-72.87013, 44.34972], [-72.8628, 44.36391], [-72.86207, 44.36534], [-72.86179, 44.36587], [-72.86154, 44.36635], [-72.86125, 44.3669], [-72.86102, 44.36683], [-72.86079, 44.36675], [-72.86056, 44.36668], [-72.86032, 44.36661], [-72.86009, 44.36654], [-72.85985, 44.36648], [-72.85974, 44.36645], [-72.85963, 44.36642], [-72.8594, 44.36636], [-72.85916, 44.36631], [-72.85893, 44.36626], [-72.8587, 44.36622], [-72.85846, 44.36618], [-72.8582, 44.36614], [-72.85794, 44.3661], [-72.85767, 44.36606], [-72.85741, 44.36602], [-72.85714, 44.36598], [-72.85688, 44.36593], [-72.85666, 44.36588], [-72.85643, 44.36582], [-72.85621, 44.36577], [-72.85599, 44.36571], [-72.85577, 44.36565], [-72.85555, 44.36559], [-72.85531, 44.36549], [-72.85508, 44.36539], [-72.85484, 44.36529], [-72.85461, 44.36519], [-72.85437, 44.36509], [-72.85414, 44.36499], [-72.85388, 44.36487], [-72.85369, 44.36478], [-72.85349, 44.36469], [-72.85323, 44.36456], [-72.85298, 44.36443], [-72.85272, 44.36431], [-72.85246, 44.36418], [-72.85219, 44.36405], [-72.85192, 44.36392], [-72.85165, 44.3638], [-72.85138, 44.36367], [-72.8511, 44.36355], [-72.85085, 44.36344], [-72.85061, 44.36334], [-72.85037, 44.36325], [-72.85013, 44.36317], [-72.84988, 44.36309], [-72.84963, 44.36302], [-72.84935, 44.36296], [-72.84905, 44.36291], [-72.84874, 44.36287], [-72.84843, 44.36283], [-72.84812, 44.3628], [-72.84765, 44.36275], [-72.84734, 44.36271], [-72.84705, 44.36266], [-72.84681, 44.36263], [-72.84657, 44.36259], [-72.84633, 44.36256], [-72.8461, 44.36253], [-72.8459, 44.36251], [-72.8457, 44.36249], [-72.8455, 44.36247], [-72.84529, 44.36246], [-72.84509, 44.36245], [-72.84488, 44.36243], [-72.84469, 44.3624], [-72.84439, 44.36235], [-72.8442, 44.36231], [-72.84401, 44.36226], [-72.84383, 44.36221], [-72.84364, 44.36213], [-72.84346, 44.36205], [-72.84328, 44.36196], [-72.8431, 44.36188], [-72.84292, 44.3618], [-72.84274, 44.36173], [-72.8425, 44.36166], [-72.84225, 44.3616], [-72.842, 44.36157], [-72.84164, 44.36151], [-72.84136, 44.36149], [-72.84111, 44.36146], [-72.84088, 44.36142], [-72.84065, 44.36138], [-72.84042, 44.36134], [-72.84019, 44.36129], [-72.83996, 44.36124], [-72.83973, 44.36119], [-72.83948, 44.36114], [-72.83924, 44.36108], [-72.83899, 44.36101], [-72.83875, 44.36094], [-72.83856, 44.36088], [-72.83839, 44.36083], [-72.83817, 44.36075], [-72.83773, 44.36058], [-72.8375, 44.3605], [-72.83727, 44.36043], [-72.83704, 44.36037], [-72.8369, 44.36034], [-72.83676, 44.36032], [-72.83655, 44.36029], [-72.83647, 44.36028], [-72.8364, 44.36027], [-72.83633, 44.36026], [-72.83627, 44.36026], [-72.83623, 44.36025], [-72.8362, 44.36024], [-72.83603, 44.3602], [-72.83589, 44.36017], [-72.83574, 44.36014], [-72.83559, 44.36009], [-72.83545, 44.36005], [-72.83532, 44.35999], [-72.83516, 44.35992], [-72.835, 44.35985], [-72.83485, 44.35976], [-72.83468, 44.35966], [-72.83449, 44.35955], [-72.83435, 44.35947], [-72.83421, 44.35939], [-72.83407, 44.35931], [-72.83393, 44.35923], [-72.83378, 44.35916], [-72.83363, 44.35909], [-72.83348, 44.35901], [-72.83333, 44.35894], [-72.83317, 44.35887], [-72.833, 44.35881], [-72.83283, 44.35877], [-72.83266, 44.35874], [-72.8325, 44.35874], [-72.83237, 44.35874], [-72.83223, 44.35876], [-72.8321, 44.35879], [-72.83197, 44.35883], [-72.83184, 44.35887], [-72.83172, 44.35892], [-72.8316, 44.35898], [-72.83149, 44.35904], [-72.83138, 44.35911], [-72.83127, 44.35917], [-72.83116, 44.35923], [-72.83103, 44.3593], [-72.8309, 44.35936], [-72.83083, 44.35939], [-72.83074, 44.35943], [-72.83069, 44.35945], [-72.83061, 44.35948], [-72.83054, 44.35951], [-72.83046, 44.35954], [-72.83039, 44.35956], [-72.83032, 44.35959], [-72.83024, 44.35962], [-72.83014, 44.35967], [-72.83004, 44.35971], [-72.82994, 44.35976], [-72.82984, 44.35982], [-72.82974, 44.35987], [-72.82964, 44.35992], [-72.82954, 44.35998], [-72.82944, 44.36005], [-72.82934, 44.36011], [-72.82924, 44.36017], [-72.82913, 44.36022], [-72.82902, 44.36028], [-72.82889, 44.36032], [-72.82869, 44.36039], [-72.82848, 44.36042], [-72.82837, 44.36043], [-72.82827, 44.36043], [-72.82821, 44.36042], [-72.82804, 44.3604], [-72.82788, 44.36036], [-72.82773, 44.36029], [-72.82759, 44.36022], [-72.82745, 44.36014], [-72.82731, 44.36006], [-72.82719, 44.35997], [-72.82702, 44.35985], [-72.82686, 44.35973], [-72.82667, 44.35957], [-72.82636, 44.35934], [-72.82613, 44.35916], [-72.82596, 44.35902], [-72.8259, 44.3591], [-72.82583, 44.35919], [-72.82578, 44.35924], [-72.82528, 44.35989], [-72.8252, 44.35999], [-72.82509, 44.36013], [-72.82353, 44.3621], [-72.82303, 44.36273], [-72.82118, 44.36509], [-72.81824, 44.3688], [-72.81496, 44.37291], [-72.81305, 44.37527], [-72.80874, 44.38068], [-72.80237, 44.38858], [-72.80502, 44.38968], [-72.83048, 44.39978], [-72.83778, 44.40265], [-72.83904, 44.40315], [-72.83983, 44.40345], [-72.83645, 44.40781], [-72.836, 44.40839], [-72.83426, 44.41065], [-72.83388, 44.41114], [-72.83332, 44.41185], [-72.83201, 44.41357], [-72.8306, 44.41543], [-72.82407, 44.42468], [-72.82231, 44.42717], [-72.82047, 44.42977], [-72.8152, 44.43723], [-72.81507, 44.43741], [-72.81396, 44.43899], [-72.81378, 44.43923], [-72.81229, 44.44135], [-72.80988, 44.44476], [-72.80499, 44.45168], [-72.80486, 44.45188], [-72.80696, 44.45235], [-72.81076, 44.45319], [-72.82194, 44.45567], [-72.8383, 44.45929], [-72.83722, 44.46072], [-72.8304, 44.46998], [-72.83027, 44.47015], [-72.83012, 44.47035], [-72.82981, 44.47077], [-72.82937, 44.47138], [-72.82927, 44.47151], [-72.82918, 44.47162], [-72.8273, 44.47418], [-72.82366, 44.47912], [-72.82364, 44.47914], [-72.82197, 44.48141], [-72.81369, 44.49265], [-72.81037, 44.49715], [-72.8061, 44.50293], [-72.80482, 44.50468], [-72.80368, 44.50622], [-72.80364, 44.50628], [-72.80464, 44.50666], [-72.80898, 44.50828], [-72.81067, 44.50891], [-72.81216, 44.50946], [-72.81746, 44.51146], [-72.82019, 44.51247], [-72.82658, 44.51486], [-72.82675, 44.51492], [-72.82696, 44.515], [-72.83076, 44.51643], [-72.80996, 44.54671], [-72.81005, 44.54673], [-72.81014, 44.54675], [-72.82704, 44.55069], [-72.82846, 44.55195], [-72.82874, 44.5522], [-72.82909, 44.55251], [-72.83374, 44.55684], [-72.84455, 44.56694], [-72.84778, 44.57009], [-72.85025, 44.57209], [-72.85156, 44.57332], [-72.85574, 44.57722], [-72.85836, 44.57968], [-72.85843, 44.57974], [-72.86325, 44.58461], [-72.86343, 44.58477], [-72.8635, 44.58485], [-72.86543, 44.5868], [-72.86671, 44.58809], [-72.86708, 44.58846], [-72.86713, 44.58852], [-72.8672, 44.58861], [-72.87441, 44.59588], [-72.87767, 44.59918], [-72.87919, 44.60071], [-72.88375, 44.60525], [-72.89055, 44.61201], [-72.8949, 44.61633], [-72.8978, 44.61922], [-72.89956, 44.62094], [-72.90075, 44.6221], [-72.9026, 44.62387], [-72.90417, 44.62531], [-72.90444, 44.62555], [-72.90448, 44.62559], [-72.90627, 44.62742], [-72.90668, 44.62784], [-72.90684, 44.62801], [-72.90773, 44.62891], [-72.90996, 44.6312], [-72.91045, 44.63109], [-72.91585, 44.63193], [-72.91597, 44.63196], [-72.91606, 44.63198], [-72.92278, 44.63306], [-72.92378, 44.63321], [-72.92398, 44.63325], [-72.92441, 44.63331], [-72.92831, 44.63393], [-72.92861, 44.63399], [-72.93168, 44.63445], [-72.93577, 44.63508], [-72.9361, 44.63513], [-72.93723, 44.6353], [-72.94253, 44.63611], [-72.95241, 44.63767], [-72.96183, 44.63915], [-72.96633, 44.63985], [-72.96662, 44.6399], [-72.96868, 44.64024], [-72.97131, 44.64065], [-72.97854, 44.64181], [-72.97928, 44.64192], [-72.98089, 44.64217], [-72.98279, 44.64246], [-72.98353, 44.64257], [-72.98401, 44.64265], [-72.98754, 44.64323], [-72.98782, 44.64327], [-72.98787, 44.64328], [-72.98835, 44.64335], [-72.98835, 44.64336], [-72.98928, 44.64352], [-72.99366, 44.64424], [-72.99421, 44.64433], [-72.99433, 44.64436], [-72.99507, 44.64446], [-72.99836, 44.64492], [-72.99843, 44.64493], [-72.99867, 44.64496], [-73.00119, 44.64533], [-73.00192, 44.64544], [-73.00209, 44.64547], [-73.00219, 44.64548], [-73.00622, 44.64606], [-73.00929, 44.6465], [-73.00942, 44.64652], [-73.01039, 44.64669], [-73.01061, 44.64672], [-73.01076, 44.64675], [-73.01417, 44.64732], [-73.01419, 44.64732], [-73.01495, 44.64744], [-73.01506, 44.64746], [-73.016, 44.64762], [-73.01637, 44.64767], [-73.01821, 44.64799], [-73.02384, 44.64892], [-73.02433, 44.649], [-73.02626, 44.64932], [-73.02897, 44.64977], [-73.03373, 44.65059], [-73.03783, 44.65128], [-73.03803, 44.65116], [-73.03794, 44.65114], [-73.03803, 44.65102], [-73.04223, 44.64536], [-73.04461, 44.64218], [-73.0447, 44.64206], [-73.04747, 44.6383], [-73.04805, 44.63751], [-73.04865, 44.6367], [-73.04943, 44.63564], [-73.05291, 44.63093], [-73.06005, 44.62133], [-73.06197, 44.61875], [-73.06454, 44.6153], [-73.07077, 44.60692], [-73.07587, 44.60005], [-73.08911, 44.58249], [-73.09042, 44.58073], [-73.09054, 44.58058], [-73.09132, 44.57952], [-73.09242, 44.57806], [-73.09371, 44.57632], [-73.09447, 44.57528], [-73.0976, 44.57095]]]}}, {"type": "Feature", "properties": {"tract_id": "50007003502", "name": "Census Tract 35.02", "income_2020": 113333, "poverty_rate_2020": 5.0, "population_2020": 5510}, "geometry": {"type": "Polygon", "coordinates": [[[-73.16529, 44.36221], [-73.16514, 44.36157], [-73.16493, 44.36061], [-73.16491, 44.36052], [-73.1638, 44.35583], [-73.16288, 44.35188], [-73.16057, 44.3421], [-73.16049, 44.34178], [-73.16029, 44.341], [-73.15966, 44.33852], [-73.15918, 44.33664], [-73.15912, 44.33641], [-73.15864, 44.33441], [-73.15852, 44.33392], [-73.15845, 44.3336], [-73.1584, 44.3334], [-73.15812, 44.33222], [-73.15709, 44.32788], [-73.15701, 44.32753], [-73.15695, 44.3273], [-73.15683, 44.32679], [-73.15584, 44.32261], [-73.15583, 44.32257], [-73.1558, 44.32245], [-73.15539, 44.32058], [-73.15505, 44.319], [-73.1538, 44.31328], [-73.15253, 44.30762], [-73.15244, 44.30719], [-73.1516, 44.30357], [-73.15122, 44.30195], [-73.15091, 44.30058], [-73.15081, 44.30016], [-73.1502, 44.29754], [-73.15018, 44.29745], [-73.149, 44.29188], [-73.14884, 44.29114], [-73.14847, 44.28931], [-73.14846, 44.28925], [-73.14845, 44.28919], [-73.14748, 44.28436], [-73.14525, 44.27337], [-73.14508, 44.2734], [-73.14384, 44.27361], [-73.13937, 44.27421], [-73.13933, 44.27422], [-73.1393, 44.27422], [-73.13907, 44.27426], [-73.13902, 44.27426], [-73.13882, 44.27429], [-73.13557, 44.27473], [-73.13308, 44.27506], [-73.13095, 44.27534], [-73.13074, 44.27537], [-73.13051, 44.2754], [-73.12851, 44.27566], [-73.12675, 44.2759], [-73.12317, 44.27636], [-73.11912, 44.27691], [-73.11706, 44.27718], [-73.11702, 44.27719], [-73.11651, 44.27725], [-73.11479, 44.27747], [-73.11323, 44.27768], [-73.11306, 44.2777], [-73.11289, 44.27771], [-73.11269, 44.27773], [-73.11249, 44.27775], [-73.11242, 44.27775], [-73.1123, 44.27777], [-73.11223, 44.27776], [-73.11219, 44.27775], [-73.11214, 44.27774], [-73.11212, 44.27774], [-73.11212, 44.27777], [-73.1121, 44.27781], [-73.11208, 44.27783], [-73.11208, 44.27784], [-73.1112, 44.27795], [-73.11109, 44.27797], [-73.11108, 44.27797], [-73.11019, 44.2781], [-73.11004, 44.27812], [-73.10989, 44.27814], [-73.10973, 44.27816], [-73.10963, 44.27818], [-73.10765, 44.27844], [-73.10755, 44.27846], [-73.10675, 44.27856], [-73.10611, 44.27865], [-73.10603, 44.27866], [-73.10473, 44.27883], [-73.10345, 44.27901], [-73.10266, 44.27912], [-73.10195, 44.27922], [-73.10194, 44.27922], [-73.1019, 44.27923], [-73.10186, 44.27924], [-73.10129, 44.27932], [-73.10125, 44.27932], [-73.0966, 44.27998], [-73.09647, 44.28], [-73.09635, 44.28002], [-73.09454, 44.28026], [-73.09049, 44.28084], [-73.08982, 44.28093], [-73.08971, 44.28095], [-73.08961, 44.28096], [-73.08956, 44.28097], [-73.08954, 44.28097], [-73.08719, 44.28131], [-73.0865, 44.2814], [-73.08442, 44.2817], [-73.08439, 44.28171], [-73.0835, 44.28184], [-73.08237, 44.28202], [-73.08099, 44.28222], [-73.08061, 44.28228], [-73.08054, 44.28229], [-73.08049, 44.2823], [-73.08034, 44.28232], [-73.08006, 44.28236], [-73.07799, 44.28269], [-73.07729, 44.2828], [-73.07639, 44.28294], [-73.07591, 44.28302], [-73.07525, 44.28312], [-73.07511, 44.28314], [-73.07439, 44.28325], [-73.07265, 44.28352], [-73.07245, 44.28355], [-73.07241, 44.28356], [-73.0723, 44.28358], [-73.07221, 44.28359], [-73.07206, 44.28362], [-73.07204, 44.28362], [-73.07059, 44.28386], [-73.07059, 44.28383], [-73.07034, 44.28222], [-73.07029, 44.2819], [-73.07028, 44.28181], [-73.07003, 44.28006], [-73.07001, 44.27993], [-73.06901, 44.28003], [-73.06876, 44.28005], [-73.06846, 44.28009], [-73.06696, 44.28024], [-73.06498, 44.28044], [-73.06488, 44.28046], [-73.06454, 44.28049], [-73.06078, 44.28088], [-73.05668, 44.28131], [-73.0553, 44.28144], [-73.05511, 44.28145], [-73.05254, 44.28171], [-73.04852, 44.28212], [-73.0421, 44.28276], [-73.038, 44.28317], [-73.03185, 44.28379], [-73.0294, 44.28404], [-73.02922, 44.28406], [-73.02919, 44.28406], [-73.0257, 44.28441], [-73.02318, 44.28467], [-73.02288, 44.2847], [-73.02076, 44.28493], [-73.02057, 44.28494], [-73.02047, 44.28495], [-73.01941, 44.28507], [-73.01737, 44.28526], [-73.01652, 44.28536], [-73.0173, 44.28911], [-73.01756, 44.29033], [-73.01765, 44.29072], [-73.01766, 44.29077], [-73.01766, 44.29079], [-73.01767, 44.2908], [-73.01775, 44.29117], [-73.01776, 44.29124], [-73.01778, 44.29134], [-73.01779, 44.29139], [-73.01825, 44.2935], [-73.01886, 44.29644], [-73.01941, 44.29914], [-73.01988, 44.30137], [-73.02003, 44.30211], [-73.0201, 44.30243], [-73.02026, 44.3032], [-73.02027, 44.30323], [-73.02029, 44.30332], [-73.02037, 44.30374], [-73.02067, 44.30511], [-73.02089, 44.30616], [-73.02269, 44.31462], [-73.02282, 44.31523], [-73.02305, 44.31632], [-73.02341, 44.31803], [-73.02394, 44.32056], [-73.02435, 44.3225], [-73.0247, 44.32412], [-73.02724, 44.33608], [-73.0275, 44.33727], [-73.02758, 44.33766], [-73.02768, 44.33811], [-73.0277, 44.33822], [-73.02798, 44.33949], [-73.02821, 44.34066], [-73.02931, 44.34604], [-73.03007, 44.34961], [-73.03061, 44.35215], [-73.03079, 44.35297], [-73.03164, 44.35701], [-73.03247, 44.36096], [-73.03279, 44.36247], [-73.03539, 44.37496], [-73.04596, 44.37388], [-73.0488, 44.37359], [-73.05221, 44.37324], [-73.05565, 44.3729], [-73.05821, 44.37264], [-73.06216, 44.37224], [-73.06324, 44.37213], [-73.06353, 44.3721], [-73.06478, 44.37197], [-73.07974, 44.37046], [-73.08144, 44.37029], [-73.08252, 44.37018], [-73.08457, 44.36997], [-73.08613, 44.36981], [-73.0878, 44.36966], [-73.08925, 44.36954], [-73.09286, 44.37289], [-73.09331, 44.37337], [-73.09498, 44.37493], [-73.09542, 44.37529], [-73.09864, 44.37836], [-73.10207, 44.38159], [-73.10556, 44.38485], [-73.10579, 44.38506], [-73.11358, 44.39236], [-73.11649, 44.39508], [-73.11897, 44.39573], [-73.11963, 44.39589], [-73.12319, 44.39678], [-73.12673, 44.39766], [-73.12795, 44.39799], [-73.13352, 44.3995], [-73.13838, 44.40081], [-73.14068, 44.40143], [-73.1411, 44.40154], [-73.14166, 44.4017], [-73.14166, 44.40167], [-73.14162, 44.40149], [-73.14161, 44.40142], [-73.14159, 44.40131], [-73.1404, 44.39521], [-73.14026, 44.39447], [-73.14021, 44.39425], [-73.14016, 44.39405], [-73.13946, 44.39085], [-73.13907, 44.38906], [-73.13839, 44.38598], [-73.13696, 44.37945], [-73.13671, 44.37831], [-73.13668, 44.37827], [-73.13661, 44.3782], [-73.13646, 44.37758], [-73.13625, 44.37665], [-73.1355, 44.37341], [-73.13379, 44.36604], [-73.13347, 44.36464], [-73.13673, 44.36431], [-73.13883, 44.36409], [-73.14076, 44.3639], [-73.14315, 44.36363], [-73.14443, 44.3635], [-73.14555, 44.36337], [-73.14711, 44.3632], [-73.14895, 44.363], [-73.15042, 44.36282], [-73.15183, 44.36266], [-73.15212, 44.36262], [-73.15232, 44.3626], [-73.1571, 44.3621], [-73.15803, 44.362], [-73.15831, 44.36308], [-73.16178, 44.36265], [-73.16184, 44.36264], [-73.16529, 44.36221]]]}}, {"type": "Feature", "properties": {"tract_id": "50007002502", "name": "Census Tract 25.02", "income_2020": 72762, "poverty_rate_2020": 17.5, "population_2020": 2203}, "geometry": {"type": "Polygon", "coordinates": [[[-73.20171, 44.49113], [-73.20169, 44.49108], [-73.20153, 44.49074], [-73.20135, 44.49042], [-73.20112, 44.49017], [-73.20069, 44.48993], [-73.20045, 44.48983], [-73.20012, 44.4897], [-73.19944, 44.48952], [-73.19873, 44.48942], [-73.19799, 44.48933], [-73.197, 44.48919], [-73.19684, 44.48917], [-73.19634, 44.48911], [-73.19586, 44.48912], [-73.19544, 44.48919], [-73.19507, 44.48928], [-73.19448, 44.48933], [-73.19389, 44.48941], [-73.1934, 44.48951], [-73.193, 44.48963], [-73.19268, 44.48977], [-73.1924, 44.48987], [-73.19202, 44.48986], [-73.19167, 44.4898], [-73.19146, 44.4897], [-73.19139, 44.48962], [-73.19131, 44.48952], [-73.1912, 44.48934], [-73.19093, 44.48916], [-73.19052, 44.489], [-73.19001, 44.48885], [-73.18963, 44.48875], [-73.1892, 44.48856], [-73.18905, 44.48837], [-73.18899, 44.48812], [-73.189, 44.48806], [-73.18902, 44.48793], [-73.18902, 44.48775], [-73.18902, 44.48773], [-73.18894, 44.48749], [-73.18887, 44.48741], [-73.18881, 44.48735], [-73.18861, 44.48731], [-73.18839, 44.48737], [-73.18831, 44.48744], [-73.18818, 44.48755], [-73.18798, 44.48776], [-73.18764, 44.48806], [-73.18742, 44.48832], [-73.18731, 44.4885], [-73.18729, 44.48864], [-73.18727, 44.48873], [-73.18715, 44.48893], [-73.187, 44.48904], [-73.18678, 44.48911], [-73.18663, 44.48913], [-73.18653, 44.48914], [-73.18627, 44.48914], [-73.18556, 44.4891], [-73.18503, 44.4891], [-73.18481, 44.48909], [-73.18449, 44.48907], [-73.1838, 44.48906], [-73.1833, 44.48907], [-73.18307, 44.48905], [-73.18291, 44.48904], [-73.18276, 44.48902], [-73.18267, 44.48901], [-73.18259, 44.48898], [-73.18233, 44.48889], [-73.18216, 44.48873], [-73.18211, 44.48866], [-73.18199, 44.48849], [-73.18188, 44.48826], [-73.18188, 44.48821], [-73.18184, 44.48791], [-73.18185, 44.48746], [-73.18186, 44.4872], [-73.18186, 44.4871], [-73.18187, 44.48692], [-73.18185, 44.48663], [-73.18179, 44.48632], [-73.18173, 44.48603], [-73.1817, 44.48593], [-73.18166, 44.48578], [-73.18159, 44.48556], [-73.18147, 44.48533], [-73.18133, 44.48515], [-73.18108, 44.48491], [-73.1809, 44.48476], [-73.18065, 44.48461], [-73.18013, 44.48439], [-73.17999, 44.48435], [-73.17988, 44.48432], [-73.17955, 44.48422], [-73.17896, 44.48411], [-73.17827, 44.48411], [-73.17759, 44.48421], [-73.17697, 44.48437], [-73.17691, 44.48438], [-73.17653, 44.48452], [-73.17635, 44.48459], [-73.1762, 44.48464], [-73.17612, 44.48467], [-73.1757, 44.48485], [-73.17547, 44.48494], [-73.17518, 44.48504], [-73.17473, 44.48524], [-73.17436, 44.48543], [-73.17401, 44.48561], [-73.17397, 44.48563], [-73.17368, 44.48578], [-73.17357, 44.48584], [-73.17325, 44.48607], [-73.17299, 44.48635], [-73.17274, 44.48673], [-73.17253, 44.48717], [-73.17245, 44.48757], [-73.17232, 44.48784], [-73.17211, 44.48808], [-73.17206, 44.48814], [-73.17127, 44.48879], [-73.17088, 44.48907], [-73.17098, 44.4892], [-73.17116, 44.48991], [-73.17105, 44.49073], [-73.17088, 44.49193], [-73.17081, 44.49242], [-73.17069, 44.49329], [-73.17078, 44.4933], [-73.17099, 44.4933], [-73.17108, 44.49327], [-73.17113, 44.49327], [-73.17116, 44.49327], [-73.17165, 44.49325], [-73.17173, 44.49325], [-73.17188, 44.49325], [-73.17192, 44.49325], [-73.17207, 44.49325], [-73.17263, 44.49324], [-73.17266, 44.49323], [-73.17269, 44.49323], [-73.17314, 44.49321], [-73.17341, 44.4932], [-73.17343, 44.4932], [-73.1737, 44.4932], [-73.17409, 44.49319], [-73.17413, 44.49319], [-73.17446, 44.49317], [-73.17465, 44.49317], [-73.17473, 44.49317], [-73.17515, 44.49316], [-73.17527, 44.49316], [-73.17538, 44.49318], [-73.17602, 44.49312], [-73.17646, 44.49308], [-73.17689, 44.49302], [-73.17733, 44.49294], [-73.17744, 44.49293], [-73.17768, 44.49286], [-73.17797, 44.49279], [-73.17828, 44.49272], [-73.17862, 44.49263], [-73.17883, 44.49257], [-73.17915, 44.4926], [-73.1798, 44.49259], [-73.18025, 44.49257], [-73.1823, 44.49243], [-73.18373, 44.49233], [-73.1841, 44.49231], [-73.18647, 44.49219], [-73.18654, 44.49218], [-73.1869, 44.49215], [-73.18801, 44.49207], [-73.18959, 44.49197], [-73.19131, 44.49185], [-73.193, 44.49173], [-73.19545, 44.49159], [-73.1977, 44.49142], [-73.20125, 44.49116], [-73.20165, 44.49113], [-73.20171, 44.49113]]]}}, {"type": "Feature", "properties": {"tract_id": "50007002501", "name": "Census Tract 25.01", "income_2020": 57990, "poverty_rate_2020": 17.4, "population_2020": 2431}, "geometry": {"type": "Polygon", "coordinates": [[[-73.18654, 44.49245], [-73.18654, 44.49218], [-73.18647, 44.49219], [-73.1841, 44.49231], [-73.18373, 44.49233], [-73.1823, 44.49243], [-73.18025, 44.49257], [-73.1798, 44.49259], [-73.17915, 44.4926], [-73.17883, 44.49257], [-73.17862, 44.49263], [-73.17828, 44.49272], [-73.17797, 44.49279], [-73.17768, 44.49286], [-73.17744, 44.49293], [-73.17733, 44.49294], [-73.17689, 44.49302], [-73.17646, 44.49308], [-73.17602, 44.49312], [-73.17538, 44.49318], [-73.17527, 44.49316], [-73.17515, 44.49316], [-73.17473, 44.49317], [-73.17465, 44.49317], [-73.17446, 44.49317], [-73.17413, 44.49319], [-73.17409, 44.49319], [-73.1737, 44.4932], [-73.17343, 44.4932], [-73.17341, 44.4932], [-73.17314, 44.49321], [-73.17269, 44.49323], [-73.17266, 44.49323], [-73.17263, 44.49324], [-73.17207, 44.49325], [-73.17192, 44.49325], [-73.17188, 44.49325], [-73.17173, 44.49325], [-73.17165, 44.49325], [-73.17116, 44.49327], [-73.17113, 44.49327], [-73.1711, 44.49335], [-73.17109, 44.49339], [-73.17053, 44.4941], [-73.16826, 44.4971], [-73.16822, 44.49715], [-73.16791, 44.49756], [-73.16785, 44.49755], [-73.16738, 44.49746], [-73.16736, 44.49749], [-73.1673, 44.49756], [-73.16628, 44.49889], [-73.1663, 44.49889], [-73.16633, 44.4989], [-73.16862, 44.49981], [-73.16816, 44.50042], [-73.17057, 44.50134], [-73.17096, 44.50087], [-73.17209, 44.49945], [-73.17235, 44.49913], [-73.1726, 44.49882], [-73.17333, 44.49911], [-73.17362, 44.49922], [-73.17394, 44.49935], [-73.17489, 44.49971], [-73.17558, 44.49997], [-73.18231, 44.50245], [-73.18243, 44.50249], [-73.18246, 44.50242], [-73.18267, 44.50191], [-73.18292, 44.50132], [-73.18317, 44.50073], [-73.18318, 44.5007], [-73.18331, 44.50042], [-73.18336, 44.50028], [-73.18345, 44.50011], [-73.18364, 44.49971], [-73.18375, 44.49951], [-73.18425, 44.49856], [-73.18453, 44.49794], [-73.1848, 44.49741], [-73.18512, 44.4968], [-73.18521, 44.49662], [-73.18533, 44.49638], [-73.18551, 44.49602], [-73.1857, 44.49567], [-73.18595, 44.4952], [-73.18619, 44.49478], [-73.18631, 44.49457], [-73.18637, 44.49443], [-73.18645, 44.49425], [-73.18649, 44.49411], [-73.18652, 44.49397], [-73.18652, 44.49378], [-73.18652, 44.49366], [-73.18654, 44.49334], [-73.18653, 44.49295], [-73.18653, 44.49281], [-73.18654, 44.49245]]]}}, {"type": "Feature", "properties": {"tract_id": "50007004100", "name": "Census Tract 41", "income_2020": 32899, "poverty_rate_2020": 61.5, "population_2020": 2560}, "geometry": {"type": "Polygon", "coordinates": [[[-73.21121, 44.48051], [-73.21115, 44.47936], [-73.21114, 44.47905], [-73.21113, 44.47886], [-73.2111, 44.47826], [-73.21105, 44.47716], [-73.21102, 44.47688], [-73.211, 44.47617], [-73.211, 44.476], [-73.20896, 44.47606], [-73.20851, 44.47609], [-73.20813, 44.47611], [-73.20657, 44.47616], [-73.20639, 44.47616], [-73.20599, 44.47617], [-73.2055, 44.47618], [-73.20414, 44.47624], [-73.2039, 44.47625], [-73.20371, 44.47626], [-73.20343, 44.47627], [-73.20299, 44.47629], [-73.20302, 44.47705], [-73.20304, 44.47736], [-73.20306, 44.47763], [-73.20314, 44.47836], [-73.20326, 44.47911], [-73.20331, 44.47961], [-73.20334, 44.48003], [-73.20339, 44.4804], [-73.20339, 44.48073], [-73.20367, 44.48071], [-73.20513, 44.48068], [-73.20569, 44.48066], [-73.20573, 44.48066], [-73.20599, 44.48066], [-73.20636, 44.48064], [-73.20672, 44.48063], [-73.20719, 44.48063], [-73.2075, 44.48062], [-73.20774, 44.4806], [-73.20796, 44.4806], [-73.20811, 44.48059], [-73.20825, 44.48059], [-73.20854, 44.48058], [-73.20876, 44.48058], [-73.20933, 44.48056], [-73.20949, 44.48054], [-73.20978, 44.48053], [-73.20985, 44.48053], [-73.20999, 44.48053], [-73.21015, 44.48053], [-73.21035, 44.48052], [-73.21114, 44.4805], [-73.21121, 44.48051]]]}}, {"type": "Feature", "properties": {"tract_id": "50007002304", "name": "Census Tract 23.04", "income_2020": 80319, "poverty_rate_2020": 9.4, "population_2020": 2814}, "geometry": {"type": "Polygon", "coordinates": [[[-73.24198, 44.53231], [-73.24223, 44.53206], [-73.2417, 44.53131], [-73.24147, 44.53102], [-73.24105, 44.53045], [-73.2409, 44.53025], [-73.24041, 44.52961], [-73.24022, 44.52932], [-73.24007, 44.52909], [-73.23999, 44.52897], [-73.23987, 44.52881], [-73.24018, 44.52855], [-73.24064, 44.52823], [-73.24047, 44.52794], [-73.24044, 44.52767], [-73.24043, 44.52723], [-73.24033, 44.52662], [-73.24022, 44.52607], [-73.24017, 44.52565], [-73.24007, 44.52526], [-73.23989, 44.52493], [-73.23961, 44.52463], [-73.23918, 44.52433], [-73.23855, 44.5239], [-73.23806, 44.5235], [-73.23764, 44.52312], [-73.23731, 44.52276], [-73.2371, 44.52237], [-73.23694, 44.5219], [-73.23692, 44.52141], [-73.23708, 44.52091], [-73.23728, 44.52048], [-73.23745, 44.52006], [-73.23769, 44.51965], [-73.23806, 44.51928], [-73.23846, 44.51899], [-73.23876, 44.51881], [-73.23906, 44.51866], [-73.23933, 44.51848], [-73.2395, 44.51829], [-73.23957, 44.51805], [-73.23958, 44.51775], [-73.23952, 44.5175], [-73.23946, 44.51734], [-73.2393, 44.51716], [-73.23909, 44.51699], [-73.23889, 44.51682], [-73.23871, 44.51669], [-73.23855, 44.51658], [-73.23831, 44.51644], [-73.238, 44.51629], [-73.23766, 44.51614], [-73.23728, 44.516], [-73.23688, 44.51589], [-73.23651, 44.5158], [-73.23596, 44.5157], [-73.23557, 44.51558], [-73.23528, 44.51546], [-73.23496, 44.51528], [-73.23473, 44.5151], [-73.23448, 44.51489], [-73.23429, 44.51465], [-73.23405, 44.51432], [-73.23376, 44.514], [-73.23346, 44.51373], [-73.23308, 44.51345], [-73.23274, 44.51324], [-73.2324, 44.51315], [-73.23198, 44.51316], [-73.23157, 44.51323], [-73.23099, 44.51335], [-73.2304, 44.51352], [-73.22999, 44.51372], [-73.22961, 44.51398], [-73.22942, 44.51421], [-73.2293, 44.51447], [-73.22917, 44.51473], [-73.22899, 44.51503], [-73.22878, 44.51531], [-73.22854, 44.51556], [-73.22827, 44.5158], [-73.22786, 44.51604], [-73.22747, 44.51623], [-73.2274, 44.51626], [-73.22702, 44.5164], [-73.22655, 44.51651], [-73.22594, 44.51663], [-73.22519, 44.51671], [-73.22462, 44.51674], [-73.2241, 44.51673], [-73.2235, 44.51672], [-73.22285, 44.51667], [-73.22211, 44.51656], [-73.22064, 44.51634], [-73.22053, 44.51632], [-73.22015, 44.51626], [-73.21959, 44.51613], [-73.21921, 44.51599], [-73.21896, 44.51584], [-73.21881, 44.51567], [-73.21872, 44.51552], [-73.21872, 44.51531], [-73.2188, 44.51511], [-73.21898, 44.5149], [-73.21938, 44.51473], [-73.21978, 44.51458], [-73.22036, 44.51443], [-73.22108, 44.51427], [-73.22165, 44.51412], [-73.22223, 44.51396], [-73.22278, 44.51379], [-73.22338, 44.5136], [-73.22399, 44.51343], [-73.22458, 44.51338], [-73.22513, 44.51337], [-73.22536, 44.51332], [-73.22587, 44.51331], [-73.22621, 44.51326], [-73.22657, 44.51316], [-73.22698, 44.51299], [-73.22734, 44.51277], [-73.22759, 44.51258], [-73.22782, 44.51236], [-73.22806, 44.51204], [-73.2283, 44.51168], [-73.22848, 44.51127], [-73.22861, 44.51084], [-73.22871, 44.51041], [-73.22871, 44.50999], [-73.2286, 44.50949], [-73.22842, 44.50908], [-73.2282, 44.50873], [-73.22792, 44.5083], [-73.22764, 44.50793], [-73.2275, 44.50777], [-73.22733, 44.50758], [-73.22703, 44.50728], [-73.2267, 44.50705], [-73.2261, 44.50674], [-73.22556, 44.50642], [-73.22517, 44.50616], [-73.22484, 44.50601], [-73.22442, 44.50595], [-73.22404, 44.50597], [-73.2237, 44.50603], [-73.22338, 44.50613], [-73.22293, 44.50641], [-73.22287, 44.50645], [-73.22243, 44.50682], [-73.22193, 44.50725], [-73.22152, 44.50767], [-73.22116, 44.50806], [-73.22061, 44.50861], [-73.22006, 44.50902], [-73.21945, 44.50939], [-73.2192, 44.5095], [-73.21898, 44.50961], [-73.21844, 44.50982], [-73.21801, 44.50998], [-73.21762, 44.51007], [-73.21719, 44.51014], [-73.21687, 44.51016], [-73.21652, 44.51013], [-73.21612, 44.51003], [-73.21572, 44.50991], [-73.21539, 44.50981], [-73.21504, 44.50962], [-73.21476, 44.50943], [-73.21447, 44.50919], [-73.21442, 44.50912], [-73.21425, 44.5089], [-73.2141, 44.50859], [-73.21397, 44.50824], [-73.21386, 44.5079], [-73.21375, 44.50755], [-73.21362, 44.50721], [-73.2135, 44.50688], [-73.21331, 44.5066], [-73.21309, 44.50627], [-73.21282, 44.50596], [-73.21259, 44.50571], [-73.21231, 44.50548], [-73.21183, 44.50516], [-73.21137, 44.5049], [-73.21081, 44.50466], [-73.21015, 44.50438], [-73.20974, 44.50421], [-73.2094, 44.50401], [-73.20905, 44.50378], [-73.20864, 44.50357], [-73.2081, 44.50331], [-73.20753, 44.50311], [-73.20703, 44.50297], [-73.20651, 44.50281], [-73.20593, 44.50269], [-73.2058, 44.50267], [-73.20548, 44.50261], [-73.20496, 44.50239], [-73.20451, 44.50212], [-73.20404, 44.50181], [-73.20361, 44.50144], [-73.20325, 44.50103], [-73.20291, 44.50054], [-73.20259, 44.49998], [-73.20235, 44.49942], [-73.20215, 44.49894], [-73.20201, 44.49846], [-73.20184, 44.49784], [-73.20175, 44.4973], [-73.20171, 44.49682], [-73.20186, 44.49624], [-73.20191, 44.49612], [-73.202, 44.49588], [-73.20202, 44.49585], [-73.20229, 44.49556], [-73.20261, 44.49522], [-73.20289, 44.49492], [-73.20307, 44.49465], [-73.20314, 44.49435], [-73.20308, 44.49404], [-73.20295, 44.49375], [-73.20278, 44.49334], [-73.20264, 44.49291], [-73.20238, 44.49237], [-73.20233, 44.49243], [-73.20214, 44.49268], [-73.20201, 44.49285], [-73.2001, 44.49539], [-73.19795, 44.49825], [-73.19763, 44.49868], [-73.19696, 44.49956], [-73.19646, 44.50023], [-73.19566, 44.50009], [-73.19529, 44.50002], [-73.19458, 44.50011], [-73.19446, 44.50027], [-73.19433, 44.50041], [-73.19379, 44.50102], [-73.19327, 44.50159], [-73.19363, 44.50173], [-73.19428, 44.50203], [-73.19489, 44.50232], [-73.19481, 44.50242], [-73.19355, 44.5041], [-73.19251, 44.50548], [-73.19541, 44.50652], [-73.19525, 44.50687], [-73.19829, 44.50734], [-73.19739, 44.50996], [-73.20075, 44.51051], [-73.20094, 44.5137], [-73.20109, 44.51368], [-73.20129, 44.51368], [-73.2015, 44.51367], [-73.20165, 44.51365], [-73.20178, 44.51364], [-73.2019, 44.51365], [-73.20221, 44.51366], [-73.2024, 44.51365], [-73.20243, 44.51365], [-73.20245, 44.51365], [-73.20267, 44.51365], [-73.20278, 44.51364], [-73.20288, 44.51539], [-73.2029, 44.51561], [-73.20291, 44.51603], [-73.20292, 44.51641], [-73.20286, 44.5166], [-73.20279, 44.51674], [-73.2027, 44.51686], [-73.20265, 44.51691], [-73.2026, 44.51697], [-73.2025, 44.51707], [-73.20233, 44.51722], [-73.20216, 44.51735], [-73.20198, 44.51748], [-73.20144, 44.51783], [-73.20132, 44.51792], [-73.20121, 44.51802], [-73.20111, 44.51812], [-73.20102, 44.51824], [-73.20094, 44.51836], [-73.20088, 44.51849], [-73.20085, 44.51871], [-73.20088, 44.51893], [-73.20096, 44.51914], [-73.20107, 44.51933], [-73.20142, 44.51988], [-73.20153, 44.52007], [-73.2016, 44.52027], [-73.20164, 44.52048], [-73.20165, 44.52069], [-73.20162, 44.5209], [-73.20151, 44.52132], [-73.20146, 44.52154], [-73.20145, 44.52176], [-73.20148, 44.52197], [-73.20156, 44.52218], [-73.20168, 44.52237], [-73.2019, 44.52264], [-73.20196, 44.52271], [-73.2021, 44.52288], [-73.20226, 44.52304], [-73.20243, 44.52318], [-73.20262, 44.52329], [-73.20326, 44.52365], [-73.20323, 44.52372], [-73.20321, 44.52374], [-73.2032, 44.52376], [-73.20318, 44.52378], [-73.20317, 44.5238], [-73.20311, 44.52384], [-73.20302, 44.52389], [-73.20301, 44.5239], [-73.20286, 44.52395], [-73.20272, 44.52398], [-73.20213, 44.52415], [-73.20203, 44.52418], [-73.20194, 44.5242], [-73.20186, 44.52422], [-73.2015, 44.52428], [-73.20122, 44.52431], [-73.20088, 44.52433], [-73.2007, 44.52431], [-73.20067, 44.52431], [-73.20057, 44.52428], [-73.20038, 44.52424], [-73.20024, 44.52423], [-73.20021, 44.52422], [-73.20008, 44.5242], [-73.20005, 44.52419], [-73.2, 44.52418], [-73.19994, 44.52416], [-73.19991, 44.52416], [-73.19974, 44.52412], [-73.19972, 44.52411], [-73.19967, 44.52409], [-73.19956, 44.52406], [-73.19931, 44.52396], [-73.19887, 44.52376], [-73.19837, 44.52354], [-73.19833, 44.52353], [-73.19828, 44.5235], [-73.19825, 44.5235], [-73.1982, 44.52346], [-73.19818, 44.52345], [-73.19816, 44.52344], [-73.19809, 44.52341], [-73.19796, 44.52332], [-73.19785, 44.52322], [-73.19781, 44.52317], [-73.19771, 44.52302], [-73.19755, 44.52267], [-73.19753, 44.52263], [-73.19745, 44.52251], [-73.19734, 44.52236], [-73.19729, 44.52232], [-73.19725, 44.52227], [-73.1972, 44.52222], [-73.19707, 44.5221], [-73.19704, 44.52209], [-73.19692, 44.52202], [-73.19676, 44.52195], [-73.19673, 44.52195], [-73.19664, 44.52192], [-73.19651, 44.52189], [-73.1963, 44.52187], [-73.19607, 44.52189], [-73.19597, 44.5219], [-73.19573, 44.52194], [-73.19524, 44.52209], [-73.19521, 44.52209], [-73.19516, 44.52212], [-73.19514, 44.52213], [-73.19509, 44.52216], [-73.19493, 44.52223], [-73.19488, 44.52224], [-73.19481, 44.52228], [-73.19478, 44.52229], [-73.19476, 44.5223], [-73.19472, 44.52232], [-73.1947, 44.52234], [-73.19468, 44.52234], [-73.19461, 44.52238], [-73.1946, 44.5224], [-73.19457, 44.52241], [-73.1945, 44.52245], [-73.19437, 44.52255], [-73.19435, 44.52257], [-73.19388, 44.52294], [-73.19375, 44.52306], [-73.1937, 44.52313], [-73.19366, 44.52317], [-73.19361, 44.52322], [-73.19355, 44.52329], [-73.19341, 44.5234], [-73.19333, 44.52345], [-73.19341, 44.52398], [-73.19371, 44.52573], [-73.19386, 44.52658], [-73.19395, 44.52701], [-73.19406, 44.52743], [-73.19418, 44.52785], [-73.19431, 44.52827], [-73.19439, 44.52847], [-73.1946, 44.52901], [-73.19477, 44.52941], [-73.19496, 44.5298], [-73.19527, 44.53039], [-73.19529, 44.53044], [-73.19574, 44.53111], [-73.19599, 44.5315], [-73.19627, 44.53189], [-73.19704, 44.53284], [-73.19716, 44.533], [-73.19732, 44.53318], [-73.19745, 44.53335], [-73.19757, 44.5335], [-73.19799, 44.53406], [-73.19821, 44.53435], [-73.19842, 44.53466], [-73.19861, 44.53497], [-73.19878, 44.5353], [-73.19887, 44.5355], [-73.19896, 44.5357], [-73.19909, 44.53604], [-73.19919, 44.53632], [-73.19924, 44.53653], [-73.19929, 44.53675], [-73.19933, 44.53697], [-73.19937, 44.53719], [-73.19939, 44.5374], [-73.19941, 44.53777], [-73.19941, 44.53821], [-73.1994, 44.53843], [-73.19938, 44.53864], [-73.19935, 44.53886], [-73.19929, 44.53915], [-73.19923, 44.53936], [-73.19917, 44.53957], [-73.19901, 44.54006], [-73.19893, 44.54026], [-73.19884, 44.54047], [-73.19875, 44.54066], [-73.19865, 44.54085], [-73.19853, 44.54105], [-73.19842, 44.54123], [-73.19829, 44.54141], [-73.19816, 44.5416], [-73.19803, 44.54177], [-73.19784, 44.542], [-73.19756, 44.54233], [-73.19725, 44.54264], [-73.19709, 44.5428], [-73.19693, 44.54294], [-73.19684, 44.543], [-73.19676, 44.54309], [-73.19558, 44.54408], [-73.19475, 44.54478], [-73.19446, 44.54501], [-73.19334, 44.54594], [-73.19308, 44.54618], [-73.19279, 44.54641], [-73.19112, 44.54782], [-73.19083, 44.54807], [-73.1905, 44.54834], [-73.19021, 44.54857], [-73.18937, 44.54928], [-73.18908, 44.54951], [-73.18897, 44.5496], [-73.18881, 44.54975], [-73.18831, 44.55018], [-73.18783, 44.55063], [-73.18757, 44.55088], [-73.18727, 44.55119], [-73.18712, 44.55135], [-73.18697, 44.55152], [-73.18644, 44.55213], [-73.18642, 44.55216], [-73.18618, 44.55247], [-73.18605, 44.55264], [-73.18595, 44.55277], [-73.18592, 44.55282], [-73.1858, 44.55299], [-73.18568, 44.55318], [-73.18555, 44.55335], [-73.18482, 44.5545], [-73.18535, 44.55451], [-73.18581, 44.55448], [-73.18595, 44.55447], [-73.18612, 44.55447], [-73.18624, 44.55446], [-73.18682, 44.55441], [-73.18703, 44.5544], [-73.18725, 44.55439], [-73.18747, 44.5544], [-73.18768, 44.55441], [-73.19005, 44.55468], [-73.19085, 44.55478], [-73.19102, 44.55478], [-73.19108, 44.55496], [-73.19128, 44.55532], [-73.19132, 44.55559], [-73.19129, 44.55573], [-73.19127, 44.5558], [-73.19127, 44.55583], [-73.1947, 44.55558], [-73.19638, 44.55536], [-73.19682, 44.55557], [-73.19908, 44.55662], [-73.2016, 44.55924], [-73.20329, 44.56253], [-73.20924, 44.56253], [-73.22823, 44.56253], [-73.2284, 44.5622], [-73.2288, 44.56158], [-73.229, 44.56137], [-73.22916, 44.56128], [-73.22951, 44.56117], [-73.22962, 44.56108], [-73.22972, 44.56095], [-73.22973, 44.56075], [-73.22966, 44.56061], [-73.22963, 44.5605], [-73.22964, 44.56041], [-73.22976, 44.5601], [-73.22987, 44.55993], [-73.23069, 44.55902], [-73.23103, 44.55858], [-73.23132, 44.55827], [-73.2317, 44.55798], [-73.23237, 44.55753], [-73.23274, 44.55732], [-73.23282, 44.55724], [-73.23288, 44.55717], [-73.23293, 44.55701], [-73.23321, 44.5567], [-73.23348, 44.55631], [-73.23367, 44.55611], [-73.23396, 44.5559], [-73.234, 44.55585], [-73.23399, 44.55575], [-73.23377, 44.5553], [-73.23375, 44.55519], [-73.2336, 44.55473], [-73.23337, 44.55434], [-73.23331, 44.55422], [-73.23328, 44.5541], [-73.23305, 44.55377], [-73.23294, 44.55366], [-73.23277, 44.55356], [-73.23265, 44.55353], [-73.23269, 44.55286], [-73.23376, 44.5515], [-73.23378, 44.55146], [-73.23379, 44.55146], [-73.23419, 44.55094], [-73.23575, 44.5489], [-73.23743, 44.54677], [-73.23818, 44.54585], [-73.23887, 44.54495], [-73.23917, 44.54444], [-73.23936, 44.544], [-73.23943, 44.5437], [-73.2395, 44.5431], [-73.23959, 44.54264], [-73.23951, 44.54246], [-73.23943, 44.54218], [-73.23932, 44.5419], [-73.23916, 44.54157], [-73.23911, 44.54135], [-73.23907, 44.54114], [-73.23899, 44.54087], [-73.23895, 44.54073], [-73.2389, 44.54059], [-73.23878, 44.54033], [-73.23847, 44.53953], [-73.23841, 44.5394], [-73.23829, 44.53907], [-73.23811, 44.53869], [-73.23803, 44.53849], [-73.238, 44.53842], [-73.23794, 44.53829], [-73.23791, 44.53814], [-73.23789, 44.53799], [-73.2379, 44.53777], [-73.23799, 44.53711], [-73.23802, 44.53694], [-73.23804, 44.53674], [-73.23813, 44.53632], [-73.23821, 44.53614], [-73.23833, 44.53593], [-73.23845, 44.53574], [-73.2388, 44.5352], [-73.23889, 44.53507], [-73.23899, 44.53492], [-73.23921, 44.53466], [-73.23979, 44.53393], [-73.23998, 44.53371], [-73.24013, 44.53356], [-73.24025, 44.53347], [-73.24036, 44.53339], [-73.24084, 44.53314], [-73.24122, 44.53294], [-73.24141, 44.53285], [-73.24158, 44.53274], [-73.24173, 44.5326], [-73.24198, 44.53231]]]}}, {"type": "Feature", "properties": {"tract_id": "50007002201", "name": "Census Tract 22.01", "income_2020": 59773, "poverty_rate_2020": 16.9, "population_2020": 3466}, "geometry": {"type": "Polygon", "coordinates": [[[-73.20323, 44.52372], [-73.20326, 44.52365], [-73.20262, 44.52329], [-73.20243, 44.52318], [-73.20226, 44.52304], [-73.2021, 44.52288], [-73.20196, 44.52271], [-73.2019, 44.52264], [-73.20168, 44.52237], [-73.20156, 44.52218], [-73.20148, 44.52197], [-73.20145, 44.52176], [-73.20146, 44.52154], [-73.20151, 44.52132], [-73.20162, 44.5209], [-73.20165, 44.52069], [-73.20164, 44.52048], [-73.2016, 44.52027], [-73.20153, 44.52007], [-73.20142, 44.51988], [-73.20107, 44.51933], [-73.20096, 44.51914], [-73.20088, 44.51893], [-73.20085, 44.51871], [-73.20088, 44.51849], [-73.20094, 44.51836], [-73.20102, 44.51824], [-73.20111, 44.51812], [-73.20121, 44.51802], [-73.20132, 44.51792], [-73.20144, 44.51783], [-73.20198, 44.51748], [-73.20216, 44.51735], [-73.20233, 44.51722], [-73.2025, 44.51707], [-73.2026, 44.51697], [-73.20265, 44.51691], [-73.2027, 44.51686], [-73.20279, 44.51674], [-73.20286, 44.5166], [-73.20292, 44.51641], [-73.20291, 44.51603], [-73.2029, 44.51561], [-73.20288, 44.51539], [-73.20278, 44.51364], [-73.20267, 44.51365], [-73.20245, 44.51365], [-73.20243, 44.51365], [-73.2024, 44.51365], [-73.20221, 44.51366], [-73.2019, 44.51365], [-73.20178, 44.51364], [-73.20165, 44.51365], [-73.2015, 44.51367], [-73.20129, 44.51368], [-73.20109, 44.51368], [-73.20094, 44.5137], [-73.20075, 44.51051], [-73.19739, 44.50996], [-73.19829, 44.50734], [-73.19525, 44.50687], [-73.19541, 44.50652], [-73.19251, 44.50548], [-73.19209, 44.50604], [-73.18925, 44.50499], [-73.18741, 44.50432], [-73.18243, 44.50249], [-73.18231, 44.50245], [-73.17558, 44.49997], [-73.17489, 44.49971], [-73.17394, 44.49935], [-73.17362, 44.49922], [-73.17333, 44.49911], [-73.1726, 44.49882], [-73.17235, 44.49913], [-73.17209, 44.49945], [-73.17096, 44.50087], [-73.17057, 44.50134], [-73.16816, 44.50042], [-73.16862, 44.49981], [-73.16633, 44.4989], [-73.1663, 44.49889], [-73.16628, 44.49889], [-73.1673, 44.49756], [-73.16736, 44.49749], [-73.16738, 44.49746], [-73.16785, 44.49755], [-73.16791, 44.49756], [-73.16822, 44.49715], [-73.16826, 44.4971], [-73.17053, 44.4941], [-73.17109, 44.49339], [-73.1711, 44.49335], [-73.17113, 44.49327], [-73.17108, 44.49327], [-73.17099, 44.4933], [-73.17078, 44.4933], [-73.17069, 44.49329], [-73.17081, 44.49242], [-73.17088, 44.49193], [-73.17105, 44.49073], [-73.17116, 44.48991], [-73.17098, 44.4892], [-73.17088, 44.48907], [-73.17057, 44.48927], [-73.17008, 44.48967], [-73.17004, 44.4897], [-73.16999, 44.48973], [-73.16987, 44.4898], [-73.16975, 44.48987], [-73.16932, 44.49014], [-73.16898, 44.49032], [-73.16871, 44.49038], [-73.16837, 44.49032], [-73.16812, 44.49006], [-73.16811, 44.48968], [-73.16814, 44.48957], [-73.16817, 44.4894], [-73.16821, 44.48922], [-73.16834, 44.48866], [-73.16841, 44.48838], [-73.16843, 44.48833], [-73.16844, 44.48828], [-73.16863, 44.48779], [-73.16876, 44.48726], [-73.16878, 44.48711], [-73.1688, 44.48696], [-73.16871, 44.48669], [-73.1684, 44.48651], [-73.1679, 44.48647], [-73.16742, 44.48654], [-73.16676, 44.48674], [-73.16657, 44.48684], [-73.16647, 44.48687], [-73.16633, 44.48696], [-73.16613, 44.48706], [-73.16562, 44.48741], [-73.16481, 44.48787], [-73.16423, 44.48829], [-73.16364, 44.48906], [-73.16322, 44.48944], [-73.16292, 44.4897], [-73.16261, 44.48986], [-73.1623, 44.48996], [-73.16216, 44.48999], [-73.16187, 44.49008], [-73.16136, 44.49017], [-73.16088, 44.49022], [-73.16025, 44.49013], [-73.16011, 44.49005], [-73.15998, 44.48997], [-73.15978, 44.48979], [-73.15962, 44.48956], [-73.15946, 44.48941], [-73.15938, 44.48937], [-73.15922, 44.48934], [-73.15906, 44.48937], [-73.15893, 44.48945], [-73.15871, 44.48964], [-73.15859, 44.4897], [-73.15845, 44.48974], [-73.1584, 44.48976], [-73.15797, 44.49033], [-73.15096, 44.49956], [-73.15068, 44.49993], [-73.15016, 44.50061], [-73.14964, 44.5013], [-73.14936, 44.50166], [-73.14918, 44.5019], [-73.14904, 44.50208], [-73.14893, 44.50224], [-73.14654, 44.50538], [-73.14625, 44.50576], [-73.14616, 44.50587], [-73.14572, 44.50646], [-73.14549, 44.50675], [-73.14542, 44.50684], [-73.14538, 44.50691], [-73.14496, 44.50746], [-73.14436, 44.50825], [-73.14332, 44.50961], [-73.1434, 44.50955], [-73.14347, 44.5095], [-73.14357, 44.50945], [-73.14369, 44.50941], [-73.14371, 44.50941], [-73.14372, 44.50941], [-73.14374, 44.5094], [-73.14381, 44.50938], [-73.14387, 44.50936], [-73.14405, 44.50934], [-73.14425, 44.50929], [-73.14444, 44.50925], [-73.14456, 44.50922], [-73.14485, 44.50915], [-73.14492, 44.50913], [-73.14518, 44.50908], [-73.14531, 44.50904], [-73.14544, 44.50895], [-73.14551, 44.5089], [-73.14555, 44.50885], [-73.14555, 44.50884], [-73.14576, 44.50885], [-73.1459, 44.50885], [-73.14613, 44.50882], [-73.14615, 44.50882], [-73.14627, 44.5088], [-73.14633, 44.50879], [-73.14641, 44.50878], [-73.1465, 44.50875], [-73.14658, 44.50874], [-73.14671, 44.50873], [-73.14686, 44.50875], [-73.1469, 44.50877], [-73.14694, 44.50879], [-73.14697, 44.50879], [-73.14711, 44.50888], [-73.14722, 44.50896], [-73.14731, 44.50901], [-73.14752, 44.50911], [-73.14767, 44.50916], [-73.148, 44.50922], [-73.14818, 44.50924], [-73.14837, 44.50926], [-73.1488, 44.50927], [-73.14896, 44.50926], [-73.14923, 44.50926], [-73.1496, 44.50928], [-73.14998, 44.50932], [-73.15031, 44.50936], [-73.15049, 44.50939], [-73.15057, 44.5094], [-73.15083, 44.50945], [-73.15098, 44.50947], [-73.15115, 44.50951], [-73.15117, 44.50952], [-73.15128, 44.50955], [-73.15137, 44.50958], [-73.15148, 44.50963], [-73.15155, 44.50965], [-73.15156, 44.50967], [-73.15159, 44.50967], [-73.15182, 44.5098], [-73.15184, 44.50981], [-73.15187, 44.50982], [-73.15189, 44.50984], [-73.15195, 44.50987], [-73.15204, 44.50992], [-73.15215, 44.50997], [-73.15217, 44.50999], [-73.15222, 44.51001], [-73.15228, 44.51003], [-73.15229, 44.51005], [-73.15232, 44.51006], [-73.15238, 44.51009], [-73.1524, 44.5101], [-73.15242, 44.51011], [-73.15244, 44.51012], [-73.1525, 44.51015], [-73.15251, 44.51016], [-73.15258, 44.51019], [-73.1527, 44.51026], [-73.15272, 44.51027], [-73.15275, 44.51029], [-73.15284, 44.51034], [-73.15287, 44.51035], [-73.15288, 44.51037], [-73.15291, 44.51038], [-73.15293, 44.51039], [-73.15296, 44.51041], [-73.15304, 44.51045], [-73.15308, 44.51048], [-73.15311, 44.51049], [-73.1533, 44.5106], [-73.15341, 44.51067], [-73.1535, 44.51074], [-73.15374, 44.51097], [-73.15381, 44.51104], [-73.15386, 44.51109], [-73.15396, 44.51115], [-73.15398, 44.51118], [-73.15403, 44.5112], [-73.15416, 44.5113], [-73.15434, 44.5114], [-73.15437, 44.51142], [-73.15443, 44.51144], [-73.1545, 44.51149], [-73.15452, 44.5115], [-73.15454, 44.51151], [-73.15457, 44.51152], [-73.1546, 44.51154], [-73.15465, 44.51157], [-73.1548, 44.51165], [-73.15482, 44.51166], [-73.15485, 44.51168], [-73.15487, 44.51169], [-73.15495, 44.51173], [-73.15499, 44.51176], [-73.15501, 44.51176], [-73.15508, 44.51181], [-73.15511, 44.51182], [-73.15513, 44.51184], [-73.15516, 44.51185], [-73.15518, 44.51187], [-73.15521, 44.51188], [-73.15523, 44.51189], [-73.15526, 44.51191], [-73.15527, 44.51192], [-73.15531, 44.51193], [-73.15564, 44.51212], [-73.15581, 44.51225], [-73.15608, 44.51247], [-73.15636, 44.51276], [-73.15641, 44.51283], [-73.1565, 44.51294], [-73.15668, 44.51311], [-73.15677, 44.5132], [-73.15689, 44.51328], [-73.15705, 44.51339], [-73.15708, 44.51343], [-73.15708, 44.51349], [-73.1571, 44.51363], [-73.15714, 44.51372], [-73.15714, 44.51374], [-73.15717, 44.51377], [-73.1572, 44.51383], [-73.15729, 44.51395], [-73.15739, 44.51407], [-73.15746, 44.5141], [-73.15751, 44.51411], [-73.15753, 44.51412], [-73.15758, 44.51415], [-73.15772, 44.51426], [-73.15781, 44.51439], [-73.15787, 44.51451], [-73.15795, 44.51462], [-73.15797, 44.51467], [-73.15797, 44.5147], [-73.15796, 44.51472], [-73.15793, 44.51474], [-73.15791, 44.51474], [-73.15783, 44.51478], [-73.15774, 44.51487], [-73.15772, 44.51493], [-73.15771, 44.51499], [-73.15772, 44.51509], [-73.15778, 44.51523], [-73.15779, 44.51524], [-73.15782, 44.51529], [-73.15785, 44.51538], [-73.15788, 44.51556], [-73.15787, 44.51558], [-73.15788, 44.51561], [-73.15791, 44.51592], [-73.1579, 44.51599], [-73.15791, 44.51606], [-73.1579, 44.51612], [-73.15796, 44.51637], [-73.15799, 44.51647], [-73.15805, 44.51661], [-73.15813, 44.51669], [-73.15819, 44.51674], [-73.15837, 44.5168], [-73.15845, 44.51682], [-73.15864, 44.51685], [-73.15898, 44.51687], [-73.15916, 44.5169], [-73.15927, 44.51692], [-73.15931, 44.51694], [-73.15934, 44.51696], [-73.15937, 44.51696], [-73.15942, 44.51698], [-73.15944, 44.517], [-73.15946, 44.517], [-73.15953, 44.51704], [-73.15955, 44.51705], [-73.15957, 44.51706], [-73.1597, 44.51712], [-73.15972, 44.51713], [-73.15979, 44.51718], [-73.15983, 44.51719], [-73.16001, 44.51727], [-73.16005, 44.51728], [-73.1601, 44.51731], [-73.16013, 44.51732], [-73.1602, 44.51735], [-73.16022, 44.51735], [-73.16024, 44.51736], [-73.1603, 44.51739], [-73.16032, 44.5174], [-73.16052, 44.51747], [-73.16061, 44.51751], [-73.1607, 44.51753], [-73.16077, 44.51755], [-73.1608, 44.51756], [-73.1609, 44.51759], [-73.16097, 44.51762], [-73.16127, 44.51779], [-73.16141, 44.51786], [-73.16154, 44.51787], [-73.16172, 44.51785], [-73.1619, 44.51784], [-73.16209, 44.51787], [-73.16223, 44.51791], [-73.16226, 44.51791], [-73.16229, 44.51792], [-73.16231, 44.51792], [-73.1624, 44.51795], [-73.16263, 44.518], [-73.16269, 44.51802], [-73.16272, 44.51802], [-73.163, 44.51808], [-73.16339, 44.51816], [-73.16354, 44.51821], [-73.1636, 44.51822], [-73.16371, 44.51826], [-73.16384, 44.51829], [-73.1639, 44.51832], [-73.16413, 44.51839], [-73.16415, 44.51839], [-73.16421, 44.51842], [-73.16429, 44.51844], [-73.16441, 44.51846], [-73.16448, 44.51848], [-73.16458, 44.51849], [-73.1647, 44.51851], [-73.16487, 44.51853], [-73.16496, 44.51853], [-73.16509, 44.51856], [-73.16517, 44.51857], [-73.1653, 44.5186], [-73.16538, 44.51861], [-73.16566, 44.51867], [-73.16569, 44.51868], [-73.16571, 44.51868], [-73.16585, 44.51871], [-73.166, 44.51876], [-73.16621, 44.51883], [-73.16623, 44.51884], [-73.16625, 44.51885], [-73.16629, 44.51886], [-73.16648, 44.51894], [-73.16654, 44.51897], [-73.16659, 44.519], [-73.16662, 44.51901], [-73.16671, 44.51906], [-73.16693, 44.51922], [-73.1671, 44.51935], [-73.16713, 44.51939], [-73.16728, 44.51953], [-73.16749, 44.51974], [-73.16766, 44.51997], [-73.1677, 44.52], [-73.16775, 44.52008], [-73.16778, 44.5201], [-73.1678, 44.52013], [-73.16792, 44.52026], [-73.16807, 44.52038], [-73.16817, 44.52046], [-73.16821, 44.5205], [-73.16857, 44.52072], [-73.16863, 44.52075], [-73.16864, 44.52077], [-73.16867, 44.52078], [-73.16869, 44.52079], [-73.16918, 44.52104], [-73.16932, 44.52113], [-73.16951, 44.52128], [-73.16955, 44.52132], [-73.16957, 44.52135], [-73.16965, 44.52143], [-73.16982, 44.52157], [-73.16988, 44.52159], [-73.1699, 44.52161], [-73.16994, 44.52164], [-73.17018, 44.52173], [-73.17045, 44.5218], [-73.17058, 44.52183], [-73.17089, 44.52187], [-73.17119, 44.52185], [-73.17121, 44.52185], [-73.17124, 44.52185], [-73.17182, 44.52183], [-73.17184, 44.52184], [-73.17205, 44.52185], [-73.17244, 44.52194], [-73.17266, 44.522], [-73.17276, 44.52203], [-73.17279, 44.52203], [-73.17289, 44.52206], [-73.17293, 44.52207], [-73.17337, 44.5222], [-73.17353, 44.52224], [-73.1737, 44.52226], [-73.17375, 44.52228], [-73.17392, 44.52231], [-73.17394, 44.52232], [-73.17408, 44.52234], [-73.17415, 44.52236], [-73.17418, 44.52236], [-73.17458, 44.52244], [-73.17504, 44.52255], [-73.17529, 44.52262], [-73.1758, 44.52278], [-73.17592, 44.52282], [-73.17602, 44.52285], [-73.17607, 44.52287], [-73.17617, 44.5229], [-73.17625, 44.52292], [-73.17635, 44.52295], [-73.17641, 44.52296], [-73.1765, 44.52298], [-73.17668, 44.523], [-73.17677, 44.52301], [-73.17716, 44.52298], [-73.17724, 44.52298], [-73.17735, 44.52297], [-73.17758, 44.52295], [-73.17774, 44.52295], [-73.17814, 44.52297], [-73.17831, 44.52299], [-73.17845, 44.523], [-73.17847, 44.52301], [-73.1786, 44.52303], [-73.1787, 44.52304], [-73.17872, 44.52305], [-73.17915, 44.52308], [-73.17926, 44.52308], [-73.17942, 44.5231], [-73.17987, 44.52311], [-73.17994, 44.52309], [-73.18027, 44.52309], [-73.18053, 44.52311], [-73.18076, 44.52314], [-73.1809, 44.52318], [-73.18092, 44.52319], [-73.18105, 44.52323], [-73.18108, 44.52324], [-73.18126, 44.5233], [-73.18151, 44.52341], [-73.18176, 44.52353], [-73.18181, 44.52357], [-73.18183, 44.52357], [-73.18193, 44.52362], [-73.18202, 44.52367], [-73.18222, 44.52381], [-73.18227, 44.52385], [-73.18245, 44.52395], [-73.18258, 44.52402], [-73.1827, 44.52407], [-73.18273, 44.52408], [-73.18314, 44.52428], [-73.18316, 44.5243], [-73.18325, 44.52433], [-73.18341, 44.5244], [-73.18343, 44.52441], [-73.18345, 44.52442], [-73.18351, 44.52444], [-73.18375, 44.52453], [-73.18381, 44.52457], [-73.18389, 44.52459], [-73.18392, 44.52461], [-73.18409, 44.52465], [-73.18417, 44.52467], [-73.18428, 44.52471], [-73.18437, 44.52473], [-73.18439, 44.52474], [-73.18444, 44.52475], [-73.1846, 44.5248], [-73.18487, 44.52485], [-73.18489, 44.52486], [-73.185, 44.52487], [-73.18515, 44.5249], [-73.18533, 44.52492], [-73.18563, 44.52497], [-73.18569, 44.52498], [-73.18576, 44.52499], [-73.18596, 44.52502], [-73.18599, 44.52502], [-73.18617, 44.52505], [-73.1862, 44.52505], [-73.18642, 44.52508], [-73.18657, 44.52508], [-73.1868, 44.52507], [-73.18697, 44.52505], [-73.187, 44.52504], [-73.18704, 44.52503], [-73.18706, 44.52502], [-73.18734, 44.52493], [-73.1874, 44.5249], [-73.18743, 44.5249], [-73.18745, 44.52488], [-73.18748, 44.52488], [-73.18789, 44.52457], [-73.18794, 44.52453], [-73.18815, 44.52429], [-73.18817, 44.52425], [-73.18819, 44.52424], [-73.18821, 44.52421], [-73.18823, 44.52419], [-73.1883, 44.52408], [-73.18857, 44.52376], [-73.18876, 44.52357], [-73.18876, 44.52355], [-73.18879, 44.52353], [-73.18881, 44.52351], [-73.18887, 44.52346], [-73.18895, 44.5234], [-73.18901, 44.52338], [-73.18903, 44.52338], [-73.18909, 44.52335], [-73.18928, 44.52331], [-73.18985, 44.52327], [-73.19011, 44.52325], [-73.19037, 44.52321], [-73.19044, 44.52318], [-73.19048, 44.52318], [-73.19057, 44.52316], [-73.19064, 44.52314], [-73.19072, 44.52311], [-73.19092, 44.52307], [-73.19153, 44.52298], [-73.19182, 44.52295], [-73.19192, 44.52293], [-73.192, 44.5229], [-73.19205, 44.5229], [-73.19217, 44.52294], [-73.19219, 44.52296], [-73.19221, 44.52297], [-73.19229, 44.52305], [-73.19234, 44.52313], [-73.19235, 44.52315], [-73.19238, 44.5232], [-73.19247, 44.52331], [-73.19256, 44.52341], [-73.19258, 44.52342], [-73.1926, 44.52343], [-73.19267, 44.52347], [-73.19269, 44.52349], [-73.19275, 44.52351], [-73.19281, 44.52352], [-73.19296, 44.52353], [-73.19303, 44.52353], [-73.19305, 44.52353], [-73.19309, 44.52352], [-73.19325, 44.52349], [-73.1933, 44.52346], [-73.19333, 44.52345], [-73.19341, 44.5234], [-73.19355, 44.52329], [-73.19361, 44.52322], [-73.19366, 44.52317], [-73.1937, 44.52313], [-73.19375, 44.52306], [-73.19388, 44.52294], [-73.19435, 44.52257], [-73.19437, 44.52255], [-73.1945, 44.52245], [-73.19457, 44.52241], [-73.1946, 44.5224], [-73.19461, 44.52238], [-73.19468, 44.52234], [-73.1947, 44.52234], [-73.19472, 44.52232], [-73.19476, 44.5223], [-73.19478, 44.52229], [-73.19481, 44.52228], [-73.19488, 44.52224], [-73.19493, 44.52223], [-73.19509, 44.52216], [-73.19514, 44.52213], [-73.19516, 44.52212], [-73.19521, 44.52209], [-73.19524, 44.52209], [-73.19573, 44.52194], [-73.19597, 44.5219], [-73.19607, 44.52189], [-73.1963, 44.52187], [-73.19651, 44.52189], [-73.19664, 44.52192], [-73.19673, 44.52195], [-73.19676, 44.52195], [-73.19692, 44.52202], [-73.19704, 44.52209], [-73.19707, 44.5221], [-73.1972, 44.52222], [-73.19725, 44.52227], [-73.19729, 44.52232], [-73.19734, 44.52236], [-73.19745, 44.52251], [-73.19753, 44.52263], [-73.19755, 44.52267], [-73.19771, 44.52302], [-73.19781, 44.52317], [-73.19785, 44.52322], [-73.19796, 44.52332], [-73.19809, 44.52341], [-73.19816, 44.52344], [-73.19818, 44.52345], [-73.1982, 44.52346], [-73.19825, 44.5235], [-73.19828, 44.5235], [-73.19833, 44.52353], [-73.19837, 44.52354], [-73.19887, 44.52376], [-73.19931, 44.52396], [-73.19956, 44.52406], [-73.19967, 44.52409], [-73.19972, 44.52411], [-73.19974, 44.52412], [-73.19991, 44.52416], [-73.19994, 44.52416], [-73.2, 44.52418], [-73.20005, 44.52419], [-73.20008, 44.5242], [-73.20021, 44.52422], [-73.20024, 44.52423], [-73.20038, 44.52424], [-73.20057, 44.52428], [-73.20067, 44.52431], [-73.2007, 44.52431], [-73.20088, 44.52433], [-73.20122, 44.52431], [-73.2015, 44.52428], [-73.20186, 44.52422], [-73.20194, 44.5242], [-73.20203, 44.52418], [-73.20213, 44.52415], [-73.20272, 44.52398], [-73.20286, 44.52395], [-73.20301, 44.5239], [-73.20302, 44.52389], [-73.20311, 44.52384], [-73.20317, 44.5238], [-73.20318, 44.52378], [-73.2032, 44.52376], [-73.20321, 44.52374], [-73.20323, 44.52372]]]}}, {"type": "Feature", "properties": {"tract_id": "50007003102", "name": "Census Tract 31.02", "income_2020": 135085, "poverty_rate_2020": 2.6, "population_2020": 1919}, "geometry": {"type": "Polygon", "coordinates": [[[-73.15476, 44.40638], [-73.15473, 44.40634], [-73.1547, 44.40631], [-73.15465, 44.40627], [-73.15462, 44.40622], [-73.15461, 44.40617], [-73.15461, 44.40614], [-73.1546, 44.4061], [-73.15458, 44.40605], [-73.15453, 44.40602], [-73.15448, 44.40598], [-73.15449, 44.40593], [-73.15451, 44.40591], [-73.1545, 44.40587], [-73.15449, 44.40584], [-73.15448, 44.4058], [-73.15447, 44.40575], [-73.15446, 44.4057], [-73.15445, 44.40562], [-73.15442, 44.40557], [-73.15442, 44.40551], [-73.15443, 44.40545], [-73.15445, 44.40541], [-73.1545, 44.40538], [-73.15455, 44.40534], [-73.15456, 44.40531], [-73.15461, 44.40522], [-73.15441, 44.40517], [-73.15069, 44.40416], [-73.14571, 44.4028], [-73.14234, 44.40188], [-73.14198, 44.40178], [-73.14166, 44.4017], [-73.1411, 44.40154], [-73.14068, 44.40143], [-73.13838, 44.40081], [-73.13352, 44.3995], [-73.12795, 44.39799], [-73.12673, 44.39766], [-73.12319, 44.39678], [-73.11963, 44.39589], [-73.11897, 44.39573], [-73.11649, 44.39508], [-73.11358, 44.39236], [-73.10579, 44.38506], [-73.10556, 44.38485], [-73.10207, 44.38159], [-73.09864, 44.37836], [-73.09542, 44.37529], [-73.09498, 44.37493], [-73.09331, 44.37337], [-73.09286, 44.37289], [-73.08925, 44.36954], [-73.0878, 44.36966], [-73.08613, 44.36981], [-73.08457, 44.36997], [-73.08252, 44.37018], [-73.08144, 44.37029], [-73.08111, 44.37086], [-73.08103, 44.37103], [-73.08094, 44.37119], [-73.07373, 44.38445], [-73.07296, 44.38594], [-73.07064, 44.39022], [-73.06752, 44.39597], [-73.06404, 44.40241], [-73.06396, 44.40254], [-73.06332, 44.40374], [-73.06185, 44.40648], [-73.05966, 44.4105], [-73.05957, 44.41065], [-73.05948, 44.41082], [-73.05638, 44.41645], [-73.05429, 44.42026], [-73.05385, 44.42108], [-73.05375, 44.42126], [-73.05374, 44.42127], [-73.05251, 44.42351], [-73.05243, 44.42367], [-73.05182, 44.42474], [-73.05178, 44.42481], [-73.05018, 44.42428], [-73.05004, 44.42423], [-73.04893, 44.42386], [-73.0423, 44.42204], [-73.03408, 44.42608], [-73.03382, 44.42621], [-73.03425, 44.42663], [-73.0345, 44.4269], [-73.03459, 44.427], [-73.0359, 44.42859], [-73.0365, 44.42932], [-73.03679, 44.42965], [-73.03708, 44.42998], [-73.03723, 44.43013], [-73.0374, 44.43028], [-73.03756, 44.43043], [-73.03773, 44.43057], [-73.03807, 44.43084], [-73.03855, 44.43118], [-73.03885, 44.43137], [-73.03923, 44.4316], [-73.03962, 44.43181], [-73.04001, 44.432], [-73.04042, 44.43218], [-73.04062, 44.43226], [-73.04103, 44.43242], [-73.04123, 44.43249], [-73.04173, 44.43265], [-73.04215, 44.43277], [-73.04236, 44.43282], [-73.04279, 44.43292], [-73.04322, 44.43301], [-73.04344, 44.43305], [-73.04349, 44.43306], [-73.04395, 44.43313], [-73.04439, 44.43318], [-73.04484, 44.43323], [-73.04529, 44.43326], [-73.04596, 44.43328], [-73.04883, 44.43335], [-73.04996, 44.43337], [-73.05072, 44.43339], [-73.05865, 44.43358], [-73.05902, 44.43359], [-73.0601, 44.43362], [-73.06161, 44.43365], [-73.0621, 44.43366], [-73.06273, 44.43368], [-73.06347, 44.43372], [-73.06421, 44.43376], [-73.06495, 44.43382], [-73.06622, 44.43393], [-73.06635, 44.43394], [-73.06746, 44.43406], [-73.06819, 44.43415], [-73.069, 44.43426], [-73.07031, 44.43446], [-73.07065, 44.43451], [-73.0709, 44.43455], [-73.07616, 44.43536], [-73.07883, 44.43576], [-73.08055, 44.43603], [-73.08105, 44.43611], [-73.08239, 44.43631], [-73.08252, 44.43632], [-73.08283, 44.43638], [-73.08326, 44.43643], [-73.08365, 44.43647], [-73.08475, 44.43661], [-73.08623, 44.43678], [-73.08697, 44.43685], [-73.08734, 44.4369], [-73.08845, 44.437], [-73.09021, 44.43717], [-73.09328, 44.43747], [-73.09365, 44.4375], [-73.09438, 44.43757], [-73.09557, 44.43768], [-73.09588, 44.43771], [-73.09625, 44.43775], [-73.09698, 44.43782], [-73.09735, 44.43785], [-73.0981, 44.43792], [-73.09829, 44.43794], [-73.09902, 44.43801], [-73.09958, 44.43807], [-73.10327, 44.43841], [-73.10475, 44.43856], [-73.10648, 44.43872], [-73.1088, 44.43894], [-73.10976, 44.43902], [-73.11156, 44.4392], [-73.11269, 44.43931], [-73.11307, 44.43934], [-73.11344, 44.43937], [-73.11381, 44.43942], [-73.11404, 44.43944], [-73.11427, 44.43945], [-73.11499, 44.43952], [-73.11502, 44.43953], [-73.11531, 44.43956], [-73.11643, 44.43966], [-73.11666, 44.43968], [-73.11822, 44.43982], [-73.11853, 44.43987], [-73.11959, 44.43996], [-73.12054, 44.44004], [-73.12152, 44.44014], [-73.12406, 44.44038], [-73.12422, 44.44039], [-73.1259, 44.44055], [-73.12667, 44.44063], [-73.12925, 44.44087], [-73.1302, 44.44098], [-73.13064, 44.44105], [-73.1314, 44.44119], [-73.13144, 44.4412], [-73.13207, 44.44134], [-73.13269, 44.4415], [-73.13311, 44.44162], [-73.1334, 44.4417], [-73.13367, 44.4418], [-73.13395, 44.4419], [-73.1349, 44.44226], [-73.13531, 44.44241], [-73.13533, 44.44238], [-73.13536, 44.44232], [-73.13539, 44.44229], [-73.13541, 44.44226], [-73.13544, 44.44222], [-73.13545, 44.44218], [-73.13547, 44.44215], [-73.13551, 44.4421], [-73.13554, 44.44208], [-73.13555, 44.44207], [-73.13559, 44.44203], [-73.13562, 44.44201], [-73.13572, 44.44197], [-73.1358, 44.44196], [-73.13587, 44.44196], [-73.13594, 44.44197], [-73.13602, 44.44197], [-73.13609, 44.44195], [-73.13616, 44.44192], [-73.13621, 44.44186], [-73.13621, 44.44179], [-73.13618, 44.44173], [-73.13614, 44.44171], [-73.13607, 44.44167], [-73.13604, 44.44166], [-73.13601, 44.44163], [-73.13601, 44.44159], [-73.13598, 44.44153], [-73.13599, 44.4415], [-73.136, 44.44147], [-73.13602, 44.44144], [-73.13607, 44.44141], [-73.13612, 44.44139], [-73.1362, 44.44139], [-73.13627, 44.44139], [-73.13633, 44.44142], [-73.13636, 44.44145], [-73.13641, 44.44146], [-73.13646, 44.44146], [-73.1365, 44.44144], [-73.13655, 44.44142], [-73.13655, 44.44137], [-73.13652, 44.44134], [-73.13648, 44.44131], [-73.13643, 44.44127], [-73.1364, 44.44123], [-73.13637, 44.4412], [-73.13635, 44.44115], [-73.13636, 44.44111], [-73.13633, 44.44108], [-73.13632, 44.44104], [-73.13634, 44.441], [-73.13641, 44.44097], [-73.13649, 44.44094], [-73.13656, 44.4409], [-73.13661, 44.44087], [-73.13667, 44.44082], [-73.13673, 44.44076], [-73.13679, 44.44074], [-73.13684, 44.4407], [-73.1369, 44.44066], [-73.13692, 44.4406], [-73.13692, 44.44054], [-73.13688, 44.44047], [-73.1368, 44.44042], [-73.13673, 44.44038], [-73.13667, 44.44034], [-73.13661, 44.4403], [-73.13659, 44.44026], [-73.13656, 44.44022], [-73.13652, 44.4402], [-73.13648, 44.44019], [-73.13644, 44.44019], [-73.13637, 44.44016], [-73.1363, 44.44012], [-73.13626, 44.44008], [-73.13622, 44.44005], [-73.13618, 44.44001], [-73.13616, 44.43995], [-73.13617, 44.43991], [-73.13619, 44.43987], [-73.13619, 44.43983], [-73.13617, 44.43979], [-73.13614, 44.43975], [-73.13614, 44.43971], [-73.13614, 44.43965], [-73.13613, 44.43961], [-73.13615, 44.43956], [-73.13618, 44.43952], [-73.13622, 44.43949], [-73.13626, 44.43948], [-73.13634, 44.43948], [-73.13641, 44.43951], [-73.13645, 44.43953], [-73.1365, 44.43955], [-73.13655, 44.43956], [-73.1366, 44.43957], [-73.13665, 44.43958], [-73.1367, 44.43956], [-73.13675, 44.43954], [-73.13676, 44.4395], [-73.13675, 44.43946], [-73.13671, 44.43943], [-73.13665, 44.4394], [-73.13663, 44.43937], [-73.13662, 44.43931], [-73.13661, 44.43927], [-73.13658, 44.43922], [-73.13658, 44.4392], [-73.13658, 44.43915], [-73.13662, 44.43912], [-73.13668, 44.4391], [-73.13674, 44.43909], [-73.13681, 44.43905], [-73.13687, 44.43904], [-73.13691, 44.43906], [-73.13697, 44.43909], [-73.137, 44.43912], [-73.13705, 44.43917], [-73.13708, 44.43922], [-73.13714, 44.43925], [-73.1372, 44.43926], [-73.13724, 44.43927], [-73.1373, 44.43924], [-73.13736, 44.43922], [-73.13743, 44.43917], [-73.13746, 44.43912], [-73.13746, 44.43907], [-73.13743, 44.43902], [-73.13739, 44.43896], [-73.13733, 44.43892], [-73.13729, 44.43887], [-73.13723, 44.43881], [-73.13715, 44.43876], [-73.1371, 44.43873], [-73.13705, 44.4387], [-73.13703, 44.43867], [-73.137, 44.43861], [-73.13694, 44.43857], [-73.13689, 44.43854], [-73.13686, 44.43849], [-73.13681, 44.43845], [-73.13682, 44.43841], [-73.13683, 44.43838], [-73.13685, 44.43833], [-73.13693, 44.4383], [-73.13699, 44.4383], [-73.13708, 44.43832], [-73.13716, 44.43835], [-73.13723, 44.43839], [-73.13732, 44.43843], [-73.13741, 44.43845], [-73.13751, 44.43847], [-73.13759, 44.43848], [-73.13764, 44.43849], [-73.1377, 44.43847], [-73.13778, 44.43841], [-73.13786, 44.43837], [-73.13793, 44.43834], [-73.13801, 44.43829], [-73.13807, 44.43823], [-73.13812, 44.43818], [-73.13816, 44.43813], [-73.13819, 44.43807], [-73.13823, 44.43801], [-73.13827, 44.43797], [-73.13829, 44.43791], [-73.1383, 44.43783], [-73.13831, 44.43776], [-73.1383, 44.43773], [-73.1383, 44.43769], [-73.1383, 44.43764], [-73.13823, 44.43759], [-73.13819, 44.43757], [-73.13812, 44.43759], [-73.13804, 44.43762], [-73.13796, 44.43765], [-73.13785, 44.43769], [-73.13779, 44.43767], [-73.13769, 44.43768], [-73.13761, 44.4377], [-73.13753, 44.43772], [-73.13748, 44.43773], [-73.13744, 44.43773], [-73.1374, 44.43771], [-73.13738, 44.43768], [-73.13736, 44.43763], [-73.13735, 44.43758], [-73.13736, 44.43755], [-73.13737, 44.43753], [-73.1374, 44.43751], [-73.13745, 44.43749], [-73.1375, 44.4375], [-73.13755, 44.43751], [-73.13761, 44.43751], [-73.13766, 44.43749], [-73.13769, 44.43745], [-73.1377, 44.4374], [-73.1377, 44.43735], [-73.13768, 44.43732], [-73.13768, 44.43727], [-73.13765, 44.43722], [-73.13761, 44.43721], [-73.13756, 44.4372], [-73.13752, 44.4372], [-73.13746, 44.43721], [-73.13742, 44.43724], [-73.13737, 44.43726], [-73.13733, 44.43729], [-73.13728, 44.4373], [-73.13724, 44.43731], [-73.13719, 44.43729], [-73.13716, 44.43728], [-73.13712, 44.43724], [-73.1371, 44.43718], [-73.13709, 44.43711], [-73.13711, 44.43706], [-73.13715, 44.43701], [-73.13719, 44.43696], [-73.13721, 44.43692], [-73.13724, 44.43688], [-73.13727, 44.43684], [-73.13733, 44.43681], [-73.13736, 44.4368], [-73.1374, 44.43679], [-73.13744, 44.4368], [-73.13749, 44.43682], [-73.13751, 44.43685], [-73.13758, 44.43685], [-73.13765, 44.43684], [-73.13779, 44.43684], [-73.13789, 44.43684], [-73.13797, 44.43685], [-73.13806, 44.4368], [-73.13807, 44.43679], [-73.13814, 44.43677], [-73.13814, 44.43675], [-73.13815, 44.43671], [-73.13815, 44.43667], [-73.13811, 44.43662], [-73.1381, 44.43658], [-73.13805, 44.43656], [-73.13796, 44.43655], [-73.1379, 44.43654], [-73.13783, 44.4365], [-73.13777, 44.43646], [-73.13773, 44.43643], [-73.1377, 44.43635], [-73.13767, 44.43627], [-73.13765, 44.4362], [-73.13763, 44.43615], [-73.13763, 44.43612], [-73.13763, 44.43607], [-73.13763, 44.43602], [-73.13763, 44.43594], [-73.13759, 44.43589], [-73.13761, 44.43582], [-73.13768, 44.43578], [-73.13775, 44.43576], [-73.13783, 44.43572], [-73.1379, 44.4357], [-73.13797, 44.43567], [-73.13804, 44.43564], [-73.13812, 44.4356], [-73.13817, 44.43557], [-73.13822, 44.43553], [-73.1383, 44.4355], [-73.13837, 44.43547], [-73.13842, 44.43545], [-73.13848, 44.43542], [-73.13854, 44.43538], [-73.13862, 44.43532], [-73.13869, 44.43527], [-73.13878, 44.4352], [-73.13883, 44.43515], [-73.13888, 44.43516], [-73.13891, 44.4352], [-73.13894, 44.43524], [-73.13894, 44.43528], [-73.13893, 44.43532], [-73.13889, 44.43537], [-73.13885, 44.43538], [-73.13884, 44.43543], [-73.13886, 44.43547], [-73.13889, 44.4355], [-73.13897, 44.43553], [-73.13904, 44.43557], [-73.13912, 44.43559], [-73.1392, 44.43563], [-73.13926, 44.43567], [-73.13934, 44.43571], [-73.13939, 44.43572], [-73.13945, 44.43572], [-73.13951, 44.43571], [-73.13954, 44.43568], [-73.13957, 44.43563], [-73.13957, 44.43558], [-73.13958, 44.43552], [-73.13958, 44.43547], [-73.13961, 44.4354], [-73.13962, 44.43536], [-73.13964, 44.43532], [-73.13963, 44.43529], [-73.13963, 44.43525], [-73.13959, 44.43521], [-73.13955, 44.43517], [-73.13952, 44.43511], [-73.13951, 44.43506], [-73.13955, 44.43499], [-73.1396, 44.43495], [-73.13965, 44.43489], [-73.13973, 44.43484], [-73.1398, 44.4348], [-73.13986, 44.43477], [-73.13993, 44.43474], [-73.14, 44.43471], [-73.14006, 44.43469], [-73.14011, 44.43468], [-73.14017, 44.43467], [-73.14023, 44.43468], [-73.14028, 44.43471], [-73.14033, 44.43475], [-73.14036, 44.43479], [-73.14039, 44.43483], [-73.14041, 44.43487], [-73.14045, 44.4349], [-73.1405, 44.43489], [-73.14056, 44.43488], [-73.14063, 44.43486], [-73.14067, 44.43484], [-73.14067, 44.43479], [-73.14067, 44.43474], [-73.14066, 44.43469], [-73.14066, 44.43464], [-73.14066, 44.43458], [-73.14066, 44.43452], [-73.14066, 44.43448], [-73.14068, 44.43444], [-73.14071, 44.43443], [-73.14075, 44.43443], [-73.14081, 44.43441], [-73.14088, 44.43441], [-73.14093, 44.43444], [-73.14096, 44.43449], [-73.14099, 44.43454], [-73.14102, 44.43457], [-73.14105, 44.43461], [-73.14109, 44.43462], [-73.14115, 44.43462], [-73.14118, 44.43463], [-73.14136, 44.43458], [-73.14143, 44.43455], [-73.14145, 44.43453], [-73.14147, 44.4345], [-73.14151, 44.43449], [-73.14159, 44.43449], [-73.14168, 44.43448], [-73.14175, 44.43447], [-73.14184, 44.43444], [-73.14191, 44.43442], [-73.14197, 44.43438], [-73.14199, 44.43435], [-73.14198, 44.4343], [-73.14193, 44.43426], [-73.14189, 44.43425], [-73.14184, 44.43422], [-73.14178, 44.43419], [-73.14173, 44.43416], [-73.1417, 44.43413], [-73.14166, 44.43409], [-73.14162, 44.43407], [-73.14159, 44.43404], [-73.14157, 44.43402], [-73.14158, 44.43398], [-73.14161, 44.43394], [-73.14165, 44.4339], [-73.14173, 44.43387], [-73.14179, 44.43387], [-73.14184, 44.43388], [-73.1419, 44.43389], [-73.14196, 44.43387], [-73.14201, 44.43386], [-73.14206, 44.43383], [-73.14211, 44.43382], [-73.14216, 44.43379], [-73.14219, 44.43376], [-73.14219, 44.43372], [-73.14221, 44.43369], [-73.14227, 44.43365], [-73.14231, 44.43361], [-73.14234, 44.43358], [-73.14238, 44.43355], [-73.14245, 44.43349], [-73.14246, 44.43347], [-73.14251, 44.43344], [-73.14256, 44.43341], [-73.1426, 44.43337], [-73.14264, 44.43333], [-73.14264, 44.43328], [-73.14262, 44.43325], [-73.14259, 44.43321], [-73.14254, 44.43318], [-73.14248, 44.43317], [-73.14243, 44.43315], [-73.14238, 44.43311], [-73.14236, 44.43308], [-73.14234, 44.43303], [-73.14234, 44.43299], [-73.14238, 44.43297], [-73.14242, 44.43295], [-73.14245, 44.43292], [-73.1425, 44.43288], [-73.14254, 44.43283], [-73.14257, 44.4328], [-73.1426, 44.43278], [-73.14264, 44.43275], [-73.14266, 44.4327], [-73.14263, 44.43267], [-73.14259, 44.43264], [-73.14254, 44.43263], [-73.14248, 44.43261], [-73.14243, 44.4326], [-73.14238, 44.43257], [-73.14231, 44.43254], [-73.14225, 44.43251], [-73.1422, 44.43245], [-73.14216, 44.43241], [-73.14214, 44.43237], [-73.14214, 44.43233], [-73.14217, 44.43231], [-73.14223, 44.43231], [-73.14229, 44.43231], [-73.14235, 44.4323], [-73.14244, 44.43228], [-73.14253, 44.43225], [-73.14259, 44.43223], [-73.14261, 44.4322], [-73.14263, 44.43217], [-73.14262, 44.43214], [-73.14261, 44.43208], [-73.14261, 44.43204], [-73.14262, 44.43201], [-73.14263, 44.43197], [-73.14267, 44.43196], [-73.14272, 44.43197], [-73.14276, 44.43198], [-73.14281, 44.43199], [-73.14288, 44.43198], [-73.1429, 44.43198], [-73.14294, 44.43197], [-73.14298, 44.43196], [-73.14302, 44.43193], [-73.14305, 44.4319], [-73.14307, 44.43186], [-73.14308, 44.43179], [-73.14307, 44.43175], [-73.14304, 44.43171], [-73.14302, 44.43168], [-73.14303, 44.43163], [-73.14305, 44.43157], [-73.14307, 44.43153], [-73.14307, 44.43148], [-73.14307, 44.43146], [-73.14306, 44.43142], [-73.14305, 44.43138], [-73.14305, 44.43135], [-73.14311, 44.43128], [-73.14316, 44.43121], [-73.14319, 44.43118], [-73.14323, 44.43112], [-73.14328, 44.43109], [-73.14333, 44.43107], [-73.14337, 44.43107], [-73.14341, 44.43109], [-73.14345, 44.4311], [-73.14351, 44.43109], [-73.14356, 44.43106], [-73.1436, 44.43104], [-73.14367, 44.43102], [-73.14373, 44.43099], [-73.14381, 44.43098], [-73.14391, 44.43095], [-73.14398, 44.43091], [-73.14405, 44.43087], [-73.14408, 44.43083], [-73.14407, 44.43078], [-73.14405, 44.43073], [-73.144, 44.4307], [-73.14395, 44.43069], [-73.14389, 44.43071], [-73.14385, 44.43074], [-73.14379, 44.43076], [-73.14375, 44.43076], [-73.14371, 44.43075], [-73.1437, 44.43072], [-73.1437, 44.43069], [-73.14368, 44.43065], [-73.14365, 44.4306], [-73.14358, 44.43056], [-73.14352, 44.43055], [-73.14345, 44.43055], [-73.14339, 44.43055], [-73.14334, 44.4305], [-73.1433, 44.43046], [-73.14326, 44.43041], [-73.14328, 44.43037], [-73.14332, 44.43036], [-73.14337, 44.43036], [-73.14342, 44.43037], [-73.14347, 44.43036], [-73.14348, 44.43033], [-73.1435, 44.43029], [-73.14353, 44.43026], [-73.14357, 44.43023], [-73.14363, 44.43021], [-73.1437, 44.43021], [-73.14376, 44.43021], [-73.14382, 44.4302], [-73.14388, 44.43022], [-73.14394, 44.43026], [-73.14402, 44.43028], [-73.14409, 44.43029], [-73.14417, 44.43026], [-73.14425, 44.43023], [-73.14429, 44.4302], [-73.14431, 44.43013], [-73.1443, 44.43009], [-73.14426, 44.43003], [-73.14425, 44.42998], [-73.14424, 44.42992], [-73.14424, 44.42987], [-73.14424, 44.42983], [-73.14426, 44.4298], [-73.1443, 44.42976], [-73.14435, 44.42973], [-73.14442, 44.42974], [-73.14444, 44.42973], [-73.14451, 44.42971], [-73.14465, 44.42974], [-73.14473, 44.42977], [-73.14476, 44.42977], [-73.1448, 44.4298], [-73.14492, 44.42987], [-73.14502, 44.42988], [-73.14505, 44.42987], [-73.14507, 44.42986], [-73.14511, 44.42982], [-73.14513, 44.42981], [-73.14517, 44.4298], [-73.14523, 44.42977], [-73.1453, 44.42977], [-73.14539, 44.42975], [-73.14543, 44.4297], [-73.14545, 44.42966], [-73.14545, 44.4296], [-73.14546, 44.42955], [-73.14546, 44.42951], [-73.14544, 44.42943], [-73.14541, 44.42938], [-73.14539, 44.42932], [-73.14539, 44.42927], [-73.14538, 44.42921], [-73.14539, 44.42916], [-73.14542, 44.42914], [-73.14547, 44.42912], [-73.14552, 44.4291], [-73.14558, 44.42908], [-73.14564, 44.42906], [-73.14571, 44.42902], [-73.14576, 44.42899], [-73.14575, 44.42893], [-73.14569, 44.42889], [-73.14563, 44.42886], [-73.14559, 44.42882], [-73.14557, 44.42879], [-73.14555, 44.42873], [-73.14556, 44.4287], [-73.1456, 44.42867], [-73.14566, 44.42865], [-73.14573, 44.42863], [-73.14586, 44.42858], [-73.14595, 44.42852], [-73.14603, 44.42847], [-73.14611, 44.4284], [-73.14611, 44.42839], [-73.14614, 44.42838], [-73.14616, 44.42837], [-73.14621, 44.4283], [-73.14622, 44.42821], [-73.1462, 44.42812], [-73.14621, 44.42808], [-73.14623, 44.42805], [-73.14628, 44.42799], [-73.1463, 44.42792], [-73.14628, 44.42787], [-73.14629, 44.42784], [-73.1463, 44.4278], [-73.14631, 44.42776], [-73.1463, 44.42772], [-73.14627, 44.42769], [-73.14623, 44.42766], [-73.14621, 44.4276], [-73.14621, 44.42755], [-73.14622, 44.42752], [-73.14622, 44.42746], [-73.14621, 44.42742], [-73.14617, 44.42736], [-73.14612, 44.42732], [-73.14609, 44.42731], [-73.14603, 44.4273], [-73.14598, 44.42729], [-73.14592, 44.42729], [-73.14587, 44.42729], [-73.14583, 44.42729], [-73.14579, 44.42726], [-73.14577, 44.42723], [-73.14576, 44.42718], [-73.14577, 44.42714], [-73.14579, 44.42709], [-73.14578, 44.42704], [-73.14576, 44.42701], [-73.14572, 44.42697], [-73.14567, 44.42695], [-73.14557, 44.42691], [-73.14549, 44.42689], [-73.14543, 44.42686], [-73.14537, 44.42683], [-73.14534, 44.4268], [-73.14533, 44.42676], [-73.14533, 44.42673], [-73.14537, 44.42668], [-73.14541, 44.42665], [-73.14544, 44.42662], [-73.14544, 44.42659], [-73.1454, 44.42657], [-73.14535, 44.42652], [-73.14525, 44.42646], [-73.1452, 44.42643], [-73.14517, 44.42639], [-73.14514, 44.42633], [-73.14513, 44.42627], [-73.14512, 44.42621], [-73.14511, 44.42617], [-73.14506, 44.42614], [-73.14504, 44.42611], [-73.14503, 44.42606], [-73.14502, 44.42603], [-73.14501, 44.426], [-73.145, 44.42594], [-73.14496, 44.42586], [-73.14493, 44.42578], [-73.1449, 44.42572], [-73.14486, 44.42565], [-73.14483, 44.4256], [-73.1448, 44.42556], [-73.14477, 44.42552], [-73.14474, 44.42547], [-73.14472, 44.42542], [-73.14471, 44.42537], [-73.14471, 44.42532], [-73.14471, 44.42527], [-73.14472, 44.42522], [-73.14475, 44.42517], [-73.14479, 44.42511], [-73.14482, 44.42506], [-73.14485, 44.425], [-73.14489, 44.42496], [-73.14496, 44.42492], [-73.14503, 44.42491], [-73.14511, 44.42491], [-73.14519, 44.42493], [-73.14528, 44.42494], [-73.14535, 44.42495], [-73.14541, 44.42496], [-73.14545, 44.42498], [-73.14549, 44.42498], [-73.14558, 44.42495], [-73.1456, 44.42493], [-73.14559, 44.4249], [-73.14557, 44.42488], [-73.14553, 44.42486], [-73.14549, 44.42485], [-73.14547, 44.42484], [-73.14546, 44.42481], [-73.14546, 44.42477], [-73.14549, 44.4247], [-73.14556, 44.42467], [-73.1456, 44.42464], [-73.14561, 44.4246], [-73.14561, 44.42456], [-73.14561, 44.42453], [-73.14561, 44.4245], [-73.14563, 44.42445], [-73.14566, 44.42442], [-73.14571, 44.42442], [-73.14576, 44.4244], [-73.14582, 44.42438], [-73.14586, 44.42435], [-73.14587, 44.4243], [-73.14585, 44.42426], [-73.14582, 44.42424], [-73.14576, 44.42423], [-73.1457, 44.42421], [-73.14564, 44.42419], [-73.1456, 44.42416], [-73.14558, 44.42414], [-73.14554, 44.4241], [-73.14548, 44.42408], [-73.14544, 44.42405], [-73.14539, 44.42401], [-73.14533, 44.42398], [-73.14528, 44.42393], [-73.14525, 44.42388], [-73.14524, 44.42385], [-73.14521, 44.42381], [-73.14523, 44.42376], [-73.14524, 44.42371], [-73.14525, 44.42366], [-73.14527, 44.4236], [-73.14528, 44.42354], [-73.14531, 44.4235], [-73.14534, 44.42347], [-73.1454, 44.42344], [-73.14547, 44.42345], [-73.14551, 44.42347], [-73.14557, 44.42348], [-73.14562, 44.4235], [-73.14566, 44.42351], [-73.1457, 44.42355], [-73.14572, 44.42359], [-73.14577, 44.42361], [-73.14578, 44.42364], [-73.14591, 44.42353], [-73.14593, 44.4235], [-73.14595, 44.42343], [-73.14598, 44.42341], [-73.14601, 44.42336], [-73.14601, 44.42331], [-73.146, 44.42327], [-73.14599, 44.42322], [-73.14597, 44.42316], [-73.14597, 44.42312], [-73.14597, 44.42308], [-73.14599, 44.42306], [-73.146, 44.42302], [-73.14599, 44.42298], [-73.14597, 44.42292], [-73.14594, 44.42287], [-73.14592, 44.42282], [-73.14587, 44.42279], [-73.14581, 44.42278], [-73.14575, 44.42278], [-73.14567, 44.42277], [-73.14559, 44.42276], [-73.14553, 44.42275], [-73.14549, 44.42273], [-73.14548, 44.42269], [-73.14549, 44.42265], [-73.14553, 44.42264], [-73.14561, 44.42263], [-73.14565, 44.42262], [-73.14569, 44.42262], [-73.14574, 44.42262], [-73.14577, 44.42259], [-73.14579, 44.42256], [-73.1458, 44.42253], [-73.1458, 44.42249], [-73.14577, 44.42246], [-73.14571, 44.42244], [-73.14565, 44.42243], [-73.1456, 44.42242], [-73.14555, 44.42241], [-73.14551, 44.42239], [-73.14548, 44.42238], [-73.14542, 44.4223], [-73.14537, 44.42226], [-73.14534, 44.42222], [-73.14533, 44.42217], [-73.14528, 44.42214], [-73.14523, 44.42211], [-73.14519, 44.42209], [-73.14516, 44.42206], [-73.14513, 44.42203], [-73.14512, 44.42197], [-73.14516, 44.42196], [-73.14523, 44.42194], [-73.14531, 44.42193], [-73.14539, 44.42192], [-73.14547, 44.42192], [-73.14553, 44.4219], [-73.14558, 44.42188], [-73.1456, 44.42184], [-73.14559, 44.42181], [-73.14555, 44.42177], [-73.1455, 44.42175], [-73.14546, 44.42172], [-73.14542, 44.4217], [-73.14537, 44.42165], [-73.14533, 44.42158], [-73.14532, 44.42151], [-73.14539, 44.42144], [-73.14542, 44.4214], [-73.14543, 44.42122], [-73.14547, 44.42119], [-73.14547, 44.42117], [-73.14547, 44.4211], [-73.14546, 44.42103], [-73.14547, 44.42098], [-73.1455, 44.42094], [-73.14556, 44.42091], [-73.14561, 44.42089], [-73.14567, 44.42089], [-73.14572, 44.42089], [-73.14578, 44.42089], [-73.14585, 44.42086], [-73.14589, 44.42083], [-73.14592, 44.42078], [-73.14599, 44.42075], [-73.14604, 44.42073], [-73.14613, 44.42068], [-73.14621, 44.42067], [-73.14631, 44.42063], [-73.14634, 44.42056], [-73.14632, 44.42051], [-73.14628, 44.42046], [-73.14623, 44.42044], [-73.14615, 44.42044], [-73.14611, 44.42046], [-73.14607, 44.4205], [-73.14603, 44.42054], [-73.14597, 44.42056], [-73.14588, 44.42059], [-73.14582, 44.42059], [-73.14574, 44.42057], [-73.14568, 44.42056], [-73.14564, 44.42052], [-73.14565, 44.42048], [-73.14567, 44.42044], [-73.14568, 44.42039], [-73.14568, 44.42036], [-73.14566, 44.42033], [-73.14565, 44.42029], [-73.14565, 44.42025], [-73.14569, 44.42022], [-73.14573, 44.4202], [-73.14577, 44.42019], [-73.14581, 44.4202], [-73.14583, 44.42022], [-73.14588, 44.42023], [-73.14594, 44.42021], [-73.14596, 44.42018], [-73.14598, 44.42014], [-73.146, 44.42008], [-73.14603, 44.42004], [-73.14613, 44.42002], [-73.14621, 44.42003], [-73.14628, 44.42], [-73.14635, 44.41998], [-73.1464, 44.41996], [-73.14649, 44.41992], [-73.14654, 44.4199], [-73.14657, 44.41987], [-73.14658, 44.41983], [-73.14659, 44.41979], [-73.14657, 44.41975], [-73.14656, 44.41972], [-73.14653, 44.41967], [-73.14647, 44.41965], [-73.14639, 44.41962], [-73.14629, 44.41957], [-73.14623, 44.41954], [-73.14619, 44.41951], [-73.14614, 44.41948], [-73.14607, 44.41947], [-73.14604, 44.41943], [-73.14605, 44.41938], [-73.14605, 44.41933], [-73.14605, 44.4193], [-73.14606, 44.41926], [-73.14603, 44.4192], [-73.14602, 44.41916], [-73.14603, 44.41911], [-73.14608, 44.41906], [-73.14617, 44.41904], [-73.14623, 44.41901], [-73.1463, 44.41899], [-73.14635, 44.41896], [-73.14641, 44.41891], [-73.14645, 44.41887], [-73.14647, 44.41884], [-73.14648, 44.41881], [-73.14645, 44.41877], [-73.14641, 44.41876], [-73.14635, 44.41877], [-73.1463, 44.4188], [-73.14623, 44.41882], [-73.14617, 44.41882], [-73.14609, 44.41882], [-73.14604, 44.41881], [-73.14598, 44.4188], [-73.14595, 44.41876], [-73.14598, 44.41872], [-73.146, 44.41869], [-73.14599, 44.41865], [-73.14594, 44.41859], [-73.1459, 44.41853], [-73.14585, 44.4185], [-73.1458, 44.41846], [-73.14575, 44.41844], [-73.14573, 44.41839], [-73.14571, 44.41831], [-73.14567, 44.4182], [-73.14565, 44.41812], [-73.14561, 44.41805], [-73.14558, 44.418], [-73.14556, 44.41794], [-73.1455, 44.4179], [-73.14545, 44.41786], [-73.14539, 44.41782], [-73.14536, 44.41777], [-73.14535, 44.41773], [-73.14534, 44.41768], [-73.14536, 44.41765], [-73.14536, 44.41761], [-73.14531, 44.41757], [-73.14527, 44.41754], [-73.14525, 44.41751], [-73.14525, 44.41747], [-73.14526, 44.41744], [-73.14524, 44.41739], [-73.14521, 44.41735], [-73.14517, 44.41731], [-73.14511, 44.41727], [-73.14506, 44.41727], [-73.14502, 44.41725], [-73.145, 44.41722], [-73.14498, 44.41718], [-73.14498, 44.41713], [-73.14494, 44.41712], [-73.14489, 44.41707], [-73.14485, 44.41701], [-73.14484, 44.41696], [-73.14486, 44.41692], [-73.14491, 44.41688], [-73.14496, 44.41683], [-73.14498, 44.41682], [-73.14501, 44.41677], [-73.14504, 44.41673], [-73.14509, 44.41663], [-73.14511, 44.41653], [-73.14513, 44.4165], [-73.14517, 44.41647], [-73.1452, 44.41644], [-73.14519, 44.41639], [-73.14518, 44.41635], [-73.14512, 44.41633], [-73.14501, 44.41636], [-73.14497, 44.41632], [-73.14494, 44.4163], [-73.14494, 44.41626], [-73.14497, 44.41623], [-73.14498, 44.4162], [-73.14495, 44.41616], [-73.14487, 44.41616], [-73.14483, 44.41618], [-73.14478, 44.41617], [-73.14472, 44.41616], [-73.14468, 44.41611], [-73.14466, 44.41607], [-73.14465, 44.41601], [-73.14464, 44.41596], [-73.14467, 44.41595], [-73.14472, 44.41594], [-73.14477, 44.41594], [-73.14482, 44.41594], [-73.14487, 44.41595], [-73.14492, 44.41594], [-73.14498, 44.41592], [-73.14504, 44.41592], [-73.14508, 44.41592], [-73.14508, 44.41596], [-73.14508, 44.416], [-73.14509, 44.41603], [-73.14514, 44.41604], [-73.14519, 44.41603], [-73.14522, 44.41598], [-73.14522, 44.41592], [-73.14521, 44.41586], [-73.14517, 44.41581], [-73.14518, 44.41577], [-73.14519, 44.41569], [-73.14518, 44.41567], [-73.14521, 44.41563], [-73.14523, 44.41551], [-73.14523, 44.41542], [-73.14519, 44.41522], [-73.14522, 44.4152], [-73.14525, 44.41516], [-73.14529, 44.41512], [-73.1453, 44.41508], [-73.14529, 44.41503], [-73.14525, 44.41497], [-73.14526, 44.41487], [-73.14527, 44.41479], [-73.14528, 44.41472], [-73.14529, 44.41462], [-73.14529, 44.41455], [-73.14527, 44.41447], [-73.14525, 44.41442], [-73.14521, 44.41434], [-73.14516, 44.41426], [-73.14516, 44.41416], [-73.14514, 44.41407], [-73.14508, 44.41397], [-73.14502, 44.4139], [-73.14495, 44.41382], [-73.14489, 44.41375], [-73.14484, 44.41368], [-73.14481, 44.41362], [-73.1448, 44.41355], [-73.14475, 44.41343], [-73.14474, 44.41331], [-73.14473, 44.41321], [-73.14471, 44.41309], [-73.14471, 44.413], [-73.1447, 44.41291], [-73.14471, 44.4128], [-73.14469, 44.4127], [-73.14466, 44.41261], [-73.14464, 44.41254], [-73.14467, 44.41245], [-73.14466, 44.41237], [-73.14463, 44.41229], [-73.14458, 44.41224], [-73.14455, 44.41218], [-73.14456, 44.41209], [-73.14461, 44.41202], [-73.1447, 44.41195], [-73.14477, 44.41189], [-73.14481, 44.41184], [-73.14488, 44.41178], [-73.1449, 44.41175], [-73.14504, 44.4116], [-73.14509, 44.41155], [-73.14513, 44.4115], [-73.14519, 44.41144], [-73.14523, 44.41138], [-73.14528, 44.41135], [-73.14536, 44.41129], [-73.14543, 44.41125], [-73.1455, 44.41125], [-73.14559, 44.41127], [-73.14564, 44.41128], [-73.1457, 44.41133], [-73.14574, 44.41142], [-73.14581, 44.41148], [-73.14586, 44.41154], [-73.14591, 44.41162], [-73.14595, 44.4117], [-73.14599, 44.41175], [-73.14602, 44.41181], [-73.14602, 44.41185], [-73.14603, 44.41189], [-73.14603, 44.41192], [-73.14603, 44.41195], [-73.14607, 44.41198], [-73.14614, 44.41201], [-73.14623, 44.41203], [-73.14633, 44.41205], [-73.14642, 44.41206], [-73.14649, 44.41207], [-73.14657, 44.41208], [-73.14662, 44.4121], [-73.14667, 44.41212], [-73.14673, 44.41215], [-73.14677, 44.41216], [-73.14684, 44.41217], [-73.14689, 44.41216], [-73.14697, 44.41215], [-73.14702, 44.41215], [-73.14708, 44.41216], [-73.14716, 44.41217], [-73.14724, 44.41219], [-73.1473, 44.41221], [-73.14736, 44.41221], [-73.1474, 44.41222], [-73.14746, 44.41223], [-73.1475, 44.41226], [-73.14753, 44.41229], [-73.14759, 44.41233], [-73.14765, 44.41236], [-73.1477, 44.41237], [-73.14776, 44.41238], [-73.14782, 44.41239], [-73.1479, 44.41239], [-73.14799, 44.41239], [-73.14806, 44.41238], [-73.14813, 44.41236], [-73.14817, 44.41234], [-73.1482, 44.4123], [-73.14821, 44.41227], [-73.14822, 44.41223], [-73.14823, 44.41217], [-73.14824, 44.41213], [-73.14825, 44.41208], [-73.14827, 44.41204], [-73.1483, 44.41199], [-73.14831, 44.41195], [-73.14833, 44.41189], [-73.14833, 44.41182], [-73.14835, 44.41179], [-73.14837, 44.41178], [-73.14839, 44.41177], [-73.14839, 44.41176], [-73.14843, 44.41172], [-73.14847, 44.41169], [-73.14849, 44.41166], [-73.14853, 44.41164], [-73.14858, 44.41164], [-73.14863, 44.41165], [-73.1487, 44.41164], [-73.14876, 44.41166], [-73.14884, 44.41167], [-73.14893, 44.41168], [-73.14901, 44.41169], [-73.14908, 44.4117], [-73.14914, 44.41171], [-73.14919, 44.41172], [-73.14924, 44.41172], [-73.14932, 44.41173], [-73.14938, 44.41174], [-73.14947, 44.41175], [-73.14954, 44.41174], [-73.14959, 44.41171], [-73.14966, 44.41167], [-73.14973, 44.41164], [-73.14979, 44.41159], [-73.14987, 44.41154], [-73.14992, 44.41149], [-73.14996, 44.41143], [-73.15, 44.41139], [-73.15005, 44.41135], [-73.15011, 44.41133], [-73.15017, 44.41131], [-73.15022, 44.41129], [-73.15028, 44.41129], [-73.15035, 44.41128], [-73.1504, 44.41127], [-73.15046, 44.41126], [-73.15052, 44.41123], [-73.15058, 44.4112], [-73.15061, 44.41117], [-73.15067, 44.41112], [-73.15074, 44.41107], [-73.15079, 44.41102], [-73.15085, 44.41098], [-73.15088, 44.41093], [-73.15091, 44.4109], [-73.15092, 44.41085], [-73.15092, 44.41082], [-73.15094, 44.41077], [-73.15095, 44.41073], [-73.15098, 44.41069], [-73.15099, 44.41066], [-73.15104, 44.41065], [-73.15111, 44.41066], [-73.15115, 44.41067], [-73.15123, 44.41071], [-73.15128, 44.41073], [-73.15135, 44.41075], [-73.15139, 44.41077], [-73.15146, 44.41078], [-73.15156, 44.41076], [-73.15163, 44.41073], [-73.15167, 44.41069], [-73.15165, 44.41065], [-73.15161, 44.41062], [-73.15158, 44.41059], [-73.15156, 44.41056], [-73.15154, 44.41052], [-73.15153, 44.41048], [-73.15154, 44.41043], [-73.15155, 44.41039], [-73.15159, 44.41036], [-73.15162, 44.41033], [-73.15165, 44.4103], [-73.15169, 44.41026], [-73.15173, 44.41024], [-73.15178, 44.41023], [-73.15183, 44.41023], [-73.15188, 44.41022], [-73.15191, 44.4102], [-73.15196, 44.41018], [-73.15199, 44.41015], [-73.15202, 44.41013], [-73.15208, 44.41011], [-73.15213, 44.4101], [-73.15218, 44.41008], [-73.15224, 44.41006], [-73.15228, 44.41004], [-73.15231, 44.41001], [-73.15231, 44.40996], [-73.15229, 44.40991], [-73.15228, 44.40987], [-73.15227, 44.40983], [-73.15226, 44.4098], [-73.15228, 44.40977], [-73.1523, 44.40975], [-73.15232, 44.40971], [-73.15236, 44.40968], [-73.15236, 44.40963], [-73.15236, 44.4096], [-73.15235, 44.40955], [-73.15233, 44.40952], [-73.1523, 44.40947], [-73.1523, 44.40943], [-73.15229, 44.40938], [-73.1523, 44.40934], [-73.15232, 44.40929], [-73.15235, 44.40925], [-73.15239, 44.40922], [-73.15242, 44.40919], [-73.15249, 44.40916], [-73.15256, 44.40914], [-73.15265, 44.4091], [-73.15268, 44.40909], [-73.15274, 44.40906], [-73.15286, 44.40901], [-73.15292, 44.40897], [-73.15296, 44.40893], [-73.15301, 44.40887], [-73.15304, 44.40882], [-73.15307, 44.40877], [-73.15309, 44.40871], [-73.1531, 44.40863], [-73.15311, 44.40857], [-73.15313, 44.40851], [-73.15315, 44.40843], [-73.15318, 44.40835], [-73.1532, 44.40828], [-73.15324, 44.4082], [-73.15327, 44.40814], [-73.1533, 44.40806], [-73.15333, 44.40801], [-73.15337, 44.40795], [-73.15341, 44.40788], [-73.15344, 44.40782], [-73.15347, 44.40776], [-73.1535, 44.40767], [-73.15352, 44.40758], [-73.15356, 44.40749], [-73.15362, 44.40739], [-73.15367, 44.40732], [-73.15372, 44.40726], [-73.15378, 44.40724], [-73.15385, 44.40723], [-73.15391, 44.40722], [-73.15396, 44.40717], [-73.15405, 44.40709], [-73.15413, 44.40699], [-73.1542, 44.40694], [-73.15422, 44.40693], [-73.15428, 44.40688], [-73.15431, 44.40686], [-73.15436, 44.40681], [-73.1544, 44.40681], [-73.15447, 44.40679], [-73.15452, 44.40676], [-73.15456, 44.4067], [-73.15459, 44.40662], [-73.15464, 44.40656], [-73.15467, 44.40651], [-73.1547, 44.40646], [-73.15473, 44.40642], [-73.15476, 44.40638]]]}}, {"type": "Feature", "properties": {"tract_id": "50007002303", "name": "Census Tract 23.03", "income_2020": 113636, "poverty_rate_2020": 4.7, "population_2020": 4926}, "geometry": {"type": "Polygon", "coordinates": [[[-73.36286, 44.56426], [-73.36269, 44.56414], [-73.36185, 44.56375], [-73.36154, 44.56361], [-73.36146, 44.56356], [-73.36091, 44.56323], [-73.36009, 44.56255], [-73.35838, 44.56021], [-73.35805, 44.55976], [-73.35743, 44.55891], [-73.35741, 44.55887], [-73.35728, 44.55862], [-73.35717, 44.55847], [-73.35709, 44.55837], [-73.357, 44.55819], [-73.35679, 44.55792], [-73.35648, 44.55771], [-73.35621, 44.55748], [-73.35599, 44.55735], [-73.35577, 44.55719], [-73.35546, 44.55707], [-73.35519, 44.55692], [-73.35442, 44.55668], [-73.35418, 44.55658], [-73.35387, 44.55653], [-73.35382, 44.55651], [-73.35354, 44.5564], [-73.35335, 44.55638], [-73.35305, 44.55634], [-73.3529, 44.55632], [-73.35278, 44.55629], [-73.35266, 44.55626], [-73.35262, 44.55626], [-73.35251, 44.55623], [-73.35241, 44.55622], [-73.35229, 44.55619], [-73.35213, 44.55616], [-73.35186, 44.55613], [-73.35162, 44.55606], [-73.35137, 44.55601], [-73.35082, 44.55579], [-73.35052, 44.55561], [-73.35003, 44.55539], [-73.34988, 44.55528], [-73.3496, 44.55521], [-73.34951, 44.5551], [-73.34707, 44.55388], [-73.34495, 44.55283], [-73.34452, 44.55268], [-73.344, 44.55251], [-73.3437, 44.55231], [-73.34342, 44.55217], [-73.34324, 44.55204], [-73.34293, 44.55191], [-73.34272, 44.55172], [-73.34238, 44.55145], [-73.34205, 44.55111], [-73.34171, 44.5507], [-73.3415, 44.5504], [-73.34125, 44.5502], [-73.3411, 44.55001], [-73.33979, 44.54892], [-73.33958, 44.54876], [-73.33939, 44.54863], [-73.33921, 44.54846], [-73.339, 44.54829], [-73.33875, 44.54805], [-73.33875, 44.54793], [-73.33869, 44.5478], [-73.33866, 44.54768], [-73.33864, 44.54684], [-73.33863, 44.5468], [-73.33867, 44.54628], [-73.33861, 44.54613], [-73.33873, 44.54588], [-73.33888, 44.54558], [-73.339, 44.54539], [-73.33909, 44.5452], [-73.33918, 44.54506], [-73.33924, 44.54484], [-73.33931, 44.54448], [-73.33931, 44.54425], [-73.33931, 44.54393], [-73.33912, 44.54357], [-73.33901, 44.5433], [-73.33881, 44.54293], [-73.33836, 44.5426], [-73.33813, 44.54229], [-73.33758, 44.54194], [-73.33719, 44.54158], [-73.33667, 44.54107], [-73.33572, 44.54022], [-73.33525, 44.53974], [-73.33461, 44.53905], [-73.33427, 44.53878], [-73.33404, 44.53858], [-73.33386, 44.53841], [-73.33368, 44.53825], [-73.33267, 44.53724], [-73.33252, 44.53708], [-73.33234, 44.53687], [-73.33188, 44.5363], [-73.33161, 44.53592], [-73.33145, 44.53565], [-73.33137, 44.53541], [-73.33121, 44.53506], [-73.33109, 44.53482], [-73.331, 44.53454], [-73.33091, 44.53427], [-73.33085, 44.53397], [-73.33082, 44.53369], [-73.33082, 44.53333], [-73.33074, 44.53301], [-73.3308, 44.53268], [-73.3308, 44.5319], [-73.3308, 44.53171], [-73.33075, 44.53156], [-73.33072, 44.53146], [-73.3306, 44.53103], [-73.33045, 44.53079], [-73.33033, 44.53057], [-73.3303, 44.53045], [-73.33011, 44.53014], [-73.33002, 44.52996], [-73.32975, 44.52957], [-73.32947, 44.5292], [-73.32929, 44.52904], [-73.32917, 44.52889], [-73.32904, 44.52882], [-73.32892, 44.52871], [-73.32879, 44.52862], [-73.32852, 44.52847], [-73.32824, 44.52838], [-73.32781, 44.52822], [-73.32754, 44.52816], [-73.32711, 44.52806], [-73.32667, 44.52795], [-73.32633, 44.52787], [-73.32527, 44.52761], [-73.32485, 44.52751], [-73.32455, 44.5274], [-73.32428, 44.52724], [-73.32394, 44.52711], [-73.32376, 44.52698], [-73.32363, 44.52691], [-73.32342, 44.52681], [-73.32327, 44.5267], [-73.32312, 44.52654], [-73.32294, 44.52638], [-73.32278, 44.52622], [-73.32263, 44.52607], [-73.32248, 44.52592], [-73.32236, 44.52568], [-73.32222, 44.52544], [-73.32204, 44.52529], [-73.32198, 44.52509], [-73.32188, 44.52487], [-73.32176, 44.52469], [-73.32176, 44.52454], [-73.3217, 44.52439], [-73.32172, 44.52422], [-73.32173, 44.52414], [-73.32173, 44.52404], [-73.3218, 44.52332], [-73.32185, 44.52286], [-73.32185, 44.52246], [-73.32185, 44.52224], [-73.32179, 44.52203], [-73.32182, 44.5219], [-73.32173, 44.52153], [-73.3217, 44.5214], [-73.32167, 44.52119], [-73.32161, 44.52107], [-73.32146, 44.5208], [-73.3213, 44.52049], [-73.32121, 44.52032], [-73.32112, 44.51986], [-73.32118, 44.51963], [-73.32109, 44.5193], [-73.32143, 44.51645], [-73.32143, 44.51626], [-73.3214, 44.51613], [-73.3214, 44.51595], [-73.32136, 44.51578], [-73.32137, 44.5156], [-73.32137, 44.51548], [-73.32136, 44.51542], [-73.3213, 44.51528], [-73.32127, 44.51514], [-73.32124, 44.5149], [-73.31801, 44.51589], [-73.31668, 44.51632], [-73.31446, 44.51703], [-73.31029, 44.51836], [-73.27616, 44.5293], [-73.27571, 44.52944], [-73.27561, 44.52948], [-73.27504, 44.52986], [-73.27476, 44.53003], [-73.2745, 44.53018], [-73.27395, 44.53043], [-73.27335, 44.53062], [-73.27314, 44.53069], [-73.27271, 44.5308], [-73.27247, 44.53086], [-73.27171, 44.53101], [-73.27112, 44.53115], [-73.2707, 44.53133], [-73.27042, 44.53157], [-73.27024, 44.5319], [-73.27017, 44.53219], [-73.27017, 44.53233], [-73.27017, 44.53247], [-73.27029, 44.53281], [-73.27048, 44.53313], [-73.27122, 44.53374], [-73.27235, 44.53462], [-73.2731, 44.53528], [-73.27343, 44.53565], [-73.27356, 44.5358], [-73.27375, 44.53602], [-73.27402, 44.53647], [-73.27417, 44.53682], [-73.27423, 44.53712], [-73.2742, 44.53743], [-73.27408, 44.53774], [-73.27382, 44.53816], [-73.27353, 44.53851], [-73.27312, 44.53886], [-73.27276, 44.53909], [-73.27219, 44.53934], [-73.27162, 44.53953], [-73.2713, 44.5396], [-73.27091, 44.53968], [-73.27006, 44.53978], [-73.26935, 44.53983], [-73.26862, 44.53987], [-73.26792, 44.53988], [-73.26711, 44.53986], [-73.26664, 44.53981], [-73.26638, 44.53977], [-73.26604, 44.53972], [-73.26564, 44.53956], [-73.26539, 44.53936], [-73.26531, 44.5393], [-73.26511, 44.53906], [-73.26492, 44.53872], [-73.26481, 44.53846], [-73.26459, 44.53817], [-73.26434, 44.5378], [-73.26415, 44.53746], [-73.26408, 44.53708], [-73.26411, 44.53677], [-73.26418, 44.53648], [-73.26432, 44.5362], [-73.26459, 44.53576], [-73.26478, 44.53531], [-73.26485, 44.53499], [-73.2649, 44.53467], [-73.26489, 44.53433], [-73.26474, 44.534], [-73.26464, 44.53381], [-73.26456, 44.53366], [-73.26448, 44.53337], [-73.26452, 44.53301], [-73.26469, 44.53259], [-73.26497, 44.53205], [-73.26537, 44.53134], [-73.2658, 44.5307], [-73.26647, 44.52972], [-73.26681, 44.52916], [-73.26702, 44.52863], [-73.26715, 44.52807], [-73.2671, 44.52741], [-73.26677, 44.52663], [-73.26632, 44.52589], [-73.26554, 44.52515], [-73.26534, 44.52501], [-73.26512, 44.52483], [-73.26493, 44.52473], [-73.26479, 44.52463], [-73.26365, 44.52399], [-73.26283, 44.52363], [-73.26209, 44.5234], [-73.26164, 44.5233], [-73.26101, 44.52321], [-73.26025, 44.52317], [-73.25914, 44.52326], [-73.25892, 44.5233], [-73.2581, 44.52344], [-73.25749, 44.52364], [-73.25723, 44.52379], [-73.25685, 44.52415], [-73.25659, 44.5244], [-73.25614, 44.52466], [-73.25571, 44.52478], [-73.25548, 44.5248], [-73.25522, 44.52482], [-73.25458, 44.52483], [-73.25393, 44.52473], [-73.25332, 44.52454], [-73.25256, 44.52418], [-73.25181, 44.52365], [-73.25122, 44.52296], [-73.25083, 44.52265], [-73.25063, 44.52259], [-73.25032, 44.52257], [-73.25008, 44.52265], [-73.24992, 44.52277], [-73.24981, 44.52297], [-73.24977, 44.52321], [-73.24982, 44.52347], [-73.24985, 44.52354], [-73.24994, 44.52382], [-73.24999, 44.52436], [-73.24989, 44.52497], [-73.24959, 44.52554], [-73.24916, 44.5261], [-73.24862, 44.52661], [-73.24778, 44.52711], [-73.24744, 44.52728], [-73.24692, 44.52753], [-73.24587, 44.52788], [-73.24511, 44.52815], [-73.24467, 44.5283], [-73.24442, 44.52839], [-73.24387, 44.52861], [-73.24328, 44.52879], [-73.24262, 44.52897], [-73.24251, 44.52898], [-73.2421, 44.52899], [-73.24176, 44.52896], [-73.24139, 44.52879], [-73.24095, 44.52851], [-73.24064, 44.52823], [-73.24018, 44.52855], [-73.23987, 44.52881], [-73.23999, 44.52897], [-73.24007, 44.52909], [-73.24022, 44.52932], [-73.24041, 44.52961], [-73.2409, 44.53025], [-73.24105, 44.53045], [-73.24147, 44.53102], [-73.2417, 44.53131], [-73.24223, 44.53206], [-73.24198, 44.53231], [-73.24173, 44.5326], [-73.24158, 44.53274], [-73.24141, 44.53285], [-73.24122, 44.53294], [-73.24084, 44.53314], [-73.24036, 44.53339], [-73.24025, 44.53347], [-73.24013, 44.53356], [-73.23998, 44.53371], [-73.23979, 44.53393], [-73.23921, 44.53466], [-73.23899, 44.53492], [-73.23889, 44.53507], [-73.2388, 44.5352], [-73.23845, 44.53574], [-73.23833, 44.53593], [-73.23821, 44.53614], [-73.23813, 44.53632], [-73.23804, 44.53674], [-73.23802, 44.53694], [-73.23799, 44.53711], [-73.2379, 44.53777], [-73.23789, 44.53799], [-73.23791, 44.53814], [-73.23794, 44.53829], [-73.238, 44.53842], [-73.23803, 44.53849], [-73.23811, 44.53869], [-73.23829, 44.53907], [-73.23841, 44.5394], [-73.23847, 44.53953], [-73.23878, 44.54033], [-73.2389, 44.54059], [-73.23895, 44.54073], [-73.23899, 44.54087], [-73.23907, 44.54114], [-73.23911, 44.54135], [-73.23916, 44.54157], [-73.23932, 44.5419], [-73.23943, 44.54218], [-73.23951, 44.54246], [-73.23959, 44.54264], [-73.2395, 44.5431], [-73.23943, 44.5437], [-73.23936, 44.544], [-73.23917, 44.54444], [-73.23887, 44.54495], [-73.23818, 44.54585], [-73.23743, 44.54677], [-73.23575, 44.5489], [-73.23419, 44.55094], [-73.23379, 44.55146], [-73.23378, 44.55146], [-73.23376, 44.5515], [-73.23269, 44.55286], [-73.23265, 44.55353], [-73.23277, 44.55356], [-73.23294, 44.55366], [-73.23305, 44.55377], [-73.23328, 44.5541], [-73.23331, 44.55422], [-73.23337, 44.55434], [-73.2336, 44.55473], [-73.23375, 44.55519], [-73.23377, 44.5553], [-73.23399, 44.55575], [-73.234, 44.55585], [-73.23396, 44.5559], [-73.23367, 44.55611], [-73.23348, 44.55631], [-73.23321, 44.5567], [-73.23293, 44.55701], [-73.23288, 44.55717], [-73.23282, 44.55724], [-73.23274, 44.55732], [-73.23237, 44.55753], [-73.2317, 44.55798], [-73.23132, 44.55827], [-73.23103, 44.55858], [-73.23069, 44.55902], [-73.22987, 44.55993], [-73.22976, 44.5601], [-73.22964, 44.56041], [-73.22963, 44.5605], [-73.22966, 44.56061], [-73.22973, 44.56075], [-73.22972, 44.56095], [-73.22962, 44.56108], [-73.22951, 44.56117], [-73.22916, 44.56128], [-73.229, 44.56137], [-73.2288, 44.56158], [-73.2284, 44.5622], [-73.22823, 44.56253], [-73.20924, 44.56253], [-73.2094, 44.56394], [-73.20983, 44.56622], [-73.21632, 44.56937], [-73.22078, 44.5724], [-73.22639, 44.5762], [-73.23785, 44.58146], [-73.25652, 44.58643], [-73.2573, 44.58649], [-73.26774, 44.59103], [-73.27056, 44.59255], [-73.27299, 44.59142], [-73.27512, 44.59052], [-73.2775, 44.58937], [-73.27932, 44.58859], [-73.28194, 44.58761], [-73.28395, 44.58685], [-73.28635, 44.58583], [-73.28714, 44.5855], [-73.28927, 44.58463], [-73.29154, 44.58379], [-73.29444, 44.58278], [-73.29734, 44.58171], [-73.30041, 44.58078], [-73.30313, 44.57974], [-73.30523, 44.57927], [-73.30725, 44.57868], [-73.3105, 44.57766], [-73.31518, 44.57625], [-73.31536, 44.57621], [-73.31548, 44.57618], [-73.31757, 44.57569], [-73.32061, 44.57478], [-73.32409, 44.57384], [-73.32677, 44.57306], [-73.32766, 44.57279], [-73.32962, 44.57242], [-73.33332, 44.57156], [-73.33607, 44.57094], [-73.33877, 44.57034], [-73.34224, 44.56944], [-73.34436, 44.56886], [-73.34634, 44.56837], [-73.34844, 44.56774], [-73.35085, 44.5671], [-73.35371, 44.5665], [-73.35583, 44.56597], [-73.35796, 44.56543], [-73.36006, 44.56491], [-73.36286, 44.56426]]]}}, {"type": "Feature", "properties": {"tract_id": "50007002202", "name": "Census Tract 22.02", "income_2020": 87444, "poverty_rate_2020": 4.2, "population_2020": 4950}, "geometry": {"type": "Polygon", "coordinates": [[[-73.19941, 44.53821], [-73.19941, 44.53777], [-73.19939, 44.5374], [-73.19937, 44.53719], [-73.19933, 44.53697], [-73.19929, 44.53675], [-73.19924, 44.53653], [-73.19919, 44.53632], [-73.19909, 44.53604], [-73.19896, 44.5357], [-73.19887, 44.5355], [-73.19878, 44.5353], [-73.19861, 44.53497], [-73.19842, 44.53466], [-73.19821, 44.53435], [-73.19799, 44.53406], [-73.19757, 44.5335], [-73.19745, 44.53335], [-73.19732, 44.53318], [-73.19716, 44.533], [-73.19704, 44.53284], [-73.19627, 44.53189], [-73.19599, 44.5315], [-73.19574, 44.53111], [-73.19529, 44.53044], [-73.19527, 44.53039], [-73.19496, 44.5298], [-73.19477, 44.52941], [-73.1946, 44.52901], [-73.19439, 44.52847], [-73.19431, 44.52827], [-73.19418, 44.52785], [-73.19406, 44.52743], [-73.19395, 44.52701], [-73.19386, 44.52658], [-73.19371, 44.52573], [-73.19341, 44.52398], [-73.19333, 44.52345], [-73.1933, 44.52346], [-73.19325, 44.52349], [-73.19309, 44.52352], [-73.19305, 44.52353], [-73.19303, 44.52353], [-73.19296, 44.52353], [-73.19281, 44.52352], [-73.19275, 44.52351], [-73.19269, 44.52349], [-73.19267, 44.52347], [-73.1926, 44.52343], [-73.19258, 44.52342], [-73.19256, 44.52341], [-73.19247, 44.52331], [-73.19238, 44.5232], [-73.19235, 44.52315], [-73.19234, 44.52313], [-73.19229, 44.52305], [-73.19221, 44.52297], [-73.19219, 44.52296], [-73.19217, 44.52294], [-73.19205, 44.5229], [-73.192, 44.5229], [-73.19192, 44.52293], [-73.19182, 44.52295], [-73.19153, 44.52298], [-73.19092, 44.52307], [-73.19072, 44.52311], [-73.19064, 44.52314], [-73.19057, 44.52316], [-73.19048, 44.52318], [-73.19044, 44.52318], [-73.19037, 44.52321], [-73.19011, 44.52325], [-73.18985, 44.52327], [-73.18928, 44.52331], [-73.18909, 44.52335], [-73.18903, 44.52338], [-73.18901, 44.52338], [-73.18895, 44.5234], [-73.18887, 44.52346], [-73.18881, 44.52351], [-73.18879, 44.52353], [-73.18876, 44.52355], [-73.18876, 44.52357], [-73.18857, 44.52376], [-73.1883, 44.52408], [-73.18823, 44.52419], [-73.18821, 44.52421], [-73.18819, 44.52424], [-73.18817, 44.52425], [-73.18815, 44.52429], [-73.18794, 44.52453], [-73.18789, 44.52457], [-73.18748, 44.52488], [-73.18745, 44.52488], [-73.18743, 44.5249], [-73.1874, 44.5249], [-73.18734, 44.52493], [-73.18706, 44.52502], [-73.18704, 44.52503], [-73.187, 44.52504], [-73.18697, 44.52505], [-73.1868, 44.52507], [-73.18657, 44.52508], [-73.18642, 44.52508], [-73.1862, 44.52505], [-73.18617, 44.52505], [-73.18599, 44.52502], [-73.18596, 44.52502], [-73.18576, 44.52499], [-73.18569, 44.52498], [-73.18563, 44.52497], [-73.18533, 44.52492], [-73.18515, 44.5249], [-73.185, 44.52487], [-73.18489, 44.52486], [-73.18487, 44.52485], [-73.1846, 44.5248], [-73.18444, 44.52475], [-73.18439, 44.52474], [-73.18437, 44.52473], [-73.18428, 44.52471], [-73.18417, 44.52467], [-73.18409, 44.52465], [-73.18392, 44.52461], [-73.18389, 44.52459], [-73.18381, 44.52457], [-73.18375, 44.52453], [-73.18351, 44.52444], [-73.18345, 44.52442], [-73.18343, 44.52441], [-73.18341, 44.5244], [-73.18325, 44.52433], [-73.18316, 44.5243], [-73.18314, 44.52428], [-73.18273, 44.52408], [-73.1827, 44.52407], [-73.18258, 44.52402], [-73.18245, 44.52395], [-73.18227, 44.52385], [-73.18222, 44.52381], [-73.18202, 44.52367], [-73.18193, 44.52362], [-73.18183, 44.52357], [-73.18181, 44.52357], [-73.18176, 44.52353], [-73.18151, 44.52341], [-73.18126, 44.5233], [-73.18108, 44.52324], [-73.18105, 44.52323], [-73.18092, 44.52319], [-73.1809, 44.52318], [-73.18076, 44.52314], [-73.18053, 44.52311], [-73.18027, 44.52309], [-73.17994, 44.52309], [-73.17987, 44.52311], [-73.17942, 44.5231], [-73.17926, 44.52308], [-73.17915, 44.52308], [-73.17872, 44.52305], [-73.1787, 44.52304], [-73.1786, 44.52303], [-73.17847, 44.52301], [-73.17845, 44.523], [-73.17831, 44.52299], [-73.17814, 44.52297], [-73.17774, 44.52295], [-73.17758, 44.52295], [-73.17735, 44.52297], [-73.17724, 44.52298], [-73.17716, 44.52298], [-73.17677, 44.52301], [-73.17668, 44.523], [-73.1765, 44.52298], [-73.17641, 44.52296], [-73.17635, 44.52295], [-73.17625, 44.52292], [-73.17617, 44.5229], [-73.17607, 44.52287], [-73.17602, 44.52285], [-73.17592, 44.52282], [-73.1758, 44.52278], [-73.17529, 44.52262], [-73.17504, 44.52255], [-73.17458, 44.52244], [-73.17418, 44.52236], [-73.17415, 44.52236], [-73.17408, 44.52234], [-73.17394, 44.52232], [-73.17392, 44.52231], [-73.17375, 44.52228], [-73.1737, 44.52226], [-73.17353, 44.52224], [-73.17337, 44.5222], [-73.17293, 44.52207], [-73.17289, 44.52206], [-73.17279, 44.52203], [-73.17276, 44.52203], [-73.17266, 44.522], [-73.17244, 44.52194], [-73.17205, 44.52185], [-73.17184, 44.52184], [-73.17182, 44.52183], [-73.17124, 44.52185], [-73.17121, 44.52185], [-73.17119, 44.52185], [-73.17089, 44.52187], [-73.17058, 44.52183], [-73.17045, 44.5218], [-73.17018, 44.52173], [-73.16994, 44.52164], [-73.1699, 44.52161], [-73.16988, 44.52159], [-73.16982, 44.52157], [-73.16965, 44.52143], [-73.16957, 44.52135], [-73.16955, 44.52132], [-73.16951, 44.52128], [-73.16932, 44.52113], [-73.16918, 44.52104], [-73.16869, 44.52079], [-73.16867, 44.52078], [-73.16864, 44.52077], [-73.16863, 44.52075], [-73.16857, 44.52072], [-73.16821, 44.5205], [-73.16817, 44.52046], [-73.16807, 44.52038], [-73.16792, 44.52026], [-73.1678, 44.52013], [-73.16778, 44.5201], [-73.16775, 44.52008], [-73.1677, 44.52], [-73.16766, 44.51997], [-73.16749, 44.51974], [-73.16728, 44.51953], [-73.16713, 44.51939], [-73.1671, 44.51935], [-73.16693, 44.51922], [-73.16671, 44.51906], [-73.16662, 44.51901], [-73.16659, 44.519], [-73.16654, 44.51897], [-73.16648, 44.51894], [-73.16629, 44.51886], [-73.16625, 44.51885], [-73.16623, 44.51884], [-73.16621, 44.51883], [-73.166, 44.51876], [-73.16585, 44.51871], [-73.16571, 44.51868], [-73.16569, 44.51868], [-73.16566, 44.51867], [-73.16538, 44.51861], [-73.1653, 44.5186], [-73.16517, 44.51857], [-73.16509, 44.51856], [-73.16496, 44.51853], [-73.16487, 44.51853], [-73.1647, 44.51851], [-73.16458, 44.51849], [-73.16448, 44.51848], [-73.16441, 44.51846], [-73.16429, 44.51844], [-73.16421, 44.51842], [-73.16415, 44.51839], [-73.16413, 44.51839], [-73.1639, 44.51832], [-73.16384, 44.51829], [-73.16371, 44.51826], [-73.1636, 44.51822], [-73.16354, 44.51821], [-73.16339, 44.51816], [-73.163, 44.51808], [-73.16272, 44.51802], [-73.16269, 44.51802], [-73.16263, 44.518], [-73.1624, 44.51795], [-73.16231, 44.51792], [-73.16229, 44.51792], [-73.16226, 44.51791], [-73.16223, 44.51791], [-73.16209, 44.51787], [-73.1619, 44.51784], [-73.16172, 44.51785], [-73.16154, 44.51787], [-73.16141, 44.51786], [-73.16127, 44.51779], [-73.16097, 44.51762], [-73.1609, 44.51759], [-73.1608, 44.51756], [-73.16077, 44.51755], [-73.1607, 44.51753], [-73.16061, 44.51751], [-73.16052, 44.51747], [-73.16032, 44.5174], [-73.1603, 44.51739], [-73.16024, 44.51736], [-73.16022, 44.51735], [-73.1602, 44.51735], [-73.16013, 44.51732], [-73.1601, 44.51731], [-73.16005, 44.51728], [-73.16001, 44.51727], [-73.15983, 44.51719], [-73.15979, 44.51718], [-73.15972, 44.51713], [-73.1597, 44.51712], [-73.15957, 44.51706], [-73.15955, 44.51705], [-73.15953, 44.51704], [-73.15946, 44.517], [-73.15944, 44.517], [-73.15942, 44.51698], [-73.15937, 44.51696], [-73.15934, 44.51696], [-73.15931, 44.51694], [-73.15927, 44.51692], [-73.15916, 44.5169], [-73.15898, 44.51687], [-73.15864, 44.51685], [-73.15845, 44.51682], [-73.15837, 44.5168], [-73.15819, 44.51674], [-73.15813, 44.51669], [-73.15805, 44.51661], [-73.15799, 44.51647], [-73.15796, 44.51637], [-73.1579, 44.51612], [-73.15791, 44.51606], [-73.1579, 44.51599], [-73.15791, 44.51592], [-73.15788, 44.51561], [-73.15787, 44.51558], [-73.15788, 44.51556], [-73.15785, 44.51538], [-73.15782, 44.51529], [-73.15779, 44.51524], [-73.15778, 44.51523], [-73.15772, 44.51509], [-73.15771, 44.51499], [-73.15772, 44.51493], [-73.15774, 44.51487], [-73.15783, 44.51478], [-73.15791, 44.51474], [-73.15793, 44.51474], [-73.15796, 44.51472], [-73.15797, 44.5147], [-73.15797, 44.51467], [-73.15795, 44.51462], [-73.15787, 44.51451], [-73.15781, 44.51439], [-73.15772, 44.51426], [-73.15758, 44.51415], [-73.15753, 44.51412], [-73.15751, 44.51411], [-73.15746, 44.5141], [-73.15739, 44.51407], [-73.15729, 44.51395], [-73.1572, 44.51383], [-73.15717, 44.51377], [-73.15714, 44.51374], [-73.15714, 44.51372], [-73.1571, 44.51363], [-73.15708, 44.51349], [-73.15708, 44.51343], [-73.15705, 44.51339], [-73.15689, 44.51328], [-73.15677, 44.5132], [-73.15668, 44.51311], [-73.1565, 44.51294], [-73.15641, 44.51283], [-73.15636, 44.51276], [-73.15608, 44.51247], [-73.15581, 44.51225], [-73.15564, 44.51212], [-73.15531, 44.51193], [-73.15527, 44.51192], [-73.15526, 44.51191], [-73.15523, 44.51189], [-73.15521, 44.51188], [-73.15518, 44.51187], [-73.15516, 44.51185], [-73.15513, 44.51184], [-73.15511, 44.51182], [-73.15508, 44.51181], [-73.15501, 44.51176], [-73.15499, 44.51176], [-73.15495, 44.51173], [-73.15487, 44.51169], [-73.15485, 44.51168], [-73.15482, 44.51166], [-73.1548, 44.51165], [-73.15465, 44.51157], [-73.1546, 44.51154], [-73.15457, 44.51152], [-73.15454, 44.51151], [-73.15452, 44.5115], [-73.1545, 44.51149], [-73.15443, 44.51144], [-73.15437, 44.51142], [-73.15434, 44.5114], [-73.15416, 44.5113], [-73.15403, 44.5112], [-73.15398, 44.51118], [-73.15396, 44.51115], [-73.15386, 44.51109], [-73.15381, 44.51104], [-73.15374, 44.51097], [-73.1535, 44.51074], [-73.15341, 44.51067], [-73.1533, 44.5106], [-73.15311, 44.51049], [-73.15308, 44.51048], [-73.15304, 44.51045], [-73.15296, 44.51041], [-73.15293, 44.51039], [-73.15291, 44.51038], [-73.15288, 44.51037], [-73.15287, 44.51035], [-73.15284, 44.51034], [-73.15275, 44.51029], [-73.15272, 44.51027], [-73.1527, 44.51026], [-73.15258, 44.51019], [-73.15251, 44.51016], [-73.1525, 44.51015], [-73.15244, 44.51012], [-73.15242, 44.51011], [-73.1524, 44.5101], [-73.15238, 44.51009], [-73.15232, 44.51006], [-73.15229, 44.51005], [-73.15228, 44.51003], [-73.15222, 44.51001], [-73.15217, 44.50999], [-73.15215, 44.50997], [-73.15204, 44.50992], [-73.15195, 44.50987], [-73.15189, 44.50984], [-73.15187, 44.50982], [-73.15184, 44.50981], [-73.15182, 44.5098], [-73.15159, 44.50967], [-73.15156, 44.50967], [-73.15155, 44.50965], [-73.15148, 44.50963], [-73.15137, 44.50958], [-73.15128, 44.50955], [-73.15117, 44.50952], [-73.15115, 44.50951], [-73.15098, 44.50947], [-73.15083, 44.50945], [-73.15057, 44.5094], [-73.15049, 44.50939], [-73.15031, 44.50936], [-73.14998, 44.50932], [-73.1496, 44.50928], [-73.14923, 44.50926], [-73.14896, 44.50926], [-73.1488, 44.50927], [-73.14837, 44.50926], [-73.14818, 44.50924], [-73.148, 44.50922], [-73.14767, 44.50916], [-73.14752, 44.50911], [-73.14731, 44.50901], [-73.14722, 44.50896], [-73.14711, 44.50888], [-73.14697, 44.50879], [-73.14694, 44.50879], [-73.1469, 44.50877], [-73.14686, 44.50875], [-73.14671, 44.50873], [-73.14658, 44.50874], [-73.1465, 44.50875], [-73.14641, 44.50878], [-73.14633, 44.50879], [-73.14627, 44.5088], [-73.14615, 44.50882], [-73.14613, 44.50882], [-73.1459, 44.50885], [-73.14576, 44.50885], [-73.14555, 44.50884], [-73.14555, 44.50885], [-73.14551, 44.5089], [-73.14544, 44.50895], [-73.14531, 44.50904], [-73.14518, 44.50908], [-73.14492, 44.50913], [-73.14485, 44.50915], [-73.14456, 44.50922], [-73.14444, 44.50925], [-73.14425, 44.50929], [-73.14405, 44.50934], [-73.14387, 44.50936], [-73.14381, 44.50938], [-73.14374, 44.5094], [-73.14372, 44.50941], [-73.14371, 44.50941], [-73.14369, 44.50941], [-73.14357, 44.50945], [-73.14347, 44.5095], [-73.1434, 44.50955], [-73.14332, 44.50961], [-73.14272, 44.5104], [-73.14246, 44.51076], [-73.14214, 44.51117], [-73.14118, 44.51244], [-73.14114, 44.5125], [-73.14048, 44.51336], [-73.13936, 44.51484], [-73.13718, 44.51771], [-73.13488, 44.52073], [-73.1323, 44.52413], [-73.12983, 44.52738], [-73.12909, 44.52836], [-73.12868, 44.52889], [-73.12814, 44.5296], [-73.12745, 44.53052], [-73.1263, 44.53203], [-73.12301, 44.53646], [-73.12012, 44.5404], [-73.11993, 44.54066], [-73.1199, 44.54071], [-73.11499, 44.54735], [-73.11497, 44.54739], [-73.10366, 44.56273], [-73.10151, 44.56564], [-73.09952, 44.56833], [-73.09792, 44.57051], [-73.09882, 44.57086], [-73.10003, 44.57133], [-73.10023, 44.57141], [-73.1035, 44.57269], [-73.10355, 44.5727], [-73.10359, 44.57272], [-73.11292, 44.57621], [-73.12081, 44.57917], [-73.12125, 44.57933], [-73.12328, 44.5801], [-73.12454, 44.58057], [-73.12663, 44.58135], [-73.12715, 44.58154], [-73.12826, 44.58196], [-73.12928, 44.58234], [-73.13566, 44.58472], [-73.13814, 44.58564], [-73.13811, 44.58561], [-73.13786, 44.58521], [-73.13782, 44.58511], [-73.13779, 44.58504], [-73.13773, 44.58487], [-73.1377, 44.58461], [-73.13771, 44.5844], [-73.13784, 44.58389], [-73.13789, 44.5835], [-73.138, 44.58334], [-73.13812, 44.58328], [-73.13825, 44.58325], [-73.13848, 44.58326], [-73.13894, 44.58333], [-73.13947, 44.5834], [-73.13958, 44.5834], [-73.13981, 44.58342], [-73.14015, 44.58342], [-73.14042, 44.58339], [-73.14098, 44.58321], [-73.14116, 44.58317], [-73.14135, 44.58315], [-73.14181, 44.58315], [-73.14259, 44.58306], [-73.14291, 44.58301], [-73.14326, 44.58289], [-73.14369, 44.58268], [-73.14447, 44.5824], [-73.14482, 44.58224], [-73.14544, 44.58182], [-73.14724, 44.58053], [-73.14757, 44.58041], [-73.14797, 44.58031], [-73.14828, 44.58031], [-73.14853, 44.58033], [-73.14886, 44.58034], [-73.14912, 44.58031], [-73.1494, 44.58024], [-73.14957, 44.58016], [-73.14981, 44.58], [-73.15021, 44.57963], [-73.15036, 44.57953], [-73.15054, 44.57945], [-73.15077, 44.57939], [-73.15132, 44.57929], [-73.15155, 44.5792], [-73.1517, 44.5791], [-73.15206, 44.57878], [-73.15228, 44.57863], [-73.15248, 44.57853], [-73.15293, 44.57837], [-73.15316, 44.57824], [-73.15348, 44.57798], [-73.15371, 44.57775], [-73.15389, 44.57762], [-73.15427, 44.57746], [-73.15488, 44.57728], [-73.15521, 44.57711], [-73.15521, 44.57676], [-73.15524, 44.57655], [-73.1553, 44.57638], [-73.15545, 44.57617], [-73.15567, 44.57597], [-73.15578, 44.57573], [-73.15582, 44.57567], [-73.15588, 44.57561], [-73.15596, 44.57557], [-73.15604, 44.57556], [-73.15613, 44.57557], [-73.15632, 44.57569], [-73.15646, 44.5757], [-73.15657, 44.57567], [-73.15669, 44.5756], [-73.15697, 44.57528], [-73.15724, 44.57513], [-73.15739, 44.57509], [-73.15767, 44.57505], [-73.15797, 44.57506], [-73.15833, 44.57511], [-73.15836, 44.57511], [-73.15793, 44.57412], [-73.1575, 44.57312], [-73.1574, 44.57292], [-73.15729, 44.57272], [-73.15717, 44.57254], [-73.15704, 44.57237], [-73.15675, 44.57204], [-73.1563, 44.57156], [-73.15616, 44.5714], [-73.15603, 44.57122], [-73.1559, 44.57105], [-73.15579, 44.57087], [-73.15568, 44.57068], [-73.15538, 44.57011], [-73.15522, 44.56978], [-73.15518, 44.56964], [-73.15514, 44.5695], [-73.15512, 44.56936], [-73.15512, 44.56922], [-73.15513, 44.56907], [-73.15516, 44.56893], [-73.1552, 44.56879], [-73.15525, 44.56866], [-73.15536, 44.56846], [-73.15547, 44.56828], [-73.1556, 44.5681], [-73.15714, 44.56598], [-73.15729, 44.56578], [-73.15733, 44.5658], [-73.15738, 44.56589], [-73.15747, 44.56621], [-73.15759, 44.56635], [-73.15764, 44.56638], [-73.15777, 44.56643], [-73.15798, 44.56647], [-73.15858, 44.56649], [-73.15883, 44.56657], [-73.15893, 44.56662], [-73.15909, 44.56675], [-73.15925, 44.56696], [-73.15935, 44.56714], [-73.15953, 44.56738], [-73.15985, 44.5675], [-73.16036, 44.56763], [-73.16075, 44.5678], [-73.16094, 44.56783], [-73.16141, 44.56787], [-73.16171, 44.56794], [-73.16197, 44.56796], [-73.16221, 44.56784], [-73.1623, 44.56782], [-73.16247, 44.56783], [-73.1627, 44.56789], [-73.1628, 44.56794], [-73.16305, 44.568], [-73.16319, 44.568], [-73.16349, 44.56796], [-73.16354, 44.56797], [-73.16361, 44.56804], [-73.16354, 44.56822], [-73.16334, 44.56852], [-73.16332, 44.56869], [-73.1634, 44.56889], [-73.16365, 44.56913], [-73.16375, 44.56922], [-73.16401, 44.56957], [-73.16443, 44.57005], [-73.16451, 44.57013], [-73.16507, 44.57091], [-73.16526, 44.57102], [-73.16548, 44.57107], [-73.16577, 44.57104], [-73.16608, 44.57106], [-73.16617, 44.57107], [-73.16661, 44.57121], [-73.16692, 44.57128], [-73.16708, 44.57129], [-73.16762, 44.57124], [-73.16786, 44.57127], [-73.16798, 44.57129], [-73.17191, 44.56612], [-73.17246, 44.56651], [-73.17237, 44.56667], [-73.17237, 44.56672], [-73.17239, 44.56694], [-73.1725, 44.56718], [-73.17253, 44.56733], [-73.1725, 44.56755], [-73.1725, 44.56758], [-73.17268, 44.56773], [-73.17271, 44.56779], [-73.17269, 44.5679], [-73.17259, 44.56811], [-73.17257, 44.56821], [-73.1726, 44.5685], [-73.17253, 44.56871], [-73.17255, 44.5688], [-73.17269, 44.569], [-73.17273, 44.5691], [-73.17273, 44.56923], [-73.17268, 44.56937], [-73.17267, 44.56947], [-73.1727, 44.56956], [-73.17292, 44.56981], [-73.17301, 44.57006], [-73.17311, 44.57018], [-73.17358, 44.57038], [-73.17463, 44.57092], [-73.17549, 44.57142], [-73.17561, 44.57147], [-73.17624, 44.57171], [-73.17697, 44.57184], [-73.17708, 44.57191], [-73.17747, 44.5719], [-73.17773, 44.57189], [-73.17794, 44.57188], [-73.17801, 44.57187], [-73.17802, 44.57181], [-73.17803, 44.57177], [-73.17803, 44.57175], [-73.17805, 44.57164], [-73.17815, 44.5711], [-73.17824, 44.57065], [-73.1785, 44.56931], [-73.17877, 44.56789], [-73.17899, 44.56682], [-73.17912, 44.5661], [-73.17934, 44.56502], [-73.1794, 44.56467], [-73.17962, 44.56367], [-73.17967, 44.56346], [-73.17973, 44.56325], [-73.17979, 44.56304], [-73.17984, 44.56283], [-73.17996, 44.56249], [-73.17999, 44.56241], [-73.18008, 44.56221], [-73.18015, 44.56201], [-73.18039, 44.56148], [-73.18046, 44.56127], [-73.18056, 44.56108], [-73.18067, 44.56089], [-73.18092, 44.56044], [-73.18126, 44.55988], [-73.1814, 44.55963], [-73.18172, 44.55914], [-73.18192, 44.55885], [-73.18252, 44.55794], [-73.18312, 44.55702], [-73.18352, 44.55641], [-73.18482, 44.5545], [-73.18555, 44.55335], [-73.18568, 44.55318], [-73.1858, 44.55299], [-73.18592, 44.55282], [-73.18595, 44.55277], [-73.18605, 44.55264], [-73.18618, 44.55247], [-73.18642, 44.55216], [-73.18644, 44.55213], [-73.18697, 44.55152], [-73.18712, 44.55135], [-73.18727, 44.55119], [-73.18757, 44.55088], [-73.18783, 44.55063], [-73.18831, 44.55018], [-73.18881, 44.54975], [-73.18897, 44.5496], [-73.18908, 44.54951], [-73.18937, 44.54928], [-73.19021, 44.54857], [-73.1905, 44.54834], [-73.19083, 44.54807], [-73.19112, 44.54782], [-73.19279, 44.54641], [-73.19308, 44.54618], [-73.19334, 44.54594], [-73.19446, 44.54501], [-73.19475, 44.54478], [-73.19558, 44.54408], [-73.19676, 44.54309], [-73.19684, 44.543], [-73.19693, 44.54294], [-73.19709, 44.5428], [-73.19725, 44.54264], [-73.19756, 44.54233], [-73.19784, 44.542], [-73.19803, 44.54177], [-73.19816, 44.5416], [-73.19829, 44.54141], [-73.19842, 44.54123], [-73.19853, 44.54105], [-73.19865, 44.54085], [-73.19875, 44.54066], [-73.19884, 44.54047], [-73.19893, 44.54026], [-73.19901, 44.54006], [-73.19917, 44.53957], [-73.19923, 44.53936], [-73.19929, 44.53915], [-73.19935, 44.53886], [-73.19938, 44.53864], [-73.1994, 44.53843], [-73.19941, 44.53821]]]}}, {"type": "Feature", "properties": {"tract_id": "50007002104", "name": "Census Tract 21.04", "income_2020": 88533, "poverty_rate_2020": 3.0, "population_2020": 3686}, "geometry": {"type": "Polygon", "coordinates": [[[-73.19841, 44.60782], [-73.19845, 44.6077], [-73.19826, 44.6076], [-73.19789, 44.60747], [-73.19645, 44.60695], [-73.1886, 44.60413], [-73.18848, 44.6041], [-73.1874, 44.60379], [-73.17791, 44.60031], [-73.17437, 44.59901], [-73.17304, 44.59852], [-73.17253, 44.59833], [-73.16996, 44.59741], [-73.16842, 44.59685], [-73.16649, 44.59614], [-73.16611, 44.596], [-73.16321, 44.59492], [-73.16083, 44.59404], [-73.15953, 44.59355], [-73.15502, 44.59197], [-73.15398, 44.59156], [-73.15304, 44.59121], [-73.15126, 44.59052], [-73.15085, 44.59037], [-73.14994, 44.59001], [-73.14428, 44.58791], [-73.14332, 44.58756], [-73.14313, 44.58749], [-73.14139, 44.58685], [-73.14128, 44.58681], [-73.13814, 44.58564], [-73.13566, 44.58472], [-73.12928, 44.58234], [-73.12826, 44.58196], [-73.12827, 44.58198], [-73.12832, 44.58206], [-73.12854, 44.58253], [-73.12871, 44.58301], [-73.12873, 44.5831], [-73.12883, 44.5835], [-73.12896, 44.58399], [-73.12926, 44.58487], [-73.1293, 44.58496], [-73.12948, 44.58544], [-73.12969, 44.58592], [-73.13043, 44.58757], [-73.1306, 44.58807], [-73.13066, 44.58839], [-73.13069, 44.58858], [-73.1307, 44.5887], [-73.13077, 44.58915], [-73.13084, 44.58976], [-73.13083, 44.58986], [-73.13082, 44.59027], [-73.1308, 44.59077], [-73.13085, 44.59142], [-73.13088, 44.59169], [-73.13096, 44.59211], [-73.13098, 44.59232], [-73.13096, 44.59247], [-73.13092, 44.59261], [-73.13086, 44.59274], [-73.13073, 44.59292], [-73.13041, 44.59332], [-73.13005, 44.59368], [-73.1297, 44.59405], [-73.12939, 44.59447], [-73.12924, 44.59469], [-73.12914, 44.59485], [-73.12892, 44.59544], [-73.12875, 44.59591], [-73.12854, 44.59638], [-73.1284, 44.59687], [-73.12833, 44.59737], [-73.12831, 44.59839], [-73.12827, 44.5989], [-73.12817, 44.59941], [-73.12795, 44.59987], [-73.12768, 44.60031], [-73.12686, 44.60159], [-73.12596, 44.60319], [-73.12511, 44.60482], [-73.12447, 44.60621], [-73.1239, 44.60763], [-73.12338, 44.60908], [-73.12309, 44.60985], [-73.12283, 44.61053], [-73.12228, 44.61195], [-73.12211, 44.61244], [-73.12209, 44.6125], [-73.12198, 44.61287], [-73.12191, 44.61311], [-73.12148, 44.61457], [-73.12102, 44.61602], [-73.12072, 44.61683], [-73.12024, 44.6183], [-73.11999, 44.61895], [-73.11966, 44.61991], [-73.11938, 44.62069], [-73.11885, 44.62224], [-73.11862, 44.62288], [-73.11851, 44.62321], [-73.11842, 44.6235], [-73.11838, 44.62367], [-73.11819, 44.62435], [-73.11808, 44.62455], [-73.1179, 44.62498], [-73.11773, 44.62537], [-73.11765, 44.62559], [-73.11734, 44.62643], [-73.11688, 44.6276], [-73.11657, 44.6284], [-73.11614, 44.62952], [-73.11582, 44.63034], [-73.11548, 44.63126], [-73.1152, 44.63203], [-73.11512, 44.63226], [-73.11495, 44.63276], [-73.11478, 44.63319], [-73.11478, 44.6332], [-73.11458, 44.63364], [-73.11434, 44.63409], [-73.11415, 44.63456], [-73.11398, 44.63505], [-73.11383, 44.63555], [-73.11375, 44.63581], [-73.1137, 44.63605], [-73.11369, 44.63609], [-73.11366, 44.63638], [-73.11359, 44.63705], [-73.11358, 44.6373], [-73.11356, 44.63765], [-73.11349, 44.63867], [-73.11338, 44.63998], [-73.11342, 44.64014], [-73.11347, 44.64031], [-73.11359, 44.64047], [-73.11369, 44.64059], [-73.11376, 44.64066], [-73.11383, 44.64074], [-73.1145, 44.64165], [-73.11546, 44.64282], [-73.11592, 44.64339], [-73.1162, 44.64381], [-73.1163, 44.64404], [-73.11642, 44.64427], [-73.11656, 44.64476], [-73.11659, 44.64497], [-73.11664, 44.64527], [-73.11662, 44.64577], [-73.11653, 44.64628], [-73.1161, 44.64775], [-73.11568, 44.64923], [-73.11565, 44.64933], [-73.11525, 44.6507], [-73.11524, 44.65073], [-73.11516, 44.65101], [-73.11496, 44.65096], [-73.11496, 44.65112], [-73.11506, 44.65134], [-73.1151, 44.65147], [-73.11518, 44.65164], [-73.11603, 44.65263], [-73.11644, 44.65244], [-73.11712, 44.65126], [-73.11805, 44.64954], [-73.11847, 44.64878], [-73.11854, 44.64864], [-73.11921, 44.64785], [-73.11927, 44.64776], [-73.1218, 44.64423], [-73.12215, 44.64365], [-73.1238, 44.64094], [-73.12382, 44.64091], [-73.12387, 44.64107], [-73.124, 44.64099], [-73.12412, 44.64089], [-73.12429, 44.64073], [-73.12443, 44.64057], [-73.12454, 44.64038], [-73.12458, 44.64017], [-73.12457, 44.64008], [-73.12455, 44.63995], [-73.1245, 44.63974], [-73.12449, 44.63965], [-73.12448, 44.63952], [-73.12452, 44.63931], [-73.12459, 44.6391], [-73.1246, 44.63907], [-73.12464, 44.63913], [-73.12572, 44.64041], [-73.12664, 44.6415], [-73.12674, 44.64144], [-73.12691, 44.64136], [-73.12694, 44.64135], [-73.12705, 44.6413], [-73.12708, 44.64129], [-73.12717, 44.64126], [-73.12735, 44.64116], [-73.1274, 44.64113], [-73.12746, 44.64109], [-73.12751, 44.64106], [-73.12775, 44.64091], [-73.12779, 44.64088], [-73.12781, 44.64087], [-73.12792, 44.64078], [-73.12793, 44.64077], [-73.12795, 44.64075], [-73.12797, 44.64074], [-73.12804, 44.64068], [-73.12811, 44.64059], [-73.12814, 44.64051], [-73.12819, 44.64033], [-73.12821, 44.64024], [-73.12824, 44.63979], [-73.12827, 44.63968], [-73.12832, 44.63952], [-73.12834, 44.63951], [-73.1284, 44.63941], [-73.12841, 44.63939], [-73.12854, 44.63921], [-73.12856, 44.63915], [-73.12857, 44.63913], [-73.12859, 44.63904], [-73.12862, 44.63882], [-73.12862, 44.63865], [-73.12861, 44.63841], [-73.1286, 44.63775], [-73.1286, 44.63753], [-73.12863, 44.63732], [-73.12866, 44.63724], [-73.12871, 44.63718], [-73.12875, 44.63715], [-73.12877, 44.63714], [-73.12878, 44.63713], [-73.12899, 44.63703], [-73.12908, 44.637], [-73.12918, 44.63698], [-73.12932, 44.63696], [-73.12951, 44.63697], [-73.12954, 44.63696], [-73.12957, 44.63695], [-73.12967, 44.6369], [-73.12971, 44.63686], [-73.12976, 44.63676], [-73.12975, 44.63674], [-73.12977, 44.63667], [-73.12982, 44.63645], [-73.12987, 44.63625], [-73.13057, 44.63629], [-73.13112, 44.63638], [-73.13319, 44.63675], [-73.13397, 44.63704], [-73.13411, 44.63709], [-73.13431, 44.63711], [-73.1358, 44.63728], [-73.13625, 44.63731], [-73.1365, 44.63733], [-73.13752, 44.63723], [-73.13766, 44.63721], [-73.13884, 44.63703], [-73.13956, 44.63696], [-73.13963, 44.63695], [-73.14044, 44.63703], [-73.1405, 44.63704], [-73.14059, 44.63705], [-73.14072, 44.63712], [-73.14075, 44.63714], [-73.14092, 44.63724], [-73.14116, 44.63746], [-73.14131, 44.63783], [-73.14144, 44.6383], [-73.14152, 44.63897], [-73.14198, 44.64137], [-73.14222, 44.64218], [-73.14256, 44.64291], [-73.14267, 44.64301], [-73.14312, 44.64341], [-73.14347, 44.64363], [-73.14396, 44.64396], [-73.14444, 44.64437], [-73.14524, 44.64482], [-73.14602, 44.64457], [-73.1469, 44.64417], [-73.14921, 44.64317], [-73.14947, 44.64301], [-73.15084, 44.64224], [-73.15207, 44.64129], [-73.15212, 44.64125], [-73.15379, 44.64055], [-73.15413, 44.64052], [-73.15445, 44.64049], [-73.15457, 44.64047], [-73.15506, 44.64073], [-73.15554, 44.64122], [-73.15594, 44.64189], [-73.15655, 44.64231], [-73.15679, 44.64248], [-73.1571, 44.64253], [-73.1572, 44.64255], [-73.15765, 44.64247], [-73.15778, 44.64245], [-73.15816, 44.64221], [-73.15828, 44.64209], [-73.1585, 44.64181], [-73.15894, 44.64143], [-73.15902, 44.64136], [-73.15909, 44.64127], [-73.1593, 44.64099], [-73.1595, 44.64083], [-73.1598, 44.64059], [-73.16052, 44.63977], [-73.16084, 44.6394], [-73.16135, 44.63914], [-73.1616, 44.6391], [-73.16218, 44.63899], [-73.16241, 44.63894], [-73.16281, 44.63871], [-73.16338, 44.63834], [-73.16387, 44.63799], [-73.16424, 44.63761], [-73.16471, 44.6372], [-73.16565, 44.63645], [-73.16593, 44.63622], [-73.16626, 44.63605], [-73.16654, 44.63591], [-73.16762, 44.63524], [-73.16972, 44.63377], [-73.17101, 44.63254], [-73.17179, 44.63176], [-73.17255, 44.63094], [-73.17298, 44.63041], [-73.17327, 44.62987], [-73.17379, 44.62892], [-73.1743, 44.62782], [-73.17455, 44.62694], [-73.17508, 44.62535], [-73.17547, 44.62418], [-73.17558, 44.62387], [-73.17579, 44.62338], [-73.17628, 44.62254], [-73.17696, 44.62137], [-73.17744, 44.62044], [-73.17756, 44.61997], [-73.1775, 44.61878], [-73.17747, 44.61802], [-73.17772, 44.61644], [-73.17803, 44.61517], [-73.17857, 44.61476], [-73.17915, 44.61457], [-73.17978, 44.61451], [-73.18043, 44.61461], [-73.18078, 44.61469], [-73.18094, 44.61481], [-73.18105, 44.6149], [-73.18169, 44.61511], [-73.18252, 44.6153], [-73.18332, 44.61523], [-73.18434, 44.61505], [-73.18541, 44.61502], [-73.18596, 44.61498], [-73.18766, 44.61485], [-73.18903, 44.61475], [-73.18946, 44.61471], [-73.19093, 44.61439], [-73.19113, 44.61433], [-73.19285, 44.61375], [-73.19401, 44.6134], [-73.19569, 44.61301], [-73.19648, 44.6126], [-73.19682, 44.61234], [-73.19705, 44.61199], [-73.19725, 44.61131], [-73.19733, 44.61107], [-73.19735, 44.6109], [-73.19743, 44.61035], [-73.19841, 44.60782]]]}}, {"type": "Feature", "properties": {"tract_id": "50007003101", "name": "Census Tract 31.01", "income_2020": 97742, "poverty_rate_2020": 6.4, "population_2020": 8154}, "geometry": {"type": "Polygon", "coordinates": [[[-73.13992, 44.44972], [-73.13993, 44.44965], [-73.13992, 44.44958], [-73.1399, 44.44952], [-73.13989, 44.44944], [-73.13988, 44.44939], [-73.13986, 44.44934], [-73.13986, 44.44926], [-73.13985, 44.44922], [-73.13985, 44.44917], [-73.13983, 44.4491], [-73.13983, 44.44905], [-73.13984, 44.44901], [-73.13983, 44.44898], [-73.13979, 44.44893], [-73.13974, 44.44888], [-73.13969, 44.44884], [-73.13964, 44.44879], [-73.13959, 44.44875], [-73.13955, 44.4487], [-73.13953, 44.44865], [-73.13949, 44.44861], [-73.13946, 44.44855], [-73.13943, 44.44852], [-73.13937, 44.44848], [-73.13932, 44.44844], [-73.13929, 44.44842], [-73.13926, 44.44839], [-73.13922, 44.44836], [-73.13917, 44.44832], [-73.13909, 44.44827], [-73.13906, 44.44823], [-73.13904, 44.44816], [-73.13905, 44.44811], [-73.13909, 44.44802], [-73.1391, 44.44799], [-73.1391, 44.44793], [-73.1391, 44.44791], [-73.13912, 44.44773], [-73.13914, 44.44761], [-73.13916, 44.44751], [-73.13913, 44.44742], [-73.1391, 44.44737], [-73.13907, 44.44734], [-73.13906, 44.4473], [-73.13904, 44.44726], [-73.13899, 44.44721], [-73.13895, 44.44717], [-73.13888, 44.44715], [-73.1388, 44.44714], [-73.13875, 44.44713], [-73.13865, 44.44712], [-73.13855, 44.44708], [-73.13844, 44.44707], [-73.13838, 44.44704], [-73.1383, 44.44699], [-73.13822, 44.44695], [-73.13813, 44.44689], [-73.13803, 44.44683], [-73.13797, 44.44679], [-73.13791, 44.44674], [-73.13787, 44.44671], [-73.13783, 44.44666], [-73.13775, 44.44664], [-73.13766, 44.44658], [-73.13757, 44.44653], [-73.13749, 44.44648], [-73.13744, 44.44642], [-73.13736, 44.44637], [-73.1373, 44.44632], [-73.13724, 44.44625], [-73.13718, 44.44621], [-73.13711, 44.44615], [-73.13702, 44.4461], [-73.13693, 44.44603], [-73.13684, 44.446], [-73.13676, 44.44594], [-73.1367, 44.44591], [-73.13664, 44.44589], [-73.13659, 44.44587], [-73.13653, 44.44583], [-73.13643, 44.44575], [-73.13636, 44.44567], [-73.13633, 44.44564], [-73.13629, 44.44557], [-73.13624, 44.44552], [-73.1362, 44.44545], [-73.13613, 44.44539], [-73.1361, 44.44536], [-73.13604, 44.44534], [-73.136, 44.44531], [-73.13593, 44.44525], [-73.13586, 44.44517], [-73.13584, 44.44507], [-73.13585, 44.44498], [-73.13584, 44.44491], [-73.13582, 44.44485], [-73.13581, 44.4448], [-73.13581, 44.44476], [-73.1358, 44.44472], [-73.13577, 44.44466], [-73.13573, 44.4446], [-73.13571, 44.44457], [-73.13572, 44.44453], [-73.13577, 44.44449], [-73.13581, 44.44446], [-73.13586, 44.44442], [-73.13587, 44.44437], [-73.13588, 44.44433], [-73.13588, 44.44429], [-73.1359, 44.44421], [-73.13598, 44.44417], [-73.13607, 44.44412], [-73.13613, 44.44407], [-73.13616, 44.444], [-73.13616, 44.44396], [-73.13612, 44.44391], [-73.13611, 44.44383], [-73.13614, 44.44379], [-73.13619, 44.44375], [-73.1362, 44.44369], [-73.13624, 44.44365], [-73.13627, 44.44358], [-73.13631, 44.44351], [-73.13634, 44.44344], [-73.13634, 44.44337], [-73.13631, 44.4433], [-73.13626, 44.44324], [-73.1362, 44.4432], [-73.13609, 44.44316], [-73.13597, 44.4431], [-73.13587, 44.44306], [-73.13578, 44.44302], [-73.13565, 44.44297], [-73.13553, 44.44292], [-73.1354, 44.44285], [-73.13533, 44.44278], [-73.13528, 44.44272], [-73.13527, 44.44265], [-73.13527, 44.44258], [-73.13527, 44.44252], [-73.13527, 44.44249], [-73.13529, 44.44244], [-73.13531, 44.44241], [-73.1349, 44.44226], [-73.13395, 44.4419], [-73.13367, 44.4418], [-73.1334, 44.4417], [-73.13311, 44.44162], [-73.13269, 44.4415], [-73.13207, 44.44134], [-73.13144, 44.4412], [-73.1314, 44.44119], [-73.13064, 44.44105], [-73.1302, 44.44098], [-73.12925, 44.44087], [-73.12667, 44.44063], [-73.1259, 44.44055], [-73.12422, 44.44039], [-73.12406, 44.44038], [-73.12152, 44.44014], [-73.12054, 44.44004], [-73.11959, 44.43996], [-73.11853, 44.43987], [-73.11822, 44.43982], [-73.11666, 44.43968], [-73.11643, 44.43966], [-73.11531, 44.43956], [-73.11502, 44.43953], [-73.11499, 44.43952], [-73.11427, 44.43945], [-73.11404, 44.43944], [-73.11381, 44.43942], [-73.11344, 44.43937], [-73.11307, 44.43934], [-73.11269, 44.43931], [-73.11156, 44.4392], [-73.10976, 44.43902], [-73.1088, 44.43894], [-73.10648, 44.43872], [-73.10475, 44.43856], [-73.10327, 44.43841], [-73.09958, 44.43807], [-73.09902, 44.43801], [-73.09829, 44.43794], [-73.0981, 44.43792], [-73.09735, 44.43785], [-73.09698, 44.43782], [-73.09625, 44.43775], [-73.09588, 44.43771], [-73.09557, 44.43768], [-73.09438, 44.43757], [-73.09365, 44.4375], [-73.09328, 44.43747], [-73.09021, 44.43717], [-73.08845, 44.437], [-73.08734, 44.4369], [-73.08697, 44.43685], [-73.08623, 44.43678], [-73.08475, 44.43661], [-73.08365, 44.43647], [-73.08326, 44.43643], [-73.08283, 44.43638], [-73.08252, 44.43632], [-73.08239, 44.43631], [-73.08105, 44.43611], [-73.08055, 44.43603], [-73.07883, 44.43576], [-73.07616, 44.43536], [-73.0709, 44.43455], [-73.07065, 44.43451], [-73.07031, 44.43446], [-73.069, 44.43426], [-73.06819, 44.43415], [-73.06746, 44.43406], [-73.06635, 44.43394], [-73.06622, 44.43393], [-73.06495, 44.43382], [-73.06421, 44.43376], [-73.06347, 44.43372], [-73.06273, 44.43368], [-73.0621, 44.43366], [-73.06161, 44.43365], [-73.0601, 44.43362], [-73.05902, 44.43359], [-73.05865, 44.43358], [-73.05072, 44.43339], [-73.04996, 44.43337], [-73.04883, 44.43335], [-73.04596, 44.43328], [-73.04529, 44.43326], [-73.04484, 44.43323], [-73.04439, 44.43318], [-73.04395, 44.43313], [-73.04349, 44.43306], [-73.04344, 44.43305], [-73.04322, 44.43301], [-73.04279, 44.43292], [-73.04236, 44.43282], [-73.04215, 44.43277], [-73.04173, 44.43265], [-73.04123, 44.43249], [-73.04103, 44.43242], [-73.04062, 44.43226], [-73.04042, 44.43218], [-73.04001, 44.432], [-73.03962, 44.43181], [-73.03923, 44.4316], [-73.03885, 44.43137], [-73.03855, 44.43118], [-73.03807, 44.43084], [-73.03773, 44.43057], [-73.03756, 44.43043], [-73.0374, 44.43028], [-73.03723, 44.43013], [-73.03708, 44.42998], [-73.03679, 44.42965], [-73.0365, 44.42932], [-73.0359, 44.42859], [-73.03459, 44.427], [-73.0345, 44.4269], [-73.03425, 44.42663], [-73.03382, 44.42621], [-73.03336, 44.42643], [-73.03029, 44.42816], [-73.02851, 44.42917], [-73.02702, 44.43005], [-73.02501, 44.43119], [-73.0228, 44.43245], [-73.022, 44.4329], [-73.02153, 44.43317], [-73.02207, 44.43371], [-73.02212, 44.43376], [-73.02259, 44.43422], [-73.02309, 44.43472], [-73.02421, 44.43523], [-73.02549, 44.43567], [-73.02749, 44.4364], [-73.02873, 44.43675], [-73.03057, 44.4371], [-73.03187, 44.43753], [-73.03208, 44.43766], [-73.03253, 44.43789], [-73.03287, 44.43818], [-73.03318, 44.4386], [-73.03325, 44.43889], [-73.03323, 44.43927], [-73.03325, 44.43942], [-73.03315, 44.4397], [-73.03286, 44.43998], [-73.03162, 44.44079], [-73.03091, 44.44123], [-73.03002, 44.44184], [-73.02926, 44.44217], [-73.02874, 44.44236], [-73.02791, 44.44254], [-73.02647, 44.44271], [-73.02571, 44.44272], [-73.02496, 44.44267], [-73.02415, 44.44252], [-73.02321, 44.44234], [-73.02219, 44.44205], [-73.02153, 44.44192], [-73.02117, 44.44189], [-73.02079, 44.4419], [-73.02043, 44.44209], [-73.02021, 44.44232], [-73.01981, 44.44299], [-73.01964, 44.44349], [-73.0197, 44.44456], [-73.01967, 44.44548], [-73.01964, 44.44715], [-73.0196, 44.44737], [-73.0196, 44.44742], [-73.01951, 44.44807], [-73.01927, 44.44913], [-73.01917, 44.44988], [-73.01897, 44.45104], [-73.01907, 44.4521], [-73.01932, 44.45251], [-73.0196, 44.45298], [-73.02012, 44.45338], [-73.02073, 44.45386], [-73.02224, 44.45389], [-73.02328, 44.45402], [-73.0236, 44.45406], [-73.02458, 44.45469], [-73.02484, 44.45579], [-73.02478, 44.45589], [-73.02416, 44.45684], [-73.02293, 44.45752], [-73.02175, 44.45812], [-73.02137, 44.45888], [-73.02128, 44.45917], [-73.02139, 44.46013], [-73.0222, 44.46056], [-73.02267, 44.46081], [-73.02432, 44.46107], [-73.02573, 44.46194], [-73.02624, 44.46305], [-73.0263, 44.46318], [-73.02648, 44.46422], [-73.02657, 44.46528], [-73.0266, 44.46598], [-73.02662, 44.46653], [-73.02732, 44.46746], [-73.02737, 44.46752], [-73.02741, 44.46757], [-73.02894, 44.46794], [-73.03036, 44.46799], [-73.03057, 44.468], [-73.0318, 44.46832], [-73.03195, 44.46836], [-73.03212, 44.46843], [-73.03235, 44.46853], [-73.03245, 44.46857], [-73.03253, 44.46861], [-73.0327, 44.46871], [-73.0329, 44.46884], [-73.03314, 44.46901], [-73.03329, 44.46913], [-73.03348, 44.46927], [-73.03363, 44.46937], [-73.03376, 44.46949], [-73.03392, 44.46961], [-73.03407, 44.46972], [-73.03424, 44.46984], [-73.03439, 44.46995], [-73.03456, 44.47007], [-73.03474, 44.47019], [-73.03491, 44.47029], [-73.03505, 44.47038], [-73.03522, 44.47048], [-73.03536, 44.47056], [-73.03553, 44.47065], [-73.0357, 44.47074], [-73.03605, 44.47087], [-73.03624, 44.47093], [-73.03642, 44.471], [-73.03664, 44.47106], [-73.03693, 44.47115], [-73.03722, 44.47122], [-73.03747, 44.47127], [-73.03772, 44.47131], [-73.03799, 44.47135], [-73.03829, 44.47138], [-73.03859, 44.47142], [-73.03917, 44.47146], [-73.03964, 44.4715], [-73.04005, 44.47153], [-73.04046, 44.47155], [-73.04093, 44.47154], [-73.04138, 44.47153], [-73.04173, 44.4715], [-73.04208, 44.47147], [-73.04256, 44.47141], [-73.04276, 44.47137], [-73.04297, 44.47134], [-73.04315, 44.47129], [-73.04332, 44.47124], [-73.04342, 44.4712], [-73.04349, 44.47118], [-73.04368, 44.47112], [-73.04384, 44.47107], [-73.04392, 44.47106], [-73.04406, 44.47103], [-73.04425, 44.47099], [-73.04443, 44.47097], [-73.04481, 44.47092], [-73.04517, 44.47086], [-73.04552, 44.4708], [-73.04568, 44.47078], [-73.04587, 44.47077], [-73.04605, 44.47076], [-73.04626, 44.47075], [-73.04649, 44.47076], [-73.04671, 44.47078], [-73.04701, 44.47082], [-73.04729, 44.47087], [-73.04755, 44.47092], [-73.04778, 44.47098], [-73.04795, 44.47104], [-73.04813, 44.47112], [-73.04826, 44.47119], [-73.04853, 44.47133], [-73.0487, 44.47145], [-73.04883, 44.47154], [-73.049, 44.47168], [-73.04908, 44.47177], [-73.04927, 44.47198], [-73.04936, 44.47209], [-73.04941, 44.4722], [-73.04943, 44.47234], [-73.04942, 44.4725], [-73.04942, 44.47266], [-73.04941, 44.4728], [-73.0494, 44.473], [-73.04935, 44.47329], [-73.04931, 44.47348], [-73.04926, 44.47378], [-73.04925, 44.47388], [-73.04923, 44.47425], [-73.04922, 44.47446], [-73.04923, 44.47465], [-73.04927, 44.47488], [-73.04932, 44.47506], [-73.04944, 44.47528], [-73.04956, 44.47544], [-73.04967, 44.4756], [-73.04978, 44.47574], [-73.04992, 44.47587], [-73.05004, 44.47595], [-73.05019, 44.47604], [-73.05034, 44.47611], [-73.05047, 44.47616], [-73.05062, 44.4762], [-73.0508, 44.47622], [-73.05096, 44.47624], [-73.05115, 44.47624], [-73.05134, 44.47623], [-73.0517, 44.47614], [-73.05207, 44.47601], [-73.05246, 44.47588], [-73.05272, 44.47578], [-73.05294, 44.47569], [-73.05328, 44.47554], [-73.05366, 44.47538], [-73.05391, 44.47524], [-73.05421, 44.47507], [-73.05453, 44.47491], [-73.05477, 44.47473], [-73.05494, 44.47451], [-73.05515, 44.47429], [-73.05534, 44.4741], [-73.05557, 44.47392], [-73.05598, 44.47366], [-73.05617, 44.47356], [-73.05642, 44.47346], [-73.05665, 44.47339], [-73.05692, 44.47335], [-73.05719, 44.47336], [-73.05731, 44.47339], [-73.05745, 44.47343], [-73.05766, 44.47359], [-73.0578, 44.47376], [-73.05799, 44.47397], [-73.05815, 44.47412], [-73.05832, 44.47426], [-73.0585, 44.47442], [-73.05866, 44.47457], [-73.05883, 44.47475], [-73.05897, 44.4749], [-73.05909, 44.47508], [-73.05921, 44.47527], [-73.05945, 44.47573], [-73.05962, 44.47613], [-73.0598, 44.47648], [-73.05994, 44.47675], [-73.06002, 44.47688], [-73.0602, 44.47716], [-73.06045, 44.47751], [-73.06075, 44.47787], [-73.06098, 44.47816], [-73.0612, 44.4784], [-73.06144, 44.47858], [-73.06173, 44.47875], [-73.06211, 44.47891], [-73.06247, 44.47904], [-73.06291, 44.47913], [-73.06317, 44.47915], [-73.06346, 44.47915], [-73.06373, 44.47912], [-73.06401, 44.47907], [-73.06462, 44.47891], [-73.06503, 44.47879], [-73.0655, 44.47863], [-73.0658, 44.47851], [-73.06609, 44.47839], [-73.06636, 44.47825], [-73.06652, 44.47819], [-73.06668, 44.47817], [-73.06696, 44.47818], [-73.06713, 44.4782], [-73.06732, 44.47823], [-73.06764, 44.47831], [-73.06779, 44.47838], [-73.0683, 44.47869], [-73.06856, 44.4789], [-73.06869, 44.47901], [-73.069, 44.47921], [-73.07049, 44.48009], [-73.07076, 44.48026], [-73.07101, 44.48046], [-73.07122, 44.48064], [-73.07142, 44.48086], [-73.07157, 44.48104], [-73.07178, 44.48127], [-73.07199, 44.48147], [-73.07221, 44.48167], [-73.07245, 44.48185], [-73.07276, 44.48206], [-73.07308, 44.48224], [-73.07338, 44.48239], [-73.07367, 44.48251], [-73.074, 44.48257], [-73.07434, 44.4826], [-73.07522, 44.48263], [-73.07565, 44.48263], [-73.07596, 44.48263], [-73.07627, 44.48261], [-73.07657, 44.48258], [-73.07696, 44.48254], [-73.07751, 44.48243], [-73.07829, 44.48229], [-73.0788, 44.4822], [-73.07941, 44.48208], [-73.07989, 44.48197], [-73.08049, 44.48179], [-73.08094, 44.4816], [-73.08138, 44.48133], [-73.08158, 44.48112], [-73.0817, 44.481], [-73.08191, 44.4807], [-73.08196, 44.48062], [-73.08219, 44.48027], [-73.08244, 44.47995], [-73.08268, 44.47968], [-73.0829, 44.47943], [-73.08312, 44.47924], [-73.08339, 44.47905], [-73.08368, 44.47894], [-73.08405, 44.47885], [-73.08452, 44.47875], [-73.08497, 44.47868], [-73.08504, 44.47867], [-73.08561, 44.47863], [-73.08605, 44.47862], [-73.08622, 44.47862], [-73.08683, 44.47867], [-73.08734, 44.47879], [-73.08779, 44.47895], [-73.08815, 44.47916], [-73.0885, 44.47945], [-73.08868, 44.47963], [-73.08872, 44.4797], [-73.0887, 44.4798], [-73.08864, 44.47989], [-73.08857, 44.47999], [-73.08854, 44.48003], [-73.08853, 44.48011], [-73.08855, 44.48021], [-73.08857, 44.48029], [-73.08862, 44.4804], [-73.0887, 44.48048], [-73.08879, 44.48053], [-73.08896, 44.48061], [-73.08907, 44.48064], [-73.08914, 44.48066], [-73.08929, 44.48069], [-73.08944, 44.48072], [-73.08955, 44.48076], [-73.08965, 44.4808], [-73.08977, 44.48085], [-73.08988, 44.4809], [-73.08995, 44.48092], [-73.09003, 44.48094], [-73.09018, 44.48098], [-73.09052, 44.48105], [-73.09086, 44.4811], [-73.09109, 44.48111], [-73.09137, 44.4811], [-73.09159, 44.48106], [-73.09163, 44.48105], [-73.09194, 44.48093], [-73.09224, 44.48076], [-73.09259, 44.48051], [-73.09297, 44.48022], [-73.09326, 44.48], [-73.09354, 44.4798], [-73.09377, 44.47956], [-73.09404, 44.47915], [-73.09423, 44.47854], [-73.0943, 44.47826], [-73.09434, 44.47807], [-73.09451, 44.47746], [-73.09464, 44.47715], [-73.09486, 44.47666], [-73.09513, 44.47607], [-73.09529, 44.47578], [-73.09538, 44.47564], [-73.09587, 44.47495], [-73.09618, 44.47449], [-73.0965, 44.47402], [-73.09686, 44.47363], [-73.09732, 44.47318], [-73.09769, 44.47288], [-73.0983, 44.47246], [-73.09873, 44.47226], [-73.0992, 44.47207], [-73.09944, 44.472], [-73.09975, 44.47194], [-73.10004, 44.4719], [-73.10033, 44.4719], [-73.1006, 44.47189], [-73.10088, 44.47192], [-73.10119, 44.47202], [-73.10143, 44.47212], [-73.10163, 44.47228], [-73.10178, 44.47244], [-73.1019, 44.47268], [-73.10198, 44.47292], [-73.10208, 44.47334], [-73.1022, 44.47389], [-73.10226, 44.47428], [-73.10235, 44.47484], [-73.10242, 44.47532], [-73.10253, 44.47579], [-73.10263, 44.47622], [-73.10274, 44.47645], [-73.1029, 44.47666], [-73.10316, 44.47698], [-73.10338, 44.47717], [-73.10356, 44.47731], [-73.10377, 44.47748], [-73.10396, 44.47762], [-73.10431, 44.47779], [-73.10467, 44.47797], [-73.10556, 44.47838], [-73.10637, 44.47873], [-73.10728, 44.47914], [-73.10793, 44.47946], [-73.10806, 44.47952], [-73.10875, 44.47997], [-73.10937, 44.48045], [-73.10998, 44.48098], [-73.11042, 44.48147], [-73.11087, 44.48193], [-73.11117, 44.48227], [-73.11136, 44.48249], [-73.11158, 44.48274], [-73.11169, 44.48287], [-73.11177, 44.48294], [-73.11193, 44.48307], [-73.1121, 44.48316], [-73.11222, 44.48319], [-73.11232, 44.48321], [-73.1125, 44.48323], [-73.11254, 44.48323], [-73.11295, 44.4832], [-73.11317, 44.48316], [-73.11338, 44.48309], [-73.11357, 44.48302], [-73.11373, 44.48294], [-73.11392, 44.48282], [-73.11407, 44.48269], [-73.11412, 44.48262], [-73.11422, 44.48251], [-73.11432, 44.48236], [-73.11436, 44.48231], [-73.1145, 44.48213], [-73.11473, 44.48189], [-73.11501, 44.48165], [-73.11537, 44.48137], [-73.11543, 44.48132], [-73.11556, 44.4812], [-73.11562, 44.48115], [-73.1159, 44.4809], [-73.11611, 44.48077], [-73.11618, 44.48073], [-73.11635, 44.48065], [-73.11654, 44.48057], [-73.11663, 44.48054], [-73.11679, 44.4805], [-73.11702, 44.48046], [-73.1173, 44.4804], [-73.11753, 44.48032], [-73.11787, 44.48018], [-73.11795, 44.48015], [-73.11848, 44.47992], [-73.11898, 44.4797], [-73.11908, 44.47965], [-73.1194, 44.47949], [-73.11971, 44.4793], [-73.12001, 44.47908], [-73.12019, 44.47895], [-73.12044, 44.47876], [-73.12073, 44.47858], [-73.12128, 44.47825], [-73.12203, 44.47783], [-73.12285, 44.47736], [-73.12335, 44.47707], [-73.12385, 44.4768], [-73.12392, 44.47677], [-73.12404, 44.47672], [-73.12431, 44.4766], [-73.12482, 44.47648], [-73.12501, 44.47646], [-73.12518, 44.47646], [-73.12558, 44.47651], [-73.12596, 44.47659], [-73.12639, 44.47669], [-73.12686, 44.47679], [-73.12711, 44.47681], [-73.12735, 44.47681], [-73.12789, 44.47674], [-73.12838, 44.47665], [-73.12891, 44.47651], [-73.12944, 44.4763], [-73.12996, 44.47604], [-73.13016, 44.47591], [-73.13051, 44.47569], [-73.13105, 44.47542], [-73.1316, 44.47515], [-73.13218, 44.47486], [-73.13234, 44.47479], [-73.13255, 44.4747], [-73.13289, 44.4746], [-73.13316, 44.47452], [-73.13348, 44.47445], [-73.13382, 44.47441], [-73.13422, 44.47439], [-73.13462, 44.4744], [-73.13491, 44.47445], [-73.13515, 44.47451], [-73.1354, 44.4746], [-73.1356, 44.4747], [-73.13578, 44.47484], [-73.1359, 44.47495], [-73.13593, 44.475], [-73.13649, 44.47484], [-73.13665, 44.47479], [-73.13669, 44.47476], [-73.13667, 44.47457], [-73.13665, 44.47446], [-73.13657, 44.47435], [-73.13645, 44.47425], [-73.13636, 44.47414], [-73.13627, 44.47402], [-73.13619, 44.47385], [-73.13616, 44.47367], [-73.13616, 44.4736], [-73.13613, 44.47352], [-73.13607, 44.47346], [-73.13597, 44.47336], [-73.13588, 44.47334], [-73.13568, 44.47335], [-73.1356, 44.47335], [-73.13548, 44.47333], [-73.13535, 44.47328], [-73.13525, 44.47323], [-73.13517, 44.47318], [-73.13511, 44.47312], [-73.13506, 44.47301], [-73.13502, 44.47293], [-73.135, 44.47284], [-73.13494, 44.47276], [-73.13485, 44.47253], [-73.13484, 44.47251], [-73.13485, 44.4725], [-73.13487, 44.47242], [-73.13492, 44.47237], [-73.13494, 44.47232], [-73.13497, 44.47227], [-73.13504, 44.47224], [-73.13515, 44.47221], [-73.13521, 44.47219], [-73.1353, 44.4722], [-73.13537, 44.47223], [-73.13541, 44.47226], [-73.13548, 44.47229], [-73.13554, 44.4723], [-73.13561, 44.47229], [-73.13567, 44.47227], [-73.13571, 44.47225], [-73.13574, 44.47221], [-73.13579, 44.47215], [-73.13582, 44.4721], [-73.13582, 44.47204], [-73.13587, 44.47198], [-73.13594, 44.47194], [-73.136, 44.47193], [-73.13607, 44.47191], [-73.13613, 44.47186], [-73.13619, 44.47181], [-73.13623, 44.47174], [-73.13627, 44.47169], [-73.13632, 44.47164], [-73.13638, 44.47159], [-73.13649, 44.47154], [-73.13655, 44.4715], [-73.13661, 44.47146], [-73.13665, 44.47141], [-73.13667, 44.47137], [-73.13668, 44.47132], [-73.1367, 44.47127], [-73.13672, 44.47121], [-73.13674, 44.47118], [-73.13676, 44.47114], [-73.13676, 44.4711], [-73.13674, 44.47104], [-73.1367, 44.47101], [-73.13664, 44.471], [-73.13655, 44.47099], [-73.13646, 44.47099], [-73.13641, 44.47098], [-73.13636, 44.47097], [-73.13631, 44.47096], [-73.13627, 44.47091], [-73.13625, 44.47086], [-73.13628, 44.47082], [-73.13632, 44.47079], [-73.13637, 44.47076], [-73.13642, 44.47075], [-73.13647, 44.47075], [-73.13653, 44.47072], [-73.13654, 44.47068], [-73.13655, 44.47064], [-73.13657, 44.47059], [-73.13658, 44.47055], [-73.1366, 44.47053], [-73.13665, 44.47051], [-73.13673, 44.47049], [-73.13684, 44.47049], [-73.13698, 44.47048], [-73.13706, 44.47048], [-73.13712, 44.47047], [-73.13714, 44.47046], [-73.13726, 44.47042], [-73.13748, 44.47032], [-73.13762, 44.47025], [-73.13763, 44.47024], [-73.13765, 44.47022], [-73.13772, 44.47014], [-73.13776, 44.4701], [-73.13782, 44.47005], [-73.13789, 44.47002], [-73.13793, 44.46999], [-73.13801, 44.46999], [-73.13808, 44.47], [-73.13814, 44.47], [-73.13819, 44.46999], [-73.13824, 44.46997], [-73.13824, 44.46994], [-73.13822, 44.46992], [-73.13819, 44.46988], [-73.13816, 44.46984], [-73.13814, 44.46981], [-73.13814, 44.46979], [-73.13819, 44.46968], [-73.13822, 44.46967], [-73.13828, 44.46965], [-73.13835, 44.46965], [-73.13837, 44.46962], [-73.13833, 44.46959], [-73.1383, 44.46957], [-73.13829, 44.46953], [-73.13829, 44.46938], [-73.13831, 44.46931], [-73.13836, 44.46924], [-73.13836, 44.4692], [-73.13834, 44.46917], [-73.13829, 44.46915], [-73.13821, 44.4691], [-73.1381, 44.46902], [-73.13803, 44.46897], [-73.13797, 44.46889], [-73.13794, 44.46883], [-73.13793, 44.46878], [-73.13793, 44.46871], [-73.13793, 44.46866], [-73.13789, 44.46863], [-73.13784, 44.46861], [-73.13777, 44.4686], [-73.13771, 44.46859], [-73.13765, 44.46859], [-73.1376, 44.46858], [-73.13759, 44.46855], [-73.13759, 44.4685], [-73.13761, 44.46844], [-73.13761, 44.46838], [-73.13761, 44.46834], [-73.1376, 44.4683], [-73.13761, 44.46827], [-73.13764, 44.46825], [-73.13769, 44.46822], [-73.13772, 44.4682], [-73.13776, 44.46817], [-73.13776, 44.46815], [-73.13778, 44.46807], [-73.13777, 44.46801], [-73.13778, 44.46796], [-73.13778, 44.46791], [-73.13778, 44.46788], [-73.13773, 44.46783], [-73.13767, 44.46781], [-73.1376, 44.46777], [-73.13753, 44.46772], [-73.13747, 44.46769], [-73.13739, 44.46766], [-73.13735, 44.46763], [-73.13732, 44.46762], [-73.13728, 44.46758], [-73.13727, 44.46755], [-73.13729, 44.46751], [-73.13733, 44.46749], [-73.13737, 44.46747], [-73.13741, 44.46745], [-73.13743, 44.46742], [-73.13745, 44.46738], [-73.13746, 44.46735], [-73.13749, 44.46732], [-73.13753, 44.46731], [-73.13756, 44.46733], [-73.13757, 44.46736], [-73.13764, 44.46733], [-73.13768, 44.4673], [-73.13769, 44.46727], [-73.13769, 44.46724], [-73.13767, 44.4672], [-73.13765, 44.46716], [-73.13759, 44.46714], [-73.13755, 44.46715], [-73.13748, 44.46717], [-73.13742, 44.46719], [-73.13738, 44.46721], [-73.13734, 44.4672], [-73.13731, 44.46717], [-73.13729, 44.46712], [-73.13728, 44.46703], [-73.13729, 44.46696], [-73.1373, 44.46693], [-73.13734, 44.46688], [-73.13739, 44.46687], [-73.13743, 44.46684], [-73.1375, 44.46682], [-73.13754, 44.46678], [-73.13757, 44.46673], [-73.13756, 44.46668], [-73.13754, 44.46663], [-73.13752, 44.46657], [-73.13753, 44.46652], [-73.13757, 44.46647], [-73.13758, 44.46643], [-73.13756, 44.46636], [-73.13754, 44.46626], [-73.13752, 44.46619], [-73.13748, 44.46612], [-73.13744, 44.46607], [-73.13741, 44.46602], [-73.13739, 44.46596], [-73.13744, 44.4659], [-73.13752, 44.46586], [-73.13764, 44.46583], [-73.13776, 44.4658], [-73.13788, 44.46577], [-73.13799, 44.46574], [-73.13809, 44.46571], [-73.1382, 44.46572], [-73.13831, 44.46569], [-73.13837, 44.46568], [-73.13843, 44.46565], [-73.13845, 44.46556], [-73.13843, 44.4655], [-73.13848, 44.46544], [-73.13854, 44.46537], [-73.13861, 44.46531], [-73.13868, 44.46525], [-73.1387, 44.46521], [-73.13875, 44.46515], [-73.13875, 44.46509], [-73.13873, 44.46505], [-73.13873, 44.465], [-73.13869, 44.46491], [-73.13867, 44.46484], [-73.13862, 44.46479], [-73.13855, 44.46475], [-73.13848, 44.46469], [-73.13838, 44.46464], [-73.1383, 44.46457], [-73.13825, 44.46453], [-73.1381, 44.46449], [-73.13805, 44.46448], [-73.138, 44.46449], [-73.13798, 44.46453], [-73.13795, 44.4646], [-73.13794, 44.46467], [-73.13791, 44.46473], [-73.13784, 44.46479], [-73.13779, 44.46483], [-73.13772, 44.46486], [-73.13763, 44.46486], [-73.13754, 44.46485], [-73.13744, 44.4648], [-73.13739, 44.46477], [-73.13732, 44.46474], [-73.13725, 44.46472], [-73.13718, 44.46473], [-73.13711, 44.46475], [-73.13705, 44.46479], [-73.13694, 44.46485], [-73.13687, 44.46489], [-73.1368, 44.46489], [-73.13678, 44.46494], [-73.13671, 44.46497], [-73.13663, 44.46498], [-73.13658, 44.46498], [-73.13654, 44.46496], [-73.13652, 44.46492], [-73.13651, 44.46488], [-73.13648, 44.46481], [-73.13649, 44.46472], [-73.13651, 44.46463], [-73.13654, 44.46456], [-73.13658, 44.46451], [-73.13664, 44.46446], [-73.13667, 44.46442], [-73.13674, 44.46437], [-73.13675, 44.46433], [-73.13673, 44.46428], [-73.13668, 44.46425], [-73.13662, 44.46424], [-73.13656, 44.46423], [-73.13654, 44.46418], [-73.13651, 44.46408], [-73.13652, 44.46405], [-73.13655, 44.46401], [-73.1366, 44.46398], [-73.13663, 44.46392], [-73.13667, 44.46383], [-73.13669, 44.46373], [-73.13669, 44.46364], [-73.13671, 44.46357], [-73.13669, 44.46349], [-73.13669, 44.46345], [-73.13666, 44.4634], [-73.13661, 44.46337], [-73.13655, 44.46334], [-73.1365, 44.46334], [-73.13643, 44.46333], [-73.13634, 44.46332], [-73.1363, 44.46332], [-73.13621, 44.46329], [-73.13614, 44.46326], [-73.13607, 44.46321], [-73.13607, 44.46317], [-73.13605, 44.46313], [-73.13605, 44.46305], [-73.13605, 44.46299], [-73.13607, 44.46294], [-73.13607, 44.46289], [-73.13607, 44.46282], [-73.13609, 44.46276], [-73.13607, 44.4627], [-73.13607, 44.46264], [-73.13605, 44.46259], [-73.13605, 44.46253], [-73.13602, 44.46248], [-73.13598, 44.46244], [-73.13594, 44.4624], [-73.13592, 44.46234], [-73.13588, 44.46229], [-73.13582, 44.46222], [-73.13577, 44.46215], [-73.13571, 44.46211], [-73.13569, 44.46208], [-73.13563, 44.46204], [-73.13563, 44.462], [-73.1356, 44.46195], [-73.13557, 44.46189], [-73.13561, 44.46178], [-73.13565, 44.46171], [-73.13568, 44.46165], [-73.13577, 44.46155], [-73.13583, 44.4615], [-73.13588, 44.46144], [-73.13594, 44.46136], [-73.13595, 44.46132], [-73.13595, 44.46128], [-73.13594, 44.46121], [-73.13597, 44.46114], [-73.13601, 44.46109], [-73.13606, 44.46104], [-73.13609, 44.46099], [-73.13614, 44.46094], [-73.13616, 44.4609], [-73.13616, 44.46083], [-73.13614, 44.46077], [-73.13614, 44.4607], [-73.13611, 44.46066], [-73.13608, 44.46059], [-73.13608, 44.46056], [-73.13605, 44.46051], [-73.13605, 44.46045], [-73.13601, 44.46041], [-73.136, 44.46034], [-73.13598, 44.46028], [-73.136, 44.46022], [-73.13605, 44.46019], [-73.13611, 44.46018], [-73.13616, 44.46018], [-73.1362, 44.46011], [-73.13615, 44.46008], [-73.13614, 44.46002], [-73.13616, 44.45995], [-73.13618, 44.45989], [-73.13622, 44.45982], [-73.13628, 44.45977], [-73.1363, 44.45972], [-73.13628, 44.45968], [-73.13624, 44.45962], [-73.13628, 44.45959], [-73.13634, 44.45957], [-73.1364, 44.45956], [-73.13648, 44.45954], [-73.13654, 44.45949], [-73.13657, 44.45944], [-73.13659, 44.4594], [-73.13662, 44.45936], [-73.13666, 44.45932], [-73.13673, 44.45932], [-73.13681, 44.45933], [-73.13688, 44.45932], [-73.13692, 44.45929], [-73.13695, 44.45922], [-73.137, 44.45919], [-73.13705, 44.45915], [-73.1371, 44.45911], [-73.13714, 44.45905], [-73.13715, 44.45899], [-73.13714, 44.45891], [-73.13713, 44.45884], [-73.13711, 44.45877], [-73.13708, 44.45871], [-73.13706, 44.45868], [-73.13701, 44.45862], [-73.13698, 44.4586], [-73.13693, 44.45858], [-73.13686, 44.45857], [-73.13679, 44.45855], [-73.1367, 44.45857], [-73.13658, 44.4586], [-73.13649, 44.45861], [-73.13639, 44.4586], [-73.13631, 44.45858], [-73.13624, 44.45855], [-73.1362, 44.45853], [-73.13616, 44.45849], [-73.13613, 44.45845], [-73.13609, 44.45841], [-73.136, 44.45831], [-73.13589, 44.45819], [-73.13582, 44.45809], [-73.13578, 44.45805], [-73.13576, 44.45798], [-73.13574, 44.45795], [-73.13571, 44.45792], [-73.1357, 44.45786], [-73.1357, 44.45782], [-73.13572, 44.45778], [-73.13575, 44.45774], [-73.13571, 44.45769], [-73.13567, 44.45766], [-73.13562, 44.45761], [-73.13553, 44.45754], [-73.13547, 44.4575], [-73.13542, 44.45746], [-73.13538, 44.45743], [-73.13528, 44.45739], [-73.13522, 44.45734], [-73.13515, 44.45731], [-73.1351, 44.4573], [-73.13503, 44.45729], [-73.13496, 44.4573], [-73.1349, 44.45731], [-73.13485, 44.45729], [-73.13479, 44.45727], [-73.13479, 44.45722], [-73.1348, 44.45718], [-73.13486, 44.45715], [-73.13495, 44.45712], [-73.13507, 44.45708], [-73.13522, 44.45705], [-73.13533, 44.45704], [-73.13543, 44.45703], [-73.13553, 44.45702], [-73.13562, 44.45702], [-73.1357, 44.45702], [-73.1358, 44.45699], [-73.13585, 44.45696], [-73.1359, 44.4569], [-73.13594, 44.45685], [-73.13593, 44.4568], [-73.13593, 44.45675], [-73.13589, 44.45667], [-73.13587, 44.45662], [-73.13582, 44.45657], [-73.13578, 44.45653], [-73.13573, 44.4565], [-73.13569, 44.45647], [-73.13564, 44.45645], [-73.1356, 44.45642], [-73.13557, 44.45637], [-73.13555, 44.45635], [-73.13555, 44.45631], [-73.13555, 44.45626], [-73.13559, 44.45622], [-73.13565, 44.45617], [-73.13568, 44.45616], [-73.13595, 44.45605], [-73.13601, 44.45604], [-73.13606, 44.456], [-73.13627, 44.45594], [-73.13637, 44.45592], [-73.13648, 44.45588], [-73.13658, 44.45586], [-73.13664, 44.45585], [-73.13675, 44.45581], [-73.13685, 44.45578], [-73.13697, 44.45571], [-73.13706, 44.45565], [-73.13712, 44.45559], [-73.13719, 44.45549], [-73.13721, 44.45543], [-73.13725, 44.45534], [-73.13727, 44.45525], [-73.13731, 44.45515], [-73.13733, 44.45505], [-73.13737, 44.45499], [-73.13743, 44.4549], [-73.13752, 44.45487], [-73.1376, 44.45484], [-73.13767, 44.45484], [-73.13776, 44.45481], [-73.13783, 44.45478], [-73.1379, 44.45473], [-73.13796, 44.45467], [-73.13798, 44.45463], [-73.13801, 44.45456], [-73.13806, 44.4545], [-73.13812, 44.45446], [-73.13818, 44.45441], [-73.13826, 44.45436], [-73.13831, 44.45429], [-73.13837, 44.45423], [-73.1384, 44.45417], [-73.13843, 44.45408], [-73.13845, 44.45401], [-73.13843, 44.45394], [-73.13842, 44.4539], [-73.13839, 44.45385], [-73.13837, 44.4538], [-73.13836, 44.45373], [-73.13834, 44.45365], [-73.13831, 44.45359], [-73.13831, 44.45354], [-73.13831, 44.45348], [-73.13831, 44.45344], [-73.13835, 44.4534], [-73.13837, 44.45336], [-73.13843, 44.45329], [-73.13856, 44.45315], [-73.13863, 44.45308], [-73.13869, 44.45301], [-73.13874, 44.45298], [-73.13877, 44.45296], [-73.13881, 44.45293], [-73.13886, 44.45292], [-73.13893, 44.45288], [-73.13896, 44.45283], [-73.13897, 44.45278], [-73.13899, 44.45271], [-73.139, 44.45267], [-73.13898, 44.45262], [-73.13896, 44.45257], [-73.13896, 44.45251], [-73.13893, 44.45246], [-73.13891, 44.45241], [-73.13888, 44.45235], [-73.13885, 44.45233], [-73.13883, 44.45229], [-73.13879, 44.45224], [-73.13876, 44.4522], [-73.1387, 44.4522], [-73.13864, 44.4522], [-73.13856, 44.45218], [-73.13848, 44.45216], [-73.13843, 44.45212], [-73.13839, 44.45207], [-73.13834, 44.45201], [-73.13829, 44.45194], [-73.13823, 44.45184], [-73.13821, 44.45175], [-73.13819, 44.45167], [-73.1382, 44.45159], [-73.13821, 44.45156], [-73.13822, 44.45154], [-73.13826, 44.45149], [-73.13832, 44.45145], [-73.1384, 44.45142], [-73.13853, 44.45139], [-73.13863, 44.45138], [-73.13872, 44.45138], [-73.13881, 44.45139], [-73.13893, 44.45135], [-73.13902, 44.45134], [-73.13909, 44.45129], [-73.13914, 44.45124], [-73.13921, 44.4512], [-73.13925, 44.45114], [-73.13928, 44.45108], [-73.13933, 44.45102], [-73.13934, 44.45098], [-73.13931, 44.45091], [-73.13929, 44.45085], [-73.13926, 44.45081], [-73.13921, 44.4508], [-73.13915, 44.4508], [-73.13907, 44.4508], [-73.13902, 44.45081], [-73.13896, 44.4508], [-73.13889, 44.45078], [-73.13883, 44.45075], [-73.13877, 44.45071], [-73.13876, 44.45066], [-73.13874, 44.45061], [-73.1387, 44.45055], [-73.13868, 44.45051], [-73.13865, 44.45048], [-73.13862, 44.45044], [-73.13858, 44.45041], [-73.13855, 44.45036], [-73.13852, 44.45033], [-73.13849, 44.45028], [-73.13849, 44.45025], [-73.13852, 44.45019], [-73.13855, 44.45016], [-73.13857, 44.45013], [-73.13865, 44.45009], [-73.1387, 44.45006], [-73.13876, 44.45002], [-73.1388, 44.44999], [-73.13885, 44.44995], [-73.13889, 44.44993], [-73.13894, 44.4499], [-73.139, 44.44988], [-73.13907, 44.44989], [-73.13912, 44.44992], [-73.13916, 44.44994], [-73.13921, 44.44996], [-73.13928, 44.44998], [-73.13933, 44.44999], [-73.1394, 44.45], [-73.13947, 44.44999], [-73.13956, 44.44997], [-73.13964, 44.44994], [-73.13974, 44.44991], [-73.13982, 44.44985], [-73.13988, 44.44979], [-73.13992, 44.44972]]]}}, {"type": "Feature", "properties": {"tract_id": "50007003402", "name": "Census Tract 34.02", "income_2020": 105375, "poverty_rate_2020": 5.3, "population_2020": 2455}, "geometry": {"type": "Polygon", "coordinates": [[[-73.33495, 44.36444], [-73.3348, 44.36064], [-73.33478, 44.36015], [-73.33465, 44.35688], [-73.33241, 44.35328], [-73.33109, 44.35116], [-73.33025, 44.34982], [-73.32898, 44.34741], [-73.32735, 44.34436], [-73.32699, 44.34337], [-73.32156, 44.34399], [-73.31185, 44.3451], [-73.29494, 44.34704], [-73.28333, 44.34837], [-73.28019, 44.34873], [-73.27968, 44.34878], [-73.27919, 44.34881], [-73.27906, 44.34881], [-73.27686, 44.34908], [-73.27659, 44.34911], [-73.27615, 44.34916], [-73.27471, 44.34933], [-73.27434, 44.34937], [-73.27417, 44.34939], [-73.27171, 44.34969], [-73.26929, 44.34997], [-73.26845, 44.35008], [-73.26635, 44.35033], [-73.26565, 44.35042], [-73.26546, 44.35045], [-73.26405, 44.35062], [-73.26398, 44.35062], [-73.26299, 44.35074], [-73.2614, 44.35093], [-73.26132, 44.35094], [-73.26119, 44.35095], [-73.26068, 44.351], [-73.25999, 44.35107], [-73.25873, 44.35123], [-73.25817, 44.35129], [-73.25795, 44.35131], [-73.25687, 44.35143], [-73.25404, 44.35175], [-73.2539, 44.35176], [-73.25382, 44.35177], [-73.24472, 44.35279], [-73.23865, 44.35347], [-73.23864, 44.35353], [-73.23862, 44.35359], [-73.23851, 44.35395], [-73.23815, 44.35528], [-73.23784, 44.3564], [-73.23771, 44.35681], [-73.23754, 44.35729], [-73.23734, 44.35775], [-73.23692, 44.35868], [-73.23677, 44.35901], [-73.23666, 44.35926], [-73.23663, 44.35932], [-73.23661, 44.35936], [-73.23658, 44.35941], [-73.23654, 44.35949], [-73.23619, 44.36021], [-73.23596, 44.36066], [-73.23568, 44.36117], [-73.23548, 44.3615], [-73.23512, 44.36207], [-73.23505, 44.3622], [-73.23494, 44.36239], [-73.2349, 44.36245], [-73.23452, 44.36307], [-73.2343, 44.36345], [-73.23397, 44.3641], [-73.23381, 44.36443], [-73.23327, 44.36563], [-73.23324, 44.36569], [-73.23252, 44.36742], [-73.23209, 44.36853], [-73.23175, 44.3694], [-73.23133, 44.37052], [-73.23129, 44.37062], [-73.23027, 44.37336], [-73.22903, 44.37674], [-73.22857, 44.37796], [-73.22846, 44.37822], [-73.22753, 44.38069], [-73.2274, 44.381], [-73.22684, 44.3825], [-73.22667, 44.38298], [-73.22637, 44.3838], [-73.22619, 44.38428], [-73.22586, 44.38524], [-73.22551, 44.3862], [-73.22534, 44.3866], [-73.22523, 44.38682], [-73.2252, 44.38688], [-73.22518, 44.38693], [-73.22517, 44.38695], [-73.22486, 44.38748], [-73.22461, 44.38786], [-73.22441, 44.38814], [-73.2238, 44.38886], [-73.22333, 44.38935], [-73.22291, 44.38979], [-73.22258, 44.39013], [-73.22223, 44.39049], [-73.22198, 44.39076], [-73.22195, 44.39079], [-73.22171, 44.39114], [-73.22167, 44.39121], [-73.22148, 44.39151], [-73.22141, 44.39169], [-73.22128, 44.39207], [-73.22114, 44.39251], [-73.22079, 44.39373], [-73.22055, 44.39434], [-73.22034, 44.39489], [-73.22024, 44.39519], [-73.22015, 44.39544], [-73.22, 44.39592], [-73.21993, 44.39616], [-73.21933, 44.39805], [-73.21923, 44.39835], [-73.21916, 44.39857], [-73.21896, 44.39921], [-73.21869, 44.40003], [-73.21862, 44.40029], [-73.21786, 44.40279], [-73.21756, 44.40366], [-73.21733, 44.40445], [-73.21716, 44.40499], [-73.21698, 44.40546], [-73.21676, 44.40608], [-73.21668, 44.40633], [-73.21664, 44.40648], [-73.2163, 44.40753], [-73.21591, 44.40876], [-73.21555, 44.40986], [-73.21552, 44.40998], [-73.21544, 44.41021], [-73.21515, 44.41109], [-73.21476, 44.41227], [-73.21453, 44.41301], [-73.21438, 44.41348], [-73.21432, 44.41366], [-73.21413, 44.41423], [-73.21392, 44.41487], [-73.2136, 44.41585], [-73.21341, 44.41641], [-73.21335, 44.4166], [-73.2132, 44.41705], [-73.21279, 44.41827], [-73.21274, 44.41841], [-73.21251, 44.41914], [-73.21245, 44.4193], [-73.21235, 44.41967], [-73.21228, 44.41994], [-73.21224, 44.4202], [-73.21222, 44.42058], [-73.21219, 44.42087], [-73.21589, 44.42188], [-73.21746, 44.42231], [-73.21823, 44.42251], [-73.21832, 44.42253], [-73.2237, 44.42355], [-73.23157, 44.42505], [-73.2356, 44.42582], [-73.23714, 44.43819], [-73.24241, 44.44481], [-73.24963, 44.44564], [-73.25029, 44.44555], [-73.26248, 44.44382], [-73.26942, 44.44011], [-73.27611, 44.43873], [-73.27906, 44.43811], [-73.28575, 44.43672], [-73.29422, 44.43604], [-73.29423, 44.43602], [-73.29457, 44.43435], [-73.29525, 44.43165], [-73.29605, 44.42833], [-73.29698, 44.42679], [-73.299, 44.42337], [-73.30116, 44.4197], [-73.30263, 44.41705], [-73.30467, 44.41341], [-73.30705, 44.40916], [-73.3096, 44.40451], [-73.31051, 44.4026], [-73.31179, 44.39787], [-73.31244, 44.39471], [-73.31355, 44.39197], [-73.31504, 44.38853], [-73.31707, 44.38599], [-73.3194, 44.38402], [-73.32098, 44.38269], [-73.32256, 44.38155], [-73.32538, 44.37953], [-73.32805, 44.37769], [-73.3304, 44.376], [-73.33123, 44.37505], [-73.33361, 44.3723], [-73.33495, 44.36444]]]}}, {"type": "Feature", "properties": {"tract_id": "50007002101", "name": "Census Tract 21.01", "income_2020": 133750, "poverty_rate_2020": 2.3, "population_2020": 2829}, "geometry": {"type": "Polygon", "coordinates": [[[-73.25628, 44.62968], [-73.25618, 44.62738], [-73.25597, 44.62524], [-73.25586, 44.62263], [-73.25545, 44.62019], [-73.25518, 44.61784], [-73.2548, 44.61533], [-73.25459, 44.61314], [-73.2545, 44.61068], [-73.24057, 44.61121], [-73.24, 44.61124], [-73.23958, 44.61125], [-73.2383, 44.61223], [-73.23709, 44.61275], [-73.23688, 44.61284], [-73.23623, 44.61306], [-73.23551, 44.61331], [-73.23502, 44.61334], [-73.23263, 44.6135], [-73.23129, 44.61325], [-73.22977, 44.61255], [-73.2286, 44.61166], [-73.228, 44.61115], [-73.22737, 44.61061], [-73.22645, 44.60986], [-73.22529, 44.609], [-73.22483, 44.6087], [-73.22307, 44.60785], [-73.2225, 44.60758], [-73.22123, 44.60698], [-73.21991, 44.60626], [-73.21878, 44.60575], [-73.21861, 44.60567], [-73.21856, 44.60565], [-73.21715, 44.60516], [-73.21527, 44.60506], [-73.21512, 44.60507], [-73.21356, 44.60517], [-73.21182, 44.60514], [-73.21163, 44.60511], [-73.21147, 44.6051], [-73.20903, 44.60472], [-73.20864, 44.60463], [-73.2078, 44.60443], [-73.20706, 44.60426], [-73.20559, 44.60383], [-73.20464, 44.60354], [-73.204, 44.60336], [-73.20255, 44.60337], [-73.20212, 44.60362], [-73.20169, 44.60386], [-73.20137, 44.60404], [-73.20006, 44.60544], [-73.20005, 44.60545], [-73.19909, 44.60718], [-73.19894, 44.6075], [-73.19871, 44.60783], [-73.19845, 44.6077], [-73.19841, 44.60782], [-73.19743, 44.61035], [-73.19735, 44.6109], [-73.19733, 44.61107], [-73.19725, 44.61131], [-73.19705, 44.61199], [-73.19682, 44.61234], [-73.19648, 44.6126], [-73.19569, 44.61301], [-73.19401, 44.6134], [-73.19285, 44.61375], [-73.19113, 44.61433], [-73.19093, 44.61439], [-73.18946, 44.61471], [-73.18903, 44.61475], [-73.18766, 44.61485], [-73.18596, 44.61498], [-73.18541, 44.61502], [-73.18434, 44.61505], [-73.18332, 44.61523], [-73.18252, 44.6153], [-73.18169, 44.61511], [-73.18105, 44.6149], [-73.18094, 44.61481], [-73.18078, 44.61469], [-73.18043, 44.61461], [-73.17978, 44.61451], [-73.17915, 44.61457], [-73.17857, 44.61476], [-73.17803, 44.61517], [-73.17772, 44.61644], [-73.17747, 44.61802], [-73.1775, 44.61878], [-73.17756, 44.61997], [-73.17744, 44.62044], [-73.17696, 44.62137], [-73.17628, 44.62254], [-73.17579, 44.62338], [-73.17558, 44.62387], [-73.17547, 44.62418], [-73.17508, 44.62535], [-73.17455, 44.62694], [-73.1743, 44.62782], [-73.17379, 44.62892], [-73.17327, 44.62987], [-73.17298, 44.63041], [-73.17255, 44.63094], [-73.17179, 44.63176], [-73.17101, 44.63254], [-73.16972, 44.63377], [-73.16762, 44.63524], [-73.16654, 44.63591], [-73.16626, 44.63605], [-73.16593, 44.63622], [-73.16565, 44.63645], [-73.16471, 44.6372], [-73.16424, 44.63761], [-73.16387, 44.63799], [-73.16338, 44.63834], [-73.16281, 44.63871], [-73.16241, 44.63894], [-73.16218, 44.63899], [-73.1616, 44.6391], [-73.16135, 44.63914], [-73.16084, 44.6394], [-73.16052, 44.63977], [-73.1598, 44.64059], [-73.1595, 44.64083], [-73.1593, 44.64099], [-73.15909, 44.64127], [-73.15902, 44.64136], [-73.15894, 44.64143], [-73.1585, 44.64181], [-73.15828, 44.64209], [-73.15816, 44.64221], [-73.15778, 44.64245], [-73.15765, 44.64247], [-73.1572, 44.64255], [-73.1571, 44.64253], [-73.15679, 44.64248], [-73.15655, 44.64231], [-73.15594, 44.64189], [-73.15554, 44.64122], [-73.15506, 44.64073], [-73.15457, 44.64047], [-73.15445, 44.64049], [-73.15413, 44.64052], [-73.15379, 44.64055], [-73.15212, 44.64125], [-73.15207, 44.64129], [-73.15084, 44.64224], [-73.14947, 44.64301], [-73.14921, 44.64317], [-73.1469, 44.64417], [-73.14602, 44.64457], [-73.14524, 44.64482], [-73.14444, 44.64437], [-73.14396, 44.64396], [-73.14347, 44.64363], [-73.14312, 44.64341], [-73.14267, 44.64301], [-73.14256, 44.64291], [-73.14222, 44.64218], [-73.14198, 44.64137], [-73.14152, 44.63897], [-73.14144, 44.6383], [-73.14131, 44.63783], [-73.14116, 44.63746], [-73.14092, 44.63724], [-73.14075, 44.63714], [-73.14072, 44.63712], [-73.14059, 44.63705], [-73.1405, 44.63704], [-73.14044, 44.63703], [-73.13963, 44.63695], [-73.13956, 44.63696], [-73.13884, 44.63703], [-73.13766, 44.63721], [-73.13752, 44.63723], [-73.1365, 44.63733], [-73.13625, 44.63731], [-73.1358, 44.63728], [-73.13431, 44.63711], [-73.13411, 44.63709], [-73.13397, 44.63704], [-73.13319, 44.63675], [-73.13112, 44.63638], [-73.13057, 44.63629], [-73.12987, 44.63625], [-73.12982, 44.63645], [-73.12977, 44.63667], [-73.12975, 44.63674], [-73.12976, 44.63676], [-73.12971, 44.63686], [-73.12967, 44.6369], [-73.12957, 44.63695], [-73.12954, 44.63696], [-73.12951, 44.63697], [-73.12932, 44.63696], [-73.12918, 44.63698], [-73.12908, 44.637], [-73.12899, 44.63703], [-73.12878, 44.63713], [-73.12877, 44.63714], [-73.12875, 44.63715], [-73.12871, 44.63718], [-73.12866, 44.63724], [-73.12863, 44.63732], [-73.1286, 44.63753], [-73.1286, 44.63775], [-73.12861, 44.63841], [-73.12862, 44.63865], [-73.12862, 44.63882], [-73.12859, 44.63904], [-73.12857, 44.63913], [-73.12856, 44.63915], [-73.12854, 44.63921], [-73.12841, 44.63939], [-73.1284, 44.63941], [-73.12834, 44.63951], [-73.12832, 44.63952], [-73.12827, 44.63968], [-73.12824, 44.63979], [-73.12821, 44.64024], [-73.12819, 44.64033], [-73.12814, 44.64051], [-73.12811, 44.64059], [-73.12804, 44.64068], [-73.12797, 44.64074], [-73.12795, 44.64075], [-73.12793, 44.64077], [-73.12792, 44.64078], [-73.12781, 44.64087], [-73.12779, 44.64088], [-73.12775, 44.64091], [-73.12751, 44.64106], [-73.12746, 44.64109], [-73.1274, 44.64113], [-73.12735, 44.64116], [-73.12717, 44.64126], [-73.12708, 44.64129], [-73.12705, 44.6413], [-73.12694, 44.64135], [-73.12691, 44.64136], [-73.12674, 44.64144], [-73.12664, 44.6415], [-73.12572, 44.64041], [-73.12464, 44.63913], [-73.1246, 44.63907], [-73.12459, 44.6391], [-73.12452, 44.63931], [-73.12448, 44.63952], [-73.12449, 44.63965], [-73.1245, 44.63974], [-73.12455, 44.63995], [-73.12457, 44.64008], [-73.12458, 44.64017], [-73.12454, 44.64038], [-73.12443, 44.64057], [-73.12429, 44.64073], [-73.12412, 44.64089], [-73.124, 44.64099], [-73.12387, 44.64107], [-73.12382, 44.64091], [-73.1238, 44.64094], [-73.12215, 44.64365], [-73.1218, 44.64423], [-73.11927, 44.64776], [-73.11921, 44.64785], [-73.11854, 44.64864], [-73.11847, 44.64878], [-73.11805, 44.64954], [-73.11712, 44.65126], [-73.11644, 44.65244], [-73.11603, 44.65263], [-73.11518, 44.65164], [-73.1151, 44.65147], [-73.11506, 44.65134], [-73.11495, 44.65172], [-73.11488, 44.65195], [-73.1147, 44.65259], [-73.11454, 44.65312], [-73.1142, 44.65426], [-73.11389, 44.65527], [-73.11381, 44.65553], [-73.11322, 44.65543], [-73.11268, 44.6554], [-73.11251, 44.65538], [-73.11155, 44.65508], [-73.11056, 44.65516], [-73.11041, 44.65515], [-73.10974, 44.65584], [-73.10951, 44.65642], [-73.10927, 44.6604], [-73.10892, 44.66183], [-73.10871, 44.66273], [-73.10777, 44.66389], [-73.10755, 44.66574], [-73.10753, 44.66589], [-73.10753, 44.66788], [-73.10753, 44.66865], [-73.10753, 44.67021], [-73.10753, 44.67031], [-73.10753, 44.67161], [-73.10703, 44.67351], [-73.10701, 44.67353], [-73.10621, 44.67459], [-73.10617, 44.67464], [-73.10547, 44.67546], [-73.10435, 44.67672], [-73.10756, 44.67791], [-73.11102, 44.67918], [-73.11516, 44.68071], [-73.11885, 44.68207], [-73.11975, 44.6824], [-73.12464, 44.68421], [-73.12598, 44.68471], [-73.12762, 44.68531], [-73.1282, 44.68553], [-73.12871, 44.68572], [-73.13517, 44.6881], [-73.13748, 44.68895], [-73.14135, 44.69038], [-73.14689, 44.6924], [-73.1528, 44.69455], [-73.1568, 44.69608], [-73.15904, 44.6969], [-73.16068, 44.69751], [-73.16178, 44.69794], [-73.17386, 44.70241], [-73.17877, 44.70423], [-73.17945, 44.70448], [-73.19269, 44.70939], [-73.19394, 44.70986], [-73.19408, 44.70991], [-73.1941, 44.70992], [-73.20395, 44.71359], [-73.20577, 44.71427], [-73.20693, 44.7147], [-73.20741, 44.71487], [-73.22886, 44.72281], [-73.2289, 44.72255], [-73.22928, 44.7204], [-73.22939, 44.71846], [-73.22949, 44.71676], [-73.22946, 44.71524], [-73.22964, 44.71315], [-73.22939, 44.71159], [-73.22952, 44.70993], [-73.2294, 44.7081], [-73.22903, 44.70628], [-73.22877, 44.70481], [-73.22853, 44.70308], [-73.22856, 44.70109], [-73.22841, 44.69918], [-73.22837, 44.69748], [-73.22846, 44.69599], [-73.22845, 44.69455], [-73.22841, 44.69271], [-73.22832, 44.69102], [-73.22841, 44.68826], [-73.22862, 44.68712], [-73.22872, 44.68655], [-73.22891, 44.68561], [-73.22959, 44.68383], [-73.2301, 44.68196], [-73.23088, 44.68024], [-73.2315, 44.6784], [-73.23213, 44.67674], [-73.23273, 44.67511], [-73.23306, 44.67354], [-73.23356, 44.67159], [-73.23354, 44.66968], [-73.23358, 44.66811], [-73.23341, 44.66631], [-73.23344, 44.66445], [-73.23334, 44.66266], [-73.23317, 44.66084], [-73.23313, 44.65911], [-73.23316, 44.65712], [-73.23306, 44.65518], [-73.23295, 44.65334], [-73.23287, 44.65143], [-73.23308, 44.64988], [-73.23384, 44.64838], [-73.23545, 44.64706], [-73.23566, 44.64695], [-73.23771, 44.64589], [-73.23992, 44.64507], [-73.24223, 44.64421], [-73.24275, 44.64401], [-73.24486, 44.6435], [-73.24757, 44.6429], [-73.24951, 44.6424], [-73.25111, 44.64151], [-73.25221, 44.6398], [-73.25319, 44.63847], [-73.254, 44.63688], [-73.25486, 44.635], [-73.25523, 44.63404], [-73.25539, 44.63361], [-73.25592, 44.6318], [-73.256, 44.63152], [-73.25603, 44.63144], [-73.25603, 44.63139], [-73.25628, 44.62968]]]}}, {"type": "Feature", "properties": {"tract_id": "50007003304", "name": "Census Tract 33.04", "income_2020": 93086, "poverty_rate_2020": 4.2, "population_2020": 6332}, "geometry": {"type": "Polygon", "coordinates": [[[-73.32124, 44.5149], [-73.32121, 44.51471], [-73.32118, 44.51461], [-73.32109, 44.51426], [-73.32103, 44.51416], [-73.321, 44.51397], [-73.32094, 44.51383], [-73.32085, 44.51363], [-73.32066, 44.51344], [-73.32054, 44.51328], [-73.32023, 44.51292], [-73.32015, 44.51273], [-73.31984, 44.51249], [-73.31975, 44.51234], [-73.31959, 44.51222], [-73.31947, 44.51212], [-73.31927, 44.51195], [-73.31908, 44.51182], [-73.31881, 44.51166], [-73.3186, 44.51153], [-73.31829, 44.51135], [-73.31818, 44.51131], [-73.318, 44.51124], [-73.3177, 44.51104], [-73.31666, 44.51037], [-73.3162, 44.50995], [-73.31617, 44.50993], [-73.31596, 44.50971], [-73.31565, 44.5095], [-73.31541, 44.50935], [-73.31523, 44.50921], [-73.31492, 44.50898], [-73.31468, 44.50878], [-73.31446, 44.50862], [-73.31428, 44.50843], [-73.31403, 44.50823], [-73.31376, 44.50803], [-73.31352, 44.50781], [-73.31333, 44.50764], [-73.31312, 44.50746], [-73.31287, 44.50724], [-73.31275, 44.5071], [-73.31257, 44.50692], [-73.31236, 44.50667], [-73.31214, 44.50648], [-73.31193, 44.50625], [-73.31175, 44.50608], [-73.31156, 44.50592], [-73.31141, 44.50569], [-73.3112, 44.50554], [-73.31101, 44.50529], [-73.3108, 44.50515], [-73.31068, 44.50497], [-73.31043, 44.50475], [-73.31025, 44.50456], [-73.30998, 44.50429], [-73.30964, 44.50392], [-73.3094, 44.5036], [-73.30921, 44.50342], [-73.30903, 44.50323], [-73.30879, 44.50296], [-73.3086, 44.50277], [-73.30848, 44.50256], [-73.30833, 44.50236], [-73.30815, 44.50217], [-73.30796, 44.50196], [-73.30781, 44.5017], [-73.30766, 44.50152], [-73.3075, 44.50135], [-73.30741, 44.50122], [-73.30717, 44.50096], [-73.30671, 44.50033], [-73.30667, 44.49988], [-73.3063, 44.49857], [-73.30618, 44.49825], [-73.30603, 44.49771], [-73.3059, 44.49724], [-73.30584, 44.49678], [-73.30572, 44.49631], [-73.30563, 44.49581], [-73.30554, 44.49545], [-73.30538, 44.49493], [-73.30526, 44.49425], [-73.3052, 44.49382], [-73.30511, 44.49335], [-73.30505, 44.49298], [-73.30498, 44.49259], [-73.30493, 44.49221], [-73.3049, 44.49193], [-73.30487, 44.49153], [-73.30487, 44.49106], [-73.30487, 44.49074], [-73.30487, 44.49036], [-73.30487, 44.48993], [-73.30484, 44.48932], [-73.30478, 44.48871], [-73.30461, 44.48694], [-73.30443, 44.48574], [-73.30411, 44.48459], [-73.30342, 44.48334], [-73.30258, 44.48192], [-73.30066, 44.47856], [-73.2999, 44.47665], [-73.2998, 44.47615], [-73.29971, 44.47562], [-73.29965, 44.47515], [-73.29956, 44.47471], [-73.2995, 44.4743], [-73.29944, 44.4738], [-73.29937, 44.47358], [-73.29932, 44.47332], [-73.29916, 44.47291], [-73.29913, 44.47243], [-73.2991, 44.47189], [-73.29895, 44.4713], [-73.29886, 44.47075], [-73.29883, 44.47043], [-73.29883, 44.47002], [-73.29871, 44.46962], [-73.2987, 44.46912], [-73.29868, 44.46866], [-73.29865, 44.4684], [-73.29868, 44.4678], [-73.29867, 44.46729], [-73.29867, 44.46612], [-73.29877, 44.46514], [-73.29874, 44.4648], [-73.29871, 44.46445], [-73.29874, 44.46396], [-73.29877, 44.46365], [-73.29886, 44.46327], [-73.29892, 44.46295], [-73.29996, 44.45701], [-73.29996, 44.45669], [-73.30005, 44.45635], [-73.30011, 44.45611], [-73.30017, 44.4558], [-73.3002, 44.45555], [-73.3002, 44.45532], [-73.30015, 44.45497], [-73.30013, 44.45471], [-73.3, 44.45436], [-73.2999, 44.45404], [-73.29975, 44.45367], [-73.29949, 44.45327], [-73.29948, 44.45301], [-73.29919, 44.45258], [-73.29898, 44.45225], [-73.29873, 44.45188], [-73.2984, 44.45144], [-73.29815, 44.45105], [-73.29788, 44.45064], [-73.29772, 44.45038], [-73.2976, 44.45012], [-73.29727, 44.44962], [-73.29702, 44.44923], [-73.29684, 44.4489], [-73.29663, 44.44855], [-73.29642, 44.44804], [-73.2962, 44.44766], [-73.29605, 44.44727], [-73.29577, 44.44686], [-73.29562, 44.44655], [-73.29537, 44.44621], [-73.29523, 44.44588], [-73.2951, 44.44549], [-73.29498, 44.44523], [-73.29483, 44.44484], [-73.2947, 44.44452], [-73.29455, 44.44413], [-73.2944, 44.44372], [-73.29425, 44.44328], [-73.29409, 44.44292], [-73.29397, 44.44258], [-73.29387, 44.44215], [-73.29382, 44.44175], [-73.29368, 44.44084], [-73.29362, 44.44056], [-73.29359, 44.44023], [-73.29365, 44.43983], [-73.29363, 44.43935], [-73.29363, 44.43915], [-73.29363, 44.4389], [-73.29366, 44.43871], [-73.29372, 44.43847], [-73.29375, 44.43816], [-73.2939, 44.43756], [-73.29393, 44.43744], [-73.29422, 44.43604], [-73.28575, 44.43672], [-73.27906, 44.43811], [-73.27611, 44.43873], [-73.26942, 44.44011], [-73.26248, 44.44382], [-73.25029, 44.44555], [-73.24963, 44.44564], [-73.24241, 44.44481], [-73.23714, 44.43819], [-73.2356, 44.42582], [-73.23157, 44.42505], [-73.2237, 44.42355], [-73.21832, 44.42253], [-73.21823, 44.42251], [-73.21746, 44.42231], [-73.21589, 44.42188], [-73.21219, 44.42087], [-73.21205, 44.42084], [-73.20975, 44.42021], [-73.20873, 44.41993], [-73.20739, 44.41957], [-73.20325, 44.41844], [-73.19677, 44.41668], [-73.19668, 44.41719], [-73.19664, 44.41739], [-73.19636, 44.4189], [-73.19606, 44.42066], [-73.19598, 44.42101], [-73.19586, 44.42149], [-73.19563, 44.42248], [-73.19522, 44.42396], [-73.19515, 44.42416], [-73.19513, 44.42423], [-73.19479, 44.42542], [-73.19459, 44.42605], [-73.19454, 44.42621], [-73.19434, 44.42688], [-73.1943, 44.42703], [-73.19421, 44.4273], [-73.19362, 44.42926], [-73.19316, 44.43073], [-73.19299, 44.43125], [-73.19279, 44.43189], [-73.19266, 44.43238], [-73.19236, 44.43336], [-73.19204, 44.43433], [-73.19176, 44.43512], [-73.19123, 44.43672], [-73.19085, 44.43786], [-73.19048, 44.43892], [-73.19013, 44.43984], [-73.18994, 44.44035], [-73.18923, 44.44233], [-73.18908, 44.44275], [-73.18889, 44.44324], [-73.18869, 44.4437], [-73.18855, 44.44404], [-73.18841, 44.44437], [-73.18825, 44.44469], [-73.1878, 44.44557], [-73.18775, 44.4457], [-73.1877, 44.44584], [-73.18767, 44.44598], [-73.18766, 44.44613], [-73.18766, 44.4462], [-73.18769, 44.44642], [-73.18771, 44.4465], [-73.18785, 44.44722], [-73.18802, 44.44805], [-73.18814, 44.44868], [-73.18821, 44.44901], [-73.18838, 44.44995], [-73.18858, 44.45112], [-73.18869, 44.45178], [-73.1889, 44.45299], [-73.1891, 44.45406], [-73.18918, 44.45448], [-73.18989, 44.45444], [-73.19004, 44.45444], [-73.18998, 44.45414], [-73.19233, 44.45428], [-73.19654, 44.45453], [-73.19721, 44.45457], [-73.19846, 44.45465], [-73.19909, 44.45469], [-73.20008, 44.45474], [-73.20021, 44.45476], [-73.20117, 44.45481], [-73.20129, 44.45481], [-73.20142, 44.45481], [-73.20261, 44.4549], [-73.20571, 44.45508], [-73.20858, 44.45523], [-73.20859, 44.45521], [-73.20859, 44.45514], [-73.20863, 44.4547], [-73.2087, 44.45405], [-73.20872, 44.45387], [-73.20873, 44.45373], [-73.20879, 44.45314], [-73.20881, 44.45291], [-73.20887, 44.45228], [-73.2089, 44.45184], [-73.20893, 44.45145], [-73.209, 44.45072], [-73.20903, 44.45046], [-73.20913, 44.44931], [-73.2092, 44.44875], [-73.20923, 44.44832], [-73.20923, 44.44825], [-73.20926, 44.44794], [-73.20926, 44.44788], [-73.20934, 44.44724], [-73.20938, 44.44697], [-73.2094, 44.44645], [-73.20941, 44.44629], [-73.20943, 44.44603], [-73.20944, 44.44593], [-73.20972, 44.44594], [-73.21096, 44.44601], [-73.21217, 44.44607], [-73.21227, 44.44608], [-73.21297, 44.44612], [-73.21365, 44.44615], [-73.21373, 44.44615], [-73.21377, 44.44615], [-73.21385, 44.44617], [-73.21393, 44.44617], [-73.21407, 44.44619], [-73.21451, 44.44623], [-73.21483, 44.44627], [-73.21516, 44.4463], [-73.21632, 44.44637], [-73.21686, 44.4464], [-73.21721, 44.44643], [-73.21758, 44.44644], [-73.21767, 44.44645], [-73.21831, 44.44647], [-73.21889, 44.44649], [-73.21904, 44.44649], [-73.21918, 44.44647], [-73.21941, 44.44643], [-73.2196, 44.44644], [-73.2196, 44.44634], [-73.22214, 44.44648], [-73.22795, 44.44677], [-73.23146, 44.44694], [-73.2315, 44.447], [-73.23169, 44.44723], [-73.23708, 44.45364], [-73.23744, 44.45406], [-73.24943, 44.46829], [-73.24959, 44.46848], [-73.25307, 44.47259], [-73.25531, 44.47523], [-73.25856, 44.47907], [-73.26055, 44.48142], [-73.26991, 44.49247], [-73.27131, 44.49412], [-73.27143, 44.49427], [-73.27167, 44.49455], [-73.273, 44.49612], [-73.27388, 44.49716], [-73.27389, 44.49718], [-73.2739, 44.49719], [-73.2739, 44.49722], [-73.2739, 44.49724], [-73.2739, 44.49727], [-73.27392, 44.49729], [-73.27391, 44.49731], [-73.2739, 44.49734], [-73.27391, 44.49737], [-73.27392, 44.49739], [-73.27392, 44.49742], [-73.27392, 44.49744], [-73.27392, 44.49747], [-73.27391, 44.4975], [-73.27391, 44.49752], [-73.2739, 44.49755], [-73.27389, 44.49758], [-73.27388, 44.4976], [-73.27387, 44.49763], [-73.27385, 44.49765], [-73.27383, 44.49767], [-73.27382, 44.4977], [-73.2738, 44.49772], [-73.27378, 44.49775], [-73.27377, 44.49777], [-73.27375, 44.49779], [-73.27374, 44.49782], [-73.27372, 44.49785], [-73.27371, 44.49787], [-73.2737, 44.4979], [-73.27369, 44.49792], [-73.27368, 44.49795], [-73.27368, 44.49798], [-73.27367, 44.49801], [-73.27367, 44.49803], [-73.27366, 44.49806], [-73.27365, 44.49808], [-73.27365, 44.49811], [-73.27364, 44.49814], [-73.27363, 44.49816], [-73.27361, 44.49819], [-73.27361, 44.49821], [-73.27361, 44.49824], [-73.27361, 44.49827], [-73.27362, 44.49829], [-73.27362, 44.49832], [-73.27362, 44.49835], [-73.2736, 44.49837], [-73.2736, 44.4984], [-73.27358, 44.49842], [-73.27358, 44.49845], [-73.27358, 44.49848], [-73.27358, 44.4985], [-73.27358, 44.49853], [-73.27358, 44.49856], [-73.27358, 44.49858], [-73.27358, 44.49861], [-73.27358, 44.49864], [-73.27359, 44.49866], [-73.27359, 44.49869], [-73.27357, 44.49871], [-73.27357, 44.49873], [-73.27359, 44.49875], [-73.27362, 44.49878], [-73.27361, 44.4988], [-73.27361, 44.49883], [-73.27362, 44.49885], [-73.27363, 44.49888], [-73.27364, 44.4989], [-73.27365, 44.49893], [-73.27365, 44.49895], [-73.27365, 44.49898], [-73.27365, 44.49901], [-73.27364, 44.49903], [-73.27364, 44.49906], [-73.27363, 44.49909], [-73.27362, 44.49911], [-73.27361, 44.49914], [-73.27361, 44.49916], [-73.27361, 44.49919], [-73.27361, 44.49922], [-73.27361, 44.49924], [-73.27361, 44.49927], [-73.27361, 44.4993], [-73.2736, 44.49933], [-73.2736, 44.49935], [-73.27359, 44.49938], [-73.27358, 44.4994], [-73.27356, 44.49943], [-73.27351, 44.49946], [-73.27349, 44.49949], [-73.27347, 44.49951], [-73.27345, 44.49953], [-73.27342, 44.49958], [-73.27337, 44.49962], [-73.27335, 44.49964], [-73.27332, 44.49967], [-73.27329, 44.49968], [-73.27326, 44.4997], [-73.27323, 44.49971], [-73.2732, 44.49973], [-73.27318, 44.49975], [-73.27316, 44.49978], [-73.27315, 44.4998], [-73.27316, 44.49983], [-73.27314, 44.49985], [-73.27312, 44.49987], [-73.27307, 44.49988], [-73.27293, 44.50005], [-73.2729, 44.50026], [-73.27292, 44.50027], [-73.27289, 44.50037], [-73.27289, 44.50039], [-73.27288, 44.50041], [-73.27287, 44.50044], [-73.27286, 44.50046], [-73.27285, 44.50049], [-73.27285, 44.50052], [-73.27283, 44.50054], [-73.27282, 44.50056], [-73.2728, 44.50058], [-73.27277, 44.5006], [-73.27277, 44.50063], [-73.27276, 44.50065], [-73.27273, 44.50067], [-73.2727, 44.50072], [-73.27267, 44.50073], [-73.27267, 44.50075], [-73.27265, 44.50077], [-73.27263, 44.50079], [-73.2726, 44.50081], [-73.27258, 44.50084], [-73.27255, 44.50085], [-73.27252, 44.5009], [-73.27251, 44.50093], [-73.27249, 44.50095], [-73.27247, 44.50097], [-73.27246, 44.501], [-73.27245, 44.50102], [-73.27243, 44.50104], [-73.27242, 44.50106], [-73.27243, 44.50108], [-73.27246, 44.50111], [-73.27246, 44.50113], [-73.27249, 44.50117], [-73.27249, 44.50119], [-73.27252, 44.5012], [-73.27255, 44.50124], [-73.27255, 44.50125], [-73.27261, 44.50131], [-73.27263, 44.50134], [-73.27273, 44.50142], [-73.27273, 44.50144], [-73.27277, 44.50147], [-73.27303, 44.50168], [-73.27304, 44.5017], [-73.27335, 44.50197], [-73.27341, 44.50201], [-73.27373, 44.50226], [-73.27374, 44.50228], [-73.274, 44.50249], [-73.27401, 44.5025], [-73.27409, 44.50257], [-73.27419, 44.50262], [-73.27423, 44.50262], [-73.27442, 44.50263], [-73.27444, 44.50261], [-73.27446, 44.50262], [-73.27452, 44.50262], [-73.27459, 44.50264], [-73.27482, 44.50282], [-73.27485, 44.50283], [-73.27497, 44.50294], [-73.27501, 44.50298], [-73.27505, 44.50303], [-73.27507, 44.50309], [-73.2751, 44.50311], [-73.27512, 44.50317], [-73.27514, 44.5032], [-73.27514, 44.50322], [-73.27517, 44.5033], [-73.27524, 44.50339], [-73.27526, 44.50352], [-73.27523, 44.5036], [-73.2752, 44.50361], [-73.27517, 44.50363], [-73.27519, 44.50369], [-73.27514, 44.50389], [-73.27507, 44.504], [-73.27494, 44.50414], [-73.2749, 44.50418], [-73.27492, 44.5042], [-73.27492, 44.50423], [-73.27495, 44.50425], [-73.27496, 44.50427], [-73.275, 44.50429], [-73.27501, 44.50433], [-73.27504, 44.50435], [-73.27506, 44.50442], [-73.27509, 44.50443], [-73.27509, 44.50445], [-73.27511, 44.50447], [-73.27512, 44.50449], [-73.2752, 44.50454], [-73.27522, 44.50455], [-73.27525, 44.50455], [-73.27528, 44.50457], [-73.27529, 44.50459], [-73.27532, 44.5046], [-73.27535, 44.50461], [-73.27538, 44.50463], [-73.27541, 44.50464], [-73.27544, 44.50466], [-73.27546, 44.50468], [-73.27549, 44.50469], [-73.27553, 44.50469], [-73.27556, 44.50471], [-73.2756, 44.50471], [-73.27563, 44.50473], [-73.27566, 44.50474], [-73.2757, 44.50475], [-73.27573, 44.50476], [-73.27576, 44.50477], [-73.2758, 44.50477], [-73.27584, 44.50477], [-73.27587, 44.50477], [-73.27591, 44.50477], [-73.27595, 44.50477], [-73.27598, 44.50476], [-73.27602, 44.50476], [-73.27603, 44.50474], [-73.27604, 44.50475], [-73.27608, 44.50475], [-73.27613, 44.50477], [-73.27619, 44.50479], [-73.27627, 44.50483], [-73.27629, 44.50484], [-73.27641, 44.50492], [-73.27656, 44.50507], [-73.27659, 44.50512], [-73.27661, 44.50515], [-73.27662, 44.50518], [-73.27665, 44.5052], [-73.27665, 44.50522], [-73.27672, 44.50534], [-73.27673, 44.50537], [-73.27675, 44.50538], [-73.27676, 44.50541], [-73.27677, 44.50543], [-73.2768, 44.50545], [-73.27681, 44.50548], [-73.27681, 44.5055], [-73.27683, 44.50553], [-73.27685, 44.50555], [-73.27686, 44.50557], [-73.27687, 44.5056], [-73.27688, 44.50563], [-73.27689, 44.50565], [-73.27689, 44.50568], [-73.27689, 44.50571], [-73.27689, 44.50574], [-73.2769, 44.50576], [-73.27692, 44.50578], [-73.27694, 44.50581], [-73.27696, 44.50583], [-73.27696, 44.50586], [-73.27696, 44.50588], [-73.27697, 44.50591], [-73.27697, 44.50594], [-73.27697, 44.50596], [-73.27698, 44.50599], [-73.27699, 44.50602], [-73.27701, 44.50604], [-73.27702, 44.50606], [-73.27702, 44.50609], [-73.27703, 44.50611], [-73.27703, 44.50614], [-73.27703, 44.50617], [-73.27702, 44.50619], [-73.27703, 44.50622], [-73.27703, 44.50624], [-73.27702, 44.50627], [-73.27701, 44.5063], [-73.27696, 44.50634], [-73.27695, 44.50636], [-73.27694, 44.50639], [-73.27693, 44.50641], [-73.27691, 44.50644], [-73.2769, 44.50646], [-73.27688, 44.50648], [-73.27686, 44.50651], [-73.27684, 44.50653], [-73.27681, 44.50654], [-73.27678, 44.50653], [-73.27676, 44.50651], [-73.27674, 44.5065], [-73.27669, 44.50651], [-73.27668, 44.50649], [-73.27656, 44.50648], [-73.27651, 44.5065], [-73.27641, 44.50654], [-73.27616, 44.50671], [-73.27614, 44.50672], [-73.27603, 44.50679], [-73.27602, 44.50686], [-73.27601, 44.50687], [-73.27598, 44.507], [-73.27596, 44.50701], [-73.27596, 44.50703], [-73.27593, 44.50706], [-73.27592, 44.50708], [-73.27586, 44.50712], [-73.27552, 44.50729], [-73.27533, 44.5074], [-73.27515, 44.50753], [-73.27504, 44.50763], [-73.27504, 44.50764], [-73.275, 44.50767], [-73.27492, 44.50783], [-73.2749, 44.50785], [-73.2749, 44.50789], [-73.27487, 44.50793], [-73.27485, 44.50804], [-73.27484, 44.50807], [-73.27482, 44.50808], [-73.27482, 44.5081], [-73.27478, 44.50823], [-73.27473, 44.50836], [-73.2747, 44.50838], [-73.2747, 44.50841], [-73.27466, 44.50844], [-73.27466, 44.50847], [-73.27462, 44.50851], [-73.27461, 44.50855], [-73.27458, 44.50856], [-73.27457, 44.50859], [-73.27453, 44.50863], [-73.27453, 44.50866], [-73.27449, 44.5087], [-73.27449, 44.50871], [-73.27446, 44.50874], [-73.27445, 44.50876], [-73.27443, 44.50878], [-73.27441, 44.50884], [-73.2744, 44.50886], [-73.27438, 44.50887], [-73.27437, 44.50889], [-73.27434, 44.50899], [-73.2743, 44.5091], [-73.27431, 44.50923], [-73.27429, 44.50925], [-73.27431, 44.50933], [-73.27433, 44.50935], [-73.27436, 44.50955], [-73.27436, 44.50965], [-73.27435, 44.50969], [-73.27434, 44.5097], [-73.27433, 44.50972], [-73.27431, 44.50974], [-73.27428, 44.50977], [-73.27428, 44.50979], [-73.27427, 44.50982], [-73.27426, 44.50984], [-73.27425, 44.50987], [-73.27425, 44.50989], [-73.27423, 44.50992], [-73.27421, 44.50994], [-73.27419, 44.50996], [-73.27417, 44.50998], [-73.27414, 44.51], [-73.27412, 44.51002], [-73.2741, 44.51004], [-73.27407, 44.51006], [-73.27404, 44.51008], [-73.27402, 44.5101], [-73.27399, 44.51012], [-73.27396, 44.51014], [-73.27394, 44.51016], [-73.27391, 44.51018], [-73.27389, 44.5102], [-73.27388, 44.51023], [-73.27386, 44.51025], [-73.27385, 44.51028], [-73.27383, 44.5103], [-73.27381, 44.51032], [-73.27379, 44.51035], [-73.27377, 44.51037], [-73.27375, 44.51039], [-73.27364, 44.51051], [-73.27362, 44.51053], [-73.27353, 44.51062], [-73.27338, 44.51082], [-73.27335, 44.51086], [-73.27333, 44.51089], [-73.27325, 44.51108], [-73.27323, 44.51112], [-73.27325, 44.51121], [-73.27326, 44.51128], [-73.2733, 44.51141], [-73.27332, 44.51145], [-73.27337, 44.51152], [-73.27339, 44.51154], [-73.27341, 44.51157], [-73.27343, 44.51159], [-73.27345, 44.51161], [-73.27346, 44.51165], [-73.27343, 44.51167], [-73.27343, 44.51169], [-73.27341, 44.51171], [-73.27334, 44.51178], [-73.27329, 44.51183], [-73.27327, 44.51185], [-73.27326, 44.51187], [-73.27322, 44.5119], [-73.27322, 44.51191], [-73.27318, 44.51194], [-73.27318, 44.51196], [-73.27308, 44.51205], [-73.27299, 44.51209], [-73.27292, 44.51209], [-73.27273, 44.51207], [-73.27271, 44.51206], [-73.27252, 44.51204], [-73.2725, 44.51202], [-73.27243, 44.51202], [-73.27237, 44.51202], [-73.27235, 44.51202], [-73.27232, 44.51202], [-73.2721, 44.51203], [-73.27208, 44.51204], [-73.27205, 44.51204], [-73.27193, 44.51207], [-73.27169, 44.51214], [-73.27139, 44.5123], [-73.27131, 44.51235], [-73.2713, 44.51236], [-73.27114, 44.51247], [-73.27101, 44.5126], [-73.271, 44.51261], [-73.27097, 44.51263], [-73.27098, 44.51265], [-73.27094, 44.51268], [-73.27092, 44.51272], [-73.2709, 44.51273], [-73.27088, 44.51277], [-73.27085, 44.51279], [-73.27085, 44.51284], [-73.27081, 44.51285], [-73.27079, 44.51294], [-73.27078, 44.51298], [-73.27076, 44.51299], [-73.27076, 44.51301], [-73.27072, 44.51311], [-73.27072, 44.51314], [-73.2707, 44.51321], [-73.27065, 44.51344], [-73.27064, 44.51345], [-73.27064, 44.51351], [-73.27061, 44.51366], [-73.2706, 44.51368], [-73.2706, 44.51384], [-73.27062, 44.51399], [-73.27063, 44.51401], [-73.27063, 44.51404], [-73.27069, 44.51421], [-73.27071, 44.51423], [-73.27073, 44.51434], [-73.27071, 44.51443], [-73.27069, 44.51449], [-73.27058, 44.51458], [-73.27048, 44.51462], [-73.27043, 44.51463], [-73.27041, 44.51465], [-73.27028, 44.51467], [-73.26992, 44.51474], [-73.26989, 44.51477], [-73.2698, 44.51478], [-73.26978, 44.5148], [-73.26975, 44.5148], [-73.26958, 44.51488], [-73.26935, 44.51503], [-73.26923, 44.51515], [-73.26923, 44.51517], [-73.2692, 44.51519], [-73.26919, 44.51522], [-73.26919, 44.51524], [-73.26916, 44.51527], [-73.26914, 44.51534], [-73.26911, 44.51536], [-73.26911, 44.51541], [-73.26907, 44.51551], [-73.26906, 44.51564], [-73.26904, 44.51565], [-73.26899, 44.51606], [-73.26899, 44.51618], [-73.26898, 44.51622], [-73.26899, 44.51624], [-73.26902, 44.51661], [-73.26904, 44.51663], [-73.26906, 44.51679], [-73.26908, 44.51681], [-73.2691, 44.517], [-73.26911, 44.51703], [-73.26912, 44.51704], [-73.26912, 44.51708], [-73.26915, 44.51718], [-73.26915, 44.5172], [-73.26917, 44.51738], [-73.26918, 44.51739], [-73.26918, 44.51743], [-73.26921, 44.51775], [-73.26922, 44.51777], [-73.26925, 44.51796], [-73.26926, 44.51798], [-73.26928, 44.51817], [-73.26929, 44.51819], [-73.26933, 44.51858], [-73.26932, 44.51871], [-73.26934, 44.51873], [-73.26932, 44.51874], [-73.26933, 44.51908], [-73.26935, 44.51909], [-73.26933, 44.51911], [-73.26937, 44.51963], [-73.26938, 44.51964], [-73.26941, 44.51985], [-73.26942, 44.51986], [-73.26945, 44.52006], [-73.26947, 44.52008], [-73.26947, 44.52011], [-73.26953, 44.52032], [-73.26954, 44.52034], [-73.26954, 44.52036], [-73.2696, 44.52059], [-73.26961, 44.5206], [-73.26964, 44.52074], [-73.26966, 44.52078], [-73.26966, 44.52082], [-73.2697, 44.5209], [-73.26972, 44.52098], [-73.26974, 44.521], [-73.26974, 44.52103], [-73.26976, 44.52114], [-73.26976, 44.52117], [-73.2698, 44.52127], [-73.26982, 44.52132], [-73.26984, 44.52135], [-73.26984, 44.52138], [-73.26988, 44.52145], [-73.26988, 44.52147], [-73.26992, 44.52153], [-73.26992, 44.52156], [-73.26995, 44.52161], [-73.26995, 44.52164], [-73.26998, 44.52166], [-73.27, 44.52172], [-73.27003, 44.52175], [-73.27003, 44.52177], [-73.27005, 44.52183], [-73.27006, 44.52185], [-73.27006, 44.5219], [-73.27009, 44.52192], [-73.27011, 44.52201], [-73.27015, 44.52206], [-73.27015, 44.5221], [-73.27017, 44.52212], [-73.27021, 44.52224], [-73.27025, 44.52232], [-73.27026, 44.52233], [-73.27026, 44.52237], [-73.27031, 44.52247], [-73.27032, 44.52249], [-73.27036, 44.52256], [-73.27038, 44.52262], [-73.27041, 44.52263], [-73.27041, 44.52265], [-73.27045, 44.52272], [-73.27045, 44.52276], [-73.27049, 44.52277], [-73.27049, 44.5228], [-73.27052, 44.52283], [-73.27052, 44.52286], [-73.27056, 44.52288], [-73.27055, 44.5229], [-73.27059, 44.52294], [-73.27067, 44.52303], [-73.27068, 44.52306], [-73.27072, 44.52309], [-73.27072, 44.52311], [-73.27076, 44.52313], [-73.27076, 44.52315], [-73.27079, 44.52318], [-73.2708, 44.52319], [-73.27083, 44.52322], [-73.27085, 44.52326], [-73.27087, 44.52328], [-73.27087, 44.5233], [-73.2709, 44.52332], [-73.27091, 44.52337], [-73.27093, 44.52338], [-73.27097, 44.52346], [-73.27098, 44.52348], [-73.27098, 44.5235], [-73.27101, 44.52352], [-73.27103, 44.52359], [-73.27104, 44.5236], [-73.27107, 44.52366], [-73.27109, 44.52369], [-73.27109, 44.52372], [-73.27113, 44.52379], [-73.27115, 44.52391], [-73.27117, 44.52392], [-73.27119, 44.52411], [-73.27121, 44.52413], [-73.27121, 44.52415], [-73.27131, 44.52421], [-73.27138, 44.52426], [-73.27142, 44.52425], [-73.27144, 44.52427], [-73.2715, 44.52428], [-73.27156, 44.5243], [-73.27175, 44.52436], [-73.27183, 44.52443], [-73.27185, 44.52447], [-73.27191, 44.52515], [-73.27193, 44.52519], [-73.27219, 44.52556], [-73.27227, 44.52568], [-73.27252, 44.52595], [-73.27278, 44.52622], [-73.27319, 44.52658], [-73.27334, 44.52701], [-73.27324, 44.5274], [-73.27324, 44.52743], [-73.27326, 44.52776], [-73.27333, 44.52802], [-73.27349, 44.52819], [-73.2736, 44.52831], [-73.27363, 44.52842], [-73.27366, 44.52841], [-73.2737, 44.5284], [-73.27373, 44.5284], [-73.27377, 44.52841], [-73.27418, 44.52864], [-73.27561, 44.52948], [-73.27571, 44.52944], [-73.27616, 44.5293], [-73.31029, 44.51836], [-73.31446, 44.51703], [-73.31668, 44.51632], [-73.31801, 44.51589], [-73.32124, 44.5149]]]}}, {"type": "Feature", "properties": {"tract_id": "50007000200", "name": "Census Tract 2", "income_2020": 80524, "poverty_rate_2020": 7.3, "population_2020": 5749}, "geometry": {"type": "Polygon", "coordinates": [[[-73.27703, 44.50614], [-73.27703, 44.50611], [-73.27702, 44.50609], [-73.27702, 44.50606], [-73.27701, 44.50604], [-73.27699, 44.50602], [-73.27698, 44.50599], [-73.27697, 44.50596], [-73.27697, 44.50594], [-73.27697, 44.50591], [-73.27696, 44.50588], [-73.27696, 44.50586], [-73.27696, 44.50583], [-73.27694, 44.50581], [-73.27692, 44.50578], [-73.2769, 44.50576], [-73.27689, 44.50574], [-73.27689, 44.50571], [-73.27689, 44.50568], [-73.27689, 44.50565], [-73.27688, 44.50563], [-73.27687, 44.5056], [-73.27686, 44.50557], [-73.27685, 44.50555], [-73.27683, 44.50553], [-73.27681, 44.5055], [-73.27681, 44.50548], [-73.2768, 44.50545], [-73.27677, 44.50543], [-73.27676, 44.50541], [-73.27675, 44.50538], [-73.27673, 44.50537], [-73.27672, 44.50534], [-73.27665, 44.50522], [-73.27665, 44.5052], [-73.27662, 44.50518], [-73.27661, 44.50515], [-73.27659, 44.50512], [-73.27656, 44.50507], [-73.27641, 44.50492], [-73.27629, 44.50484], [-73.27627, 44.50483], [-73.27619, 44.50479], [-73.27613, 44.50477], [-73.27608, 44.50475], [-73.27604, 44.50475], [-73.27603, 44.50474], [-73.27602, 44.50476], [-73.27598, 44.50476], [-73.27595, 44.50477], [-73.27591, 44.50477], [-73.27587, 44.50477], [-73.27584, 44.50477], [-73.2758, 44.50477], [-73.27576, 44.50477], [-73.27573, 44.50476], [-73.2757, 44.50475], [-73.27566, 44.50474], [-73.27563, 44.50473], [-73.2756, 44.50471], [-73.27556, 44.50471], [-73.27553, 44.50469], [-73.27549, 44.50469], [-73.27546, 44.50468], [-73.27544, 44.50466], [-73.27541, 44.50464], [-73.27538, 44.50463], [-73.27535, 44.50461], [-73.27532, 44.5046], [-73.27529, 44.50459], [-73.27528, 44.50457], [-73.27525, 44.50455], [-73.27522, 44.50455], [-73.2752, 44.50454], [-73.27512, 44.50449], [-73.27511, 44.50447], [-73.27509, 44.50445], [-73.27509, 44.50443], [-73.27506, 44.50442], [-73.27504, 44.50435], [-73.27501, 44.50433], [-73.275, 44.50429], [-73.27496, 44.50427], [-73.27495, 44.50425], [-73.27492, 44.50423], [-73.27492, 44.5042], [-73.2749, 44.50418], [-73.27494, 44.50414], [-73.27507, 44.504], [-73.27514, 44.50389], [-73.27519, 44.50369], [-73.27517, 44.50363], [-73.2752, 44.50361], [-73.27523, 44.5036], [-73.27526, 44.50352], [-73.27524, 44.50339], [-73.27517, 44.5033], [-73.27514, 44.50322], [-73.27514, 44.5032], [-73.27512, 44.50317], [-73.2751, 44.50311], [-73.27507, 44.50309], [-73.27505, 44.50303], [-73.27501, 44.50298], [-73.27497, 44.50294], [-73.27485, 44.50283], [-73.27482, 44.50282], [-73.27459, 44.50264], [-73.27452, 44.50262], [-73.27446, 44.50262], [-73.27444, 44.50261], [-73.27442, 44.50263], [-73.27423, 44.50262], [-73.27419, 44.50262], [-73.27409, 44.50257], [-73.27401, 44.5025], [-73.274, 44.50249], [-73.27374, 44.50228], [-73.27373, 44.50226], [-73.27341, 44.50201], [-73.27335, 44.50197], [-73.27304, 44.5017], [-73.27303, 44.50168], [-73.27277, 44.50147], [-73.27273, 44.50144], [-73.27273, 44.50142], [-73.27263, 44.50134], [-73.27261, 44.50131], [-73.27255, 44.50125], [-73.27255, 44.50124], [-73.27252, 44.5012], [-73.27249, 44.50119], [-73.27249, 44.50117], [-73.27246, 44.50113], [-73.27246, 44.50111], [-73.27243, 44.50108], [-73.27242, 44.50106], [-73.27243, 44.50104], [-73.27245, 44.50102], [-73.27246, 44.501], [-73.27247, 44.50097], [-73.27249, 44.50095], [-73.27251, 44.50093], [-73.27252, 44.5009], [-73.27255, 44.50085], [-73.27258, 44.50084], [-73.2726, 44.50081], [-73.27263, 44.50079], [-73.27265, 44.50077], [-73.27267, 44.50075], [-73.27267, 44.50073], [-73.2727, 44.50072], [-73.27273, 44.50067], [-73.27276, 44.50065], [-73.27277, 44.50063], [-73.27277, 44.5006], [-73.2728, 44.50058], [-73.27282, 44.50056], [-73.27283, 44.50054], [-73.27285, 44.50052], [-73.27285, 44.50049], [-73.27286, 44.50046], [-73.27287, 44.50044], [-73.27288, 44.50041], [-73.27289, 44.50039], [-73.27289, 44.50037], [-73.27292, 44.50027], [-73.2729, 44.50026], [-73.27293, 44.50005], [-73.27307, 44.49988], [-73.27312, 44.49987], [-73.27314, 44.49985], [-73.27316, 44.49983], [-73.27315, 44.4998], [-73.27316, 44.49978], [-73.27318, 44.49975], [-73.2732, 44.49973], [-73.27323, 44.49971], [-73.27326, 44.4997], [-73.27329, 44.49968], [-73.27332, 44.49967], [-73.27335, 44.49964], [-73.27337, 44.49962], [-73.27342, 44.49958], [-73.27345, 44.49953], [-73.27347, 44.49951], [-73.27349, 44.49949], [-73.27351, 44.49946], [-73.27356, 44.49943], [-73.27358, 44.4994], [-73.27359, 44.49938], [-73.2736, 44.49935], [-73.2736, 44.49933], [-73.27361, 44.4993], [-73.27361, 44.49927], [-73.27361, 44.49924], [-73.27361, 44.49922], [-73.27361, 44.49919], [-73.27361, 44.49916], [-73.27361, 44.49914], [-73.27362, 44.49911], [-73.27363, 44.49909], [-73.27364, 44.49906], [-73.27364, 44.49903], [-73.27365, 44.49901], [-73.27365, 44.49898], [-73.27365, 44.49895], [-73.27365, 44.49893], [-73.27364, 44.4989], [-73.27363, 44.49888], [-73.27362, 44.49885], [-73.27361, 44.49883], [-73.27361, 44.4988], [-73.27362, 44.49878], [-73.27359, 44.49875], [-73.27357, 44.49873], [-73.27357, 44.49871], [-73.27359, 44.49869], [-73.27359, 44.49866], [-73.27358, 44.49864], [-73.27358, 44.49861], [-73.27358, 44.49858], [-73.27358, 44.49856], [-73.27358, 44.49853], [-73.27358, 44.4985], [-73.27358, 44.49848], [-73.27358, 44.49845], [-73.27358, 44.49842], [-73.2736, 44.4984], [-73.2736, 44.49837], [-73.27362, 44.49835], [-73.27362, 44.49832], [-73.27362, 44.49829], [-73.27361, 44.49827], [-73.27361, 44.49824], [-73.27361, 44.49821], [-73.27361, 44.49819], [-73.27363, 44.49816], [-73.27364, 44.49814], [-73.27365, 44.49811], [-73.27365, 44.49808], [-73.27366, 44.49806], [-73.27367, 44.49803], [-73.27367, 44.49801], [-73.27368, 44.49798], [-73.27368, 44.49795], [-73.27369, 44.49792], [-73.2737, 44.4979], [-73.27371, 44.49787], [-73.27372, 44.49785], [-73.27374, 44.49782], [-73.27375, 44.49779], [-73.27377, 44.49777], [-73.27378, 44.49775], [-73.2738, 44.49772], [-73.27382, 44.4977], [-73.27383, 44.49767], [-73.27385, 44.49765], [-73.27387, 44.49763], [-73.27388, 44.4976], [-73.27389, 44.49758], [-73.2739, 44.49755], [-73.27391, 44.49752], [-73.27391, 44.4975], [-73.27392, 44.49747], [-73.27392, 44.49744], [-73.27392, 44.49742], [-73.27392, 44.49739], [-73.27391, 44.49737], [-73.2739, 44.49734], [-73.27391, 44.49731], [-73.27392, 44.49729], [-73.2739, 44.49727], [-73.2739, 44.49724], [-73.2739, 44.49722], [-73.2739, 44.49719], [-73.27389, 44.49718], [-73.27388, 44.49716], [-73.273, 44.49612], [-73.27167, 44.49455], [-73.27143, 44.49427], [-73.27131, 44.49412], [-73.26991, 44.49247], [-73.26055, 44.48142], [-73.25856, 44.47907], [-73.25531, 44.47523], [-73.25307, 44.47259], [-73.24959, 44.46848], [-73.24943, 44.46829], [-73.23744, 44.45406], [-73.23708, 44.45364], [-73.22901, 44.4595], [-73.22668, 44.46152], [-73.22721, 44.47332], [-73.22788, 44.47565], [-73.22856, 44.47667], [-73.23179, 44.48149], [-73.22659, 44.48196], [-73.22488, 44.48274], [-73.22377, 44.48285], [-73.2236, 44.48302], [-73.22357, 44.48305], [-73.22333, 44.48314], [-73.2238, 44.48359], [-73.22414, 44.48392], [-73.22521, 44.48474], [-73.22598, 44.48536], [-73.22619, 44.4856], [-73.22635, 44.4858], [-73.22648, 44.486], [-73.2266, 44.4862], [-73.22671, 44.48646], [-73.22678, 44.48663], [-73.22682, 44.48676], [-73.22689, 44.48707], [-73.2269, 44.48727], [-73.22689, 44.48754], [-73.22684, 44.48779], [-73.22671, 44.48827], [-73.22658, 44.4886], [-73.22643, 44.48886], [-73.22613, 44.48922], [-73.22552, 44.48977], [-73.22517, 44.49008], [-73.22468, 44.49035], [-73.22435, 44.49052], [-73.22408, 44.49064], [-73.22369, 44.49078], [-73.22314, 44.49093], [-73.22286, 44.49101], [-73.22307, 44.49138], [-73.22323, 44.49168], [-73.22347, 44.49203], [-73.2238, 44.49247], [-73.22426, 44.49304], [-73.22474, 44.49361], [-73.22522, 44.49416], [-73.22706, 44.49634], [-73.22727, 44.4966], [-73.22735, 44.49679], [-73.22785, 44.49746], [-73.22815, 44.49783], [-73.22877, 44.49858], [-73.22954, 44.49948], [-73.22973, 44.49973], [-73.22994, 44.50001], [-73.23018, 44.50043], [-73.23034, 44.50083], [-73.23036, 44.50089], [-73.23053, 44.50162], [-73.23068, 44.50219], [-73.23071, 44.50227], [-73.23088, 44.50225], [-73.23181, 44.50213], [-73.23234, 44.50206], [-73.23268, 44.50202], [-73.23355, 44.50191], [-73.23424, 44.50182], [-73.23436, 44.5018], [-73.23511, 44.50171], [-73.23537, 44.50166], [-73.23586, 44.50155], [-73.23643, 44.5013], [-73.23667, 44.50118], [-73.23678, 44.50111], [-73.23688, 44.50105], [-73.23743, 44.50148], [-73.23836, 44.50214], [-73.23905, 44.50265], [-73.23997, 44.50335], [-73.24044, 44.50368], [-73.24059, 44.5038], [-73.24078, 44.50392], [-73.2417, 44.50461], [-73.24196, 44.5048], [-73.24206, 44.50487], [-73.24311, 44.50563], [-73.24321, 44.5057], [-73.24351, 44.50593], [-73.24385, 44.50619], [-73.24422, 44.50647], [-73.24455, 44.50672], [-73.24557, 44.50747], [-73.24669, 44.5083], [-73.24696, 44.50849], [-73.24814, 44.50936], [-73.24831, 44.5095], [-73.24871, 44.50979], [-73.24907, 44.51004], [-73.24925, 44.51016], [-73.24975, 44.51053], [-73.24993, 44.51068], [-73.2505, 44.51109], [-73.25135, 44.51173], [-73.25231, 44.51245], [-73.25309, 44.51301], [-73.25346, 44.51325], [-73.25411, 44.51377], [-73.25417, 44.51381], [-73.2549, 44.51437], [-73.25515, 44.51454], [-73.25554, 44.51483], [-73.25613, 44.51527], [-73.25641, 44.51549], [-73.25651, 44.51557], [-73.25667, 44.5157], [-73.25689, 44.51586], [-73.25728, 44.51611], [-73.25759, 44.51635], [-73.25828, 44.51687], [-73.25868, 44.51715], [-73.25991, 44.51806], [-73.26007, 44.51818], [-73.26039, 44.51841], [-73.26049, 44.51849], [-73.2609, 44.51879], [-73.26132, 44.51912], [-73.26138, 44.51915], [-73.26169, 44.51937], [-73.26185, 44.51949], [-73.26236, 44.51987], [-73.26262, 44.52005], [-73.26278, 44.52017], [-73.26336, 44.5206], [-73.26369, 44.52084], [-73.26432, 44.52131], [-73.2645, 44.52145], [-73.26455, 44.5215], [-73.26465, 44.5216], [-73.26474, 44.52172], [-73.26483, 44.52184], [-73.26508, 44.52223], [-73.26519, 44.52239], [-73.26528, 44.52254], [-73.26531, 44.52258], [-73.2657, 44.52317], [-73.26631, 44.52407], [-73.26704, 44.52517], [-73.26734, 44.52566], [-73.26742, 44.52578], [-73.2678, 44.52641], [-73.26787, 44.52654], [-73.26796, 44.52674], [-73.26809, 44.52708], [-73.26825, 44.52755], [-73.2683, 44.52769], [-73.26839, 44.52779], [-73.26852, 44.52785], [-73.26866, 44.52788], [-73.26875, 44.52788], [-73.26881, 44.52787], [-73.26888, 44.52785], [-73.26894, 44.52782], [-73.26906, 44.52774], [-73.26916, 44.52767], [-73.26936, 44.5275], [-73.26986, 44.52713], [-73.26998, 44.52705], [-73.2701, 44.52698], [-73.27029, 44.52688], [-73.27056, 44.52676], [-73.2707, 44.5267], [-73.27077, 44.52667], [-73.27084, 44.52664], [-73.27097, 44.5266], [-73.27107, 44.52674], [-73.27116, 44.5269], [-73.27124, 44.52709], [-73.27131, 44.52724], [-73.27137, 44.52734], [-73.27139, 44.52743], [-73.27139, 44.52752], [-73.27135, 44.52761], [-73.27125, 44.52773], [-73.27123, 44.52778], [-73.27122, 44.52786], [-73.27122, 44.52791], [-73.27125, 44.52798], [-73.27131, 44.52811], [-73.27138, 44.52824], [-73.27171, 44.52873], [-73.2718, 44.52883], [-73.27192, 44.52894], [-73.27203, 44.52904], [-73.2721, 44.52916], [-73.27217, 44.52928], [-73.2722, 44.52943], [-73.27229, 44.52969], [-73.27274, 44.53024], [-73.27275, 44.5303], [-73.27278, 44.5304], [-73.27298, 44.53034], [-73.27314, 44.53069], [-73.27335, 44.53062], [-73.27395, 44.53043], [-73.2745, 44.53018], [-73.27476, 44.53003], [-73.27504, 44.52986], [-73.27561, 44.52948], [-73.27418, 44.52864], [-73.27377, 44.52841], [-73.27373, 44.5284], [-73.2737, 44.5284], [-73.27366, 44.52841], [-73.27363, 44.52842], [-73.2736, 44.52831], [-73.27349, 44.52819], [-73.27333, 44.52802], [-73.27326, 44.52776], [-73.27324, 44.52743], [-73.27324, 44.5274], [-73.27334, 44.52701], [-73.27319, 44.52658], [-73.27278, 44.52622], [-73.27252, 44.52595], [-73.27227, 44.52568], [-73.27219, 44.52556], [-73.27193, 44.52519], [-73.27191, 44.52515], [-73.27185, 44.52447], [-73.27183, 44.52443], [-73.27175, 44.52436], [-73.27156, 44.5243], [-73.2715, 44.52428], [-73.27144, 44.52427], [-73.27142, 44.52425], [-73.27138, 44.52426], [-73.27131, 44.52421], [-73.27121, 44.52415], [-73.27121, 44.52413], [-73.27119, 44.52411], [-73.27117, 44.52392], [-73.27115, 44.52391], [-73.27113, 44.52379], [-73.27109, 44.52372], [-73.27109, 44.52369], [-73.27107, 44.52366], [-73.27104, 44.5236], [-73.27103, 44.52359], [-73.27101, 44.52352], [-73.27098, 44.5235], [-73.27098, 44.52348], [-73.27097, 44.52346], [-73.27093, 44.52338], [-73.27091, 44.52337], [-73.2709, 44.52332], [-73.27087, 44.5233], [-73.27087, 44.52328], [-73.27085, 44.52326], [-73.27083, 44.52322], [-73.2708, 44.52319], [-73.27079, 44.52318], [-73.27076, 44.52315], [-73.27076, 44.52313], [-73.27072, 44.52311], [-73.27072, 44.52309], [-73.27068, 44.52306], [-73.27067, 44.52303], [-73.27059, 44.52294], [-73.27055, 44.5229], [-73.27056, 44.52288], [-73.27052, 44.52286], [-73.27052, 44.52283], [-73.27049, 44.5228], [-73.27049, 44.52277], [-73.27045, 44.52276], [-73.27045, 44.52272], [-73.27041, 44.52265], [-73.27041, 44.52263], [-73.27038, 44.52262], [-73.27036, 44.52256], [-73.27032, 44.52249], [-73.27031, 44.52247], [-73.27026, 44.52237], [-73.27026, 44.52233], [-73.27025, 44.52232], [-73.27021, 44.52224], [-73.27017, 44.52212], [-73.27015, 44.5221], [-73.27015, 44.52206], [-73.27011, 44.52201], [-73.27009, 44.52192], [-73.27006, 44.5219], [-73.27006, 44.52185], [-73.27005, 44.52183], [-73.27003, 44.52177], [-73.27003, 44.52175], [-73.27, 44.52172], [-73.26998, 44.52166], [-73.26995, 44.52164], [-73.26995, 44.52161], [-73.26992, 44.52156], [-73.26992, 44.52153], [-73.26988, 44.52147], [-73.26988, 44.52145], [-73.26984, 44.52138], [-73.26984, 44.52135], [-73.26982, 44.52132], [-73.2698, 44.52127], [-73.26976, 44.52117], [-73.26976, 44.52114], [-73.26974, 44.52103], [-73.26974, 44.521], [-73.26972, 44.52098], [-73.2697, 44.5209], [-73.26966, 44.52082], [-73.26966, 44.52078], [-73.26964, 44.52074], [-73.26961, 44.5206], [-73.2696, 44.52059], [-73.26954, 44.52036], [-73.26954, 44.52034], [-73.26953, 44.52032], [-73.26947, 44.52011], [-73.26947, 44.52008], [-73.26945, 44.52006], [-73.26942, 44.51986], [-73.26941, 44.51985], [-73.26938, 44.51964], [-73.26937, 44.51963], [-73.26933, 44.51911], [-73.26935, 44.51909], [-73.26933, 44.51908], [-73.26932, 44.51874], [-73.26934, 44.51873], [-73.26932, 44.51871], [-73.26933, 44.51858], [-73.26929, 44.51819], [-73.26928, 44.51817], [-73.26926, 44.51798], [-73.26925, 44.51796], [-73.26922, 44.51777], [-73.26921, 44.51775], [-73.26918, 44.51743], [-73.26918, 44.51739], [-73.26917, 44.51738], [-73.26915, 44.5172], [-73.26915, 44.51718], [-73.26912, 44.51708], [-73.26912, 44.51704], [-73.26911, 44.51703], [-73.2691, 44.517], [-73.26908, 44.51681], [-73.26906, 44.51679], [-73.26904, 44.51663], [-73.26902, 44.51661], [-73.26899, 44.51624], [-73.26898, 44.51622], [-73.26899, 44.51618], [-73.26899, 44.51606], [-73.26904, 44.51565], [-73.26906, 44.51564], [-73.26907, 44.51551], [-73.26911, 44.51541], [-73.26911, 44.51536], [-73.26914, 44.51534], [-73.26916, 44.51527], [-73.26919, 44.51524], [-73.26919, 44.51522], [-73.2692, 44.51519], [-73.26923, 44.51517], [-73.26923, 44.51515], [-73.26935, 44.51503], [-73.26958, 44.51488], [-73.26975, 44.5148], [-73.26978, 44.5148], [-73.2698, 44.51478], [-73.26989, 44.51477], [-73.26992, 44.51474], [-73.27028, 44.51467], [-73.27041, 44.51465], [-73.27043, 44.51463], [-73.27048, 44.51462], [-73.27058, 44.51458], [-73.27069, 44.51449], [-73.27071, 44.51443], [-73.27073, 44.51434], [-73.27071, 44.51423], [-73.27069, 44.51421], [-73.27063, 44.51404], [-73.27063, 44.51401], [-73.27062, 44.51399], [-73.2706, 44.51384], [-73.2706, 44.51368], [-73.27061, 44.51366], [-73.27064, 44.51351], [-73.27064, 44.51345], [-73.27065, 44.51344], [-73.2707, 44.51321], [-73.27072, 44.51314], [-73.27072, 44.51311], [-73.27076, 44.51301], [-73.27076, 44.51299], [-73.27078, 44.51298], [-73.27079, 44.51294], [-73.27081, 44.51285], [-73.27085, 44.51284], [-73.27085, 44.51279], [-73.27088, 44.51277], [-73.2709, 44.51273], [-73.27092, 44.51272], [-73.27094, 44.51268], [-73.27098, 44.51265], [-73.27097, 44.51263], [-73.271, 44.51261], [-73.27101, 44.5126], [-73.27114, 44.51247], [-73.2713, 44.51236], [-73.27131, 44.51235], [-73.27139, 44.5123], [-73.27169, 44.51214], [-73.27193, 44.51207], [-73.27205, 44.51204], [-73.27208, 44.51204], [-73.2721, 44.51203], [-73.27232, 44.51202], [-73.27235, 44.51202], [-73.27237, 44.51202], [-73.27243, 44.51202], [-73.2725, 44.51202], [-73.27252, 44.51204], [-73.27271, 44.51206], [-73.27273, 44.51207], [-73.27292, 44.51209], [-73.27299, 44.51209], [-73.27308, 44.51205], [-73.27318, 44.51196], [-73.27318, 44.51194], [-73.27322, 44.51191], [-73.27322, 44.5119], [-73.27326, 44.51187], [-73.27327, 44.51185], [-73.27329, 44.51183], [-73.27334, 44.51178], [-73.27341, 44.51171], [-73.27343, 44.51169], [-73.27343, 44.51167], [-73.27346, 44.51165], [-73.27345, 44.51161], [-73.27343, 44.51159], [-73.27341, 44.51157], [-73.27339, 44.51154], [-73.27337, 44.51152], [-73.27332, 44.51145], [-73.2733, 44.51141], [-73.27326, 44.51128], [-73.27325, 44.51121], [-73.27323, 44.51112], [-73.27325, 44.51108], [-73.27333, 44.51089], [-73.27335, 44.51086], [-73.27338, 44.51082], [-73.27353, 44.51062], [-73.27362, 44.51053], [-73.27364, 44.51051], [-73.27375, 44.51039], [-73.27377, 44.51037], [-73.27379, 44.51035], [-73.27381, 44.51032], [-73.27383, 44.5103], [-73.27385, 44.51028], [-73.27386, 44.51025], [-73.27388, 44.51023], [-73.27389, 44.5102], [-73.27391, 44.51018], [-73.27394, 44.51016], [-73.27396, 44.51014], [-73.27399, 44.51012], [-73.27402, 44.5101], [-73.27404, 44.51008], [-73.27407, 44.51006], [-73.2741, 44.51004], [-73.27412, 44.51002], [-73.27414, 44.51], [-73.27417, 44.50998], [-73.27419, 44.50996], [-73.27421, 44.50994], [-73.27423, 44.50992], [-73.27425, 44.50989], [-73.27425, 44.50987], [-73.27426, 44.50984], [-73.27427, 44.50982], [-73.27428, 44.50979], [-73.27428, 44.50977], [-73.27431, 44.50974], [-73.27433, 44.50972], [-73.27434, 44.5097], [-73.27435, 44.50969], [-73.27436, 44.50965], [-73.27436, 44.50955], [-73.27433, 44.50935], [-73.27431, 44.50933], [-73.27429, 44.50925], [-73.27431, 44.50923], [-73.2743, 44.5091], [-73.27434, 44.50899], [-73.27437, 44.50889], [-73.27438, 44.50887], [-73.2744, 44.50886], [-73.27441, 44.50884], [-73.27443, 44.50878], [-73.27445, 44.50876], [-73.27446, 44.50874], [-73.27449, 44.50871], [-73.27449, 44.5087], [-73.27453, 44.50866], [-73.27453, 44.50863], [-73.27457, 44.50859], [-73.27458, 44.50856], [-73.27461, 44.50855], [-73.27462, 44.50851], [-73.27466, 44.50847], [-73.27466, 44.50844], [-73.2747, 44.50841], [-73.2747, 44.50838], [-73.27473, 44.50836], [-73.27478, 44.50823], [-73.27482, 44.5081], [-73.27482, 44.50808], [-73.27484, 44.50807], [-73.27485, 44.50804], [-73.27487, 44.50793], [-73.2749, 44.50789], [-73.2749, 44.50785], [-73.27492, 44.50783], [-73.275, 44.50767], [-73.27504, 44.50764], [-73.27504, 44.50763], [-73.27515, 44.50753], [-73.27533, 44.5074], [-73.27552, 44.50729], [-73.27586, 44.50712], [-73.27592, 44.50708], [-73.27593, 44.50706], [-73.27596, 44.50703], [-73.27596, 44.50701], [-73.27598, 44.507], [-73.27601, 44.50687], [-73.27602, 44.50686], [-73.27603, 44.50679], [-73.27614, 44.50672], [-73.27616, 44.50671], [-73.27641, 44.50654], [-73.27651, 44.5065], [-73.27656, 44.50648], [-73.27668, 44.50649], [-73.27669, 44.50651], [-73.27674, 44.5065], [-73.27676, 44.50651], [-73.27678, 44.50653], [-73.27681, 44.50654], [-73.27684, 44.50653], [-73.27686, 44.50651], [-73.27688, 44.50648], [-73.2769, 44.50646], [-73.27691, 44.50644], [-73.27693, 44.50641], [-73.27694, 44.50639], [-73.27695, 44.50636], [-73.27696, 44.50634], [-73.27701, 44.5063], [-73.27702, 44.50627], [-73.27703, 44.50624], [-73.27703, 44.50622], [-73.27702, 44.50619], [-73.27703, 44.50617], [-73.27703, 44.50614]]]}}, {"type": "Feature", "properties": {"tract_id": "50007001000", "name": "Census Tract 10", "income_2020": 57386, "poverty_rate_2020": 18.4, "population_2020": 2659}, "geometry": {"type": "Polygon", "coordinates": [[[-73.23179, 44.48149], [-73.22856, 44.47667], [-73.22788, 44.47565], [-73.22721, 44.47332], [-73.22668, 44.46152], [-73.22901, 44.4595], [-73.22659, 44.45809], [-73.22474, 44.45676], [-73.22472, 44.45676], [-73.2246, 44.45665], [-73.22447, 44.45657], [-73.22446, 44.45655], [-73.22435, 44.45649], [-73.22413, 44.45635], [-73.22411, 44.45634], [-73.22406, 44.45627], [-73.22403, 44.45621], [-73.22399, 44.45611], [-73.22399, 44.45607], [-73.22397, 44.45602], [-73.22385, 44.45601], [-73.22187, 44.45585], [-73.22129, 44.45579], [-73.22038, 44.45571], [-73.21984, 44.45567], [-73.21889, 44.4556], [-73.2187, 44.4556], [-73.21846, 44.45559], [-73.21828, 44.45558], [-73.21781, 44.45558], [-73.21752, 44.45558], [-73.21723, 44.45557], [-73.21704, 44.45557], [-73.21636, 44.45554], [-73.21595, 44.45551], [-73.2152, 44.45547], [-73.2147, 44.45545], [-73.21456, 44.45544], [-73.21421, 44.45542], [-73.21421, 44.4557], [-73.21423, 44.45601], [-73.21432, 44.45715], [-73.21441, 44.45845], [-73.21445, 44.45925], [-73.21447, 44.45948], [-73.21447, 44.45953], [-73.21453, 44.46026], [-73.21458, 44.46084], [-73.2146, 44.46132], [-73.21462, 44.46166], [-73.21462, 44.46211], [-73.21469, 44.46292], [-73.21484, 44.4651], [-73.21489, 44.4659], [-73.21499, 44.46711], [-73.21507, 44.46795], [-73.2151, 44.46847], [-73.2151, 44.46902], [-73.21514, 44.4696], [-73.21518, 44.47014], [-73.21518, 44.47022], [-73.21519, 44.47043], [-73.2152, 44.47055], [-73.21522, 44.47077], [-73.21524, 44.47104], [-73.21459, 44.47105], [-73.21418, 44.47106], [-73.21325, 44.47111], [-73.21346, 44.47134], [-73.21355, 44.47146], [-73.21365, 44.47166], [-73.2137, 44.4718], [-73.21372, 44.47189], [-73.21376, 44.47223], [-73.21379, 44.47273], [-73.2138, 44.4728], [-73.21386, 44.47363], [-73.21236, 44.47372], [-73.21072, 44.47377], [-73.21075, 44.47443], [-73.2108, 44.47483], [-73.21091, 44.47548], [-73.211, 44.476], [-73.211, 44.47617], [-73.21102, 44.47688], [-73.21105, 44.47716], [-73.2111, 44.47826], [-73.21113, 44.47886], [-73.21114, 44.47905], [-73.21115, 44.47936], [-73.21121, 44.48051], [-73.21135, 44.4805], [-73.21225, 44.48047], [-73.21264, 44.48046], [-73.21294, 44.48045], [-73.21337, 44.48043], [-73.21362, 44.48042], [-73.21369, 44.48043], [-73.21434, 44.4804], [-73.21459, 44.48039], [-73.21473, 44.48038], [-73.21496, 44.48037], [-73.21504, 44.48037], [-73.21548, 44.48035], [-73.21583, 44.48034], [-73.21648, 44.48032], [-73.21745, 44.4803], [-73.21778, 44.48029], [-73.21852, 44.48027], [-73.21886, 44.48027], [-73.21904, 44.48026], [-73.21906, 44.48059], [-73.21909, 44.48103], [-73.21911, 44.48134], [-73.21913, 44.48164], [-73.21914, 44.48177], [-73.21916, 44.48205], [-73.21939, 44.48202], [-73.21948, 44.48202], [-73.22023, 44.482], [-73.22031, 44.48201], [-73.22038, 44.48204], [-73.22045, 44.48207], [-73.22051, 44.48212], [-73.22056, 44.48217], [-73.22084, 44.48251], [-73.22092, 44.48263], [-73.22096, 44.48269], [-73.22105, 44.4828], [-73.22132, 44.48314], [-73.22199, 44.48399], [-73.22225, 44.4843], [-73.22237, 44.48422], [-73.22257, 44.48402], [-73.22263, 44.48394], [-73.22333, 44.48314], [-73.22357, 44.48305], [-73.2236, 44.48302], [-73.22377, 44.48285], [-73.22488, 44.48274], [-73.22659, 44.48196], [-73.23179, 44.48149]]]}}, {"type": "Feature", "properties": {"tract_id": "50007002400", "name": "Census Tract 24", "income_2020": 72125, "poverty_rate_2020": 21.3, "population_2020": 3488}, "geometry": {"type": "Polygon", "coordinates": [[[-73.20233, 44.49243], [-73.20238, 44.49237], [-73.20214, 44.49198], [-73.20194, 44.49157], [-73.20175, 44.49119], [-73.20171, 44.49113], [-73.20165, 44.49113], [-73.20125, 44.49116], [-73.1977, 44.49142], [-73.19545, 44.49159], [-73.193, 44.49173], [-73.19131, 44.49185], [-73.18959, 44.49197], [-73.18801, 44.49207], [-73.1869, 44.49215], [-73.18654, 44.49218], [-73.18654, 44.49245], [-73.18653, 44.49281], [-73.18653, 44.49295], [-73.18654, 44.49334], [-73.18652, 44.49366], [-73.18652, 44.49378], [-73.18652, 44.49397], [-73.18649, 44.49411], [-73.18645, 44.49425], [-73.18637, 44.49443], [-73.18631, 44.49457], [-73.18619, 44.49478], [-73.18595, 44.4952], [-73.1857, 44.49567], [-73.18551, 44.49602], [-73.18533, 44.49638], [-73.18521, 44.49662], [-73.18512, 44.4968], [-73.1848, 44.49741], [-73.18453, 44.49794], [-73.18425, 44.49856], [-73.18375, 44.49951], [-73.18364, 44.49971], [-73.18345, 44.50011], [-73.18336, 44.50028], [-73.18331, 44.50042], [-73.18318, 44.5007], [-73.18317, 44.50073], [-73.18292, 44.50132], [-73.18267, 44.50191], [-73.18246, 44.50242], [-73.18243, 44.50249], [-73.18741, 44.50432], [-73.18925, 44.50499], [-73.19209, 44.50604], [-73.19251, 44.50548], [-73.19355, 44.5041], [-73.19481, 44.50242], [-73.19489, 44.50232], [-73.19428, 44.50203], [-73.19363, 44.50173], [-73.19327, 44.50159], [-73.19379, 44.50102], [-73.19433, 44.50041], [-73.19446, 44.50027], [-73.19458, 44.50011], [-73.19529, 44.50002], [-73.19566, 44.50009], [-73.19646, 44.50023], [-73.19696, 44.49956], [-73.19763, 44.49868], [-73.19795, 44.49825], [-73.2001, 44.49539], [-73.20201, 44.49285], [-73.20214, 44.49268], [-73.20233, 44.49243]]]}}, {"type": "Feature", "properties": {"tract_id": "50007000300", "name": "Census Tract 3", "income_2020": 50110, "poverty_rate_2020": 23.1, "population_2020": 4985}, "geometry": {"type": "Polygon", "coordinates": [[[-73.25548, 44.5248], [-73.25548, 44.52473], [-73.25548, 44.52465], [-73.25547, 44.52435], [-73.25546, 44.52423], [-73.25544, 44.52383], [-73.2554, 44.5235], [-73.25537, 44.52334], [-73.25529, 44.52316], [-73.25509, 44.52284], [-73.25489, 44.52264], [-73.25463, 44.52241], [-73.25451, 44.52233], [-73.2544, 44.52226], [-73.25417, 44.52214], [-73.25406, 44.52208], [-73.25391, 44.52201], [-73.25362, 44.52191], [-73.2534, 44.52184], [-73.25317, 44.5218], [-73.25295, 44.52176], [-73.25272, 44.52174], [-73.25248, 44.52174], [-73.25209, 44.52174], [-73.25178, 44.52176], [-73.25106, 44.52183], [-73.25077, 44.52185], [-73.25039, 44.52188], [-73.25008, 44.52189], [-73.25004, 44.52189], [-73.24978, 44.52189], [-73.2494, 44.52188], [-73.24917, 44.52187], [-73.2488, 44.52184], [-73.2485, 44.5218], [-73.2482, 44.52176], [-73.24782, 44.52169], [-73.24745, 44.5216], [-73.24709, 44.5215], [-73.24679, 44.52141], [-73.2465, 44.52131], [-73.24615, 44.52117], [-73.24588, 44.52105], [-73.24549, 44.52085], [-73.24511, 44.52064], [-73.24498, 44.52056], [-73.24474, 44.52039], [-73.24451, 44.52022], [-73.24388, 44.51971], [-73.24332, 44.51924], [-73.24263, 44.51867], [-73.24204, 44.51819], [-73.24138, 44.51765], [-73.24133, 44.5176], [-73.24132, 44.51758], [-73.24079, 44.51716], [-73.24042, 44.51687], [-73.24016, 44.51669], [-73.23988, 44.51651], [-73.2396, 44.51633], [-73.23924, 44.51613], [-73.23901, 44.51601], [-73.23863, 44.51582], [-73.23808, 44.51557], [-73.23659, 44.51491], [-73.23622, 44.51473], [-73.23601, 44.51461], [-73.23582, 44.51448], [-73.23564, 44.51434], [-73.23547, 44.5142], [-73.23533, 44.51404], [-73.23524, 44.51393], [-73.23515, 44.51382], [-73.23507, 44.51369], [-73.23493, 44.51344], [-73.23452, 44.51258], [-73.23407, 44.51157], [-73.23395, 44.51132], [-73.2337, 44.51078], [-73.23346, 44.51026], [-73.23342, 44.51012], [-73.23338, 44.50998], [-73.23335, 44.50984], [-73.23334, 44.5097], [-73.23333, 44.50955], [-73.23334, 44.50941], [-73.23335, 44.50931], [-73.23336, 44.50926], [-73.23341, 44.50905], [-73.23346, 44.50892], [-73.23349, 44.50885], [-73.23351, 44.50879], [-73.23357, 44.50868], [-73.23364, 44.50853], [-73.23392, 44.50801], [-73.23404, 44.50774], [-73.23409, 44.5076], [-73.23412, 44.50746], [-73.23415, 44.50732], [-73.23416, 44.50717], [-73.23415, 44.50688], [-73.23406, 44.50663], [-73.23399, 44.50647], [-73.2339, 44.50627], [-73.23382, 44.50611], [-73.23373, 44.50599], [-73.23357, 44.50582], [-73.23341, 44.50566], [-73.23329, 44.50557], [-73.23199, 44.50462], [-73.23184, 44.50451], [-73.23167, 44.50437], [-73.23157, 44.50427], [-73.23141, 44.50412], [-73.23132, 44.50401], [-73.23123, 44.50389], [-73.23116, 44.50377], [-73.2311, 44.50365], [-73.23105, 44.50353], [-73.231, 44.50339], [-73.2309, 44.50305], [-73.23082, 44.50271], [-73.23076, 44.5025], [-73.23071, 44.50227], [-73.23068, 44.50219], [-73.23053, 44.50162], [-73.23036, 44.50089], [-73.23034, 44.50083], [-73.23018, 44.50043], [-73.22994, 44.50001], [-73.22973, 44.49973], [-73.22954, 44.49948], [-73.22877, 44.49858], [-73.22815, 44.49783], [-73.22785, 44.49746], [-73.22735, 44.49679], [-73.22727, 44.4966], [-73.22706, 44.49634], [-73.22522, 44.49416], [-73.22474, 44.49361], [-73.22426, 44.49304], [-73.2238, 44.49247], [-73.22347, 44.49203], [-73.22323, 44.49168], [-73.22307, 44.49138], [-73.22286, 44.49101], [-73.22314, 44.49093], [-73.22369, 44.49078], [-73.22408, 44.49064], [-73.22435, 44.49052], [-73.22468, 44.49035], [-73.22517, 44.49008], [-73.22552, 44.48977], [-73.22613, 44.48922], [-73.22643, 44.48886], [-73.22658, 44.4886], [-73.22671, 44.48827], [-73.22684, 44.48779], [-73.22689, 44.48754], [-73.2269, 44.48727], [-73.22689, 44.48707], [-73.22682, 44.48676], [-73.22678, 44.48663], [-73.22671, 44.48646], [-73.2266, 44.4862], [-73.22648, 44.486], [-73.22635, 44.4858], [-73.22619, 44.4856], [-73.22598, 44.48536], [-73.22521, 44.48474], [-73.22414, 44.48392], [-73.2238, 44.48359], [-73.22333, 44.48314], [-73.22263, 44.48394], [-73.22257, 44.48402], [-73.22237, 44.48422], [-73.22225, 44.4843], [-73.22235, 44.48442], [-73.22223, 44.48443], [-73.22208, 44.48443], [-73.22149, 44.48445], [-73.22124, 44.48447], [-73.22112, 44.48447], [-73.22103, 44.48447], [-73.22083, 44.48448], [-73.22063, 44.48449], [-73.22047, 44.48449], [-73.22011, 44.4845], [-73.2196, 44.48452], [-73.21929, 44.48454], [-73.21812, 44.48458], [-73.21773, 44.4846], [-73.21643, 44.48464], [-73.21606, 44.48466], [-73.21523, 44.4847], [-73.21431, 44.48473], [-73.21416, 44.48473], [-73.21387, 44.48475], [-73.21199, 44.4848], [-73.21174, 44.48482], [-73.21162, 44.48483], [-73.21146, 44.48482], [-73.21134, 44.48482], [-73.2112, 44.48482], [-73.20965, 44.48486], [-73.20853, 44.4849], [-73.20816, 44.4849], [-73.20766, 44.48489], [-73.2073, 44.4849], [-73.20688, 44.4849], [-73.20679, 44.48491], [-73.20591, 44.48492], [-73.20597, 44.48617], [-73.20601, 44.48692], [-73.20605, 44.48808], [-73.20605, 44.48809], [-73.20608, 44.48831], [-73.20608, 44.48845], [-73.2061, 44.48867], [-73.206, 44.48886], [-73.20574, 44.4893], [-73.20552, 44.48967], [-73.20551, 44.48969], [-73.20539, 44.48969], [-73.20525, 44.4897], [-73.20514, 44.4897], [-73.20499, 44.4897], [-73.20477, 44.48968], [-73.20456, 44.48964], [-73.20427, 44.48958], [-73.20391, 44.48949], [-73.2037, 44.48943], [-73.20335, 44.48931], [-73.20265, 44.48906], [-73.20243, 44.48898], [-73.20249, 44.48919], [-73.20269, 44.49004], [-73.20273, 44.49018], [-73.20274, 44.49025], [-73.20276, 44.49032], [-73.2028, 44.49038], [-73.20285, 44.49043], [-73.20291, 44.49047], [-73.20302, 44.49055], [-73.20397, 44.49108], [-73.20404, 44.49113], [-73.20333, 44.49107], [-73.20274, 44.49108], [-73.20201, 44.4911], [-73.20173, 44.49112], [-73.20171, 44.49113], [-73.20175, 44.49119], [-73.20194, 44.49157], [-73.20214, 44.49198], [-73.20238, 44.49237], [-73.20264, 44.49291], [-73.20278, 44.49334], [-73.20295, 44.49375], [-73.20308, 44.49404], [-73.20314, 44.49435], [-73.20307, 44.49465], [-73.20289, 44.49492], [-73.20261, 44.49522], [-73.20229, 44.49556], [-73.20202, 44.49585], [-73.202, 44.49588], [-73.20191, 44.49612], [-73.20186, 44.49624], [-73.20171, 44.49682], [-73.20175, 44.4973], [-73.20184, 44.49784], [-73.20201, 44.49846], [-73.20215, 44.49894], [-73.20235, 44.49942], [-73.20259, 44.49998], [-73.20291, 44.50054], [-73.20325, 44.50103], [-73.20361, 44.50144], [-73.20404, 44.50181], [-73.20451, 44.50212], [-73.20496, 44.50239], [-73.20548, 44.50261], [-73.2058, 44.50267], [-73.20593, 44.50269], [-73.20651, 44.50281], [-73.20703, 44.50297], [-73.20753, 44.50311], [-73.2081, 44.50331], [-73.20864, 44.50357], [-73.20905, 44.50378], [-73.2094, 44.50401], [-73.20974, 44.50421], [-73.21015, 44.50438], [-73.21081, 44.50466], [-73.21137, 44.5049], [-73.21183, 44.50516], [-73.21231, 44.50548], [-73.21259, 44.50571], [-73.21282, 44.50596], [-73.21309, 44.50627], [-73.21331, 44.5066], [-73.2135, 44.50688], [-73.21362, 44.50721], [-73.21375, 44.50755], [-73.21386, 44.5079], [-73.21397, 44.50824], [-73.2141, 44.50859], [-73.21425, 44.5089], [-73.21442, 44.50912], [-73.21447, 44.50919], [-73.21476, 44.50943], [-73.21504, 44.50962], [-73.21539, 44.50981], [-73.21572, 44.50991], [-73.21612, 44.51003], [-73.21652, 44.51013], [-73.21687, 44.51016], [-73.21719, 44.51014], [-73.21762, 44.51007], [-73.21801, 44.50998], [-73.21844, 44.50982], [-73.21898, 44.50961], [-73.2192, 44.5095], [-73.21945, 44.50939], [-73.22006, 44.50902], [-73.22061, 44.50861], [-73.22116, 44.50806], [-73.22152, 44.50767], [-73.22193, 44.50725], [-73.22243, 44.50682], [-73.22287, 44.50645], [-73.22293, 44.50641], [-73.22338, 44.50613], [-73.2237, 44.50603], [-73.22404, 44.50597], [-73.22442, 44.50595], [-73.22484, 44.50601], [-73.22517, 44.50616], [-73.22556, 44.50642], [-73.2261, 44.50674], [-73.2267, 44.50705], [-73.22703, 44.50728], [-73.22733, 44.50758], [-73.2275, 44.50777], [-73.22764, 44.50793], [-73.22792, 44.5083], [-73.2282, 44.50873], [-73.22842, 44.50908], [-73.2286, 44.50949], [-73.22871, 44.50999], [-73.22871, 44.51041], [-73.22861, 44.51084], [-73.22848, 44.51127], [-73.2283, 44.51168], [-73.22806, 44.51204], [-73.22782, 44.51236], [-73.22759, 44.51258], [-73.22734, 44.51277], [-73.22698, 44.51299], [-73.22657, 44.51316], [-73.22621, 44.51326], [-73.22587, 44.51331], [-73.22536, 44.51332], [-73.22513, 44.51337], [-73.22458, 44.51338], [-73.22399, 44.51343], [-73.22338, 44.5136], [-73.22278, 44.51379], [-73.22223, 44.51396], [-73.22165, 44.51412], [-73.22108, 44.51427], [-73.22036, 44.51443], [-73.21978, 44.51458], [-73.21938, 44.51473], [-73.21898, 44.5149], [-73.2188, 44.51511], [-73.21872, 44.51531], [-73.21872, 44.51552], [-73.21881, 44.51567], [-73.21896, 44.51584], [-73.21921, 44.51599], [-73.21959, 44.51613], [-73.22015, 44.51626], [-73.22053, 44.51632], [-73.22064, 44.51634], [-73.22211, 44.51656], [-73.22285, 44.51667], [-73.2235, 44.51672], [-73.2241, 44.51673], [-73.22462, 44.51674], [-73.22519, 44.51671], [-73.22594, 44.51663], [-73.22655, 44.51651], [-73.22702, 44.5164], [-73.2274, 44.51626], [-73.22747, 44.51623], [-73.22786, 44.51604], [-73.22827, 44.5158], [-73.22854, 44.51556], [-73.22878, 44.51531], [-73.22899, 44.51503], [-73.22917, 44.51473], [-73.2293, 44.51447], [-73.22942, 44.51421], [-73.22961, 44.51398], [-73.22999, 44.51372], [-73.2304, 44.51352], [-73.23099, 44.51335], [-73.23157, 44.51323], [-73.23198, 44.51316], [-73.2324, 44.51315], [-73.23274, 44.51324], [-73.23308, 44.51345], [-73.23346, 44.51373], [-73.23376, 44.514], [-73.23405, 44.51432], [-73.23429, 44.51465], [-73.23448, 44.51489], [-73.23473, 44.5151], [-73.23496, 44.51528], [-73.23528, 44.51546], [-73.23557, 44.51558], [-73.23596, 44.5157], [-73.23651, 44.5158], [-73.23688, 44.51589], [-73.23728, 44.516], [-73.23766, 44.51614], [-73.238, 44.51629], [-73.23831, 44.51644], [-73.23855, 44.51658], [-73.23871, 44.51669], [-73.23889, 44.51682], [-73.23909, 44.51699], [-73.2393, 44.51716], [-73.23946, 44.51734], [-73.23952, 44.5175], [-73.23958, 44.51775], [-73.23957, 44.51805], [-73.2395, 44.51829], [-73.23933, 44.51848], [-73.23906, 44.51866], [-73.23876, 44.51881], [-73.23846, 44.51899], [-73.23806, 44.51928], [-73.23769, 44.51965], [-73.23745, 44.52006], [-73.23728, 44.52048], [-73.23708, 44.52091], [-73.23692, 44.52141], [-73.23694, 44.5219], [-73.2371, 44.52237], [-73.23731, 44.52276], [-73.23764, 44.52312], [-73.23806, 44.5235], [-73.23855, 44.5239], [-73.23918, 44.52433], [-73.23961, 44.52463], [-73.23989, 44.52493], [-73.24007, 44.52526], [-73.24017, 44.52565], [-73.24022, 44.52607], [-73.24033, 44.52662], [-73.24043, 44.52723], [-73.24044, 44.52767], [-73.24047, 44.52794], [-73.24064, 44.52823], [-73.24095, 44.52851], [-73.24139, 44.52879], [-73.24176, 44.52896], [-73.2421, 44.52899], [-73.24251, 44.52898], [-73.24262, 44.52897], [-73.24328, 44.52879], [-73.24387, 44.52861], [-73.24442, 44.52839], [-73.24467, 44.5283], [-73.24511, 44.52815], [-73.24587, 44.52788], [-73.24692, 44.52753], [-73.24744, 44.52728], [-73.24778, 44.52711], [-73.24862, 44.52661], [-73.24916, 44.5261], [-73.24959, 44.52554], [-73.24989, 44.52497], [-73.24999, 44.52436], [-73.24994, 44.52382], [-73.24985, 44.52354], [-73.24982, 44.52347], [-73.24977, 44.52321], [-73.24981, 44.52297], [-73.24992, 44.52277], [-73.25008, 44.52265], [-73.25032, 44.52257], [-73.25063, 44.52259], [-73.25083, 44.52265], [-73.25122, 44.52296], [-73.25181, 44.52365], [-73.25256, 44.52418], [-73.25332, 44.52454], [-73.25393, 44.52473], [-73.25458, 44.52483], [-73.25522, 44.52482], [-73.25548, 44.5248]]]}}, {"type": "Feature", "properties": {"tract_id": "50007002601", "name": "Census Tract 26.01", "income_2020": 81054, "poverty_rate_2020": 12.9, "population_2020": 6174}, "geometry": {"type": "Polygon", "coordinates": [[[-73.14492, 44.48083], [-73.14492, 44.48077], [-73.1449, 44.48065], [-73.14483, 44.48054], [-73.14477, 44.48046], [-73.14472, 44.48039], [-73.14439, 44.48009], [-73.14399, 44.47977], [-73.14372, 44.47957], [-73.14341, 44.47935], [-73.14286, 44.47904], [-73.14254, 44.47887], [-73.14215, 44.4787], [-73.14191, 44.47858], [-73.14171, 44.47846], [-73.14148, 44.47834], [-73.14132, 44.47827], [-73.14129, 44.47827], [-73.14116, 44.47823], [-73.14084, 44.47817], [-73.14053, 44.47813], [-73.14027, 44.47811], [-73.13993, 44.4781], [-73.13954, 44.47813], [-73.13919, 44.47817], [-73.13885, 44.47825], [-73.13841, 44.47836], [-73.13816, 44.4784], [-73.13791, 44.47841], [-73.13768, 44.47841], [-73.13732, 44.47835], [-73.13699, 44.47825], [-73.1368, 44.47814], [-73.13662, 44.478], [-73.13645, 44.4778], [-73.1363, 44.47749], [-73.13625, 44.47719], [-73.13623, 44.47673], [-73.13626, 44.47624], [-73.13622, 44.47581], [-73.13617, 44.4756], [-73.13608, 44.47536], [-73.13602, 44.47517], [-73.13595, 44.47504], [-73.13593, 44.475], [-73.1359, 44.47495], [-73.13578, 44.47484], [-73.1356, 44.4747], [-73.1354, 44.4746], [-73.13515, 44.47451], [-73.13491, 44.47445], [-73.13462, 44.4744], [-73.13422, 44.47439], [-73.13382, 44.47441], [-73.13348, 44.47445], [-73.13316, 44.47452], [-73.13289, 44.4746], [-73.13255, 44.4747], [-73.13234, 44.47479], [-73.13218, 44.47486], [-73.1316, 44.47515], [-73.13105, 44.47542], [-73.13051, 44.47569], [-73.13016, 44.47591], [-73.12996, 44.47604], [-73.12944, 44.4763], [-73.12891, 44.47651], [-73.12838, 44.47665], [-73.12789, 44.47674], [-73.12735, 44.47681], [-73.12711, 44.47681], [-73.12686, 44.47679], [-73.12639, 44.47669], [-73.12596, 44.47659], [-73.12558, 44.47651], [-73.12518, 44.47646], [-73.12501, 44.47646], [-73.12482, 44.47648], [-73.12431, 44.4766], [-73.12404, 44.47672], [-73.12392, 44.47677], [-73.12385, 44.4768], [-73.12335, 44.47707], [-73.12285, 44.47736], [-73.12203, 44.47783], [-73.12128, 44.47825], [-73.12073, 44.47858], [-73.12044, 44.47876], [-73.12019, 44.47895], [-73.12001, 44.47908], [-73.11971, 44.4793], [-73.1194, 44.47949], [-73.11908, 44.47965], [-73.11898, 44.4797], [-73.11848, 44.47992], [-73.11795, 44.48015], [-73.11787, 44.48018], [-73.11753, 44.48032], [-73.1173, 44.4804], [-73.11702, 44.48046], [-73.11679, 44.4805], [-73.11663, 44.48054], [-73.11654, 44.48057], [-73.11635, 44.48065], [-73.11618, 44.48073], [-73.11611, 44.48077], [-73.1159, 44.4809], [-73.11562, 44.48115], [-73.11556, 44.4812], [-73.11543, 44.48132], [-73.11543, 44.48133], [-73.11548, 44.48142], [-73.11552, 44.48153], [-73.11552, 44.48157], [-73.11555, 44.48164], [-73.11557, 44.48176], [-73.11559, 44.48213], [-73.11559, 44.48231], [-73.11555, 44.48268], [-73.1155, 44.48293], [-73.11543, 44.4831], [-73.1154, 44.48316], [-73.11532, 44.48337], [-73.11517, 44.48363], [-73.115, 44.48394], [-73.11497, 44.484], [-73.11493, 44.48405], [-73.11492, 44.48408], [-73.1149, 44.48411], [-73.11488, 44.48414], [-73.11474, 44.48441], [-73.11458, 44.48469], [-73.11444, 44.48493], [-73.11412, 44.48551], [-73.11401, 44.48568], [-73.11373, 44.48621], [-73.11341, 44.48679], [-73.1133, 44.48698], [-73.11304, 44.48745], [-73.11301, 44.4875], [-73.11259, 44.48825], [-73.11258, 44.48828], [-73.11237, 44.48864], [-73.11218, 44.48895], [-73.11213, 44.48903], [-73.11201, 44.48926], [-73.11163, 44.48991], [-73.1114, 44.49031], [-73.11124, 44.49053], [-73.11097, 44.49063], [-73.11076, 44.49073], [-73.11069, 44.49076], [-73.1105, 44.49085], [-73.10971, 44.49133], [-73.10958, 44.4914], [-73.10949, 44.49145], [-73.10945, 44.49148], [-73.10846, 44.4921], [-73.1082, 44.49225], [-73.10802, 44.49235], [-73.1073, 44.4928], [-73.10676, 44.49312], [-73.10635, 44.49335], [-73.10597, 44.49361], [-73.10571, 44.49377], [-73.10563, 44.49382], [-73.1056, 44.49384], [-73.10482, 44.49434], [-73.10415, 44.49475], [-73.10385, 44.49494], [-73.10344, 44.4952], [-73.10324, 44.49533], [-73.10293, 44.49552], [-73.10256, 44.49573], [-73.1023, 44.4959], [-73.10192, 44.49615], [-73.10161, 44.49636], [-73.10097, 44.49676], [-73.10035, 44.49716], [-73.10006, 44.49737], [-73.09979, 44.4976], [-73.09953, 44.49786], [-73.09928, 44.49813], [-73.09899, 44.49846], [-73.09857, 44.49895], [-73.0982, 44.49936], [-73.09772, 44.49988], [-73.09748, 44.50014], [-73.09721, 44.50042], [-73.09719, 44.50044], [-73.09696, 44.50066], [-73.09667, 44.50092], [-73.10108, 44.50273], [-73.1048, 44.50432], [-73.10501, 44.50441], [-73.1127, 44.5075], [-73.11324, 44.50731], [-73.11481, 44.50676], [-73.11535, 44.50657], [-73.1161, 44.50631], [-73.1163, 44.50623], [-73.11656, 44.50612], [-73.11654, 44.50608], [-73.11607, 44.50509], [-73.11559, 44.50403], [-73.11547, 44.50377], [-73.11629, 44.50328], [-73.11999, 44.50432], [-73.12236, 44.50176], [-73.1229, 44.50188], [-73.12677, 44.50335], [-73.12754, 44.50232], [-73.12797, 44.50175], [-73.12923, 44.50008], [-73.12939, 44.50022], [-73.12945, 44.50027], [-73.1295, 44.50033], [-73.12952, 44.50036], [-73.12957, 44.50044], [-73.1296, 44.50048], [-73.12966, 44.5006], [-73.12972, 44.50075], [-73.12979, 44.50089], [-73.12989, 44.50102], [-73.12998, 44.50113], [-73.13003, 44.50117], [-73.13004, 44.50119], [-73.13036, 44.50147], [-73.13048, 44.50156], [-73.13086, 44.50179], [-73.13088, 44.50182], [-73.13096, 44.50184], [-73.1313, 44.50203], [-73.13152, 44.50213], [-73.13187, 44.50226], [-73.13196, 44.5023], [-73.1324, 44.50243], [-73.13248, 44.50245], [-73.13256, 44.50248], [-73.13259, 44.50249], [-73.13285, 44.50257], [-73.133, 44.50262], [-73.13326, 44.50273], [-73.1335, 44.50284], [-73.13384, 44.50305], [-73.13402, 44.50315], [-73.13428, 44.50328], [-73.13437, 44.50331], [-73.13465, 44.50341], [-73.13468, 44.50343], [-73.1347, 44.50343], [-73.13487, 44.50349], [-73.13504, 44.50356], [-73.13531, 44.50365], [-73.13546, 44.50369], [-73.13559, 44.50373], [-73.13562, 44.50374], [-73.13578, 44.50379], [-73.13616, 44.50393], [-73.13619, 44.50394], [-73.13622, 44.50396], [-73.13624, 44.50396], [-73.13662, 44.50413], [-73.13665, 44.50415], [-73.13675, 44.50417], [-73.13684, 44.50419], [-73.137, 44.50422], [-73.13735, 44.50425], [-73.13745, 44.50413], [-73.13786, 44.50399], [-73.13817, 44.50389], [-73.13808, 44.50387], [-73.13768, 44.50375], [-73.13764, 44.50374], [-73.1372, 44.50359], [-73.13698, 44.50351], [-73.13678, 44.50342], [-73.13649, 44.50329], [-73.13638, 44.50324], [-73.13618, 44.50314], [-73.13599, 44.50304], [-73.13568, 44.50286], [-73.13574, 44.50278], [-73.13575, 44.50276], [-73.13585, 44.50264], [-73.1369, 44.50117], [-73.1371, 44.50091], [-73.13725, 44.50071], [-73.13718, 44.50062], [-73.13709, 44.50048], [-73.13706, 44.50033], [-73.13705, 44.50016], [-73.13708, 44.49999], [-73.13713, 44.49983], [-73.1372, 44.49971], [-73.13736, 44.49955], [-73.13747, 44.49944], [-73.13764, 44.49931], [-73.13785, 44.49916], [-73.13811, 44.499], [-73.13847, 44.49882], [-73.13888, 44.49859], [-73.13917, 44.49838], [-73.13948, 44.49811], [-73.13985, 44.49778], [-73.14008, 44.49757], [-73.14018, 44.49746], [-73.14026, 44.49735], [-73.14037, 44.49711], [-73.14047, 44.49685], [-73.14057, 44.49652], [-73.14064, 44.49615], [-73.14065, 44.49568], [-73.14065, 44.49543], [-73.14059, 44.49511], [-73.14048, 44.49485], [-73.14032, 44.49455], [-73.14025, 44.49439], [-73.14016, 44.49416], [-73.14011, 44.49396], [-73.14005, 44.49366], [-73.13993, 44.49316], [-73.13985, 44.49291], [-73.13973, 44.49261], [-73.13959, 44.4923], [-73.13953, 44.49211], [-73.13945, 44.49189], [-73.13945, 44.49154], [-73.13945, 44.49147], [-73.13956, 44.49074], [-73.13958, 44.49069], [-73.13972, 44.49031], [-73.13996, 44.49], [-73.14013, 44.48984], [-73.14029, 44.4897], [-73.1405, 44.48958], [-73.14066, 44.48949], [-73.14076, 44.48944], [-73.14127, 44.48921], [-73.14165, 44.48905], [-73.14185, 44.48896], [-73.14203, 44.48886], [-73.14222, 44.48872], [-73.14242, 44.48856], [-73.14262, 44.48838], [-73.14283, 44.48817], [-73.14293, 44.48802], [-73.14304, 44.48783], [-73.1432, 44.48742], [-73.14332, 44.48709], [-73.14344, 44.48671], [-73.14357, 44.48629], [-73.14372, 44.48578], [-73.14395, 44.48524], [-73.14416, 44.4848], [-73.14422, 44.48467], [-73.14426, 44.48452], [-73.1443, 44.48438], [-73.14433, 44.48421], [-73.14435, 44.48391], [-73.14439, 44.48364], [-73.14445, 44.48331], [-73.14454, 44.48296], [-73.14455, 44.48259], [-73.14456, 44.48235], [-73.14454, 44.48209], [-73.14453, 44.48186], [-73.14453, 44.48157], [-73.14458, 44.48145], [-73.14464, 44.48136], [-73.14472, 44.48125], [-73.14481, 44.48112], [-73.14488, 44.48098], [-73.14492, 44.48083]]]}}, {"type": "Feature", "properties": {"tract_id": "50007980000", "name": "Census Tract 9800", "income_2020": null, "poverty_rate_2020": null, "population_2020": 0}, "geometry": {"type": "Polygon", "coordinates": [[[-73.17072, 44.4807], [-73.17072, 44.48055], [-73.17071, 44.48041], [-73.17068, 44.4802], [-73.16694, 44.47792], [-73.16691, 44.4779], [-73.16408, 44.47595], [-73.1624, 44.47578], [-73.16258, 44.4752], [-73.16285, 44.47475], [-73.16275, 44.47473], [-73.16235, 44.47468], [-73.16229, 44.47445], [-73.16224, 44.47447], [-73.16215, 44.47449], [-73.16206, 44.47449], [-73.16198, 44.47447], [-73.16181, 44.47491], [-73.16072, 44.47472], [-73.16034, 44.47401], [-73.16017, 44.47371], [-73.15922, 44.474], [-73.15908, 44.47367], [-73.15901, 44.47352], [-73.15843, 44.47234], [-73.15797, 44.47141], [-73.15747, 44.4704], [-73.15734, 44.47013], [-73.15732, 44.47008], [-73.1568, 44.46899], [-73.15662, 44.46865], [-73.15655, 44.46852], [-73.15627, 44.468], [-73.15618, 44.46783], [-73.15611, 44.46769], [-73.15577, 44.467], [-73.15541, 44.46623], [-73.15501, 44.46542], [-73.1549, 44.46544], [-73.1535, 44.46561], [-73.15331, 44.4647], [-73.15457, 44.46454], [-73.15415, 44.46368], [-73.15408, 44.46348], [-73.15408, 44.46345], [-73.15407, 44.46319], [-73.15407, 44.46295], [-73.15367, 44.46277], [-73.15335, 44.46262], [-73.15302, 44.46247], [-73.15254, 44.46224], [-73.15223, 44.46263], [-73.15204, 44.46253], [-73.15118, 44.46331], [-73.15118, 44.46308], [-73.15004, 44.46311], [-73.14805, 44.46269], [-73.14771, 44.46271], [-73.14567, 44.46279], [-73.14509, 44.46282], [-73.1426, 44.46112], [-73.14228, 44.46091], [-73.14205, 44.46107], [-73.14064, 44.46023], [-73.14064, 44.46039], [-73.13919, 44.45948], [-73.13597, 44.46224], [-73.13601, 44.4624], [-73.13896, 44.46425], [-73.13901, 44.46486], [-73.13937, 44.46502], [-73.13942, 44.46538], [-73.13996, 44.46538], [-73.14014, 44.46554], [-73.13972, 44.4662], [-73.14017, 44.46854], [-73.13941, 44.46991], [-73.14097, 44.47035], [-73.13856, 44.47457], [-73.1397, 44.47506], [-73.1413, 44.4754], [-73.14254, 44.47594], [-73.14326, 44.47618], [-73.14355, 44.47639], [-73.14407, 44.47693], [-73.14421, 44.47706], [-73.14453, 44.47728], [-73.14507, 44.4775], [-73.14562, 44.47759], [-73.146, 44.47759], [-73.14631, 44.47758], [-73.1466, 44.47748], [-73.14709, 44.47734], [-73.14719, 44.47731], [-73.14762, 44.47727], [-73.14795, 44.47731], [-73.14825, 44.47741], [-73.1485, 44.47756], [-73.14864, 44.47768], [-73.14885, 44.47815], [-73.1493, 44.47868], [-73.14958, 44.4789], [-73.15001, 44.47893], [-73.15185, 44.4789], [-73.15186, 44.47898], [-73.15266, 44.47895], [-73.15302, 44.47895], [-73.15447, 44.47891], [-73.15483, 44.47889], [-73.15562, 44.47885], [-73.15598, 44.47884], [-73.1562, 44.47885], [-73.15635, 44.47887], [-73.15656, 44.4789], [-73.15678, 44.47896], [-73.15692, 44.479], [-73.15706, 44.47905], [-73.1572, 44.4791], [-73.1574, 44.4792], [-73.15759, 44.4793], [-73.15817, 44.47959], [-73.15836, 44.47969], [-73.15855, 44.4798], [-73.15873, 44.47992], [-73.15885, 44.48001], [-73.15919, 44.4803], [-73.15936, 44.48043], [-73.15964, 44.48065], [-73.16037, 44.48113], [-73.16061, 44.48128], [-73.16074, 44.48136], [-73.16086, 44.48142], [-73.16099, 44.48148], [-73.16113, 44.48153], [-73.1614, 44.48162], [-73.16191, 44.48175], [-73.16205, 44.4818], [-73.16219, 44.48186], [-73.16225, 44.4819], [-73.16237, 44.48199], [-73.16243, 44.48204], [-73.16249, 44.4821], [-73.16254, 44.48216], [-73.16258, 44.48222], [-73.16262, 44.48229], [-73.16283, 44.48276], [-73.16285, 44.48292], [-73.16293, 44.48335], [-73.16294, 44.48342], [-73.16294, 44.48356], [-73.16292, 44.48371], [-73.16288, 44.48384], [-73.16257, 44.48458], [-73.1623, 44.48519], [-73.16255, 44.48541], [-73.16268, 44.48534], [-73.16295, 44.48523], [-73.16335, 44.4851], [-73.16376, 44.48499], [-73.16397, 44.48494], [-73.16408, 44.48492], [-73.16419, 44.4849], [-73.16503, 44.48479], [-73.16522, 44.48475], [-73.16544, 44.4847], [-73.16564, 44.48464], [-73.16584, 44.48458], [-73.16604, 44.4845], [-73.16618, 44.48445], [-73.1662, 44.48417], [-73.16812, 44.48275], [-73.16975, 44.48154], [-73.1707, 44.48084], [-73.17072, 44.4807]]]}}, {"type": "Feature", "properties": {"tract_id": "50007002701", "name": "Census Tract 27.01", "income_2020": 84483, "poverty_rate_2020": 8.9, "population_2020": 6151}, "geometry": {"type": "Polygon", "coordinates": [[[-73.1584, 44.48976], [-73.15823, 44.48976], [-73.15806, 44.48973], [-73.15768, 44.48964], [-73.15724, 44.48948], [-73.15692, 44.48931], [-73.15664, 44.48908], [-73.15622, 44.48883], [-73.15572, 44.48851], [-73.15515, 44.4882], [-73.15485, 44.48809], [-73.15448, 44.488], [-73.15397, 44.48794], [-73.15375, 44.48795], [-73.15352, 44.48799], [-73.15274, 44.48821], [-73.15203, 44.48846], [-73.15156, 44.48865], [-73.15115, 44.4888], [-73.15071, 44.4889], [-73.15019, 44.48897], [-73.14874, 44.48908], [-73.14759, 44.48918], [-73.14633, 44.4893], [-73.14572, 44.4894], [-73.14511, 44.48954], [-73.14462, 44.4897], [-73.14456, 44.48972], [-73.14423, 44.48985], [-73.1439, 44.49004], [-73.14364, 44.49021], [-73.1434, 44.49043], [-73.14322, 44.49065], [-73.14305, 44.49089], [-73.14295, 44.49125], [-73.143, 44.49159], [-73.14311, 44.4918], [-73.14328, 44.49198], [-73.14352, 44.49213], [-73.14376, 44.49223], [-73.14405, 44.49232], [-73.14433, 44.49237], [-73.14475, 44.49243], [-73.14512, 44.49246], [-73.14559, 44.49249], [-73.14603, 44.49253], [-73.14648, 44.49257], [-73.14707, 44.49271], [-73.14734, 44.49281], [-73.14755, 44.49291], [-73.14775, 44.4931], [-73.14792, 44.49332], [-73.14797, 44.49359], [-73.14795, 44.49382], [-73.14774, 44.49411], [-73.14742, 44.49437], [-73.14696, 44.49469], [-73.14651, 44.49497], [-73.14604, 44.49523], [-73.1456, 44.49546], [-73.14473, 44.49592], [-73.14437, 44.49617], [-73.14404, 44.49648], [-73.14375, 44.49686], [-73.14351, 44.49723], [-73.14332, 44.49766], [-73.1431, 44.49805], [-73.14259, 44.49889], [-73.14222, 44.49934], [-73.14183, 44.49976], [-73.14142, 44.5001], [-73.1412, 44.50025], [-73.14092, 44.50036], [-73.14053, 44.50046], [-73.14034, 44.50051], [-73.13986, 44.50061], [-73.13927, 44.50081], [-73.13896, 44.5009], [-73.13856, 44.50102], [-73.13835, 44.50107], [-73.13813, 44.50111], [-73.13795, 44.5011], [-73.13775, 44.50106], [-73.13761, 44.50099], [-73.13749, 44.50091], [-73.13738, 44.50083], [-73.13729, 44.50074], [-73.13725, 44.50071], [-73.1371, 44.50091], [-73.1369, 44.50117], [-73.13585, 44.50264], [-73.13575, 44.50276], [-73.13574, 44.50278], [-73.13568, 44.50286], [-73.13599, 44.50304], [-73.13618, 44.50314], [-73.13638, 44.50324], [-73.13649, 44.50329], [-73.13678, 44.50342], [-73.13698, 44.50351], [-73.1372, 44.50359], [-73.13764, 44.50374], [-73.13768, 44.50375], [-73.13808, 44.50387], [-73.13817, 44.50389], [-73.13786, 44.50399], [-73.13745, 44.50413], [-73.13735, 44.50425], [-73.137, 44.50422], [-73.13684, 44.50419], [-73.13675, 44.50417], [-73.13665, 44.50415], [-73.13662, 44.50413], [-73.13624, 44.50396], [-73.13622, 44.50396], [-73.13619, 44.50394], [-73.13616, 44.50393], [-73.13578, 44.50379], [-73.13562, 44.50374], [-73.13559, 44.50373], [-73.13546, 44.50369], [-73.13531, 44.50365], [-73.13504, 44.50356], [-73.13487, 44.50349], [-73.1347, 44.50343], [-73.13468, 44.50343], [-73.13465, 44.50341], [-73.13437, 44.50331], [-73.13428, 44.50328], [-73.13402, 44.50315], [-73.13384, 44.50305], [-73.1335, 44.50284], [-73.13326, 44.50273], [-73.133, 44.50262], [-73.13285, 44.50257], [-73.13259, 44.50249], [-73.13256, 44.50248], [-73.13248, 44.50245], [-73.1324, 44.50243], [-73.13196, 44.5023], [-73.13187, 44.50226], [-73.13152, 44.50213], [-73.1313, 44.50203], [-73.13096, 44.50184], [-73.13088, 44.50182], [-73.13086, 44.50179], [-73.13048, 44.50156], [-73.13036, 44.50147], [-73.13004, 44.50119], [-73.13003, 44.50117], [-73.12998, 44.50113], [-73.12989, 44.50102], [-73.12979, 44.50089], [-73.12972, 44.50075], [-73.12966, 44.5006], [-73.1296, 44.50048], [-73.12957, 44.50044], [-73.12952, 44.50036], [-73.1295, 44.50033], [-73.12945, 44.50027], [-73.12939, 44.50022], [-73.12923, 44.50008], [-73.12797, 44.50175], [-73.12754, 44.50232], [-73.12677, 44.50335], [-73.1229, 44.50188], [-73.12236, 44.50176], [-73.11999, 44.50432], [-73.11629, 44.50328], [-73.11547, 44.50377], [-73.11559, 44.50403], [-73.11607, 44.50509], [-73.11654, 44.50608], [-73.11656, 44.50612], [-73.1163, 44.50623], [-73.1161, 44.50631], [-73.11535, 44.50657], [-73.11481, 44.50676], [-73.11324, 44.50731], [-73.1127, 44.5075], [-73.10501, 44.50441], [-73.1048, 44.50432], [-73.10108, 44.50273], [-73.09667, 44.50092], [-73.09616, 44.50139], [-73.09573, 44.50178], [-73.0941, 44.50117], [-73.09335, 44.50089], [-73.09213, 44.50043], [-73.08915, 44.49932], [-73.08826, 44.49889], [-73.08798, 44.49928], [-73.08763, 44.49974], [-73.08646, 44.49932], [-73.08625, 44.49925], [-73.0861, 44.4992], [-73.08263, 44.49797], [-73.08152, 44.49754], [-73.0843, 44.49375], [-73.08424, 44.49277], [-73.08426, 44.49102], [-73.08596, 44.4882], [-73.08554, 44.48791], [-73.08511, 44.48771], [-73.08511, 44.48757], [-73.0851, 44.48736], [-73.08515, 44.487], [-73.08524, 44.48665], [-73.08536, 44.48631], [-73.08554, 44.48598], [-73.08563, 44.48583], [-73.08664, 44.48351], [-73.08717, 44.48354], [-73.08743, 44.48355], [-73.08827, 44.4836], [-73.08902, 44.48364], [-73.08899, 44.48354], [-73.08912, 44.48232], [-73.08923, 44.48127], [-73.08929, 44.48069], [-73.08914, 44.48066], [-73.08907, 44.48064], [-73.08896, 44.48061], [-73.08879, 44.48053], [-73.0887, 44.48048], [-73.08862, 44.4804], [-73.08857, 44.48029], [-73.08855, 44.48021], [-73.08853, 44.48011], [-73.08854, 44.48003], [-73.08857, 44.47999], [-73.08864, 44.47989], [-73.0887, 44.4798], [-73.08872, 44.4797], [-73.08868, 44.47963], [-73.0885, 44.47945], [-73.08815, 44.47916], [-73.08779, 44.47895], [-73.08734, 44.47879], [-73.08683, 44.47867], [-73.08622, 44.47862], [-73.08605, 44.47862], [-73.08561, 44.47863], [-73.08504, 44.47867], [-73.08497, 44.47868], [-73.08452, 44.47875], [-73.08405, 44.47885], [-73.08368, 44.47894], [-73.08339, 44.47905], [-73.08312, 44.47924], [-73.0829, 44.47943], [-73.08268, 44.47968], [-73.08244, 44.47995], [-73.08219, 44.48027], [-73.08196, 44.48062], [-73.08191, 44.4807], [-73.0817, 44.481], [-73.08158, 44.48112], [-73.08138, 44.48133], [-73.08094, 44.4816], [-73.08049, 44.48179], [-73.07989, 44.48197], [-73.07941, 44.48208], [-73.0788, 44.4822], [-73.07829, 44.48229], [-73.07751, 44.48243], [-73.07696, 44.48254], [-73.07657, 44.48258], [-73.07627, 44.48261], [-73.07596, 44.48263], [-73.07565, 44.48263], [-73.07522, 44.48263], [-73.07434, 44.4826], [-73.074, 44.48257], [-73.07367, 44.48251], [-73.07338, 44.48239], [-73.07308, 44.48224], [-73.07276, 44.48206], [-73.07245, 44.48185], [-73.07221, 44.48167], [-73.07199, 44.48147], [-73.07178, 44.48127], [-73.07157, 44.48104], [-73.07142, 44.48086], [-73.07122, 44.48064], [-73.07101, 44.48046], [-73.07076, 44.48026], [-73.07049, 44.48009], [-73.069, 44.47921], [-73.06869, 44.47901], [-73.06856, 44.4789], [-73.0685, 44.47892], [-73.06795, 44.47914], [-73.0678, 44.47926], [-73.06763, 44.47931], [-73.0674, 44.47937], [-73.06729, 44.4794], [-73.06706, 44.47946], [-73.06703, 44.47948], [-73.06693, 44.47955], [-73.06688, 44.4796], [-73.06685, 44.47968], [-73.06683, 44.47978], [-73.06682, 44.47991], [-73.06682, 44.47993], [-73.06683, 44.48001], [-73.06684, 44.48005], [-73.06689, 44.48015], [-73.06696, 44.4803], [-73.067, 44.48034], [-73.06708, 44.48054], [-73.06708, 44.48061], [-73.06706, 44.48067], [-73.06692, 44.48089], [-73.0669, 44.4809], [-73.06688, 44.48092], [-73.06677, 44.48099], [-73.06675, 44.481], [-73.06665, 44.48105], [-73.06656, 44.4811], [-73.06647, 44.48116], [-73.06645, 44.48117], [-73.06641, 44.48121], [-73.06639, 44.48127], [-73.06641, 44.4813], [-73.06649, 44.48134], [-73.06654, 44.48136], [-73.06657, 44.48137], [-73.06659, 44.48138], [-73.06668, 44.4814], [-73.06683, 44.48144], [-73.06688, 44.48146], [-73.0669, 44.48148], [-73.06692, 44.48149], [-73.06697, 44.48154], [-73.06699, 44.48157], [-73.06698, 44.48163], [-73.06688, 44.48173], [-73.06687, 44.48178], [-73.06687, 44.48187], [-73.0669, 44.4819], [-73.067, 44.482], [-73.06703, 44.48208], [-73.06702, 44.48219], [-73.06692, 44.48235], [-73.06691, 44.48236], [-73.0669, 44.48238], [-73.0668, 44.48247], [-73.06676, 44.4825], [-73.06669, 44.48254], [-73.06663, 44.48257], [-73.06657, 44.4826], [-73.06634, 44.48271], [-73.0663, 44.48273], [-73.06627, 44.48275], [-73.06604, 44.48289], [-73.06588, 44.48302], [-73.06585, 44.48308], [-73.06583, 44.48328], [-73.06586, 44.48338], [-73.06586, 44.48348], [-73.06583, 44.48366], [-73.06582, 44.48373], [-73.06579, 44.48378], [-73.06575, 44.48384], [-73.06571, 44.48388], [-73.06555, 44.48399], [-73.06548, 44.48405], [-73.06545, 44.4841], [-73.0654, 44.4842], [-73.06543, 44.48435], [-73.06541, 44.48443], [-73.06539, 44.48448], [-73.06533, 44.48455], [-73.06521, 44.48461], [-73.06515, 44.48463], [-73.06499, 44.48468], [-73.06488, 44.48474], [-73.06473, 44.48479], [-73.06463, 44.48484], [-73.0646, 44.48485], [-73.06442, 44.48494], [-73.06426, 44.48506], [-73.06391, 44.48545], [-73.06376, 44.48565], [-73.06372, 44.48574], [-73.06366, 44.48596], [-73.06363, 44.48605], [-73.06356, 44.48621], [-73.06341, 44.48641], [-73.06336, 44.48646], [-73.06329, 44.48655], [-73.06324, 44.48661], [-73.06326, 44.48664], [-73.06333, 44.48702], [-73.06341, 44.48725], [-73.06342, 44.48733], [-73.06342, 44.48739], [-73.06338, 44.48758], [-73.06337, 44.48759], [-73.06334, 44.48763], [-73.06334, 44.48771], [-73.06334, 44.48773], [-73.06343, 44.48778], [-73.06351, 44.48781], [-73.06362, 44.48782], [-73.06374, 44.48783], [-73.06404, 44.48785], [-73.06407, 44.48786], [-73.06411, 44.48788], [-73.06413, 44.48791], [-73.06416, 44.48796], [-73.06419, 44.48799], [-73.06421, 44.48806], [-73.06422, 44.48807], [-73.06424, 44.48819], [-73.06421, 44.48825], [-73.06418, 44.48835], [-73.06416, 44.48839], [-73.06409, 44.48846], [-73.06407, 44.48851], [-73.06405, 44.48856], [-73.06404, 44.48861], [-73.06407, 44.48869], [-73.06411, 44.48876], [-73.06422, 44.48882], [-73.06429, 44.48883], [-73.06438, 44.48881], [-73.06455, 44.4887], [-73.06456, 44.48868], [-73.06464, 44.48861], [-73.06474, 44.48861], [-73.06476, 44.48862], [-73.06481, 44.48867], [-73.06487, 44.48878], [-73.06493, 44.48905], [-73.06495, 44.48925], [-73.06495, 44.48933], [-73.06489, 44.48955], [-73.06486, 44.48962], [-73.06481, 44.48971], [-73.06477, 44.48982], [-73.06475, 44.48992], [-73.06476, 44.49], [-73.0648, 44.49014], [-73.06485, 44.49037], [-73.06484, 44.49045], [-73.0648, 44.49054], [-73.06474, 44.49064], [-73.06469, 44.4907], [-73.06467, 44.49072], [-73.06466, 44.49073], [-73.06443, 44.49097], [-73.06442, 44.49108], [-73.06443, 44.4911], [-73.06444, 44.49113], [-73.06451, 44.49117], [-73.06458, 44.49119], [-73.06471, 44.4912], [-73.06488, 44.49115], [-73.06495, 44.49111], [-73.06501, 44.49107], [-73.06511, 44.49102], [-73.0652, 44.49099], [-73.06533, 44.49098], [-73.06543, 44.491], [-73.06549, 44.49105], [-73.06563, 44.49117], [-73.06564, 44.4912], [-73.06571, 44.49127], [-73.06576, 44.49134], [-73.06577, 44.49135], [-73.06583, 44.49143], [-73.06586, 44.49149], [-73.06589, 44.49157], [-73.0659, 44.49165], [-73.06591, 44.49179], [-73.06589, 44.49212], [-73.06591, 44.49216], [-73.06601, 44.49221], [-73.06609, 44.49222], [-73.06616, 44.49224], [-73.06628, 44.49221], [-73.06643, 44.49224], [-73.06658, 44.49233], [-73.06672, 44.49244], [-73.06674, 44.49247], [-73.06677, 44.49254], [-73.06677, 44.49264], [-73.06675, 44.49277], [-73.06673, 44.49284], [-73.0667, 44.49297], [-73.06672, 44.49306], [-73.0668, 44.49313], [-73.06691, 44.4932], [-73.06696, 44.49329], [-73.06697, 44.4935], [-73.067, 44.49356], [-73.0671, 44.49367], [-73.06721, 44.49373], [-73.0673, 44.49378], [-73.0674, 44.49387], [-73.06748, 44.49398], [-73.06758, 44.49417], [-73.0676, 44.49428], [-73.06766, 44.49441], [-73.06772, 44.49446], [-73.06783, 44.49454], [-73.0679, 44.49457], [-73.06792, 44.49458], [-73.06798, 44.4946], [-73.06803, 44.49461], [-73.06808, 44.49464], [-73.06811, 44.49464], [-73.06819, 44.49467], [-73.06826, 44.4947], [-73.06829, 44.49472], [-73.06842, 44.49476], [-73.06851, 44.4948], [-73.06858, 44.49486], [-73.0686, 44.49487], [-73.06875, 44.49499], [-73.06894, 44.49519], [-73.06899, 44.49527], [-73.0691, 44.49542], [-73.06916, 44.49554], [-73.06921, 44.49557], [-73.06929, 44.49565], [-73.06935, 44.49574], [-73.06944, 44.49584], [-73.06964, 44.496], [-73.07005, 44.49627], [-73.07007, 44.49629], [-73.0702, 44.49629], [-73.07028, 44.49627], [-73.07034, 44.49627], [-73.07048, 44.49624], [-73.07058, 44.49622], [-73.07071, 44.4962], [-73.07082, 44.49617], [-73.07093, 44.49626], [-73.07093, 44.49634], [-73.0709, 44.49643], [-73.07086, 44.49653], [-73.07084, 44.49659], [-73.07082, 44.49664], [-73.07079, 44.49691], [-73.0708, 44.49703], [-73.07083, 44.49715], [-73.0709, 44.49729], [-73.07102, 44.49747], [-73.07112, 44.49766], [-73.07114, 44.49775], [-73.07114, 44.49779], [-73.07112, 44.49786], [-73.07098, 44.49805], [-73.07098, 44.49809], [-73.071, 44.49817], [-73.07105, 44.49823], [-73.07119, 44.49829], [-73.07133, 44.49833], [-73.07145, 44.49838], [-73.07151, 44.49844], [-73.07153, 44.4985], [-73.0715, 44.49858], [-73.07143, 44.49869], [-73.0714, 44.49871], [-73.0713, 44.49882], [-73.07122, 44.49893], [-73.0712, 44.49898], [-73.07119, 44.49919], [-73.0712, 44.4992], [-73.07124, 44.49937], [-73.07131, 44.49953], [-73.07147, 44.49985], [-73.0715, 44.49992], [-73.07152, 44.50001], [-73.07152, 44.50006], [-73.07155, 44.50013], [-73.07162, 44.50024], [-73.07163, 44.50029], [-73.07165, 44.50031], [-73.07171, 44.5004], [-73.07173, 44.50046], [-73.07173, 44.50061], [-73.07168, 44.50068], [-73.07167, 44.5007], [-73.07144, 44.50099], [-73.07144, 44.50101], [-73.07142, 44.50102], [-73.07136, 44.50115], [-73.07135, 44.5012], [-73.07139, 44.50129], [-73.07146, 44.50138], [-73.07146, 44.50144], [-73.07145, 44.50149], [-73.07139, 44.50152], [-73.0713, 44.50155], [-73.07125, 44.50157], [-73.0712, 44.50162], [-73.0712, 44.50164], [-73.07122, 44.50173], [-73.07126, 44.50178], [-73.07135, 44.50185], [-73.07151, 44.50195], [-73.0716, 44.50197], [-73.0716, 44.50199], [-73.07164, 44.50204], [-73.07166, 44.5021], [-73.07166, 44.50221], [-73.07164, 44.50226], [-73.0716, 44.50231], [-73.07158, 44.50236], [-73.07153, 44.50241], [-73.0715, 44.50246], [-73.07144, 44.50254], [-73.07142, 44.50255], [-73.07134, 44.50262], [-73.07129, 44.50268], [-73.07132, 44.50275], [-73.07133, 44.50277], [-73.07144, 44.50283], [-73.07174, 44.50293], [-73.07176, 44.50294], [-73.07179, 44.50298], [-73.07179, 44.503], [-73.07177, 44.50303], [-73.07168, 44.50306], [-73.07164, 44.50307], [-73.0716, 44.50306], [-73.07158, 44.50307], [-73.07118, 44.50309], [-73.07089, 44.50312], [-73.07078, 44.50317], [-73.07075, 44.50319], [-73.07073, 44.50323], [-73.07074, 44.50331], [-73.07077, 44.50335], [-73.07083, 44.5034], [-73.07092, 44.50347], [-73.07097, 44.50349], [-73.07107, 44.50356], [-73.07112, 44.50359], [-73.07125, 44.50372], [-73.07131, 44.50381], [-73.0713, 44.50389], [-73.07129, 44.50391], [-73.07122, 44.50395], [-73.0711, 44.50405], [-73.071, 44.5041], [-73.07077, 44.50428], [-73.0706, 44.50447], [-73.07045, 44.50468], [-73.07043, 44.50474], [-73.07042, 44.50495], [-73.07043, 44.50497], [-73.07044, 44.50533], [-73.07039, 44.50546], [-73.07032, 44.50552], [-73.07021, 44.5056], [-73.0701, 44.50566], [-73.07007, 44.50566], [-73.07, 44.50568], [-73.06997, 44.5057], [-73.06995, 44.5057], [-73.06966, 44.50578], [-73.06956, 44.50579], [-73.06942, 44.50582], [-73.06939, 44.50583], [-73.06905, 44.50588], [-73.0689, 44.5059], [-73.06874, 44.50594], [-73.06868, 44.50596], [-73.06865, 44.50598], [-73.06856, 44.50607], [-73.06855, 44.50614], [-73.06857, 44.50622], [-73.06855, 44.5064], [-73.06853, 44.50644], [-73.0685, 44.50645], [-73.06847, 44.50649], [-73.06836, 44.50655], [-73.06822, 44.50658], [-73.06813, 44.50657], [-73.06792, 44.50649], [-73.06785, 44.50648], [-73.06767, 44.50644], [-73.06747, 44.50644], [-73.06737, 44.50645], [-73.06725, 44.50648], [-73.06717, 44.50652], [-73.06714, 44.50653], [-73.06704, 44.50659], [-73.06699, 44.50664], [-73.06697, 44.50669], [-73.06698, 44.50674], [-73.06701, 44.50684], [-73.06702, 44.50686], [-73.06706, 44.50698], [-73.06707, 44.507], [-73.06707, 44.5071], [-73.06704, 44.50712], [-73.06696, 44.50714], [-73.06653, 44.50714], [-73.06627, 44.50716], [-73.06608, 44.50718], [-73.06579, 44.50724], [-73.06574, 44.50725], [-73.06557, 44.50729], [-73.06544, 44.50732], [-73.06532, 44.50736], [-73.0653, 44.50737], [-73.06528, 44.50738], [-73.06526, 44.50739], [-73.06511, 44.50749], [-73.06502, 44.50757], [-73.06497, 44.50768], [-73.06493, 44.50781], [-73.06489, 44.50788], [-73.06488, 44.5079], [-73.06486, 44.50791], [-73.06484, 44.50793], [-73.06478, 44.50797], [-73.06473, 44.50801], [-73.06466, 44.50804], [-73.06459, 44.50805], [-73.06439, 44.50807], [-73.06433, 44.50807], [-73.06423, 44.50808], [-73.06412, 44.5081], [-73.06398, 44.50813], [-73.06373, 44.50822], [-73.06371, 44.50824], [-73.06366, 44.50826], [-73.06356, 44.50832], [-73.06329, 44.50854], [-73.06328, 44.50855], [-73.06318, 44.50863], [-73.06316, 44.50866], [-73.06305, 44.50874], [-73.06295, 44.5088], [-73.06284, 44.50886], [-73.06277, 44.50888], [-73.06266, 44.50889], [-73.06243, 44.50891], [-73.06219, 44.50893], [-73.06216, 44.50893], [-73.06198, 44.50896], [-73.06196, 44.50897], [-73.06181, 44.50899], [-73.06179, 44.509], [-73.0616, 44.50903], [-73.06146, 44.50906], [-73.0614, 44.50908], [-73.06114, 44.50914], [-73.06105, 44.50918], [-73.06092, 44.50922], [-73.06085, 44.50926], [-73.0607, 44.50937], [-73.06054, 44.50956], [-73.06051, 44.50958], [-73.0605, 44.5096], [-73.06044, 44.50965], [-73.06034, 44.5097], [-73.0602, 44.50972], [-73.06008, 44.50972], [-73.06002, 44.5097], [-73.05996, 44.50968], [-73.05986, 44.50957], [-73.05981, 44.50951], [-73.05976, 44.50943], [-73.0597, 44.50935], [-73.05964, 44.5093], [-73.05962, 44.50929], [-73.0596, 44.50928], [-73.05957, 44.50926], [-73.05945, 44.50924], [-73.05935, 44.50924], [-73.05912, 44.50928], [-73.05907, 44.5093], [-73.05903, 44.50931], [-73.05898, 44.50933], [-73.05895, 44.50935], [-73.05892, 44.50936], [-73.05894, 44.50941], [-73.05892, 44.50947], [-73.05887, 44.50956], [-73.05872, 44.50971], [-73.05871, 44.50973], [-73.05869, 44.50974], [-73.05862, 44.50979], [-73.05858, 44.50983], [-73.05852, 44.50986], [-73.05835, 44.51], [-73.05823, 44.51008], [-73.05817, 44.51012], [-73.05814, 44.51013], [-73.05787, 44.51028], [-73.05771, 44.5104], [-73.05757, 44.51053], [-73.05841, 44.51115], [-73.05905, 44.51164], [-73.05941, 44.51186], [-73.0596, 44.51208], [-73.05992, 44.51231], [-73.06053, 44.51274], [-73.06172, 44.51356], [-73.06194, 44.51371], [-73.06214, 44.51385], [-73.06277, 44.51428], [-73.06336, 44.51469], [-73.06366, 44.5149], [-73.06395, 44.51512], [-73.06423, 44.51534], [-73.06452, 44.51558], [-73.06611, 44.51702], [-73.06595, 44.51714], [-73.06585, 44.51725], [-73.0658, 44.51731], [-73.0657, 44.51755], [-73.0656, 44.51777], [-73.06514, 44.519], [-73.06497, 44.51948], [-73.06493, 44.51962], [-73.06453, 44.52079], [-73.06361, 44.52371], [-73.06321, 44.52495], [-73.06297, 44.52576], [-73.06292, 44.52592], [-73.06271, 44.52662], [-73.06232, 44.52787], [-73.06194, 44.52913], [-73.06164, 44.53], [-73.06155, 44.53023], [-73.06102, 44.53191], [-73.06064, 44.53317], [-73.06026, 44.53443], [-73.06018, 44.53485], [-73.05995, 44.53614], [-73.05967, 44.53697], [-73.05947, 44.53736], [-73.05921, 44.53771], [-73.05865, 44.53837], [-73.05782, 44.53938], [-73.05704, 44.54043], [-73.05679, 44.54078], [-73.0566, 44.54118], [-73.05648, 44.5416], [-73.05644, 44.54202], [-73.05642, 44.54245], [-73.05632, 44.54373], [-73.05618, 44.54501], [-73.05589, 44.54709], [-73.05586, 44.54723], [-73.05573, 44.54831], [-73.05558, 44.54924], [-73.05545, 44.54987], [-73.05519, 44.55093], [-73.05468, 44.55252], [-73.05462, 44.55271], [-73.05448, 44.55321], [-73.05444, 44.55342], [-73.05443, 44.55393], [-73.05447, 44.55572], [-73.05452, 44.55673], [-73.05459, 44.55789], [-73.0546, 44.55904], [-73.05461, 44.56171], [-73.05462, 44.56272], [-73.05464, 44.56347], [-73.05464, 44.56358], [-73.05612, 44.56381], [-73.05902, 44.56426], [-73.06155, 44.56465], [-73.06208, 44.56474], [-73.06222, 44.56476], [-73.06232, 44.56478], [-73.0646, 44.56514], [-73.06669, 44.56547], [-73.06732, 44.56557], [-73.06924, 44.56588], [-73.06963, 44.56594], [-73.07084, 44.56613], [-73.07153, 44.56624], [-73.07188, 44.5663], [-73.07514, 44.56681], [-73.07568, 44.5669], [-73.07933, 44.56748], [-73.08032, 44.56764], [-73.08314, 44.5681], [-73.08481, 44.56836], [-73.08716, 44.56875], [-73.08851, 44.56897], [-73.09057, 44.56931], [-73.09069, 44.56933], [-73.09621, 44.57023], [-73.09792, 44.57051], [-73.09952, 44.56833], [-73.10151, 44.56564], [-73.10366, 44.56273], [-73.11497, 44.54739], [-73.11499, 44.54735], [-73.1199, 44.54071], [-73.11993, 44.54066], [-73.12012, 44.5404], [-73.12301, 44.53646], [-73.1263, 44.53203], [-73.12745, 44.53052], [-73.12814, 44.5296], [-73.12868, 44.52889], [-73.12909, 44.52836], [-73.12983, 44.52738], [-73.1323, 44.52413], [-73.13488, 44.52073], [-73.13718, 44.51771], [-73.13936, 44.51484], [-73.14048, 44.51336], [-73.14114, 44.5125], [-73.14118, 44.51244], [-73.14214, 44.51117], [-73.14246, 44.51076], [-73.14272, 44.5104], [-73.14332, 44.50961], [-73.14436, 44.50825], [-73.14496, 44.50746], [-73.14538, 44.50691], [-73.14542, 44.50684], [-73.14549, 44.50675], [-73.14572, 44.50646], [-73.14616, 44.50587], [-73.14625, 44.50576], [-73.14654, 44.50538], [-73.14893, 44.50224], [-73.14904, 44.50208], [-73.14918, 44.5019], [-73.14936, 44.50166], [-73.14964, 44.5013], [-73.15016, 44.50061], [-73.15068, 44.49993], [-73.15096, 44.49956], [-73.15797, 44.49033], [-73.1584, 44.48976]]]}}, {"type": "Feature", "properties": {"tract_id": "50007002702", "name": "Census Tract 27.02", "income_2020": 110933, "poverty_rate_2020": 6.7, "population_2020": 5298}, "geometry": {"type": "Polygon", "coordinates": [[[-73.07179, 44.503], [-73.07179, 44.50298], [-73.07176, 44.50294], [-73.07174, 44.50293], [-73.07144, 44.50283], [-73.07133, 44.50277], [-73.07132, 44.50275], [-73.07129, 44.50268], [-73.07134, 44.50262], [-73.07142, 44.50255], [-73.07144, 44.50254], [-73.0715, 44.50246], [-73.07153, 44.50241], [-73.07158, 44.50236], [-73.0716, 44.50231], [-73.07164, 44.50226], [-73.07166, 44.50221], [-73.07166, 44.5021], [-73.07164, 44.50204], [-73.0716, 44.50199], [-73.0716, 44.50197], [-73.07151, 44.50195], [-73.07135, 44.50185], [-73.07126, 44.50178], [-73.07122, 44.50173], [-73.0712, 44.50164], [-73.0712, 44.50162], [-73.07125, 44.50157], [-73.0713, 44.50155], [-73.07139, 44.50152], [-73.07145, 44.50149], [-73.07146, 44.50144], [-73.07146, 44.50138], [-73.07139, 44.50129], [-73.07135, 44.5012], [-73.07136, 44.50115], [-73.07142, 44.50102], [-73.07144, 44.50101], [-73.07144, 44.50099], [-73.07167, 44.5007], [-73.07168, 44.50068], [-73.07173, 44.50061], [-73.07173, 44.50046], [-73.07171, 44.5004], [-73.07165, 44.50031], [-73.07163, 44.50029], [-73.07162, 44.50024], [-73.07155, 44.50013], [-73.07152, 44.50006], [-73.07152, 44.50001], [-73.0715, 44.49992], [-73.07147, 44.49985], [-73.07131, 44.49953], [-73.07124, 44.49937], [-73.0712, 44.4992], [-73.07119, 44.49919], [-73.0712, 44.49898], [-73.07122, 44.49893], [-73.0713, 44.49882], [-73.0714, 44.49871], [-73.07143, 44.49869], [-73.0715, 44.49858], [-73.07153, 44.4985], [-73.07151, 44.49844], [-73.07145, 44.49838], [-73.07133, 44.49833], [-73.07119, 44.49829], [-73.07105, 44.49823], [-73.071, 44.49817], [-73.07098, 44.49809], [-73.07098, 44.49805], [-73.07112, 44.49786], [-73.07114, 44.49779], [-73.07114, 44.49775], [-73.07112, 44.49766], [-73.07102, 44.49747], [-73.0709, 44.49729], [-73.07083, 44.49715], [-73.0708, 44.49703], [-73.07079, 44.49691], [-73.07082, 44.49664], [-73.07084, 44.49659], [-73.07086, 44.49653], [-73.0709, 44.49643], [-73.07093, 44.49634], [-73.07093, 44.49626], [-73.07082, 44.49617], [-73.07071, 44.4962], [-73.07058, 44.49622], [-73.07048, 44.49624], [-73.07034, 44.49627], [-73.07028, 44.49627], [-73.0702, 44.49629], [-73.07007, 44.49629], [-73.07005, 44.49627], [-73.06964, 44.496], [-73.06944, 44.49584], [-73.06935, 44.49574], [-73.06929, 44.49565], [-73.06921, 44.49557], [-73.06916, 44.49554], [-73.0691, 44.49542], [-73.06899, 44.49527], [-73.06894, 44.49519], [-73.06875, 44.49499], [-73.0686, 44.49487], [-73.06858, 44.49486], [-73.06851, 44.4948], [-73.06842, 44.49476], [-73.06829, 44.49472], [-73.06826, 44.4947], [-73.06819, 44.49467], [-73.06811, 44.49464], [-73.06808, 44.49464], [-73.06803, 44.49461], [-73.06798, 44.4946], [-73.06792, 44.49458], [-73.0679, 44.49457], [-73.06783, 44.49454], [-73.06772, 44.49446], [-73.06766, 44.49441], [-73.0676, 44.49428], [-73.06758, 44.49417], [-73.06748, 44.49398], [-73.0674, 44.49387], [-73.0673, 44.49378], [-73.06721, 44.49373], [-73.0671, 44.49367], [-73.067, 44.49356], [-73.06697, 44.4935], [-73.06696, 44.49329], [-73.06691, 44.4932], [-73.0668, 44.49313], [-73.06672, 44.49306], [-73.0667, 44.49297], [-73.06673, 44.49284], [-73.06675, 44.49277], [-73.06677, 44.49264], [-73.06677, 44.49254], [-73.06674, 44.49247], [-73.06672, 44.49244], [-73.06658, 44.49233], [-73.06643, 44.49224], [-73.06628, 44.49221], [-73.06616, 44.49224], [-73.06609, 44.49222], [-73.06601, 44.49221], [-73.06591, 44.49216], [-73.06589, 44.49212], [-73.06591, 44.49179], [-73.0659, 44.49165], [-73.06589, 44.49157], [-73.06586, 44.49149], [-73.06583, 44.49143], [-73.06577, 44.49135], [-73.06576, 44.49134], [-73.06571, 44.49127], [-73.06564, 44.4912], [-73.06563, 44.49117], [-73.06549, 44.49105], [-73.06543, 44.491], [-73.06533, 44.49098], [-73.0652, 44.49099], [-73.06511, 44.49102], [-73.06501, 44.49107], [-73.06495, 44.49111], [-73.06488, 44.49115], [-73.06471, 44.4912], [-73.06458, 44.49119], [-73.06451, 44.49117], [-73.06444, 44.49113], [-73.06443, 44.4911], [-73.06442, 44.49108], [-73.06443, 44.49097], [-73.06466, 44.49073], [-73.06467, 44.49072], [-73.06469, 44.4907], [-73.06474, 44.49064], [-73.0648, 44.49054], [-73.06484, 44.49045], [-73.06485, 44.49037], [-73.0648, 44.49014], [-73.06476, 44.49], [-73.06475, 44.48992], [-73.06477, 44.48982], [-73.06481, 44.48971], [-73.06486, 44.48962], [-73.06489, 44.48955], [-73.06495, 44.48933], [-73.06495, 44.48925], [-73.06493, 44.48905], [-73.06487, 44.48878], [-73.06481, 44.48867], [-73.06476, 44.48862], [-73.06474, 44.48861], [-73.06464, 44.48861], [-73.06456, 44.48868], [-73.06455, 44.4887], [-73.06438, 44.48881], [-73.06429, 44.48883], [-73.06422, 44.48882], [-73.06411, 44.48876], [-73.06407, 44.48869], [-73.06404, 44.48861], [-73.06405, 44.48856], [-73.06407, 44.48851], [-73.06409, 44.48846], [-73.06416, 44.48839], [-73.06418, 44.48835], [-73.06421, 44.48825], [-73.06424, 44.48819], [-73.06422, 44.48807], [-73.06421, 44.48806], [-73.06419, 44.48799], [-73.06416, 44.48796], [-73.06413, 44.48791], [-73.06411, 44.48788], [-73.06407, 44.48786], [-73.06404, 44.48785], [-73.06374, 44.48783], [-73.06362, 44.48782], [-73.06351, 44.48781], [-73.06343, 44.48778], [-73.06334, 44.48773], [-73.06334, 44.48771], [-73.06334, 44.48763], [-73.06337, 44.48759], [-73.06338, 44.48758], [-73.06342, 44.48739], [-73.06342, 44.48733], [-73.06341, 44.48725], [-73.06333, 44.48702], [-73.06326, 44.48664], [-73.06324, 44.48661], [-73.06329, 44.48655], [-73.06336, 44.48646], [-73.06341, 44.48641], [-73.06356, 44.48621], [-73.06363, 44.48605], [-73.06366, 44.48596], [-73.06372, 44.48574], [-73.06376, 44.48565], [-73.06391, 44.48545], [-73.06426, 44.48506], [-73.06442, 44.48494], [-73.0646, 44.48485], [-73.06463, 44.48484], [-73.06473, 44.48479], [-73.06488, 44.48474], [-73.06499, 44.48468], [-73.06515, 44.48463], [-73.06521, 44.48461], [-73.06533, 44.48455], [-73.06539, 44.48448], [-73.06541, 44.48443], [-73.06543, 44.48435], [-73.0654, 44.4842], [-73.06545, 44.4841], [-73.06548, 44.48405], [-73.06555, 44.48399], [-73.06571, 44.48388], [-73.06575, 44.48384], [-73.06579, 44.48378], [-73.06582, 44.48373], [-73.06583, 44.48366], [-73.06586, 44.48348], [-73.06586, 44.48338], [-73.06583, 44.48328], [-73.06585, 44.48308], [-73.06588, 44.48302], [-73.06604, 44.48289], [-73.06627, 44.48275], [-73.0663, 44.48273], [-73.06634, 44.48271], [-73.06657, 44.4826], [-73.06663, 44.48257], [-73.06669, 44.48254], [-73.06676, 44.4825], [-73.0668, 44.48247], [-73.0669, 44.48238], [-73.06691, 44.48236], [-73.06692, 44.48235], [-73.06702, 44.48219], [-73.06703, 44.48208], [-73.067, 44.482], [-73.0669, 44.4819], [-73.06687, 44.48187], [-73.06687, 44.48178], [-73.06688, 44.48173], [-73.06698, 44.48163], [-73.06699, 44.48157], [-73.06697, 44.48154], [-73.06692, 44.48149], [-73.0669, 44.48148], [-73.06688, 44.48146], [-73.06683, 44.48144], [-73.06668, 44.4814], [-73.06659, 44.48138], [-73.06657, 44.48137], [-73.06654, 44.48136], [-73.06649, 44.48134], [-73.06641, 44.4813], [-73.06639, 44.48127], [-73.06641, 44.48121], [-73.06645, 44.48117], [-73.06647, 44.48116], [-73.06656, 44.4811], [-73.06665, 44.48105], [-73.06675, 44.481], [-73.06677, 44.48099], [-73.06688, 44.48092], [-73.0669, 44.4809], [-73.06692, 44.48089], [-73.06706, 44.48067], [-73.06708, 44.48061], [-73.06708, 44.48054], [-73.067, 44.48034], [-73.06696, 44.4803], [-73.06689, 44.48015], [-73.06684, 44.48005], [-73.06683, 44.48001], [-73.06682, 44.47993], [-73.06682, 44.47991], [-73.06683, 44.47978], [-73.06685, 44.47968], [-73.06688, 44.4796], [-73.06693, 44.47955], [-73.06703, 44.47948], [-73.06706, 44.47946], [-73.06729, 44.4794], [-73.0674, 44.47937], [-73.06763, 44.47931], [-73.0678, 44.47926], [-73.06795, 44.47914], [-73.0685, 44.47892], [-73.06856, 44.4789], [-73.0683, 44.47869], [-73.06779, 44.47838], [-73.06764, 44.47831], [-73.06732, 44.47823], [-73.06713, 44.4782], [-73.06696, 44.47818], [-73.06668, 44.47817], [-73.06652, 44.47819], [-73.06636, 44.47825], [-73.06609, 44.47839], [-73.0658, 44.47851], [-73.0655, 44.47863], [-73.06503, 44.47879], [-73.06462, 44.47891], [-73.06401, 44.47907], [-73.06373, 44.47912], [-73.06346, 44.47915], [-73.06317, 44.47915], [-73.06291, 44.47913], [-73.06247, 44.47904], [-73.06211, 44.47891], [-73.06173, 44.47875], [-73.06144, 44.47858], [-73.0612, 44.4784], [-73.06098, 44.47816], [-73.06075, 44.47787], [-73.06045, 44.47751], [-73.0602, 44.47716], [-73.06002, 44.47688], [-73.05994, 44.47675], [-73.0598, 44.47648], [-73.05962, 44.47613], [-73.05945, 44.47573], [-73.05921, 44.47527], [-73.05909, 44.47508], [-73.05897, 44.4749], [-73.05883, 44.47475], [-73.05866, 44.47457], [-73.0585, 44.47442], [-73.05832, 44.47426], [-73.05815, 44.47412], [-73.05799, 44.47397], [-73.0578, 44.47376], [-73.05766, 44.47359], [-73.05745, 44.47343], [-73.05731, 44.47339], [-73.05719, 44.47336], [-73.05692, 44.47335], [-73.05665, 44.47339], [-73.05642, 44.47346], [-73.05617, 44.47356], [-73.05598, 44.47366], [-73.05557, 44.47392], [-73.05534, 44.4741], [-73.05515, 44.47429], [-73.05494, 44.47451], [-73.05477, 44.47473], [-73.05453, 44.47491], [-73.05421, 44.47507], [-73.05391, 44.47524], [-73.05366, 44.47538], [-73.05328, 44.47554], [-73.05294, 44.47569], [-73.05272, 44.47578], [-73.05246, 44.47588], [-73.05207, 44.47601], [-73.0517, 44.47614], [-73.05134, 44.47623], [-73.05115, 44.47624], [-73.05096, 44.47624], [-73.0508, 44.47622], [-73.05062, 44.4762], [-73.05047, 44.47616], [-73.05034, 44.47611], [-73.05019, 44.47604], [-73.05004, 44.47595], [-73.04992, 44.47587], [-73.04978, 44.47574], [-73.04967, 44.4756], [-73.04956, 44.47544], [-73.04944, 44.47528], [-73.04932, 44.47506], [-73.04927, 44.47488], [-73.04923, 44.47465], [-73.04922, 44.47446], [-73.04923, 44.47425], [-73.04925, 44.47388], [-73.04926, 44.47378], [-73.04931, 44.47348], [-73.04935, 44.47329], [-73.0494, 44.473], [-73.04941, 44.4728], [-73.04942, 44.47266], [-73.04942, 44.4725], [-73.04943, 44.47234], [-73.04941, 44.4722], [-73.04936, 44.47209], [-73.04927, 44.47198], [-73.04908, 44.47177], [-73.049, 44.47168], [-73.04883, 44.47154], [-73.0487, 44.47145], [-73.04853, 44.47133], [-73.04826, 44.47119], [-73.04813, 44.47112], [-73.04795, 44.47104], [-73.04778, 44.47098], [-73.04755, 44.47092], [-73.04729, 44.47087], [-73.04701, 44.47082], [-73.04671, 44.47078], [-73.04649, 44.47076], [-73.04626, 44.47075], [-73.04605, 44.47076], [-73.04587, 44.47077], [-73.04568, 44.47078], [-73.04552, 44.4708], [-73.04517, 44.47086], [-73.04481, 44.47092], [-73.04443, 44.47097], [-73.04425, 44.47099], [-73.04406, 44.47103], [-73.04392, 44.47106], [-73.04384, 44.47107], [-73.04368, 44.47112], [-73.04349, 44.47118], [-73.04342, 44.4712], [-73.04332, 44.47124], [-73.04315, 44.47129], [-73.04297, 44.47134], [-73.04276, 44.47137], [-73.04256, 44.47141], [-73.04208, 44.47147], [-73.04173, 44.4715], [-73.04138, 44.47153], [-73.04093, 44.47154], [-73.04046, 44.47155], [-73.04005, 44.47153], [-73.03964, 44.4715], [-73.03917, 44.47146], [-73.03859, 44.47142], [-73.03829, 44.47138], [-73.03799, 44.47135], [-73.03772, 44.47131], [-73.03747, 44.47127], [-73.03722, 44.47122], [-73.03693, 44.47115], [-73.03664, 44.47106], [-73.03642, 44.471], [-73.03624, 44.47093], [-73.03605, 44.47087], [-73.0357, 44.47074], [-73.03553, 44.47065], [-73.03536, 44.47056], [-73.03522, 44.47048], [-73.03505, 44.47038], [-73.03491, 44.47029], [-73.03474, 44.47019], [-73.03456, 44.47007], [-73.03439, 44.46995], [-73.03424, 44.46984], [-73.03407, 44.46972], [-73.03392, 44.46961], [-73.03376, 44.46949], [-73.03363, 44.46937], [-73.03348, 44.46927], [-73.03329, 44.46913], [-73.03314, 44.46901], [-73.0329, 44.46884], [-73.0327, 44.46871], [-73.03253, 44.46861], [-73.03245, 44.46857], [-73.03235, 44.46853], [-73.03212, 44.46843], [-73.03195, 44.46836], [-73.0317, 44.46873], [-73.03161, 44.46884], [-73.03111, 44.46953], [-73.03037, 44.47053], [-73.03011, 44.47089], [-73.02918, 44.47214], [-73.02934, 44.47226], [-73.02865, 44.47319], [-73.02849, 44.47307], [-73.02746, 44.47444], [-73.02452, 44.47838], [-73.02441, 44.47853], [-73.02401, 44.47906], [-73.0239, 44.47921], [-73.02311, 44.48027], [-73.02268, 44.48085], [-73.02266, 44.48088], [-73.02142, 44.48254], [-73.02102, 44.48307], [-73.02096, 44.48315], [-73.01963, 44.48495], [-73.01744, 44.48791], [-73.01696, 44.48857], [-73.01668, 44.48894], [-73.0156, 44.49041], [-73.01511, 44.49106], [-73.01162, 44.49578], [-73.00944, 44.49875], [-73.00939, 44.49882], [-73.00905, 44.49929], [-73.00654, 44.50274], [-73.00609, 44.50339], [-73.00224, 44.50864], [-73.00217, 44.50874], [-73.0019, 44.5091], [-73.0018, 44.50924], [-72.99975, 44.51195], [-72.99859, 44.51347], [-72.99793, 44.51434], [-72.99515, 44.518], [-72.99511, 44.51804], [-72.99506, 44.51811], [-72.99499, 44.5182], [-72.9945, 44.51887], [-72.99295, 44.52097], [-72.99063, 44.52411], [-72.98807, 44.52757], [-72.98784, 44.52788], [-72.98681, 44.52928], [-72.98625, 44.53004], [-72.98573, 44.53074], [-72.98563, 44.53087], [-72.98545, 44.53113], [-72.98544, 44.53115], [-72.9844, 44.53256], [-72.9831, 44.53431], [-72.98143, 44.53658], [-72.98111, 44.53702], [-72.98051, 44.53783], [-72.98008, 44.53842], [-72.97962, 44.53905], [-72.97912, 44.53974], [-72.97546, 44.54456], [-72.9738, 44.54671], [-72.9721, 44.5493], [-72.97193, 44.54954], [-72.97189, 44.5496], [-72.97151, 44.5501], [-72.97137, 44.55029], [-72.97132, 44.55036], [-72.97137, 44.5504], [-72.97663, 44.55129], [-72.98168, 44.55206], [-72.98612, 44.55271], [-72.9862, 44.55272], [-72.98742, 44.55292], [-72.98986, 44.55329], [-72.99425, 44.55395], [-72.99632, 44.55427], [-72.9989, 44.55466], [-73.0003, 44.55487], [-73.00406, 44.55544], [-73.00422, 44.55546], [-73.01015, 44.55632], [-73.01359, 44.55688], [-73.0192, 44.5578], [-73.02189, 44.55824], [-73.02255, 44.55834], [-73.02869, 44.55935], [-73.0288, 44.55936], [-73.02888, 44.55937], [-73.02965, 44.5595], [-73.03137, 44.55977], [-73.04094, 44.56134], [-73.0415, 44.56143], [-73.04164, 44.56145], [-73.04177, 44.56147], [-73.04542, 44.56207], [-73.04764, 44.56244], [-73.04922, 44.56269], [-73.05276, 44.56327], [-73.05454, 44.56356], [-73.05464, 44.56358], [-73.05464, 44.56347], [-73.05462, 44.56272], [-73.05461, 44.56171], [-73.0546, 44.55904], [-73.05459, 44.55789], [-73.05452, 44.55673], [-73.05447, 44.55572], [-73.05443, 44.55393], [-73.05444, 44.55342], [-73.05448, 44.55321], [-73.05462, 44.55271], [-73.05468, 44.55252], [-73.05519, 44.55093], [-73.05545, 44.54987], [-73.05558, 44.54924], [-73.05573, 44.54831], [-73.05586, 44.54723], [-73.05589, 44.54709], [-73.05618, 44.54501], [-73.05632, 44.54373], [-73.05642, 44.54245], [-73.05644, 44.54202], [-73.05648, 44.5416], [-73.0566, 44.54118], [-73.05679, 44.54078], [-73.05704, 44.54043], [-73.05782, 44.53938], [-73.05865, 44.53837], [-73.05921, 44.53771], [-73.05947, 44.53736], [-73.05967, 44.53697], [-73.05995, 44.53614], [-73.06018, 44.53485], [-73.06026, 44.53443], [-73.06064, 44.53317], [-73.06102, 44.53191], [-73.06155, 44.53023], [-73.06164, 44.53], [-73.06194, 44.52913], [-73.06232, 44.52787], [-73.06271, 44.52662], [-73.06292, 44.52592], [-73.06297, 44.52576], [-73.06321, 44.52495], [-73.06361, 44.52371], [-73.06453, 44.52079], [-73.06493, 44.51962], [-73.06497, 44.51948], [-73.06514, 44.519], [-73.0656, 44.51777], [-73.0657, 44.51755], [-73.0658, 44.51731], [-73.06585, 44.51725], [-73.06595, 44.51714], [-73.06611, 44.51702], [-73.06452, 44.51558], [-73.06423, 44.51534], [-73.06395, 44.51512], [-73.06366, 44.5149], [-73.06336, 44.51469], [-73.06277, 44.51428], [-73.06214, 44.51385], [-73.06194, 44.51371], [-73.06172, 44.51356], [-73.06053, 44.51274], [-73.05992, 44.51231], [-73.0596, 44.51208], [-73.05941, 44.51186], [-73.05905, 44.51164], [-73.05841, 44.51115], [-73.05757, 44.51053], [-73.05771, 44.5104], [-73.05787, 44.51028], [-73.05814, 44.51013], [-73.05817, 44.51012], [-73.05823, 44.51008], [-73.05835, 44.51], [-73.05852, 44.50986], [-73.05858, 44.50983], [-73.05862, 44.50979], [-73.05869, 44.50974], [-73.05871, 44.50973], [-73.05872, 44.50971], [-73.05887, 44.50956], [-73.05892, 44.50947], [-73.05894, 44.50941], [-73.05892, 44.50936], [-73.05895, 44.50935], [-73.05898, 44.50933], [-73.05903, 44.50931], [-73.05907, 44.5093], [-73.05912, 44.50928], [-73.05935, 44.50924], [-73.05945, 44.50924], [-73.05957, 44.50926], [-73.0596, 44.50928], [-73.05962, 44.50929], [-73.05964, 44.5093], [-73.0597, 44.50935], [-73.05976, 44.50943], [-73.05981, 44.50951], [-73.05986, 44.50957], [-73.05996, 44.50968], [-73.06002, 44.5097], [-73.06008, 44.50972], [-73.0602, 44.50972], [-73.06034, 44.5097], [-73.06044, 44.50965], [-73.0605, 44.5096], [-73.06051, 44.50958], [-73.06054, 44.50956], [-73.0607, 44.50937], [-73.06085, 44.50926], [-73.06092, 44.50922], [-73.06105, 44.50918], [-73.06114, 44.50914], [-73.0614, 44.50908], [-73.06146, 44.50906], [-73.0616, 44.50903], [-73.06179, 44.509], [-73.06181, 44.50899], [-73.06196, 44.50897], [-73.06198, 44.50896], [-73.06216, 44.50893], [-73.06219, 44.50893], [-73.06243, 44.50891], [-73.06266, 44.50889], [-73.06277, 44.50888], [-73.06284, 44.50886], [-73.06295, 44.5088], [-73.06305, 44.50874], [-73.06316, 44.50866], [-73.06318, 44.50863], [-73.06328, 44.50855], [-73.06329, 44.50854], [-73.06356, 44.50832], [-73.06366, 44.50826], [-73.06371, 44.50824], [-73.06373, 44.50822], [-73.06398, 44.50813], [-73.06412, 44.5081], [-73.06423, 44.50808], [-73.06433, 44.50807], [-73.06439, 44.50807], [-73.06459, 44.50805], [-73.06466, 44.50804], [-73.06473, 44.50801], [-73.06478, 44.50797], [-73.06484, 44.50793], [-73.06486, 44.50791], [-73.06488, 44.5079], [-73.06489, 44.50788], [-73.06493, 44.50781], [-73.06497, 44.50768], [-73.06502, 44.50757], [-73.06511, 44.50749], [-73.06526, 44.50739], [-73.06528, 44.50738], [-73.0653, 44.50737], [-73.06532, 44.50736], [-73.06544, 44.50732], [-73.06557, 44.50729], [-73.06574, 44.50725], [-73.06579, 44.50724], [-73.06608, 44.50718], [-73.06627, 44.50716], [-73.06653, 44.50714], [-73.06696, 44.50714], [-73.06704, 44.50712], [-73.06707, 44.5071], [-73.06707, 44.507], [-73.06706, 44.50698], [-73.06702, 44.50686], [-73.06701, 44.50684], [-73.06698, 44.50674], [-73.06697, 44.50669], [-73.06699, 44.50664], [-73.06704, 44.50659], [-73.06714, 44.50653], [-73.06717, 44.50652], [-73.06725, 44.50648], [-73.06737, 44.50645], [-73.06747, 44.50644], [-73.06767, 44.50644], [-73.06785, 44.50648], [-73.06792, 44.50649], [-73.06813, 44.50657], [-73.06822, 44.50658], [-73.06836, 44.50655], [-73.06847, 44.50649], [-73.0685, 44.50645], [-73.06853, 44.50644], [-73.06855, 44.5064], [-73.06857, 44.50622], [-73.06855, 44.50614], [-73.06856, 44.50607], [-73.06865, 44.50598], [-73.06868, 44.50596], [-73.06874, 44.50594], [-73.0689, 44.5059], [-73.06905, 44.50588], [-73.06939, 44.50583], [-73.06942, 44.50582], [-73.06956, 44.50579], [-73.06966, 44.50578], [-73.06995, 44.5057], [-73.06997, 44.5057], [-73.07, 44.50568], [-73.07007, 44.50566], [-73.0701, 44.50566], [-73.07021, 44.5056], [-73.07032, 44.50552], [-73.07039, 44.50546], [-73.07044, 44.50533], [-73.07043, 44.50497], [-73.07042, 44.50495], [-73.07043, 44.50474], [-73.07045, 44.50468], [-73.0706, 44.50447], [-73.07077, 44.50428], [-73.071, 44.5041], [-73.0711, 44.50405], [-73.07122, 44.50395], [-73.07129, 44.50391], [-73.0713, 44.50389], [-73.07131, 44.50381], [-73.07125, 44.50372], [-73.07112, 44.50359], [-73.07107, 44.50356], [-73.07097, 44.50349], [-73.07092, 44.50347], [-73.07083, 44.5034], [-73.07077, 44.50335], [-73.07074, 44.50331], [-73.07073, 44.50323], [-73.07075, 44.50319], [-73.07078, 44.50317], [-73.07089, 44.50312], [-73.07118, 44.50309], [-73.07158, 44.50307], [-73.0716, 44.50306], [-73.07164, 44.50307], [-73.07168, 44.50306], [-73.07177, 44.50303], [-73.07179, 44.503]]]}}, {"type": "Feature", "properties": {"tract_id": "50007000100", "name": "Census Tract 1", "income_2020": 95027, "poverty_rate_2020": 9.4, "population_2020": 4508}, "geometry": {"type": "Polygon", "coordinates": [[[-73.2742, 44.53743], [-73.27423, 44.53712], [-73.27417, 44.53682], [-73.27402, 44.53647], [-73.27375, 44.53602], [-73.27356, 44.5358], [-73.27343, 44.53565], [-73.2731, 44.53528], [-73.27235, 44.53462], [-73.27122, 44.53374], [-73.27048, 44.53313], [-73.27029, 44.53281], [-73.27017, 44.53247], [-73.27017, 44.53233], [-73.27017, 44.53219], [-73.27024, 44.5319], [-73.27042, 44.53157], [-73.2707, 44.53133], [-73.27112, 44.53115], [-73.27171, 44.53101], [-73.27247, 44.53086], [-73.27271, 44.5308], [-73.27314, 44.53069], [-73.27298, 44.53034], [-73.27278, 44.5304], [-73.27275, 44.5303], [-73.27274, 44.53024], [-73.27229, 44.52969], [-73.2722, 44.52943], [-73.27217, 44.52928], [-73.2721, 44.52916], [-73.27203, 44.52904], [-73.27192, 44.52894], [-73.2718, 44.52883], [-73.27171, 44.52873], [-73.27138, 44.52824], [-73.27131, 44.52811], [-73.27125, 44.52798], [-73.27122, 44.52791], [-73.27122, 44.52786], [-73.27123, 44.52778], [-73.27125, 44.52773], [-73.27135, 44.52761], [-73.27139, 44.52752], [-73.27139, 44.52743], [-73.27137, 44.52734], [-73.27131, 44.52724], [-73.27124, 44.52709], [-73.27116, 44.5269], [-73.27107, 44.52674], [-73.27097, 44.5266], [-73.27084, 44.52664], [-73.27077, 44.52667], [-73.2707, 44.5267], [-73.27056, 44.52676], [-73.27029, 44.52688], [-73.2701, 44.52698], [-73.26998, 44.52705], [-73.26986, 44.52713], [-73.26936, 44.5275], [-73.26916, 44.52767], [-73.26906, 44.52774], [-73.26894, 44.52782], [-73.26888, 44.52785], [-73.26881, 44.52787], [-73.26875, 44.52788], [-73.26866, 44.52788], [-73.26852, 44.52785], [-73.26839, 44.52779], [-73.2683, 44.52769], [-73.26825, 44.52755], [-73.26809, 44.52708], [-73.26796, 44.52674], [-73.26787, 44.52654], [-73.2678, 44.52641], [-73.26742, 44.52578], [-73.26734, 44.52566], [-73.26704, 44.52517], [-73.26631, 44.52407], [-73.2657, 44.52317], [-73.26531, 44.52258], [-73.26528, 44.52254], [-73.26519, 44.52239], [-73.26508, 44.52223], [-73.26483, 44.52184], [-73.26474, 44.52172], [-73.26465, 44.5216], [-73.26455, 44.5215], [-73.2645, 44.52145], [-73.26432, 44.52131], [-73.26369, 44.52084], [-73.26336, 44.5206], [-73.26278, 44.52017], [-73.26262, 44.52005], [-73.26236, 44.51987], [-73.26185, 44.51949], [-73.26169, 44.51937], [-73.26138, 44.51915], [-73.26132, 44.51912], [-73.2609, 44.51879], [-73.26049, 44.51849], [-73.26039, 44.51841], [-73.26007, 44.51818], [-73.25991, 44.51806], [-73.25868, 44.51715], [-73.25828, 44.51687], [-73.25759, 44.51635], [-73.25728, 44.51611], [-73.25689, 44.51586], [-73.25667, 44.5157], [-73.25651, 44.51557], [-73.25641, 44.51549], [-73.25613, 44.51527], [-73.25554, 44.51483], [-73.25515, 44.51454], [-73.2549, 44.51437], [-73.25417, 44.51381], [-73.25411, 44.51377], [-73.25346, 44.51325], [-73.25309, 44.51301], [-73.25231, 44.51245], [-73.25135, 44.51173], [-73.2505, 44.51109], [-73.24993, 44.51068], [-73.24975, 44.51053], [-73.24925, 44.51016], [-73.24907, 44.51004], [-73.24871, 44.50979], [-73.24831, 44.5095], [-73.24814, 44.50936], [-73.24696, 44.50849], [-73.24669, 44.5083], [-73.24557, 44.50747], [-73.24455, 44.50672], [-73.24422, 44.50647], [-73.24385, 44.50619], [-73.24351, 44.50593], [-73.24321, 44.5057], [-73.24311, 44.50563], [-73.24206, 44.50487], [-73.24196, 44.5048], [-73.2417, 44.50461], [-73.24078, 44.50392], [-73.24059, 44.5038], [-73.24044, 44.50368], [-73.23997, 44.50335], [-73.23905, 44.50265], [-73.23836, 44.50214], [-73.23743, 44.50148], [-73.23688, 44.50105], [-73.23678, 44.50111], [-73.23667, 44.50118], [-73.23643, 44.5013], [-73.23586, 44.50155], [-73.23537, 44.50166], [-73.23511, 44.50171], [-73.23436, 44.5018], [-73.23424, 44.50182], [-73.23355, 44.50191], [-73.23268, 44.50202], [-73.23234, 44.50206], [-73.23181, 44.50213], [-73.23088, 44.50225], [-73.23071, 44.50227], [-73.23076, 44.5025], [-73.23082, 44.50271], [-73.2309, 44.50305], [-73.231, 44.50339], [-73.23105, 44.50353], [-73.2311, 44.50365], [-73.23116, 44.50377], [-73.23123, 44.50389], [-73.23132, 44.50401], [-73.23141, 44.50412], [-73.23157, 44.50427], [-73.23167, 44.50437], [-73.23184, 44.50451], [-73.23199, 44.50462], [-73.23329, 44.50557], [-73.23341, 44.50566], [-73.23357, 44.50582], [-73.23373, 44.50599], [-73.23382, 44.50611], [-73.2339, 44.50627], [-73.23399, 44.50647], [-73.23406, 44.50663], [-73.23415, 44.50688], [-73.23416, 44.50717], [-73.23415, 44.50732], [-73.23412, 44.50746], [-73.23409, 44.5076], [-73.23404, 44.50774], [-73.23392, 44.50801], [-73.23364, 44.50853], [-73.23357, 44.50868], [-73.23351, 44.50879], [-73.23349, 44.50885], [-73.23346, 44.50892], [-73.23341, 44.50905], [-73.23336, 44.50926], [-73.23335, 44.50931], [-73.23334, 44.50941], [-73.23333, 44.50955], [-73.23334, 44.5097], [-73.23335, 44.50984], [-73.23338, 44.50998], [-73.23342, 44.51012], [-73.23346, 44.51026], [-73.2337, 44.51078], [-73.23395, 44.51132], [-73.23407, 44.51157], [-73.23452, 44.51258], [-73.23493, 44.51344], [-73.23507, 44.51369], [-73.23515, 44.51382], [-73.23524, 44.51393], [-73.23533, 44.51404], [-73.23547, 44.5142], [-73.23564, 44.51434], [-73.23582, 44.51448], [-73.23601, 44.51461], [-73.23622, 44.51473], [-73.23659, 44.51491], [-73.23808, 44.51557], [-73.23863, 44.51582], [-73.23901, 44.51601], [-73.23924, 44.51613], [-73.2396, 44.51633], [-73.23988, 44.51651], [-73.24016, 44.51669], [-73.24042, 44.51687], [-73.24079, 44.51716], [-73.24132, 44.51758], [-73.24133, 44.5176], [-73.24138, 44.51765], [-73.24204, 44.51819], [-73.24263, 44.51867], [-73.24332, 44.51924], [-73.24388, 44.51971], [-73.24451, 44.52022], [-73.24474, 44.52039], [-73.24498, 44.52056], [-73.24511, 44.52064], [-73.24549, 44.52085], [-73.24588, 44.52105], [-73.24615, 44.52117], [-73.2465, 44.52131], [-73.24679, 44.52141], [-73.24709, 44.5215], [-73.24745, 44.5216], [-73.24782, 44.52169], [-73.2482, 44.52176], [-73.2485, 44.5218], [-73.2488, 44.52184], [-73.24917, 44.52187], [-73.2494, 44.52188], [-73.24978, 44.52189], [-73.25004, 44.52189], [-73.25008, 44.52189], [-73.25039, 44.52188], [-73.25077, 44.52185], [-73.25106, 44.52183], [-73.25178, 44.52176], [-73.25209, 44.52174], [-73.25248, 44.52174], [-73.25272, 44.52174], [-73.25295, 44.52176], [-73.25317, 44.5218], [-73.2534, 44.52184], [-73.25362, 44.52191], [-73.25391, 44.52201], [-73.25406, 44.52208], [-73.25417, 44.52214], [-73.2544, 44.52226], [-73.25451, 44.52233], [-73.25463, 44.52241], [-73.25489, 44.52264], [-73.25509, 44.52284], [-73.25529, 44.52316], [-73.25537, 44.52334], [-73.2554, 44.5235], [-73.25544, 44.52383], [-73.25546, 44.52423], [-73.25547, 44.52435], [-73.25548, 44.52465], [-73.25548, 44.52473], [-73.25548, 44.5248], [-73.25571, 44.52478], [-73.25614, 44.52466], [-73.25659, 44.5244], [-73.25685, 44.52415], [-73.25723, 44.52379], [-73.25749, 44.52364], [-73.2581, 44.52344], [-73.25892, 44.5233], [-73.25914, 44.52326], [-73.26025, 44.52317], [-73.26101, 44.52321], [-73.26164, 44.5233], [-73.26209, 44.5234], [-73.26283, 44.52363], [-73.26365, 44.52399], [-73.26479, 44.52463], [-73.26493, 44.52473], [-73.26512, 44.52483], [-73.26534, 44.52501], [-73.26554, 44.52515], [-73.26632, 44.52589], [-73.26677, 44.52663], [-73.2671, 44.52741], [-73.26715, 44.52807], [-73.26702, 44.52863], [-73.26681, 44.52916], [-73.26647, 44.52972], [-73.2658, 44.5307], [-73.26537, 44.53134], [-73.26497, 44.53205], [-73.26469, 44.53259], [-73.26452, 44.53301], [-73.26448, 44.53337], [-73.26456, 44.53366], [-73.26464, 44.53381], [-73.26474, 44.534], [-73.26489, 44.53433], [-73.2649, 44.53467], [-73.26485, 44.53499], [-73.26478, 44.53531], [-73.26459, 44.53576], [-73.26432, 44.5362], [-73.26418, 44.53648], [-73.26411, 44.53677], [-73.26408, 44.53708], [-73.26415, 44.53746], [-73.26434, 44.5378], [-73.26459, 44.53817], [-73.26481, 44.53846], [-73.26492, 44.53872], [-73.26511, 44.53906], [-73.26531, 44.5393], [-73.26539, 44.53936], [-73.26564, 44.53956], [-73.26604, 44.53972], [-73.26638, 44.53977], [-73.26664, 44.53981], [-73.26711, 44.53986], [-73.26792, 44.53988], [-73.26862, 44.53987], [-73.26935, 44.53983], [-73.27006, 44.53978], [-73.27091, 44.53968], [-73.2713, 44.5396], [-73.27162, 44.53953], [-73.27219, 44.53934], [-73.27276, 44.53909], [-73.27312, 44.53886], [-73.27353, 44.53851], [-73.27382, 44.53816], [-73.27408, 44.53774], [-73.2742, 44.53743]]]}}, {"type": "Feature", "properties": {"tract_id": "50007003301", "name": "Census Tract 33.01", "income_2020": 154182, "poverty_rate_2020": 1.6, "population_2020": 4610}, "geometry": {"type": "Polygon", "coordinates": [[[-73.19668, 44.41719], [-73.19677, 44.41668], [-73.19659, 44.41663], [-73.193, 44.41566], [-73.19169, 44.4153], [-73.18538, 44.41359], [-73.18103, 44.41241], [-73.17678, 44.41125], [-73.17308, 44.41023], [-73.17258, 44.41011], [-73.17021, 44.40947], [-73.16752, 44.40874], [-73.16713, 44.40863], [-73.16651, 44.40846], [-73.15461, 44.40522], [-73.15456, 44.40531], [-73.15455, 44.40534], [-73.1545, 44.40538], [-73.15445, 44.40541], [-73.15443, 44.40545], [-73.15442, 44.40551], [-73.15442, 44.40557], [-73.15445, 44.40562], [-73.15446, 44.4057], [-73.15447, 44.40575], [-73.15448, 44.4058], [-73.15449, 44.40584], [-73.1545, 44.40587], [-73.15451, 44.40591], [-73.15449, 44.40593], [-73.15448, 44.40598], [-73.15453, 44.40602], [-73.15458, 44.40605], [-73.1546, 44.4061], [-73.15461, 44.40614], [-73.15461, 44.40617], [-73.15462, 44.40622], [-73.15465, 44.40627], [-73.1547, 44.40631], [-73.15473, 44.40634], [-73.15476, 44.40638], [-73.15473, 44.40642], [-73.1547, 44.40646], [-73.15467, 44.40651], [-73.15464, 44.40656], [-73.15459, 44.40662], [-73.15456, 44.4067], [-73.15452, 44.40676], [-73.15447, 44.40679], [-73.1544, 44.40681], [-73.15436, 44.40681], [-73.15431, 44.40686], [-73.15428, 44.40688], [-73.15422, 44.40693], [-73.1542, 44.40694], [-73.15413, 44.40699], [-73.15405, 44.40709], [-73.15396, 44.40717], [-73.15391, 44.40722], [-73.15385, 44.40723], [-73.15378, 44.40724], [-73.15372, 44.40726], [-73.15367, 44.40732], [-73.15362, 44.40739], [-73.15356, 44.40749], [-73.15352, 44.40758], [-73.1535, 44.40767], [-73.15347, 44.40776], [-73.15344, 44.40782], [-73.15341, 44.40788], [-73.15337, 44.40795], [-73.15333, 44.40801], [-73.1533, 44.40806], [-73.15327, 44.40814], [-73.15324, 44.4082], [-73.1532, 44.40828], [-73.15318, 44.40835], [-73.15315, 44.40843], [-73.15313, 44.40851], [-73.15311, 44.40857], [-73.1531, 44.40863], [-73.15309, 44.40871], [-73.15307, 44.40877], [-73.15304, 44.40882], [-73.15301, 44.40887], [-73.15296, 44.40893], [-73.15292, 44.40897], [-73.15286, 44.40901], [-73.15274, 44.40906], [-73.15268, 44.40909], [-73.15265, 44.4091], [-73.15256, 44.40914], [-73.15249, 44.40916], [-73.15242, 44.40919], [-73.15239, 44.40922], [-73.15235, 44.40925], [-73.15232, 44.40929], [-73.1523, 44.40934], [-73.15229, 44.40938], [-73.1523, 44.40943], [-73.1523, 44.40947], [-73.15233, 44.40952], [-73.15235, 44.40955], [-73.15236, 44.4096], [-73.15236, 44.40963], [-73.15236, 44.40968], [-73.15232, 44.40971], [-73.1523, 44.40975], [-73.15228, 44.40977], [-73.15226, 44.4098], [-73.15227, 44.40983], [-73.15228, 44.40987], [-73.15229, 44.40991], [-73.15231, 44.40996], [-73.15231, 44.41001], [-73.15228, 44.41004], [-73.15224, 44.41006], [-73.15218, 44.41008], [-73.15213, 44.4101], [-73.15208, 44.41011], [-73.15202, 44.41013], [-73.15199, 44.41015], [-73.15196, 44.41018], [-73.15191, 44.4102], [-73.15188, 44.41022], [-73.15183, 44.41023], [-73.15178, 44.41023], [-73.15173, 44.41024], [-73.15169, 44.41026], [-73.15165, 44.4103], [-73.15162, 44.41033], [-73.15159, 44.41036], [-73.15155, 44.41039], [-73.15154, 44.41043], [-73.15153, 44.41048], [-73.15154, 44.41052], [-73.15156, 44.41056], [-73.15158, 44.41059], [-73.15161, 44.41062], [-73.15165, 44.41065], [-73.15167, 44.41069], [-73.15163, 44.41073], [-73.15156, 44.41076], [-73.15146, 44.41078], [-73.15139, 44.41077], [-73.15135, 44.41075], [-73.15128, 44.41073], [-73.15123, 44.41071], [-73.15115, 44.41067], [-73.15111, 44.41066], [-73.15104, 44.41065], [-73.15099, 44.41066], [-73.15098, 44.41069], [-73.15095, 44.41073], [-73.15094, 44.41077], [-73.15092, 44.41082], [-73.15092, 44.41085], [-73.15091, 44.4109], [-73.15088, 44.41093], [-73.15085, 44.41098], [-73.15079, 44.41102], [-73.15074, 44.41107], [-73.15067, 44.41112], [-73.15061, 44.41117], [-73.15058, 44.4112], [-73.15052, 44.41123], [-73.15046, 44.41126], [-73.1504, 44.41127], [-73.15035, 44.41128], [-73.15028, 44.41129], [-73.15022, 44.41129], [-73.15017, 44.41131], [-73.15011, 44.41133], [-73.15005, 44.41135], [-73.15, 44.41139], [-73.14996, 44.41143], [-73.14992, 44.41149], [-73.14987, 44.41154], [-73.14979, 44.41159], [-73.14973, 44.41164], [-73.14966, 44.41167], [-73.14959, 44.41171], [-73.14954, 44.41174], [-73.14947, 44.41175], [-73.14938, 44.41174], [-73.14932, 44.41173], [-73.14924, 44.41172], [-73.14919, 44.41172], [-73.14914, 44.41171], [-73.14908, 44.4117], [-73.14901, 44.41169], [-73.14893, 44.41168], [-73.14884, 44.41167], [-73.14876, 44.41166], [-73.1487, 44.41164], [-73.14863, 44.41165], [-73.14858, 44.41164], [-73.14853, 44.41164], [-73.14849, 44.41166], [-73.14847, 44.41169], [-73.14843, 44.41172], [-73.14839, 44.41176], [-73.14839, 44.41177], [-73.14837, 44.41178], [-73.14835, 44.41179], [-73.14833, 44.41182], [-73.14833, 44.41189], [-73.14831, 44.41195], [-73.1483, 44.41199], [-73.14827, 44.41204], [-73.14825, 44.41208], [-73.14824, 44.41213], [-73.14823, 44.41217], [-73.14822, 44.41223], [-73.14821, 44.41227], [-73.1482, 44.4123], [-73.14817, 44.41234], [-73.14813, 44.41236], [-73.14806, 44.41238], [-73.14799, 44.41239], [-73.1479, 44.41239], [-73.14782, 44.41239], [-73.14776, 44.41238], [-73.1477, 44.41237], [-73.14765, 44.41236], [-73.14759, 44.41233], [-73.14753, 44.41229], [-73.1475, 44.41226], [-73.14746, 44.41223], [-73.1474, 44.41222], [-73.14736, 44.41221], [-73.1473, 44.41221], [-73.14724, 44.41219], [-73.14716, 44.41217], [-73.14708, 44.41216], [-73.14702, 44.41215], [-73.14697, 44.41215], [-73.14689, 44.41216], [-73.14684, 44.41217], [-73.14677, 44.41216], [-73.14673, 44.41215], [-73.14667, 44.41212], [-73.14662, 44.4121], [-73.14657, 44.41208], [-73.14649, 44.41207], [-73.14642, 44.41206], [-73.14633, 44.41205], [-73.14623, 44.41203], [-73.14614, 44.41201], [-73.14607, 44.41198], [-73.14603, 44.41195], [-73.14603, 44.41192], [-73.14603, 44.41189], [-73.14602, 44.41185], [-73.14602, 44.41181], [-73.14599, 44.41175], [-73.14595, 44.4117], [-73.14591, 44.41162], [-73.14586, 44.41154], [-73.14581, 44.41148], [-73.14574, 44.41142], [-73.1457, 44.41133], [-73.14564, 44.41128], [-73.14559, 44.41127], [-73.1455, 44.41125], [-73.14543, 44.41125], [-73.14536, 44.41129], [-73.14528, 44.41135], [-73.14523, 44.41138], [-73.14519, 44.41144], [-73.14513, 44.4115], [-73.14509, 44.41155], [-73.14504, 44.4116], [-73.1449, 44.41175], [-73.14488, 44.41178], [-73.14481, 44.41184], [-73.14477, 44.41189], [-73.1447, 44.41195], [-73.14461, 44.41202], [-73.14456, 44.41209], [-73.14455, 44.41218], [-73.14458, 44.41224], [-73.14463, 44.41229], [-73.14466, 44.41237], [-73.14467, 44.41245], [-73.14464, 44.41254], [-73.14466, 44.41261], [-73.14469, 44.4127], [-73.14471, 44.4128], [-73.1447, 44.41291], [-73.14471, 44.413], [-73.14471, 44.41309], [-73.14473, 44.41321], [-73.14474, 44.41331], [-73.14475, 44.41343], [-73.1448, 44.41355], [-73.14481, 44.41362], [-73.14484, 44.41368], [-73.14489, 44.41375], [-73.14495, 44.41382], [-73.14502, 44.4139], [-73.14508, 44.41397], [-73.14514, 44.41407], [-73.14516, 44.41416], [-73.14516, 44.41426], [-73.14521, 44.41434], [-73.14525, 44.41442], [-73.14527, 44.41447], [-73.14529, 44.41455], [-73.14529, 44.41462], [-73.14528, 44.41472], [-73.14527, 44.41479], [-73.14526, 44.41487], [-73.14525, 44.41497], [-73.14529, 44.41503], [-73.1453, 44.41508], [-73.14529, 44.41512], [-73.14525, 44.41516], [-73.14522, 44.4152], [-73.14519, 44.41522], [-73.14523, 44.41542], [-73.14523, 44.41551], [-73.14521, 44.41563], [-73.14518, 44.41567], [-73.14519, 44.41569], [-73.14518, 44.41577], [-73.14517, 44.41581], [-73.14521, 44.41586], [-73.14522, 44.41592], [-73.14522, 44.41598], [-73.14519, 44.41603], [-73.14514, 44.41604], [-73.14509, 44.41603], [-73.14508, 44.416], [-73.14508, 44.41596], [-73.14508, 44.41592], [-73.14504, 44.41592], [-73.14498, 44.41592], [-73.14492, 44.41594], [-73.14487, 44.41595], [-73.14482, 44.41594], [-73.14477, 44.41594], [-73.14472, 44.41594], [-73.14467, 44.41595], [-73.14464, 44.41596], [-73.14465, 44.41601], [-73.14466, 44.41607], [-73.14468, 44.41611], [-73.14472, 44.41616], [-73.14478, 44.41617], [-73.14483, 44.41618], [-73.14487, 44.41616], [-73.14495, 44.41616], [-73.14498, 44.4162], [-73.14497, 44.41623], [-73.14494, 44.41626], [-73.14494, 44.4163], [-73.14497, 44.41632], [-73.14501, 44.41636], [-73.14512, 44.41633], [-73.14518, 44.41635], [-73.14519, 44.41639], [-73.1452, 44.41644], [-73.14517, 44.41647], [-73.14513, 44.4165], [-73.14511, 44.41653], [-73.14509, 44.41663], [-73.14504, 44.41673], [-73.14501, 44.41677], [-73.14498, 44.41682], [-73.14496, 44.41683], [-73.14491, 44.41688], [-73.14486, 44.41692], [-73.14484, 44.41696], [-73.14485, 44.41701], [-73.14489, 44.41707], [-73.14494, 44.41712], [-73.14498, 44.41713], [-73.14498, 44.41718], [-73.145, 44.41722], [-73.14502, 44.41725], [-73.14506, 44.41727], [-73.14511, 44.41727], [-73.14517, 44.41731], [-73.14521, 44.41735], [-73.14524, 44.41739], [-73.14526, 44.41744], [-73.14525, 44.41747], [-73.14525, 44.41751], [-73.14527, 44.41754], [-73.14531, 44.41757], [-73.14536, 44.41761], [-73.14536, 44.41765], [-73.14534, 44.41768], [-73.14535, 44.41773], [-73.14536, 44.41777], [-73.14539, 44.41782], [-73.14545, 44.41786], [-73.1455, 44.4179], [-73.14556, 44.41794], [-73.14558, 44.418], [-73.14561, 44.41805], [-73.14565, 44.41812], [-73.14567, 44.4182], [-73.14571, 44.41831], [-73.14573, 44.41839], [-73.14575, 44.41844], [-73.1458, 44.41846], [-73.14585, 44.4185], [-73.1459, 44.41853], [-73.14594, 44.41859], [-73.14599, 44.41865], [-73.146, 44.41869], [-73.14598, 44.41872], [-73.14595, 44.41876], [-73.14598, 44.4188], [-73.14604, 44.41881], [-73.14609, 44.41882], [-73.14617, 44.41882], [-73.14623, 44.41882], [-73.1463, 44.4188], [-73.14635, 44.41877], [-73.14641, 44.41876], [-73.14645, 44.41877], [-73.14648, 44.41881], [-73.14647, 44.41884], [-73.14645, 44.41887], [-73.14641, 44.41891], [-73.14635, 44.41896], [-73.1463, 44.41899], [-73.14623, 44.41901], [-73.14617, 44.41904], [-73.14608, 44.41906], [-73.14603, 44.41911], [-73.14602, 44.41916], [-73.14603, 44.4192], [-73.14606, 44.41926], [-73.14605, 44.4193], [-73.14605, 44.41933], [-73.14605, 44.41938], [-73.14604, 44.41943], [-73.14607, 44.41947], [-73.14614, 44.41948], [-73.14619, 44.41951], [-73.14623, 44.41954], [-73.14629, 44.41957], [-73.14639, 44.41962], [-73.14647, 44.41965], [-73.14653, 44.41967], [-73.14656, 44.41972], [-73.14657, 44.41975], [-73.14659, 44.41979], [-73.14658, 44.41983], [-73.14657, 44.41987], [-73.14654, 44.4199], [-73.14649, 44.41992], [-73.1464, 44.41996], [-73.14635, 44.41998], [-73.14628, 44.42], [-73.14621, 44.42003], [-73.14613, 44.42002], [-73.14603, 44.42004], [-73.146, 44.42008], [-73.14598, 44.42014], [-73.14596, 44.42018], [-73.14594, 44.42021], [-73.14588, 44.42023], [-73.14583, 44.42022], [-73.14581, 44.4202], [-73.14577, 44.42019], [-73.14573, 44.4202], [-73.14569, 44.42022], [-73.14565, 44.42025], [-73.14565, 44.42029], [-73.14566, 44.42033], [-73.14568, 44.42036], [-73.14568, 44.42039], [-73.14567, 44.42044], [-73.14565, 44.42048], [-73.14564, 44.42052], [-73.14568, 44.42056], [-73.14574, 44.42057], [-73.14582, 44.42059], [-73.14588, 44.42059], [-73.14597, 44.42056], [-73.14603, 44.42054], [-73.14607, 44.4205], [-73.14611, 44.42046], [-73.14615, 44.42044], [-73.14623, 44.42044], [-73.14628, 44.42046], [-73.14632, 44.42051], [-73.14634, 44.42056], [-73.14631, 44.42063], [-73.14621, 44.42067], [-73.14613, 44.42068], [-73.14604, 44.42073], [-73.14599, 44.42075], [-73.14592, 44.42078], [-73.14589, 44.42083], [-73.14585, 44.42086], [-73.14578, 44.42089], [-73.14572, 44.42089], [-73.14567, 44.42089], [-73.14561, 44.42089], [-73.14556, 44.42091], [-73.1455, 44.42094], [-73.14547, 44.42098], [-73.14546, 44.42103], [-73.14547, 44.4211], [-73.14547, 44.42117], [-73.14547, 44.42119], [-73.14543, 44.42122], [-73.14542, 44.4214], [-73.14539, 44.42144], [-73.14532, 44.42151], [-73.14533, 44.42158], [-73.14537, 44.42165], [-73.14542, 44.4217], [-73.14546, 44.42172], [-73.1455, 44.42175], [-73.14555, 44.42177], [-73.14559, 44.42181], [-73.1456, 44.42184], [-73.14558, 44.42188], [-73.14553, 44.4219], [-73.14547, 44.42192], [-73.14539, 44.42192], [-73.14531, 44.42193], [-73.14523, 44.42194], [-73.14516, 44.42196], [-73.14512, 44.42197], [-73.14513, 44.42203], [-73.14516, 44.42206], [-73.14519, 44.42209], [-73.14523, 44.42211], [-73.14528, 44.42214], [-73.14533, 44.42217], [-73.14534, 44.42222], [-73.14537, 44.42226], [-73.14542, 44.4223], [-73.14548, 44.42238], [-73.14551, 44.42239], [-73.14555, 44.42241], [-73.1456, 44.42242], [-73.14565, 44.42243], [-73.14571, 44.42244], [-73.14577, 44.42246], [-73.1458, 44.42249], [-73.1458, 44.42253], [-73.14579, 44.42256], [-73.14577, 44.42259], [-73.14574, 44.42262], [-73.14569, 44.42262], [-73.14565, 44.42262], [-73.14561, 44.42263], [-73.14553, 44.42264], [-73.14549, 44.42265], [-73.14548, 44.42269], [-73.14549, 44.42273], [-73.14553, 44.42275], [-73.14559, 44.42276], [-73.14567, 44.42277], [-73.14575, 44.42278], [-73.14581, 44.42278], [-73.14587, 44.42279], [-73.14592, 44.42282], [-73.14594, 44.42287], [-73.14597, 44.42292], [-73.14599, 44.42298], [-73.146, 44.42302], [-73.14599, 44.42306], [-73.14597, 44.42308], [-73.14597, 44.42312], [-73.14597, 44.42316], [-73.14599, 44.42322], [-73.146, 44.42327], [-73.14601, 44.42331], [-73.14601, 44.42336], [-73.14598, 44.42341], [-73.14595, 44.42343], [-73.14593, 44.4235], [-73.14591, 44.42353], [-73.14578, 44.42364], [-73.14577, 44.42361], [-73.14572, 44.42359], [-73.1457, 44.42355], [-73.14566, 44.42351], [-73.14562, 44.4235], [-73.14557, 44.42348], [-73.14551, 44.42347], [-73.14547, 44.42345], [-73.1454, 44.42344], [-73.14534, 44.42347], [-73.14531, 44.4235], [-73.14528, 44.42354], [-73.14527, 44.4236], [-73.14525, 44.42366], [-73.14524, 44.42371], [-73.14523, 44.42376], [-73.14521, 44.42381], [-73.14524, 44.42385], [-73.14525, 44.42388], [-73.14528, 44.42393], [-73.14533, 44.42398], [-73.14539, 44.42401], [-73.14544, 44.42405], [-73.14548, 44.42408], [-73.14554, 44.4241], [-73.14558, 44.42414], [-73.1456, 44.42416], [-73.14564, 44.42419], [-73.1457, 44.42421], [-73.14576, 44.42423], [-73.14582, 44.42424], [-73.14585, 44.42426], [-73.14587, 44.4243], [-73.14586, 44.42435], [-73.14582, 44.42438], [-73.14576, 44.4244], [-73.14571, 44.42442], [-73.14566, 44.42442], [-73.14563, 44.42445], [-73.14561, 44.4245], [-73.14561, 44.42453], [-73.14561, 44.42456], [-73.14561, 44.4246], [-73.1456, 44.42464], [-73.14556, 44.42467], [-73.14549, 44.4247], [-73.14546, 44.42477], [-73.14546, 44.42481], [-73.14547, 44.42484], [-73.14549, 44.42485], [-73.14553, 44.42486], [-73.14557, 44.42488], [-73.14559, 44.4249], [-73.1456, 44.42493], [-73.14558, 44.42495], [-73.14549, 44.42498], [-73.14545, 44.42498], [-73.14541, 44.42496], [-73.14535, 44.42495], [-73.14528, 44.42494], [-73.14519, 44.42493], [-73.14511, 44.42491], [-73.14503, 44.42491], [-73.14496, 44.42492], [-73.14489, 44.42496], [-73.14485, 44.425], [-73.14482, 44.42506], [-73.14479, 44.42511], [-73.14475, 44.42517], [-73.14472, 44.42522], [-73.14471, 44.42527], [-73.14471, 44.42532], [-73.14471, 44.42537], [-73.14472, 44.42542], [-73.14474, 44.42547], [-73.14477, 44.42552], [-73.1448, 44.42556], [-73.14483, 44.4256], [-73.14486, 44.42565], [-73.1449, 44.42572], [-73.14493, 44.42578], [-73.14496, 44.42586], [-73.145, 44.42594], [-73.14501, 44.426], [-73.14502, 44.42603], [-73.14503, 44.42606], [-73.14504, 44.42611], [-73.14506, 44.42614], [-73.14511, 44.42617], [-73.14512, 44.42621], [-73.14513, 44.42627], [-73.14514, 44.42633], [-73.14517, 44.42639], [-73.1452, 44.42643], [-73.14525, 44.42646], [-73.14535, 44.42652], [-73.1454, 44.42657], [-73.14544, 44.42659], [-73.14544, 44.42662], [-73.14541, 44.42665], [-73.14537, 44.42668], [-73.14533, 44.42673], [-73.14533, 44.42676], [-73.14534, 44.4268], [-73.14537, 44.42683], [-73.14543, 44.42686], [-73.14549, 44.42689], [-73.14557, 44.42691], [-73.14567, 44.42695], [-73.14572, 44.42697], [-73.14576, 44.42701], [-73.14578, 44.42704], [-73.14579, 44.42709], [-73.14577, 44.42714], [-73.14576, 44.42718], [-73.14577, 44.42723], [-73.14579, 44.42726], [-73.14583, 44.42729], [-73.14587, 44.42729], [-73.14592, 44.42729], [-73.14598, 44.42729], [-73.14603, 44.4273], [-73.14609, 44.42731], [-73.14612, 44.42732], [-73.14617, 44.42736], [-73.14621, 44.42742], [-73.14622, 44.42746], [-73.14622, 44.42752], [-73.14621, 44.42755], [-73.14621, 44.4276], [-73.14623, 44.42766], [-73.14627, 44.42769], [-73.1463, 44.42772], [-73.14631, 44.42776], [-73.1463, 44.4278], [-73.14629, 44.42784], [-73.14628, 44.42787], [-73.1463, 44.42792], [-73.14628, 44.42799], [-73.14623, 44.42805], [-73.14621, 44.42808], [-73.1462, 44.42812], [-73.14622, 44.42821], [-73.14621, 44.4283], [-73.14616, 44.42837], [-73.14614, 44.42838], [-73.14611, 44.42839], [-73.14611, 44.4284], [-73.14603, 44.42847], [-73.14595, 44.42852], [-73.14586, 44.42858], [-73.14573, 44.42863], [-73.14566, 44.42865], [-73.1456, 44.42867], [-73.14556, 44.4287], [-73.14555, 44.42873], [-73.14557, 44.42879], [-73.14559, 44.42882], [-73.14563, 44.42886], [-73.14569, 44.42889], [-73.14575, 44.42893], [-73.14576, 44.42899], [-73.14571, 44.42902], [-73.14564, 44.42906], [-73.14558, 44.42908], [-73.14552, 44.4291], [-73.14547, 44.42912], [-73.14542, 44.42914], [-73.14539, 44.42916], [-73.14538, 44.42921], [-73.14539, 44.42927], [-73.14539, 44.42932], [-73.14541, 44.42938], [-73.14544, 44.42943], [-73.14546, 44.42951], [-73.14546, 44.42955], [-73.14545, 44.4296], [-73.14545, 44.42966], [-73.14543, 44.4297], [-73.14539, 44.42975], [-73.1453, 44.42977], [-73.14523, 44.42977], [-73.14517, 44.4298], [-73.14513, 44.42981], [-73.14511, 44.42982], [-73.14507, 44.42986], [-73.14505, 44.42987], [-73.14502, 44.42988], [-73.14492, 44.42987], [-73.1448, 44.4298], [-73.14476, 44.42977], [-73.14473, 44.42977], [-73.14465, 44.42974], [-73.14451, 44.42971], [-73.14444, 44.42973], [-73.14442, 44.42974], [-73.14435, 44.42973], [-73.1443, 44.42976], [-73.14426, 44.4298], [-73.14424, 44.42983], [-73.14424, 44.42987], [-73.14424, 44.42992], [-73.14425, 44.42998], [-73.14426, 44.43003], [-73.1443, 44.43009], [-73.14431, 44.43013], [-73.14429, 44.4302], [-73.14425, 44.43023], [-73.14417, 44.43026], [-73.14409, 44.43029], [-73.14402, 44.43028], [-73.14394, 44.43026], [-73.14388, 44.43022], [-73.14382, 44.4302], [-73.14376, 44.43021], [-73.1437, 44.43021], [-73.14363, 44.43021], [-73.14357, 44.43023], [-73.14353, 44.43026], [-73.1435, 44.43029], [-73.14348, 44.43033], [-73.14347, 44.43036], [-73.14342, 44.43037], [-73.14337, 44.43036], [-73.14332, 44.43036], [-73.14328, 44.43037], [-73.14326, 44.43041], [-73.1433, 44.43046], [-73.14334, 44.4305], [-73.14339, 44.43055], [-73.14345, 44.43055], [-73.14352, 44.43055], [-73.14358, 44.43056], [-73.14365, 44.4306], [-73.14368, 44.43065], [-73.1437, 44.43069], [-73.1437, 44.43072], [-73.14371, 44.43075], [-73.14375, 44.43076], [-73.14379, 44.43076], [-73.14385, 44.43074], [-73.14389, 44.43071], [-73.14395, 44.43069], [-73.144, 44.4307], [-73.14405, 44.43073], [-73.14407, 44.43078], [-73.14408, 44.43083], [-73.14405, 44.43087], [-73.14398, 44.43091], [-73.14391, 44.43095], [-73.14381, 44.43098], [-73.14373, 44.43099], [-73.14367, 44.43102], [-73.1436, 44.43104], [-73.14356, 44.43106], [-73.14351, 44.43109], [-73.14345, 44.4311], [-73.14341, 44.43109], [-73.14337, 44.43107], [-73.14333, 44.43107], [-73.14328, 44.43109], [-73.14323, 44.43112], [-73.14319, 44.43118], [-73.14316, 44.43121], [-73.14311, 44.43128], [-73.14305, 44.43135], [-73.14305, 44.43138], [-73.14306, 44.43142], [-73.14307, 44.43146], [-73.14307, 44.43148], [-73.14307, 44.43153], [-73.14305, 44.43157], [-73.14303, 44.43163], [-73.14302, 44.43168], [-73.14304, 44.43171], [-73.14307, 44.43175], [-73.14308, 44.43179], [-73.14307, 44.43186], [-73.14305, 44.4319], [-73.14302, 44.43193], [-73.14298, 44.43196], [-73.14294, 44.43197], [-73.1429, 44.43198], [-73.14288, 44.43198], [-73.14281, 44.43199], [-73.14276, 44.43198], [-73.14272, 44.43197], [-73.14267, 44.43196], [-73.14263, 44.43197], [-73.14262, 44.43201], [-73.14261, 44.43204], [-73.14261, 44.43208], [-73.14262, 44.43214], [-73.14263, 44.43217], [-73.14261, 44.4322], [-73.14259, 44.43223], [-73.14253, 44.43225], [-73.14244, 44.43228], [-73.14235, 44.4323], [-73.14229, 44.43231], [-73.14223, 44.43231], [-73.14217, 44.43231], [-73.14214, 44.43233], [-73.14214, 44.43237], [-73.14216, 44.43241], [-73.1422, 44.43245], [-73.14225, 44.43251], [-73.14231, 44.43254], [-73.14238, 44.43257], [-73.14243, 44.4326], [-73.14248, 44.43261], [-73.14254, 44.43263], [-73.14259, 44.43264], [-73.14263, 44.43267], [-73.14266, 44.4327], [-73.14264, 44.43275], [-73.1426, 44.43278], [-73.14257, 44.4328], [-73.14254, 44.43283], [-73.1425, 44.43288], [-73.14245, 44.43292], [-73.14242, 44.43295], [-73.14238, 44.43297], [-73.14234, 44.43299], [-73.14234, 44.43303], [-73.14236, 44.43308], [-73.14238, 44.43311], [-73.14243, 44.43315], [-73.14248, 44.43317], [-73.14254, 44.43318], [-73.14259, 44.43321], [-73.14262, 44.43325], [-73.14264, 44.43328], [-73.14264, 44.43333], [-73.1426, 44.43337], [-73.14256, 44.43341], [-73.14251, 44.43344], [-73.14246, 44.43347], [-73.14245, 44.43349], [-73.14238, 44.43355], [-73.14234, 44.43358], [-73.14231, 44.43361], [-73.14227, 44.43365], [-73.14221, 44.43369], [-73.14219, 44.43372], [-73.14219, 44.43376], [-73.14216, 44.43379], [-73.14211, 44.43382], [-73.14206, 44.43383], [-73.14201, 44.43386], [-73.14196, 44.43387], [-73.1419, 44.43389], [-73.14184, 44.43388], [-73.14179, 44.43387], [-73.14173, 44.43387], [-73.14165, 44.4339], [-73.14161, 44.43394], [-73.14158, 44.43398], [-73.14157, 44.43402], [-73.14159, 44.43404], [-73.14162, 44.43407], [-73.14166, 44.43409], [-73.1417, 44.43413], [-73.14173, 44.43416], [-73.14178, 44.43419], [-73.14184, 44.43422], [-73.14189, 44.43425], [-73.14193, 44.43426], [-73.14198, 44.4343], [-73.14199, 44.43435], [-73.14197, 44.43438], [-73.14191, 44.43442], [-73.14184, 44.43444], [-73.14175, 44.43447], [-73.14168, 44.43448], [-73.14159, 44.43449], [-73.14151, 44.43449], [-73.14147, 44.4345], [-73.14145, 44.43453], [-73.14143, 44.43455], [-73.14136, 44.43458], [-73.14118, 44.43463], [-73.14115, 44.43462], [-73.14109, 44.43462], [-73.14105, 44.43461], [-73.14102, 44.43457], [-73.14099, 44.43454], [-73.14096, 44.43449], [-73.14093, 44.43444], [-73.14088, 44.43441], [-73.14081, 44.43441], [-73.14075, 44.43443], [-73.14071, 44.43443], [-73.14068, 44.43444], [-73.14066, 44.43448], [-73.14066, 44.43452], [-73.14066, 44.43458], [-73.14066, 44.43464], [-73.14066, 44.43469], [-73.14067, 44.43474], [-73.14067, 44.43479], [-73.14067, 44.43484], [-73.14063, 44.43486], [-73.14056, 44.43488], [-73.1405, 44.43489], [-73.14045, 44.4349], [-73.14041, 44.43487], [-73.14039, 44.43483], [-73.14036, 44.43479], [-73.14033, 44.43475], [-73.14028, 44.43471], [-73.14023, 44.43468], [-73.14017, 44.43467], [-73.14011, 44.43468], [-73.14006, 44.43469], [-73.14, 44.43471], [-73.13993, 44.43474], [-73.13986, 44.43477], [-73.1398, 44.4348], [-73.13973, 44.43484], [-73.13965, 44.43489], [-73.1396, 44.43495], [-73.13955, 44.43499], [-73.13951, 44.43506], [-73.13952, 44.43511], [-73.13955, 44.43517], [-73.13959, 44.43521], [-73.13963, 44.43525], [-73.13963, 44.43529], [-73.13964, 44.43532], [-73.13962, 44.43536], [-73.13961, 44.4354], [-73.13958, 44.43547], [-73.13958, 44.43552], [-73.13957, 44.43558], [-73.13957, 44.43563], [-73.14317, 44.43546], [-73.14328, 44.43581], [-73.14363, 44.43765], [-73.14888, 44.43723], [-73.15541, 44.43666], [-73.15538, 44.43616], [-73.15702, 44.43599], [-73.15706, 44.43622], [-73.15743, 44.43852], [-73.15763, 44.43982], [-73.15776, 44.44068], [-73.15782, 44.44104], [-73.158, 44.44202], [-73.15834, 44.44427], [-73.15839, 44.44463], [-73.15841, 44.445], [-73.15838, 44.44536], [-73.15821, 44.4462], [-73.15817, 44.44635], [-73.15792, 44.44732], [-73.15776, 44.44786], [-73.15842, 44.44804], [-73.15914, 44.44822], [-73.1595, 44.4483], [-73.15993, 44.44839], [-73.16036, 44.44847], [-73.16123, 44.44862], [-73.16189, 44.44871], [-73.16263, 44.4488], [-73.16336, 44.44887], [-73.16396, 44.44891], [-73.16462, 44.44894], [-73.16484, 44.44897], [-73.16507, 44.44896], [-73.16544, 44.44897], [-73.16581, 44.44899], [-73.16618, 44.44899], [-73.16722, 44.44901], [-73.16782, 44.44902], [-73.16805, 44.44902], [-73.16919, 44.44905], [-73.17181, 44.4491], [-73.17219, 44.44912], [-73.17256, 44.44912], [-73.17294, 44.44912], [-73.1749, 44.44916], [-73.17505, 44.44917], [-73.17601, 44.44923], [-73.17646, 44.44928], [-73.17683, 44.44934], [-73.17727, 44.44943], [-73.1777, 44.44952], [-73.17814, 44.44963], [-73.17854, 44.44974], [-73.17888, 44.44985], [-73.17891, 44.44986], [-73.17979, 44.45011], [-73.17997, 44.45016], [-73.18053, 44.45032], [-73.18073, 44.45035], [-73.1809, 44.45038], [-73.18126, 44.45042], [-73.18162, 44.45044], [-73.18199, 44.45045], [-73.18237, 44.45043], [-73.18274, 44.45039], [-73.18311, 44.45034], [-73.18348, 44.45028], [-73.18354, 44.45028], [-73.18424, 44.4502], [-73.18495, 44.45008], [-73.18532, 44.45005], [-73.18569, 44.45002], [-73.18619, 44.45], [-73.18682, 44.44999], [-73.18838, 44.44995], [-73.18821, 44.44901], [-73.18814, 44.44868], [-73.18802, 44.44805], [-73.18785, 44.44722], [-73.18771, 44.4465], [-73.18769, 44.44642], [-73.18766, 44.4462], [-73.18766, 44.44613], [-73.18767, 44.44598], [-73.1877, 44.44584], [-73.18775, 44.4457], [-73.1878, 44.44557], [-73.18825, 44.44469], [-73.18841, 44.44437], [-73.18855, 44.44404], [-73.18869, 44.4437], [-73.18889, 44.44324], [-73.18908, 44.44275], [-73.18923, 44.44233], [-73.18994, 44.44035], [-73.19013, 44.43984], [-73.19048, 44.43892], [-73.19085, 44.43786], [-73.19123, 44.43672], [-73.19176, 44.43512], [-73.19204, 44.43433], [-73.19236, 44.43336], [-73.19266, 44.43238], [-73.19279, 44.43189], [-73.19299, 44.43125], [-73.19316, 44.43073], [-73.19362, 44.42926], [-73.19421, 44.4273], [-73.1943, 44.42703], [-73.19434, 44.42688], [-73.19454, 44.42621], [-73.19459, 44.42605], [-73.19479, 44.42542], [-73.19513, 44.42423], [-73.19515, 44.42416], [-73.19522, 44.42396], [-73.19563, 44.42248], [-73.19586, 44.42149], [-73.19598, 44.42101], [-73.19606, 44.42066], [-73.19636, 44.4189], [-73.19664, 44.41739], [-73.19668, 44.41719]]]}}, {"type": "Feature", "properties": {"tract_id": "50007004002", "name": "Census Tract 40.02", "income_2020": 74599, "poverty_rate_2020": 9.0, "population_2020": 4309}, "geometry": {"type": "Polygon", "coordinates": [[[-73.17985, 44.4813], [-73.18028, 44.48094], [-73.17863, 44.47999], [-73.17843, 44.47987], [-73.17819, 44.4797], [-73.17785, 44.47947], [-73.17754, 44.47925], [-73.17694, 44.47881], [-73.17674, 44.47866], [-73.17643, 44.47841], [-73.1761, 44.47814], [-73.17588, 44.47796], [-73.17542, 44.47756], [-73.17491, 44.4771], [-73.17421, 44.47646], [-73.17396, 44.47621], [-73.17383, 44.47606], [-73.17308, 44.47488], [-73.17297, 44.47469], [-73.17283, 44.47445], [-73.17278, 44.47427], [-73.17275, 44.47419], [-73.17269, 44.47386], [-73.17252, 44.47298], [-73.17242, 44.47246], [-73.17233, 44.47206], [-73.17226, 44.47177], [-73.17223, 44.47157], [-73.1721, 44.47093], [-73.17208, 44.47083], [-73.17197, 44.4703], [-73.17191, 44.46995], [-73.17182, 44.46941], [-73.17171, 44.46882], [-73.17161, 44.46829], [-73.17151, 44.46772], [-73.17137, 44.46699], [-73.17125, 44.4664], [-73.17111, 44.46572], [-73.17093, 44.46489], [-73.17092, 44.4648], [-73.17082, 44.46431], [-73.17071, 44.46353], [-73.17052, 44.46271], [-73.17036, 44.46197], [-73.17021, 44.46102], [-73.17006, 44.46023], [-73.16998, 44.45982], [-73.16993, 44.45958], [-73.16992, 44.45953], [-73.16981, 44.45896], [-73.16967, 44.4581], [-73.1696, 44.45756], [-73.16957, 44.45734], [-73.16953, 44.4572], [-73.16946, 44.45704], [-73.16935, 44.45688], [-73.1692, 44.45675], [-73.16899, 44.4566], [-73.16868, 44.45643], [-73.16854, 44.45636], [-73.16836, 44.45626], [-73.16801, 44.45607], [-73.16771, 44.4559], [-73.16744, 44.45577], [-73.16721, 44.45566], [-73.16631, 44.45517], [-73.16502, 44.45447], [-73.1649, 44.4544], [-73.16486, 44.45439], [-73.16449, 44.45418], [-73.16436, 44.45411], [-73.16373, 44.45374], [-73.16287, 44.45324], [-73.16118, 44.45233], [-73.16113, 44.45231], [-73.16107, 44.45227], [-73.16072, 44.45208], [-73.16008, 44.45172], [-73.15975, 44.45154], [-73.15912, 44.45118], [-73.15881, 44.45101], [-73.1585, 44.45083], [-73.15827, 44.45068], [-73.15808, 44.45051], [-73.15781, 44.45018], [-73.15761, 44.44988], [-73.15751, 44.4496], [-73.15745, 44.44937], [-73.15745, 44.44919], [-73.15747, 44.449], [-73.15757, 44.44858], [-73.15771, 44.44805], [-73.15776, 44.44786], [-73.15792, 44.44732], [-73.15817, 44.44635], [-73.15821, 44.4462], [-73.15838, 44.44536], [-73.15841, 44.445], [-73.15839, 44.44463], [-73.15834, 44.44427], [-73.158, 44.44202], [-73.15782, 44.44104], [-73.15776, 44.44068], [-73.15763, 44.43982], [-73.15743, 44.43852], [-73.15706, 44.43622], [-73.15702, 44.43599], [-73.15538, 44.43616], [-73.15541, 44.43666], [-73.14888, 44.43723], [-73.14363, 44.43765], [-73.14328, 44.43581], [-73.14317, 44.43546], [-73.13957, 44.43563], [-73.13954, 44.43568], [-73.13951, 44.43571], [-73.13945, 44.43572], [-73.13939, 44.43572], [-73.13934, 44.43571], [-73.13926, 44.43567], [-73.1392, 44.43563], [-73.13912, 44.43559], [-73.13904, 44.43557], [-73.13897, 44.43553], [-73.13889, 44.4355], [-73.13886, 44.43547], [-73.13884, 44.43543], [-73.13885, 44.43538], [-73.13889, 44.43537], [-73.13893, 44.43532], [-73.13894, 44.43528], [-73.13894, 44.43524], [-73.13891, 44.4352], [-73.13888, 44.43516], [-73.13883, 44.43515], [-73.13878, 44.4352], [-73.13869, 44.43527], [-73.13862, 44.43532], [-73.13854, 44.43538], [-73.13848, 44.43542], [-73.13842, 44.43545], [-73.13837, 44.43547], [-73.1383, 44.4355], [-73.13822, 44.43553], [-73.13817, 44.43557], [-73.13812, 44.4356], [-73.13804, 44.43564], [-73.13797, 44.43567], [-73.1379, 44.4357], [-73.13783, 44.43572], [-73.13775, 44.43576], [-73.13768, 44.43578], [-73.13761, 44.43582], [-73.13759, 44.43589], [-73.13763, 44.43594], [-73.13763, 44.43602], [-73.13763, 44.43607], [-73.13763, 44.43612], [-73.13763, 44.43615], [-73.13765, 44.4362], [-73.13767, 44.43627], [-73.1377, 44.43635], [-73.13773, 44.43643], [-73.13777, 44.43646], [-73.13783, 44.4365], [-73.1379, 44.43654], [-73.13796, 44.43655], [-73.13805, 44.43656], [-73.1381, 44.43658], [-73.13811, 44.43662], [-73.13815, 44.43667], [-73.13815, 44.43671], [-73.13814, 44.43675], [-73.13814, 44.43677], [-73.13807, 44.43679], [-73.13806, 44.4368], [-73.13797, 44.43685], [-73.13789, 44.43684], [-73.13779, 44.43684], [-73.13765, 44.43684], [-73.13758, 44.43685], [-73.13751, 44.43685], [-73.13749, 44.43682], [-73.13744, 44.4368], [-73.1374, 44.43679], [-73.13736, 44.4368], [-73.13733, 44.43681], [-73.13727, 44.43684], [-73.13724, 44.43688], [-73.13721, 44.43692], [-73.13719, 44.43696], [-73.13715, 44.43701], [-73.13711, 44.43706], [-73.13709, 44.43711], [-73.1371, 44.43718], [-73.13712, 44.43724], [-73.13716, 44.43728], [-73.13719, 44.43729], [-73.13724, 44.43731], [-73.13728, 44.4373], [-73.13733, 44.43729], [-73.13737, 44.43726], [-73.13742, 44.43724], [-73.13746, 44.43721], [-73.13752, 44.4372], [-73.13756, 44.4372], [-73.13761, 44.43721], [-73.13765, 44.43722], [-73.13768, 44.43727], [-73.13768, 44.43732], [-73.1377, 44.43735], [-73.1377, 44.4374], [-73.13769, 44.43745], [-73.13766, 44.43749], [-73.13761, 44.43751], [-73.13755, 44.43751], [-73.1375, 44.4375], [-73.13745, 44.43749], [-73.1374, 44.43751], [-73.13737, 44.43753], [-73.13736, 44.43755], [-73.13735, 44.43758], [-73.13736, 44.43763], [-73.13738, 44.43768], [-73.1374, 44.43771], [-73.13744, 44.43773], [-73.13748, 44.43773], [-73.13753, 44.43772], [-73.13761, 44.4377], [-73.13769, 44.43768], [-73.13779, 44.43767], [-73.13785, 44.43769], [-73.13796, 44.43765], [-73.13804, 44.43762], [-73.13812, 44.43759], [-73.13819, 44.43757], [-73.13823, 44.43759], [-73.1383, 44.43764], [-73.1383, 44.43769], [-73.1383, 44.43773], [-73.13831, 44.43776], [-73.1383, 44.43783], [-73.13829, 44.43791], [-73.13827, 44.43797], [-73.13823, 44.43801], [-73.13819, 44.43807], [-73.13816, 44.43813], [-73.13812, 44.43818], [-73.13807, 44.43823], [-73.13801, 44.43829], [-73.13793, 44.43834], [-73.13786, 44.43837], [-73.13778, 44.43841], [-73.1377, 44.43847], [-73.13764, 44.43849], [-73.13759, 44.43848], [-73.13751, 44.43847], [-73.13741, 44.43845], [-73.13732, 44.43843], [-73.13723, 44.43839], [-73.13716, 44.43835], [-73.13708, 44.43832], [-73.13699, 44.4383], [-73.13693, 44.4383], [-73.13685, 44.43833], [-73.13683, 44.43838], [-73.13682, 44.43841], [-73.13681, 44.43845], [-73.13686, 44.43849], [-73.13689, 44.43854], [-73.13694, 44.43857], [-73.137, 44.43861], [-73.13703, 44.43867], [-73.13705, 44.4387], [-73.1371, 44.43873], [-73.13715, 44.43876], [-73.13723, 44.43881], [-73.13729, 44.43887], [-73.13733, 44.43892], [-73.13739, 44.43896], [-73.13743, 44.43902], [-73.13746, 44.43907], [-73.13746, 44.43912], [-73.13743, 44.43917], [-73.13736, 44.43922], [-73.1373, 44.43924], [-73.13724, 44.43927], [-73.1372, 44.43926], [-73.13714, 44.43925], [-73.13708, 44.43922], [-73.13705, 44.43917], [-73.137, 44.43912], [-73.13697, 44.43909], [-73.13691, 44.43906], [-73.13687, 44.43904], [-73.13681, 44.43905], [-73.13674, 44.43909], [-73.13668, 44.4391], [-73.13662, 44.43912], [-73.13658, 44.43915], [-73.13658, 44.4392], [-73.13658, 44.43922], [-73.13661, 44.43927], [-73.13662, 44.43931], [-73.13663, 44.43937], [-73.13665, 44.4394], [-73.13671, 44.43943], [-73.13675, 44.43946], [-73.13676, 44.4395], [-73.13675, 44.43954], [-73.1367, 44.43956], [-73.13665, 44.43958], [-73.1366, 44.43957], [-73.13655, 44.43956], [-73.1365, 44.43955], [-73.13645, 44.43953], [-73.13641, 44.43951], [-73.13634, 44.43948], [-73.13626, 44.43948], [-73.13622, 44.43949], [-73.13618, 44.43952], [-73.13615, 44.43956], [-73.13613, 44.43961], [-73.13614, 44.43965], [-73.13614, 44.43971], [-73.13614, 44.43975], [-73.13617, 44.43979], [-73.13619, 44.43983], [-73.13619, 44.43987], [-73.13617, 44.43991], [-73.13616, 44.43995], [-73.13618, 44.44001], [-73.13622, 44.44005], [-73.13626, 44.44008], [-73.1363, 44.44012], [-73.13637, 44.44016], [-73.13644, 44.44019], [-73.13648, 44.44019], [-73.13652, 44.4402], [-73.13656, 44.44022], [-73.13659, 44.44026], [-73.13661, 44.4403], [-73.13667, 44.44034], [-73.13673, 44.44038], [-73.1368, 44.44042], [-73.13688, 44.44047], [-73.13692, 44.44054], [-73.13692, 44.4406], [-73.1369, 44.44066], [-73.13684, 44.4407], [-73.13679, 44.44074], [-73.13673, 44.44076], [-73.13667, 44.44082], [-73.13661, 44.44087], [-73.13656, 44.4409], [-73.13649, 44.44094], [-73.13641, 44.44097], [-73.13634, 44.441], [-73.13632, 44.44104], [-73.13633, 44.44108], [-73.13636, 44.44111], [-73.13635, 44.44115], [-73.13637, 44.4412], [-73.1364, 44.44123], [-73.13643, 44.44127], [-73.13648, 44.44131], [-73.13652, 44.44134], [-73.13655, 44.44137], [-73.13655, 44.44142], [-73.1365, 44.44144], [-73.13646, 44.44146], [-73.13641, 44.44146], [-73.13636, 44.44145], [-73.13633, 44.44142], [-73.13627, 44.44139], [-73.1362, 44.44139], [-73.13612, 44.44139], [-73.13607, 44.44141], [-73.13602, 44.44144], [-73.136, 44.44147], [-73.13599, 44.4415], [-73.13598, 44.44153], [-73.13601, 44.44159], [-73.13601, 44.44163], [-73.13604, 44.44166], [-73.13607, 44.44167], [-73.13614, 44.44171], [-73.13618, 44.44173], [-73.13621, 44.44179], [-73.13621, 44.44186], [-73.13616, 44.44192], [-73.13609, 44.44195], [-73.13602, 44.44197], [-73.13594, 44.44197], [-73.13587, 44.44196], [-73.1358, 44.44196], [-73.13572, 44.44197], [-73.13562, 44.44201], [-73.13559, 44.44203], [-73.13555, 44.44207], [-73.13554, 44.44208], [-73.13551, 44.4421], [-73.13547, 44.44215], [-73.13545, 44.44218], [-73.13544, 44.44222], [-73.13541, 44.44226], [-73.13539, 44.44229], [-73.13536, 44.44232], [-73.13533, 44.44238], [-73.13531, 44.44241], [-73.13529, 44.44244], [-73.13527, 44.44249], [-73.13527, 44.44252], [-73.13527, 44.44258], [-73.13527, 44.44265], [-73.13528, 44.44272], [-73.13533, 44.44278], [-73.1354, 44.44285], [-73.13553, 44.44292], [-73.13565, 44.44297], [-73.13578, 44.44302], [-73.13587, 44.44306], [-73.13597, 44.4431], [-73.13609, 44.44316], [-73.1362, 44.4432], [-73.13626, 44.44324], [-73.13631, 44.4433], [-73.13634, 44.44337], [-73.13634, 44.44344], [-73.13631, 44.44351], [-73.13627, 44.44358], [-73.13624, 44.44365], [-73.1362, 44.44369], [-73.13619, 44.44375], [-73.13614, 44.44379], [-73.13611, 44.44383], [-73.13612, 44.44391], [-73.13616, 44.44396], [-73.13616, 44.444], [-73.13613, 44.44407], [-73.13607, 44.44412], [-73.13598, 44.44417], [-73.1359, 44.44421], [-73.13588, 44.44429], [-73.13588, 44.44433], [-73.13587, 44.44437], [-73.13586, 44.44442], [-73.13581, 44.44446], [-73.13577, 44.44449], [-73.13572, 44.44453], [-73.13571, 44.44457], [-73.13573, 44.4446], [-73.13577, 44.44466], [-73.1358, 44.44472], [-73.13581, 44.44476], [-73.13581, 44.4448], [-73.13582, 44.44485], [-73.13584, 44.44491], [-73.13585, 44.44498], [-73.13584, 44.44507], [-73.13586, 44.44517], [-73.13593, 44.44525], [-73.136, 44.44531], [-73.13604, 44.44534], [-73.1361, 44.44536], [-73.13613, 44.44539], [-73.1362, 44.44545], [-73.13624, 44.44552], [-73.13629, 44.44557], [-73.13633, 44.44564], [-73.13636, 44.44567], [-73.13643, 44.44575], [-73.13653, 44.44583], [-73.13659, 44.44587], [-73.13664, 44.44589], [-73.1367, 44.44591], [-73.13676, 44.44594], [-73.13684, 44.446], [-73.13693, 44.44603], [-73.13702, 44.4461], [-73.13711, 44.44615], [-73.13718, 44.44621], [-73.13724, 44.44625], [-73.1373, 44.44632], [-73.13736, 44.44637], [-73.13744, 44.44642], [-73.13749, 44.44648], [-73.13757, 44.44653], [-73.13766, 44.44658], [-73.13775, 44.44664], [-73.13783, 44.44666], [-73.13787, 44.44671], [-73.13791, 44.44674], [-73.13797, 44.44679], [-73.13803, 44.44683], [-73.13813, 44.44689], [-73.13822, 44.44695], [-73.1383, 44.44699], [-73.13838, 44.44704], [-73.13844, 44.44707], [-73.13855, 44.44708], [-73.13865, 44.44712], [-73.13875, 44.44713], [-73.1388, 44.44714], [-73.13888, 44.44715], [-73.13895, 44.44717], [-73.13899, 44.44721], [-73.13904, 44.44726], [-73.13906, 44.4473], [-73.13907, 44.44734], [-73.1391, 44.44737], [-73.13913, 44.44742], [-73.13916, 44.44751], [-73.13914, 44.44761], [-73.13912, 44.44773], [-73.1391, 44.44791], [-73.1391, 44.44793], [-73.1391, 44.44799], [-73.13909, 44.44802], [-73.13905, 44.44811], [-73.13904, 44.44816], [-73.13906, 44.44823], [-73.13909, 44.44827], [-73.13917, 44.44832], [-73.13922, 44.44836], [-73.13926, 44.44839], [-73.13929, 44.44842], [-73.13932, 44.44844], [-73.13937, 44.44848], [-73.13943, 44.44852], [-73.13946, 44.44855], [-73.13949, 44.44861], [-73.13953, 44.44865], [-73.13955, 44.4487], [-73.13959, 44.44875], [-73.13964, 44.44879], [-73.13969, 44.44884], [-73.13974, 44.44888], [-73.13979, 44.44893], [-73.13983, 44.44898], [-73.13984, 44.44901], [-73.13983, 44.44905], [-73.13983, 44.4491], [-73.13985, 44.44917], [-73.13985, 44.44922], [-73.13986, 44.44926], [-73.13986, 44.44934], [-73.13988, 44.44939], [-73.13989, 44.44944], [-73.1399, 44.44952], [-73.13992, 44.44958], [-73.13993, 44.44965], [-73.13992, 44.44972], [-73.13988, 44.44979], [-73.13982, 44.44985], [-73.13974, 44.44991], [-73.13964, 44.44994], [-73.13956, 44.44997], [-73.13947, 44.44999], [-73.1394, 44.45], [-73.13933, 44.44999], [-73.13928, 44.44998], [-73.13921, 44.44996], [-73.13916, 44.44994], [-73.13912, 44.44992], [-73.13907, 44.44989], [-73.139, 44.44988], [-73.13894, 44.4499], [-73.13889, 44.44993], [-73.13885, 44.44995], [-73.1388, 44.44999], [-73.13876, 44.45002], [-73.1387, 44.45006], [-73.13865, 44.45009], [-73.13857, 44.45013], [-73.13855, 44.45016], [-73.13852, 44.45019], [-73.13849, 44.45025], [-73.13849, 44.45028], [-73.13852, 44.45033], [-73.13855, 44.45036], [-73.13858, 44.45041], [-73.13862, 44.45044], [-73.13865, 44.45048], [-73.13868, 44.45051], [-73.1387, 44.45055], [-73.13874, 44.45061], [-73.13876, 44.45066], [-73.13877, 44.45071], [-73.13883, 44.45075], [-73.13889, 44.45078], [-73.13896, 44.4508], [-73.13902, 44.45081], [-73.13907, 44.4508], [-73.13915, 44.4508], [-73.13921, 44.4508], [-73.13926, 44.45081], [-73.13929, 44.45085], [-73.13931, 44.45091], [-73.13934, 44.45098], [-73.13933, 44.45102], [-73.13928, 44.45108], [-73.13925, 44.45114], [-73.13921, 44.4512], [-73.13914, 44.45124], [-73.13909, 44.45129], [-73.13902, 44.45134], [-73.13893, 44.45135], [-73.13881, 44.45139], [-73.13872, 44.45138], [-73.13863, 44.45138], [-73.13853, 44.45139], [-73.1384, 44.45142], [-73.13832, 44.45145], [-73.13826, 44.45149], [-73.13822, 44.45154], [-73.13821, 44.45156], [-73.1382, 44.45159], [-73.13819, 44.45167], [-73.13821, 44.45175], [-73.13823, 44.45184], [-73.13829, 44.45194], [-73.13834, 44.45201], [-73.13839, 44.45207], [-73.13843, 44.45212], [-73.13848, 44.45216], [-73.13856, 44.45218], [-73.13864, 44.4522], [-73.1387, 44.4522], [-73.13876, 44.4522], [-73.13879, 44.45224], [-73.13883, 44.45229], [-73.13885, 44.45233], [-73.13888, 44.45235], [-73.13891, 44.45241], [-73.13893, 44.45246], [-73.13896, 44.45251], [-73.13896, 44.45257], [-73.13898, 44.45262], [-73.139, 44.45267], [-73.13899, 44.45271], [-73.13897, 44.45278], [-73.13896, 44.45283], [-73.13893, 44.45288], [-73.13886, 44.45292], [-73.13881, 44.45293], [-73.13877, 44.45296], [-73.13874, 44.45298], [-73.13869, 44.45301], [-73.13863, 44.45308], [-73.13856, 44.45315], [-73.13843, 44.45329], [-73.13837, 44.45336], [-73.13835, 44.4534], [-73.13831, 44.45344], [-73.13831, 44.45348], [-73.13831, 44.45354], [-73.13831, 44.45359], [-73.13834, 44.45365], [-73.13836, 44.45373], [-73.13837, 44.4538], [-73.13839, 44.45385], [-73.13842, 44.4539], [-73.13843, 44.45394], [-73.13845, 44.45401], [-73.13843, 44.45408], [-73.1384, 44.45417], [-73.13837, 44.45423], [-73.13831, 44.45429], [-73.13826, 44.45436], [-73.13818, 44.45441], [-73.13812, 44.45446], [-73.13806, 44.4545], [-73.13801, 44.45456], [-73.13798, 44.45463], [-73.13796, 44.45467], [-73.1379, 44.45473], [-73.13783, 44.45478], [-73.13776, 44.45481], [-73.13767, 44.45484], [-73.1376, 44.45484], [-73.13752, 44.45487], [-73.13743, 44.4549], [-73.13737, 44.45499], [-73.13733, 44.45505], [-73.13731, 44.45515], [-73.13727, 44.45525], [-73.13725, 44.45534], [-73.13721, 44.45543], [-73.13719, 44.45549], [-73.13712, 44.45559], [-73.13706, 44.45565], [-73.13697, 44.45571], [-73.13685, 44.45578], [-73.13675, 44.45581], [-73.13664, 44.45585], [-73.13658, 44.45586], [-73.13648, 44.45588], [-73.13637, 44.45592], [-73.13627, 44.45594], [-73.13606, 44.456], [-73.13601, 44.45604], [-73.13595, 44.45605], [-73.13568, 44.45616], [-73.13565, 44.45617], [-73.13559, 44.45622], [-73.13555, 44.45626], [-73.13555, 44.45631], [-73.13555, 44.45635], [-73.13557, 44.45637], [-73.1356, 44.45642], [-73.13564, 44.45645], [-73.13569, 44.45647], [-73.13573, 44.4565], [-73.13578, 44.45653], [-73.13582, 44.45657], [-73.13587, 44.45662], [-73.13589, 44.45667], [-73.13593, 44.45675], [-73.13593, 44.4568], [-73.13594, 44.45685], [-73.1359, 44.4569], [-73.13585, 44.45696], [-73.1358, 44.45699], [-73.1357, 44.45702], [-73.13562, 44.45702], [-73.13553, 44.45702], [-73.13543, 44.45703], [-73.13533, 44.45704], [-73.13522, 44.45705], [-73.13507, 44.45708], [-73.13495, 44.45712], [-73.13486, 44.45715], [-73.1348, 44.45718], [-73.13479, 44.45722], [-73.13479, 44.45727], [-73.13485, 44.45729], [-73.1349, 44.45731], [-73.13496, 44.4573], [-73.13503, 44.45729], [-73.1351, 44.4573], [-73.13515, 44.45731], [-73.13522, 44.45734], [-73.13528, 44.45739], [-73.13538, 44.45743], [-73.13542, 44.45746], [-73.13547, 44.4575], [-73.13553, 44.45754], [-73.13562, 44.45761], [-73.13567, 44.45766], [-73.13571, 44.45769], [-73.13575, 44.45774], [-73.13572, 44.45778], [-73.1357, 44.45782], [-73.1357, 44.45786], [-73.13571, 44.45792], [-73.13574, 44.45795], [-73.13576, 44.45798], [-73.13578, 44.45805], [-73.13582, 44.45809], [-73.13589, 44.45819], [-73.136, 44.45831], [-73.13609, 44.45841], [-73.13613, 44.45845], [-73.13616, 44.45849], [-73.1362, 44.45853], [-73.13624, 44.45855], [-73.13631, 44.45858], [-73.13639, 44.4586], [-73.13649, 44.45861], [-73.13658, 44.4586], [-73.1367, 44.45857], [-73.13679, 44.45855], [-73.13686, 44.45857], [-73.13693, 44.45858], [-73.13698, 44.4586], [-73.13701, 44.45862], [-73.13706, 44.45868], [-73.13708, 44.45871], [-73.13711, 44.45877], [-73.13713, 44.45884], [-73.13714, 44.45891], [-73.13715, 44.45899], [-73.13714, 44.45905], [-73.1371, 44.45911], [-73.13705, 44.45915], [-73.137, 44.45919], [-73.13695, 44.45922], [-73.13692, 44.45929], [-73.13688, 44.45932], [-73.13681, 44.45933], [-73.13673, 44.45932], [-73.13666, 44.45932], [-73.13662, 44.45936], [-73.13659, 44.4594], [-73.13657, 44.45944], [-73.13654, 44.45949], [-73.13648, 44.45954], [-73.1364, 44.45956], [-73.13634, 44.45957], [-73.13628, 44.45959], [-73.13624, 44.45962], [-73.13628, 44.45968], [-73.1363, 44.45972], [-73.13628, 44.45977], [-73.13622, 44.45982], [-73.13618, 44.45989], [-73.13616, 44.45995], [-73.13614, 44.46002], [-73.13615, 44.46008], [-73.1362, 44.46011], [-73.13616, 44.46018], [-73.13611, 44.46018], [-73.13605, 44.46019], [-73.136, 44.46022], [-73.13598, 44.46028], [-73.136, 44.46034], [-73.13601, 44.46041], [-73.13605, 44.46045], [-73.13605, 44.46051], [-73.13608, 44.46056], [-73.13608, 44.46059], [-73.13611, 44.46066], [-73.13614, 44.4607], [-73.13614, 44.46077], [-73.13616, 44.46083], [-73.13616, 44.4609], [-73.13614, 44.46094], [-73.13609, 44.46099], [-73.13606, 44.46104], [-73.13601, 44.46109], [-73.13597, 44.46114], [-73.13594, 44.46121], [-73.13595, 44.46128], [-73.13595, 44.46132], [-73.13594, 44.46136], [-73.13588, 44.46144], [-73.13583, 44.4615], [-73.13577, 44.46155], [-73.13568, 44.46165], [-73.13565, 44.46171], [-73.13561, 44.46178], [-73.13557, 44.46189], [-73.1356, 44.46195], [-73.13563, 44.462], [-73.13563, 44.46204], [-73.13569, 44.46208], [-73.13571, 44.46211], [-73.13577, 44.46215], [-73.13582, 44.46222], [-73.13588, 44.46229], [-73.13592, 44.46234], [-73.13594, 44.4624], [-73.13598, 44.46244], [-73.13602, 44.46248], [-73.13605, 44.46253], [-73.13605, 44.46259], [-73.13607, 44.46264], [-73.13607, 44.4627], [-73.13609, 44.46276], [-73.13607, 44.46282], [-73.13607, 44.46289], [-73.13607, 44.46294], [-73.13605, 44.46299], [-73.13605, 44.46305], [-73.13605, 44.46313], [-73.13607, 44.46317], [-73.13607, 44.46321], [-73.13614, 44.46326], [-73.13621, 44.46329], [-73.1363, 44.46332], [-73.13634, 44.46332], [-73.13643, 44.46333], [-73.1365, 44.46334], [-73.13655, 44.46334], [-73.13661, 44.46337], [-73.13666, 44.4634], [-73.13669, 44.46345], [-73.13669, 44.46349], [-73.13671, 44.46357], [-73.13669, 44.46364], [-73.13669, 44.46373], [-73.13667, 44.46383], [-73.13663, 44.46392], [-73.1366, 44.46398], [-73.13655, 44.46401], [-73.13652, 44.46405], [-73.13651, 44.46408], [-73.13654, 44.46418], [-73.13656, 44.46423], [-73.13662, 44.46424], [-73.13668, 44.46425], [-73.13673, 44.46428], [-73.13675, 44.46433], [-73.13674, 44.46437], [-73.13667, 44.46442], [-73.13664, 44.46446], [-73.13658, 44.46451], [-73.13654, 44.46456], [-73.13651, 44.46463], [-73.13649, 44.46472], [-73.13648, 44.46481], [-73.13651, 44.46488], [-73.13652, 44.46492], [-73.13654, 44.46496], [-73.13658, 44.46498], [-73.13663, 44.46498], [-73.13671, 44.46497], [-73.13678, 44.46494], [-73.1368, 44.46489], [-73.13687, 44.46489], [-73.13694, 44.46485], [-73.13705, 44.46479], [-73.13711, 44.46475], [-73.13718, 44.46473], [-73.13725, 44.46472], [-73.13732, 44.46474], [-73.13739, 44.46477], [-73.13744, 44.4648], [-73.13754, 44.46485], [-73.13763, 44.46486], [-73.13772, 44.46486], [-73.13779, 44.46483], [-73.13784, 44.46479], [-73.13791, 44.46473], [-73.13794, 44.46467], [-73.13795, 44.4646], [-73.13798, 44.46453], [-73.138, 44.46449], [-73.13805, 44.46448], [-73.1381, 44.46449], [-73.13825, 44.46453], [-73.1383, 44.46457], [-73.13838, 44.46464], [-73.13848, 44.46469], [-73.13855, 44.46475], [-73.13862, 44.46479], [-73.13867, 44.46484], [-73.13869, 44.46491], [-73.13873, 44.465], [-73.13873, 44.46505], [-73.13875, 44.46509], [-73.13875, 44.46515], [-73.1387, 44.46521], [-73.13868, 44.46525], [-73.13861, 44.46531], [-73.13854, 44.46537], [-73.13848, 44.46544], [-73.13843, 44.4655], [-73.13845, 44.46556], [-73.13843, 44.46565], [-73.13837, 44.46568], [-73.13831, 44.46569], [-73.1382, 44.46572], [-73.13809, 44.46571], [-73.13799, 44.46574], [-73.13788, 44.46577], [-73.13776, 44.4658], [-73.13764, 44.46583], [-73.13752, 44.46586], [-73.13744, 44.4659], [-73.13739, 44.46596], [-73.13741, 44.46602], [-73.13744, 44.46607], [-73.13748, 44.46612], [-73.13752, 44.46619], [-73.13754, 44.46626], [-73.13756, 44.46636], [-73.13758, 44.46643], [-73.13757, 44.46647], [-73.13753, 44.46652], [-73.13752, 44.46657], [-73.13754, 44.46663], [-73.13756, 44.46668], [-73.13757, 44.46673], [-73.13754, 44.46678], [-73.1375, 44.46682], [-73.13743, 44.46684], [-73.13739, 44.46687], [-73.13734, 44.46688], [-73.1373, 44.46693], [-73.13729, 44.46696], [-73.13728, 44.46703], [-73.13729, 44.46712], [-73.13731, 44.46717], [-73.13734, 44.4672], [-73.13738, 44.46721], [-73.13742, 44.46719], [-73.13748, 44.46717], [-73.13755, 44.46715], [-73.13759, 44.46714], [-73.13765, 44.46716], [-73.13767, 44.4672], [-73.13769, 44.46724], [-73.13769, 44.46727], [-73.13768, 44.4673], [-73.13764, 44.46733], [-73.13757, 44.46736], [-73.13756, 44.46733], [-73.13753, 44.46731], [-73.13749, 44.46732], [-73.13746, 44.46735], [-73.13745, 44.46738], [-73.13743, 44.46742], [-73.13741, 44.46745], [-73.13737, 44.46747], [-73.13733, 44.46749], [-73.13729, 44.46751], [-73.13727, 44.46755], [-73.13728, 44.46758], [-73.13732, 44.46762], [-73.13735, 44.46763], [-73.13739, 44.46766], [-73.13747, 44.46769], [-73.13753, 44.46772], [-73.1376, 44.46777], [-73.13767, 44.46781], [-73.13773, 44.46783], [-73.13778, 44.46788], [-73.13778, 44.46791], [-73.13778, 44.46796], [-73.13777, 44.46801], [-73.13778, 44.46807], [-73.13776, 44.46815], [-73.13776, 44.46817], [-73.13772, 44.4682], [-73.13769, 44.46822], [-73.13764, 44.46825], [-73.13761, 44.46827], [-73.1376, 44.4683], [-73.13761, 44.46834], [-73.13761, 44.46838], [-73.13761, 44.46844], [-73.13759, 44.4685], [-73.13759, 44.46855], [-73.1376, 44.46858], [-73.13765, 44.46859], [-73.13771, 44.46859], [-73.13777, 44.4686], [-73.13784, 44.46861], [-73.13789, 44.46863], [-73.13793, 44.46866], [-73.13793, 44.46871], [-73.13793, 44.46878], [-73.13794, 44.46883], [-73.13797, 44.46889], [-73.13803, 44.46897], [-73.1381, 44.46902], [-73.13821, 44.4691], [-73.13829, 44.46915], [-73.13834, 44.46917], [-73.13836, 44.4692], [-73.13836, 44.46924], [-73.13831, 44.46931], [-73.13829, 44.46938], [-73.13829, 44.46953], [-73.1383, 44.46957], [-73.13833, 44.46959], [-73.13837, 44.46962], [-73.13835, 44.46965], [-73.13828, 44.46965], [-73.13822, 44.46967], [-73.13819, 44.46968], [-73.13814, 44.46979], [-73.13814, 44.46981], [-73.13816, 44.46984], [-73.13819, 44.46988], [-73.13822, 44.46992], [-73.13824, 44.46994], [-73.13824, 44.46997], [-73.13819, 44.46999], [-73.13814, 44.47], [-73.13808, 44.47], [-73.13801, 44.46999], [-73.13793, 44.46999], [-73.13789, 44.47002], [-73.13782, 44.47005], [-73.13776, 44.4701], [-73.13772, 44.47014], [-73.13765, 44.47022], [-73.13763, 44.47024], [-73.13762, 44.47025], [-73.13748, 44.47032], [-73.13726, 44.47042], [-73.13714, 44.47046], [-73.13712, 44.47047], [-73.13706, 44.47048], [-73.13698, 44.47048], [-73.13684, 44.47049], [-73.13673, 44.47049], [-73.13665, 44.47051], [-73.1366, 44.47053], [-73.13658, 44.47055], [-73.13657, 44.47059], [-73.13655, 44.47064], [-73.13654, 44.47068], [-73.13653, 44.47072], [-73.13647, 44.47075], [-73.13642, 44.47075], [-73.13637, 44.47076], [-73.13632, 44.47079], [-73.13628, 44.47082], [-73.13625, 44.47086], [-73.13627, 44.47091], [-73.13631, 44.47096], [-73.13636, 44.47097], [-73.13641, 44.47098], [-73.13646, 44.47099], [-73.13655, 44.47099], [-73.13664, 44.471], [-73.1367, 44.47101], [-73.13674, 44.47104], [-73.13676, 44.4711], [-73.13676, 44.47114], [-73.13674, 44.47118], [-73.13672, 44.47121], [-73.1367, 44.47127], [-73.13668, 44.47132], [-73.13667, 44.47137], [-73.13665, 44.47141], [-73.13661, 44.47146], [-73.13655, 44.4715], [-73.13649, 44.47154], [-73.13638, 44.47159], [-73.13632, 44.47164], [-73.13627, 44.47169], [-73.13623, 44.47174], [-73.13619, 44.47181], [-73.13613, 44.47186], [-73.13607, 44.47191], [-73.136, 44.47193], [-73.13594, 44.47194], [-73.13587, 44.47198], [-73.13582, 44.47204], [-73.13582, 44.4721], [-73.13579, 44.47215], [-73.13574, 44.47221], [-73.13571, 44.47225], [-73.13567, 44.47227], [-73.13561, 44.47229], [-73.13554, 44.4723], [-73.13548, 44.47229], [-73.13541, 44.47226], [-73.13537, 44.47223], [-73.1353, 44.4722], [-73.13521, 44.47219], [-73.13515, 44.47221], [-73.13504, 44.47224], [-73.13497, 44.47227], [-73.13494, 44.47232], [-73.13492, 44.47237], [-73.13487, 44.47242], [-73.13485, 44.4725], [-73.13484, 44.47251], [-73.13485, 44.47253], [-73.13494, 44.47276], [-73.135, 44.47284], [-73.13502, 44.47293], [-73.13506, 44.47301], [-73.13511, 44.47312], [-73.13517, 44.47318], [-73.13525, 44.47323], [-73.13535, 44.47328], [-73.13548, 44.47333], [-73.1356, 44.47335], [-73.13568, 44.47335], [-73.13588, 44.47334], [-73.13597, 44.47336], [-73.13607, 44.47346], [-73.13613, 44.47352], [-73.13616, 44.4736], [-73.13616, 44.47367], [-73.13619, 44.47385], [-73.13627, 44.47402], [-73.13636, 44.47414], [-73.13645, 44.47425], [-73.13657, 44.47435], [-73.13665, 44.47446], [-73.13667, 44.47457], [-73.13669, 44.47476], [-73.13665, 44.47479], [-73.13649, 44.47484], [-73.13593, 44.475], [-73.13595, 44.47504], [-73.13602, 44.47517], [-73.13608, 44.47536], [-73.13617, 44.4756], [-73.13622, 44.47581], [-73.13626, 44.47624], [-73.13623, 44.47673], [-73.13625, 44.47719], [-73.1363, 44.47749], [-73.13645, 44.4778], [-73.13662, 44.478], [-73.1368, 44.47814], [-73.13699, 44.47825], [-73.13732, 44.47835], [-73.13768, 44.47841], [-73.13791, 44.47841], [-73.13816, 44.4784], [-73.13841, 44.47836], [-73.13885, 44.47825], [-73.13919, 44.47817], [-73.13954, 44.47813], [-73.13993, 44.4781], [-73.14027, 44.47811], [-73.14053, 44.47813], [-73.14084, 44.47817], [-73.14116, 44.47823], [-73.14129, 44.47827], [-73.14132, 44.47827], [-73.14148, 44.47834], [-73.14171, 44.47846], [-73.14191, 44.47858], [-73.14215, 44.4787], [-73.14254, 44.47887], [-73.14286, 44.47904], [-73.14341, 44.47935], [-73.14372, 44.47957], [-73.14399, 44.47977], [-73.14439, 44.48009], [-73.14472, 44.48039], [-73.14477, 44.48046], [-73.14483, 44.48054], [-73.1449, 44.48065], [-73.14492, 44.48077], [-73.14492, 44.48083], [-73.14488, 44.48098], [-73.14481, 44.48112], [-73.14472, 44.48125], [-73.14464, 44.48136], [-73.14458, 44.48145], [-73.14453, 44.48157], [-73.14453, 44.48186], [-73.14454, 44.48209], [-73.14456, 44.48235], [-73.14455, 44.48259], [-73.14454, 44.48296], [-73.14445, 44.48331], [-73.14439, 44.48364], [-73.14435, 44.48391], [-73.14433, 44.48421], [-73.1443, 44.48438], [-73.14426, 44.48452], [-73.14422, 44.48467], [-73.14416, 44.4848], [-73.14395, 44.48524], [-73.14372, 44.48578], [-73.14357, 44.48629], [-73.14344, 44.48671], [-73.14332, 44.48709], [-73.1432, 44.48742], [-73.14304, 44.48783], [-73.14293, 44.48802], [-73.14283, 44.48817], [-73.14262, 44.48838], [-73.14242, 44.48856], [-73.14222, 44.48872], [-73.14203, 44.48886], [-73.14185, 44.48896], [-73.14165, 44.48905], [-73.14127, 44.48921], [-73.14076, 44.48944], [-73.14066, 44.48949], [-73.1405, 44.48958], [-73.14029, 44.4897], [-73.14013, 44.48984], [-73.13996, 44.49], [-73.13972, 44.49031], [-73.13958, 44.49069], [-73.13956, 44.49074], [-73.13945, 44.49147], [-73.13945, 44.49154], [-73.13945, 44.49189], [-73.13953, 44.49211], [-73.13959, 44.4923], [-73.13973, 44.49261], [-73.13985, 44.49291], [-73.13993, 44.49316], [-73.14005, 44.49366], [-73.14011, 44.49396], [-73.14016, 44.49416], [-73.14025, 44.49439], [-73.14032, 44.49455], [-73.14048, 44.49485], [-73.14059, 44.49511], [-73.14065, 44.49543], [-73.14065, 44.49568], [-73.14064, 44.49615], [-73.14057, 44.49652], [-73.14047, 44.49685], [-73.14037, 44.49711], [-73.14026, 44.49735], [-73.14018, 44.49746], [-73.14008, 44.49757], [-73.13985, 44.49778], [-73.13948, 44.49811], [-73.13917, 44.49838], [-73.13888, 44.49859], [-73.13847, 44.49882], [-73.13811, 44.499], [-73.13785, 44.49916], [-73.13764, 44.49931], [-73.13747, 44.49944], [-73.13736, 44.49955], [-73.1372, 44.49971], [-73.13713, 44.49983], [-73.13708, 44.49999], [-73.13705, 44.50016], [-73.13706, 44.50033], [-73.13709, 44.50048], [-73.13718, 44.50062], [-73.13725, 44.50071], [-73.13729, 44.50074], [-73.13738, 44.50083], [-73.13749, 44.50091], [-73.13761, 44.50099], [-73.13775, 44.50106], [-73.13795, 44.5011], [-73.13813, 44.50111], [-73.13835, 44.50107], [-73.13856, 44.50102], [-73.13896, 44.5009], [-73.13927, 44.50081], [-73.13986, 44.50061], [-73.14034, 44.50051], [-73.14053, 44.50046], [-73.14092, 44.50036], [-73.1412, 44.50025], [-73.14142, 44.5001], [-73.14183, 44.49976], [-73.14222, 44.49934], [-73.14259, 44.49889], [-73.1431, 44.49805], [-73.14332, 44.49766], [-73.14351, 44.49723], [-73.14375, 44.49686], [-73.14404, 44.49648], [-73.14437, 44.49617], [-73.14473, 44.49592], [-73.1456, 44.49546], [-73.14604, 44.49523], [-73.14651, 44.49497], [-73.14696, 44.49469], [-73.14742, 44.49437], [-73.14774, 44.49411], [-73.14795, 44.49382], [-73.14797, 44.49359], [-73.14792, 44.49332], [-73.14775, 44.4931], [-73.14755, 44.49291], [-73.14734, 44.49281], [-73.14707, 44.49271], [-73.14648, 44.49257], [-73.14603, 44.49253], [-73.14559, 44.49249], [-73.14512, 44.49246], [-73.14475, 44.49243], [-73.14433, 44.49237], [-73.14405, 44.49232], [-73.14376, 44.49223], [-73.14352, 44.49213], [-73.14328, 44.49198], [-73.14311, 44.4918], [-73.143, 44.49159], [-73.14295, 44.49125], [-73.14305, 44.49089], [-73.14322, 44.49065], [-73.1434, 44.49043], [-73.14364, 44.49021], [-73.1439, 44.49004], [-73.14423, 44.48985], [-73.14456, 44.48972], [-73.14462, 44.4897], [-73.14511, 44.48954], [-73.14572, 44.4894], [-73.14633, 44.4893], [-73.14759, 44.48918], [-73.14874, 44.48908], [-73.15019, 44.48897], [-73.15071, 44.4889], [-73.15115, 44.4888], [-73.15156, 44.48865], [-73.15203, 44.48846], [-73.15274, 44.48821], [-73.15352, 44.48799], [-73.15375, 44.48795], [-73.15397, 44.48794], [-73.15448, 44.488], [-73.15485, 44.48809], [-73.15515, 44.4882], [-73.15572, 44.48851], [-73.15622, 44.48883], [-73.15664, 44.48908], [-73.15692, 44.48931], [-73.15724, 44.48948], [-73.15768, 44.48964], [-73.15806, 44.48973], [-73.15823, 44.48976], [-73.1584, 44.48976], [-73.15845, 44.48974], [-73.15859, 44.4897], [-73.15871, 44.48964], [-73.15893, 44.48945], [-73.15906, 44.48937], [-73.15922, 44.48934], [-73.15938, 44.48937], [-73.15946, 44.48941], [-73.15962, 44.48956], [-73.15978, 44.48979], [-73.15998, 44.48997], [-73.16011, 44.49005], [-73.16025, 44.49013], [-73.16088, 44.49022], [-73.16136, 44.49017], [-73.16187, 44.49008], [-73.16216, 44.48999], [-73.1623, 44.48996], [-73.16261, 44.48986], [-73.16292, 44.4897], [-73.16322, 44.48944], [-73.16364, 44.48906], [-73.16423, 44.48829], [-73.16481, 44.48787], [-73.16562, 44.48741], [-73.16613, 44.48706], [-73.16633, 44.48696], [-73.16647, 44.48687], [-73.16657, 44.48684], [-73.16676, 44.48674], [-73.16742, 44.48654], [-73.1679, 44.48647], [-73.1684, 44.48651], [-73.16871, 44.48669], [-73.1688, 44.48696], [-73.16878, 44.48711], [-73.16876, 44.48726], [-73.16863, 44.48779], [-73.16844, 44.48828], [-73.16843, 44.48833], [-73.16841, 44.48838], [-73.16834, 44.48866], [-73.16821, 44.48922], [-73.16817, 44.4894], [-73.16814, 44.48957], [-73.16811, 44.48968], [-73.16812, 44.49006], [-73.16837, 44.49032], [-73.16871, 44.49038], [-73.16898, 44.49032], [-73.16932, 44.49014], [-73.16975, 44.48987], [-73.16987, 44.4898], [-73.16999, 44.48973], [-73.17004, 44.4897], [-73.17008, 44.48967], [-73.17057, 44.48927], [-73.17088, 44.48907], [-73.17127, 44.48879], [-73.17206, 44.48814], [-73.17211, 44.48808], [-73.17232, 44.48784], [-73.17245, 44.48757], [-73.17253, 44.48717], [-73.17274, 44.48673], [-73.17299, 44.48635], [-73.17325, 44.48607], [-73.17357, 44.48584], [-73.17368, 44.48578], [-73.17397, 44.48563], [-73.17401, 44.48561], [-73.17436, 44.48543], [-73.17473, 44.48524], [-73.17518, 44.48504], [-73.17547, 44.48494], [-73.1757, 44.48485], [-73.17612, 44.48467], [-73.1762, 44.48464], [-73.17643, 44.48439], [-73.17684, 44.48401], [-73.17812, 44.48284], [-73.17903, 44.48204], [-73.17985, 44.4813]], [[-73.17072, 44.48055], [-73.17072, 44.4807], [-73.1707, 44.48084], [-73.16975, 44.48154], [-73.16812, 44.48275], [-73.1662, 44.48417], [-73.16618, 44.48445], [-73.16604, 44.4845], [-73.16584, 44.48458], [-73.16564, 44.48464], [-73.16544, 44.4847], [-73.16522, 44.48475], [-73.16503, 44.48479], [-73.16419, 44.4849], [-73.16408, 44.48492], [-73.16397, 44.48494], [-73.16376, 44.48499], [-73.16335, 44.4851], [-73.16295, 44.48523], [-73.16268, 44.48534], [-73.16255, 44.48541], [-73.1623, 44.48519], [-73.16257, 44.48458], [-73.16288, 44.48384], [-73.16292, 44.48371], [-73.16294, 44.48356], [-73.16294, 44.48342], [-73.16293, 44.48335], [-73.16285, 44.48292], [-73.16283, 44.48276], [-73.16262, 44.48229], [-73.16258, 44.48222], [-73.16254, 44.48216], [-73.16249, 44.4821], [-73.16243, 44.48204], [-73.16237, 44.48199], [-73.16225, 44.4819], [-73.16219, 44.48186], [-73.16205, 44.4818], [-73.16191, 44.48175], [-73.1614, 44.48162], [-73.16113, 44.48153], [-73.16099, 44.48148], [-73.16086, 44.48142], [-73.16074, 44.48136], [-73.16061, 44.48128], [-73.16037, 44.48113], [-73.15964, 44.48065], [-73.15936, 44.48043], [-73.15919, 44.4803], [-73.15885, 44.48001], [-73.15873, 44.47992], [-73.15855, 44.4798], [-73.15836, 44.47969], [-73.15817, 44.47959], [-73.15759, 44.4793], [-73.1574, 44.4792], [-73.1572, 44.4791], [-73.15706, 44.47905], [-73.15692, 44.479], [-73.15678, 44.47896], [-73.15656, 44.4789], [-73.15635, 44.47887], [-73.1562, 44.47885], [-73.15598, 44.47884], [-73.15562, 44.47885], [-73.15483, 44.47889], [-73.15447, 44.47891], [-73.15302, 44.47895], [-73.15266, 44.47895], [-73.15186, 44.47898], [-73.15185, 44.4789], [-73.15001, 44.47893], [-73.14958, 44.4789], [-73.1493, 44.47868], [-73.14885, 44.47815], [-73.14864, 44.47768], [-73.1485, 44.47756], [-73.14825, 44.47741], [-73.14795, 44.47731], [-73.14762, 44.47727], [-73.14719, 44.47731], [-73.14709, 44.47734], [-73.1466, 44.47748], [-73.14631, 44.47758], [-73.146, 44.47759], [-73.14562, 44.47759], [-73.14507, 44.4775], [-73.14453, 44.47728], [-73.14421, 44.47706], [-73.14407, 44.47693], [-73.14355, 44.47639], [-73.14326, 44.47618], [-73.14254, 44.47594], [-73.1413, 44.4754], [-73.1397, 44.47506], [-73.13856, 44.47457], [-73.14097, 44.47035], [-73.13941, 44.46991], [-73.14017, 44.46854], [-73.13972, 44.4662], [-73.14014, 44.46554], [-73.13996, 44.46538], [-73.13942, 44.46538], [-73.13937, 44.46502], [-73.13901, 44.46486], [-73.13896, 44.46425], [-73.13601, 44.4624], [-73.13597, 44.46224], [-73.13919, 44.45948], [-73.14064, 44.46039], [-73.14064, 44.46023], [-73.14205, 44.46107], [-73.14228, 44.46091], [-73.1426, 44.46112], [-73.14509, 44.46282], [-73.14567, 44.46279], [-73.14771, 44.46271], [-73.14805, 44.46269], [-73.15004, 44.46311], [-73.15118, 44.46308], [-73.15118, 44.46331], [-73.15204, 44.46253], [-73.15223, 44.46263], [-73.15254, 44.46224], [-73.15302, 44.46247], [-73.15335, 44.46262], [-73.15367, 44.46277], [-73.15407, 44.46295], [-73.15407, 44.46319], [-73.15408, 44.46345], [-73.15408, 44.46348], [-73.15415, 44.46368], [-73.15457, 44.46454], [-73.15331, 44.4647], [-73.1535, 44.46561], [-73.1549, 44.46544], [-73.15501, 44.46542], [-73.15541, 44.46623], [-73.15577, 44.467], [-73.15611, 44.46769], [-73.15618, 44.46783], [-73.15627, 44.468], [-73.15655, 44.46852], [-73.15662, 44.46865], [-73.1568, 44.46899], [-73.15732, 44.47008], [-73.15734, 44.47013], [-73.15747, 44.4704], [-73.15797, 44.47141], [-73.15843, 44.47234], [-73.15901, 44.47352], [-73.15908, 44.47367], [-73.15922, 44.474], [-73.16017, 44.47371], [-73.16034, 44.47401], [-73.16072, 44.47472], [-73.16181, 44.47491], [-73.16198, 44.47447], [-73.16206, 44.47449], [-73.16215, 44.47449], [-73.16224, 44.47447], [-73.16229, 44.47445], [-73.16235, 44.47468], [-73.16275, 44.47473], [-73.16285, 44.47475], [-73.16258, 44.4752], [-73.1624, 44.47578], [-73.16408, 44.47595], [-73.16691, 44.4779], [-73.16694, 44.47792], [-73.17068, 44.4802], [-73.17071, 44.48041], [-73.17072, 44.48055]]]}}, {"type": "Feature", "properties": {"tract_id": "50007003401", "name": "Census Tract 34.01", "income_2020": 107724, "poverty_rate_2020": 6.5, "population_2020": 5296}, "geometry": {"type": "Polygon", "coordinates": [[[-73.23864, 44.35353], [-73.23865, 44.35347], [-73.23328, 44.35412], [-73.23093, 44.3544], [-73.22652, 44.35494], [-73.22533, 44.35509], [-73.22488, 44.35515], [-73.22359, 44.3553], [-73.22207, 44.3555], [-73.22094, 44.35563], [-73.22084, 44.35564], [-73.22073, 44.35565], [-73.21756, 44.35604], [-73.21742, 44.35606], [-73.21654, 44.35616], [-73.21374, 44.3565], [-73.21157, 44.35677], [-73.21132, 44.3568], [-73.20748, 44.35726], [-73.20702, 44.35732], [-73.20627, 44.35741], [-73.20076, 44.35804], [-73.20044, 44.35808], [-73.20033, 44.35809], [-73.19934, 44.3582], [-73.19624, 44.35856], [-73.19227, 44.35901], [-73.19171, 44.35905], [-73.19133, 44.35908], [-73.18738, 44.35956], [-73.18314, 44.36008], [-73.18079, 44.36035], [-73.1792, 44.36055], [-73.17914, 44.36055], [-73.17903, 44.36056], [-73.17899, 44.36057], [-73.1789, 44.36058], [-73.17769, 44.36078], [-73.17678, 44.36092], [-73.17667, 44.36094], [-73.17546, 44.36107], [-73.17317, 44.36129], [-73.17313, 44.3613], [-73.17234, 44.3614], [-73.17126, 44.36153], [-73.1681, 44.36189], [-73.16666, 44.36205], [-73.16609, 44.36212], [-73.16529, 44.36221], [-73.16184, 44.36264], [-73.16178, 44.36265], [-73.15831, 44.36308], [-73.15803, 44.362], [-73.1571, 44.3621], [-73.15232, 44.3626], [-73.15212, 44.36262], [-73.15183, 44.36266], [-73.15042, 44.36282], [-73.14895, 44.363], [-73.14711, 44.3632], [-73.14555, 44.36337], [-73.14443, 44.3635], [-73.14315, 44.36363], [-73.14076, 44.3639], [-73.13883, 44.36409], [-73.13673, 44.36431], [-73.13347, 44.36464], [-73.13379, 44.36604], [-73.1355, 44.37341], [-73.13625, 44.37665], [-73.13646, 44.37758], [-73.13661, 44.3782], [-73.13668, 44.37827], [-73.13671, 44.37831], [-73.13696, 44.37945], [-73.13839, 44.38598], [-73.13907, 44.38906], [-73.13946, 44.39085], [-73.14016, 44.39405], [-73.14021, 44.39425], [-73.14026, 44.39447], [-73.1404, 44.39521], [-73.14159, 44.40131], [-73.14161, 44.40142], [-73.14162, 44.40149], [-73.14166, 44.40167], [-73.14166, 44.4017], [-73.14198, 44.40178], [-73.14234, 44.40188], [-73.14571, 44.4028], [-73.15069, 44.40416], [-73.15441, 44.40517], [-73.15461, 44.40522], [-73.16651, 44.40846], [-73.16713, 44.40863], [-73.16752, 44.40874], [-73.17021, 44.40947], [-73.17258, 44.41011], [-73.17308, 44.41023], [-73.17678, 44.41125], [-73.18103, 44.41241], [-73.18538, 44.41359], [-73.19169, 44.4153], [-73.193, 44.41566], [-73.19659, 44.41663], [-73.19677, 44.41668], [-73.20325, 44.41844], [-73.20739, 44.41957], [-73.20873, 44.41993], [-73.20975, 44.42021], [-73.21205, 44.42084], [-73.21219, 44.42087], [-73.21222, 44.42058], [-73.21224, 44.4202], [-73.21228, 44.41994], [-73.21235, 44.41967], [-73.21245, 44.4193], [-73.21251, 44.41914], [-73.21274, 44.41841], [-73.21279, 44.41827], [-73.2132, 44.41705], [-73.21335, 44.4166], [-73.21341, 44.41641], [-73.2136, 44.41585], [-73.21392, 44.41487], [-73.21413, 44.41423], [-73.21432, 44.41366], [-73.21438, 44.41348], [-73.21453, 44.41301], [-73.21476, 44.41227], [-73.21515, 44.41109], [-73.21544, 44.41021], [-73.21552, 44.40998], [-73.21555, 44.40986], [-73.21591, 44.40876], [-73.2163, 44.40753], [-73.21664, 44.40648], [-73.21668, 44.40633], [-73.21676, 44.40608], [-73.21698, 44.40546], [-73.21716, 44.40499], [-73.21733, 44.40445], [-73.21756, 44.40366], [-73.21786, 44.40279], [-73.21862, 44.40029], [-73.21869, 44.40003], [-73.21896, 44.39921], [-73.21916, 44.39857], [-73.21923, 44.39835], [-73.21933, 44.39805], [-73.21993, 44.39616], [-73.22, 44.39592], [-73.22015, 44.39544], [-73.22024, 44.39519], [-73.22034, 44.39489], [-73.22055, 44.39434], [-73.22079, 44.39373], [-73.22114, 44.39251], [-73.22128, 44.39207], [-73.22141, 44.39169], [-73.22148, 44.39151], [-73.22167, 44.39121], [-73.22171, 44.39114], [-73.22195, 44.39079], [-73.22198, 44.39076], [-73.22223, 44.39049], [-73.22258, 44.39013], [-73.22291, 44.38979], [-73.22333, 44.38935], [-73.2238, 44.38886], [-73.22441, 44.38814], [-73.22461, 44.38786], [-73.22486, 44.38748], [-73.22517, 44.38695], [-73.22518, 44.38693], [-73.2252, 44.38688], [-73.22523, 44.38682], [-73.22534, 44.3866], [-73.22551, 44.3862], [-73.22586, 44.38524], [-73.22619, 44.38428], [-73.22637, 44.3838], [-73.22667, 44.38298], [-73.22684, 44.3825], [-73.2274, 44.381], [-73.22753, 44.38069], [-73.22846, 44.37822], [-73.22857, 44.37796], [-73.22903, 44.37674], [-73.23027, 44.37336], [-73.23129, 44.37062], [-73.23133, 44.37052], [-73.23175, 44.3694], [-73.23209, 44.36853], [-73.23252, 44.36742], [-73.23324, 44.36569], [-73.23327, 44.36563], [-73.23381, 44.36443], [-73.23397, 44.3641], [-73.2343, 44.36345], [-73.23452, 44.36307], [-73.2349, 44.36245], [-73.23494, 44.36239], [-73.23505, 44.3622], [-73.23512, 44.36207], [-73.23548, 44.3615], [-73.23568, 44.36117], [-73.23596, 44.36066], [-73.23619, 44.36021], [-73.23654, 44.35949], [-73.23658, 44.35941], [-73.23661, 44.35936], [-73.23663, 44.35932], [-73.23666, 44.35926], [-73.23677, 44.35901], [-73.23692, 44.35868], [-73.23734, 44.35775], [-73.23754, 44.35729], [-73.23771, 44.35681], [-73.23784, 44.3564], [-73.23815, 44.35528], [-73.23851, 44.35395], [-73.23862, 44.35359], [-73.23864, 44.35353]]]}}, {"type": "Feature", "properties": {"tract_id": "50007002103", "name": "Census Tract 21.03", "income_2020": 112632, "poverty_rate_2020": 4.2, "population_2020": 4205}, "geometry": {"type": "Polygon", "coordinates": [[[-73.13098, 44.59232], [-73.13096, 44.59211], [-73.13088, 44.59169], [-73.13085, 44.59142], [-73.1308, 44.59077], [-73.13082, 44.59027], [-73.13083, 44.58986], [-73.13084, 44.58976], [-73.13077, 44.58915], [-73.1307, 44.5887], [-73.13069, 44.58858], [-73.13066, 44.58839], [-73.1306, 44.58807], [-73.13043, 44.58757], [-73.12969, 44.58592], [-73.12948, 44.58544], [-73.1293, 44.58496], [-73.12926, 44.58487], [-73.12896, 44.58399], [-73.12883, 44.5835], [-73.12873, 44.5831], [-73.12871, 44.58301], [-73.12854, 44.58253], [-73.12832, 44.58206], [-73.12827, 44.58198], [-73.12826, 44.58196], [-73.12715, 44.58154], [-73.12663, 44.58135], [-73.12454, 44.58057], [-73.12328, 44.5801], [-73.12125, 44.57933], [-73.12081, 44.57917], [-73.11292, 44.57621], [-73.10359, 44.57272], [-73.10355, 44.5727], [-73.1035, 44.57269], [-73.10023, 44.57141], [-73.10003, 44.57133], [-73.09882, 44.57086], [-73.09792, 44.57051], [-73.0976, 44.57095], [-73.09447, 44.57528], [-73.09371, 44.57632], [-73.09242, 44.57806], [-73.09132, 44.57952], [-73.09054, 44.58058], [-73.09042, 44.58073], [-73.08911, 44.58249], [-73.07587, 44.60005], [-73.07077, 44.60692], [-73.06454, 44.6153], [-73.06197, 44.61875], [-73.06005, 44.62133], [-73.05291, 44.63093], [-73.04943, 44.63564], [-73.04865, 44.6367], [-73.04805, 44.63751], [-73.04747, 44.6383], [-73.0447, 44.64206], [-73.04461, 44.64218], [-73.04223, 44.64536], [-73.03803, 44.65102], [-73.03794, 44.65114], [-73.03803, 44.65116], [-73.03807, 44.65115], [-73.04178, 44.65258], [-73.04819, 44.65505], [-73.04934, 44.6555], [-73.06255, 44.6606], [-73.08358, 44.66872], [-73.08422, 44.66897], [-73.08591, 44.66962], [-73.08597, 44.66965], [-73.08618, 44.66973], [-73.08622, 44.66972], [-73.08631, 44.66978], [-73.08786, 44.67038], [-73.09016, 44.67127], [-73.09554, 44.67335], [-73.09923, 44.67477], [-73.10282, 44.67615], [-73.10435, 44.67672], [-73.10547, 44.67546], [-73.10617, 44.67464], [-73.10621, 44.67459], [-73.10701, 44.67353], [-73.10703, 44.67351], [-73.10753, 44.67161], [-73.10753, 44.67031], [-73.10753, 44.67021], [-73.10753, 44.66865], [-73.10753, 44.66788], [-73.10753, 44.66589], [-73.10755, 44.66574], [-73.10777, 44.66389], [-73.10871, 44.66273], [-73.10892, 44.66183], [-73.10927, 44.6604], [-73.10951, 44.65642], [-73.10974, 44.65584], [-73.11041, 44.65515], [-73.11056, 44.65516], [-73.11155, 44.65508], [-73.11251, 44.65538], [-73.11268, 44.6554], [-73.11322, 44.65543], [-73.11381, 44.65553], [-73.11389, 44.65527], [-73.1142, 44.65426], [-73.11454, 44.65312], [-73.1147, 44.65259], [-73.11488, 44.65195], [-73.11495, 44.65172], [-73.11506, 44.65134], [-73.11496, 44.65112], [-73.11496, 44.65096], [-73.11516, 44.65101], [-73.11524, 44.65073], [-73.11525, 44.6507], [-73.11565, 44.64933], [-73.11568, 44.64923], [-73.1161, 44.64775], [-73.11653, 44.64628], [-73.11662, 44.64577], [-73.11664, 44.64527], [-73.11659, 44.64497], [-73.11656, 44.64476], [-73.11642, 44.64427], [-73.1163, 44.64404], [-73.1162, 44.64381], [-73.11592, 44.64339], [-73.11546, 44.64282], [-73.1145, 44.64165], [-73.11383, 44.64074], [-73.11376, 44.64066], [-73.11369, 44.64059], [-73.11359, 44.64047], [-73.11347, 44.64031], [-73.11342, 44.64014], [-73.11338, 44.63998], [-73.11349, 44.63867], [-73.11356, 44.63765], [-73.11358, 44.6373], [-73.11359, 44.63705], [-73.11366, 44.63638], [-73.11369, 44.63609], [-73.1137, 44.63605], [-73.11375, 44.63581], [-73.11383, 44.63555], [-73.11398, 44.63505], [-73.11415, 44.63456], [-73.11434, 44.63409], [-73.11458, 44.63364], [-73.11478, 44.6332], [-73.11478, 44.63319], [-73.11495, 44.63276], [-73.11512, 44.63226], [-73.1152, 44.63203], [-73.11548, 44.63126], [-73.11582, 44.63034], [-73.11614, 44.62952], [-73.11657, 44.6284], [-73.11688, 44.6276], [-73.11734, 44.62643], [-73.11765, 44.62559], [-73.11773, 44.62537], [-73.1179, 44.62498], [-73.11808, 44.62455], [-73.11819, 44.62435], [-73.11838, 44.62367], [-73.11842, 44.6235], [-73.11851, 44.62321], [-73.11862, 44.62288], [-73.11885, 44.62224], [-73.11938, 44.62069], [-73.11966, 44.61991], [-73.11999, 44.61895], [-73.12024, 44.6183], [-73.12072, 44.61683], [-73.12102, 44.61602], [-73.12148, 44.61457], [-73.12191, 44.61311], [-73.12198, 44.61287], [-73.12209, 44.6125], [-73.12211, 44.61244], [-73.12228, 44.61195], [-73.12283, 44.61053], [-73.12309, 44.60985], [-73.12338, 44.60908], [-73.1239, 44.60763], [-73.12447, 44.60621], [-73.12511, 44.60482], [-73.12596, 44.60319], [-73.12686, 44.60159], [-73.12768, 44.60031], [-73.12795, 44.59987], [-73.12817, 44.59941], [-73.12827, 44.5989], [-73.12831, 44.59839], [-73.12833, 44.59737], [-73.1284, 44.59687], [-73.12854, 44.59638], [-73.12875, 44.59591], [-73.12892, 44.59544], [-73.12914, 44.59485], [-73.12924, 44.59469], [-73.12939, 44.59447], [-73.1297, 44.59405], [-73.13005, 44.59368], [-73.13041, 44.59332], [-73.13073, 44.59292], [-73.13086, 44.59274], [-73.13092, 44.59261], [-73.13096, 44.59247], [-73.13098, 44.59232]]]}}, {"type": "Feature", "properties": {"tract_id": "50007002301", "name": "Census Tract 23.01", "income_2020": 118750, "poverty_rate_2020": 13.7, "population_2020": 1390}, "geometry": {"type": "Polygon", "coordinates": [[[-73.26985, 44.59288], [-73.27056, 44.59255], [-73.26774, 44.59103], [-73.2573, 44.58649], [-73.25652, 44.58643], [-73.23785, 44.58146], [-73.22639, 44.5762], [-73.22078, 44.5724], [-73.21632, 44.56937], [-73.20983, 44.56622], [-73.2094, 44.56394], [-73.20924, 44.56253], [-73.20329, 44.56253], [-73.2016, 44.55924], [-73.19908, 44.55662], [-73.19682, 44.55557], [-73.19638, 44.55536], [-73.1947, 44.55558], [-73.19127, 44.55583], [-73.19127, 44.5558], [-73.19129, 44.55573], [-73.19132, 44.55559], [-73.19128, 44.55532], [-73.19108, 44.55496], [-73.19102, 44.55478], [-73.19085, 44.55478], [-73.19005, 44.55468], [-73.18768, 44.55441], [-73.18747, 44.5544], [-73.18725, 44.55439], [-73.18703, 44.5544], [-73.18682, 44.55441], [-73.18624, 44.55446], [-73.18612, 44.55447], [-73.18595, 44.55447], [-73.18581, 44.55448], [-73.18535, 44.55451], [-73.18482, 44.5545], [-73.18352, 44.55641], [-73.18312, 44.55702], [-73.18252, 44.55794], [-73.18192, 44.55885], [-73.18172, 44.55914], [-73.1814, 44.55963], [-73.18126, 44.55988], [-73.18092, 44.56044], [-73.18067, 44.56089], [-73.18056, 44.56108], [-73.18046, 44.56127], [-73.18039, 44.56148], [-73.18015, 44.56201], [-73.18008, 44.56221], [-73.17999, 44.56241], [-73.17996, 44.56249], [-73.17984, 44.56283], [-73.17979, 44.56304], [-73.17973, 44.56325], [-73.17967, 44.56346], [-73.17962, 44.56367], [-73.1794, 44.56467], [-73.17934, 44.56502], [-73.17912, 44.5661], [-73.17899, 44.56682], [-73.17877, 44.56789], [-73.1785, 44.56931], [-73.17824, 44.57065], [-73.17815, 44.5711], [-73.17805, 44.57164], [-73.17803, 44.57175], [-73.17803, 44.57177], [-73.17802, 44.57181], [-73.17801, 44.57187], [-73.17794, 44.57188], [-73.17773, 44.57189], [-73.17747, 44.5719], [-73.17708, 44.57191], [-73.17697, 44.57184], [-73.17624, 44.57171], [-73.17561, 44.57147], [-73.17549, 44.57142], [-73.17463, 44.57092], [-73.17358, 44.57038], [-73.17311, 44.57018], [-73.17301, 44.57006], [-73.17292, 44.56981], [-73.1727, 44.56956], [-73.17267, 44.56947], [-73.17268, 44.56937], [-73.17273, 44.56923], [-73.17273, 44.5691], [-73.17269, 44.569], [-73.17255, 44.5688], [-73.17253, 44.56871], [-73.1726, 44.5685], [-73.17257, 44.56821], [-73.17259, 44.56811], [-73.17269, 44.5679], [-73.17271, 44.56779], [-73.17268, 44.56773], [-73.1725, 44.56758], [-73.1725, 44.56755], [-73.17253, 44.56733], [-73.1725, 44.56718], [-73.17239, 44.56694], [-73.17237, 44.56672], [-73.17237, 44.56667], [-73.17246, 44.56651], [-73.17191, 44.56612], [-73.16798, 44.57129], [-73.16786, 44.57127], [-73.16762, 44.57124], [-73.16708, 44.57129], [-73.16692, 44.57128], [-73.16661, 44.57121], [-73.16617, 44.57107], [-73.16608, 44.57106], [-73.16577, 44.57104], [-73.16548, 44.57107], [-73.16526, 44.57102], [-73.16507, 44.57091], [-73.16451, 44.57013], [-73.16443, 44.57005], [-73.16401, 44.56957], [-73.16375, 44.56922], [-73.16365, 44.56913], [-73.1634, 44.56889], [-73.16332, 44.56869], [-73.16334, 44.56852], [-73.16354, 44.56822], [-73.16361, 44.56804], [-73.16354, 44.56797], [-73.16349, 44.56796], [-73.16319, 44.568], [-73.16305, 44.568], [-73.1628, 44.56794], [-73.1627, 44.56789], [-73.16247, 44.56783], [-73.1623, 44.56782], [-73.16221, 44.56784], [-73.16197, 44.56796], [-73.16171, 44.56794], [-73.16141, 44.56787], [-73.16094, 44.56783], [-73.16075, 44.5678], [-73.16036, 44.56763], [-73.15985, 44.5675], [-73.15953, 44.56738], [-73.15935, 44.56714], [-73.15925, 44.56696], [-73.15909, 44.56675], [-73.15893, 44.56662], [-73.15883, 44.56657], [-73.15858, 44.56649], [-73.15798, 44.56647], [-73.15777, 44.56643], [-73.15764, 44.56638], [-73.15759, 44.56635], [-73.15747, 44.56621], [-73.15738, 44.56589], [-73.15733, 44.5658], [-73.15729, 44.56578], [-73.15714, 44.56598], [-73.1556, 44.5681], [-73.15547, 44.56828], [-73.15536, 44.56846], [-73.15525, 44.56866], [-73.1552, 44.56879], [-73.15516, 44.56893], [-73.15513, 44.56907], [-73.15512, 44.56922], [-73.15512, 44.56936], [-73.15514, 44.5695], [-73.15518, 44.56964], [-73.15522, 44.56978], [-73.15538, 44.57011], [-73.15568, 44.57068], [-73.15579, 44.57087], [-73.1559, 44.57105], [-73.15603, 44.57122], [-73.15616, 44.5714], [-73.1563, 44.57156], [-73.15675, 44.57204], [-73.15704, 44.57237], [-73.15717, 44.57254], [-73.15729, 44.57272], [-73.1574, 44.57292], [-73.1575, 44.57312], [-73.15793, 44.57412], [-73.15836, 44.57511], [-73.15833, 44.57511], [-73.15797, 44.57506], [-73.15767, 44.57505], [-73.15739, 44.57509], [-73.15724, 44.57513], [-73.15697, 44.57528], [-73.15669, 44.5756], [-73.15657, 44.57567], [-73.15646, 44.5757], [-73.15632, 44.57569], [-73.15613, 44.57557], [-73.15604, 44.57556], [-73.15596, 44.57557], [-73.15588, 44.57561], [-73.15582, 44.57567], [-73.15578, 44.57573], [-73.15567, 44.57597], [-73.15545, 44.57617], [-73.1553, 44.57638], [-73.15524, 44.57655], [-73.15521, 44.57676], [-73.15521, 44.57711], [-73.15488, 44.57728], [-73.15427, 44.57746], [-73.15389, 44.57762], [-73.15371, 44.57775], [-73.15348, 44.57798], [-73.15316, 44.57824], [-73.15293, 44.57837], [-73.15248, 44.57853], [-73.15228, 44.57863], [-73.15206, 44.57878], [-73.1517, 44.5791], [-73.15155, 44.5792], [-73.15132, 44.57929], [-73.15077, 44.57939], [-73.15054, 44.57945], [-73.15036, 44.57953], [-73.15021, 44.57963], [-73.14981, 44.58], [-73.14957, 44.58016], [-73.1494, 44.58024], [-73.14912, 44.58031], [-73.14886, 44.58034], [-73.14853, 44.58033], [-73.14828, 44.58031], [-73.14797, 44.58031], [-73.14757, 44.58041], [-73.14724, 44.58053], [-73.14544, 44.58182], [-73.14482, 44.58224], [-73.14447, 44.5824], [-73.14369, 44.58268], [-73.14326, 44.58289], [-73.14291, 44.58301], [-73.14259, 44.58306], [-73.14181, 44.58315], [-73.14135, 44.58315], [-73.14116, 44.58317], [-73.14098, 44.58321], [-73.14042, 44.58339], [-73.14015, 44.58342], [-73.13981, 44.58342], [-73.13958, 44.5834], [-73.13947, 44.5834], [-73.13894, 44.58333], [-73.13848, 44.58326], [-73.13825, 44.58325], [-73.13812, 44.58328], [-73.138, 44.58334], [-73.13789, 44.5835], [-73.13784, 44.58389], [-73.13771, 44.5844], [-73.1377, 44.58461], [-73.13773, 44.58487], [-73.13779, 44.58504], [-73.13782, 44.58511], [-73.13786, 44.58521], [-73.13811, 44.58561], [-73.13814, 44.58564], [-73.14128, 44.58681], [-73.14139, 44.58685], [-73.14313, 44.58749], [-73.14332, 44.58756], [-73.14428, 44.58791], [-73.14994, 44.59001], [-73.15085, 44.59037], [-73.15126, 44.59052], [-73.15304, 44.59121], [-73.15398, 44.59156], [-73.15502, 44.59197], [-73.15953, 44.59355], [-73.16083, 44.59404], [-73.16321, 44.59492], [-73.16611, 44.596], [-73.16649, 44.59614], [-73.16842, 44.59685], [-73.16996, 44.59741], [-73.17253, 44.59833], [-73.17304, 44.59852], [-73.17437, 44.59901], [-73.17791, 44.60031], [-73.1874, 44.60379], [-73.18848, 44.6041], [-73.1886, 44.60413], [-73.19645, 44.60695], [-73.19789, 44.60747], [-73.19826, 44.6076], [-73.19845, 44.6077], [-73.19871, 44.60783], [-73.19894, 44.6075], [-73.19909, 44.60718], [-73.20005, 44.60545], [-73.20006, 44.60544], [-73.20137, 44.60404], [-73.20169, 44.60386], [-73.20212, 44.60362], [-73.20255, 44.60337], [-73.204, 44.60336], [-73.20464, 44.60354], [-73.20559, 44.60383], [-73.20706, 44.60426], [-73.2078, 44.60443], [-73.20864, 44.60463], [-73.20903, 44.60472], [-73.21147, 44.6051], [-73.21163, 44.60511], [-73.21182, 44.60514], [-73.21356, 44.60517], [-73.21512, 44.60507], [-73.21527, 44.60506], [-73.21715, 44.60516], [-73.21856, 44.60565], [-73.21861, 44.60567], [-73.21878, 44.60575], [-73.21991, 44.60626], [-73.22123, 44.60698], [-73.2225, 44.60758], [-73.22307, 44.60785], [-73.22483, 44.6087], [-73.22529, 44.609], [-73.22645, 44.60986], [-73.22737, 44.61061], [-73.228, 44.61115], [-73.2286, 44.61166], [-73.22977, 44.61255], [-73.23129, 44.61325], [-73.23263, 44.6135], [-73.23502, 44.61334], [-73.23551, 44.61331], [-73.23623, 44.61306], [-73.23688, 44.61284], [-73.23709, 44.61275], [-73.2383, 44.61223], [-73.23958, 44.61125], [-73.24, 44.61124], [-73.24057, 44.61121], [-73.2545, 44.61068], [-73.25469, 44.60969], [-73.25486, 44.60874], [-73.25513, 44.60682], [-73.25597, 44.60488], [-73.25734, 44.60269], [-73.25856, 44.60122], [-73.26035, 44.59924], [-73.26194, 44.59753], [-73.2637, 44.59619], [-73.26602, 44.59496], [-73.26763, 44.59407], [-73.26985, 44.59288]]]}}, {"type": "Feature", "properties": {"tract_id": "50007002602", "name": "Census Tract 26.02", "income_2020": 101250, "poverty_rate_2020": 6.7, "population_2020": 4472}, "geometry": {"type": "Polygon", "coordinates": [[[-73.11559, 44.48231], [-73.11559, 44.48213], [-73.11557, 44.48176], [-73.11555, 44.48164], [-73.11552, 44.48157], [-73.11552, 44.48153], [-73.11548, 44.48142], [-73.11543, 44.48133], [-73.11543, 44.48132], [-73.11537, 44.48137], [-73.11501, 44.48165], [-73.11473, 44.48189], [-73.1145, 44.48213], [-73.11436, 44.48231], [-73.11432, 44.48236], [-73.11422, 44.48251], [-73.11412, 44.48262], [-73.11407, 44.48269], [-73.11392, 44.48282], [-73.11373, 44.48294], [-73.11357, 44.48302], [-73.11338, 44.48309], [-73.11317, 44.48316], [-73.11295, 44.4832], [-73.11254, 44.48323], [-73.1125, 44.48323], [-73.11232, 44.48321], [-73.11222, 44.48319], [-73.1121, 44.48316], [-73.11193, 44.48307], [-73.11177, 44.48294], [-73.11169, 44.48287], [-73.11158, 44.48274], [-73.11136, 44.48249], [-73.11117, 44.48227], [-73.11087, 44.48193], [-73.11042, 44.48147], [-73.10998, 44.48098], [-73.10937, 44.48045], [-73.10875, 44.47997], [-73.10806, 44.47952], [-73.10793, 44.47946], [-73.10728, 44.47914], [-73.10637, 44.47873], [-73.10556, 44.47838], [-73.10467, 44.47797], [-73.10431, 44.47779], [-73.10396, 44.47762], [-73.10377, 44.47748], [-73.10356, 44.47731], [-73.10338, 44.47717], [-73.10316, 44.47698], [-73.1029, 44.47666], [-73.10274, 44.47645], [-73.10263, 44.47622], [-73.10253, 44.47579], [-73.10242, 44.47532], [-73.10235, 44.47484], [-73.10226, 44.47428], [-73.1022, 44.47389], [-73.10208, 44.47334], [-73.10198, 44.47292], [-73.1019, 44.47268], [-73.10178, 44.47244], [-73.10163, 44.47228], [-73.10143, 44.47212], [-73.10119, 44.47202], [-73.10088, 44.47192], [-73.1006, 44.47189], [-73.10033, 44.4719], [-73.10004, 44.4719], [-73.09975, 44.47194], [-73.09944, 44.472], [-73.0992, 44.47207], [-73.09873, 44.47226], [-73.0983, 44.47246], [-73.09769, 44.47288], [-73.09732, 44.47318], [-73.09686, 44.47363], [-73.0965, 44.47402], [-73.09618, 44.47449], [-73.09587, 44.47495], [-73.09538, 44.47564], [-73.09529, 44.47578], [-73.09513, 44.47607], [-73.09486, 44.47666], [-73.09464, 44.47715], [-73.09451, 44.47746], [-73.09434, 44.47807], [-73.0943, 44.47826], [-73.09423, 44.47854], [-73.09404, 44.47915], [-73.09377, 44.47956], [-73.09354, 44.4798], [-73.09326, 44.48], [-73.09297, 44.48022], [-73.09259, 44.48051], [-73.09224, 44.48076], [-73.09194, 44.48093], [-73.09163, 44.48105], [-73.09159, 44.48106], [-73.09137, 44.4811], [-73.09109, 44.48111], [-73.09086, 44.4811], [-73.09052, 44.48105], [-73.09018, 44.48098], [-73.09003, 44.48094], [-73.08995, 44.48092], [-73.08988, 44.4809], [-73.08977, 44.48085], [-73.08965, 44.4808], [-73.08955, 44.48076], [-73.08944, 44.48072], [-73.08929, 44.48069], [-73.08923, 44.48127], [-73.08912, 44.48232], [-73.08899, 44.48354], [-73.08902, 44.48364], [-73.08827, 44.4836], [-73.08743, 44.48355], [-73.08717, 44.48354], [-73.08664, 44.48351], [-73.08563, 44.48583], [-73.08554, 44.48598], [-73.08536, 44.48631], [-73.08524, 44.48665], [-73.08515, 44.487], [-73.0851, 44.48736], [-73.08511, 44.48757], [-73.08511, 44.48771], [-73.08554, 44.48791], [-73.08596, 44.4882], [-73.08426, 44.49102], [-73.08424, 44.49277], [-73.0843, 44.49375], [-73.08152, 44.49754], [-73.08263, 44.49797], [-73.0861, 44.4992], [-73.08625, 44.49925], [-73.08646, 44.49932], [-73.08763, 44.49974], [-73.08798, 44.49928], [-73.08826, 44.49889], [-73.08915, 44.49932], [-73.09213, 44.50043], [-73.09335, 44.50089], [-73.0941, 44.50117], [-73.09573, 44.50178], [-73.09616, 44.50139], [-73.09667, 44.50092], [-73.09696, 44.50066], [-73.09719, 44.50044], [-73.09721, 44.50042], [-73.09748, 44.50014], [-73.09772, 44.49988], [-73.0982, 44.49936], [-73.09857, 44.49895], [-73.09899, 44.49846], [-73.09928, 44.49813], [-73.09953, 44.49786], [-73.09979, 44.4976], [-73.10006, 44.49737], [-73.10035, 44.49716], [-73.10097, 44.49676], [-73.10161, 44.49636], [-73.10192, 44.49615], [-73.1023, 44.4959], [-73.10256, 44.49573], [-73.10293, 44.49552], [-73.10324, 44.49533], [-73.10344, 44.4952], [-73.10385, 44.49494], [-73.10415, 44.49475], [-73.10482, 44.49434], [-73.1056, 44.49384], [-73.10563, 44.49382], [-73.10571, 44.49377], [-73.10597, 44.49361], [-73.10635, 44.49335], [-73.10676, 44.49312], [-73.1073, 44.4928], [-73.10802, 44.49235], [-73.1082, 44.49225], [-73.10846, 44.4921], [-73.10945, 44.49148], [-73.10949, 44.49145], [-73.10958, 44.4914], [-73.10971, 44.49133], [-73.1105, 44.49085], [-73.11069, 44.49076], [-73.11076, 44.49073], [-73.11097, 44.49063], [-73.11124, 44.49053], [-73.1114, 44.49031], [-73.11163, 44.48991], [-73.11201, 44.48926], [-73.11213, 44.48903], [-73.11218, 44.48895], [-73.11237, 44.48864], [-73.11258, 44.48828], [-73.11259, 44.48825], [-73.11301, 44.4875], [-73.11304, 44.48745], [-73.1133, 44.48698], [-73.11341, 44.48679], [-73.11373, 44.48621], [-73.11401, 44.48568], [-73.11412, 44.48551], [-73.11444, 44.48493], [-73.11458, 44.48469], [-73.11474, 44.48441], [-73.11488, 44.48414], [-73.1149, 44.48411], [-73.11492, 44.48408], [-73.11493, 44.48405], [-73.11497, 44.484], [-73.115, 44.48394], [-73.11517, 44.48363], [-73.11532, 44.48337], [-73.1154, 44.48316], [-73.11543, 44.4831], [-73.1155, 44.48293], [-73.11555, 44.48268], [-73.11559, 44.48231]]]}}, {"type": "Feature", "properties": {"tract_id": "50007003600", "name": "Census Tract 36", "income_2020": 70489, "poverty_rate_2020": 17.8, "population_2020": 4990}, "geometry": {"type": "Polygon", "coordinates": [[[-73.19378, 44.47411], [-73.19372, 44.47369], [-73.19367, 44.47345], [-73.19353, 44.47271], [-73.19337, 44.47186], [-73.19333, 44.47164], [-73.19322, 44.47106], [-73.19286, 44.46914], [-73.19244, 44.46685], [-73.19227, 44.46601], [-73.19204, 44.4647], [-73.19116, 44.4602], [-73.19071, 44.45788], [-73.1905, 44.45682], [-73.19004, 44.45444], [-73.18989, 44.45444], [-73.18918, 44.45448], [-73.1891, 44.45406], [-73.1889, 44.45299], [-73.18869, 44.45178], [-73.18858, 44.45112], [-73.18838, 44.44995], [-73.18682, 44.44999], [-73.18619, 44.45], [-73.18569, 44.45002], [-73.18532, 44.45005], [-73.18495, 44.45008], [-73.18424, 44.4502], [-73.18354, 44.45028], [-73.18348, 44.45028], [-73.18311, 44.45034], [-73.18274, 44.45039], [-73.18237, 44.45043], [-73.18199, 44.45045], [-73.18162, 44.45044], [-73.18126, 44.45042], [-73.1809, 44.45038], [-73.18073, 44.45035], [-73.18053, 44.45032], [-73.17997, 44.45016], [-73.17979, 44.45011], [-73.17891, 44.44986], [-73.17888, 44.44985], [-73.17854, 44.44974], [-73.17814, 44.44963], [-73.1777, 44.44952], [-73.17727, 44.44943], [-73.17683, 44.44934], [-73.17646, 44.44928], [-73.17601, 44.44923], [-73.17505, 44.44917], [-73.1749, 44.44916], [-73.17294, 44.44912], [-73.17256, 44.44912], [-73.17219, 44.44912], [-73.17181, 44.4491], [-73.16919, 44.44905], [-73.16805, 44.44902], [-73.16782, 44.44902], [-73.16722, 44.44901], [-73.16618, 44.44899], [-73.16581, 44.44899], [-73.16544, 44.44897], [-73.16507, 44.44896], [-73.16484, 44.44897], [-73.16462, 44.44894], [-73.16396, 44.44891], [-73.16336, 44.44887], [-73.16263, 44.4488], [-73.16189, 44.44871], [-73.16123, 44.44862], [-73.16036, 44.44847], [-73.15993, 44.44839], [-73.1595, 44.4483], [-73.15914, 44.44822], [-73.15842, 44.44804], [-73.15776, 44.44786], [-73.15771, 44.44805], [-73.15757, 44.44858], [-73.15747, 44.449], [-73.15745, 44.44919], [-73.15745, 44.44937], [-73.15751, 44.4496], [-73.15761, 44.44988], [-73.15781, 44.45018], [-73.15808, 44.45051], [-73.15827, 44.45068], [-73.1585, 44.45083], [-73.15881, 44.45101], [-73.15912, 44.45118], [-73.15975, 44.45154], [-73.16008, 44.45172], [-73.16072, 44.45208], [-73.16107, 44.45227], [-73.16113, 44.45231], [-73.16118, 44.45233], [-73.16287, 44.45324], [-73.16373, 44.45374], [-73.16436, 44.45411], [-73.16449, 44.45418], [-73.16486, 44.45439], [-73.1649, 44.4544], [-73.16502, 44.45447], [-73.16631, 44.45517], [-73.16721, 44.45566], [-73.16744, 44.45577], [-73.16771, 44.4559], [-73.16801, 44.45607], [-73.16836, 44.45626], [-73.16854, 44.45636], [-73.16868, 44.45643], [-73.16899, 44.4566], [-73.1692, 44.45675], [-73.16935, 44.45688], [-73.16946, 44.45704], [-73.16953, 44.4572], [-73.16957, 44.45734], [-73.1696, 44.45756], [-73.16967, 44.4581], [-73.16981, 44.45896], [-73.16992, 44.45953], [-73.16993, 44.45958], [-73.16998, 44.45982], [-73.17006, 44.46023], [-73.17021, 44.46102], [-73.17036, 44.46197], [-73.17052, 44.46271], [-73.17071, 44.46353], [-73.17082, 44.46431], [-73.17092, 44.4648], [-73.17093, 44.46489], [-73.17111, 44.46572], [-73.17125, 44.4664], [-73.17137, 44.46699], [-73.17151, 44.46772], [-73.17161, 44.46829], [-73.17171, 44.46882], [-73.17182, 44.46941], [-73.17191, 44.46995], [-73.17197, 44.4703], [-73.17208, 44.47083], [-73.1721, 44.47093], [-73.17223, 44.47157], [-73.17226, 44.47177], [-73.17233, 44.47206], [-73.17242, 44.47246], [-73.17252, 44.47298], [-73.17269, 44.47386], [-73.17275, 44.47419], [-73.17278, 44.47427], [-73.17283, 44.47445], [-73.17297, 44.47469], [-73.17308, 44.47488], [-73.17383, 44.47606], [-73.17396, 44.47621], [-73.17421, 44.47646], [-73.17491, 44.4771], [-73.17542, 44.47756], [-73.17588, 44.47796], [-73.1761, 44.47814], [-73.17643, 44.47841], [-73.17674, 44.47866], [-73.17694, 44.47881], [-73.17754, 44.47925], [-73.17785, 44.47947], [-73.17819, 44.4797], [-73.17843, 44.47987], [-73.17863, 44.47999], [-73.18028, 44.48094], [-73.18086, 44.48042], [-73.18246, 44.479], [-73.18339, 44.47818], [-73.1877, 44.47446], [-73.1879, 44.47429], [-73.18996, 44.47253], [-73.19001, 44.47248], [-73.19012, 44.47239], [-73.19033, 44.47249], [-73.19139, 44.47299], [-73.19355, 44.47401], [-73.1937, 44.47407], [-73.19378, 44.47411]]]}}, {"type": "Feature", "properties": {"tract_id": "50007003900", "name": "Census Tract 39", "income_2020": 49519, "poverty_rate_2020": 48.7, "population_2020": 7705}, "geometry": {"type": "Polygon", "coordinates": [[[-73.20772, 44.46319], [-73.20777, 44.46307], [-73.20719, 44.46305], [-73.20608, 44.46304], [-73.20586, 44.46302], [-73.20572, 44.46299], [-73.20547, 44.4629], [-73.20535, 44.46281], [-73.20517, 44.46268], [-73.20505, 44.46259], [-73.20492, 44.46252], [-73.20477, 44.46247], [-73.20462, 44.46244], [-73.20448, 44.46243], [-73.2033, 44.46245], [-73.20287, 44.46246], [-73.2026, 44.46247], [-73.20216, 44.46248], [-73.20194, 44.46248], [-73.20145, 44.4625], [-73.20124, 44.46257], [-73.20112, 44.46265], [-73.20104, 44.46276], [-73.201, 44.46288], [-73.20097, 44.46281], [-73.2009, 44.46251], [-73.20075, 44.46197], [-73.20057, 44.46096], [-73.20051, 44.46053], [-73.20051, 44.4601], [-73.20051, 44.45986], [-73.20052, 44.45964], [-73.20054, 44.45936], [-73.20065, 44.45896], [-73.2003, 44.45905], [-73.19936, 44.45758], [-73.19933, 44.45749], [-73.19915, 44.45702], [-73.19903, 44.45668], [-73.19882, 44.45613], [-73.19881, 44.45611], [-73.19868, 44.45578], [-73.19865, 44.45572], [-73.19846, 44.45465], [-73.19721, 44.45457], [-73.19654, 44.45453], [-73.19233, 44.45428], [-73.18998, 44.45414], [-73.19004, 44.45444], [-73.1905, 44.45682], [-73.19071, 44.45788], [-73.19116, 44.4602], [-73.19204, 44.4647], [-73.19227, 44.46601], [-73.19244, 44.46685], [-73.19286, 44.46914], [-73.19322, 44.47106], [-73.19333, 44.47164], [-73.19337, 44.47186], [-73.19353, 44.47271], [-73.19367, 44.47345], [-73.19372, 44.47369], [-73.19378, 44.47411], [-73.1937, 44.47407], [-73.19355, 44.47401], [-73.19139, 44.47299], [-73.19033, 44.47249], [-73.19012, 44.47239], [-73.19001, 44.47248], [-73.18996, 44.47253], [-73.18997, 44.47256], [-73.1901, 44.47272], [-73.19011, 44.47275], [-73.19018, 44.47286], [-73.19021, 44.47299], [-73.19027, 44.47313], [-73.1903, 44.47326], [-73.19052, 44.47419], [-73.19078, 44.47507], [-73.19085, 44.4753], [-73.19106, 44.47606], [-73.19142, 44.47742], [-73.1917, 44.47848], [-73.19184, 44.47898], [-73.1919, 44.47929], [-73.19198, 44.47958], [-73.19207, 44.47996], [-73.19216, 44.48035], [-73.19227, 44.4807], [-73.19257, 44.48185], [-73.19267, 44.48224], [-73.1925, 44.48231], [-73.19187, 44.48258], [-73.19147, 44.48275], [-73.19128, 44.48283], [-73.19103, 44.48295], [-73.19076, 44.48305], [-73.19041, 44.48319], [-73.19088, 44.48384], [-73.19152, 44.48359], [-73.19223, 44.4845], [-73.19307, 44.48557], [-73.19455, 44.48493], [-73.19461, 44.48482], [-73.19463, 44.48478], [-73.19469, 44.48454], [-73.19472, 44.48446], [-73.19479, 44.48433], [-73.19487, 44.48418], [-73.19493, 44.48405], [-73.19495, 44.48402], [-73.19499, 44.48395], [-73.19512, 44.48374], [-73.1952, 44.48366], [-73.1953, 44.48364], [-73.19532, 44.48363], [-73.19541, 44.48362], [-73.19566, 44.48363], [-73.19576, 44.48364], [-73.19578, 44.48365], [-73.19581, 44.48366], [-73.19601, 44.48367], [-73.19604, 44.48366], [-73.19613, 44.48363], [-73.19619, 44.48359], [-73.19624, 44.48351], [-73.19631, 44.48332], [-73.19637, 44.48326], [-73.19647, 44.48322], [-73.1954, 44.48176], [-73.19531, 44.4818], [-73.19469, 44.48208], [-73.19425, 44.48154], [-73.19496, 44.48123], [-73.1951, 44.48118], [-73.19518, 44.48115], [-73.19546, 44.48104], [-73.19597, 44.48083], [-73.19603, 44.48081], [-73.1961, 44.48079], [-73.19625, 44.48076], [-73.19651, 44.48074], [-73.19661, 44.48073], [-73.19688, 44.48071], [-73.1987, 44.48064], [-73.19927, 44.48062], [-73.19963, 44.48062], [-73.19978, 44.48063], [-73.19991, 44.48065], [-73.20034, 44.48072], [-73.20049, 44.48074], [-73.20061, 44.48075], [-73.20073, 44.48077], [-73.20161, 44.48075], [-73.2023, 44.48074], [-73.20259, 44.48074], [-73.203, 44.48073], [-73.20339, 44.48073], [-73.20339, 44.4804], [-73.20334, 44.48003], [-73.20331, 44.47961], [-73.20326, 44.47911], [-73.20314, 44.47836], [-73.20306, 44.47763], [-73.20304, 44.47736], [-73.20302, 44.47705], [-73.20299, 44.47629], [-73.20343, 44.47627], [-73.20371, 44.47626], [-73.2039, 44.47625], [-73.20414, 44.47624], [-73.2055, 44.47618], [-73.20544, 44.47552], [-73.20541, 44.47527], [-73.2054, 44.47515], [-73.20538, 44.47489], [-73.2053, 44.47394], [-73.20522, 44.473], [-73.2052, 44.47282], [-73.20518, 44.47254], [-73.20517, 44.47243], [-73.20514, 44.47198], [-73.20512, 44.47173], [-73.2051, 44.47153], [-73.2051, 44.4715], [-73.20509, 44.47135], [-73.20505, 44.47079], [-73.20502, 44.47019], [-73.205, 44.46977], [-73.20501, 44.46967], [-73.20504, 44.46955], [-73.20515, 44.4693], [-73.20519, 44.4692], [-73.20534, 44.46882], [-73.20592, 44.46741], [-73.20644, 44.46618], [-73.20722, 44.46426], [-73.20742, 44.46377], [-73.20764, 44.46335], [-73.20772, 44.46319]]]}}, {"type": "Feature", "properties": {"tract_id": "50007003501", "name": "Census Tract 35.01", "income_2020": 124611, "poverty_rate_2020": 4.0, "population_2020": 3910}, "geometry": {"type": "Polygon", "coordinates": [[[-73.32699, 44.34337], [-73.32698, 44.34336], [-73.32627, 44.34149], [-73.32515, 44.33853], [-73.32402, 44.33384], [-73.32393, 44.33052], [-73.32386, 44.32542], [-73.32384, 44.32533], [-73.32383, 44.32525], [-73.32383, 44.32517], [-73.32453, 44.31925], [-73.32434, 44.31406], [-73.32419, 44.31003], [-73.32303, 44.30502], [-73.32222, 44.30154], [-73.32012, 44.29591], [-73.32009, 44.29584], [-73.31677, 44.28773], [-73.31439, 44.28374], [-73.31279, 44.28104], [-73.31221, 44.28007], [-73.31091, 44.2743], [-73.31197, 44.26914], [-73.31274, 44.26541], [-73.31328, 44.26413], [-73.31262, 44.26408], [-73.31197, 44.26401], [-73.29921, 44.26282], [-73.28646, 44.26162], [-73.28612, 44.26159], [-73.28607, 44.26158], [-73.28605, 44.26158], [-73.28602, 44.26158], [-73.28598, 44.26157], [-73.28586, 44.26156], [-73.28581, 44.26156], [-73.2785, 44.26087], [-73.27054, 44.26012], [-73.27038, 44.26011], [-73.2678, 44.26032], [-73.26681, 44.2604], [-73.2647, 44.26057], [-73.26465, 44.26058], [-73.26419, 44.26061], [-73.26309, 44.2607], [-73.26238, 44.26077], [-73.26126, 44.26087], [-73.2611, 44.26088], [-73.26046, 44.26093], [-73.25972, 44.261], [-73.25745, 44.26115], [-73.25718, 44.26117], [-73.25694, 44.26119], [-73.25687, 44.2612], [-73.25467, 44.2614], [-73.25434, 44.26142], [-73.25425, 44.26143], [-73.25254, 44.26156], [-73.25247, 44.26157], [-73.24952, 44.26179], [-73.24924, 44.2618], [-73.24922, 44.2618], [-73.24915, 44.26181], [-73.24375, 44.26226], [-73.24358, 44.26227], [-73.24159, 44.26246], [-73.2315, 44.2634], [-73.23143, 44.26341], [-73.23089, 44.26346], [-73.23035, 44.26351], [-73.22986, 44.26356], [-73.22983, 44.26355], [-73.22975, 44.26356], [-73.22945, 44.2636], [-73.22893, 44.26364], [-73.22842, 44.2637], [-73.22782, 44.26376], [-73.22737, 44.2638], [-73.22681, 44.26385], [-73.22623, 44.26391], [-73.22565, 44.26397], [-73.22453, 44.26405], [-73.22325, 44.26417], [-73.22194, 44.26429], [-73.22138, 44.26434], [-73.22136, 44.26435], [-73.21937, 44.26453], [-73.21864, 44.2646], [-73.21859, 44.2646], [-73.21572, 44.26486], [-73.21359, 44.26506], [-73.21324, 44.2651], [-73.21243, 44.26517], [-73.21231, 44.26518], [-73.2122, 44.26519], [-73.21126, 44.26528], [-73.21099, 44.2653], [-73.21067, 44.26534], [-73.21037, 44.26537], [-73.21026, 44.26538], [-73.21018, 44.26539], [-73.20997, 44.2654], [-73.20918, 44.26548], [-73.20543, 44.26583], [-73.20323, 44.26603], [-73.20254, 44.2661], [-73.20179, 44.26617], [-73.19939, 44.26639], [-73.19929, 44.2664], [-73.19912, 44.26641], [-73.199, 44.26642], [-73.19888, 44.26644], [-73.19879, 44.26644], [-73.19874, 44.26645], [-73.1968, 44.26663], [-73.18956, 44.26764], [-73.18945, 44.26765], [-73.1881, 44.26784], [-73.18601, 44.26812], [-73.18594, 44.26814], [-73.18381, 44.26843], [-73.18378, 44.26843], [-73.18324, 44.26851], [-73.18319, 44.26852], [-73.18315, 44.26852], [-73.18081, 44.26885], [-73.18068, 44.26887], [-73.17811, 44.26922], [-73.17505, 44.26965], [-73.17342, 44.26981], [-73.17157, 44.27008], [-73.1692, 44.27042], [-73.16851, 44.27052], [-73.16344, 44.27125], [-73.16182, 44.27153], [-73.15993, 44.27174], [-73.15989, 44.27174], [-73.15921, 44.27182], [-73.15911, 44.27183], [-73.15589, 44.27219], [-73.15373, 44.27236], [-73.15344, 44.27238], [-73.15325, 44.27239], [-73.15317, 44.2724], [-73.15219, 44.27245], [-73.15123, 44.27257], [-73.15121, 44.27258], [-73.14525, 44.27337], [-73.14748, 44.28436], [-73.14845, 44.28919], [-73.14846, 44.28925], [-73.14847, 44.28931], [-73.14884, 44.29114], [-73.149, 44.29188], [-73.15018, 44.29745], [-73.1502, 44.29754], [-73.15081, 44.30016], [-73.15091, 44.30058], [-73.15122, 44.30195], [-73.1516, 44.30357], [-73.15244, 44.30719], [-73.15253, 44.30762], [-73.1538, 44.31328], [-73.15505, 44.319], [-73.15539, 44.32058], [-73.1558, 44.32245], [-73.15583, 44.32257], [-73.15584, 44.32261], [-73.15683, 44.32679], [-73.15695, 44.3273], [-73.15701, 44.32753], [-73.15709, 44.32788], [-73.15812, 44.33222], [-73.1584, 44.3334], [-73.15845, 44.3336], [-73.15852, 44.33392], [-73.15864, 44.33441], [-73.15912, 44.33641], [-73.15918, 44.33664], [-73.15966, 44.33852], [-73.16029, 44.341], [-73.16049, 44.34178], [-73.16057, 44.3421], [-73.16288, 44.35188], [-73.1638, 44.35583], [-73.16491, 44.36052], [-73.16493, 44.36061], [-73.16514, 44.36157], [-73.16529, 44.36221], [-73.16609, 44.36212], [-73.16666, 44.36205], [-73.1681, 44.36189], [-73.17126, 44.36153], [-73.17234, 44.3614], [-73.17313, 44.3613], [-73.17317, 44.36129], [-73.17546, 44.36107], [-73.17667, 44.36094], [-73.17678, 44.36092], [-73.17769, 44.36078], [-73.1789, 44.36058], [-73.17899, 44.36057], [-73.17903, 44.36056], [-73.17914, 44.36055], [-73.1792, 44.36055], [-73.18079, 44.36035], [-73.18314, 44.36008], [-73.18738, 44.35956], [-73.19133, 44.35908], [-73.19171, 44.35905], [-73.19227, 44.35901], [-73.19624, 44.35856], [-73.19934, 44.3582], [-73.20033, 44.35809], [-73.20044, 44.35808], [-73.20076, 44.35804], [-73.20627, 44.35741], [-73.20702, 44.35732], [-73.20748, 44.35726], [-73.21132, 44.3568], [-73.21157, 44.35677], [-73.21374, 44.3565], [-73.21654, 44.35616], [-73.21742, 44.35606], [-73.21756, 44.35604], [-73.22073, 44.35565], [-73.22084, 44.35564], [-73.22094, 44.35563], [-73.22207, 44.3555], [-73.22359, 44.3553], [-73.22488, 44.35515], [-73.22533, 44.35509], [-73.22652, 44.35494], [-73.23093, 44.3544], [-73.23328, 44.35412], [-73.23865, 44.35347], [-73.24472, 44.35279], [-73.25382, 44.35177], [-73.2539, 44.35176], [-73.25404, 44.35175], [-73.25687, 44.35143], [-73.25795, 44.35131], [-73.25817, 44.35129], [-73.25873, 44.35123], [-73.25999, 44.35107], [-73.26068, 44.351], [-73.26119, 44.35095], [-73.26132, 44.35094], [-73.2614, 44.35093], [-73.26299, 44.35074], [-73.26398, 44.35062], [-73.26405, 44.35062], [-73.26546, 44.35045], [-73.26565, 44.35042], [-73.26635, 44.35033], [-73.26845, 44.35008], [-73.26929, 44.34997], [-73.27171, 44.34969], [-73.27417, 44.34939], [-73.27434, 44.34937], [-73.27471, 44.34933], [-73.27615, 44.34916], [-73.27659, 44.34911], [-73.27686, 44.34908], [-73.27906, 44.34881], [-73.27919, 44.34881], [-73.27968, 44.34878], [-73.28019, 44.34873], [-73.28333, 44.34837], [-73.29494, 44.34704], [-73.31185, 44.3451], [-73.32156, 44.34399], [-73.32699, 44.34337]]]}}, {"type": "Feature", "properties": {"tract_id": "50007000900", "name": "Census Tract 9", "income_2020": 69784, "poverty_rate_2020": 26.3, "population_2020": 2714}, "geometry": {"type": "Polygon", "coordinates": [[[-73.21386, 44.47363], [-73.2138, 44.4728], [-73.21379, 44.47273], [-73.21376, 44.47223], [-73.21372, 44.47189], [-73.2137, 44.4718], [-73.21365, 44.47166], [-73.21355, 44.47146], [-73.21346, 44.47134], [-73.21325, 44.47111], [-73.21316, 44.47101], [-73.21266, 44.47048], [-73.21248, 44.4703], [-73.21241, 44.47022], [-73.21222, 44.47], [-73.21174, 44.46948], [-73.21058, 44.46824], [-73.21011, 44.46772], [-73.20975, 44.46737], [-73.2097, 44.4673], [-73.20961, 44.46718], [-73.20915, 44.46666], [-73.20889, 44.46637], [-73.20818, 44.46559], [-73.20805, 44.46543], [-73.208, 44.46539], [-73.20785, 44.4652], [-73.20768, 44.465], [-73.20773, 44.46467], [-73.20776, 44.46411], [-73.20783, 44.46334], [-73.20764, 44.46335], [-73.20742, 44.46377], [-73.20722, 44.46426], [-73.20644, 44.46618], [-73.20592, 44.46741], [-73.20534, 44.46882], [-73.20519, 44.4692], [-73.20515, 44.4693], [-73.20504, 44.46955], [-73.20501, 44.46967], [-73.205, 44.46977], [-73.20502, 44.47019], [-73.20505, 44.47079], [-73.20509, 44.47135], [-73.2051, 44.4715], [-73.2051, 44.47153], [-73.20512, 44.47173], [-73.20514, 44.47198], [-73.20517, 44.47243], [-73.20518, 44.47254], [-73.2052, 44.47282], [-73.20522, 44.473], [-73.2053, 44.47394], [-73.20538, 44.47489], [-73.2054, 44.47515], [-73.20541, 44.47527], [-73.20544, 44.47552], [-73.2055, 44.47618], [-73.20599, 44.47617], [-73.20639, 44.47616], [-73.20657, 44.47616], [-73.20813, 44.47611], [-73.20851, 44.47609], [-73.20896, 44.47606], [-73.211, 44.476], [-73.21091, 44.47548], [-73.2108, 44.47483], [-73.21075, 44.47443], [-73.21072, 44.47377], [-73.21236, 44.47372], [-73.21386, 44.47363]]]}}, {"type": "Feature", "properties": {"tract_id": "50007001100", "name": "Census Tract 11", "income_2020": 111500, "poverty_rate_2020": 9.3, "population_2020": 2206}, "geometry": {"type": "Polygon", "coordinates": [[[-73.23708, 44.45364], [-73.23169, 44.44723], [-73.2315, 44.447], [-73.23146, 44.44694], [-73.22795, 44.44677], [-73.22214, 44.44648], [-73.2196, 44.44634], [-73.2196, 44.44644], [-73.21941, 44.44643], [-73.21918, 44.44647], [-73.21904, 44.44649], [-73.21889, 44.44649], [-73.21831, 44.44647], [-73.21767, 44.44645], [-73.21758, 44.44644], [-73.21721, 44.44643], [-73.21686, 44.4464], [-73.21632, 44.44637], [-73.21516, 44.4463], [-73.21483, 44.44627], [-73.21451, 44.44623], [-73.21407, 44.44619], [-73.21393, 44.44617], [-73.21385, 44.44617], [-73.21377, 44.44615], [-73.21373, 44.44615], [-73.21365, 44.44615], [-73.21297, 44.44612], [-73.21227, 44.44608], [-73.21217, 44.44607], [-73.21096, 44.44601], [-73.20972, 44.44594], [-73.20944, 44.44593], [-73.20943, 44.44603], [-73.20941, 44.44629], [-73.2094, 44.44645], [-73.20938, 44.44697], [-73.20934, 44.44724], [-73.20926, 44.44788], [-73.20926, 44.44794], [-73.20923, 44.44825], [-73.20923, 44.44832], [-73.2092, 44.44875], [-73.20913, 44.44931], [-73.20903, 44.45046], [-73.209, 44.45072], [-73.20893, 44.45145], [-73.2089, 44.45184], [-73.20887, 44.45228], [-73.20881, 44.45291], [-73.20879, 44.45314], [-73.20873, 44.45373], [-73.20872, 44.45387], [-73.2087, 44.45405], [-73.20863, 44.4547], [-73.20859, 44.45514], [-73.20909, 44.45516], [-73.20974, 44.45518], [-73.2108, 44.45525], [-73.21149, 44.45528], [-73.21261, 44.45533], [-73.21326, 44.45537], [-73.21408, 44.45542], [-73.21421, 44.45542], [-73.21456, 44.45544], [-73.2147, 44.45545], [-73.2152, 44.45547], [-73.21595, 44.45551], [-73.21636, 44.45554], [-73.21704, 44.45557], [-73.21723, 44.45557], [-73.21752, 44.45558], [-73.21781, 44.45558], [-73.21828, 44.45558], [-73.21846, 44.45559], [-73.2187, 44.4556], [-73.21889, 44.4556], [-73.21984, 44.45567], [-73.22038, 44.45571], [-73.22129, 44.45579], [-73.22187, 44.45585], [-73.22385, 44.45601], [-73.22397, 44.45602], [-73.22399, 44.45607], [-73.22399, 44.45611], [-73.22403, 44.45621], [-73.22406, 44.45627], [-73.22411, 44.45634], [-73.22413, 44.45635], [-73.22435, 44.45649], [-73.22446, 44.45655], [-73.22447, 44.45657], [-73.2246, 44.45665], [-73.22472, 44.45676], [-73.22474, 44.45676], [-73.22659, 44.45809], [-73.22901, 44.4595], [-73.23708, 44.45364]]]}}, {"type": "Feature", "properties": {"tract_id": "50007004200", "name": "Census Tract 42", "income_2020": 49617, "poverty_rate_2020": 32.6, "population_2020": 4345}, "geometry": {"type": "Polygon", "coordinates": [[[-73.22235, 44.48442], [-73.22225, 44.4843], [-73.22199, 44.48399], [-73.22132, 44.48314], [-73.22105, 44.4828], [-73.22096, 44.48269], [-73.22092, 44.48263], [-73.22084, 44.48251], [-73.22056, 44.48217], [-73.22051, 44.48212], [-73.22045, 44.48207], [-73.22038, 44.48204], [-73.22031, 44.48201], [-73.22023, 44.482], [-73.21948, 44.48202], [-73.21939, 44.48202], [-73.21916, 44.48205], [-73.21914, 44.48177], [-73.21913, 44.48164], [-73.21911, 44.48134], [-73.21909, 44.48103], [-73.21906, 44.48059], [-73.21904, 44.48026], [-73.21886, 44.48027], [-73.21852, 44.48027], [-73.21778, 44.48029], [-73.21745, 44.4803], [-73.21648, 44.48032], [-73.21583, 44.48034], [-73.21548, 44.48035], [-73.21504, 44.48037], [-73.21496, 44.48037], [-73.21473, 44.48038], [-73.21459, 44.48039], [-73.21434, 44.4804], [-73.21369, 44.48043], [-73.21362, 44.48042], [-73.21337, 44.48043], [-73.21294, 44.48045], [-73.21264, 44.48046], [-73.21225, 44.48047], [-73.21135, 44.4805], [-73.21121, 44.48051], [-73.21114, 44.4805], [-73.21035, 44.48052], [-73.21015, 44.48053], [-73.20999, 44.48053], [-73.20985, 44.48053], [-73.20978, 44.48053], [-73.20949, 44.48054], [-73.20933, 44.48056], [-73.20876, 44.48058], [-73.20854, 44.48058], [-73.20825, 44.48059], [-73.20811, 44.48059], [-73.20796, 44.4806], [-73.20774, 44.4806], [-73.2075, 44.48062], [-73.20719, 44.48063], [-73.20672, 44.48063], [-73.20636, 44.48064], [-73.20599, 44.48066], [-73.20573, 44.48066], [-73.20569, 44.48066], [-73.20575, 44.48134], [-73.20578, 44.48211], [-73.20584, 44.48325], [-73.20586, 44.48411], [-73.20591, 44.48492], [-73.20679, 44.48491], [-73.20688, 44.4849], [-73.2073, 44.4849], [-73.20766, 44.48489], [-73.20816, 44.4849], [-73.20853, 44.4849], [-73.20965, 44.48486], [-73.2112, 44.48482], [-73.21134, 44.48482], [-73.21146, 44.48482], [-73.21162, 44.48483], [-73.21174, 44.48482], [-73.21199, 44.4848], [-73.21387, 44.48475], [-73.21416, 44.48473], [-73.21431, 44.48473], [-73.21523, 44.4847], [-73.21606, 44.48466], [-73.21643, 44.48464], [-73.21773, 44.4846], [-73.21812, 44.48458], [-73.21929, 44.48454], [-73.2196, 44.48452], [-73.22011, 44.4845], [-73.22047, 44.48449], [-73.22063, 44.48449], [-73.22083, 44.48448], [-73.22103, 44.48447], [-73.22112, 44.48447], [-73.22124, 44.48447], [-73.22149, 44.48445], [-73.22208, 44.48443], [-73.22223, 44.48443], [-73.22235, 44.48442]]]}}, {"type": "Feature", "properties": {"tract_id": "50007003000", "name": "Census Tract 30", "income_2020": 117863, "poverty_rate_2020": 2.8, "population_2020": 4157}, "geometry": {"type": "Polygon", "coordinates": [[[-73.08111, 44.37086], [-73.08144, 44.37029], [-73.07974, 44.37046], [-73.06478, 44.37197], [-73.06353, 44.3721], [-73.06324, 44.37213], [-73.06216, 44.37224], [-73.05821, 44.37264], [-73.05565, 44.3729], [-73.05221, 44.37324], [-73.0488, 44.37359], [-73.04596, 44.37388], [-73.03539, 44.37496], [-73.03279, 44.36247], [-73.02675, 44.36116], [-73.00817, 44.35724], [-72.99521, 44.3545], [-72.99494, 44.35444], [-72.99473, 44.3544], [-72.99456, 44.35436], [-72.99289, 44.35401], [-72.99269, 44.35397], [-72.99106, 44.35363], [-72.99023, 44.35346], [-72.98061, 44.35141], [-72.97731, 44.35072], [-72.97706, 44.35066], [-72.97149, 44.34949], [-72.97023, 44.3492], [-72.96963, 44.34907], [-72.96543, 44.34821], [-72.96099, 44.34727], [-72.95362, 44.34574], [-72.95213, 44.34544], [-72.94635, 44.35632], [-72.94556, 44.3578], [-72.94266, 44.36333], [-72.94018, 44.36788], [-72.93832, 44.37128], [-72.93618, 44.37529], [-72.93446, 44.37983], [-72.93417, 44.38057], [-72.93406, 44.38088], [-72.93393, 44.38121], [-72.93382, 44.38149], [-72.93361, 44.38205], [-72.93353, 44.38226], [-72.93346, 44.38245], [-72.93328, 44.38292], [-72.93305, 44.3835], [-72.93288, 44.38397], [-72.93264, 44.3846], [-72.93166, 44.38723], [-72.93131, 44.38814], [-72.9289, 44.39444], [-72.92856, 44.39535], [-72.92853, 44.39539], [-72.92854, 44.3954], [-72.92854, 44.39541], [-72.92744, 44.39858], [-72.92723, 44.39918], [-72.92701, 44.39988], [-72.92688, 44.40029], [-72.92683, 44.40046], [-72.92667, 44.40099], [-72.92602, 44.4031], [-72.92387, 44.41075], [-72.9233, 44.41279], [-72.92282, 44.41453], [-72.92218, 44.41681], [-72.9221, 44.41711], [-72.92173, 44.41841], [-72.92163, 44.41874], [-72.92114, 44.42051], [-72.91884, 44.42866], [-72.91885, 44.42866], [-72.91874, 44.42907], [-72.91915, 44.42909], [-72.92392, 44.42926], [-72.92715, 44.42937], [-72.92756, 44.4294], [-72.93077, 44.42951], [-72.93368, 44.42962], [-72.93486, 44.42965], [-72.94018, 44.42986], [-72.94101, 44.42989], [-72.94123, 44.4299], [-72.94324, 44.43], [-72.98088, 44.4318], [-72.98184, 44.43184], [-72.98275, 44.43187], [-72.98488, 44.43194], [-72.9854, 44.43196], [-72.98587, 44.43198], [-72.99111, 44.43222], [-72.99838, 44.43256], [-73.00083, 44.43268], [-73.00117, 44.43269], [-73.01402, 44.43328], [-73.01769, 44.43347], [-73.01843, 44.4335], [-73.01939, 44.43355], [-73.02062, 44.4336], [-73.02066, 44.43361], [-73.02075, 44.43356], [-73.02091, 44.43348], [-73.02116, 44.43335], [-73.02153, 44.43317], [-73.022, 44.4329], [-73.0228, 44.43245], [-73.02501, 44.43119], [-73.02702, 44.43005], [-73.02851, 44.42917], [-73.03029, 44.42816], [-73.03336, 44.42643], [-73.03382, 44.42621], [-73.03408, 44.42608], [-73.0423, 44.42204], [-73.04893, 44.42386], [-73.05004, 44.42423], [-73.05018, 44.42428], [-73.05178, 44.42481], [-73.05182, 44.42474], [-73.05243, 44.42367], [-73.05251, 44.42351], [-73.05374, 44.42127], [-73.05375, 44.42126], [-73.05385, 44.42108], [-73.05429, 44.42026], [-73.05638, 44.41645], [-73.05948, 44.41082], [-73.05957, 44.41065], [-73.05966, 44.4105], [-73.06185, 44.40648], [-73.06332, 44.40374], [-73.06396, 44.40254], [-73.06404, 44.40241], [-73.06752, 44.39597], [-73.07064, 44.39022], [-73.07296, 44.38594], [-73.07373, 44.38445], [-73.08094, 44.37119], [-73.08103, 44.37103], [-73.08111, 44.37086]]]}}, {"type": "Feature", "properties": {"tract_id": "50007000600", "name": "Census Tract 6", "income_2020": 61667, "poverty_rate_2020": 34.8, "population_2020": 4785}, "geometry": {"type": "Polygon", "coordinates": [[[-73.2061, 44.48867], [-73.20608, 44.48845], [-73.20608, 44.48831], [-73.20605, 44.48809], [-73.20605, 44.48808], [-73.20601, 44.48692], [-73.20597, 44.48617], [-73.20591, 44.48492], [-73.20586, 44.48411], [-73.20584, 44.48325], [-73.20578, 44.48211], [-73.20575, 44.48134], [-73.20569, 44.48066], [-73.20513, 44.48068], [-73.20367, 44.48071], [-73.20339, 44.48073], [-73.203, 44.48073], [-73.20259, 44.48074], [-73.2023, 44.48074], [-73.20161, 44.48075], [-73.20073, 44.48077], [-73.20061, 44.48075], [-73.20049, 44.48074], [-73.20034, 44.48072], [-73.19991, 44.48065], [-73.19978, 44.48063], [-73.19963, 44.48062], [-73.19927, 44.48062], [-73.1987, 44.48064], [-73.19688, 44.48071], [-73.19661, 44.48073], [-73.19651, 44.48074], [-73.19625, 44.48076], [-73.1961, 44.48079], [-73.19603, 44.48081], [-73.19597, 44.48083], [-73.19546, 44.48104], [-73.19518, 44.48115], [-73.1951, 44.48118], [-73.19496, 44.48123], [-73.19425, 44.48154], [-73.19469, 44.48208], [-73.19531, 44.4818], [-73.1954, 44.48176], [-73.19647, 44.48322], [-73.19637, 44.48326], [-73.19631, 44.48332], [-73.19624, 44.48351], [-73.19619, 44.48359], [-73.19613, 44.48363], [-73.19604, 44.48366], [-73.19601, 44.48367], [-73.19581, 44.48366], [-73.19578, 44.48365], [-73.19576, 44.48364], [-73.19566, 44.48363], [-73.19541, 44.48362], [-73.19532, 44.48363], [-73.1953, 44.48364], [-73.1952, 44.48366], [-73.19512, 44.48374], [-73.19499, 44.48395], [-73.19495, 44.48402], [-73.19493, 44.48405], [-73.19487, 44.48418], [-73.19479, 44.48433], [-73.19472, 44.48446], [-73.19469, 44.48454], [-73.19463, 44.48478], [-73.19461, 44.48482], [-73.19455, 44.48493], [-73.19307, 44.48557], [-73.19223, 44.4845], [-73.19152, 44.48359], [-73.19088, 44.48384], [-73.19041, 44.48319], [-73.19076, 44.48305], [-73.19103, 44.48295], [-73.19128, 44.48283], [-73.19147, 44.48275], [-73.19187, 44.48258], [-73.1925, 44.48231], [-73.19267, 44.48224], [-73.19257, 44.48185], [-73.19227, 44.4807], [-73.19216, 44.48035], [-73.19207, 44.47996], [-73.19198, 44.47958], [-73.1919, 44.47929], [-73.19184, 44.47898], [-73.1917, 44.47848], [-73.19142, 44.47742], [-73.19106, 44.47606], [-73.19085, 44.4753], [-73.19078, 44.47507], [-73.19052, 44.47419], [-73.1903, 44.47326], [-73.19027, 44.47313], [-73.19021, 44.47299], [-73.19018, 44.47286], [-73.19011, 44.47275], [-73.1901, 44.47272], [-73.18997, 44.47256], [-73.18996, 44.47253], [-73.1879, 44.47429], [-73.1877, 44.47446], [-73.18339, 44.47818], [-73.18246, 44.479], [-73.18086, 44.48042], [-73.18028, 44.48094], [-73.17985, 44.4813], [-73.17903, 44.48204], [-73.17812, 44.48284], [-73.17684, 44.48401], [-73.17643, 44.48439], [-73.1762, 44.48464], [-73.17635, 44.48459], [-73.17653, 44.48452], [-73.17691, 44.48438], [-73.17697, 44.48437], [-73.17759, 44.48421], [-73.17827, 44.48411], [-73.17896, 44.48411], [-73.17955, 44.48422], [-73.17988, 44.48432], [-73.17999, 44.48435], [-73.18013, 44.48439], [-73.18065, 44.48461], [-73.1809, 44.48476], [-73.18108, 44.48491], [-73.18133, 44.48515], [-73.18147, 44.48533], [-73.18159, 44.48556], [-73.18166, 44.48578], [-73.1817, 44.48593], [-73.18173, 44.48603], [-73.18179, 44.48632], [-73.18185, 44.48663], [-73.18187, 44.48692], [-73.18186, 44.4871], [-73.18186, 44.4872], [-73.18185, 44.48746], [-73.18184, 44.48791], [-73.18188, 44.48821], [-73.18188, 44.48826], [-73.18199, 44.48849], [-73.18211, 44.48866], [-73.18216, 44.48873], [-73.18233, 44.48889], [-73.18259, 44.48898], [-73.18267, 44.48901], [-73.18276, 44.48902], [-73.18291, 44.48904], [-73.18307, 44.48905], [-73.1833, 44.48907], [-73.1838, 44.48906], [-73.18449, 44.48907], [-73.18481, 44.48909], [-73.18503, 44.4891], [-73.18556, 44.4891], [-73.18627, 44.48914], [-73.18653, 44.48914], [-73.18663, 44.48913], [-73.18678, 44.48911], [-73.187, 44.48904], [-73.18715, 44.48893], [-73.18727, 44.48873], [-73.18729, 44.48864], [-73.18731, 44.4885], [-73.18742, 44.48832], [-73.18764, 44.48806], [-73.18798, 44.48776], [-73.18818, 44.48755], [-73.18831, 44.48744], [-73.18839, 44.48737], [-73.18861, 44.48731], [-73.18881, 44.48735], [-73.18887, 44.48741], [-73.18894, 44.48749], [-73.18902, 44.48773], [-73.18902, 44.48775], [-73.18902, 44.48793], [-73.189, 44.48806], [-73.18899, 44.48812], [-73.18905, 44.48837], [-73.1892, 44.48856], [-73.18963, 44.48875], [-73.19001, 44.48885], [-73.19052, 44.489], [-73.19093, 44.48916], [-73.1912, 44.48934], [-73.19131, 44.48952], [-73.19139, 44.48962], [-73.19146, 44.4897], [-73.19167, 44.4898], [-73.19202, 44.48986], [-73.1924, 44.48987], [-73.19268, 44.48977], [-73.193, 44.48963], [-73.1934, 44.48951], [-73.19389, 44.48941], [-73.19448, 44.48933], [-73.19507, 44.48928], [-73.19544, 44.48919], [-73.19586, 44.48912], [-73.19634, 44.48911], [-73.19684, 44.48917], [-73.197, 44.48919], [-73.19799, 44.48933], [-73.19873, 44.48942], [-73.19944, 44.48952], [-73.20012, 44.4897], [-73.20045, 44.48983], [-73.20069, 44.48993], [-73.20112, 44.49017], [-73.20135, 44.49042], [-73.20153, 44.49074], [-73.20169, 44.49108], [-73.20171, 44.49113], [-73.20173, 44.49112], [-73.20201, 44.4911], [-73.20274, 44.49108], [-73.20333, 44.49107], [-73.20404, 44.49113], [-73.20397, 44.49108], [-73.20302, 44.49055], [-73.20291, 44.49047], [-73.20285, 44.49043], [-73.2028, 44.49038], [-73.20276, 44.49032], [-73.20274, 44.49025], [-73.20273, 44.49018], [-73.20269, 44.49004], [-73.20249, 44.48919], [-73.20243, 44.48898], [-73.20265, 44.48906], [-73.20335, 44.48931], [-73.2037, 44.48943], [-73.20391, 44.48949], [-73.20427, 44.48958], [-73.20456, 44.48964], [-73.20477, 44.48968], [-73.20499, 44.4897], [-73.20514, 44.4897], [-73.20525, 44.4897], [-73.20539, 44.48969], [-73.20551, 44.48969], [-73.20552, 44.48967], [-73.20574, 44.4893], [-73.206, 44.48886], [-73.2061, 44.48867]]]}}, {"type": "Feature", "properties": {"tract_id": "50007000800", "name": "Census Tract 8", "income_2020": 116691, "poverty_rate_2020": 8.6, "population_2020": 2430}, "geometry": {"type": "Polygon", "coordinates": [[[-73.21524, 44.47104], [-73.21522, 44.47077], [-73.2152, 44.47055], [-73.21519, 44.47043], [-73.21518, 44.47022], [-73.21518, 44.47014], [-73.21514, 44.4696], [-73.2151, 44.46902], [-73.2151, 44.46847], [-73.21507, 44.46795], [-73.21499, 44.46711], [-73.21489, 44.4659], [-73.21484, 44.4651], [-73.21469, 44.46292], [-73.21462, 44.46211], [-73.21462, 44.46166], [-73.2146, 44.46132], [-73.21458, 44.46084], [-73.21453, 44.46026], [-73.21447, 44.45953], [-73.21447, 44.45948], [-73.21445, 44.45925], [-73.21441, 44.45845], [-73.21432, 44.45715], [-73.21423, 44.45601], [-73.21421, 44.4557], [-73.21421, 44.45542], [-73.21408, 44.45542], [-73.21326, 44.45537], [-73.21261, 44.45533], [-73.21149, 44.45528], [-73.2108, 44.45525], [-73.20974, 44.45518], [-73.20909, 44.45516], [-73.20859, 44.45514], [-73.20859, 44.45521], [-73.20858, 44.45523], [-73.20571, 44.45508], [-73.20261, 44.4549], [-73.20142, 44.45481], [-73.20129, 44.45481], [-73.20117, 44.45481], [-73.20021, 44.45476], [-73.20008, 44.45474], [-73.19909, 44.45469], [-73.19846, 44.45465], [-73.19865, 44.45572], [-73.19868, 44.45578], [-73.19881, 44.45611], [-73.19882, 44.45613], [-73.19903, 44.45668], [-73.19915, 44.45702], [-73.19933, 44.45749], [-73.19936, 44.45758], [-73.2003, 44.45905], [-73.20065, 44.45896], [-73.20054, 44.45936], [-73.20052, 44.45964], [-73.20051, 44.45986], [-73.20051, 44.4601], [-73.20051, 44.46053], [-73.20057, 44.46096], [-73.20075, 44.46197], [-73.2009, 44.46251], [-73.20097, 44.46281], [-73.201, 44.46288], [-73.20104, 44.46276], [-73.20112, 44.46265], [-73.20124, 44.46257], [-73.20145, 44.4625], [-73.20194, 44.46248], [-73.20216, 44.46248], [-73.2026, 44.46247], [-73.20287, 44.46246], [-73.2033, 44.46245], [-73.20448, 44.46243], [-73.20462, 44.46244], [-73.20477, 44.46247], [-73.20492, 44.46252], [-73.20505, 44.46259], [-73.20517, 44.46268], [-73.20535, 44.46281], [-73.20547, 44.4629], [-73.20572, 44.46299], [-73.20586, 44.46302], [-73.20608, 44.46304], [-73.20719, 44.46305], [-73.20777, 44.46307], [-73.20772, 44.46319], [-73.20764, 44.46335], [-73.20783, 44.46334], [-73.20776, 44.46411], [-73.20773, 44.46467], [-73.20768, 44.465], [-73.20785, 44.4652], [-73.208, 44.46539], [-73.20805, 44.46543], [-73.20818, 44.46559], [-73.20889, 44.46637], [-73.20915, 44.46666], [-73.20961, 44.46718], [-73.2097, 44.4673], [-73.20975, 44.46737], [-73.21011, 44.46772], [-73.21058, 44.46824], [-73.21174, 44.46948], [-73.21222, 44.47], [-73.21241, 44.47022], [-73.21248, 44.4703], [-73.21266, 44.47048], [-73.21316, 44.47101], [-73.21325, 44.47111], [-73.21418, 44.47106], [-73.21459, 44.47105], [-73.21524, 44.47104]]]}}]}