{"type": "FeatureCollection", "features": [{"type": "Feature", "properties": {"tract_id": "40047001402", "name": "Tract Census Tract 14.02", "pct_white_2020": 77.2, "pct_black_2020": 7.1, "pct_hispanic_2020": 6.6, "pct_asian_2020": 3.5, "population_2020": 4941, "is_sample_data": false, "pct_white_1970": 97.3, "pct_black_1970": 4.3, "pct_hispanic_1970": 1, "pct_asian_1970": 0.8, "pct_white_1990": 84.6, "pct_black_1990": 7.9, "pct_hispanic_1990": 5.3, "pct_asian_1990": 2.2}, "geometry": {"type": "Polygon", "coordinates": [[[-97.94376799968988, 36.40351099981373], [-97.94377000023802, 36.40318200020725], [-97.94376799968988, 36.402021999717526], [-97.94375699981923, 36.40095900013217], [-97.94375299962127, 36.40050000030154], [-97.9437469997735, 36.39952700002273], [-97.9437469997735, 36.399398000065446], [-97.9437469997735, 36.39921399995763], [-97.94373000005506, 36.39835299996761], [-97.94372400020727, 36.398078000270424], [-97.94372099983421, 36.39790899997379], [-97.94372300038235, 36.39772999998192], [-97.94374000010079, 36.39668599989021], [-97.94374500012366, 36.39643199981784], [-97.94374500012366, 36.39633899989971], [-97.94374400029875, 36.39623100022839], [-97.9437419997506, 36.39590700031397], [-97.9437419997506, 36.39580000007232], [-97.94374099992571, 36.395679999997796], [-97.94373900027588, 36.39532200018106], [-97.94373900027588, 36.39520300012934], [-97.94373900027588, 36.395057000278726], [-97.94374000010079, 36.394617999759554], [-97.94374099992571, 36.394473000303456], [-97.9437469997735, 36.39374899974501], [-97.94374900032162, 36.3936249998878], [-97.94375199979635, 36.39328999999609], [-97.9437140001615, 36.391994999680605], [-97.94370999996354, 36.39158099988748], [-97.94370999996354, 36.3915090002958], [-97.9437059997656, 36.39085799996579], [-97.94352800038868, 36.3908540003146], [-97.94281799983588, 36.39085599977867], [-97.94129700024459, 36.39086299971033], [-97.94102500025802, 36.39086299971033], [-97.94056999997336, 36.39086200033996], [-97.94015400004675, 36.39086000015289], [-97.93926699994195, 36.390856999872256], [-97.93846400040105, 36.390856999872256], [-97.93837200033956, 36.390856999872256], [-97.93818400001857, 36.39085799996579], [-97.93767799968028, 36.39085799996579], [-97.93662900009207, 36.39085499968507], [-97.93569000010875, 36.390851000033734], [-97.93479600033126, 36.39084899984638], [-97.93435100009233, 36.39085300022098], [-97.93348900010189, 36.39086299971033], [-97.93301700009879, 36.39085900005934], [-97.93257299968475, 36.390856999872256], [-97.93162200000587, 36.390851000033734], [-97.93122699999566, 36.390851000033734], [-97.93108100040578, 36.390851000033734], [-97.9303159996014, 36.39085200012738], [-97.92981799965904, 36.39085200012738], [-97.92902900036184, 36.39085200012738], [-97.92827799980117, 36.39085300022098], [-97.9271899998549, 36.39085499968507], [-97.92717599961121, 36.39085599977867], [-97.9258449999907, 36.39085900005934], [-97.92525199961378, 36.39085900005934], [-97.92437100025508, 36.39086100024644], [-97.92359499958005, 36.390851000033734], [-97.92347599975436, 36.39084899984638], [-97.92288400010065, 36.39084199991352], [-97.92258000032703, 36.39083800026146], [-97.92210900014885, 36.39083199969832], [-97.92166800010787, 36.39082599985792], [-97.92136500015918, 36.390822000205034], [-97.92045799996289, 36.390817999828855], [-97.9190290004331, 36.39081300008147], [-97.91875200042367, 36.39081099989315], [-97.91808799990162, 36.390808999704824], [-97.9179819995964, 36.390756999851575], [-97.91775200034095, 36.390756999851575], [-97.91769000041668, 36.39075799994638], [-97.9168469997945, 36.390762000325644], [-97.91676399995382, 36.390762000325644], [-97.91675999975585, 36.391195999759], [-97.91675800010603, 36.39156299981506], [-97.91675399990807, 36.39252800015182], [-97.91675300008316, 36.39280400003014], [-97.91675200025824, 36.39307399998458], [-97.91676200030398, 36.39343700033358], [-97.91676399995382, 36.39350800024938], [-97.91676800015179, 36.39368300033549], [-97.91676999980162, 36.3937450002425], [-97.91676599960363, 36.39422000028054], [-97.91676499977874, 36.394399999726865], [-97.91676499977874, 36.394603999848805], [-97.91676599960363, 36.3952169999322], [-97.91676700032686, 36.39542200011403], [-97.91675999975585, 36.39577400001161], [-97.91676399995382, 36.395794999922266], [-97.91677399999956, 36.39583999981498], [-97.91680499996171, 36.39590700031397], [-97.91688899962729, 36.396028000065044], [-97.91701300037417, 36.396121000355315], [-97.91719599977397, 36.39622099998341], [-97.91739800033862, 36.396349000129504], [-97.91759499998211, 36.39650699997397], [-97.91763799963984, 36.39654099995344], [-97.91780699969422, 36.396722999845714], [-97.9178540004482, 36.39677700008142], [-97.91804199987087, 36.396994999955105], [-97.91806399961219, 36.397017000273294], [-97.91823900041267, 36.397191999689845], [-97.91845600014766, 36.397339999888885], [-97.9185719996003, 36.397449000197184], [-97.91863000022492, 36.39754100022569], [-97.91866700003484, 36.39765200026444], [-97.91866600020994, 36.39771799991921], [-97.91866200001198, 36.39803800023342], [-97.91833300012402, 36.39803800023342], [-97.91829999961372, 36.39803800023342], [-97.91823900041267, 36.39803800023342], [-97.91758300028656, 36.39803800023342], [-97.91721699969035, 36.398037000232215], [-97.91685699984023, 36.398037000232215], [-97.9168469997945, 36.39881600015181], [-97.91685199981735, 36.40092399995229], [-97.91685299964227, 36.40120600014773], [-97.91685699984023, 36.403458999781805], [-97.91685099999245, 36.40392099998661], [-97.91685000016754, 36.40400600011324], [-97.91684799961939, 36.404263999698394], [-97.91684799961939, 36.40435100001273], [-97.9168469997945, 36.40442299999978], [-97.91684500014468, 36.40463900028351], [-97.91684500014468, 36.40471199991895], [-97.91684299959654, 36.40482000009572], [-97.91683900029689, 36.40514600026772], [-97.91683900029689, 36.405254999749516], [-97.91729100020851, 36.405257000289104], [-97.91864899959319, 36.40526600018619], [-97.91910200022804, 36.405268999910696], [-97.91954499991881, 36.40527099972691], [-97.92012099967899, 36.405274000174174], [-97.92047800005437, 36.40527699989836], [-97.92087700026255, 36.40528000034539], [-97.92132099977823, 36.405284999885204], [-97.92145600039576, 36.405284999885204], [-97.9218609995534, 36.40528800033192], [-97.92199699999586, 36.405289000239776], [-97.92235199982309, 36.40529000014766], [-97.92341600037821, 36.40529299987122], [-97.92377200003035, 36.405293999779], [-97.92419299997985, 36.40529100005552], [-97.92434100011783, 36.40529000014766], [-97.9247119998386, 36.40528800033192], [-97.92495200003812, 36.40528599979309], [-97.92545599982829, 36.40529000014766], [-97.92573799986059, 36.40529299987122], [-97.92587699977776, 36.405293999779], [-97.926203000191, 36.405296000317634], [-97.92659200035342, 36.40529999994868], [-97.9271120000371, 36.4053019997641], [-97.9271820003573, 36.4053019997641], [-97.92750899969714, 36.40530299967181], [-97.92812999966316, 36.40530500021021], [-97.92846600012214, 36.40530500021021], [-97.92909899978372, 36.405307000025495], [-97.93038099989873, 36.40530999974836], [-97.93111200036792, 36.405312000286585], [-97.93133999997356, 36.40531099965598], [-97.93229900004837, 36.40530999974836], [-97.9324899998441, 36.40530899984079], [-97.93306499977935, 36.40530799993315], [-97.9332570002983, 36.40530799993315], [-97.93345700031483, 36.405307000025495], [-97.93405800018937, 36.40530400030252], [-97.93425900003082, 36.40530400030252], [-97.93445599967431, 36.40530299967181], [-97.93483999981386, 36.4053019997641], [-97.93504999987616, 36.4053019997641], [-97.93524900006777, 36.4053019997641], [-97.93544499988637, 36.4053019997641], [-97.93569799960635, 36.4053019997641], [-97.93584499991944, 36.40530299967181], [-97.936333999641, 36.40530299967181], [-97.93704800039175, 36.40530299967181], [-97.93749799975522, 36.40530400030252], [-97.93798200035219, 36.40530600011784], [-97.93943699982127, 36.405312000286585], [-97.93961000007361, 36.40531300019417], [-97.93992200024316, 36.40531500000925], [-97.94068999962396, 36.405312000286585], [-97.94122199990152, 36.40531099965598], [-97.94241600015299, 36.405316999824336], [-97.94299399956299, 36.405320000269825], [-97.943762999667, 36.405324999807064], [-97.9437550001694, 36.40501100004748], [-97.94375799964413, 36.40462699984165], [-97.94376500021515, 36.40387499978574], [-97.94376600004007, 36.403773999956464], [-97.94376799968988, 36.40351099981373]]]}}, {"type": "Feature", "properties": {"tract_id": "40047001401", "name": "Tract Census Tract 14.01", "pct_white_2020": 78.8, "pct_black_2020": 2.7, "pct_hispanic_2020": 12.6, "pct_asian_2020": 0.5, "population_2020": 3483, "is_sample_data": false, "pct_white_1970": 95.0, "pct_black_1970": 4.0, "pct_hispanic_1970": 5.4, "pct_asian_1970": 0.6, "pct_white_1990": 88.7, "pct_black_1990": 1.7, "pct_hispanic_1990": 13.2, "pct_asian_1990": 0.1}, "geometry": {"type": "Polygon", "coordinates": [[[-97.91866600020994, 36.39771799991921], [-97.91866700003484, 36.39765200026444], [-97.91863000022492, 36.39754100022569], [-97.9185719996003, 36.397449000197184], [-97.91845600014766, 36.397339999888885], [-97.91823900041267, 36.397191999689845], [-97.91806399961219, 36.397017000273294], [-97.91804199987087, 36.396994999955105], [-97.9178540004482, 36.39677700008142], [-97.91780699969422, 36.396722999845714], [-97.91763799963984, 36.39654099995344], [-97.91759499998211, 36.39650699997397], [-97.91739800033862, 36.396349000129504], [-97.91719599977397, 36.39622099998341], [-97.91701300037417, 36.396121000355315], [-97.91688899962729, 36.396028000065044], [-97.91680499996171, 36.39590700031397], [-97.91677399999956, 36.39583999981498], [-97.91676399995382, 36.395794999922266], [-97.91675999975585, 36.39577400001161], [-97.91676700032686, 36.39542200011403], [-97.91676599960363, 36.3952169999322], [-97.91676499977874, 36.394603999848805], [-97.91676499977874, 36.394399999726865], [-97.91676599960363, 36.39422000028054], [-97.91676999980162, 36.3937450002425], [-97.91676800015179, 36.39368300033549], [-97.91676399995382, 36.39350800024938], [-97.91676200030398, 36.39343700033358], [-97.91675200025824, 36.39307399998458], [-97.91675300008316, 36.39280400003014], [-97.91675399990807, 36.39252800015182], [-97.91675800010603, 36.39156299981506], [-97.91675999975585, 36.391195999759], [-97.91676399995382, 36.390762000325644], [-97.91655200024172, 36.390762000325644], [-97.91591600020708, 36.39075900004123], [-97.91570399959667, 36.39075900004123], [-97.91549100005963, 36.390761000230896], [-97.91506799956203, 36.39076499988686], [-97.9148540002001, 36.39076299969731], [-97.91464199958966, 36.390762000325644], [-97.91457399981759, 36.390761000230896], [-97.91437299997615, 36.39075799994638], [-97.9143069998539, 36.390756999851575], [-97.91416600028693, 36.390754000290045], [-97.9139539996765, 36.390751000005324], [-97.91374600016235, 36.390751000005324], [-97.91360600042027, 36.390751000005324], [-97.91340100038086, 36.390751000005324], [-97.91285300020978, 36.390751000005324], [-97.91278600026261, 36.390751000005324], [-97.9125810002232, 36.390751000005324], [-97.91223200024376, 36.390749999910376], [-97.9116930002935, 36.390749999910376], [-97.9111850003054, 36.390749999910376], [-97.91091400014372, 36.390749999910376], [-97.91083700015082, 36.390749999910376], [-97.91024700014695, 36.39074500015862], [-97.90988899994666, 36.39074299996854], [-97.90887499962025, 36.39073800021633], [-97.90847999961005, 36.39073900031144], [-97.9078910003294, 36.39074199987348], [-97.90757599978681, 36.39074199987348], [-97.90750899983966, 36.39074299996854], [-97.90663400032874, 36.390754000290045], [-97.90631999961106, 36.39075799994638], [-97.90607899958664, 36.390761000230896], [-97.90573499963006, 36.39076599998162], [-97.90535600041169, 36.39076900026577], [-97.90511600021217, 36.39077199982672], [-97.90487500018774, 36.39077199982672], [-97.90415299993938, 36.39077600020526], [-97.90391299973989, 36.390777999671336], [-97.90366900024073, 36.39077899976588], [-97.90332199991109, 36.39078099995503], [-97.90293899959644, 36.39078300014412], [-97.9026959999222, 36.39078500033311], [-97.90245099969981, 36.390786999798955], [-97.90171799958081, 36.390797000019894], [-97.90147400008165, 36.390800999674], [-97.90122600038453, 36.390802999862586], [-97.90048300021975, 36.39081300008147], [-97.90031900018825, 36.39081599964065], [-97.90023600034755, 36.390817999828855], [-97.89999899962278, 36.39082300029906], [-97.89960199996274, 36.39083199969832], [-97.89928800014339, 36.39083800026146], [-97.89905100031693, 36.39084400010099], [-97.89873800032248, 36.39084600028847], [-97.89780199981388, 36.39085499968507], [-97.89748999964435, 36.39085799996579], [-97.897247999795, 36.39086000015289], [-97.89696699958762, 36.39086299971033], [-97.89688200009712, 36.39086399980377], [-97.89652399989681, 36.39086800017765], [-97.8962829998724, 36.390870999734716], [-97.89605199989371, 36.39087299992148], [-97.89603799965002, 36.39087299992148], [-97.89576499983855, 36.3908760002015], [-97.89530700007914, 36.39087899975832], [-97.89506299968167, 36.39088200003811], [-97.89481699963439, 36.39088200003811], [-97.89408299969045, 36.39088300013136], [-97.89383800036639, 36.39088400022461], [-97.89359099959586, 36.39088400022461], [-97.89285300035229, 36.39088500031777], [-97.89260700030499, 36.390885999687846], [-97.89138899976409, 36.39088799987424], [-97.89058399967504, 36.390888999967416], [-97.89013699978632, 36.39089000006053], [-97.8901359999614, 36.39183700006513], [-97.89013400031156, 36.392292000138944], [-97.89013199976344, 36.39251099964785], [-97.89013000011361, 36.39283000036113], [-97.89013000011361, 36.39287100025359], [-97.89012699974056, 36.393170999725854], [-97.89012599991565, 36.39339099971182], [-97.890375000336, 36.39339099971182], [-97.89062100038329, 36.393391999772795], [-97.89112500017346, 36.393391999772795], [-97.8913750004187, 36.393391999772795], [-97.89161899991785, 36.393391999772795], [-97.89235200003687, 36.393393999894656], [-97.89259700025926, 36.393394999955596], [-97.89284300030656, 36.39339600001652], [-97.89358100044844, 36.39339800013827], [-97.89382699959741, 36.39340000026004], [-97.89406900034506, 36.39340000026004], [-97.89479800026612, 36.39340299971941], [-97.89504099994036, 36.39340399978023], [-97.89528600016274, 36.39340399978023], [-97.8960229995814, 36.39340499984104], [-97.8962689996287, 36.39340599990184], [-97.89651300002618, 36.39340599990184], [-97.89724600014517, 36.393406999962615], [-97.89749100036757, 36.393408000023335], [-97.89779599996609, 36.393408000023335], [-97.89871400003305, 36.39341000014483], [-97.8990200003548, 36.39341100020557], [-97.89901799980666, 36.393630000177446], [-97.89901699998174, 36.393962999942936], [-97.89901500033191, 36.39428800005607], [-97.89901399960868, 36.394507999773055], [-97.89901299978378, 36.394729000357316], [-97.89901199995886, 36.39505600023923], [-97.89901000030905, 36.39539199978613], [-97.89900899958582, 36.39561400005862], [-97.8990079997609, 36.395842999903294], [-97.8990079997609, 36.39616099993277], [-97.89900600011109, 36.396529999727754], [-97.89900600011109, 36.396758999766014], [-97.89900500028617, 36.39696800027924], [-97.89900399956295, 36.397309000290676], [-97.8989990004384, 36.39759599989996], [-97.89899699989026, 36.39780600033581], [-97.8997390002301, 36.3978110003565], [-97.9002179999059, 36.39780700033998], [-97.90074000013772, 36.397746000062575], [-97.90088400007775, 36.39774000003274], [-97.900978999614, 36.397756000111336], [-97.9011970000722, 36.39783699973579], [-97.9012530001487, 36.39786399983286], [-97.90145900001302, 36.397893999929686], [-97.90140899978431, 36.39805000024667], [-97.90134100001224, 36.398135000287624], [-97.90126499984427, 36.39821300024338], [-97.9010770004216, 36.39836199994125], [-97.90102100034511, 36.3984399996692], [-97.90101299994919, 36.398488000185964], [-97.90099899970548, 36.39857599973071], [-97.90099799988059, 36.39895600023594], [-97.90099399968263, 36.39936099993729], [-97.90099600023075, 36.399952999873946], [-97.90099500040583, 36.40014800011639], [-97.90099399968263, 36.400734000043585], [-97.90099399968263, 36.40092999973636], [-97.90099399968263, 36.40112800030375], [-97.90099700005565, 36.40172299965587], [-97.90099799988059, 36.40192200032309], [-97.90099899970548, 36.40211899986034], [-97.90100399972836, 36.402593000113754], [-97.90100200007853, 36.402713000359874], [-97.90100000042871, 36.40291099999937], [-97.90099399968263, 36.40338299989502], [-97.90098700000992, 36.404004000264415], [-97.90098899965975, 36.404802000197165], [-97.90099100020787, 36.40527500008225], [-97.90112299955403, 36.40527300026608], [-97.90130099982927, 36.40527099972691], [-97.90152199976221, 36.40527099972691], [-97.90165499983162, 36.40527200035803], [-97.90175899958868, 36.40527200035803], [-97.90207199958311, 36.40527300026608], [-97.90217700006343, 36.405274000174174], [-97.90239899982127, 36.40527500008225], [-97.90333000030701, 36.40526299973862], [-97.9034149997975, 36.4052619998304], [-97.90460200037627, 36.40525100011615], [-97.90679199961416, 36.40523400022606], [-97.90710200013388, 36.405231999685874], [-97.90794599968265, 36.405223999693575], [-97.90879699980245, 36.405217000332236], [-97.90884100018339, 36.405217000332236], [-97.90939500020225, 36.405223999693575], [-97.91017199980388, 36.40523300031745], [-97.91032199959172, 36.40523500013464], [-97.91105200023598, 36.40524400003429], [-97.91152699971384, 36.40524400003429], [-97.91187400004345, 36.40524400003429], [-97.91242300003945, 36.405244999942695], [-97.91269800039906, 36.405244999942695], [-97.91289099984459, 36.40524400003429], [-97.9133000000985, 36.40524400003429], [-97.91421999981529, 36.405244999942695], [-97.91429500015835, 36.405244999942695], [-97.9146369995668, 36.40524599985114], [-97.9147629999635, 36.40524599985114], [-97.91517800006518, 36.40524699975958], [-97.91621300030799, 36.40525100011615], [-97.91642300037029, 36.40525200002452], [-97.91683900029689, 36.405254999749516], [-97.91683900029689, 36.40514600026772], [-97.91684299959654, 36.40482000009572], [-97.91684500014468, 36.40471199991895], [-97.91684500014468, 36.40463900028351], [-97.9168469997945, 36.40442299999978], [-97.91684799961939, 36.40435100001273], [-97.91684799961939, 36.404263999698394], [-97.91685000016754, 36.40400600011324], [-97.91685099999245, 36.40392099998661], [-97.91685699984023, 36.403458999781805], [-97.91685299964227, 36.40120600014773], [-97.91685199981735, 36.40092399995229], [-97.9168469997945, 36.39881600015181], [-97.91685699984023, 36.398037000232215], [-97.91721699969035, 36.398037000232215], [-97.91758300028656, 36.39803800023342], [-97.91823900041267, 36.39803800023342], [-97.91829999961372, 36.39803800023342], [-97.91833300012402, 36.39803800023342], [-97.91866200001198, 36.39803800023342], [-97.91866600020994, 36.39771799991921]]]}}, {"type": "Feature", "properties": {"tract_id": "40047001602", "name": "Tract Census Tract 16.02", "pct_white_2020": 71.7, "pct_black_2020": 2.3, "pct_hispanic_2020": 11.2, "pct_asian_2020": 2.2, "population_2020": 5294, "is_sample_data": false, "pct_white_1970": 93.0, "pct_black_1970": 5.0, "pct_hispanic_1970": 5.3, "pct_asian_1970": 1.3, "pct_white_1990": 78.5, "pct_black_1990": 7.0, "pct_hispanic_1990": 9.8, "pct_asian_1990": 0.5}, "geometry": {"type": "Polygon", "coordinates": [[[-98.10451300016092, 36.369122999779286], [-98.10451399998581, 36.3689679996615], [-98.10451099961277, 36.36864100001023], [-98.10449700026739, 36.36721399974785], [-98.1044910004196, 36.36456799992117], [-98.10447499962775, 36.363370000186464], [-98.10446899977998, 36.362953999729946], [-98.10450899996296, 36.361786000027344], [-98.10451300016092, 36.36165800013373], [-98.1044839998486, 36.35815499983595], [-98.1044839998486, 36.351900000226706], [-98.1044839998486, 36.351889000197865], [-98.10446999960489, 36.34764400023189], [-98.1044770001759, 36.347279999666824], [-98.10448200019876, 36.34700999991763], [-98.10448100037387, 36.34677000023885], [-98.10447600035099, 36.34530599999948], [-98.1044560002595, 36.34355400003264], [-98.10445100023662, 36.34195799967374], [-98.1044489996885, 36.34124800026604], [-98.10444500038885, 36.340775000205184], [-98.10443699999293, 36.33976900001164], [-98.10443500034312, 36.33959100010468], [-98.10443100014515, 36.3390210002593], [-98.10447399980285, 36.3375459999069], [-98.1044489996885, 36.33558599994315], [-98.1044560002595, 36.33278200019915], [-98.10445799990933, 36.33228600018013], [-98.10448300002368, 36.330375999730485], [-98.10446700013017, 36.328332000230645], [-98.10446999960489, 36.327733999774146], [-98.1044770001759, 36.32618100019632], [-98.10444799986358, 36.32397199986589], [-98.1044489996885, 36.3234970001014], [-98.10445299988646, 36.32213599966457], [-98.1044770001759, 36.31828399981649], [-98.095212000016, 36.31825099995758], [-98.09429499977396, 36.31823599975394], [-98.0866509996628, 36.3182029998747], [-98.08598299984111, 36.318204999758095], [-98.08468099963461, 36.318209000248615], [-98.07965000015726, 36.31822600034031], [-98.07896800009186, 36.31823899993964], [-98.0754220002208, 36.31825099995758], [-98.07473299958443, 36.318245000310725], [-98.07450499997877, 36.318247999772325], [-98.07392699967046, 36.31825499972191], [-98.07328300013822, 36.318252999839736], [-98.07241500029998, 36.31826199967081], [-98.07162199990653, 36.31825799990689], [-98.0704100001117, 36.31826499985557], [-98.0688600002081, 36.31825200026058], [-98.06855800008431, 36.31825799990689], [-98.06249800021192, 36.31822800022317], [-98.05410099989025, 36.318202000294896], [-98.05303800005836, 36.31820799994506], [-98.05117099996235, 36.3182029998747], [-98.05073599976916, 36.31820699964149], [-98.0504710003536, 36.318209000248615], [-98.04976099980081, 36.31820400017832], [-98.04915999992626, 36.31820099999125], [-98.04876499991607, 36.3182029998747], [-98.04683699972067, 36.31819900010776], [-98.04586299957724, 36.31819799980408], [-98.04394699997573, 36.31819500034055], [-98.043311999766, 36.31820400017832], [-98.0432620004356, 36.3182029998747], [-98.0359179999001, 36.318183000314], [-98.0354619997905, 36.31817300016981], [-98.03510799978818, 36.318166999793135], [-98.03455700014234, 36.318161999720196], [-98.03365499996895, 36.3181680000972], [-98.0331520000037, 36.318169999981556], [-98.03286199957546, 36.318166999793135], [-98.0316720004203, 36.318166000212855], [-98.02962799987395, 36.31816499990876], [-98.02859500017927, 36.31817300016981], [-98.02810399990959, 36.318180999706215], [-98.02781000018172, 36.318185999777924], [-98.026914999681, 36.318180999706215], [-98.02573800004629, 36.31819700022416], [-98.02539300026478, 36.31819500034055], [-98.02517999982946, 36.31819500034055], [-98.0249560004218, 36.31819599992044], [-98.02263499986601, 36.31822600034031], [-98.02082700021954, 36.31823300029186], [-98.01930599972992, 36.31823899993964], [-98.0184880001204, 36.318242000125245], [-98.01807700021668, 36.31824400000764], [-98.01604600008912, 36.31824599989003], [-98.01522000008369, 36.31824099982212], [-98.01516499983211, 36.31824099982212], [-98.01499900015075, 36.31824400000764], [-98.01494499972408, 36.318245000310725], [-98.01388000024237, 36.31826299997366], [-98.01213000032222, 36.31826999992191], [-98.00623100010831, 36.31829500024888], [-98.00557499998219, 36.31829200006526], [-98.00368799979468, 36.318307999836655], [-98.00087400021773, 36.31833399972957], [-98.00015600016732, 36.31834000009334], [-98.00000399983135, 36.31834199997328], [-97.99921600035907, 36.31835200009578], [-97.99800200001611, 36.318357000156524], [-97.99728499979062, 36.31836000033757], [-97.9963740002947, 36.31836299979475], [-97.99600199985072, 36.318364999674046], [-97.9949520004376, 36.31836099991541], [-97.99364100001029, 36.318357000156524], [-97.99273100033928, 36.31835500027704], [-97.99004699956032, 36.31834800033643], [-97.98199499991846, 36.31832699978708], [-97.97976799997232, 36.31832199972441], [-97.97931199986276, 36.31832699978708], [-97.9775269997825, 36.318343999853106], [-97.9773860002155, 36.31834599973288], [-97.97616900039783, 36.31835200009578], [-97.97473999996973, 36.318374000216], [-97.97260099988712, 36.318374000216], [-97.97217400008986, 36.31837799997397], [-97.97038999983452, 36.31839699990733], [-97.96868000009734, 36.31841500025899], [-97.96402600018854, 36.31846399978778], [-97.96355099981238, 36.31846500008805], [-97.9618419999001, 36.31847099971797], [-97.96176200043247, 36.31847099971797], [-97.9616090002716, 36.31847200001813], [-97.9615239998828, 36.318468999841386], [-97.96144500024006, 36.31846699996477], [-97.95960800028128, 36.31841700013695], [-97.95786800040686, 36.31836999973401], [-97.95269899993895, 36.31823300029186], [-97.95000199963953, 36.31823899993964], [-97.94713799983384, 36.31824599989003], [-97.94356100000063, 36.31825499972191], [-97.93998199961929, 36.31826499985557], [-97.93750000030334, 36.31827199980357], [-97.93652299978687, 36.31826900034295], [-97.93597399979087, 36.31826800004017], [-97.9349210000047, 36.31828100035627], [-97.93386499984551, 36.31828300023766], [-97.93302700014452, 36.3182959998275], [-97.92924799974662, 36.318328999667294], [-97.92567000008853, 36.31836099991541], [-97.92296100009355, 36.31837600009501], [-97.9227600002521, 36.31837699967259], [-97.9226050004414, 36.31837799997397], [-97.92212500004236, 36.31838499991186], [-97.92210099975293, 36.3183840003344], [-97.92099600008822, 36.3183840003344], [-97.91997099989118, 36.31839199984916], [-97.91480300014646, 36.31841299965716], [-97.91394299980584, 36.318408999900996], [-97.91292099998184, 36.31840399984353], [-97.91154699980531, 36.31841000020197], [-97.91139600019258, 36.318408999900996], [-97.9078279996819, 36.318408999900996], [-97.90606600006616, 36.31840199996525], [-97.90603900030197, 36.31840199996525], [-97.90538900002365, 36.318408999900996], [-97.90523900023582, 36.318410999779104], [-97.90395499957266, 36.318405000144566], [-97.90250599995139, 36.31840800032378], [-97.90067300019057, 36.318405000144566], [-97.90042999961801, 36.318405000144566], [-97.90037400043981, 36.31840199996525], [-97.90031800036333, 36.318405000144566], [-97.89888499973726, 36.3184030002663], [-97.89849200027517, 36.3183989997858], [-97.89731599956707, 36.31838999997056], [-97.89717800037313, 36.31838999997056], [-97.89692399992991, 36.31839300015035], [-97.89663600004981, 36.31839600033001], [-97.89545299966902, 36.31839699990733], [-97.89428500025514, 36.31839800020846], [-97.89330699991375, 36.31839699990733], [-97.89295499956121, 36.31840099966417], [-97.89216100024116, 36.31838999997056], [-97.8912690001135, 36.31839699990733], [-97.89103999978464, 36.31839699990733], [-97.89079899976021, 36.31839699990733], [-97.88988599971614, 36.31839699990733], [-97.88957000024696, 36.3184000000869], [-97.88930900013105, 36.31840199996525], [-97.88891599977065, 36.318405000144566], [-97.88838699986614, 36.3184000000869], [-97.88612599958482, 36.31839699990733], [-97.88565399958172, 36.31839699990733], [-97.88456700035869, 36.31839100027177], [-97.88352700009303, 36.31839300015035], [-97.88032000015568, 36.31839800020846], [-97.87925499977563, 36.3184000000869], [-97.87828200035543, 36.31839300015035], [-97.87788300014725, 36.3184000000869], [-97.87579599994321, 36.3184000000869], [-97.87487000037866, 36.31840099966417], [-97.87415999982588, 36.3183939997277], [-97.8737609996177, 36.3183989997858], [-97.87302099982598, 36.3184000000869], [-97.87235300000431, 36.31840099966417], [-97.87200300019994, 36.31839699990733], [-97.87173200003829, 36.3183939997277], [-97.87115200008014, 36.31839500002886], [-97.87095299988852, 36.31839500002886], [-97.87060399990905, 36.31839500002886], [-97.86998100029321, 36.3183989997858], [-97.86963999981135, 36.31840199996525], [-97.86741700006318, 36.31841000020197], [-97.86284699981998, 36.31842700024983], [-97.8620319996852, 36.318419000014906], [-97.86142199958984, 36.31842200019357], [-97.85785599962728, 36.31841599983608], [-97.85778399965726, 36.31841599983608], [-97.85666700029701, 36.31841399995808], [-97.85548100044144, 36.31841200008005], [-97.85510200032478, 36.318410999779104], [-97.85466899978141, 36.31841399995808], [-97.85467100032956, 36.319368000354594], [-97.85467999965208, 36.32053100024515], [-97.85467999965208, 36.3205689997814], [-97.8546810003753, 36.321698999999086], [-97.85467399980428, 36.32245500015046], [-97.85467800000224, 36.322790999874215], [-97.85466999960632, 36.32570000034858], [-97.8546679999565, 36.327035000183436], [-97.8546660003067, 36.32897099999569], [-97.854652000063, 36.3291899997287], [-97.85465399971281, 36.329368000244536], [-97.85466200010873, 36.329866999762665], [-97.85466100028381, 36.32990300022939], [-97.85465799991077, 36.330081999991194], [-97.85465500043603, 36.330277999699405], [-97.85465000041316, 36.330608000287484], [-97.85463500034454, 36.33172000022834], [-97.85463500034454, 36.33218600013226], [-97.85463600016945, 36.33271300009089], [-97.85464500039028, 36.33561999977802], [-97.85464899968993, 36.3367830002632], [-97.85466700013158, 36.33770499985898], [-97.8546679999565, 36.34291699974297], [-97.85466399975854, 36.34365399995817], [-97.85466200010873, 36.34434099987532], [-97.85465700008585, 36.34724899964943], [-97.85465299988789, 36.34816099988056], [-97.85465000041316, 36.34866799986596], [-97.8546470000401, 36.34936400026155], [-97.85465600026095, 36.35069299969177], [-97.85467100032956, 36.35292500017518], [-97.8546810003753, 36.354345000239476], [-97.85468300002512, 36.35448999999853], [-97.85469999974356, 36.35557000030865], [-97.85469899991864, 36.35581900018575], [-97.85468600039816, 36.36015799968462], [-97.85468600039816, 36.36024399967752], [-97.8547020002917, 36.361718999787165], [-97.85470099956846, 36.36190299964987], [-97.85470999978929, 36.36214299969764], [-97.8547440001245, 36.3630430001572], [-97.85471700036031, 36.36402000015507], [-97.85471900001014, 36.36461499994054], [-97.85474699959923, 36.37184100000476], [-97.85476800041393, 36.37279800019361], [-97.85477199971356, 36.373309999704276], [-97.8547800001095, 36.37413400019266], [-97.85477400026171, 36.37500099969452], [-97.85479000015523, 36.37620800008408], [-97.85482799979009, 36.37620800008408], [-97.85494499996595, 36.37620800008408], [-97.854984000324, 36.37620800008408], [-97.85521399957945, 36.376206999802065], [-97.85607800011805, 36.376213000047315], [-97.85673099987112, 36.37619699987449], [-97.85691199962106, 36.37619300019237], [-97.85704499969047, 36.37619300019237], [-97.8587589996256, 36.37619100035124], [-97.85907900019106, 36.376190000069016], [-97.86039399991805, 36.376172000049834], [-97.86197200030907, 36.376158999993145], [-97.86248600014495, 36.37615599986853], [-97.86328000036333, 36.376142999809225], [-97.86371999968107, 36.376129000187966], [-97.865375000065, 36.376131000030696], [-97.86570499977786, 36.37613200031368], [-97.87067000003131, 36.37613799984144], [-97.87197499971253, 36.376139999683936], [-97.87223699965335, 36.37614099996681], [-97.87243099982211, 36.376139999683936], [-97.87262400016596, 36.376139999683936], [-97.87262300034104, 36.37603400000521], [-97.87264599990726, 36.376032000160045], [-97.87271700005238, 36.37602900003047], [-97.87274100034182, 36.37602799974615], [-97.87279400004527, 36.376027000185104], [-97.87279400004527, 36.37614099996681], [-97.87587799995897, 36.376144999651544], [-97.8823010000545, 36.376152000184305], [-97.88214000039602, 36.376610000299124], [-97.88207199972564, 36.376802999964646], [-97.88246900028399, 36.37673099970695], [-97.88254299990385, 36.37669300008654], [-97.88270000026267, 36.37666500031632], [-97.88291699999766, 36.376594000207916], [-97.88327699984777, 36.376566999956175], [-97.88355800005515, 36.37661899989694], [-97.8836309998501, 36.37663300015324], [-97.88378700038402, 36.37663300015324], [-97.88393700017185, 36.37656200001563], [-97.88410000037847, 36.37646299997027], [-97.8844259998934, 36.376391000121124], [-97.88473899988783, 36.3763639997989], [-97.88490799994224, 36.37633099995485], [-97.88513300007314, 36.376314999806254], [-97.88549999959594, 36.37618899978682], [-97.8858059999177, 36.376122999936236], [-97.88611800008722, 36.376106000184826], [-97.88639000007377, 36.3761010002147], [-97.88677000001537, 36.376150999901576], [-97.88689300003904, 36.376173000332244], [-97.88691300013052, 36.37618399982199], [-97.88717099987338, 36.37625500030464], [-97.88736800041518, 36.37652999981018], [-97.88749700028661, 36.376628999770254], [-97.88770099960281, 36.37666799969803], [-97.88781000028106, 36.376678999841054], [-97.88783700004524, 36.37669399963902], [-97.88800699992456, 36.376788999738956], [-97.88813599979598, 36.37687099978515], [-97.88824499957593, 36.3768990002045], [-97.88836000010197, 36.37684400035279], [-97.88841500035355, 36.37677800033476], [-97.88846899988192, 36.37661299968301], [-97.8887140001043, 36.376399000188016], [-97.88885700021943, 36.37631600008688], [-97.88894500008298, 36.376229000216895], [-97.88899899961133, 36.376201000279636], [-97.88904600036533, 36.37622999977534], [-97.88917000021387, 36.37628000010262], [-97.88919799980297, 36.37628500006123], [-97.88930900013105, 36.37630600017327], [-97.88956900042204, 36.37633299979239], [-97.88982899981472, 36.37637499998487], [-97.88984499970826, 36.37637499998487], [-97.88997500030291, 36.37638100021721], [-97.89006099961833, 36.37638499988961], [-97.89006300016646, 36.37643000016822], [-97.89007200038729, 36.37758800016693], [-97.89007599968694, 36.37820200014973], [-97.89008200043304, 36.37898999998926], [-97.89008400008287, 36.379278999730154], [-97.89008999993064, 36.38014599974182], [-97.8900930003037, 36.380435000249705], [-97.8900930003037, 36.380471999984394], [-97.8900930003037, 36.38058299980616], [-97.8900940001286, 36.380620999695694], [-97.89009499995352, 36.38077500023801], [-97.89009800032656, 36.38123800025242], [-97.89009999997639, 36.381392999788204], [-97.89009999997639, 36.38158299996417], [-97.89010300034943, 36.38215500028759], [-97.89010400017435, 36.382346000251346], [-97.89010400017435, 36.382535000067975], [-97.89010599982416, 36.38310299984788], [-97.89010699964908, 36.383293000185134], [-97.89028800029736, 36.38324999992102], [-97.89038100018377, 36.38320900001714], [-97.89040700012305, 36.383185999938064], [-97.89077399964584, 36.38287900033841], [-97.89109900023418, 36.38251499966905], [-97.89131500014425, 36.38227599974735], [-97.891798000018, 36.38258499995791], [-97.89188500005663, 36.38263600001505], [-97.89210900036264, 36.38276800017781], [-97.89230699983102, 36.38284299977593], [-97.89250500019776, 36.38289300019107], [-97.8926630003815, 36.38292399975252], [-97.89332299980725, 36.382930000202734], [-97.89385099988685, 36.382926000143705], [-97.89452600027955, 36.382923000280115], [-97.89607600018317, 36.38292499994809], [-97.89707299989283, 36.382907000041186], [-97.89847399983353, 36.382896000055865], [-97.89951999994697, 36.38289099979904], [-97.90048900006755, 36.3828900003262], [-97.90066499979464, 36.38288900013013], [-97.90119299987424, 36.38288600026505], [-97.90137000032458, 36.38288600026505], [-97.90137299979929, 36.38279099965723], [-97.90137399962421, 36.382779000181245], [-97.9013860002181, 36.38275099970921], [-97.90140499958635, 36.382724000148464], [-97.90154699987657, 36.38257200024998], [-97.9016120001739, 36.38250300015046], [-97.90181100036553, 36.38263400033963], [-97.90191799959733, 36.382703999798146], [-97.90204200034421, 36.382765999782514], [-97.90209800042071, 36.382772999719315], [-97.90218499956103, 36.382773999916886], [-97.90249300043091, 36.382765000308055], [-97.90273199990719, 36.382758999845066], [-97.90308699973444, 36.382761999715036], [-97.90415200011448, 36.382772999719315], [-97.90450799976662, 36.38277699978622], [-97.9045069999417, 36.38288799993404], [-97.9045069999417, 36.38322100015001], [-97.9045069999417, 36.383332999854375], [-97.9045069999417, 36.38346500028036], [-97.9045069999417, 36.38356999976891], [-97.90788700013142, 36.38349999964351], [-97.90788999960617, 36.38344100008809], [-97.90788499958329, 36.38306700011227], [-97.90787399971265, 36.38202599970589], [-97.90787399971265, 36.381945000240385], [-97.90787399971265, 36.381571999791575], [-97.90787399971265, 36.38135200035165], [-97.90787399971265, 36.380691000243004], [-97.90787500043587, 36.380471999984394], [-97.90787500043587, 36.38020800031916], [-97.90787700008569, 36.379871000003114], [-97.90787799991061, 36.379416999803176], [-97.90787999956042, 36.37915399969375], [-97.90787999956042, 36.37898800022004], [-97.90787999956042, 36.37849299970774], [-97.90788100028365, 36.37832799980123], [-97.9078789997355, 36.37816099975412], [-97.90787600026079, 36.37766000035451], [-97.90787500043587, 36.37749300031968], [-97.90787500043587, 36.377430999747716], [-97.90787500043587, 36.37724999980175], [-97.90787500043587, 36.37702199970584], [-97.90787399971265, 36.37652400031266], [-97.90787399971265, 36.37649500020329], [-97.90787600026079, 36.37628300022246], [-97.90903899965178, 36.376278999821544], [-97.9114460004213, 36.37629000001952], [-97.91196600010495, 36.376293000139036], [-97.91528199982227, 36.37629399969666], [-97.92215699982941, 36.376319000205385], [-97.92490400035754, 36.376329000117266], [-97.92572799981484, 36.37632799983686], [-97.92757900001733, 36.376324000161475], [-97.93302899979435, 36.37633599991024], [-97.93363700023988, 36.37633299979239], [-97.93370900020992, 36.37633799974759], [-97.93392099992202, 36.37633799974759], [-97.9345610001546, 36.376340000308225], [-97.93477399969163, 36.37634099986525], [-97.93571299967496, 36.37633799974759], [-97.93748900043269, 36.37633500035315], [-97.9385310003482, 36.37633700019054], [-97.93947100015646, 36.376340000308225], [-97.94031800007828, 36.37634299970253], [-97.94156099983523, 36.376348999937285], [-97.94230800019797, 36.37634700010017], [-97.94286200021683, 36.37634500026299], [-97.94371099978848, 36.376343999982744], [-97.9437419997506, 36.376343999982744], [-97.94383800001008, 36.376343999982744], [-97.94386999979713, 36.376343999982744], [-97.94554699992236, 36.376343999982744], [-97.94642700035445, 36.37634500026299], [-97.9489930002343, 36.37633500035315], [-97.95057999994785, 36.37632100004317], [-97.95134099965594, 36.376314999806254], [-97.95160099994695, 36.37631600008688], [-97.95225799989798, 36.376319000205385], [-97.95249700027257, 36.37631999976267], [-97.95376400031897, 36.3763259999992], [-97.9541269996438, 36.376324999718705], [-97.9558659996933, 36.37632100004317], [-97.95973399977967, 36.37632700027968], [-97.9606090001889, 36.376329000117266], [-97.96160400024874, 36.37631600008688], [-97.96250200022419, 36.37631600008688], [-97.96348399986523, 36.37631600008688], [-97.96516900038637, 36.37630800001145], [-97.96519899962527, 36.37630800001145], [-97.96609800032397, 36.376309999849575], [-97.9666139998097, 36.37630499989256], [-97.96874000037178, 36.37630400033509], [-97.96898100039623, 36.37630400033509], [-97.97078599966964, 36.37629499997754], [-97.97129399965776, 36.37629199985811], [-97.97337400018911, 36.376296999816006], [-97.97378400026793, 36.37629499997754], [-97.97410800013303, 36.37629399969666], [-97.97573400020464, 36.37628099966041], [-97.97666700034019, 36.37628199994147], [-97.97688900009803, 36.37628300022246], [-97.97869400026977, 36.37626599978279], [-97.97931000021293, 36.3762709997423], [-97.97932500028153, 36.3762709997423], [-97.97933699997711, 36.3762709997423], [-97.9794209996427, 36.37627399986254], [-97.97944900013009, 36.37627599970149], [-97.97961200033672, 36.37628099966041], [-97.98150899967165, 36.37628500006123], [-97.98170799986329, 36.37628500006123], [-97.98174100037356, 36.37628500006123], [-97.98197499982697, 36.37628600034225], [-97.98307500036711, 36.37629000001952], [-97.98848499996113, 36.37631600008688], [-97.99074500041755, 36.37632700027968], [-97.99147900036147, 36.376329999674425], [-97.9935020000931, 36.376340000308225], [-97.99368200001815, 36.37633900002792], [-97.99441699978699, 36.37633799974759], [-97.99497800037688, 36.37633799974759], [-97.99666100034989, 36.37633900002792], [-97.99722299986637, 36.376340000308225], [-97.9973740003774, 36.376340000308225], [-97.99782899976375, 36.37634200014554], [-97.99798100009971, 36.37634299970253], [-97.99963700030855, 36.37635099977436], [-98.00000399983135, 36.37635300033461], [-98.00206799957085, 36.37633900002792], [-98.00351600026555, 36.37633299979239], [-98.00446500029463, 36.376332000235266], [-98.00460500003672, 36.37633099995485], [-98.00572499977001, 36.376329999674425], [-98.00626200007045, 36.376324999718705], [-98.0069900001666, 36.376319000205385], [-98.00717900031248, 36.376316999644196], [-98.00876299965297, 36.37630499989256], [-98.00993299961499, 36.37630300005432], [-98.01033299964807, 36.37630300005432], [-98.01085099968192, 36.37629999993519], [-98.01105099969847, 36.37629800009681], [-98.01165400012115, 36.37629499997754], [-98.0118549999626, 36.37629399969666], [-98.01212500029933, 36.37629899965436], [-98.01249699984501, 36.37629800009681], [-98.0144259998653, 36.37629600025842], [-98.01507000029586, 36.37629600025842], [-98.01709700022546, 36.37628899973862], [-98.0172060000054, 36.37628800018093], [-98.02361400003231, 36.376265000224805], [-98.02574999974185, 36.37625799970222], [-98.02701799961316, 36.376254000023245], [-98.02720199973618, 36.376254000023245], [-98.02775599975504, 36.37625700014414], [-98.03078199994243, 36.37626299966224], [-98.03155799971915, 36.37625799970222], [-98.03251699979397, 36.376252000183676], [-98.0330110004367, 36.37625599986275], [-98.03378899986323, 36.37626299966224], [-98.03383400006908, 36.37626200010423], [-98.03547400038437, 36.37625799970222], [-98.03610399967292, 36.37626299966224], [-98.0363060002376, 36.37626299966224], [-98.03713100041813, 36.37626399994354], [-98.03989200029164, 36.37626800034523], [-98.04322499972737, 36.376273000304664], [-98.04817499991218, 36.376278999821544], [-98.05093699961061, 36.37628300022246], [-98.05139100007037, 36.37628199994147], [-98.05275199982808, 36.37628199994147], [-98.05320700011275, 36.37628199994147], [-98.05361499964344, 36.37628099966041], [-98.05483900003215, 36.376278999821544], [-98.0551539996764, 36.376278999821544], [-98.05524800028606, 36.37628199994147], [-98.05565199961877, 36.37627800026372], [-98.05575999957382, 36.376276999982615], [-98.05686400031189, 36.376276999982615], [-98.05696800006898, 36.37627800026372], [-98.05726900036785, 36.37627800026372], [-98.05741800033077, 36.37627800026372], [-98.05786799969425, 36.376278999821544], [-98.05801800038039, 36.37628000010262], [-98.05905400044811, 36.37628199994147], [-98.05921699975642, 36.37628199994147], [-98.05960099989598, 36.37628300022246], [-98.0615020003272, 36.37627500014363], [-98.06248999981601, 36.3762709997423], [-98.06404899994045, 36.37628000010262], [-98.06884599996438, 36.376249000062636], [-98.07058800038693, 36.3762390001404], [-98.07129499966837, 36.37624499965991], [-98.07365600040711, 36.37626700006399], [-98.07435699984077, 36.376272000023484], [-98.0757800004211, 36.37628500006123], [-98.07659499965756, 36.37629199985811], [-98.07742300021111, 36.37629399969666], [-98.07879999986237, 36.37629600025842], [-98.07924799957604, 36.37629499997754], [-98.08247399977996, 36.37631199968766], [-98.0835459998327, 36.376314999806254], [-98.08579000039558, 36.37632299988096], [-98.08660899982999, 36.37632200032372], [-98.08663899996722, 36.37632200032372], [-98.08673199985365, 36.37632200032372], [-98.08676299981579, 36.37632200032372], [-98.08680100034893, 36.37632200032372], [-98.08691500015175, 36.37632200032372], [-98.0869539996115, 36.37632200032372], [-98.08809900035747, 36.37632100004317], [-98.09174899998561, 36.37630699973072], [-98.0926629998546, 36.37630800001145], [-98.09526899991742, 36.37630900029216], [-98.09564700020917, 36.37630699973072], [-98.10038099958561, 36.37629800009681], [-98.10056899990659, 36.376296999816006], [-98.1011670003064, 36.37630699973072], [-98.10179999996798, 36.37628600034225], [-98.10450800013804, 36.37629199985811], [-98.10449300006943, 36.37187800021119], [-98.1045059995899, 36.37083699976688], [-98.104512000336, 36.36915100009429], [-98.10451300016092, 36.369122999779286]]]}}, {"type": "Feature", "properties": {"tract_id": "40047001500", "name": "Tract Census Tract 15", "pct_white_2020": 67.8, "pct_black_2020": 1.2, "pct_hispanic_2020": 25.0, "pct_asian_2020": 0.1, "population_2020": 6597, "is_sample_data": false, "pct_white_1970": 81.5, "pct_black_1970": 4.7, "pct_hispanic_1970": 12.4, "pct_asian_1970": 0, "pct_white_1990": 79.5, "pct_black_1990": 6.1, "pct_hispanic_1990": 19.0, "pct_asian_1990": 0}, "geometry": {"type": "Polygon", "coordinates": [[[-97.87290600019826, 36.4591040000691], [-97.87291600024399, 36.45666200035718], [-97.8729010001754, 36.45569199991299], [-97.87290700002318, 36.45488899986531], [-97.8728889995815, 36.453996999936884], [-97.87287900043408, 36.45180600018752], [-97.87287100003816, 36.44990900035358], [-97.8728390002511, 36.44940500014617], [-97.8727749997787, 36.44891200031216], [-97.87276200025822, 36.448916999933395], [-97.87269199993801, 36.448918000002145], [-97.87267000019672, 36.44891900007083], [-97.87263000001374, 36.44891900007083], [-97.87251000036314, 36.448921000208266], [-97.87247100000508, 36.44892200027691], [-97.87219999984343, 36.448925999828916], [-97.87073000030574, 36.448921000208266], [-97.86710499989367, 36.44891000017454], [-97.86550800013437, 36.44890399976139], [-97.86376800025997, 36.44889900013932], [-97.86317499988303, 36.44889800007032], [-97.86286500026165, 36.44889800007032], [-97.86085800042353, 36.44890299969246], [-97.86015899974139, 36.44889700000137], [-97.8592580002912, 36.448890000240716], [-97.85834699989695, 36.448888000102535], [-97.85561699998559, 36.44888299975682], [-97.85547800006842, 36.44888299975682], [-97.85491599965363, 36.448881000341004], [-97.85470800013948, 36.44888399982595], [-97.8547020002917, 36.44842199973826], [-97.8546810003753, 36.44806400020258], [-97.85468399985002, 36.44746099964157], [-97.85468399985002, 36.44742700027205], [-97.85468499967494, 36.44722599967803], [-97.85468700022308, 36.44695199967961], [-97.85469600044391, 36.446088000310176], [-97.8547030001166, 36.44305600002377], [-97.85470700031456, 36.44160000030437], [-97.85471200033743, 36.44083199991301], [-97.85471599963708, 36.44016699984569], [-97.85471900001014, 36.43986399989865], [-97.85472800023096, 36.43951100012593], [-97.85473200042892, 36.439342000356284], [-97.85474800032245, 36.438679999685455], [-97.85474800032245, 36.43851999993136], [-97.85474599977431, 36.43751000032925], [-97.85475099979718, 36.43688299982307], [-97.85476199966783, 36.435869999887394], [-97.85476400021598, 36.43576800022845], [-97.85476599986579, 36.4350160002923], [-97.85476699969071, 36.43463599983311], [-97.85476000001802, 36.43443800011564], [-97.8541680003643, 36.43443500007223], [-97.85407999960245, 36.43443500007223], [-97.85377300035411, 36.434450000288074], [-97.85296499989202, 36.43441800006497], [-97.85239300032978, 36.43440799967636], [-97.85214399990946, 36.43440500035453], [-97.85180199960269, 36.434399000265046], [-97.85007000012419, 36.434373000112885], [-97.84866599981046, 36.43435199978898], [-97.84674500018606, 36.4343159999433], [-97.84487399989209, 36.4342970001184], [-97.84438500017055, 36.43429299981235], [-97.8431420004136, 36.43427399998182], [-97.84230999966206, 36.434261000247204], [-97.84128299981519, 36.43424700025264], [-97.84115499976866, 36.43424599999484], [-97.84101599985149, 36.43424400020184], [-97.83802900002216, 36.4342130001521], [-97.83770099995911, 36.43420800030612], [-97.83685200038744, 36.434194000302], [-97.83683899996866, 36.43404000008993], [-97.83684399999152, 36.426070999980865], [-97.83684300016662, 36.425830000264064], [-97.83684099961849, 36.42510999992028], [-97.83684099961849, 36.42486999976758], [-97.83683999979357, 36.424349000241016], [-97.83683999979357, 36.424308999995496], [-97.83684399999152, 36.42278699988498], [-97.83684599964135, 36.42226699980497], [-97.83684700036459, 36.42204800030546], [-97.83685499986218, 36.42123499983084], [-97.8368559996871, 36.42113699999718], [-97.83685900006014, 36.420842999754164], [-97.83685999988506, 36.420745000148735], [-97.83685999988506, 36.42064399984317], [-97.83685999988506, 36.420341000306955], [-97.83685999988506, 36.42024099991427], [-97.83685999988506, 36.420136999802985], [-97.83685999988506, 36.419933999928205], [-97.83685499986218, 36.41982500007915], [-97.83685200038744, 36.41972199985575], [-97.83684900001441, 36.41964500025215], [-97.83684999983932, 36.41954300023728], [-97.83685400003729, 36.41930800030971], [-97.83685099966424, 36.41900900026894], [-97.83684999983932, 36.418831000186394], [-97.83683200029597, 36.41872099977709], [-97.83680800000651, 36.418561999823545], [-97.83679899978569, 36.418392000245106], [-97.83679399976282, 36.41828199993688], [-97.8367910002881, 36.41819599978449], [-97.83678799991503, 36.41809199982607], [-97.83678299989216, 36.41793899994689], [-97.83678200006726, 36.417905999678304], [-97.83678100024234, 36.41785399988375], [-97.83677200002151, 36.4171150003472], [-97.83676799982354, 36.41670399992151], [-97.83676399962559, 36.41633700003546], [-97.8367500002802, 36.41492800005666], [-97.83674899955699, 36.414898000030114], [-97.83674299970919, 36.41415899983808], [-97.83673900040954, 36.41383299989352], [-97.83673299966345, 36.41314400016603], [-97.83673000018872, 36.41285799995734], [-97.83672799964059, 36.412533000150674], [-97.83771600002773, 36.4125429997424], [-97.83973799993444, 36.412544000279816], [-97.841508999771, 36.412554999684446], [-97.8449099998771, 36.41257900028603], [-97.84552499999533, 36.41257500030677], [-97.84619600019008, 36.41253399996532], [-97.84847699966457, 36.41234699970297], [-97.84901099959195, 36.41234100007753], [-97.84988299962815, 36.412384999970534], [-97.85050899961702, 36.41243100019349], [-97.85083300038043, 36.41244700013895], [-97.85179499993, 36.41243999998248], [-97.85474199957635, 36.41244300015289], [-97.85475699964496, 36.41217599971461], [-97.85475400017023, 36.411793000044824], [-97.8547590001931, 36.41134599999967], [-97.85473800027671, 36.41125299985623], [-97.85473699955347, 36.411171999757215], [-97.85473200042892, 36.41077500030855], [-97.85472800023096, 36.41064899974435], [-97.85472499985792, 36.41027899991292], [-97.854724000033, 36.410124000133884], [-97.85472200038318, 36.409168999966646], [-97.85472200038318, 36.40880000017863], [-97.85471700036031, 36.40790799969224], [-97.85471099961421, 36.40710700019504], [-97.85470999978929, 36.407010999657764], [-97.85470599959133, 36.406560999896136], [-97.85470099956846, 36.406112000317385], [-97.85469899991864, 36.40591500005843], [-97.85469600044391, 36.40549200007176], [-97.85469800009375, 36.40519600007549], [-97.85469899991864, 36.40501299987033], [-97.8547030001166, 36.40446799995778], [-97.85470499976641, 36.40428600012784], [-97.85470499976641, 36.404115999671205], [-97.85470599959133, 36.40360800026688], [-97.85470599959133, 36.403437999772954], [-97.85470599959133, 36.40337800023283], [-97.85470599959133, 36.40321099976264], [-97.85470599959133, 36.402709999813716], [-97.85470599959133, 36.40254200013378], [-97.85470599959133, 36.40247299968226], [-97.85470599959133, 36.402305000212905], [-97.85470700031456, 36.4017959998617], [-97.85470599959133, 36.40162599974179], [-97.85470599959133, 36.401569000115934], [-97.85470800013948, 36.40139800026448], [-97.85471099961421, 36.400888999756646], [-97.85471300016233, 36.40071799985497], [-97.85471300016233, 36.40065799966077], [-97.85471300016233, 36.40048500003445], [-97.85471999983504, 36.39997200014894], [-97.85472099965996, 36.39980300035562], [-97.854724000033, 36.39974900005322], [-97.85472599968283, 36.39951600021967], [-97.85473200042892, 36.39885399980702], [-97.85473300025384, 36.39793900005325], [-97.85473499990366, 36.397313000332815], [-97.85473999992654, 36.396624000159775], [-97.85474099975143, 36.39638800029031], [-97.8547440001245, 36.39602499998388], [-97.85474599977431, 36.39568100002932], [-97.85474900014735, 36.39544600022343], [-97.85474999997227, 36.39521299978219], [-97.85475499999514, 36.3945130000059], [-97.85475699964496, 36.394280999709764], [-97.85475699964496, 36.39404900016736], [-97.85475699964496, 36.393699999860026], [-97.85475499999514, 36.39335599973927], [-97.85475499999514, 36.393124999669865], [-97.85475400017023, 36.39289599977179], [-97.85475300034531, 36.3925539998521], [-97.85475099979718, 36.39221199987396], [-97.85475099979718, 36.391984000257835], [-97.8547519996221, 36.39170800036066], [-97.85475400017023, 36.39122999989216], [-97.85475499999514, 36.39088300013136], [-97.85475599982006, 36.39060800003764], [-97.85444600019866, 36.39060900013441], [-97.85351899991089, 36.39061299979826], [-97.8532100001144, 36.39061499999163], [-97.85236700039053, 36.390619999751735], [-97.84995700014628, 36.39063699994616], [-97.84984099979535, 36.39063699994616], [-97.84982900009977, 36.39063800004258], [-97.8497040004263, 36.39063800004258], [-97.84899999972129, 36.39064399989754], [-97.84873799978047, 36.39064399989754], [-97.84795500033107, 36.39064399989754], [-97.84769400021516, 36.39064399989754], [-97.84643600038959, 36.39064999975204], [-97.8443679995538, 36.39066100008666], [-97.8426639996644, 36.39066100008666], [-97.8426079995879, 36.39066100008666], [-97.84207899968338, 36.39066200018276], [-97.84192200022287, 36.39066800003588], [-97.84160500003046, 36.39063699994616], [-97.84144400037198, 36.390633000283614], [-97.84140900021188, 36.39063200018714], [-97.84103400029315, 36.39059999998619], [-97.84086799971347, 36.39059199993387], [-97.8406369997348, 36.39059400012783], [-97.84048299974903, 36.39059699969552], [-97.84005400030193, 36.39064299980121], [-97.83953500044316, 36.39072900008304], [-97.839276999802, 36.39075200010021], [-97.8390590002421, 36.390762000325644], [-97.83851000024609, 36.390756999851575], [-97.8383279997729, 36.390756999851575], [-97.8377229997004, 36.39075900004123], [-97.83755600019416, 36.390779999860456], [-97.83742399994966, 36.39077400001598], [-97.8373489996066, 36.39077099973203], [-97.83702899993946, 36.39078500033311], [-97.83689800041822, 36.390792000271155], [-97.83685400003729, 36.39079399973682], [-97.83516900041445, 36.39076800017104], [-97.83496699984977, 36.39076700007637], [-97.83425999967002, 36.390762000325644], [-97.83416000011091, 36.390762000325644], [-97.83307200016465, 36.39075900004123], [-97.83123299965773, 36.390754000290045], [-97.82991100025806, 36.39074700034858], [-97.82785599984106, 36.39073600002608], [-97.82701899996498, 36.39073199964547], [-97.8269439996219, 36.39073100027342], [-97.82687300037512, 36.39073100027342], [-97.82634600012042, 36.39072799998781], [-97.82631099996033, 36.39072799998781], [-97.82562899989495, 36.39072799998781], [-97.82516600011266, 36.39072799998781], [-97.82370900009548, 36.390719999948665], [-97.82294599983922, 36.390715000194966], [-97.82274900019573, 36.39071400009956], [-97.82257500011846, 36.390713000004176], [-97.82199900035828, 36.39070999971782], [-97.81986899959821, 36.39070299977244], [-97.81890899969846, 36.39070000020884], [-97.81890799987357, 36.38982800018557], [-97.81890700004865, 36.38721300014811], [-97.81890700004865, 36.386342000216985], [-97.81890500039881, 36.38431599995986], [-97.81890399967561, 36.38160299987958], [-97.81891500044458, 36.38038700015714], [-97.81890799987357, 36.378713000002904], [-97.81890799987357, 36.37854600005928], [-97.81890799987357, 36.37824200026782], [-97.81891200007153, 36.37714700027576], [-97.81890899969846, 36.376216999728406], [-97.82249899995047, 36.37622199969106], [-97.82712100007222, 36.376229000216895], [-97.83124299970346, 36.37624599994143], [-97.83246799991707, 36.37625099990228], [-97.83327100035629, 36.376249000062636], [-97.83629699964537, 36.37624200026188], [-97.8368620004332, 36.37625099990228], [-97.8368620004332, 36.375206999953946], [-97.8368630002581, 36.37390100025412], [-97.83686900010588, 36.37334500002104], [-97.83687400012876, 36.37297499980236], [-97.8368699999308, 36.37256299993556], [-97.83686699955774, 36.372316000047114], [-97.83687800032672, 36.3716070000901], [-97.83687400012876, 36.368598000325456], [-97.83688199962637, 36.36790700024766], [-97.8368709997557, 36.366315000196366], [-97.83686400008303, 36.365328999898765], [-97.83683899996866, 36.364679000013645], [-97.83683899996866, 36.364629000187094], [-97.83684099961849, 36.36455799994417], [-97.83684599964135, 36.36404099996111], [-97.83684800018948, 36.36352100027155], [-97.83686499990793, 36.36290799988373], [-97.83684399999152, 36.36207799996879], [-97.83684300016662, 36.3617239999582], [-97.83698200008381, 36.361721999745114], [-97.83840899996376, 36.361731000341884], [-97.83861900002604, 36.361732000086604], [-97.83910000024997, 36.361735000044064], [-97.84132700019613, 36.36173299983132], [-97.84247200004377, 36.36174000021414], [-97.84350300008862, 36.36174600012843], [-97.84394900015246, 36.361743999915916], [-97.84542000041336, 36.361738999746095], [-97.84572599983679, 36.36174199970334], [-97.84625499974132, 36.361746999872956], [-97.84747400010713, 36.361735000044064], [-97.84889599996421, 36.361721999745114], [-97.85032700004216, 36.36170900016742], [-97.85134600039142, 36.361721000000266], [-97.85271800001979, 36.36171700029736], [-97.8534989998194, 36.361715000084104], [-97.85411200028781, 36.36171700029736], [-97.85446700011505, 36.36171800004227], [-97.85451399997072, 36.36171800004227], [-97.8545340000622, 36.36171800004227], [-97.85465500043603, 36.36171800004227], [-97.8547020002917, 36.361718999787165], [-97.85468600039816, 36.36024399967752], [-97.85468600039816, 36.36015799968462], [-97.85469899991864, 36.35581900018575], [-97.85469999974356, 36.35557000030865], [-97.85468300002512, 36.35448999999853], [-97.8546810003753, 36.354345000239476], [-97.85467100032956, 36.35292500017518], [-97.85465600026095, 36.35069299969177], [-97.8546470000401, 36.34936400026155], [-97.85465000041316, 36.34866799986596], [-97.85465299988789, 36.34816099988056], [-97.85465700008585, 36.34724899964943], [-97.85466200010873, 36.34434099987532], [-97.85466399975854, 36.34365399995817], [-97.8546679999565, 36.34291699974297], [-97.85466700013158, 36.33770499985898], [-97.85464899968993, 36.3367830002632], [-97.85464500039028, 36.33561999977802], [-97.85463600016945, 36.33271300009089], [-97.85463500034454, 36.33218600013226], [-97.85463500034454, 36.33172000022834], [-97.85465000041316, 36.330608000287484], [-97.85465500043603, 36.330277999699405], [-97.85465799991077, 36.330081999991194], [-97.85466100028381, 36.32990300022939], [-97.85466200010873, 36.329866999762665], [-97.85465399971281, 36.329368000244536], [-97.854652000063, 36.3291899997287], [-97.8546660003067, 36.32897099999569], [-97.8546679999565, 36.327035000183436], [-97.85466999960632, 36.32570000034858], [-97.85467800000224, 36.322790999874215], [-97.85467399980428, 36.32245500015046], [-97.8546810003753, 36.321698999999086], [-97.85467999965208, 36.3205689997814], [-97.85467999965208, 36.32053100024515], [-97.85467100032956, 36.319368000354594], [-97.85466899978141, 36.31841399995808], [-97.85290299996774, 36.31842299977056], [-97.84760800000143, 36.318453000103055], [-97.84601399971689, 36.31846199991102], [-97.84584300001265, 36.31846100033455], [-97.84538400042834, 36.31846000003423], [-97.8449650001287, 36.31846500008805], [-97.84402699997027, 36.31846500008805], [-97.84351200030945, 36.31846500008805], [-97.83857899984307, 36.31848200012396], [-97.83676299980068, 36.31848900005253], [-97.83624499976682, 36.31849000035248], [-97.83317099989885, 36.31846500008805], [-97.82907900040483, 36.318432999882674], [-97.82800099960602, 36.31843600006081], [-97.82239799966814, 36.318405999721776], [-97.81880699959122, 36.31838800009185], [-97.81832200006764, 36.31839199984916], [-97.81704999999837, 36.3183830000331], [-97.81601200028084, 36.31837100003548], [-97.81523899997886, 36.31835500027704], [-97.81498799990868, 36.318350999794056], [-97.81462100038587, 36.31834700003466], [-97.81410300035202, 36.318340999671435], [-97.81315699979767, 36.318338999791465], [-97.81250700041765, 36.31832600020887], [-97.81223600025601, 36.318323000026496], [-97.80453500024343, 36.318249000075355], [-97.80137400033682, 36.31821899966435], [-97.80096699973274, 36.318214999898174], [-97.80032999987318, 36.31820400017832], [-97.79973400002153, 36.31819900010776], [-97.7982469998671, 36.318187999661816], [-97.79658099961253, 36.31817100028558], [-97.79603599981448, 36.31816499990876], [-97.7948039999282, 36.31815299987758], [-97.79279700009009, 36.318133000304044], [-97.79244700028572, 36.31813399988475], [-97.79190800033547, 36.31813700007439], [-97.79147300014228, 36.31813899995947], [-97.79011400003438, 36.31811100011575], [-97.78724699985564, 36.31810099996233], [-97.78537899993474, 36.318074999991744], [-97.78334000030956, 36.31804700012504], [-97.78302399994207, 36.31804700012504], [-97.783024999767, 36.317620000187674], [-97.78302399994207, 36.31694500007181], [-97.78301999974411, 36.3136389998133], [-97.78301899991921, 36.31253800007326], [-97.78301899991921, 36.312502999923865], [-97.78300800004854, 36.3107410002018], [-97.7829750004366, 36.3053510001346], [-97.78296500039083, 36.303555000175805], [-97.78294699994919, 36.30115600023301], [-97.78293299970548, 36.299180000043066], [-97.78293699990344, 36.297457000241664], [-97.78293000023073, 36.29636699998569], [-97.78291900036008, 36.29622199991309], [-97.78291699981195, 36.29607999988535], [-97.78291299961398, 36.29493500014409], [-97.7829000000935, 36.29476899992758], [-97.78289199969758, 36.293960999831036], [-97.78288599984981, 36.29326100014363], [-97.78285700043581, 36.2915630001464], [-97.78285300023785, 36.29106799986569], [-97.78284700039008, 36.29020900006245], [-97.7828430001921, 36.28990799983607], [-97.78283800016924, 36.28958600029535], [-97.78283099959822, 36.28909299968763], [-97.78251900032701, 36.28910699975226], [-97.78246599972525, 36.28910799970506], [-97.78137100010629, 36.28913699977888], [-97.78126399997616, 36.28914000036015], [-97.7810060002333, 36.28914400016959], [-97.78012300032648, 36.28915600032076], [-97.7797590002784, 36.28916499988984], [-97.7760209998884, 36.28926200024828], [-97.77529299979226, 36.28928100003568], [-97.7747749997584, 36.28929500006657], [-97.77398399991307, 36.28931499979602], [-97.77358200023018, 36.28935999971165], [-97.77303599970891, 36.28948799966764], [-97.7729729999597, 36.28949400007908], [-97.7727610002476, 36.289518000271876], [-97.77251000017742, 36.28950400028098], [-97.77228099984858, 36.28948299992788], [-97.77203800017432, 36.28943199966749], [-97.77179100030212, 36.2893749996778], [-97.77156899964596, 36.28935400001406], [-97.77120499959788, 36.28934099994355], [-97.7685650000982, 36.28938399994565], [-97.76752900003046, 36.289389999641], [-97.76730300007468, 36.289392000263405], [-97.76690999971427, 36.28939799995813], [-97.76570999961503, 36.28941699971235], [-97.76564299966789, 36.289417999661175], [-97.7645949999046, 36.289413999865786], [-97.76276899981646, 36.28940900012127], [-97.76269900039459, 36.28940900012127], [-97.76138700014235, 36.289419000334064], [-97.76124999987498, 36.28941699971235], [-97.7611439995698, 36.28941699971235], [-97.76013599998947, 36.28942599997543], [-97.76002899985934, 36.28942699992414], [-97.75985399995717, 36.28942400007794], [-97.7580470001356, 36.289399999856236], [-97.75755300039118, 36.289399999856236], [-97.75650700027774, 36.28940199975428], [-97.75483299962725, 36.289391000314254], [-97.75000700018931, 36.28938499989495], [-97.74980399979971, 36.28938399994565], [-97.74756900035597, 36.28937900019922], [-97.74722100020144, 36.289380000148526], [-97.74604799986636, 36.289382999996405], [-97.74524399960224, 36.28938100009787], [-97.74048000008858, 36.28937600035123], [-97.7393129996013, 36.289377000300576], [-97.73733699972533, 36.289380000148526], [-97.73574099979095, 36.28938799974259], [-97.73495300031867, 36.289392000263405], [-97.73229600020223, 36.28939600005992], [-97.73095399981275, 36.28940099980526], [-97.73021499984597, 36.289405000325424], [-97.72935899970331, 36.28941299991692], [-97.72653199970756, 36.28943800008318], [-97.7262329999568, 36.289439000031784], [-97.7257030002274, 36.28944099992884], [-97.72114800005278, 36.289459999672594], [-97.7208390002563, 36.28946300024149], [-97.7204950002997, 36.28946600008613], [-97.71685599964391, 36.28950800007176], [-97.71618199997445, 36.28951599965271], [-97.71451200042023, 36.289509000019414], [-97.71373099972233, 36.28951599965271], [-97.71323299977996, 36.28952000016691], [-97.71173899995283, 36.289507000124054], [-97.71157200044657, 36.289506000176374], [-97.71124199983538, 36.28950800007176], [-97.70764300026086, 36.28950199966147], [-97.70245200005164, 36.28949400007908], [-97.70105399958565, 36.28950400028098], [-97.69684599974069, 36.289505000228694], [-97.6932479999911, 36.289506000176374], [-97.69183500035483, 36.28948699971973], [-97.69149300004807, 36.2894810000319], [-97.68900499998603, 36.28944199987733], [-97.68750100011317, 36.28941299991692], [-97.68623200041695, 36.28939600005992], [-97.68447800029884, 36.28937399972837], [-97.68265999970829, 36.289350000215386], [-97.68037300038603, 36.289320000270656], [-97.67929100028755, 36.28930600024423], [-97.67827199993827, 36.28928000008506], [-97.67720999993129, 36.28926600005146], [-97.67539300006399, 36.289243999683315], [-97.6751830000017, 36.28924099983009], [-97.6739789997045, 36.28925100006442], [-97.67354799970926, 36.289253999917264], [-97.66803400035815, 36.28927099980515], [-97.66655300005151, 36.28929600001695], [-97.66541999989941, 36.289301999719015], [-97.66476200012349, 36.289299999818404], [-97.66394500033887, 36.28929899986807], [-97.66183800004335, 36.2893179996464], [-97.65939199981409, 36.28932699992089], [-97.659139999919, 36.28932799987086], [-97.65778400018418, 36.28932899982082], [-97.65760300043421, 36.28933400029456], [-97.65760599990892, 36.28977600006812], [-97.6576100001069, 36.29012300021967], [-97.65760699973384, 36.29107400015556], [-97.65760599990892, 36.29110500007719], [-97.65760599990892, 36.291548999798366], [-97.65761900032771, 36.29409799992761], [-97.65762199980246, 36.294872999712005], [-97.65763900041922, 36.29657799979458], [-97.65764400044208, 36.29813999980315], [-97.65763900041922, 36.29997800007556], [-97.65764000024411, 36.30007500002197], [-97.65764400044208, 36.300585000330756], [-97.65764799974171, 36.30307099965637], [-97.65765199993969, 36.30355999973766], [-97.65765399958951, 36.30381599990027], [-97.65765899961238, 36.304505999982666], [-97.65765699996255, 36.30497099997838], [-97.65765600013765, 36.305678999649295], [-97.65765399958951, 36.30764899977199], [-97.65765699996255, 36.30843700007435], [-97.65766199998544, 36.309593000170366], [-97.65766799983321, 36.31166100025899], [-97.65767700005405, 36.312509999665465], [-97.65768299990182, 36.313425999828134], [-97.65768700009978, 36.313992999826624], [-97.65771300003904, 36.318266999737375], [-97.65771300003904, 36.318288999881595], [-97.65771499968886, 36.31962899998565], [-97.65769899979536, 36.320685000270124], [-97.65769700014552, 36.32085399969351], [-97.65769200012264, 36.3211730003603], [-97.65767899970386, 36.323440999910936], [-97.65766700000829, 36.32544099975755], [-97.65766500035846, 36.32579000014565], [-97.65764400044208, 36.32937100000177], [-97.65762199980246, 36.33038199989084], [-97.65760599990892, 36.33252699974634], [-97.65760500008402, 36.332731000030634], [-97.65760300043421, 36.332965000316236], [-97.65760799955875, 36.33577300029864], [-97.65760900028198, 36.33591499968052], [-97.65763600004615, 36.344199999906365], [-97.65764600009189, 36.34700899998376], [-97.65764100006903, 36.34778800024798], [-97.65764100006903, 36.34792599974229], [-97.65764400044208, 36.34957300008775], [-97.65764299971885, 36.35012499985964], [-97.65764199989394, 36.350904999942806], [-97.65763799969598, 36.352772999929726], [-97.65763699987107, 36.353016000208605], [-97.6576250001755, 36.3563030001493], [-97.6576250001755, 36.3574750003111], [-97.6576319998482, 36.3591469999947], [-97.6576319998482, 36.35927399990131], [-97.6576310000233, 36.35935199977541], [-97.6576310000233, 36.35941299978948], [-97.65762699982533, 36.36057699989778], [-97.6576319998482, 36.36146400004051], [-97.6576319998482, 36.36435800013421], [-97.65763400039634, 36.373039999831384], [-97.65763500022126, 36.37500899990438], [-97.65762799965024, 36.375933999725575], [-97.6576310000233, 36.37614200024966], [-97.65764299971885, 36.37676799975727], [-97.65764400044208, 36.376807000338616], [-97.65764299971885, 36.37697699976972], [-97.65763799969598, 36.37758500009742], [-97.6576240003506, 36.37940799980591], [-97.65762000015263, 36.38001700016694], [-97.65761099993179, 36.38113899965001], [-97.65760300043421, 36.38151499992412], [-97.65758800036558, 36.382278000155196], [-97.65760099988606, 36.383335999702204], [-97.65759400021336, 36.3860099997821], [-97.65759199966523, 36.386855999810365], [-97.65761199975671, 36.38745400035679], [-97.65761099993179, 36.38750799979996], [-97.6576040002591, 36.38784099975608], [-97.6575900000154, 36.388580000053906], [-97.65758499999254, 36.38884099986424], [-97.65757900014474, 36.389175000011406], [-97.65757800031984, 36.38941399969934], [-97.65757499994679, 36.39013200024275], [-97.65757499994679, 36.39022200005063], [-97.65756300025123, 36.390371999981], [-97.65749700012898, 36.3911309997182], [-97.65744500025045, 36.39164500019173], [-97.65742699980879, 36.39182100021431], [-97.65738699962581, 36.39256399984572], [-97.6573430001432, 36.393101000290024], [-97.65729600028753, 36.39404700006235], [-97.65731100035615, 36.39416100018252], [-97.65744100005249, 36.394619999849915], [-97.65753300011399, 36.3948800003101], [-97.65758699964235, 36.395145000092725], [-97.65760000006114, 36.39546100001688], [-97.6576040002591, 36.39555100016299], [-97.65761400030486, 36.396180999713735], [-97.65762299962736, 36.39745800027552], [-97.65762699982533, 36.39769999982173], [-97.65763900041922, 36.398314000069796], [-97.65763799969598, 36.398705000329336], [-97.65763400039634, 36.401211999910046], [-97.6576529997646, 36.40244599974037], [-97.65765399958951, 36.402474000349365], [-97.65765799978747, 36.403693999941304], [-97.65765799978747, 36.40391900013559], [-97.65766100016052, 36.404593999701525], [-97.65766199998544, 36.40481900018178], [-97.6576820000769, 36.40601300030108], [-97.65768899974961, 36.40644799978273], [-97.65774200035138, 36.409555999695144], [-97.65776800029063, 36.410227000072844], [-97.65779699970464, 36.4113339998708], [-97.65784100008557, 36.41296300022703], [-97.65787500042076, 36.41423500002759], [-97.6579769996297, 36.4180519999718], [-97.6580050001171, 36.419098000157206], [-97.65800799959183, 36.419325000011455], [-97.65801799963758, 36.42015400004618], [-97.65801000013997, 36.42221299993625], [-97.65798000000274, 36.430878999840296], [-97.6579709997819, 36.43376800031114], [-97.65796300028431, 36.4347019998676], [-97.65795900008635, 36.43519100011584], [-97.657969999957, 36.4363549998041], [-97.65796300028431, 36.43750699968187], [-97.65796300028431, 36.43755000027726], [-97.65796900013208, 36.438441999976824], [-97.65797499997987, 36.43945299992578], [-97.65797599980478, 36.439501999860994], [-97.65795400006348, 36.44248699966617], [-97.65794700039078, 36.44349899980729], [-97.65794099964468, 36.444343000164636], [-97.65792200027643, 36.44687799990967], [-97.65791700025355, 36.447722999724164], [-97.65791600042864, 36.447829999980556], [-97.65791200023068, 36.44815199994286], [-97.65791200023068, 36.448259999684765], [-97.65790899985763, 36.44860799975725], [-97.65790999968256, 36.448785000142024], [-97.65791100040576, 36.44886700009358], [-97.65791200023068, 36.44909200020283], [-97.65792200027643, 36.45026800009723], [-97.65792200027643, 36.45036099975584], [-97.65792200027643, 36.45088699976652], [-97.65792200027643, 36.45190100023042], [-97.65792300010133, 36.45199200004077], [-97.65794499984264, 36.45333700004819], [-97.65794099964468, 36.45374100013009], [-97.65792999977403, 36.454942000131915], [-97.65792899994914, 36.45510699992569], [-97.65793399997199, 36.455957000307706], [-97.65794099964468, 36.457296999671165], [-97.65794800021568, 36.45840400027623], [-97.65794400001772, 36.46019000033331], [-97.65794700039078, 36.461319000264204], [-97.65795099969043, 36.46266000006541], [-97.65806000036868, 36.4626559997767], [-97.65834099967776, 36.4626489998128], [-97.65839000008158, 36.4626489998128], [-97.65849999968643, 36.46264999970443], [-97.66015199969729, 36.46266000006541], [-97.6651079997299, 36.46269300009138], [-97.66675999974073, 36.46270400033771], [-97.66736200033851, 36.46270799990152], [-97.66851999970666, 36.462715999750884], [-97.66916800033516, 36.46272000003649], [-97.66977099985951, 36.462724000321906], [-97.67004200002117, 36.462725000212586], [-97.67085499960783, 36.462731000279], [-97.67087700024743, 36.46273200016963], [-97.67112699959438, 36.462731000279], [-97.67120799978522, 36.462729999665925], [-97.6714510003578, 36.462729999665925], [-97.67153300037356, 36.462729999665925], [-97.67229400008166, 36.46272799988463], [-97.67457700010429, 36.462721999817994], [-97.67527000004033, 36.46272099992722], [-97.6753389996373, 36.462715999750884], [-97.6754709998818, 36.46270799990152], [-97.67603300029658, 36.46271300007836], [-97.67678999980672, 36.46272099992722], [-97.67738499983346, 36.46272600010329], [-97.67811899977738, 36.46275200014655], [-97.67835099958099, 36.46276099988165], [-97.67881400026158, 36.46277300000844], [-97.67960199973388, 36.462792999974845], [-97.67999400026933, 36.462801999705185], [-97.68025700003507, 36.46280899965522], [-97.68231199955375, 36.46283499967071], [-97.68353799959226, 36.46286400006669], [-97.68471900032326, 36.46289199984078], [-97.68562899999428, 36.46291299966475], [-97.68750699996095, 36.462956999793505], [-97.68774899981028, 36.46295300024261], [-97.68824000007996, 36.46296999977753], [-97.68836200027869, 36.46297099966508], [-97.68882400023605, 36.46297800032234], [-97.68927299977463, 36.46298799991849], [-97.6896379996476, 36.46299599973897], [-97.69008600025958, 36.46300000001014], [-97.6905459996688, 36.46300500016822], [-97.69116599980991, 36.46302699984841], [-97.69252599974274, 36.46305399967723], [-97.69292199957786, 36.46306300009969], [-97.6933400000526, 36.46306599975867], [-97.69465700032771, 36.46307500017973], [-97.6966919997549, 36.46309099980197], [-97.69861099972945, 36.46308900003], [-97.69992899982948, 36.46308900003], [-97.70061000006997, 36.46308800014396], [-97.70138800039481, 36.46309400018228], [-97.70158400021342, 36.463091999687904], [-97.70221900042313, 36.46308800014396], [-97.70494900033451, 36.463108000029116], [-97.70537399958361, 36.46311599983722], [-97.7058720004243, 36.46311599983722], [-97.70654899956851, 36.46310700014333], [-97.70668199963791, 36.46310600025753], [-97.70723599965679, 36.463103999763526], [-97.70792100009521, 36.463095000068236], [-97.70820399995242, 36.46309400018228], [-97.70880900002493, 36.463091999687904], [-97.70974899983318, 36.46309099980197], [-97.71023400025507, 36.463097999725925], [-97.71062699971714, 36.46309699984006], [-97.71105299968949, 36.463095999954135], [-97.71123299961454, 36.46308700025798], [-97.71138300030069, 36.4630789997244], [-97.7125170002777, 36.46307600006593], [-97.71257900020197, 36.46307600006593], [-97.71316599983281, 36.46308900003], [-97.71637000029543, 36.463108000029116], [-97.71693099998699, 36.46311200029451], [-97.71765499988517, 36.463114999951536], [-97.71816100022347, 36.463116999722835], [-97.71968199981477, 36.463123999644495], [-97.72018899997796, 36.46312700002353], [-97.72074499964666, 36.46312999968002], [-97.72165500021599, 36.46313800020834], [-97.72198999995175, 36.4631359997151], [-97.72726599965148, 36.46311599983722], [-97.72739600024613, 36.463114999951536], [-97.72919800004483, 36.463108999914844], [-97.73099499982065, 36.463103999763526], [-97.73173899981032, 36.463101999991835], [-97.73276300018247, 36.463089999915965], [-97.73305500026052, 36.46308900003], [-97.7347159995939, 36.46308399987733], [-97.73592400008906, 36.463069000139946], [-97.73615099986978, 36.46306699964493], [-97.73638500022153, 36.46306399998604], [-97.73641299981061, 36.46306399998604], [-97.73742200011414, 36.463057000058974], [-97.73818299982224, 36.46306300009969], [-97.73824499974653, 36.46306300009969], [-97.7399899996438, 36.463061000327], [-97.7454100001819, 36.46305500028612], [-97.74721799982838, 36.46305299979074], [-97.74737000016435, 36.46305399967723], [-97.74787099958145, 36.4630519999043], [-97.74803499961298, 36.4630519999043], [-97.7483950003614, 36.46305000013126], [-97.74947499991173, 36.46304599986267], [-97.74983599958675, 36.46304499997614], [-97.75193600020961, 36.46303800004735], [-97.75289699993424, 36.463036000274], [-97.75348600011321, 36.463036000274], [-97.75477700044905, 36.463027999735175], [-97.75552399991345, 36.463021999691755], [-97.7557819996563, 36.463019000031075], [-97.75911900018833, 36.46302500007473], [-97.7593569998397, 36.46302500007473], [-97.75959899968903, 36.46302500007473], [-97.76208000007838, 36.463020999804854], [-97.76326799958375, 36.463019999918], [-97.76514200025078, 36.46301000032598], [-97.7677209996511, 36.462997000348665], [-97.76867499970305, 36.46299200019007], [-97.7702120000862, 36.46298500025655], [-97.77283800024048, 36.462972000275045], [-97.77415700016543, 36.46296600022729], [-97.7781609997959, 36.463012000099994], [-97.77927700022954, 36.46302400018793], [-97.7794139995986, 36.46302599996158], [-97.77989099962456, 36.46303100011798], [-97.78281100040506, 36.463059999718176], [-97.78361399994596, 36.46306699964493], [-97.78390900039705, 36.463069000139946], [-97.78452000031733, 36.463069000139946], [-97.78486500009882, 36.46307000002622], [-97.78588100007504, 36.463071999798686], [-97.78667399957021, 36.46307000002622], [-97.78870399987285, 36.463059999718176], [-97.78964700005416, 36.46305500028612], [-97.79135699979132, 36.463048000358235], [-97.79145399987571, 36.46304699974925], [-97.79174500012886, 36.46304499997614], [-97.79184300003814, 36.46304499997614], [-97.79365499988258, 36.463036000274], [-97.794044000045, 36.46303499966487], [-97.79499200024917, 36.46303100011798], [-97.79909200013911, 36.463023000301064], [-97.80090499980845, 36.463019999918], [-97.80204999965612, 36.46301599964786], [-97.80306800018047, 36.463012000099994], [-97.80955700039826, 36.46299200019007], [-97.81172099969687, 36.46298600014386], [-97.81197199976705, 36.46298500025655], [-97.8125040000446, 36.46297400005004], [-97.81300500036004, 36.46296999977753], [-97.81466099967054, 36.462956999793505], [-97.81662499985094, 36.462937999757386], [-97.81685800037775, 36.462936999869456], [-97.81814299996752, 36.46293300031751], [-97.81829399958025, 36.46293300031751], [-97.81874800003999, 36.46293300031751], [-97.81890000037596, 36.46293300031751], [-97.82250499979827, 36.462993999964546], [-97.83332099968669, 36.46317700006276], [-97.83692699983222, 36.463239000124446], [-97.8383620001081, 36.46325399982891], [-97.83906500008987, 36.46325999985443], [-97.84050700003846, 36.4632710000203], [-97.84339599995849, 36.46329500011421], [-97.84438000014767, 36.46329799976415], [-97.84647999987222, 36.4633089999247], [-97.84665800014743, 36.46330999980783], [-97.84949099999096, 36.463326000104054], [-97.85124900030706, 36.463335999655314], [-97.85240199965232, 36.463343000279615], [-97.85483000033821, 36.46335700008149], [-97.85497400027825, 36.463356000198914], [-97.85540899957313, 36.463355000316376], [-97.85545700015201, 36.463355000316376], [-97.8555540002364, 36.463355000316376], [-97.85691099979617, 36.46335700008149], [-97.85720399969912, 36.46335700008149], [-97.86171600021602, 36.46336200021649], [-97.86215700025699, 36.46336200021649], [-97.86296999984363, 36.46336200021649], [-97.86380800044294, 36.46336200021649], [-97.8653409997298, 36.46336100033404], [-97.8653890003087, 36.46336100033404], [-97.86678000020365, 36.46336900011604], [-97.8677069995931, 36.46336800023361], [-97.86830199961987, 36.46336800023361], [-97.86910599988398, 36.46336800023361], [-97.87013199990595, 36.46336800023361], [-97.87171399959662, 36.46336800023361], [-97.87182800029774, 36.46336800023361], [-97.8721699997062, 36.46336800023361], [-97.87228400040733, 36.46336800023361], [-97.87260800027242, 36.463367000351234], [-97.87261900014308, 36.46322299981028], [-97.87281499996168, 36.4612480002026], [-97.8728600001675, 36.460485000290944], [-97.87288299973373, 36.46011099984308], [-97.87290600019826, 36.4591040000691]]]}}, {"type": "Feature", "properties": {"tract_id": "40047000200", "name": "Tract Census Tract 2", "pct_white_2020": 65.8, "pct_black_2020": 1.5, "pct_hispanic_2020": 3.7, "pct_asian_2020": 0.2, "population_2020": 3312, "is_sample_data": false, "pct_white_1970": 89.2, "pct_black_1970": 2.6, "pct_hispanic_1970": 1, "pct_asian_1970": 0, "pct_white_1990": 79.1, "pct_black_1990": 2.9, "pct_hispanic_1990": 1, "pct_asian_1990": 2.7}, "geometry": {"type": "Polygon", "coordinates": [[[-97.89033400032812, 36.421268999832705], [-97.89033299960488, 36.42101400017846], [-97.89033199977997, 36.420382000141615], [-97.89033000013016, 36.42027600006635], [-97.89032400028236, 36.41995799969537], [-97.89032299955915, 36.41985300020754], [-97.89017600014436, 36.41985199976423], [-97.88973799957814, 36.41984899988], [-97.88959199998827, 36.41984800015952], [-97.88949300025406, 36.41985000032336], [-97.88919799980297, 36.419858999975546], [-97.88909999989367, 36.41986199985937], [-97.88900600018235, 36.41986199985937], [-97.88872699962478, 36.419866000186246], [-97.88863399973835, 36.419868000349574], [-97.8885169995625, 36.41986900006981], [-97.88816900030626, 36.41987299967344], [-97.8880529999553, 36.41987499983659], [-97.88784600026605, 36.41987699999969], [-97.88744500040808, 36.419882000045845], [-97.88722600012495, 36.419882999765896], [-97.88702000026065, 36.419884000208754], [-97.88691399995544, 36.419884000208754], [-97.88659599993811, 36.41988499992878], [-97.88649100035612, 36.419885999648805], [-97.88617800036168, 36.419885999648805], [-97.88613300015584, 36.41988700009162], [-97.88545699993823, 36.41988900025447], [-97.88524000020327, 36.41988900025447], [-97.88492800003371, 36.41989099969433], [-97.88488299982788, 36.41989099969433], [-97.8847509995834, 36.41989099969433], [-97.88470700010079, 36.41989200013714], [-97.88453700022147, 36.41989200013714], [-97.88402900023335, 36.41989599973959], [-97.88386000017896, 36.41989799990213], [-97.88365000011666, 36.41989900034486], [-97.88301999992983, 36.41990399966668], [-97.88281099969244, 36.419905999829076], [-97.88260200035339, 36.4199089997111], [-97.88227799958997, 36.41991399975515], [-97.88197800001431, 36.41991899979892], [-97.88177100032509, 36.419923000122786], [-97.8814340000412, 36.419928000165996], [-97.88125599976594, 36.419931999766575], [-97.88062099955624, 36.41993100004716], [-97.88042599956256, 36.419930000327724], [-97.8800900000019, 36.419930000327724], [-97.87949699962498, 36.41992899988545], [-97.87839799980806, 36.41993499964759], [-97.87818799974579, 36.419936000089784], [-97.8769369995929, 36.41994600017413], [-97.87499400022722, 36.41996799977689], [-97.87371499958695, 36.41996700005792], [-97.87285699979446, 36.41996700005792], [-97.87278099962649, 36.41996700005792], [-97.87217200025434, 36.41996799977689], [-97.87151899960294, 36.419969999937585], [-97.87129099999733, 36.419970999656506], [-97.87034799981602, 36.41996700005792], [-97.86993699991228, 36.41996600033895], [-97.86974100009371, 36.41996799977689], [-97.86720500035109, 36.41994499973206], [-97.86698900044101, 36.41999099981489], [-97.86690900007508, 36.420008999808424], [-97.86729900006243, 36.4189129999827], [-97.86732500000168, 36.41884400033619], [-97.86760700003398, 36.4179890001957], [-97.86777400043857, 36.417442999754364], [-97.86781299989832, 36.41731499965684], [-97.86841100029812, 36.415615000313444], [-97.8687970000875, 36.41451999971465], [-97.86916000031066, 36.413488999971996], [-97.86919299992262, 36.41339200028826], [-97.86997700009525, 36.411148999999305], [-97.87038999964881, 36.41003500008369], [-97.87038600034917, 36.410011000142035], [-97.87066800038147, 36.409251999699045], [-97.87079200023004, 36.408888000336205], [-97.87053500031209, 36.409076000108854], [-97.87037899977817, 36.409192000310725], [-97.869762999835, 36.409635000329374], [-97.86974899959131, 36.40964600014592], [-97.86950799956689, 36.40982500016224], [-97.86898100021051, 36.41021800002744], [-97.86815500020508, 36.410817999805985], [-97.86761100023195, 36.41120000011337], [-97.8673750002304, 36.41136100033887], [-97.86716699981794, 36.41147899967704], [-97.86659000023286, 36.4117819998094], [-97.86623399968238, 36.41193299988261], [-97.8657009995799, 36.41211700023583], [-97.86554800031735, 36.41215499989297], [-97.86535900017145, 36.41220200007105], [-97.8652279997519, 36.41223499987146], [-97.86495199956737, 36.412281000183285], [-97.8647490000761, 36.41232699974488], [-97.86452899996807, 36.41236400020546], [-97.86400599991133, 36.41242199968054], [-97.86378800035145, 36.41243900016663], [-97.8637210004043, 36.41244099979834], [-97.86362400031992, 36.41244300015289], [-97.86339800036411, 36.412451000124804], [-97.86333600043983, 36.412451000124804], [-97.86324000018035, 36.412451000124804], [-97.86153999959062, 36.412448999770454], [-97.8564410003412, 36.4124439999687], [-97.85474199957635, 36.41244300015289], [-97.85179499993, 36.41243999998248], [-97.85083300038043, 36.41244700013895], [-97.85050899961702, 36.41243100019349], [-97.84988299962815, 36.412384999970534], [-97.84901099959195, 36.41234100007753], [-97.84847699966457, 36.41234699970297], [-97.84619600019008, 36.41253399996532], [-97.84552499999533, 36.41257500030677], [-97.8449099998771, 36.41257900028603], [-97.841508999771, 36.412554999684446], [-97.83973799993444, 36.412544000279816], [-97.83771600002773, 36.4125429997424], [-97.83672799964059, 36.412533000150674], [-97.83673000018872, 36.41285799995734], [-97.83673299966345, 36.41314400016603], [-97.83673900040954, 36.41383299989352], [-97.83674299970919, 36.41415899983808], [-97.83674899955699, 36.414898000030114], [-97.8367500002802, 36.41492800005666], [-97.83676399962559, 36.41633700003546], [-97.83676799982354, 36.41670399992151], [-97.83677200002151, 36.4171150003472], [-97.83678100024234, 36.41785399988375], [-97.83678200006726, 36.417905999678304], [-97.83678299989216, 36.41793899994689], [-97.83678799991503, 36.41809199982607], [-97.8367910002881, 36.41819599978449], [-97.83679399976282, 36.41828199993688], [-97.83679899978569, 36.418392000245106], [-97.83680800000651, 36.418561999823545], [-97.83683200029597, 36.41872099977709], [-97.83684999983932, 36.418831000186394], [-97.83685099966424, 36.41900900026894], [-97.83685400003729, 36.41930800030971], [-97.83684999983932, 36.41954300023728], [-97.83684900001441, 36.41964500025215], [-97.83685200038744, 36.41972199985575], [-97.83685499986218, 36.41982500007915], [-97.83685999988506, 36.419933999928205], [-97.83685999988506, 36.420136999802985], [-97.83685999988506, 36.42024099991427], [-97.83685999988506, 36.420341000306955], [-97.83685999988506, 36.42064399984317], [-97.83685999988506, 36.420745000148735], [-97.83685900006014, 36.420842999754164], [-97.8368559996871, 36.42113699999718], [-97.83685499986218, 36.42123499983084], [-97.83684700036459, 36.42204800030546], [-97.83684599964135, 36.42226699980497], [-97.83684399999152, 36.42278699988498], [-97.83683999979357, 36.424308999995496], [-97.83683999979357, 36.424349000241016], [-97.83684099961849, 36.42486999976758], [-97.83684099961849, 36.42510999992028], [-97.83684300016662, 36.425830000264064], [-97.83684399999152, 36.426070999980865], [-97.83683899996866, 36.43404000008993], [-97.83685200038744, 36.434194000302], [-97.83770099995911, 36.43420800030612], [-97.83802900002216, 36.4342130001521], [-97.84101599985149, 36.43424400020184], [-97.84115499976866, 36.43424599999484], [-97.84128299981519, 36.43424700025264], [-97.84230999966206, 36.434261000247204], [-97.8431420004136, 36.43427399998182], [-97.84438500017055, 36.43429299981235], [-97.84487399989209, 36.4342970001184], [-97.84674500018606, 36.4343159999433], [-97.84866599981046, 36.43435199978898], [-97.85007000012419, 36.434373000112885], [-97.85180199960269, 36.434399000265046], [-97.85214399990946, 36.43440500035453], [-97.85239300032978, 36.43440799967636], [-97.85296499989202, 36.43441800006497], [-97.85377300035411, 36.434450000288074], [-97.85407999960245, 36.43443500007223], [-97.8541680003643, 36.43443500007223], [-97.85476000001802, 36.43443800011564], [-97.85476699969071, 36.43463599983311], [-97.85476599986579, 36.4350160002923], [-97.85476400021598, 36.43576800022845], [-97.85476199966783, 36.435869999887394], [-97.85475099979718, 36.43688299982307], [-97.85474599977431, 36.43751000032925], [-97.85474800032245, 36.43851999993136], [-97.85474800032245, 36.438679999685455], [-97.85473200042892, 36.439342000356284], [-97.85472800023096, 36.43951100012593], [-97.85471900001014, 36.43986399989865], [-97.85471599963708, 36.44016699984569], [-97.85471200033743, 36.44083199991301], [-97.85470700031456, 36.44160000030437], [-97.8547030001166, 36.44305600002377], [-97.85469600044391, 36.446088000310176], [-97.85468700022308, 36.44695199967961], [-97.85468499967494, 36.44722599967803], [-97.85468399985002, 36.44742700027205], [-97.85468399985002, 36.44746099964157], [-97.8546810003753, 36.44806400020258], [-97.8547020002917, 36.44842199973826], [-97.85470800013948, 36.44888399982595], [-97.85491599965363, 36.448881000341004], [-97.85547800006842, 36.44888299975682], [-97.85561699998559, 36.44888299975682], [-97.85834699989695, 36.448888000102535], [-97.8592580002912, 36.448890000240716], [-97.86015899974139, 36.44889700000137], [-97.86085800042353, 36.44890299969246], [-97.86286500026165, 36.44889800007032], [-97.86317499988303, 36.44889800007032], [-97.86376800025997, 36.44889900013932], [-97.86550800013437, 36.44890399976139], [-97.86710499989367, 36.44891000017454], [-97.87073000030574, 36.448921000208266], [-97.87219999984343, 36.448925999828916], [-97.87247100000508, 36.44892200027691], [-97.87251000036314, 36.448921000208266], [-97.87263000001374, 36.44891900007083], [-97.87267000019672, 36.44891900007083], [-97.87269199993801, 36.448918000002145], [-97.87276200025822, 36.448916999933395], [-97.8727749997787, 36.44891200031216], [-97.87311600026055, 36.44891599986468], [-97.8734019995925, 36.44891000017454], [-97.87388299981644, 36.44890900010574], [-97.87500099989992, 36.44890699996805], [-97.87565200000316, 36.44890900010574], [-97.87697500012605, 36.44891399972717], [-97.87770800024508, 36.44890699996805], [-97.87800799982072, 36.44890399976139], [-97.87890800034432, 36.448895999932354], [-97.87920899974489, 36.44889399979433], [-97.87964300011315, 36.44889399979433], [-97.88085300025816, 36.44889700000137], [-97.88094699996948, 36.448895999932354], [-97.88138200016265, 36.44889299972531], [-97.88142900001833, 36.44889199965624], [-97.88156999958532, 36.44889100030976], [-97.88161800016421, 36.44889100030976], [-97.88400999996678, 36.44887599999491], [-97.88524799970087, 36.4488649999548], [-97.88538699961802, 36.448863999885425], [-97.8858069997426, 36.44886299981598], [-97.88597199959905, 36.44886900023236], [-97.88720199983551, 36.44885900026077], [-97.88746999962412, 36.44886700009358], [-97.8887779996784, 36.44886299981598], [-97.8889609999765, 36.44884700014867], [-97.88899699996152, 36.44884500000937], [-97.89020000043382, 36.44884500000937], [-97.89019700006077, 36.448606000334394], [-97.89019100021298, 36.447888999781895], [-97.89019000038806, 36.44768600021571], [-97.89019000038806, 36.447651000137164], [-97.89019000038806, 36.44738999989985], [-97.89019100021298, 36.446943000277756], [-97.89019100021298, 36.44660699970036], [-97.89019100021298, 36.446346999665735], [-97.89019200003789, 36.44587999982789], [-97.89019200003789, 36.445843000163094], [-97.8901929998628, 36.445640999689964], [-97.89019700006077, 36.44516099986163], [-97.89020499955836, 36.4435230002388], [-97.8902070001065, 36.443197000005796], [-97.89020799993142, 36.44281800000589], [-97.89020899975633, 36.44246700024442], [-97.8902070001065, 36.44216700035102], [-97.89020399973346, 36.44149000035711], [-97.89019899971058, 36.44069700029518], [-97.89019899971058, 36.44021700023366], [-97.89019899971058, 36.43956699990431], [-97.89019899971058, 36.43854700034212], [-97.89019899971058, 36.435489999995745], [-97.89019899971058, 36.435116999970155], [-97.8901929998628, 36.43447200011761], [-97.88952900023908, 36.43447399990473], [-97.88753999994431, 36.43448400028483], [-97.8868770001455, 36.43448799985836], [-97.88663100009822, 36.43448799985836], [-97.88636199958638, 36.43448900011303], [-97.8861930004303, 36.43448900011303], [-97.88615300024732, 36.43448799985836], [-97.88586700001706, 36.43448700032635], [-97.88591700024577, 36.434445999989904], [-97.8862999996621, 36.434102999852236], [-97.88638000002804, 36.43403200017377], [-97.88654099968652, 36.43386799990485], [-97.88669800004537, 36.4337089998906], [-97.88703699997907, 36.43333100007634], [-97.88715800035288, 36.43319699996791], [-97.88768800008232, 36.43256500008125], [-97.88802700001602, 36.43214399980216], [-97.8883349999876, 36.43167999992076], [-97.88838299966818, 36.43160200031946], [-97.88877299965553, 36.43098400031886], [-97.8888139996634, 36.43091900031465], [-97.88915400032035, 36.430260000279326], [-97.88921399969648, 36.43014399974125], [-97.88940299984237, 36.42973099970182], [-97.88975000017201, 36.42879900025435], [-97.88987099964751, 36.428379999732506], [-97.88998699999847, 36.4279560003145], [-97.89007300021221, 36.42764299986185], [-97.8901579997027, 36.42727100006132], [-97.89017799979419, 36.42716100004309], [-97.89024100044169, 36.4268140002719], [-97.89025200031234, 36.42675799996561], [-97.89028900012227, 36.42637899991565], [-97.89031400023661, 36.42604899993875], [-97.8903190002595, 36.42576199990269], [-97.89032599993219, 36.42541100034308], [-97.890327999582, 36.42531299999739], [-97.89032699975711, 36.42520100007032], [-97.89032400028236, 36.424656000120144], [-97.89032299955915, 36.424573999882774], [-97.89032199973423, 36.42436499989976], [-97.89032099990933, 36.42420799998866], [-97.89032000008442, 36.42396700027173], [-97.89032099990933, 36.423740000253126], [-97.89032199973423, 36.423584999868716], [-97.89032199973423, 36.423546000348146], [-97.89032500010728, 36.42291300027547], [-97.89033400032812, 36.421268999832705]]]}}, {"type": "Feature", "properties": {"tract_id": "40047001200", "name": "Tract Census Tract 12", "pct_white_2020": 90.7, "pct_black_2020": 0.3, "pct_hispanic_2020": 6.0, "pct_asian_2020": 0.0, "population_2020": 3460, "is_sample_data": false, "pct_white_1970": 98, "pct_black_1970": 1, "pct_hispanic_1970": 1, "pct_asian_1970": 1.0, "pct_white_1990": 95, "pct_black_1990": 1.5, "pct_hispanic_1990": 8.5, "pct_asian_1990": 1.4}, "geometry": {"type": "Polygon", "coordinates": [[[-98.10456300038962, 36.24703099973631], [-98.10457500008519, 36.24592200002067], [-98.10372599961524, 36.24591800017028], [-98.10371599956949, 36.2452100002375], [-98.10372399996541, 36.24251900021069], [-98.10370999972169, 36.241452999822485], [-98.10372399996541, 36.23952299981213], [-98.10371499974457, 36.23879600016378], [-98.10371800011762, 36.238524000286546], [-98.10371200026982, 36.23746399982161], [-98.1037170002927, 36.23699099986792], [-98.10371599956949, 36.23615200027525], [-98.10372999981318, 36.234246000331545], [-98.10371999976745, 36.2321669998896], [-98.10370700024697, 36.23150499993203], [-98.10370200022409, 36.23128100001269], [-98.10371399991966, 36.23027600035075], [-98.10370399987391, 36.22971699995677], [-98.10373999985893, 36.226114999651415], [-98.10373099963809, 36.22488800024889], [-98.10374400005688, 36.22421599967894], [-98.10374099968384, 36.22264399973607], [-98.1037580003006, 36.222057000344215], [-98.10375499992753, 36.22128900030911], [-98.10375499992753, 36.22127499968174], [-98.103779000217, 36.22049299989812], [-98.10378099986681, 36.21957199987344], [-98.10377699966884, 36.2188100001263], [-98.10378199969172, 36.21771499995088], [-98.10377599984393, 36.21701600035843], [-98.10377400019412, 36.21679299968039], [-98.10379099991255, 36.2160589999113], [-98.10381100000403, 36.21448999966884], [-98.10380599998118, 36.2138970002769], [-98.10384199996619, 36.21196200034724], [-98.1038300002706, 36.211186000152196], [-98.10384799981396, 36.20984099967293], [-98.10386700008054, 36.20916500003182], [-98.10388600034712, 36.2077570000541], [-98.10387299992833, 36.20696800019293], [-98.10387499957814, 36.205610999767615], [-98.10387499957814, 36.20554400014291], [-98.10387600030137, 36.20531700036072], [-98.10388799999694, 36.20472499990056], [-98.10387600030137, 36.204062000054954], [-98.1038930000198, 36.20251399974409], [-98.10390300006553, 36.20187200001001], [-98.10389600039285, 36.20102800030661], [-98.10390800008842, 36.199370000129136], [-98.10390999973824, 36.19907999982508], [-98.10389700021776, 36.19855999966445], [-98.1039130001113, 36.197834000229], [-98.1038999996925, 36.19388800006152], [-98.1038999996925, 36.193870999715465], [-98.1039139999362, 36.19210199965046], [-98.10389499966962, 36.19140400013305], [-98.10389600039285, 36.18996399973529], [-98.10389600039285, 36.1899409999048], [-98.10389600039285, 36.18980099978214], [-98.10386399970749, 36.188235000327964], [-98.10388100032425, 36.18805699983494], [-98.10393599967752, 36.187494999989816], [-98.10389800004268, 36.18413199968053], [-98.10389700021776, 36.183590999769145], [-98.10389499966962, 36.18150800019264], [-98.10389100036998, 36.18078299989369], [-98.10388999964675, 36.180548000242155], [-98.10388899982183, 36.180476999900186], [-98.10388899982183, 36.18027199982832], [-98.10389100036998, 36.17958800012897], [-98.10389399984471, 36.17956400024732], [-98.10389600039285, 36.179301000246866], [-98.10389600039285, 36.179162999777674], [-98.10389800004268, 36.179032999806836], [-98.10388899982183, 36.17771299982469], [-98.10390300006553, 36.176467000331854], [-98.1039070002635, 36.17488300033722], [-98.10390800008842, 36.17474000023216], [-98.10390800008842, 36.17461300007731], [-98.10391700030925, 36.173589000283634], [-98.10391599958602, 36.17352000012507], [-98.1039139999362, 36.1733830003343], [-98.10387799995118, 36.17010299969521], [-98.10392900000481, 36.16758900013852], [-98.1039139999362, 36.166561999727534], [-98.1039139999362, 36.16654000034898], [-98.1039130001113, 36.16533399998148], [-98.10390399989046, 36.16487699988083], [-98.09734900044876, 36.165039000113445], [-98.09522999955934, 36.165034999753594], [-98.09516599998526, 36.165034999753594], [-98.09494800042536, 36.165034999753594], [-98.09410900000113, 36.165033999663585], [-98.086460999692, 36.16502400021342], [-98.08565399995312, 36.165020999942975], [-98.07752100012043, 36.16500999967559], [-98.07747500008968, 36.16500999967559], [-98.07581999970574, 36.165007000129854], [-98.0730410002889, 36.16500299976837], [-98.0720999997574, 36.16500199967795], [-98.06860499993996, 36.164996999951], [-98.0508439997242, 36.16497199986089], [-98.03752899990306, 36.164954999766], [-98.03515399981893, 36.164975000133204], [-98.03468900038685, 36.16497400004241], [-98.03427400028512, 36.16497400004241], [-98.03385499998548, 36.16497899977088], [-98.03296399968274, 36.16498899995204], [-98.02616300019372, 36.164958000038965], [-98.02475800005507, 36.16494300012347], [-98.02399399997392, 36.16493500011899], [-98.02345000000079, 36.16492900029643], [-98.02245599976585, 36.16491800001614], [-98.02165999989765, 36.16491000000911], [-98.0210780002897, 36.16490400018462], [-98.0153830002903, 36.164954999766], [-98.01502799956475, 36.16494500030575], [-98.00390500042798, 36.16489999981787], [-98.00347500025767, 36.164898000359635], [-98.00030599995515, 36.16485299984477], [-97.99818100011628, 36.16481800023227], [-97.99721100017078, 36.16480200019697], [-97.99715000007143, 36.16480200019697], [-97.98824300011181, 36.16480000001104], [-97.98764800008504, 36.16480000001104], [-97.97910000015065, 36.16479799982501], [-97.9664049995723, 36.16479599963899], [-97.96341000024539, 36.16479599963899], [-97.96319099996226, 36.16479599963899], [-97.96129700010206, 36.16479599963899], [-97.96123500017781, 36.16479199999196], [-97.9589339997135, 36.16464100029482], [-97.95780700030748, 36.164555000053916], [-97.95738299998497, 36.16452299987273], [-97.95729099992346, 36.16451700001864], [-97.95664700039121, 36.16451599992202], [-97.95433500005628, 36.164513000357374], [-97.95295500003198, 36.16451200026071], [-97.95010200009695, 36.16451000006738], [-97.94903699971691, 36.16450899997067], [-97.94895700024931, 36.16450899997067], [-97.94887600005845, 36.16450899997067], [-97.94569000003749, 36.164506999777274], [-97.94338699992338, 36.164505000309006], [-97.93932600039149, 36.1645009999219], [-97.93728000019533, 36.16449999982507], [-97.93371400023278, 36.16449700025982], [-97.9294059999304, 36.1644929998723], [-97.92021600011356, 36.164677000080914], [-97.9076539996046, 36.164708000105065], [-97.90504699971689, 36.164705999916734], [-97.89975299957548, 36.164701000170865], [-97.89871999988083, 36.16470000007665], [-97.89338399990663, 36.16469400023604], [-97.89289400036019, 36.1646950003304], [-97.89286199967482, 36.1646950003304], [-97.88996899955681, 36.16469200004736], [-97.88967300017913, 36.16469200004736], [-97.88948400003324, 36.16469200004736], [-97.88790800019035, 36.16468999985863], [-97.88655999995309, 36.164690999952974], [-97.88093000025104, 36.164705999916734], [-97.87732300028061, 36.164687000300596], [-97.87565000035333, 36.1646749998918], [-97.87525500034315, 36.1646749998918], [-97.8747180000427, 36.16466699985997], [-97.87176800002331, 36.164629999974096], [-97.85812299959098, 36.164629999974096], [-97.85505799994384, 36.164629999974096], [-97.85373999984382, 36.164629999974096], [-97.83990699998884, 36.16463100006927], [-97.83593299959729, 36.16463100006927], [-97.83121099991641, 36.16463200016442], [-97.83020800035898, 36.16463200016442], [-97.82994499969493, 36.16463200016442], [-97.82979499990711, 36.16463200016442], [-97.82844699966985, 36.164633000259506], [-97.8283589998063, 36.164633000259506], [-97.8281250003529, 36.164633000259506], [-97.82705900014795, 36.164633000259506], [-97.8180080002483, 36.16463200016442], [-97.80246800013086, 36.16463100006927], [-97.80030599958374, 36.164629999974096], [-97.79684299955335, 36.16462699968858], [-97.79468900030047, 36.164626000318606], [-97.79451900042115, 36.16462500022344], [-97.79435000036675, 36.16462500022344], [-97.79418799998504, 36.16462500022344], [-97.79402800015147, 36.16462500022344], [-97.79079000025199, 36.16462199993767], [-97.79062500039554, 36.16461899965185], [-97.79027399986795, 36.164618000281784], [-97.79021899961637, 36.16461999974715], [-97.7895879996046, 36.16461899965185], [-97.78690399972399, 36.16461899965185], [-97.78245700040272, 36.16461999974715], [-97.78185499980496, 36.164618000281784], [-97.77625500024011, 36.16461899965185], [-97.76827499966997, 36.16461999974715], [-97.76702799971505, 36.16461999974715], [-97.76499999996057, 36.16464600004451], [-97.76371700002062, 36.16466400030111], [-97.76364900024858, 36.1646649996706], [-97.75631499975879, 36.16459600035765], [-97.75440699965489, 36.16457800008545], [-97.75174299986575, 36.16460399967149], [-97.75159399990284, 36.16460599986242], [-97.75093799977672, 36.16460599986242], [-97.7503310000544, 36.16467299970258], [-97.74713400016279, 36.16473699992941], [-97.7383269997623, 36.164735999835656], [-97.73800899974498, 36.16473499974183], [-97.7329840001154, 36.16473499974183], [-97.7313360003025, 36.164733000279384], [-97.72754199983599, 36.16473200018557], [-97.72127699992421, 36.16474399986039], [-97.71970199990625, 36.16474299976672], [-97.71961700041575, 36.16474299976672], [-97.71925800039055, 36.16474299976672], [-97.71917600037479, 36.16474100030448], [-97.71326000044245, 36.164690999952974], [-97.7113620003843, 36.16467900026998], [-97.71092499964296, 36.164678000175485], [-97.71006900039862, 36.16467900026998], [-97.70896100036089, 36.16467900026998], [-97.70574799967744, 36.164679999639276], [-97.69346800009912, 36.164680999733804], [-97.6853079996039, 36.16465699963774], [-97.67687099999756, 36.16466300020636], [-97.67673799992819, 36.16466300020636], [-97.67654499958435, 36.16466300020636], [-97.67561700036997, 36.16466300020636], [-97.67461899993708, 36.16466300020636], [-97.67162500043507, 36.1646649996706], [-97.67105700017248, 36.164665999765255], [-97.6706279998271, 36.164665999765255], [-97.66959299958428, 36.164665999765255], [-97.66648699992929, 36.16466799995466], [-97.66561999991598, 36.16466900004928], [-97.6654530004097, 36.16466900004928], [-97.66385900012514, 36.16466900004928], [-97.65907999964456, 36.16467200033319], [-97.65748899973306, 36.16467599998634], [-97.65591200006527, 36.164677000080914], [-97.65118100016358, 36.164679999639276], [-97.64993599985849, 36.16468199982832], [-97.64960399959746, 36.16468199982832], [-97.64760799963001, 36.16468299992277], [-97.64162099955256, 36.16468799966979], [-97.63962600030835, 36.164690999952974], [-97.63894199969482, 36.164690999952974], [-97.6368910003741, 36.16469300014173], [-97.63620799958548, 36.16469400023604], [-97.63571700021411, 36.16469300014173], [-97.63424699977814, 36.164690999952974], [-97.63389699997377, 36.164690999952974], [-97.63375800005659, 36.164688999764216], [-97.63355399984209, 36.16468500011173], [-97.63334899980268, 36.164680999733804], [-97.63309500025778, 36.164677000080914], [-97.63283999998966, 36.16467200033319], [-97.63262699955433, 36.16466900004928], [-97.63235299991794, 36.16467000014395], [-97.63212899961194, 36.16467200033319], [-97.63190500020427, 36.16467299970258], [-97.62912099986623, 36.16468500011173], [-97.6276479999555, 36.164690999952974], [-97.62712900009674, 36.16469400023604], [-97.62532599957483, 36.16474299976672], [-97.6218190000618, 36.16477700004466], [-97.61824899990131, 36.16477100021001], [-97.61462400038752, 36.16476599974304], [-97.60754199979282, 36.16475500016511], [-97.60397300035552, 36.164749999697165], [-97.60257800026261, 36.16474700014143], [-97.5983949996337, 36.16474100030448], [-97.59700100026399, 36.16473900011701], [-97.59643600037448, 36.16473800002321], [-97.59474400018064, 36.16473499974183], [-97.59418000011604, 36.16473399964799], [-97.593924000023, 36.16473900011701], [-97.59315599974389, 36.16475600025868], [-97.59290100037407, 36.16476200009448], [-97.59221400028581, 36.164759999907545], [-97.59015499967084, 36.16475600025868], [-97.58967900036811, 36.16475600025868], [-97.58946900030581, 36.16475500016511], [-97.58879399991312, 36.16475299997798], [-97.5867720000064, 36.164749999697165], [-97.58609800033693, 36.16474900032877], [-97.5859970000546, 36.16474800023511], [-97.58242500024427, 36.164726000347414], [-97.58226899971034, 36.164726000347414], [-97.58115599964972, 36.16471899968958], [-97.57932600026196, 36.16470700001093], [-97.5714100001642, 36.1646579997325], [-97.56773799989645, 36.1646359998196], [-97.56765500005577, 36.16463499972451], [-97.56740900000848, 36.164633000259506], [-97.56732699999272, 36.164633000259506], [-97.56710699988467, 36.16463100006927], [-97.56694000037842, 36.164629999974096], [-97.56644999993367, 36.164618000281784], [-97.56623200037376, 36.164612999805094], [-97.56576200002048, 36.16461100033955], [-97.56435199985896, 36.16460499976694], [-97.56388200040399, 36.164603000301234], [-97.56353699972418, 36.164602000205704], [-97.56122100008959, 36.16459400016642], [-97.56113099967789, 36.16459400016642], [-97.55287900001949, 36.16459400016642], [-97.55012900001663, 36.16459400016642], [-97.54657899994761, 36.16459400016642], [-97.5359279999156, 36.16459400016642], [-97.53273000019908, 36.16459500026204], [-97.53237899967151, 36.16459500026204], [-97.53068499982784, 36.16459500026204], [-97.52560300029685, 36.16459500026204], [-97.52391000027811, 36.16459600035765], [-97.51841399957203, 36.16459400016642], [-97.51784200000981, 36.16459400016642], [-97.51086599972032, 36.16459099987952], [-97.50932099983959, 36.16459099987952], [-97.50804100027271, 36.16458999978384], [-97.50192899962349, 36.164587000222035], [-97.50032299964336, 36.164587000222035], [-97.49643500036387, 36.16456699975589], [-97.49471800005567, 36.1645640001932], [-97.4938400001717, 36.16456300009719], [-97.4909129997185, 36.16455800034219], [-97.48956899967922, 36.164555000053916], [-97.48785300009426, 36.164551999765536], [-97.48513400005353, 36.16453899996498], [-97.47697699993137, 36.164505000309006], [-97.47425899971556, 36.16449500006612], [-97.47303000020231, 36.164488000112904], [-97.46935000043695, 36.164474000204585], [-97.46825800029272, 36.16447099991309], [-97.46812600004826, 36.164474000204585], [-97.46804400003248, 36.16447099991309], [-97.46802200029119, 36.16447099991309], [-97.46792000018392, 36.164472000010235], [-97.46782300009956, 36.164472000010235], [-97.46780600038112, 36.164472000010235], [-97.467727999665, 36.164473000107414], [-97.46758700009799, 36.164472000010235], [-97.46633900031817, 36.16446899971867], [-97.46217800032888, 36.16446299986044], [-97.46079199955848, 36.16446199976313], [-97.46079499993152, 36.16563399987637], [-97.46079099973356, 36.16783500009424], [-97.46075300009872, 36.169002999654204], [-97.46074200022808, 36.17396800008173], [-97.4607360003803, 36.17468999973326], [-97.4607510004489, 36.176862999677745], [-97.46074899990077, 36.17901400003849], [-97.4607439998779, 36.17948399986364], [-97.46076800016733, 36.17985899982311], [-97.46076399996937, 36.180247000260394], [-97.46076800016733, 36.181184000047196], [-97.46072899980928, 36.185402000074866], [-97.46070500041814, 36.18694499963752], [-97.46070799989289, 36.1875099999387], [-97.46070399969494, 36.18764000034231], [-97.46070600024306, 36.18847499979823], [-97.46071499956557, 36.18858199982047], [-97.46069100017445, 36.18980999992186], [-97.46069000034953, 36.190315000061496], [-97.46069000034953, 36.19184600010746], [-97.46066400041028, 36.19317099983036], [-97.46067100008297, 36.19430800023245], [-97.4606529996413, 36.195645000359704], [-97.46065199981639, 36.19571699969974], [-97.46063799957268, 36.196734999936275], [-97.46065799966418, 36.19753599973409], [-97.46066799970993, 36.197931999856884], [-97.46065799966418, 36.1988479996783], [-97.46068299977853, 36.20113200023599], [-97.4606879998014, 36.20239300025559], [-97.46069000034953, 36.20295800000305], [-97.46067699993075, 36.2035599996624], [-97.46067799975566, 36.20422199982114], [-97.46067899958058, 36.204936999717944], [-97.46070000039529, 36.20732300005], [-97.46070000039529, 36.207693000178075], [-97.46069899967206, 36.208872999989225], [-97.46069100017445, 36.209665999745965], [-97.4607020000451, 36.21013899971247], [-97.46070500041814, 36.21096399975672], [-97.46069600019733, 36.21119300028176], [-97.46069399964918, 36.21174299990969], [-97.46069600019733, 36.211914000125056], [-97.460666999885, 36.21305800006586], [-97.46062800042526, 36.21412300035151], [-97.46062800042526, 36.215446999738965], [-97.46061800037953, 36.21686499986155], [-97.46061800037953, 36.21745599965962], [-97.46061900020442, 36.21811999995523], [-97.4606099999836, 36.21931600029749], [-97.46061199963343, 36.22253499972774], [-97.46060599978563, 36.22370599977974], [-97.46059699956481, 36.22444699993731], [-97.46059400009007, 36.22470999975848], [-97.46058999989211, 36.22506500028597], [-97.46057599964841, 36.226185999914726], [-97.46058200039451, 36.22752199970103], [-97.46057999984637, 36.22818000001062], [-97.46057599964841, 36.23166200021111], [-97.46056800015081, 36.23198100034724], [-97.46056300012792, 36.232150999845075], [-97.46055999975488, 36.232252999801126], [-97.46053899983848, 36.232996999973814], [-97.4605399996634, 36.23324200031802], [-97.46054499968628, 36.234347999728456], [-97.4605320001658, 36.23555899989599], [-97.46053700018867, 36.236943999684065], [-97.46053600036376, 36.23822800017586], [-97.46054399986136, 36.238291999707265], [-97.46055200025727, 36.23967200031539], [-97.46052799996784, 36.240900000163315], [-97.46052700014292, 36.24164799999035], [-97.46052600031801, 36.242149000331345], [-97.46050500040162, 36.243397000289434], [-97.46050600022652, 36.2437860000488], [-97.46050799987634, 36.24470400024616], [-97.46051299989922, 36.2448799998272], [-97.460518999747, 36.245060000355465], [-97.46057599964841, 36.24526799966068], [-97.46107600013892, 36.24585500014459], [-97.46110899975089, 36.24591800017028], [-97.46121800042914, 36.24612600008995], [-97.46128200000324, 36.246383000065535], [-97.46129500042203, 36.2468489998616], [-97.46129899972168, 36.246970000143975], [-97.46129899972168, 36.247690000075735], [-97.4613079999425, 36.248238999777215], [-97.46131200014047, 36.24850100024013], [-97.46128399965306, 36.250013000122145], [-97.46128399965306, 36.250744000086335], [-97.46128399965306, 36.25139999968173], [-97.4612850003763, 36.251518000307684], [-97.4612929998739, 36.25260300035118], [-97.4612929998739, 36.25329499988758], [-97.46129000039917, 36.25501400022858], [-97.4612929998739, 36.257750000303986], [-97.4612870000261, 36.26041299999675], [-97.46129000039917, 36.26215100004418], [-97.46128200000324, 36.263601999777585], [-97.46129399969881, 36.26420099978993], [-97.46129399969881, 36.26423799970051], [-97.46129500042203, 36.26458599993972], [-97.46129500042203, 36.26459800024502], [-97.46129799989677, 36.267588999998246], [-97.46129899972168, 36.26788400021191], [-97.46127500033056, 36.26945900001214], [-97.4612929998739, 36.27097799970706], [-97.4612710001326, 36.27486500022998], [-97.46127000030768, 36.275368000031804], [-97.46127000030768, 36.27554899996809], [-97.46127000030768, 36.27576600032686], [-97.4612300001247, 36.27708599970374], [-97.46122500010183, 36.27723799986239], [-97.46122099990387, 36.27736600014756], [-97.46121900025403, 36.27758500000167], [-97.46121199968306, 36.27887299997784], [-97.46121300040626, 36.28043200012794], [-97.46122400027693, 36.281621999829085], [-97.46119199959155, 36.28564300017826], [-97.46119800033765, 36.28612700021692], [-97.46119099976666, 36.28626800026799], [-97.46118800029191, 36.28813599971079], [-97.4611930003148, 36.28826700011722], [-97.46119699961443, 36.288357999645534], [-97.46119999998747, 36.28844699986931], [-97.46121099985812, 36.288488999679274], [-97.46122699975164, 36.28854700027621], [-97.46129000039917, 36.288681999825776], [-97.46134099955447, 36.288823000328904], [-97.46137599971456, 36.289028999773954], [-97.46136200036918, 36.28911300019294], [-97.46135099960021, 36.28918199979717], [-97.46118900011683, 36.289346999642135], [-97.46116700037551, 36.29011999967621], [-97.46119199959155, 36.292684000206435], [-97.46120099981239, 36.29275599999117], [-97.46118800029191, 36.293339000235605], [-97.46117800024616, 36.29354400017055], [-97.46116700037551, 36.29381100016819], [-97.46115399995672, 36.29411999965113], [-97.46116499982737, 36.29521000017052], [-97.4611520003069, 36.29647800026854], [-97.46113300004032, 36.29703300003777], [-97.4611310003905, 36.298804000264674], [-97.46112999966728, 36.29883900004711], [-97.46112800001745, 36.301852000143434], [-97.46111200012393, 36.30337100000312], [-97.46112700019255, 36.30380900010215], [-97.4611179999717, 36.30437299981955], [-97.46111299994885, 36.305613000104984], [-97.46114100043626, 36.30935100020226], [-97.46111899979662, 36.312554999954024], [-97.46113300004032, 36.31310399964632], [-97.46112899984236, 36.315562000127144], [-97.46111999962153, 36.3174880002677], [-97.46112299999459, 36.31818399989404], [-97.46112999966728, 36.319630000270976], [-97.46110100025328, 36.32169599994656], [-97.4611160003219, 36.32424300009223], [-97.4610960002304, 36.32667500033335], [-97.46108799983449, 36.32895000013767], [-97.46109500040548, 36.33035000023639], [-97.46110999957578, 36.332642999803234], [-97.4611179999717, 36.339746000115625], [-97.46111899979662, 36.33980200016511], [-97.46111899979662, 36.340178999786225], [-97.46111899979662, 36.34049300012378], [-97.46111899979662, 36.340679000261275], [-97.46111999962153, 36.34095899964621], [-97.46111999962153, 36.34107600018161], [-97.46112200016968, 36.34281800030583], [-97.46112200016968, 36.34285999977541], [-97.4611249996444, 36.34511400031062], [-97.46109399968226, 36.34688999980893], [-97.46109399968226, 36.34708499998208], [-97.4610970000553, 36.34792699966433], [-97.46110200007818, 36.35116999980658], [-97.46108299981161, 36.35318799996544], [-97.4610960002304, 36.354799999725024], [-97.46109500040548, 36.356087999954084], [-97.46109500040548, 36.35610300010474], [-97.46108700000957, 36.35658500012763], [-97.4610819999867, 36.356911999800715], [-97.46108600018466, 36.35850799965544], [-97.46110899975089, 36.36069999988594], [-97.46110000042836, 36.36097200013417], [-97.46109899970513, 36.360981000094256], [-97.46108600018466, 36.361421000006594], [-97.46106299972013, 36.361760000167735], [-97.46103500013103, 36.36200700029194], [-97.46100599981872, 36.36226600010443], [-97.46100199962076, 36.362299999865], [-97.46099400012315, 36.3623760001271], [-97.46099199957501, 36.36239500018106], [-97.46098499990232, 36.3624250002187], [-97.46096999983371, 36.36248800018774], [-97.46094600044258, 36.362594000238744], [-97.46092200015313, 36.36270099987762], [-97.46091600030535, 36.36272400022705], [-97.46090500043469, 36.36277300009947], [-97.46089500038894, 36.362816999840554], [-97.46089299984082, 36.36282600031062], [-97.46089299984082, 36.362845999985126], [-97.46089399966573, 36.36292500034903], [-97.46089700003878, 36.36319199997809], [-97.46090000041183, 36.363488000043255], [-97.46092499962786, 36.363607999885716], [-97.46097800022963, 36.363859000247984], [-97.46101900023751, 36.36399599974973], [-97.46105900042049, 36.36415499994616], [-97.46106500026826, 36.364428000126196], [-97.46108700000957, 36.365241000338926], [-97.4611029999031, 36.36840000009091], [-97.46110600027613, 36.36868000032618], [-97.46110600027613, 36.36879800008732], [-97.46110600027613, 36.3703460001675], [-97.46112999966728, 36.37497999995339], [-97.46113999971303, 36.375948999667216], [-97.46114200026115, 36.376180999698335], [-97.46112999966728, 36.378601999681926], [-97.4611520003069, 36.37968800019839], [-97.4611380000632, 36.38080599992048], [-97.4611589999796, 36.381847000024294], [-97.4611520003069, 36.38283899971243], [-97.46115099958368, 36.38284999970582], [-97.46114999975876, 36.38316999975332], [-97.46116099962941, 36.38336600034349], [-97.46116999985026, 36.38353499971405], [-97.46117200039839, 36.38357099995621], [-97.46117200039839, 36.38358300003322], [-97.4611809997209, 36.38373100010744], [-97.46118999994174, 36.38389799976505], [-97.46118800029191, 36.384000000293184], [-97.46116999985026, 36.384790999754856], [-97.4611740000482, 36.38922200035001], [-97.46118999994174, 36.39037099988122], [-97.46130399974456, 36.390383000355], [-97.46156599968536, 36.390389000229646], [-97.46243600007173, 36.390374000180614], [-97.46304600016711, 36.390374000180614], [-97.46417199974819, 36.390383000355], [-97.46435199967324, 36.39038399973152], [-97.46475400025446, 36.39036700020493], [-97.47904999989173, 36.39036000022867], [-97.48072899966675, 36.390371999981], [-97.48129500027952, 36.390373000080814], [-97.482441999777, 36.39037599965703], [-97.48586600034764, 36.3903940000043], [-97.48709200038617, 36.39039099970568], [-97.48774199976619, 36.390389000229646], [-97.48803300001931, 36.39039000032925], [-97.49028000005693, 36.39039899977863], [-97.49157899989038, 36.390403000176434], [-97.49344900035946, 36.39041100024815], [-97.49445600011485, 36.390409000049544], [-97.49547899976378, 36.390405999751444], [-97.49678000014535, 36.390403000176434], [-97.49773400019731, 36.390405999751444], [-97.4999720000141, 36.39041499992213], [-97.50059800000298, 36.39041100024815], [-97.50084400005028, 36.39041000014882], [-97.50155299987985, 36.39041100024815], [-97.50370200000818, 36.390412999723615], [-97.51014900039316, 36.3904190003191], [-97.51229900034639, 36.3904209997943], [-97.51273899966414, 36.390422999992666], [-97.51289500019806, 36.390425000190966], [-97.51406199978702, 36.390412999723615], [-97.5142710000244, 36.39041200034747], [-97.514502999828, 36.39041000014882], [-97.51579300033893, 36.39040099997756], [-97.51966600044813, 36.39037500028041], [-97.52095699988567, 36.39036700020493], [-97.52172199979172, 36.39036199970539], [-97.5232340000605, 36.39036199970539], [-97.5253520002267, 36.39036199970539], [-97.52600599980467, 36.39036199970539], [-97.52624099998133, 36.39036199970539], [-97.52785399963412, 36.39037099988122], [-97.52925399974991, 36.390371999981], [-97.53006600040996, 36.39036500000518], [-97.53053900023798, 36.39036100032858], [-97.53196799976776, 36.39035699992867], [-97.53234400040971, 36.39037099988122], [-97.53242899990022, 36.390374000180614], [-97.5332790001951, 36.390373000080814], [-97.53390400035907, 36.390373000080814], [-97.53542599977528, 36.39034400007385], [-97.53608500027444, 36.39034999995152], [-97.53689200001331, 36.39035900012869], [-97.53702099988473, 36.39035800002868], [-97.5383149996953, 36.39034500017397], [-97.53966499958239, 36.39034500017397], [-97.54759699957364, 36.39034799975128], [-97.547845999994, 36.390348999851405], [-97.55024199999453, 36.39036700020493], [-97.55091800021215, 36.390371999981], [-97.5511700001072, 36.390373000080814], [-97.55160299975226, 36.39037599965703], [-97.55395799974492, 36.39035900012869], [-97.5548869996825, 36.390353000251714], [-97.55615799992685, 36.39034299997367], [-97.55997199958654, 36.39031700025711], [-97.5612439996558, 36.39030900017567], [-97.5624820002882, 36.39029999999271], [-97.56269099962724, 36.39029699969046], [-97.56570699976889, 36.39026500007472], [-97.56703499991467, 36.390250000001764], [-97.56848299971104, 36.39023399982431], [-97.5693480000745, 36.390231000242665], [-97.57026500031654, 36.39023700012904], [-97.57151599957109, 36.39024699969758], [-97.57253800029343, 36.39026099966987], [-97.57523499969453, 36.3902679996551], [-97.57561100033648, 36.39027400026178], [-97.57639600033403, 36.39028800022922], [-97.57739399986859, 36.3902829997246], [-97.57752699993799, 36.39028200034677], [-97.57898499978009, 36.39029400011119], [-97.58375900023782, 36.39033599999519], [-97.58535099997422, 36.39035100005156], [-97.58555600001364, 36.390352000151644], [-97.58586499981011, 36.39035599982866], [-97.58617100013186, 36.39035100005156], [-97.58637699999619, 36.390348999851405], [-97.58666300022647, 36.39034500017397], [-97.5868139998392, 36.39034299997367], [-97.58752199984386, 36.39034999995152], [-97.58780899989902, 36.390353000251714], [-97.58802200033436, 36.390353000251714], [-97.58866099984373, 36.390353000251714], [-97.58887400027908, 36.390353000251714], [-97.5896579995534, 36.390353000251714], [-97.59201199972112, 36.390353000251714], [-97.59279699971867, 36.390354000351785], [-97.59331800012559, 36.390354000351785], [-97.594881000448, 36.390354000351785], [-97.59540199995658, 36.39035499972868], [-97.596296999559, 36.39035100005156], [-97.59716899959518, 36.39035599982866], [-97.5984160004484, 36.39036500000518], [-97.59861599956663, 36.39036600010509], [-97.60047199979199, 36.39036199970539], [-97.60247000030759, 36.390362999805326], [-97.60423799977109, 36.39036399990527], [-97.60457099985702, 36.39036399990527], [-97.60557000011481, 36.39036600010509], [-97.60590400002566, 36.39036700020493], [-97.60622899971567, 36.39036700020493], [-97.60720700005707, 36.39036899968152], [-97.60753299957199, 36.390369999781385], [-97.60801399979592, 36.39037099988122], [-97.60874299971698, 36.390373000080814], [-97.6094569995694, 36.39037099988122], [-97.60993799979335, 36.390369999781385], [-97.61103499996042, 36.39035699992867], [-97.61117700025066, 36.39035599982866], [-97.61124900022068, 36.39035499972868], [-97.61254499968109, 36.39036399990527], [-97.61432899993642, 36.39035900012869], [-97.61542799975334, 36.39035599982866], [-97.61677400034077, 36.39035699992867], [-97.61702299986278, 36.39035800002868], [-97.62011900037038, 36.390348999851405], [-97.6208120003064, 36.39035100005156], [-97.62215899982043, 36.39035499972868], [-97.62276499971786, 36.39035599982866], [-97.62325599998752, 36.39035699992867], [-97.62595999995963, 36.390362999805326], [-97.62654699959046, 36.39036000022867], [-97.62687700020167, 36.39035900012869], [-97.62764499958246, 36.39036000022867], [-97.62856600002246, 36.39036199970539], [-97.62913599993483, 36.39036500000518], [-97.62987499990165, 36.390369999781385], [-97.63222999989429, 36.39036800030481], [-97.63360900009367, 36.390374000180614], [-97.63510100027098, 36.390381000155664], [-97.6351940001574, 36.390381000155664], [-97.63547299981666, 36.390382000255364], [-97.63556599970308, 36.390383000355], [-97.6364059999522, 36.39039000032925], [-97.63667600028894, 36.39039299990482], [-97.63821799979664, 36.39037599965703], [-97.6389259998013, 36.39037599965703], [-97.63976699987535, 36.39037799985649], [-97.64069400016311, 36.390380000055956], [-97.64121999969457, 36.390381000155664], [-97.6423200002347, 36.39037599965703], [-97.6430099997977, 36.39037599965703], [-97.64692100044007, 36.39037599965703], [-97.64864899972062, 36.39037099988122], [-97.6495569997418, 36.390373000080814], [-97.65170599987015, 36.390378999956226], [-97.65273899956479, 36.390374000180614], [-97.65342999985101, 36.39037099988122], [-97.6551119999991, 36.39037500028041], [-97.6557029998279, 36.390374000180614], [-97.65598300021038, 36.390373000080814], [-97.6564069996346, 36.390373000080814], [-97.65756300025123, 36.390371999981], [-97.65757499994679, 36.39022200005063], [-97.65757499994679, 36.39013200024275], [-97.65757800031984, 36.38941399969934], [-97.65757900014474, 36.389175000011406], [-97.65758499999254, 36.38884099986424], [-97.6575900000154, 36.388580000053906], [-97.6576040002591, 36.38784099975608], [-97.65761099993179, 36.38750799979996], [-97.65761199975671, 36.38745400035679], [-97.65759199966523, 36.386855999810365], [-97.65759400021336, 36.3860099997821], [-97.65760099988606, 36.383335999702204], [-97.65758800036558, 36.382278000155196], [-97.65760300043421, 36.38151499992412], [-97.65761099993179, 36.38113899965001], [-97.65762000015263, 36.38001700016694], [-97.6576240003506, 36.37940799980591], [-97.65763799969598, 36.37758500009742], [-97.65764299971885, 36.37697699976972], [-97.65764400044208, 36.376807000338616], [-97.65764299971885, 36.37676799975727], [-97.6576310000233, 36.37614200024966], [-97.65762799965024, 36.375933999725575], [-97.65763500022126, 36.37500899990438], [-97.65763400039634, 36.373039999831384], [-97.6576319998482, 36.36435800013421], [-97.6576319998482, 36.36146400004051], [-97.65762699982533, 36.36057699989778], [-97.6576310000233, 36.35941299978948], [-97.6576310000233, 36.35935199977541], [-97.6576319998482, 36.35927399990131], [-97.6576319998482, 36.3591469999947], [-97.6576250001755, 36.3574750003111], [-97.6576250001755, 36.3563030001493], [-97.65763699987107, 36.353016000208605], [-97.65763799969598, 36.352772999929726], [-97.65764199989394, 36.350904999942806], [-97.65764299971885, 36.35012499985964], [-97.65764400044208, 36.34957300008775], [-97.65764100006903, 36.34792599974229], [-97.65764100006903, 36.34778800024798], [-97.65764600009189, 36.34700899998376], [-97.65763600004615, 36.344199999906365], [-97.65760900028198, 36.33591499968052], [-97.65760799955875, 36.33577300029864], [-97.65760300043421, 36.332965000316236], [-97.65760500008402, 36.332731000030634], [-97.65760599990892, 36.33252699974634], [-97.65762199980246, 36.33038199989084], [-97.65764400044208, 36.32937100000177], [-97.65766500035846, 36.32579000014565], [-97.65766700000829, 36.32544099975755], [-97.65767899970386, 36.323440999910936], [-97.65769200012264, 36.3211730003603], [-97.65769700014552, 36.32085399969351], [-97.65769899979536, 36.320685000270124], [-97.65771499968886, 36.31962899998565], [-97.65771300003904, 36.318288999881595], [-97.65771300003904, 36.318266999737375], [-97.65768700009978, 36.313992999826624], [-97.65768299990182, 36.313425999828134], [-97.65767700005405, 36.312509999665465], [-97.65766799983321, 36.31166100025899], [-97.65766199998544, 36.309593000170366], [-97.65765699996255, 36.30843700007435], [-97.65765399958951, 36.30764899977199], [-97.65765600013765, 36.305678999649295], [-97.65765699996255, 36.30497099997838], [-97.65765899961238, 36.304505999982666], [-97.65765399958951, 36.30381599990027], [-97.65765199993969, 36.30355999973766], [-97.65764799974171, 36.30307099965637], [-97.65764400044208, 36.300585000330756], [-97.65764000024411, 36.30007500002197], [-97.65763900041922, 36.29997800007556], [-97.65764400044208, 36.29813999980315], [-97.65763900041922, 36.29657799979458], [-97.65762199980246, 36.294872999712005], [-97.65761900032771, 36.29409799992761], [-97.65760599990892, 36.291548999798366], [-97.65760599990892, 36.29110500007719], [-97.65760699973384, 36.29107400015556], [-97.6576100001069, 36.29012300021967], [-97.65760599990892, 36.28977600006812], [-97.65760300043421, 36.28933400029456], [-97.65778400018418, 36.28932899982082], [-97.659139999919, 36.28932799987086], [-97.65939199981409, 36.28932699992089], [-97.66183800004335, 36.2893179996464], [-97.66394500033887, 36.28929899986807], [-97.66476200012349, 36.289299999818404], [-97.66541999989941, 36.289301999719015], [-97.66655300005151, 36.28929600001695], [-97.66803400035815, 36.28927099980515], [-97.67354799970926, 36.289253999917264], [-97.6739789997045, 36.28925100006442], [-97.6751830000017, 36.28924099983009], [-97.67539300006399, 36.289243999683315], [-97.67720999993129, 36.28926600005146], [-97.67827199993827, 36.28928000008506], [-97.67929100028755, 36.28930600024423], [-97.68037300038603, 36.289320000270656], [-97.68265999970829, 36.289350000215386], [-97.68447800029884, 36.28937399972837], [-97.68623200041695, 36.28939600005992], [-97.68750100011317, 36.28941299991692], [-97.68900499998603, 36.28944199987733], [-97.69149300004807, 36.2894810000319], [-97.69183500035483, 36.28948699971973], [-97.6932479999911, 36.289506000176374], [-97.69684599974069, 36.289505000228694], [-97.70105399958565, 36.28950400028098], [-97.70245200005164, 36.28949400007908], [-97.70764300026086, 36.28950199966147], [-97.71124199983538, 36.28950800007176], [-97.71157200044657, 36.289506000176374], [-97.71173899995283, 36.289507000124054], [-97.71323299977996, 36.28952000016691], [-97.71373099972233, 36.28951599965271], [-97.71451200042023, 36.289509000019414], [-97.71618199997445, 36.28951599965271], [-97.71685599964391, 36.28950800007176], [-97.7204950002997, 36.28946600008613], [-97.7208390002563, 36.28946300024149], [-97.72114800005278, 36.289459999672594], [-97.7257030002274, 36.28944099992884], [-97.7262329999568, 36.289439000031784], [-97.72653199970756, 36.28943800008318], [-97.72935899970331, 36.28941299991692], [-97.73021499984597, 36.289405000325424], [-97.73095399981275, 36.28940099980526], [-97.73229600020223, 36.28939600005992], [-97.73495300031867, 36.289392000263405], [-97.73574099979095, 36.28938799974259], [-97.73733699972533, 36.289380000148526], [-97.7393129996013, 36.289377000300576], [-97.74048000008858, 36.28937600035123], [-97.74524399960224, 36.28938100009787], [-97.74604799986636, 36.289382999996405], [-97.74722100020144, 36.289380000148526], [-97.74756900035597, 36.28937900019922], [-97.74980399979971, 36.28938399994565], [-97.75000700018931, 36.28938499989495], [-97.75483299962725, 36.289391000314254], [-97.75650700027774, 36.28940199975428], [-97.75755300039118, 36.289399999856236], [-97.7580470001356, 36.289399999856236], [-97.75985399995717, 36.28942400007794], [-97.76002899985934, 36.28942699992414], [-97.76013599998947, 36.28942599997543], [-97.7611439995698, 36.28941699971235], [-97.76124999987498, 36.28941699971235], [-97.76138700014235, 36.289419000334064], [-97.76269900039459, 36.28940900012127], [-97.76276899981646, 36.28940900012127], [-97.7645949999046, 36.289413999865786], [-97.76564299966789, 36.289417999661175], [-97.76570999961503, 36.28941699971235], [-97.76690999971427, 36.28939799995813], [-97.76730300007468, 36.289392000263405], [-97.76752900003046, 36.289389999641], [-97.7685650000982, 36.28938399994565], [-97.77120499959788, 36.28934099994355], [-97.77156899964596, 36.28935400001406], [-97.77179100030212, 36.2893749996778], [-97.77203800017432, 36.28943199966749], [-97.77228099984858, 36.28948299992788], [-97.77251000017742, 36.28950400028098], [-97.7727610002476, 36.289518000271876], [-97.7729729999597, 36.28949400007908], [-97.77303599970891, 36.28948799966764], [-97.77358200023018, 36.28935999971165], [-97.77398399991307, 36.28931499979602], [-97.7747749997584, 36.28929500006657], [-97.77529299979226, 36.28928100003568], [-97.7760209998884, 36.28926200024828], [-97.7797590002784, 36.28916499988984], [-97.78012300032648, 36.28915600032076], [-97.7810060002333, 36.28914400016959], [-97.78126399997616, 36.28914000036015], [-97.78137100010629, 36.28913699977888], [-97.78246599972525, 36.28910799970506], [-97.78251900032701, 36.28910699975226], [-97.78283099959822, 36.28909299968763], [-97.78283800016924, 36.28958600029535], [-97.7828430001921, 36.28990799983607], [-97.78284700039008, 36.29020900006245], [-97.78285300023785, 36.29106799986569], [-97.78285700043581, 36.2915630001464], [-97.78288599984981, 36.29326100014363], [-97.78289199969758, 36.293960999831036], [-97.7829000000935, 36.29476899992758], [-97.78291299961398, 36.29493500014409], [-97.78291699981195, 36.29607999988535], [-97.78291900036008, 36.29622199991309], [-97.78293000023073, 36.29636699998569], [-97.78293699990344, 36.297457000241664], [-97.78293299970548, 36.299180000043066], [-97.78294699994919, 36.30115600023301], [-97.78296500039083, 36.303555000175805], [-97.7829750004366, 36.3053510001346], [-97.78300800004854, 36.3107410002018], [-97.78301899991921, 36.312502999923865], [-97.78301899991921, 36.31253800007326], [-97.78301999974411, 36.3136389998133], [-97.78302399994207, 36.31694500007181], [-97.783024999767, 36.317620000187674], [-97.78302399994207, 36.31804700012504], [-97.78334000030956, 36.31804700012504], [-97.78537899993474, 36.318074999991744], [-97.78724699985564, 36.31810099996233], [-97.79011400003438, 36.31811100011575], [-97.79147300014228, 36.31813899995947], [-97.79190800033547, 36.31813700007439], [-97.79244700028572, 36.31813399988475], [-97.79279700009009, 36.318133000304044], [-97.7948039999282, 36.31815299987758], [-97.79603599981448, 36.31816499990876], [-97.79658099961253, 36.31817100028558], [-97.7982469998671, 36.318187999661816], [-97.79973400002153, 36.31819900010776], [-97.80032999987318, 36.31820400017832], [-97.80096699973274, 36.318214999898174], [-97.80137400033682, 36.31821899966435], [-97.80453500024343, 36.318249000075355], [-97.81223600025601, 36.318323000026496], [-97.81250700041765, 36.31832600020887], [-97.81315699979767, 36.318338999791465], [-97.81410300035202, 36.318340999671435], [-97.81462100038587, 36.31834700003466], [-97.81498799990868, 36.318350999794056], [-97.81523899997886, 36.31835500027704], [-97.81601200028084, 36.31837100003548], [-97.81704999999837, 36.3183830000331], [-97.81832200006764, 36.31839199984916], [-97.81880699959122, 36.31838800009185], [-97.82239799966814, 36.318405999721776], [-97.82800099960602, 36.31843600006081], [-97.82907900040483, 36.318432999882674], [-97.83317099989885, 36.31846500008805], [-97.83624499976682, 36.31849000035248], [-97.83676299980068, 36.31848900005253], [-97.83857899984307, 36.31848200012396], [-97.84351200030945, 36.31846500008805], [-97.84402699997027, 36.31846500008805], [-97.8449650001287, 36.31846500008805], [-97.84538400042834, 36.31846000003423], [-97.84584300001265, 36.31846100033455], [-97.84601399971689, 36.31846199991102], [-97.84760800000143, 36.318453000103055], [-97.85290299996774, 36.31842299977056], [-97.85466899978141, 36.31841399995808], [-97.85510200032478, 36.318410999779104], [-97.85548100044144, 36.31841200008005], [-97.85666700029701, 36.31841399995808], [-97.85778399965726, 36.31841599983608], [-97.85785599962728, 36.31841599983608], [-97.86142199958984, 36.31842200019357], [-97.8620319996852, 36.318419000014906], [-97.86284699981998, 36.31842700024983], [-97.86741700006318, 36.31841000020197], [-97.86963999981135, 36.31840199996525], [-97.86998100029321, 36.3183989997858], [-97.87060399990905, 36.31839500002886], [-97.87095299988852, 36.31839500002886], [-97.87115200008014, 36.31839500002886], [-97.87173200003829, 36.3183939997277], [-97.87200300019994, 36.31839699990733], [-97.87235300000431, 36.31840099966417], [-97.87302099982598, 36.3184000000869], [-97.8737609996177, 36.3183989997858], [-97.87415999982588, 36.3183939997277], [-97.87487000037866, 36.31840099966417], [-97.87579599994321, 36.3184000000869], [-97.87788300014725, 36.3184000000869], [-97.87828200035543, 36.31839300015035], [-97.87925499977563, 36.3184000000869], [-97.88032000015568, 36.31839800020846], [-97.88352700009303, 36.31839300015035], [-97.88456700035869, 36.31839100027177], [-97.88565399958172, 36.31839699990733], [-97.88612599958482, 36.31839699990733], [-97.88838699986614, 36.3184000000869], [-97.88891599977065, 36.318405000144566], [-97.88930900013105, 36.31840199996525], [-97.88957000024696, 36.3184000000869], [-97.88988599971614, 36.31839699990733], [-97.89079899976021, 36.31839699990733], [-97.89103999978464, 36.31839699990733], [-97.8912690001135, 36.31839699990733], [-97.89216100024116, 36.31838999997056], [-97.89295499956121, 36.31840099966417], [-97.89330699991375, 36.31839699990733], [-97.89428500025514, 36.31839800020846], [-97.89545299966902, 36.31839699990733], [-97.89663600004981, 36.31839600033001], [-97.89692399992991, 36.31839300015035], [-97.89717800037313, 36.31838999997056], [-97.89731599956707, 36.31838999997056], [-97.89849200027517, 36.3183989997858], [-97.89888499973726, 36.3184030002663], [-97.90031800036333, 36.318405000144566], [-97.90037400043981, 36.31840199996525], [-97.90042999961801, 36.318405000144566], [-97.90067300019057, 36.318405000144566], [-97.90250599995139, 36.31840800032378], [-97.90395499957266, 36.318405000144566], [-97.90523900023582, 36.318410999779104], [-97.90538900002365, 36.318408999900996], [-97.90603900030197, 36.31840199996525], [-97.90606600006616, 36.31840199996525], [-97.9078279996819, 36.318408999900996], [-97.91139600019258, 36.318408999900996], [-97.91154699980531, 36.31841000020197], [-97.91292099998184, 36.31840399984353], [-97.91394299980584, 36.318408999900996], [-97.91480300014646, 36.31841299965716], [-97.91997099989118, 36.31839199984916], [-97.92099600008822, 36.3183840003344], [-97.92210099975293, 36.3183840003344], [-97.92212500004236, 36.31838499991186], [-97.9226050004414, 36.31837799997397], [-97.9227600002521, 36.31837699967259], [-97.92296100009355, 36.31837600009501], [-97.92567000008853, 36.31836099991541], [-97.92924799974662, 36.318328999667294], [-97.93302700014452, 36.3182959998275], [-97.93386499984551, 36.31828300023766], [-97.9349210000047, 36.31828100035627], [-97.93597399979087, 36.31826800004017], [-97.93652299978687, 36.31826900034295], [-97.93750000030334, 36.31827199980357], [-97.93998199961929, 36.31826499985557], [-97.94356100000063, 36.31825499972191], [-97.94713799983384, 36.31824599989003], [-97.95000199963953, 36.31823899993964], [-97.95269899993895, 36.31823300029186], [-97.95786800040686, 36.31836999973401], [-97.95960800028128, 36.31841700013695], [-97.96144500024006, 36.31846699996477], [-97.9615239998828, 36.318468999841386], [-97.9616090002716, 36.31847200001813], [-97.96176200043247, 36.31847099971797], [-97.9618419999001, 36.31847099971797], [-97.96355099981238, 36.31846500008805], [-97.96402600018854, 36.31846399978778], [-97.96868000009734, 36.31841500025899], [-97.97038999983452, 36.31839699990733], [-97.97217400008986, 36.31837799997397], [-97.97260099988712, 36.318374000216], [-97.97473999996973, 36.318374000216], [-97.97616900039783, 36.31835200009578], [-97.9773860002155, 36.31834599973288], [-97.9775269997825, 36.318343999853106], [-97.97931199986276, 36.31832699978708], [-97.97976799997232, 36.31832199972441], [-97.98199499991846, 36.31832699978708], [-97.99004699956032, 36.31834800033643], [-97.99273100033928, 36.31835500027704], [-97.99364100001029, 36.318357000156524], [-97.9949520004376, 36.31836099991541], [-97.99600199985072, 36.318364999674046], [-97.9963740002947, 36.31836299979475], [-97.99728499979062, 36.31836000033757], [-97.99800200001611, 36.318357000156524], [-97.99921600035907, 36.31835200009578], [-98.00000399983135, 36.31834199997328], [-98.00015600016732, 36.31834000009334], [-98.00087400021773, 36.31833399972957], [-98.00368799979468, 36.318307999836655], [-98.00557499998219, 36.31829200006526], [-98.00623100010831, 36.31829500024888], [-98.01213000032222, 36.31826999992191], [-98.01388000024237, 36.31826299997366], [-98.01494499972408, 36.318245000310725], [-98.01499900015075, 36.31824400000764], [-98.01516499983211, 36.31824099982212], [-98.01522000008369, 36.31824099982212], [-98.01604600008912, 36.31824599989003], [-98.01807700021668, 36.31824400000764], [-98.0184880001204, 36.318242000125245], [-98.01930599972992, 36.31823899993964], [-98.02082700021954, 36.31823300029186], [-98.02263499986601, 36.31822600034031], [-98.0249560004218, 36.31819599992044], [-98.02517999982946, 36.31819500034055], [-98.02539300026478, 36.31819500034055], [-98.02573800004629, 36.31819700022416], [-98.026914999681, 36.318180999706215], [-98.02781000018172, 36.318185999777924], [-98.02810399990959, 36.318180999706215], [-98.02859500017927, 36.31817300016981], [-98.02962799987395, 36.31816499990876], [-98.0316720004203, 36.318166000212855], [-98.03286199957546, 36.318166999793135], [-98.0331520000037, 36.318169999981556], [-98.03365499996895, 36.3181680000972], [-98.03455700014234, 36.318161999720196], [-98.03510799978818, 36.318166999793135], [-98.0354619997905, 36.31817300016981], [-98.0359179999001, 36.318183000314], [-98.0432620004356, 36.3182029998747], [-98.043311999766, 36.31820400017832], [-98.04394699997573, 36.31819500034055], [-98.04586299957724, 36.31819799980408], [-98.04683699972067, 36.31819900010776], [-98.04876499991607, 36.3182029998747], [-98.04915999992626, 36.31820099999125], [-98.04976099980081, 36.31820400017832], [-98.0504710003536, 36.318209000248615], [-98.05073599976916, 36.31820699964149], [-98.05117099996235, 36.3182029998747], [-98.05303800005836, 36.31820799994506], [-98.05410099989025, 36.318202000294896], [-98.06249800021192, 36.31822800022317], [-98.06855800008431, 36.31825799990689], [-98.0688600002081, 36.31825200026058], [-98.0704100001117, 36.31826499985557], [-98.07162199990653, 36.31825799990689], [-98.07241500029998, 36.31826199967081], [-98.07328300013822, 36.318252999839736], [-98.07392699967046, 36.31825499972191], [-98.07450499997877, 36.318247999772325], [-98.07473299958443, 36.318245000310725], [-98.0754220002208, 36.31825099995758], [-98.07896800009186, 36.31823899993964], [-98.07965000015726, 36.31822600034031], [-98.08468099963461, 36.318209000248615], [-98.08598299984111, 36.318204999758095], [-98.0866509996628, 36.3182029998747], [-98.09429499977396, 36.31823599975394], [-98.095212000016, 36.31825099995758], [-98.1044770001759, 36.31828399981649], [-98.10444700003866, 36.31748899985666], [-98.10447999965064, 36.3160840001173], [-98.10445100023662, 36.31256300006696], [-98.10444500038885, 36.31170000016317], [-98.10445000041172, 36.3112719998127], [-98.10443100014515, 36.309953999705016], [-98.10442100009942, 36.308464000068554], [-98.10443199997005, 36.30789800011076], [-98.10444000036598, 36.307058999833316], [-98.10445700008441, 36.30643399979597], [-98.1044560002595, 36.30589900013988], [-98.10445200006154, 36.305732000350716], [-98.10445000041172, 36.30567200001832], [-98.10445999955915, 36.30505100016513], [-98.10445999955915, 36.30439300002729], [-98.10444700003866, 36.30384900007789], [-98.1044269999472, 36.30301499999474], [-98.10443100014515, 36.302046000322186], [-98.10444500038885, 36.30137700024715], [-98.10444399966563, 36.30042199997711], [-98.10443100014515, 36.299203000328816], [-98.1044429998407, 36.29857699976362], [-98.10444700003866, 36.29718200017227], [-98.1044489996885, 36.29669600021439], [-98.1044489996885, 36.29660799984461], [-98.1044489996885, 36.29650500005908], [-98.10445200006154, 36.29575799975208], [-98.1044429998407, 36.29487099995417], [-98.1044429998407, 36.29477599981298], [-98.10444100019089, 36.294577000239684], [-98.10444799986358, 36.29401000024731], [-98.10444399966563, 36.29336299996975], [-98.10445399971137, 36.29225699966506], [-98.10445200006154, 36.29176499992333], [-98.10446700013017, 36.290481000288274], [-98.10444700003866, 36.290118999736386], [-98.10444100019089, 36.28935499996367], [-98.10442399957414, 36.287963999705454], [-98.10444399966563, 36.286605000241195], [-98.10439799963486, 36.284346000277836], [-98.10441799972637, 36.283765000225934], [-98.10442199992431, 36.28278199992911], [-98.10441299970348, 36.28212400022302], [-98.10441199987858, 36.28148300017489], [-98.10442000027449, 36.281001999747566], [-98.10440799968062, 36.28047700009682], [-98.10440799968062, 36.28045199995636], [-98.10441100005364, 36.28011799968753], [-98.10441299970348, 36.27983400013859], [-98.1044150002516, 36.27968799968273], [-98.10443000032024, 36.27897499978299], [-98.10441899955126, 36.278354999677006], [-98.10441600007653, 36.27693600019085], [-98.10442299974923, 36.276552000211446], [-98.10442500029738, 36.27640500001924], [-98.10441699990145, 36.27590700026667], [-98.10442600012227, 36.275195000000544], [-98.10442399957414, 36.27485699987149], [-98.10442100009942, 36.274420999733444], [-98.10442600012227, 36.273775000138684], [-98.10441899955126, 36.27270300007722], [-98.10441799972637, 36.272625999801406], [-98.10441299970348, 36.27186199970378], [-98.1044269999472, 36.27135300013244], [-98.1044279997721, 36.27134299977752], [-98.10443500034312, 36.271115999777564], [-98.10441299970348, 36.27027599988648], [-98.1044269999472, 36.26970699964537], [-98.10441699990145, 36.26890700031392], [-98.1044279997721, 36.2679569999234], [-98.1044269999472, 36.26759399969195], [-98.1044269999472, 36.267370999858336], [-98.1044279997721, 36.26722099978744], [-98.10442899959702, 36.26720299993338], [-98.10443100014515, 36.26702299971618], [-98.10442500029738, 36.266052999692725], [-98.10442399957414, 36.26574299964613], [-98.10442399957414, 36.26571999963805], [-98.1044269999472, 36.265580999917304], [-98.10443500034312, 36.26502199994925], [-98.10443100014515, 36.26400900022699], [-98.10443199997005, 36.263451000153474], [-98.10444200001581, 36.26280200019602], [-98.10442899959702, 36.26208800006863], [-98.10443199997005, 36.26133700011462], [-98.1044269999472, 36.26061399967089], [-98.10443299979497, 36.26037300020888], [-98.10446100028238, 36.25929399997773], [-98.10446299993221, 36.2560709998768], [-98.10447499962775, 36.255702999724996], [-98.10449999974212, 36.253092999802085], [-98.10451999983361, 36.25097599992776], [-98.10452099965852, 36.25096500014444], [-98.10452999987936, 36.25001899994551], [-98.1045419995749, 36.248889000207896], [-98.10455800036675, 36.2484649998691], [-98.10456400021454, 36.24797699988484], [-98.10455900019167, 36.24733800013291], [-98.10456300038962, 36.24703099973631]]]}}, {"type": "Feature", "properties": {"tract_id": "40047001100", "name": "Tract Census Tract 11", "pct_white_2020": 86.2, "pct_black_2020": 0.5, "pct_hispanic_2020": 4.5, "pct_asian_2020": 0.2, "population_2020": 3326, "is_sample_data": false, "pct_white_1970": 97.4, "pct_black_1970": 1, "pct_hispanic_1970": 1, "pct_asian_1970": 0, "pct_white_1990": 95, "pct_black_1990": 1, "pct_hispanic_1990": 5.8, "pct_asian_1990": 0.5}, "geometry": {"type": "Polygon", "coordinates": [[[-98.10441400042671, 36.463930000019616], [-98.1044269999472, 36.463104999649296], [-98.10317199959637, 36.4631140000659], [-98.10129799982764, 36.46311300018018], [-98.10083400022046, 36.46312199987338], [-98.09679000040703, 36.46314300035751], [-98.0888540002178, 36.46316599988354], [-98.08874399971462, 36.46316599988354], [-98.08864900017838, 36.46316599988354], [-98.08852100013186, 36.46318100032459], [-98.08707599981024, 36.4631649999985], [-98.08704700039623, 36.4631649999985], [-98.08701800008392, 36.4631649999985], [-98.08684700037969, 36.4631649999985], [-98.08678999957998, 36.46316599988354], [-98.08617199998697, 36.46316799965353], [-98.08588300028198, 36.46316900026095], [-98.08449300021195, 36.46315600031029], [-98.08431800030976, 36.46315600031029], [-98.0837009996434, 36.46315999985079], [-98.08207299992198, 36.46316900026095], [-98.08071700018711, 36.46316900026095], [-98.07176500002166, 36.463175000293], [-98.06878200039029, 36.46317700006276], [-98.06791899967662, 36.46317899983246], [-98.06602099961847, 36.463183999978995], [-98.06566800033936, 36.463184999863785], [-98.06533299970529, 36.463182000209414], [-98.06447099971486, 36.46317700006276], [-98.06377600012898, 36.46317299980072], [-98.06250400005972, 36.46318100032459], [-98.06213400016387, 36.46317799994764], [-98.06073499987298, 36.463171000030854], [-98.06012499977761, 36.463166999768504], [-98.05871700016422, 36.46317000014594], [-98.05713700012338, 36.46318100032459], [-98.05614000041372, 36.46317299980072], [-98.05514000033102, 36.4631649999985], [-98.0551240004375, 36.463164000113494], [-98.05354900041952, 36.46315899996567], [-98.05278799981309, 36.463163000228434], [-98.05241399971928, 36.4631649999985], [-98.05129300016108, 36.46317000014594], [-98.05091999989216, 36.46317299980072], [-98.0503879996146, 36.46317399968566], [-98.04879199968025, 36.46317700006276], [-98.0482610001259, 36.46317899983246], [-98.04752299998403, 36.46317999971731], [-98.04531100010651, 36.463184999863785], [-98.04457399978952, 36.46318800024047], [-98.04225300013206, 36.46319299966395], [-98.03940000019705, 36.46320000030117], [-98.0352919999112, 36.46320899998425], [-98.03297200007864, 36.463215000013214], [-98.03072000001815, 36.463227000069736], [-98.02944499957584, 36.463233999981455], [-98.02763399955631, 36.4632330000973], [-98.02585600004707, 36.46325299994505], [-98.02404699967737, 36.46327299978759], [-98.02396399983668, 36.46327199990399], [-98.02387500014822, 36.46327199990399], [-98.02355299993295, 36.46327000013667], [-98.02306099983836, 36.46327299978759], [-98.02256500044412, 36.46327899981159], [-98.0217129996011, 36.46329099985826], [-98.02104599960434, 36.463300000253206], [-98.0203590004144, 36.46330600027512], [-98.01976799968728, 36.463312000296575], [-98.0162979999842, 36.463331000241055], [-98.01610299999052, 36.463333000006784], [-98.01494499972408, 36.46333200012394], [-98.01462900025491, 36.46332799986991], [-98.01435499972018, 36.46333000035819], [-98.01265400020384, 36.46334699981046], [-98.01258700025669, 36.46334699981046], [-98.01212799977408, 36.46335000018087], [-98.01199800007772, 36.463351000063525], [-98.0117839998175, 36.46335199994611], [-98.01114199993508, 36.463356000198914], [-98.01092900039805, 36.463357999964], [-98.00881000040694, 36.46337099988079], [-98.0024559999084, 36.46341000034049], [-98.0003379997422, 36.463424000130196], [-97.99999100031089, 36.46342599989359], [-97.99967300029357, 36.46342599989359], [-97.99875199985358, 36.46342599989359], [-97.99767899997593, 36.46343500027287], [-97.99701500035222, 36.463441000284334], [-97.9966909995888, 36.46344399992869], [-97.99521000018046, 36.46343600015443], [-97.99139800017062, 36.46341800011743], [-97.98979700021339, 36.46341800011743], [-97.9889040002608, 36.4634189999992], [-97.98799299986656, 36.46341800011743], [-97.98670200042902, 36.46340400032661], [-97.98639000025949, 36.463400999958296], [-97.98636699979497, 36.463400000076284], [-97.98314099959104, 36.46338700016436], [-97.98299599982609, 36.463386000282235], [-97.98285400043417, 36.463386000282235], [-97.9814919999532, 36.463380000266504], [-97.97986699970653, 36.463375000132615], [-97.97896100023348, 36.46337199976317], [-97.97776100013424, 36.46336900011604], [-97.97624300001766, 36.463356000198914], [-97.97608400000901, 36.463355000316376], [-97.97533800036952, 36.4633539997113], [-97.97359000009918, 36.46334900029825], [-97.97195200033202, 36.46334500004509], [-97.96971699998997, 36.463335999655314], [-97.96863900008947, 36.46333200012394], [-97.96834899966123, 36.46332799986991], [-97.96660299993904, 36.4633089999247], [-97.96599700004163, 36.46330600027512], [-97.96567400000144, 36.463304999669475], [-97.96418099999923, 36.46329699988087], [-97.96357599992673, 36.46329400023083], [-97.96333099970435, 36.46329199974163], [-97.96259799958534, 36.46328800020799], [-97.96235400008618, 36.46328700032452], [-97.96229100033699, 36.46328700032452], [-97.96210499966584, 36.46328900009139], [-97.96204399956646, 36.46328999997483], [-97.96196200044902, 36.46328999997483], [-97.96171600040172, 36.46329199974163], [-97.96163500021088, 36.46329400023083], [-97.96059199957215, 36.46330399978622], [-97.96033700020234, 36.463304999669475], [-97.95649199968221, 36.46333000035819], [-97.95644599965145, 36.46333000035819], [-97.95514900036613, 36.46333999990894], [-97.95418600009336, 36.46334699981046], [-97.95293099974252, 36.46334699981046], [-97.95205799988142, 36.463347999693106], [-97.94891899971616, 36.463357999964], [-97.94662200034811, 36.463367000351234], [-97.94627800039154, 36.46336800023361], [-97.94406099959284, 36.46337799977951], [-97.94262299984221, 36.463386000282235], [-97.94147999964437, 36.463381000148715], [-97.9375029997781, 36.463365999746365], [-97.93637200017413, 36.463367000351234], [-97.93631000024985, 36.463367000351234], [-97.93515700000627, 36.463372999645486], [-97.93374000017205, 36.463381000148715], [-97.93246399990481, 36.46338800004654], [-97.93116000004851, 36.46338899992866], [-97.93043199995236, 36.46338999981081], [-97.93027200011878, 36.463390999692884], [-97.92998800043667, 36.46339300017954], [-97.92958400020561, 36.46339499994368], [-97.9292949996023, 36.46339699970781], [-97.92846799977195, 36.463405000208574], [-97.92821400022706, 36.463405000208574], [-97.92760900015456, 36.46340600009046], [-97.9270700002043, 36.46340799985427], [-97.92672200004976, 36.46341000034049], [-97.92664000003398, 36.46341000034049], [-97.92639399998671, 36.46341000034049], [-97.92631299979585, 36.46341100022236], [-97.92628000018388, 36.46341100022236], [-97.92618099955136, 36.46341100022236], [-97.92614899976431, 36.463412000104164], [-97.92557999967683, 36.46341100022236], [-97.92510900039696, 36.46341800011743], [-97.92498700019821, 36.463420999762654], [-97.92432600004923, 36.4634219996444], [-97.9241760002614, 36.4634219996444], [-97.92252300042564, 36.46342500001191], [-97.92199000032316, 36.46342500001191], [-97.92192099982786, 36.46342500001191], [-97.9209509998824, 36.463424000130196], [-97.92044299989428, 36.463424000130196], [-97.9197969998139, 36.463424000130196], [-97.91957699970587, 36.463424000130196], [-97.91939299958284, 36.463424000130196], [-97.91892099957974, 36.46342300024854], [-97.91841400031487, 36.46342300024854], [-97.9163680001187, 36.46342300024854], [-97.91634800002721, 36.463424000130196], [-97.91605599994917, 36.46342500001191], [-97.9157069999697, 36.46342599989359], [-97.91049499984406, 36.46343600015443], [-97.91023200007835, 36.46343600015443], [-97.90923799984341, 36.463437000035924], [-97.90818699970708, 36.46343199990575], [-97.90635899996913, 36.4634189999992], [-97.90424400017599, 36.463405000208574], [-97.90416299998513, 36.46340400032661], [-97.90136000027881, 36.463390999692884], [-97.90087700040507, 36.46339200029748], [-97.90062200013693, 36.46339400006165], [-97.89919699990679, 36.46337400025026], [-97.89904999959369, 36.463372999645486], [-97.89723799974927, 36.46336100033404], [-97.89689499961759, 36.463358999846555], [-97.89461499996801, 36.46333499977247], [-97.8921500003705, 36.463325000221076], [-97.89180300004085, 36.463324000338126], [-97.88999200002135, 36.46332099996667], [-97.88978500033211, 36.46332099996667], [-97.88878199987634, 36.46332099996667], [-97.88763299983074, 36.463326000104054], [-97.88671999978668, 36.463331000241055], [-97.88670300006822, 36.463331000241055], [-97.88373100030752, 36.46334599992777], [-97.88249699987308, 36.46334900029825], [-97.8768370000338, 36.46336100033404], [-97.87500300044806, 36.463365999746365], [-97.87433300007822, 36.46336300009899], [-97.87382799956485, 36.46336100033404], [-97.8735489999056, 36.46336200021649], [-97.87312899978102, 36.463363999981425], [-97.87282900020537, 36.463365999746365], [-97.87260800027242, 36.463367000351234], [-97.87228400040733, 36.46336800023361], [-97.8721699997062, 36.46336800023361], [-97.87182800029774, 36.46336800023361], [-97.87171399959662, 36.46336800023361], [-97.87013199990595, 36.46336800023361], [-97.86910599988398, 36.46336800023361], [-97.86830199961987, 36.46336800023361], [-97.8677069995931, 36.46336800023361], [-97.86678000020365, 36.46336900011604], [-97.8653890003087, 36.46336100033404], [-97.8653409997298, 36.46336100033404], [-97.86380800044294, 36.46336200021649], [-97.86296999984363, 36.46336200021649], [-97.86215700025699, 36.46336200021649], [-97.86171600021602, 36.46336200021649], [-97.85720399969912, 36.46335700008149], [-97.85691099979617, 36.46335700008149], [-97.8555540002364, 36.463355000316376], [-97.85545700015201, 36.463355000316376], [-97.85540899957313, 36.463355000316376], [-97.85497400027825, 36.463356000198914], [-97.85483000033821, 36.46335700008149], [-97.85240199965232, 36.463343000279615], [-97.85124900030706, 36.463335999655314], [-97.84949099999096, 36.463326000104054], [-97.84665800014743, 36.46330999980783], [-97.84647999987222, 36.4633089999247], [-97.84438000014767, 36.46329799976415], [-97.84339599995849, 36.46329500011421], [-97.84050700003846, 36.4632710000203], [-97.83906500008987, 36.46325999985443], [-97.8383620001081, 36.46325399982891], [-97.83692699983222, 36.463239000124446], [-97.83332099968669, 36.46317700006276], [-97.82250499979827, 36.462993999964546], [-97.81890000037596, 36.46293300031751], [-97.81874800003999, 36.46293300031751], [-97.81829399958025, 36.46293300031751], [-97.81814299996752, 36.46293300031751], [-97.81685800037775, 36.462936999869456], [-97.81662499985094, 36.462937999757386], [-97.81466099967054, 36.462956999793505], [-97.81300500036004, 36.46296999977753], [-97.8125040000446, 36.46297400005004], [-97.81197199976705, 36.46298500025655], [-97.81172099969687, 36.46298600014386], [-97.80955700039826, 36.46299200019007], [-97.80306800018047, 36.463012000099994], [-97.80204999965612, 36.46301599964786], [-97.80090499980845, 36.463019999918], [-97.79909200013911, 36.463023000301064], [-97.79499200024917, 36.46303100011798], [-97.794044000045, 36.46303499966487], [-97.79365499988258, 36.463036000274], [-97.79184300003814, 36.46304499997614], [-97.79174500012886, 36.46304499997614], [-97.79145399987571, 36.46304699974925], [-97.79135699979132, 36.463048000358235], [-97.78964700005416, 36.46305500028612], [-97.78870399987285, 36.463059999718176], [-97.78667399957021, 36.46307000002622], [-97.78588100007504, 36.463071999798686], [-97.78486500009882, 36.46307000002622], [-97.78452000031733, 36.463069000139946], [-97.78390900039705, 36.463069000139946], [-97.78361399994596, 36.46306699964493], [-97.78281100040506, 36.463059999718176], [-97.77989099962456, 36.46303100011798], [-97.7794139995986, 36.46302599996158], [-97.77927700022954, 36.46302400018793], [-97.7781609997959, 36.463012000099994], [-97.77415700016543, 36.46296600022729], [-97.77283800024048, 36.462972000275045], [-97.7702120000862, 36.46298500025655], [-97.76867499970305, 36.46299200019007], [-97.7677209996511, 36.462997000348665], [-97.76514200025078, 36.46301000032598], [-97.76326799958375, 36.463019999918], [-97.76208000007838, 36.463020999804854], [-97.75959899968903, 36.46302500007473], [-97.7593569998397, 36.46302500007473], [-97.75911900018833, 36.46302500007473], [-97.7557819996563, 36.463019000031075], [-97.75552399991345, 36.463021999691755], [-97.75477700044905, 36.463027999735175], [-97.75348600011321, 36.463036000274], [-97.75289699993424, 36.463036000274], [-97.75193600020961, 36.46303800004735], [-97.74983599958675, 36.46304499997614], [-97.74947499991173, 36.46304599986267], [-97.7483950003614, 36.46305000013126], [-97.74803499961298, 36.4630519999043], [-97.74787099958145, 36.4630519999043], [-97.74737000016435, 36.46305399967723], [-97.74721799982838, 36.46305299979074], [-97.7454100001819, 36.46305500028612], [-97.7399899996438, 36.463061000327], [-97.73824499974653, 36.46306300009969], [-97.73818299982224, 36.46306300009969], [-97.73742200011414, 36.463057000058974], [-97.73641299981061, 36.46306399998604], [-97.73638500022153, 36.46306399998604], [-97.73615099986978, 36.46306699964493], [-97.73592400008906, 36.463069000139946], [-97.7347159995939, 36.46308399987733], [-97.73305500026052, 36.46308900003], [-97.73276300018247, 36.463089999915965], [-97.73173899981032, 36.463101999991835], [-97.73099499982065, 36.463103999763526], [-97.72919800004483, 36.463108999914844], [-97.72739600024613, 36.463114999951536], [-97.72726599965148, 36.46311599983722], [-97.72198999995175, 36.4631359997151], [-97.72165500021599, 36.46313800020834], [-97.72074499964666, 36.46312999968002], [-97.72018899997796, 36.46312700002353], [-97.71968199981477, 36.463123999644495], [-97.71816100022347, 36.463116999722835], [-97.71765499988517, 36.463114999951536], [-97.71693099998699, 36.46311200029451], [-97.71637000029543, 36.463108000029116], [-97.71316599983281, 36.46308900003], [-97.71257900020197, 36.46307600006593], [-97.7125170002777, 36.46307600006593], [-97.71138300030069, 36.4630789997244], [-97.71123299961454, 36.46308700025798], [-97.71105299968949, 36.463095999954135], [-97.71062699971714, 36.46309699984006], [-97.71023400025507, 36.463097999725925], [-97.70974899983318, 36.46309099980197], [-97.70880900002493, 36.463091999687904], [-97.70820399995242, 36.46309400018228], [-97.70792100009521, 36.463095000068236], [-97.70723599965679, 36.463103999763526], [-97.70668199963791, 36.46310600025753], [-97.70654899956851, 36.46310700014333], [-97.7058720004243, 36.46311599983722], [-97.70537399958361, 36.46311599983722], [-97.70494900033451, 36.463108000029116], [-97.70221900042313, 36.46308800014396], [-97.70158400021342, 36.463091999687904], [-97.70138800039481, 36.46309400018228], [-97.70061000006997, 36.46308800014396], [-97.69992899982948, 36.46308900003], [-97.69861099972945, 36.46308900003], [-97.6966919997549, 36.46309099980197], [-97.69465700032771, 36.46307500017973], [-97.6933400000526, 36.46306599975867], [-97.69292199957786, 36.46306300009969], [-97.69252599974274, 36.46305399967723], [-97.69116599980991, 36.46302699984841], [-97.6905459996688, 36.46300500016822], [-97.69008600025958, 36.46300000001014], [-97.6896379996476, 36.46299599973897], [-97.68927299977463, 36.46298799991849], [-97.68882400023605, 36.46297800032234], [-97.68836200027869, 36.46297099966508], [-97.68824000007996, 36.46296999977753], [-97.68774899981028, 36.46295300024261], [-97.68750699996095, 36.462956999793505], [-97.68562899999428, 36.46291299966475], [-97.68471900032326, 36.46289199984078], [-97.68353799959226, 36.46286400006669], [-97.68231199955375, 36.46283499967071], [-97.68025700003507, 36.46280899965522], [-97.67999400026933, 36.462801999705185], [-97.67960199973388, 36.462792999974845], [-97.67881400026158, 36.46277300000844], [-97.67835099958099, 36.46276099988165], [-97.67811899977738, 36.46275200014655], [-97.67738499983346, 36.46272600010329], [-97.67678999980672, 36.46272099992722], [-97.67603300029658, 36.46271300007836], [-97.6754709998818, 36.46270799990152], [-97.6753389996373, 36.462715999750884], [-97.67527000004033, 36.46272099992722], [-97.67457700010429, 36.462721999817994], [-97.67229400008166, 36.46272799988463], [-97.67153300037356, 36.462729999665925], [-97.6714510003578, 36.462729999665925], [-97.67120799978522, 36.462729999665925], [-97.67112699959438, 36.462731000279], [-97.67087700024743, 36.46273200016963], [-97.67085499960783, 36.462731000279], [-97.67004200002117, 36.462725000212586], [-97.66977099985951, 36.462724000321906], [-97.66916800033516, 36.46272000003649], [-97.66851999970666, 36.462715999750884], [-97.66736200033851, 36.46270799990152], [-97.66675999974073, 36.46270400033771], [-97.6651079997299, 36.46269300009138], [-97.66015199969729, 36.46266000006541], [-97.65849999968643, 36.46264999970443], [-97.65839000008158, 36.4626489998128], [-97.65834099967776, 36.4626489998128], [-97.65806000036868, 36.4626559997767], [-97.65795099969043, 36.46266000006541], [-97.65794700039078, 36.461319000264204], [-97.65794400001772, 36.46019000033331], [-97.65794800021568, 36.45840400027623], [-97.65794099964468, 36.457296999671165], [-97.65793399997199, 36.455957000307706], [-97.65792899994914, 36.45510699992569], [-97.65792999977403, 36.454942000131915], [-97.65794099964468, 36.45374100013009], [-97.65794499984264, 36.45333700004819], [-97.65792300010133, 36.45199200004077], [-97.65792200027643, 36.45190100023042], [-97.65792200027643, 36.45088699976652], [-97.65792200027643, 36.45036099975584], [-97.65792200027643, 36.45026800009723], [-97.65791200023068, 36.44909200020283], [-97.65791100040576, 36.44886700009358], [-97.65790999968256, 36.448785000142024], [-97.65790899985763, 36.44860799975725], [-97.65791200023068, 36.448259999684765], [-97.65791200023068, 36.44815199994286], [-97.65791600042864, 36.447829999980556], [-97.65791700025355, 36.447722999724164], [-97.65792200027643, 36.44687799990967], [-97.65794099964468, 36.444343000164636], [-97.65794700039078, 36.44349899980729], [-97.65795400006348, 36.44248699966617], [-97.65797599980478, 36.439501999860994], [-97.65797499997987, 36.43945299992578], [-97.65796900013208, 36.438441999976824], [-97.65796300028431, 36.43755000027726], [-97.65796300028431, 36.43750699968187], [-97.657969999957, 36.4363549998041], [-97.65795900008635, 36.43519100011584], [-97.65796300028431, 36.4347019998676], [-97.6579709997819, 36.43376800031114], [-97.65798000000274, 36.430878999840296], [-97.65801000013997, 36.42221299993625], [-97.65801799963758, 36.42015400004618], [-97.65800799959183, 36.419325000011455], [-97.6580050001171, 36.419098000157206], [-97.6579769996297, 36.4180519999718], [-97.65787500042076, 36.41423500002759], [-97.65784100008557, 36.41296300022703], [-97.65779699970464, 36.4113339998708], [-97.65776800029063, 36.410227000072844], [-97.65774200035138, 36.409555999695144], [-97.65768899974961, 36.40644799978273], [-97.6576820000769, 36.40601300030108], [-97.65766199998544, 36.40481900018178], [-97.65766100016052, 36.404593999701525], [-97.65765799978747, 36.40391900013559], [-97.65765799978747, 36.403693999941304], [-97.65765399958951, 36.402474000349365], [-97.6576529997646, 36.40244599974037], [-97.65763400039634, 36.401211999910046], [-97.65763799969598, 36.398705000329336], [-97.65763900041922, 36.398314000069796], [-97.65762699982533, 36.39769999982173], [-97.65762299962736, 36.39745800027552], [-97.65761400030486, 36.396180999713735], [-97.6576040002591, 36.39555100016299], [-97.65760000006114, 36.39546100001688], [-97.65758699964235, 36.395145000092725], [-97.65753300011399, 36.3948800003101], [-97.65744100005249, 36.394619999849915], [-97.65731100035615, 36.39416100018252], [-97.65729600028753, 36.39404700006235], [-97.6573430001432, 36.393101000290024], [-97.65738699962581, 36.39256399984572], [-97.65742699980879, 36.39182100021431], [-97.65744500025045, 36.39164500019173], [-97.65749700012898, 36.3911309997182], [-97.65756300025123, 36.390371999981], [-97.6564069996346, 36.390373000080814], [-97.65598300021038, 36.390373000080814], [-97.6557029998279, 36.390374000180614], [-97.6551119999991, 36.39037500028041], [-97.65342999985101, 36.39037099988122], [-97.65273899956479, 36.390374000180614], [-97.65170599987015, 36.390378999956226], [-97.6495569997418, 36.390373000080814], [-97.64864899972062, 36.39037099988122], [-97.64692100044007, 36.39037599965703], [-97.6430099997977, 36.39037599965703], [-97.6423200002347, 36.39037599965703], [-97.64121999969457, 36.390381000155664], [-97.64069400016311, 36.390380000055956], [-97.63976699987535, 36.39037799985649], [-97.6389259998013, 36.39037599965703], [-97.63821799979664, 36.39037599965703], [-97.63667600028894, 36.39039299990482], [-97.6364059999522, 36.39039000032925], [-97.63556599970308, 36.390383000355], [-97.63547299981666, 36.390382000255364], [-97.6351940001574, 36.390381000155664], [-97.63510100027098, 36.390381000155664], [-97.63360900009367, 36.390374000180614], [-97.63222999989429, 36.39036800030481], [-97.62987499990165, 36.390369999781385], [-97.62913599993483, 36.39036500000518], [-97.62856600002246, 36.39036199970539], [-97.62764499958246, 36.39036000022867], [-97.62687700020167, 36.39035900012869], [-97.62654699959046, 36.39036000022867], [-97.62595999995963, 36.390362999805326], [-97.62325599998752, 36.39035699992867], [-97.62276499971786, 36.39035599982866], [-97.62215899982043, 36.39035499972868], [-97.6208120003064, 36.39035100005156], [-97.62011900037038, 36.390348999851405], [-97.61702299986278, 36.39035800002868], [-97.61677400034077, 36.39035699992867], [-97.61542799975334, 36.39035599982866], [-97.61432899993642, 36.39035900012869], [-97.61254499968109, 36.39036399990527], [-97.61124900022068, 36.39035499972868], [-97.61117700025066, 36.39035599982866], [-97.61103499996042, 36.39035699992867], [-97.60993799979335, 36.390369999781385], [-97.6094569995694, 36.39037099988122], [-97.60874299971698, 36.390373000080814], [-97.60801399979592, 36.39037099988122], [-97.60753299957199, 36.390369999781385], [-97.60720700005707, 36.39036899968152], [-97.60622899971567, 36.39036700020493], [-97.60590400002566, 36.39036700020493], [-97.60557000011481, 36.39036600010509], [-97.60457099985702, 36.39036399990527], [-97.60423799977109, 36.39036399990527], [-97.60247000030759, 36.390362999805326], [-97.60047199979199, 36.39036199970539], [-97.59861599956663, 36.39036600010509], [-97.5984160004484, 36.39036500000518], [-97.59716899959518, 36.39035599982866], [-97.596296999559, 36.39035100005156], [-97.59540199995658, 36.39035499972868], [-97.594881000448, 36.390354000351785], [-97.59331800012559, 36.390354000351785], [-97.59279699971867, 36.390354000351785], [-97.59201199972112, 36.390353000251714], [-97.5896579995534, 36.390353000251714], [-97.58887400027908, 36.390353000251714], [-97.58866099984373, 36.390353000251714], [-97.58802200033436, 36.390353000251714], [-97.58780899989902, 36.390353000251714], [-97.58752199984386, 36.39034999995152], [-97.5868139998392, 36.39034299997367], [-97.58666300022647, 36.39034500017397], [-97.58637699999619, 36.390348999851405], [-97.58617100013186, 36.39035100005156], [-97.58586499981011, 36.39035599982866], [-97.58555600001364, 36.390352000151644], [-97.58535099997422, 36.39035100005156], [-97.58375900023782, 36.39033599999519], [-97.57898499978009, 36.39029400011119], [-97.57752699993799, 36.39028200034677], [-97.57739399986859, 36.3902829997246], [-97.57639600033403, 36.39028800022922], [-97.57561100033648, 36.39027400026178], [-97.57523499969453, 36.3902679996551], [-97.57253800029343, 36.39026099966987], [-97.57151599957109, 36.39024699969758], [-97.57026500031654, 36.39023700012904], [-97.5693480000745, 36.390231000242665], [-97.56848299971104, 36.39023399982431], [-97.56703499991467, 36.390250000001764], [-97.56570699976889, 36.39026500007472], [-97.56269099962724, 36.39029699969046], [-97.5624820002882, 36.39029999999271], [-97.5612439996558, 36.39030900017567], [-97.55997199958654, 36.39031700025711], [-97.55615799992685, 36.39034299997367], [-97.5548869996825, 36.390353000251714], [-97.55395799974492, 36.39035900012869], [-97.55160299975226, 36.39037599965703], [-97.5511700001072, 36.390373000080814], [-97.55091800021215, 36.390371999981], [-97.55024199999453, 36.39036700020493], [-97.547845999994, 36.390348999851405], [-97.54759699957364, 36.39034799975128], [-97.53966499958239, 36.39034500017397], [-97.5383149996953, 36.39034500017397], [-97.53702099988473, 36.39035800002868], [-97.53689200001331, 36.39035900012869], [-97.53608500027444, 36.39034999995152], [-97.53542599977528, 36.39034400007385], [-97.53390400035907, 36.390373000080814], [-97.5332790001951, 36.390373000080814], [-97.53242899990022, 36.390374000180614], [-97.53234400040971, 36.39037099988122], [-97.53196799976776, 36.39035699992867], [-97.53053900023798, 36.39036100032858], [-97.53006600040996, 36.39036500000518], [-97.52925399974991, 36.390371999981], [-97.52785399963412, 36.39037099988122], [-97.52624099998133, 36.39036199970539], [-97.52600599980467, 36.39036199970539], [-97.5253520002267, 36.39036199970539], [-97.5232340000605, 36.39036199970539], [-97.52172199979172, 36.39036199970539], [-97.52095699988567, 36.39036700020493], [-97.51966600044813, 36.39037500028041], [-97.51579300033893, 36.39040099997756], [-97.514502999828, 36.39041000014882], [-97.5142710000244, 36.39041200034747], [-97.51406199978702, 36.390412999723615], [-97.51289500019806, 36.390425000190966], [-97.51273899966414, 36.390422999992666], [-97.51229900034639, 36.3904209997943], [-97.51014900039316, 36.3904190003191], [-97.50370200000818, 36.390412999723615], [-97.50155299987985, 36.39041100024815], [-97.50084400005028, 36.39041000014882], [-97.50059800000298, 36.39041100024815], [-97.4999720000141, 36.39041499992213], [-97.49773400019731, 36.390405999751444], [-97.49678000014535, 36.390403000176434], [-97.49547899976378, 36.390405999751444], [-97.49445600011485, 36.390409000049544], [-97.49344900035946, 36.39041100024815], [-97.49157899989038, 36.390403000176434], [-97.49028000005693, 36.39039899977863], [-97.48803300001931, 36.39039000032925], [-97.48774199976619, 36.390389000229646], [-97.48709200038617, 36.39039099970568], [-97.48586600034764, 36.3903940000043], [-97.482441999777, 36.39037599965703], [-97.48129500027952, 36.390373000080814], [-97.48072899966675, 36.390371999981], [-97.47904999989173, 36.39036000022867], [-97.46475400025446, 36.39036700020493], [-97.46435199967324, 36.39038399973152], [-97.46417199974819, 36.390383000355], [-97.46304600016711, 36.390374000180614], [-97.46243600007173, 36.390374000180614], [-97.46156599968536, 36.390389000229646], [-97.46130399974456, 36.390383000355], [-97.46118999994174, 36.39037099988122], [-97.46120599983524, 36.391684999903134], [-97.46120500001035, 36.391717999739974], [-97.4611940001397, 36.39251800015356], [-97.46121199968306, 36.393530000108335], [-97.46121400023118, 36.39359300019582], [-97.46121099985812, 36.3940780002384], [-97.46119900016257, 36.39574699991161], [-97.46122799957656, 36.39701300021586], [-97.46122500010183, 36.397591999872326], [-97.46122299955368, 36.39785599980503], [-97.46121199968306, 36.401829999696446], [-97.4612300001247, 36.40298000006196], [-97.4612379996223, 36.40483700007639], [-97.46124099999535, 36.40518600026113], [-97.46122799957656, 36.406405999929056], [-97.46123400032266, 36.407452000062165], [-97.46122699975164, 36.40791299978595], [-97.461215999881, 36.408617999651476], [-97.46121800042914, 36.40971999998858], [-97.46123900034554, 36.410962999852416], [-97.46124099999535, 36.41216799971438], [-97.4612369997974, 36.41278000024341], [-97.46121900025403, 36.41496100014483], [-97.46122500010183, 36.41637199977834], [-97.46123599997249, 36.41735299966265], [-97.46121400023118, 36.41844500014085], [-97.46121500005609, 36.41925800018722], [-97.4612369997974, 36.42067000025645], [-97.46124000017043, 36.421173999875165], [-97.46124900039128, 36.42332200029461], [-97.46125299969093, 36.4236339997019], [-97.46125500023905, 36.42375800010049], [-97.46126299973666, 36.42442699990151], [-97.46126399956158, 36.425663000354405], [-97.46128000035341, 36.428209999964395], [-97.46128299982816, 36.42868599996718], [-97.46130200009473, 36.42983600028762], [-97.46131799998824, 36.43373299973633], [-97.46131700016335, 36.434399000265046], [-97.461328000034, 36.436820000149126], [-97.46132499966096, 36.437476000212705], [-97.46133600042991, 36.43881099984828], [-97.4613289998589, 36.440184000039], [-97.46134700030056, 36.44161700018379], [-97.46137599971456, 36.44285499966793], [-97.46135999982106, 36.4443339997375], [-97.46136999986679, 36.44500699973312], [-97.4613770004378, 36.44553899986655], [-97.4613980003542, 36.44614800009557], [-97.46137400006474, 36.448191000107826], [-97.46142299957023, 36.45097800004383], [-97.46142000009552, 36.45352999990807], [-97.4614479996846, 36.45710799964508], [-97.46149299989044, 36.462644000354246], [-97.46149500043857, 36.464115999694336], [-97.46147899964673, 36.46527000031933], [-97.46152800005054, 36.467888999985675], [-97.46149299989044, 36.469458999779285], [-97.46149100024063, 36.469907999985416], [-97.46149200006552, 36.47002400031258], [-97.46150799995905, 36.47193000017113], [-97.46150200011125, 36.47236699970452], [-97.46150100028636, 36.4725060003306], [-97.46148399966961, 36.47383000018582], [-97.46150700013413, 36.47710499968314], [-97.46151999965461, 36.484303999821435], [-97.46152399985257, 36.4865369997871], [-97.46154499976898, 36.48781300027494], [-97.46154399994406, 36.48929700010246], [-97.46153499972323, 36.490052999862556], [-97.4615320002485, 36.49027700008641], [-97.46153100042359, 36.4904049997171], [-97.46152999970035, 36.4908159997758], [-97.46152999970035, 36.49156400011666], [-97.46152999970035, 36.49158999987503], [-97.46153499972323, 36.4929410003363], [-97.46153499972323, 36.49309600009414], [-97.46153800009627, 36.493591999834514], [-97.46152999970035, 36.49516500017477], [-97.46153399989831, 36.49669200026433], [-97.46155399998982, 36.49764599995392], [-97.46156700040859, 36.49822200031659], [-97.46153999974611, 36.49990399991516], [-97.46155099961676, 36.500924999872986], [-97.46155900001267, 36.50153100015541], [-97.46156599968536, 36.50280400029556], [-97.46156400003555, 36.50417899979676], [-97.46155599963963, 36.504921999978734], [-97.46149299989044, 36.50541899985211], [-97.46146100010338, 36.50564000022231], [-97.4614050000269, 36.50597200034417], [-97.4614050000269, 36.506029999888774], [-97.4614050000269, 36.506112999995636], [-97.4614050000269, 36.50614100002896], [-97.4614050000269, 36.50616900005223], [-97.4614050000269, 36.50682799989277], [-97.4614050000269, 36.5068530002595], [-97.4614190002706, 36.506874999766765], [-97.46144500020988, 36.50695999977372], [-97.46146100010338, 36.50701299981575], [-97.46147299979896, 36.507105999992554], [-97.46149899973821, 36.50730699985317], [-97.46151600035498, 36.50760200025182], [-97.46155800018778, 36.51458200026053], [-97.46156300021063, 36.515436999961935], [-97.46151899982969, 36.52047700020916], [-97.46149999956313, 36.52065799981282], [-97.46142199974533, 36.52141800033934], [-97.46141500007263, 36.52148999998694], [-97.46141500007263, 36.522558999966456], [-97.46141599989754, 36.52413200011203], [-97.46141800044569, 36.52598499977932], [-97.4614190002706, 36.52785999985539], [-97.46142000009552, 36.52945899980272], [-97.4614209999204, 36.53160200013166], [-97.46142199974533, 36.53349700022967], [-97.46142199974533, 36.533648999813956], [-97.46145400043069, 36.534070000355634], [-97.46149799991329, 36.534656000070164], [-97.4615110003321, 36.53483899978677], [-97.46152200020276, 36.53498200033672], [-97.46150899978396, 36.5360499997008], [-97.4615110003321, 36.536528999946434], [-97.46150200011125, 36.53781999974571], [-97.46153999974611, 36.53934499994488], [-97.46153499972323, 36.54106300016867], [-97.46152499967748, 36.542649000348796], [-97.46152100037784, 36.54409100014919], [-97.46152499967748, 36.54949700019521], [-97.46153499972323, 36.55749799964056], [-97.46155800018778, 36.55903300003539], [-97.46155999983759, 36.55916099996188], [-97.46155999983759, 36.55921200014414], [-97.4615530001649, 36.56247899964527], [-97.46159300034788, 36.563962000004004], [-97.4615959998226, 36.56406999992026], [-97.46158599977684, 36.565738000216065], [-97.46159499999769, 36.566966999981695], [-97.46159800037074, 36.578457999913134], [-97.46158499995195, 36.591914999819956], [-97.46157999992907, 36.59316899971662], [-97.46160300039361, 36.593636999646634], [-97.46245899963795, 36.59362700033741], [-97.46303500029644, 36.59358999985274], [-97.47773699981455, 36.59357100014282], [-97.47874699994301, 36.59358100018051], [-97.47880700021747, 36.59358100018051], [-97.47892600004316, 36.59358100018051], [-97.4794640001685, 36.59358599983832], [-97.47948400025999, 36.59358700020253], [-97.47964400009357, 36.59357900017312], [-97.48048900036557, 36.59359999988802], [-97.4806269995595, 36.59359300022408], [-97.48067000011552, 36.59359300022408], [-97.48123900020302, 36.593589000209775], [-97.48253700021155, 36.59358100018051], [-97.48354599961678, 36.593585000195255], [-97.48371800004423, 36.593581999823634], [-97.48500199980906, 36.59356700012737], [-97.49422099993821, 36.593551000063464], [-97.49772300032666, 36.593545000038645], [-97.49787099956635, 36.593543999673834], [-97.4978880001831, 36.593543999673834], [-97.49794000006163, 36.59354799969049], [-97.49825600042914, 36.593551000063464], [-97.49831499998035, 36.593551000063464], [-97.49846399994327, 36.59355300007164], [-97.5010630003334, 36.59356999977835], [-97.50223199957217, 36.593551999706925], [-97.50745499956848, 36.593532000343906], [-97.50751400001802, 36.59353000033518], [-97.50756699972148, 36.5935329999876], [-97.50897100003522, 36.593551999706925], [-97.5131589997887, 36.593551000063464], [-97.51548299981923, 36.5935579997312], [-97.51583400034681, 36.59355500007975], [-97.51610600033337, 36.593551000063464], [-97.51624799972528, 36.59354999969874], [-97.51745200002249, 36.5935329999876], [-97.52209900025858, 36.59352299994366], [-97.52402300025601, 36.59353000033518], [-97.52464599987185, 36.593526999961384], [-97.52549399961859, 36.5935140002636], [-97.52554600039547, 36.5935140002636], [-97.52659499998366, 36.593518999925706], [-97.52874499993689, 36.59350200020775], [-97.52988499976166, 36.59350099984244], [-97.53197299979064, 36.593474999714665], [-97.53355500037962, 36.593482000110555], [-97.53375000037327, 36.59348000010055], [-97.53389099994027, 36.59347899973489], [-97.53431699991263, 36.59347600008037], [-97.53435999957033, 36.59347600008037], [-97.53445900020284, 36.59347600008037], [-97.53607799970345, 36.59347800009048], [-97.54093500000184, 36.59348699977472], [-97.54207599965154, 36.593488999784554], [-97.54255500022566, 36.59348499976484], [-97.54335600011673, 36.59347800009048], [-97.54437100026804, 36.5934769997248], [-97.54981900039522, 36.59347600008037], [-97.55096000004494, 36.59347600008037], [-97.55163600026253, 36.59347000004972], [-97.55177699982953, 36.5934680000394], [-97.55220100015205, 36.593464000018606], [-97.55234300044228, 36.593464000018606], [-97.55355699988692, 36.59347299970448], [-97.55403300008798, 36.5934769997248], [-97.55720200039052, 36.59347099969423], [-97.55841800038327, 36.593468999683935], [-97.5584619998659, 36.593468999683935], [-97.56019900026556, 36.59345399996571], [-97.56042799969612, 36.59345500033167], [-97.56205200011787, 36.593464000018606], [-97.5637350000909, 36.59345399996571], [-97.56645900015448, 36.59345500033167], [-97.56652299972859, 36.593455999976385], [-97.56751199994062, 36.59345199995497], [-97.56847000019054, 36.593447999933346], [-97.56883400023861, 36.5934490002994], [-97.56992800003265, 36.59345500033167], [-97.57029299990563, 36.59345700034233], [-97.57122900041425, 36.59345300032097], [-97.57244600023192, 36.593459000352944], [-97.57367200027042, 36.59345999999759], [-97.57374500006537, 36.59345999999759], [-97.57645800025831, 36.59347000004972], [-97.5772180001415, 36.5934740000702], [-97.57816600034568, 36.59347600008037], [-97.5805199996151, 36.59349899983292], [-97.58065799970736, 36.59349899983292], [-97.58081599989109, 36.593500000198254], [-97.58410099964627, 36.593496999823344], [-97.58536900041587, 36.593496999823344], [-97.58635000023202, 36.59350899987993], [-97.587552999806, 36.59350899987993], [-97.5879260000749, 36.593508000235914], [-97.5882080001072, 36.593504000217195], [-97.58903499993754, 36.59349200015983], [-97.59021499994532, 36.59350299985185], [-97.59023300038697, 36.59350299985185], [-97.59159300031979, 36.593504000217195], [-97.59164900039627, 36.59350200020775], [-97.59170499957446, 36.593504000217195], [-97.59827300033326, 36.59350899987993], [-97.60095399984084, 36.593512000254435], [-97.60164500012706, 36.593512000254435], [-97.6037180000874, 36.593512999898394], [-97.60397599983027, 36.5935140002636], [-97.60440900037361, 36.59350899987993], [-97.60476400020086, 36.593506000226576], [-97.6058289996826, 36.593496999823344], [-97.60618500023304, 36.59349499981372], [-97.60722100030077, 36.593500000198254], [-97.60810199965947, 36.59349400016948], [-97.6084280000727, 36.59349400016948], [-97.61515800031489, 36.59349499981372], [-97.61740199997948, 36.593496000179115], [-97.6178899998761, 36.59349400016948], [-97.61838699999356, 36.593490999794334], [-97.61839899968912, 36.593490999794334], [-97.61921299999901, 36.59348299975491], [-97.62074500035925, 36.5934769997248], [-97.62134100021093, 36.5934769997248], [-97.62232700004992, 36.59347800009048], [-97.62269600012087, 36.593474999714665], [-97.6238030003337, 36.59346699967359], [-97.62417300022955, 36.59346499966319], [-97.6244019996601, 36.59346299965274], [-97.62501799960324, 36.59346099964224], [-97.6250920001214, 36.59346099964224], [-97.62532200027518, 36.59346099964224], [-97.62663199997927, 36.59346099964224], [-97.62697799958568, 36.593459000352944], [-97.62984099956645, 36.5934490002994], [-97.62988199957432, 36.5934490002994], [-97.63194700003707, 36.59345100031021], [-97.6336040000708, 36.59345399996571], [-97.63490299990426, 36.593455999976385], [-97.63620000008788, 36.59345799998702], [-97.63694400007753, 36.593459000352944], [-97.63780799971782, 36.59345999999759], [-97.63880199995273, 36.59346099964224], [-97.64010199961109, 36.59346299965274], [-97.64050199964419, 36.593459000352944], [-97.64109599984603, 36.59345500033167], [-97.64170199974343, 36.593459000352944], [-97.64210299960142, 36.593462000008124], [-97.64214500033253, 36.593462000008124], [-97.6422709998309, 36.593462000008124], [-97.64231299966369, 36.59346299965274], [-97.64372600019828, 36.59347000004972], [-97.64513800000964, 36.593462000008124], [-97.64548799981401, 36.59346499966319], [-97.64613899991726, 36.59347099969423], [-97.64671600040066, 36.59346499966319], [-97.64999100011006, 36.59345500033167], [-97.65501599973965, 36.59343999988946], [-97.65519900003775, 36.59343999988946], [-97.65579999991226, 36.593443000266646], [-97.65757900014474, 36.59345100031021], [-97.65819199971484, 36.5934490002994], [-97.65856599980867, 36.59344599992245], [-97.65895900016906, 36.59344399991151], [-97.65968899991502, 36.593447999933346], [-97.65999900043474, 36.59345100031021], [-97.66006399983375, 36.59344500027761], [-97.66019500025332, 36.59343399985602], [-97.66289400020254, 36.59343100019975], [-97.66308599982318, 36.593429999833454], [-97.67137699983964, 36.59342300015411], [-97.67194099990425, 36.59343100019975], [-97.67215599998941, 36.59343399985602], [-97.67220100019524, 36.59343500022225], [-97.67517999962864, 36.593425999810684], [-97.67576799998271, 36.59342199978772], [-97.677472999697, 36.5934130000959], [-97.67753299997149, 36.593411000084096], [-97.67801599984524, 36.59340300003644], [-97.67812200015045, 36.59340100002438], [-97.6782519998468, 36.59339700000011], [-97.67855899999346, 36.59339700000011], [-97.6798729998955, 36.59340199966979], [-97.68031099956343, 36.59340500004844], [-97.68032499980714, 36.59340500004844], [-97.68130499979836, 36.59340700006034], [-97.68331800038257, 36.59341500010763], [-97.68396899958748, 36.59340700006034], [-97.68430000002358, 36.59339400034241], [-97.68528500003768, 36.593392999975634], [-97.68681099965185, 36.59339200033012], [-97.68750000028825, 36.59339200033012], [-97.68974099957977, 36.59338600029293], [-97.6910019997784, 36.59338299991353], [-97.691389000291, 36.59338499992606], [-97.69211099964105, 36.593388999950946], [-97.69291499990516, 36.593397999645575], [-97.69313400018828, 36.59339999965771], [-97.69351800032783, 36.593397999645575], [-97.69532799962413, 36.593388000305374], [-97.6959319998717, 36.59338600029293], [-97.69615799982752, 36.59338400028043], [-97.69626099975969, 36.59338400028043], [-97.696839000068, 36.59339400034241], [-97.69706599984872, 36.593399000012276], [-97.69708900031326, 36.593399000012276], [-97.69838099957569, 36.59340700006034], [-97.6989160002263, 36.593403999681826], [-97.69950899970492, 36.59339999965771], [-97.69977900004166, 36.59339999965771], [-97.70792100009521, 36.5934059996938], [-97.70913100024019, 36.59340700006034], [-97.70973799996251, 36.593407999705725], [-97.71052299996006, 36.59339999965771], [-97.71063400028815, 36.59338000025529], [-97.71083500012959, 36.59340100002438], [-97.71129799991188, 36.59339700000011], [-97.71329600042746, 36.59338299991353], [-97.71396300042423, 36.59337899988834], [-97.71426299999989, 36.59337800024263], [-97.71690300039789, 36.593370999837305], [-97.7177279996801, 36.59337000019149], [-97.72477299956655, 36.593352999719464], [-97.72572599979361, 36.59335000006004], [-97.72866699959218, 36.59334299965217], [-97.72888099985242, 36.59334299965217], [-97.72922300015918, 36.59333500031867], [-97.72943999989417, 36.59332999992339], [-97.7295129996891, 36.59332900027706], [-97.73089400043662, 36.59331700019243], [-97.73145099993022, 36.5933130001638], [-97.73162099980954, 36.593311999796036], [-97.73194300002481, 36.59331100014941], [-97.73213200017072, 36.59330900013503], [-97.73230299987493, 36.59330799976716], [-97.73364100006643, 36.593299000062046], [-97.73441400036842, 36.59330700012053], [-97.73454599971458, 36.59330700012053], [-97.73521600008442, 36.593305999752644], [-97.73807300021738, 36.59330199972345], [-97.73902499972121, 36.59330900013503], [-97.74395599963944, 36.59327499988159], [-97.74686999967383, 36.593256000094065], [-97.7472759995547, 36.593254000078204], [-97.7474580000279, 36.59325499972552], [-97.74888400008295, 36.5932649998042], [-97.74922300001667, 36.59325899975715], [-97.74981200019563, 36.59325099969367], [-97.75055799983511, 36.59323999996568], [-97.75281200044375, 36.59324300035064], [-97.75883499960788, 36.59325299970962], [-97.76039499955725, 36.593256000094065], [-97.76092699983481, 36.59324899967768], [-97.76121800008792, 36.59324800003029], [-97.76181499976451, 36.59324600001421], [-97.76481599983755, 36.59323999996568], [-97.76522500009146, 36.59324100033443], [-97.76542799958274, 36.59324199998191], [-97.76726399971662, 36.593256000094065], [-97.76787700018504, 36.59326099977288], [-97.76912999998771, 36.593266999819775], [-97.7702129999111, 36.59327400023454], [-97.77289199976885, 36.593288999987756], [-97.77414600029478, 36.59329700004729], [-97.77417300005895, 36.59329700004729], [-97.77425599989962, 36.59329700004729], [-97.77428400038704, 36.59329700004729], [-97.77508299972997, 36.59330199972345], [-97.7760279995611, 36.59330700012053], [-97.7798220000276, 36.59332799990945], [-97.78126300015127, 36.593335999964935], [-97.78260100034278, 36.59334400001959], [-97.78300899987345, 36.59334299965217], [-97.7830619995769, 36.59334299965217], [-97.78322099958557, 36.59334299965217], [-97.78327400018733, 36.59334299965217], [-97.7837789998024, 36.59334100035982], [-97.78473299985436, 36.59333900034616], [-97.7849270000231, 36.59333900034616], [-97.78529699991896, 36.593342000006004], [-97.78580300025726, 36.59334800004661], [-97.78669299983677, 36.59335000006004], [-97.78936300037202, 36.593362000139535], [-97.79026200017238, 36.59336699981148], [-97.79068700031982, 36.59336800017858], [-97.791988999628, 36.59337400021717], [-97.7924239998212, 36.593376000229924], [-97.7942120002745, 36.59338299991353], [-97.7995780003859, 36.5934059996938], [-97.80089800013576, 36.59341199972943], [-97.8013669997658, 36.59341399974121], [-97.80160799979024, 36.59341399974121], [-97.8023309998635, 36.593415999752864], [-97.80257199988793, 36.59341700011934], [-97.80324899993045, 36.59341700011934], [-97.80527900023309, 36.59341999977615], [-97.80595299990256, 36.59342100014257], [-97.80639599959333, 36.59342100014257], [-97.80726900035275, 36.59342300015411], [-97.80771600024148, 36.59342399979923], [-97.80815700028246, 36.593425999810684], [-97.81039699974907, 36.59343199984475], [-97.8113709998925, 36.59343700023343], [-97.8125109997173, 36.593443000266646], [-97.81503399993943, 36.59344500027761], [-97.81653299978943, 36.593459000352944], [-97.81713200001414, 36.593462000008124], [-97.81903300044534, 36.593474999714665], [-97.81937599967871, 36.5934740000702], [-97.81993600044368, 36.59347000004972], [-97.82026699998147, 36.593468999683935], [-97.82140400033153, 36.59345700034233], [-97.82161900041669, 36.59345500033167], [-97.82218000010826, 36.59345199995497], [-97.82222600013901, 36.59345199995497], [-97.82236400023127, 36.59345399996571], [-97.82241100008692, 36.59345500033167], [-97.82316400029744, 36.59346699967359], [-97.82539500044152, 36.59346600002903], [-97.8304429996373, 36.59346499966319], [-97.83262299972776, 36.59346499966319], [-97.83435000008171, 36.593464000018606], [-97.83602399983388, 36.593464000018606], [-97.8373350002612, 36.59346299965274], [-97.83781200028719, 36.59346299965274], [-97.8380530003116, 36.593464000018606], [-97.83924599983985, 36.593459000352944], [-97.83972399969075, 36.59345799998702], [-97.84019499986893, 36.59345799998702], [-97.84107199992799, 36.59345799998702], [-97.84511800028957, 36.59346099964224], [-97.84646700035172, 36.593462000008124], [-97.84816500039334, 36.59346299965274], [-97.8482399998381, 36.59346299965274], [-97.85257800027772, 36.59346499966319], [-97.85355900009385, 36.59345500033167], [-97.85406799990689, 36.59345100031021], [-97.85533199958023, 36.59345399996571], [-97.85580600013148, 36.59345399996571], [-97.8561819998751, 36.59345500033167], [-97.85656900038771, 36.59345500033167], [-97.85722799998858, 36.59344999994418], [-97.8577019996415, 36.593447000288535], [-97.86035000043542, 36.5934490002994], [-97.8669249999686, 36.59345399996571], [-97.86829499994715, 36.59346699967359], [-97.86859500042112, 36.59347000004972], [-97.86951099993993, 36.593468999683935], [-97.8707279997576, 36.59348000010055], [-97.87094399966767, 36.59347800009048], [-97.87120499978359, 36.593474999714665], [-97.8717830000919, 36.5934740000702], [-97.87324500013197, 36.59347200005999], [-97.8733029998583, 36.59347000004972], [-97.87355899995133, 36.593462000008124], [-97.874302999941, 36.5934680000394], [-97.87438999997964, 36.593468999683935], [-97.87499800042518, 36.5934680000394], [-97.87514300019014, 36.59346099964224], [-97.87518400019803, 36.593459000352944], [-97.87530800004657, 36.59345300032097], [-97.87534999987938, 36.59345199995497], [-97.87553700037543, 36.593443000266646], [-97.8776119999856, 36.5934490002994], [-97.87790800026161, 36.59344999994418], [-97.8789490003522, 36.59345300032097], [-97.88439800030429, 36.59347000004972], [-97.885975999797, 36.593474999714665], [-97.88666100023543, 36.59348299975491], [-97.88739900037733, 36.59349200015983], [-97.88961399972958, 36.593518999925706], [-97.89035299969639, 36.593528000326415], [-97.89100600034774, 36.59353099997892], [-97.89296499960699, 36.593543000030266], [-97.89361800025834, 36.59354799969049], [-97.89408299969045, 36.593543000030266], [-97.89656499990471, 36.593551000063464], [-97.89780000016405, 36.59355599972316], [-97.89933300034923, 36.593545000038645], [-97.90540800029022, 36.593551999706925], [-97.90796800032228, 36.59355599972316], [-97.90835599976148, 36.593549000055255], [-97.90879400032772, 36.593541000021844], [-97.90902699995623, 36.593541000021844], [-97.90921399955397, 36.59354199966544], [-97.91103999964211, 36.59354700004697], [-97.91160399970673, 36.593549000055255], [-97.91171199966175, 36.59354799969049], [-97.91194000016571, 36.593549000055255], [-97.91262600042904, 36.593551999706925], [-97.91286300025551, 36.59355399971508], [-97.9137009999565, 36.59355700008782], [-97.91550699995317, 36.59356500011957], [-97.91614200016288, 36.59356799977063], [-97.91796200040322, 36.59355999973919], [-97.91836699956087, 36.59355700008782], [-97.9206620001774, 36.59356500011957], [-97.92346300023388, 36.59357300015048], [-97.92589000019656, 36.59358100018051], [-97.92600399999935, 36.59357700016563], [-97.92611500032746, 36.593575000158076], [-97.9264509998881, 36.593589000209775], [-97.92648299967516, 36.59358799984558], [-97.92758800023815, 36.59357999981622], [-97.9279570003091, 36.59357799980875], [-97.92830299991552, 36.593575000158076], [-97.92833499970256, 36.593575000158076], [-97.92850999960476, 36.593573999793655], [-97.92872600041314, 36.59357199978603], [-97.92934099963306, 36.593573999793655], [-97.92959500007628, 36.593575000158076], [-97.9296879999627, 36.593575000158076], [-97.93145999962415, 36.59358100018051], [-97.93247999979835, 36.59358599983832], [-97.93590799966864, 36.5935970002382], [-97.936778000055, 36.59359399986701], [-97.93751000034909, 36.5935919998599], [-97.93854899989154, 36.5935919998599], [-97.93936999987412, 36.5935919998599], [-97.93962299959409, 36.59359300022408], [-97.94125799988653, 36.59359999988802], [-97.94283899975228, 36.5935919998599], [-97.94290700042266, 36.5935919998599], [-97.94391099980503, 36.59360100025209], [-97.94397399955419, 36.59359999988802], [-97.94416400042333, 36.59359799988107], [-97.94422799999741, 36.59359799988107], [-97.9448049995825, 36.59359300022408], [-97.94519499956984, 36.59358999985274], [-97.9465369999593, 36.5935919998599], [-97.94657999961701, 36.59359300022408], [-97.94707900028263, 36.593575000158076], [-97.94711400044272, 36.59357599980123], [-97.94715200007755, 36.59357700016563], [-97.94726699970528, 36.593581999823634], [-97.94730600006332, 36.59358399983101], [-97.95019800035642, 36.59357700016563], [-97.95887699981208, 36.5935579997312], [-97.96176999993008, 36.593551999706925], [-97.96230899988034, 36.59357799980875], [-97.96252099959244, 36.59357700016563], [-97.96340900042046, 36.593575000158076], [-97.96430200037307, 36.59356399975502], [-97.96477699985088, 36.59356500011957], [-97.96552900023649, 36.59356799977063], [-97.9675799995572, 36.59357199978603], [-97.96855899972353, 36.593573999793655], [-97.96915899977314, 36.59356799977063], [-97.97098200038654, 36.59357599980123], [-97.97230100031146, 36.59355999973919], [-97.97373499986413, 36.59356799977063], [-97.97437699974655, 36.59357300015048], [-97.97531099970702, 36.593569000135126], [-97.97578699990808, 36.59356700012737], [-97.97691599986223, 36.59356199974712], [-97.97710800038115, 36.59356199974712], [-97.97917799996844, 36.59357100014282], [-97.98107299965355, 36.59356999977835], [-97.98184000010777, 36.59356999977835], [-97.98209899967553, 36.59356999977835], [-97.98239499995154, 36.593569000135126], [-97.98250200008165, 36.59356999977835], [-97.98282500012185, 36.59357300015048], [-97.98293300007688, 36.593575000158076], [-97.98302900033636, 36.59357599980123], [-97.98331899986627, 36.59357900017312], [-97.98337599976767, 36.59357999981622], [-97.98341599995064, 36.59357999981622], [-97.98426799989534, 36.593581999823634], [-97.98445299984327, 36.59357999981622], [-97.98569800014836, 36.59357300015048], [-97.98732000002201, 36.59357900017312], [-97.98756400041945, 36.593581999823634], [-97.98806499983658, 36.59359100021695], [-97.9883069996859, 36.59358399983101], [-97.98860100031209, 36.59358100018051], [-97.98977299992394, 36.593575000158076], [-97.99024599975196, 36.59356799977063], [-97.99148900040721, 36.593551999706925], [-97.99173200008147, 36.59355700008782], [-97.99180800024945, 36.59357900017312], [-97.99187400037168, 36.59359399986701], [-97.9919809996035, 36.59361799994824], [-97.9922540003133, 36.59364200002202], [-97.99264299957741, 36.593664000083095], [-97.99319599977136, 36.59365800006706], [-97.99364000018537, 36.593646000033594], [-97.99444299972627, 36.59360900027928], [-97.99517300037056, 36.59360399990176], [-97.99547600031924, 36.59360199989491], [-97.9961419995928, 36.59360199989491], [-97.99662399964164, 36.59359300022408], [-97.99681899963531, 36.593605000265796], [-97.99712499995707, 36.5935970002382], [-97.99749599967784, 36.59360599990856], [-97.99759000028747, 36.593605000265796], [-97.99891800043325, 36.59359100021695], [-97.99990400027224, 36.59359100021695], [-98.00000399983135, 36.5935919998599], [-98.00067599985101, 36.59358700020253], [-98.00075600021695, 36.59358599983832], [-98.00086199962384, 36.593585000195255], [-98.0009989998912, 36.59358399983101], [-98.00108000008204, 36.59358399983101], [-98.003019999973, 36.59357199978603], [-98.00334600038623, 36.59356999977835], [-98.00501599994044, 36.59357900017312], [-98.00829700039597, 36.59356799977063], [-98.0088430000189, 36.59356599976285], [-98.01026800024906, 36.59356199974712], [-98.01078399973477, 36.59355999973919], [-98.01164800027335, 36.59356199974712], [-98.01413499961217, 36.59356999977835], [-98.01424099991739, 36.59356999977835], [-98.01510600028088, 36.59357300015048], [-98.01532800003872, 36.59357100014282], [-98.01599699968533, 36.593569000135126], [-98.01622000016638, 36.593569000135126], [-98.01677699966, 36.59356599976285], [-98.01844999958725, 36.5935610001038], [-98.01867399989325, 36.5935610001038], [-98.01900799980409, 36.59355999973919], [-98.01912699962979, 36.59355900009582], [-98.01948499983007, 36.5935579997312], [-98.01956099999805, 36.5935579997312], [-98.01960500037897, 36.5935579997312], [-98.02126999991032, 36.593551000063464], [-98.02626600012589, 36.593534000352555], [-98.02793200038046, 36.59352899997018], [-98.02794400007602, 36.59352899997018], [-98.02802400044196, 36.593528000326415], [-98.02830200027631, 36.593528000326415], [-98.02839400033781, 36.593528000326415], [-98.02930200035901, 36.59352400030873], [-98.02955300042919, 36.59352400030873], [-98.0304060001988, 36.593520999934704], [-98.03202300004956, 36.593526999961384], [-98.03229900023409, 36.59352899997018], [-98.03293000024584, 36.59352200029981], [-98.03379800008406, 36.593512999898394], [-98.03446500008084, 36.59350699987063], [-98.03640400014689, 36.59349899983292], [-98.03727299981003, 36.59350200020775], [-98.03742299959785, 36.59350200020775], [-98.0384539996427, 36.593506000226576], [-98.03862100004727, 36.593504000217195], [-98.04056199976314, 36.593488000140276], [-98.04266599968562, 36.593512999898394], [-98.0432349997731, 36.59352000029084], [-98.04401499974779, 36.593512999898394], [-98.04536399980996, 36.593500000198254], [-98.04537700022874, 36.593500000198254], [-98.04946399969988, 36.593506000226576], [-98.05082700000575, 36.59350899987993], [-98.05173699967678, 36.59350499986126], [-98.05446800031136, 36.593496000179115], [-98.0553789998073, 36.59349400016948], [-98.05651699998228, 36.59349200015983], [-98.05658099955637, 36.59349200015983], [-98.05835399994106, 36.59349800018871], [-98.05879699963185, 36.593500000198254], [-98.0601869997019, 36.59349800018871], [-98.06053999987931, 36.59349800018871], [-98.0613890003493, 36.59350099984244], [-98.06249900003685, 36.59350499986126], [-98.06287999980334, 36.59350099984244], [-98.06293099985699, 36.59350099984244], [-98.06501200021324, 36.59349800018871], [-98.06735499961202, 36.59350200020775], [-98.0688469997893, 36.593506000226576], [-98.06956800021274, 36.593506000226576], [-98.07167299996014, 36.593506000226576], [-98.07173400005952, 36.593506000226576], [-98.07240000023138, 36.59350899987993], [-98.07245600030788, 36.59350699987063], [-98.07251200038436, 36.59350899987993], [-98.07261100011857, 36.59350899987993], [-98.07307600044898, 36.59351099988918], [-98.0732320000846, 36.593512000254435], [-98.07334500006249, 36.593512999898394], [-98.07416000019728, 36.5935140002636], [-98.07562100041244, 36.59351699991665], [-98.07694399963701, 36.59352200029981], [-98.07787299957461, 36.593526999961384], [-98.07791799978044, 36.593526999961384], [-98.07805300039797, 36.593526999961384], [-98.07809900042874, 36.593528000326415], [-98.07815700015506, 36.593528000326415], [-98.07825099986638, 36.593526999961384], [-98.07870899962577, 36.5935260003176], [-98.07886199978667, 36.5935260003176], [-98.07893700012973, 36.5935260003176], [-98.07902199962022, 36.5935260003176], [-98.07916300008553, 36.5935260003176], [-98.07923900025352, 36.5935260003176], [-98.0807449997762, 36.5935260003176], [-98.08168299993463, 36.5935260003176], [-98.08248600037385, 36.5935260003176], [-98.08526399996579, 36.59352299994366], [-98.08620600032218, 36.59352200029981], [-98.08677100021171, 36.59352499995255], [-98.08894499955608, 36.5935329999876], [-98.09132499966307, 36.59353000033518], [-98.1040760003179, 36.59357700016563], [-98.1042860003802, 36.59357799980875], [-98.10427399978632, 36.59248099980133], [-98.10429800007574, 36.5849929997146], [-98.10426000044092, 36.58143300020989], [-98.10429899990066, 36.57892099970862], [-98.10431200031947, 36.57803399994122], [-98.1043149997942, 36.57587299997494], [-98.10433800025872, 36.57495999994857], [-98.1043309996877, 36.57392799995939], [-98.10434499993143, 36.57271799965428], [-98.10434699958125, 36.57262299989787], [-98.10436199964987, 36.57204999986091], [-98.10438199974135, 36.57175599988762], [-98.10438900031237, 36.57165300025302], [-98.10431099959624, 36.570934000280474], [-98.10431399996929, 36.564408999798935], [-98.10429100040308, 36.564352000031946], [-98.10429499970272, 36.564146000358704], [-98.10429100040308, 36.56398199981287], [-98.10428499965695, 36.56374599971857], [-98.10428100035732, 36.56278600012177], [-98.10428800003001, 36.56194500001578], [-98.10428999967984, 36.56165199987634], [-98.10427799998428, 36.56153599972346], [-98.1043149997942, 36.56094800015063], [-98.10431599961912, 36.55731699966522], [-98.10431999981706, 36.55006499979046], [-98.10432400001503, 36.53958500014766], [-98.10428700020509, 36.53905599995706], [-98.10429200022797, 36.53804200033183], [-98.1042939998778, 36.53764699992966], [-98.10429300005289, 36.53763000018135], [-98.10429200022797, 36.53643199967516], [-98.10429600042593, 36.53555399989224], [-98.10430700029659, 36.5335240000399], [-98.10430499974846, 36.53315100035643], [-98.10429499970272, 36.53092699970896], [-98.1042939998778, 36.52782899970042], [-98.10430100044881, 36.52104599988969], [-98.10430300009862, 36.51881400006044], [-98.10430399992354, 36.51750600011106], [-98.10430399992354, 36.517064000077845], [-98.10430499974846, 36.516135000226356], [-98.10431300014437, 36.5146169997202], [-98.10431700034233, 36.513795000268296], [-98.10431999981706, 36.51320000025962], [-98.10430599957336, 36.51162100035657], [-98.10430499974846, 36.51141700019262], [-98.10429600042593, 36.51035200006668], [-98.10429700025085, 36.50890099993082], [-98.10429700025085, 36.50857500022322], [-98.10429700025085, 36.50656500022478], [-98.10429600042593, 36.50529500001823], [-98.1043430002816, 36.50001000023651], [-98.10434800030447, 36.49776300008096], [-98.10433300023587, 36.49574400005383], [-98.10435300032735, 36.49367699998077], [-98.10437699971847, 36.493674000062164], [-98.10437599989356, 36.49356899994882], [-98.10435599980208, 36.49212500032608], [-98.1043359997106, 36.49135900029961], [-98.10433300023587, 36.491255000181454], [-98.1043149997942, 36.48939999969192], [-98.10431399996929, 36.489391000160964], [-98.10431300014437, 36.489068000012644], [-98.1043290000379, 36.48819899976047], [-98.10436099982495, 36.486519999642695], [-98.10436099982495, 36.484829999976], [-98.10437699971847, 36.482370999886705], [-98.1043850001144, 36.4799439999989], [-98.10437400024374, 36.4776150000811], [-98.10436099982495, 36.47716200019589], [-98.10435499997716, 36.47695100014107], [-98.10440100000791, 36.47516199982633], [-98.10439599998504, 36.473967999887265], [-98.10438900031237, 36.47169299967144], [-98.1043850001144, 36.4714369997715], [-98.10437599989356, 36.470404000093794], [-98.10437500006864, 36.47031000011601], [-98.10437099987068, 36.469908999783435], [-98.10439699980995, 36.46819899974029], [-98.10439799963486, 36.465865000165515], [-98.10441400042671, 36.463930000019616]]]}}, {"type": "Feature", "properties": {"tract_id": "40047000702", "name": "Tract Census Tract 7.02", "pct_white_2020": 59.3, "pct_black_2020": 1.0, "pct_hispanic_2020": 28.4, "pct_asian_2020": 0.0, "population_2020": 3995, "is_sample_data": false, "pct_white_1970": 79.9, "pct_black_1970": 1, "pct_hispanic_1970": 18.8, "pct_asian_1970": 0, "pct_white_1990": 68.5, "pct_black_1990": 1, "pct_hispanic_1990": 21.9, "pct_asian_1990": 0}, "geometry": {"type": "Polygon", "coordinates": [[[-97.87715900024907, 36.39086200033996], [-97.87693800031614, 36.39086200033996], [-97.87669399991866, 36.39086100024644], [-97.87648499968128, 36.3908540003146], [-97.87544899961357, 36.390856999872256], [-97.87506199999929, 36.3908540003146], [-97.87483600004346, 36.390851000033734], [-97.87415900000096, 36.390845000194744], [-97.87393399987006, 36.39084400010099], [-97.87383000011299, 36.39084300000723], [-97.87351899976835, 36.39083999972594], [-97.8734159998362, 36.390839000355285], [-97.87324900032993, 36.39083700016762], [-97.87274899983943, 36.39083299979222], [-97.87258300015807, 36.39083199969832], [-97.87230199995068, 36.390830000233684], [-97.87215399981268, 36.390829000139746], [-97.87146199970154, 36.390815000269676], [-97.87118300004228, 36.39080999979902], [-97.87090600003285, 36.39080399995686], [-97.87007500000455, 36.39078599970447], [-97.86979799999513, 36.39078099995503], [-97.8695920001308, 36.39077400001598], [-97.86897500036274, 36.3907549996618], [-97.86877000032332, 36.39074899981541], [-97.86872099991952, 36.39074700034858], [-97.86857600015456, 36.39074299996854], [-97.86852799957568, 36.39074199987348], [-97.86836400044245, 36.390737000121206], [-97.86834799965062, 36.39073600002608], [-97.86781100024851, 36.390721000043996], [-97.86763200014835, 36.390716999662615], [-97.8669030002273, 36.39070100030443], [-97.86526700010995, 36.39066900013189], [-97.86507499959103, 36.39066499974783], [-97.86428999959347, 36.390650999848226], [-97.86368200004624, 36.3906449999938], [-97.86336700040198, 36.390641000331655], [-97.86285799969063, 36.39063699994616], [-97.86242500004559, 36.39063200018714], [-97.86211100022622, 36.39062999999416], [-97.86179800023179, 36.39062699970465], [-97.86150699997863, 36.39062600033125], [-97.86085900024844, 36.390619999751735], [-97.86054700007891, 36.3906180002816], [-97.8602719997193, 36.39061700018499], [-97.85945099973674, 36.39061499999163], [-97.85917700010036, 36.39061499999163], [-97.85913899956721, 36.39061499999163], [-97.85902499976439, 36.39061499999163], [-97.85898700012955, 36.39061499999163], [-97.85867199958697, 36.39061399989492], [-97.85854500026369, 36.39061399989492], [-97.85772900030399, 36.390610000231185], [-97.85758500036395, 36.390610000231185], [-97.85741499958633, 36.39060900013441], [-97.8571049999649, 36.3906069999409], [-97.85617500020241, 36.390603999650445], [-97.85586600040594, 36.390603000276755], [-97.85564399974977, 36.3906069999409], [-97.85544399973323, 36.39061100032794], [-97.85517400029481, 36.39060599984409], [-97.8549779995779, 36.39060599984409], [-97.85475599982006, 36.39060800003764], [-97.85475499999514, 36.39088300013136], [-97.85475400017023, 36.39122999989216], [-97.8547519996221, 36.39170800036066], [-97.85475099979718, 36.391984000257835], [-97.85475099979718, 36.39221199987396], [-97.85475300034531, 36.3925539998521], [-97.85475400017023, 36.39289599977179], [-97.85475499999514, 36.393124999669865], [-97.85475499999514, 36.39335599973927], [-97.85475699964496, 36.393699999860026], [-97.85475699964496, 36.39404900016736], [-97.85475699964496, 36.394280999709764], [-97.85475499999514, 36.3945130000059], [-97.85474999997227, 36.39521299978219], [-97.85474900014735, 36.39544600022343], [-97.85474599977431, 36.39568100002932], [-97.8547440001245, 36.39602499998388], [-97.85474099975143, 36.39638800029031], [-97.85473999992654, 36.396624000159775], [-97.85473499990366, 36.397313000332815], [-97.85473300025384, 36.39793900005325], [-97.85473200042892, 36.39885399980702], [-97.85472599968283, 36.39951600021967], [-97.854724000033, 36.39974900005322], [-97.85472099965996, 36.39980300035562], [-97.85471999983504, 36.39997200014894], [-97.85471300016233, 36.40048500003445], [-97.85471300016233, 36.40065799966077], [-97.85471300016233, 36.40071799985497], [-97.85471099961421, 36.400888999756646], [-97.85470800013948, 36.40139800026448], [-97.85470599959133, 36.401569000115934], [-97.85470599959133, 36.40162599974179], [-97.85470700031456, 36.4017959998617], [-97.85470599959133, 36.402305000212905], [-97.85470599959133, 36.40247299968226], [-97.85470599959133, 36.40254200013378], [-97.85470599959133, 36.402709999813716], [-97.85470599959133, 36.40321099976264], [-97.85470599959133, 36.40337800023283], [-97.85470599959133, 36.403437999772954], [-97.85470599959133, 36.40360800026688], [-97.85470499976641, 36.404115999671205], [-97.85470499976641, 36.40428600012784], [-97.8547030001166, 36.40446799995778], [-97.85469899991864, 36.40501299987033], [-97.85469800009375, 36.40519600007549], [-97.85492499987444, 36.40519400025734], [-97.85560699993984, 36.40519199971613], [-97.85583500044379, 36.40519199971613], [-97.85605999967638, 36.40519199971613], [-97.85614699971501, 36.40519199971613], [-97.85673500006907, 36.405190999807], [-97.85696100002487, 36.405190999807], [-97.85806700041279, 36.405190999807], [-97.85917600027544, 36.40519199971613], [-97.85922200030619, 36.40519199971613], [-97.86031199990228, 36.40519400025734], [-97.86142599978778, 36.40519600007549], [-97.8616509999187, 36.40519600007549], [-97.86232700013629, 36.40519699998457], [-97.8625530000921, 36.40519799989364], [-97.86254300004637, 36.40437199977484], [-97.86254700024433, 36.40337199991479], [-97.86256099958972, 36.40160599991586], [-97.86245799965755, 36.401606999871134], [-97.86245199980976, 36.4015180001869], [-97.86245900038078, 36.40036799987666], [-97.86367200000049, 36.40036000010663], [-97.86367200000049, 36.40025500015643], [-97.8636739996503, 36.399940000177764], [-97.86367500037355, 36.39983600036127], [-97.86367500037355, 36.399687999854], [-97.86367899967318, 36.39924400025641], [-97.86368100022133, 36.399097000055455], [-97.86368399969606, 36.39883799995447], [-97.8636870000691, 36.39845900031414], [-97.86368799989403, 36.39835399996474], [-97.86368000039643, 36.39791900000158], [-97.86367799984829, 36.39783399972439], [-97.86400799956117, 36.39781000035237], [-97.86459300044048, 36.397795000289214], [-97.86526100026218, 36.39780100031481], [-97.86529300004923, 36.39780100031481], [-97.86569100043248, 36.39780500033163], [-97.8668839999607, 36.39780500033163], [-97.86826399998502, 36.39780600033581], [-97.86832000006152, 36.39780600033581], [-97.86848800029101, 36.39780600033581], [-97.8685440003675, 36.39780600033581], [-97.86886099966159, 36.39780600033581], [-97.86981300006371, 36.39780600033581], [-97.87013100008105, 36.39780700033998], [-97.87037600030342, 36.39780700033998], [-97.87111400044532, 36.39780700033998], [-97.87135999959429, 36.39780800034414], [-97.8714430003333, 36.39780800034414], [-97.87169199985532, 36.39780800034414], [-97.87177600041922, 36.397809000348246], [-97.8719370000777, 36.397809000348246], [-97.87239900003506, 36.3978110003565], [-97.8724230003245, 36.3978110003565], [-97.8725849998079, 36.3978110003565], [-97.87275200021249, 36.3978110003565], [-97.87325299962959, 36.39781299964161], [-97.87342099985906, 36.3978139996457], [-97.87358800026365, 36.3978120003606], [-97.87398900012164, 36.39780800034414], [-97.87409000040398, 36.39780400032748], [-97.87425799973516, 36.39780000031055], [-97.87435399999463, 36.39780200031905], [-97.87464299969962, 36.39780800034414], [-97.87473999978401, 36.3978110003565], [-97.8747809997919, 36.39770199983279], [-97.87482099997487, 36.39757399974567], [-97.875000000075, 36.3970150002446], [-97.87505199995353, 36.39686000003575], [-97.87513300014439, 36.39662300014039], [-97.87520900031238, 36.396398999812995], [-97.87521299961203, 36.396386000245435], [-97.87547299990302, 36.39568300009228], [-97.87555999994164, 36.395449000327], [-97.87563299973658, 36.39521799996964], [-97.87580099996607, 36.394696000352475], [-97.87586200006545, 36.3945279999794], [-97.87594499990612, 36.39430099997451], [-97.87603100011985, 36.39406200012577], [-97.87628999968761, 36.393346999909085], [-97.87637699972626, 36.39310900008415], [-97.8765270004124, 36.39269599978575], [-97.8767669997136, 36.391984000257835], [-97.87689499976011, 36.39160699990444], [-97.87715900024907, 36.39086200033996]]]}}, {"type": "Feature", "properties": {"tract_id": "40047000602", "name": "Tract Census Tract 6.02", "pct_white_2020": 57.6, "pct_black_2020": 2.7, "pct_hispanic_2020": 11.5, "pct_asian_2020": 0.0, "population_2020": 4452, "is_sample_data": false, "pct_white_1970": 76.4, "pct_black_1970": 4.7, "pct_hispanic_1970": 8.9, "pct_asian_1970": 2.1, "pct_white_1990": 66.4, "pct_black_1990": 1, "pct_hispanic_1990": 4.0, "pct_asian_1990": 0.5}, "geometry": {"type": "Polygon", "coordinates": [[[-97.89010699964908, 36.383293000185134], [-97.89010599982416, 36.38310299984788], [-97.89010400017435, 36.382535000067975], [-97.89010400017435, 36.382346000251346], [-97.89010300034943, 36.38215500028759], [-97.89009999997639, 36.38158299996417], [-97.89009999997639, 36.381392999788204], [-97.89009800032656, 36.38123800025242], [-97.89009499995352, 36.38077500023801], [-97.8900940001286, 36.380620999695694], [-97.8900930003037, 36.38058299980616], [-97.8900930003037, 36.380471999984394], [-97.8900930003037, 36.380435000249705], [-97.89008999993064, 36.38014599974182], [-97.89008400008287, 36.379278999730154], [-97.89008200043304, 36.37898999998926], [-97.89007599968694, 36.37820200014973], [-97.89007200038729, 36.37758800016693], [-97.89006300016646, 36.37643000016822], [-97.89006099961833, 36.37638499988961], [-97.88997500030291, 36.37638100021721], [-97.88984499970826, 36.37637499998487], [-97.88982899981472, 36.37637499998487], [-97.88956900042204, 36.37633299979239], [-97.88930900013105, 36.37630600017327], [-97.88919799980297, 36.37628500006123], [-97.88917000021387, 36.37628000010262], [-97.88904600036533, 36.37622999977534], [-97.88899899961133, 36.376201000279636], [-97.88894500008298, 36.376229000216895], [-97.88885700021943, 36.37631600008688], [-97.8887140001043, 36.376399000188016], [-97.88846899988192, 36.37661299968301], [-97.88841500035355, 36.37677800033476], [-97.88836000010197, 36.37684400035279], [-97.88824499957593, 36.3768990002045], [-97.88813599979598, 36.37687099978515], [-97.88800699992456, 36.376788999738956], [-97.88783700004524, 36.37669399963902], [-97.88781000028106, 36.376678999841054], [-97.88770099960281, 36.37666799969803], [-97.88749700028661, 36.376628999770254], [-97.88736800041518, 36.37652999981018], [-97.88717099987338, 36.37625500030464], [-97.88691300013052, 36.37618399982199], [-97.88689300003904, 36.376173000332244], [-97.88677000001537, 36.376150999901576], [-97.88639000007377, 36.3761010002147], [-97.88611800008722, 36.376106000184826], [-97.8858059999177, 36.376122999936236], [-97.88549999959594, 36.37618899978682], [-97.88513300007314, 36.376314999806254], [-97.88490799994224, 36.37633099995485], [-97.88473899988783, 36.3763639997989], [-97.8844259998934, 36.376391000121124], [-97.88410000037847, 36.37646299997027], [-97.88393700017185, 36.37656200001563], [-97.88378700038402, 36.37663300015324], [-97.8836309998501, 36.37663300015324], [-97.88355800005515, 36.37661899989694], [-97.88327699984777, 36.376566999956175], [-97.88291699999766, 36.376594000207916], [-97.88270000026267, 36.37666500031632], [-97.88254299990385, 36.37669300008654], [-97.88246900028399, 36.37673099970695], [-97.88207199972564, 36.376802999964646], [-97.88214000039602, 36.376610000299124], [-97.8823010000545, 36.376152000184305], [-97.87587799995897, 36.376144999651544], [-97.87279400004527, 36.37614099996681], [-97.87279400004527, 36.376027000185104], [-97.87274100034182, 36.37602799974615], [-97.87271700005238, 36.37602900003047], [-97.87264599990726, 36.376032000160045], [-97.87262300034104, 36.37603400000521], [-97.87262400016596, 36.376139999683936], [-97.87243099982211, 36.376139999683936], [-97.87223699965335, 36.37614099996681], [-97.87197499971253, 36.376139999683936], [-97.87067000003131, 36.37613799984144], [-97.86570499977786, 36.37613200031368], [-97.865375000065, 36.376131000030696], [-97.86371999968107, 36.376129000187966], [-97.86328000036333, 36.376142999809225], [-97.86248600014495, 36.37615599986853], [-97.86197200030907, 36.376158999993145], [-97.86039399991805, 36.376172000049834], [-97.85907900019106, 36.376190000069016], [-97.8587589996256, 36.37619100035124], [-97.85704499969047, 36.37619300019237], [-97.85691199962106, 36.37619300019237], [-97.85673099987112, 36.37619699987449], [-97.85607800011805, 36.376213000047315], [-97.85521399957945, 36.376206999802065], [-97.854984000324, 36.37620800008408], [-97.85494499996595, 36.37620800008408], [-97.85482799979009, 36.37620800008408], [-97.85479000015523, 36.37620800008408], [-97.85477400026171, 36.37500099969452], [-97.8547800001095, 36.37413400019266], [-97.85477199971356, 36.373309999704276], [-97.85476800041393, 36.37279800019361], [-97.85474699959923, 36.37184100000476], [-97.85471900001014, 36.36461499994054], [-97.85471700036031, 36.36402000015507], [-97.8547440001245, 36.3630430001572], [-97.85470999978929, 36.36214299969764], [-97.85470099956846, 36.36190299964987], [-97.8547020002917, 36.361718999787165], [-97.85465500043603, 36.36171800004227], [-97.8545340000622, 36.36171800004227], [-97.85451399997072, 36.36171800004227], [-97.85446700011505, 36.36171800004227], [-97.85411200028781, 36.36171700029736], [-97.8534989998194, 36.361715000084104], [-97.85271800001979, 36.36171700029736], [-97.85134600039142, 36.361721000000266], [-97.85032700004216, 36.36170900016742], [-97.84889599996421, 36.361721999745114], [-97.84747400010713, 36.361735000044064], [-97.84625499974132, 36.361746999872956], [-97.84572599983679, 36.36174199970334], [-97.84542000041336, 36.361738999746095], [-97.84394900015246, 36.361743999915916], [-97.84350300008862, 36.36174600012843], [-97.84247200004377, 36.36174000021414], [-97.84132700019613, 36.36173299983132], [-97.83910000024997, 36.361735000044064], [-97.83861900002604, 36.361732000086604], [-97.83840899996376, 36.361731000341884], [-97.83698200008381, 36.361721999745114], [-97.83684300016662, 36.3617239999582], [-97.83684399999152, 36.36207799996879], [-97.83686499990793, 36.36290799988373], [-97.83684800018948, 36.36352100027155], [-97.83684599964135, 36.36404099996111], [-97.83684099961849, 36.36455799994417], [-97.83683899996866, 36.364629000187094], [-97.83683899996866, 36.364679000013645], [-97.83686400008303, 36.365328999898765], [-97.8368709997557, 36.366315000196366], [-97.83688199962637, 36.36790700024766], [-97.83687400012876, 36.368598000325456], [-97.83687800032672, 36.3716070000901], [-97.83686699955774, 36.372316000047114], [-97.8368699999308, 36.37256299993556], [-97.83687400012876, 36.37297499980236], [-97.83686900010588, 36.37334500002104], [-97.8368630002581, 36.37390100025412], [-97.8368620004332, 36.375206999953946], [-97.8368620004332, 36.37625099990228], [-97.83629699964537, 36.37624200026188], [-97.83327100035629, 36.376249000062636], [-97.83246799991707, 36.37625099990228], [-97.83124299970346, 36.37624599994143], [-97.82712100007222, 36.376229000216895], [-97.82249899995047, 36.37622199969106], [-97.81890899969846, 36.376216999728406], [-97.81891200007153, 36.37714700027576], [-97.81890799987357, 36.37824200026782], [-97.81890799987357, 36.37854600005928], [-97.81890799987357, 36.378713000002904], [-97.81891500044458, 36.38038700015714], [-97.81890399967561, 36.38160299987958], [-97.81890500039881, 36.38431599995986], [-97.81890700004865, 36.386342000216985], [-97.81890700004865, 36.38721300014811], [-97.81890799987357, 36.38982800018557], [-97.81890899969846, 36.39070000020884], [-97.81986899959821, 36.39070299977244], [-97.82199900035828, 36.39070999971782], [-97.82257500011846, 36.390713000004176], [-97.82274900019573, 36.39071400009956], [-97.82294599983922, 36.390715000194966], [-97.82370900009548, 36.390719999948665], [-97.82516600011266, 36.39072799998781], [-97.82562899989495, 36.39072799998781], [-97.82631099996033, 36.39072799998781], [-97.82634600012042, 36.39072799998781], [-97.82687300037512, 36.39073100027342], [-97.8269439996219, 36.39073100027342], [-97.82701899996498, 36.39073199964547], [-97.82785599984106, 36.39073600002608], [-97.82991100025806, 36.39074700034858], [-97.83123299965773, 36.390754000290045], [-97.83307200016465, 36.39075900004123], [-97.83416000011091, 36.390762000325644], [-97.83425999967002, 36.390762000325644], [-97.83496699984977, 36.39076700007637], [-97.83516900041445, 36.39076800017104], [-97.83685400003729, 36.39079399973682], [-97.83689800041822, 36.390792000271155], [-97.83702899993946, 36.39078500033311], [-97.8373489996066, 36.39077099973203], [-97.83742399994966, 36.39077400001598], [-97.83755600019416, 36.390779999860456], [-97.8377229997004, 36.39075900004123], [-97.8383279997729, 36.390756999851575], [-97.83851000024609, 36.390756999851575], [-97.8390590002421, 36.390762000325644], [-97.839276999802, 36.39075200010021], [-97.83953500044316, 36.39072900008304], [-97.84005400030193, 36.39064299980121], [-97.84048299974903, 36.39059699969552], [-97.8406369997348, 36.39059400012783], [-97.84086799971347, 36.39059199993387], [-97.84103400029315, 36.39059999998619], [-97.84140900021188, 36.39063200018714], [-97.84144400037198, 36.390633000283614], [-97.84160500003046, 36.39063699994616], [-97.84192200022287, 36.39066800003588], [-97.84207899968338, 36.39066200018276], [-97.8426079995879, 36.39066100008666], [-97.8426639996644, 36.39066100008666], [-97.8443679995538, 36.39066100008666], [-97.84643600038959, 36.39064999975204], [-97.84769400021516, 36.39064399989754], [-97.84795500033107, 36.39064399989754], [-97.84873799978047, 36.39064399989754], [-97.84899999972129, 36.39064399989754], [-97.8497040004263, 36.39063800004258], [-97.84982900009977, 36.39063800004258], [-97.84984099979535, 36.39063699994616], [-97.84995700014628, 36.39063699994616], [-97.85236700039053, 36.390619999751735], [-97.8532100001144, 36.39061499999163], [-97.85351899991089, 36.39061299979826], [-97.85444600019866, 36.39060900013441], [-97.85475599982006, 36.39060800003764], [-97.8549779995779, 36.39060599984409], [-97.85517400029481, 36.39060599984409], [-97.85544399973323, 36.39061100032794], [-97.85564399974977, 36.3906069999409], [-97.85586600040594, 36.390603000276755], [-97.85617500020241, 36.390603999650445], [-97.8571049999649, 36.3906069999409], [-97.85741499958633, 36.39060900013441], [-97.85758500036395, 36.390610000231185], [-97.85772900030399, 36.390610000231185], [-97.85854500026369, 36.39061399989492], [-97.85867199958697, 36.39061399989492], [-97.85898700012955, 36.39061499999163], [-97.85902499976439, 36.39061499999163], [-97.85913899956721, 36.39061499999163], [-97.85917700010036, 36.39061499999163], [-97.85945099973674, 36.39061499999163], [-97.8602719997193, 36.39061700018499], [-97.86054700007891, 36.3906180002816], [-97.86085900024844, 36.390619999751735], [-97.86150699997863, 36.39062600033125], [-97.86179800023179, 36.39062699970465], [-97.86211100022622, 36.39062999999416], [-97.86242500004559, 36.39063200018714], [-97.86285799969063, 36.39063699994616], [-97.86336700040198, 36.390641000331655], [-97.86368200004624, 36.3906449999938], [-97.86428999959347, 36.390650999848226], [-97.86507499959103, 36.39066499974783], [-97.86526700010995, 36.39066900013189], [-97.8669030002273, 36.39070100030443], [-97.86763200014835, 36.390716999662615], [-97.86781100024851, 36.390721000043996], [-97.86834799965062, 36.39073600002608], [-97.86836400044245, 36.390737000121206], [-97.86852799957568, 36.39074199987348], [-97.86857600015456, 36.39074299996854], [-97.86872099991952, 36.39074700034858], [-97.86877000032332, 36.39074899981541], [-97.86897500036274, 36.3907549996618], [-97.8695920001308, 36.39077400001598], [-97.86979799999513, 36.39078099995503], [-97.87007500000455, 36.39078599970447], [-97.87090600003285, 36.39080399995686], [-97.87118300004228, 36.39080999979902], [-97.87146199970154, 36.390815000269676], [-97.87215399981268, 36.390829000139746], [-97.87230199995068, 36.390830000233684], [-97.87258300015807, 36.39083199969832], [-97.87274899983943, 36.39083299979222], [-97.87324900032993, 36.39083700016762], [-97.8734159998362, 36.390839000355285], [-97.87351899976835, 36.39083999972594], [-97.87383000011299, 36.39084300000723], [-97.87393399987006, 36.39084400010099], [-97.87415900000096, 36.390845000194744], [-97.87483600004346, 36.390851000033734], [-97.87506199999929, 36.3908540003146], [-97.87544899961357, 36.390856999872256], [-97.87648499968128, 36.3908540003146], [-97.87669399991866, 36.39086100024644], [-97.87693800031614, 36.39086200033996], [-97.87715900024907, 36.39086200033996], [-97.87738199983184, 36.39086299971033], [-97.87758400039652, 36.390869000271024], [-97.87829800024895, 36.39086599999073], [-97.87829599970081, 36.390749999910376], [-97.87829099967796, 36.3904040002758], [-97.87828999985302, 36.390289000330114], [-97.8782880002032, 36.3901820003096], [-97.87828200035543, 36.38986300030031], [-97.87828099963218, 36.38975699980116], [-97.87828099963218, 36.389728000287526], [-97.87830099972369, 36.38960600002081], [-97.87831999999025, 36.38953999998638], [-97.87838100008963, 36.38933199986199], [-97.87854400029624, 36.38891499999463], [-97.87862600031201, 36.388710000007976], [-97.87870599977964, 36.388507999852294], [-97.87879600019131, 36.38825600006779], [-97.87886399996339, 36.3880059997271], [-97.87889999994839, 36.387883000242084], [-97.87893099991054, 36.387780999745566], [-97.87895799967472, 36.3876729997545], [-97.87900999955326, 36.38746499969732], [-97.87902700017001, 36.387397999876825], [-97.87919200002644, 36.386849999663056], [-97.87921299994284, 36.38678300003576], [-97.87926900001932, 36.386651000180095], [-97.87939700006585, 36.386650000032446], [-97.87978299985524, 36.38664899988474], [-97.87991199972666, 36.38664899988474], [-97.88023399994195, 36.38664700031248], [-97.88119899986455, 36.38664200029685], [-97.88152199990473, 36.38664100014905], [-97.88152199990473, 36.386438999680024], [-97.88152399955457, 36.3859079997211], [-97.88152199990473, 36.38583400034459], [-97.88151799970679, 36.38563300010932], [-97.88151400040712, 36.385434999844456], [-97.88150299963817, 36.38487099970127], [-97.88150299963817, 36.38484299998248], [-97.88150699983613, 36.384646000049024], [-97.88151100003408, 36.38442599990411], [-97.88151799970679, 36.384124000315474], [-97.88152500027778, 36.38376799972038], [-97.88152699992762, 36.38370899964514], [-97.88151900043, 36.38354900017182], [-97.88151799970679, 36.38352399981757], [-97.88153699997335, 36.383453999650754], [-97.8815470000191, 36.383431999833306], [-97.88156100026279, 36.38341100019894], [-97.88159200022493, 36.383369000190044], [-97.88160899994338, 36.38335499969989], [-97.88162999985977, 36.38334099993041], [-97.88165699962394, 36.3833219999293], [-97.88174899968546, 36.38330000007445], [-97.88185199961762, 36.38330000007445], [-97.88254600027689, 36.38330100026525], [-97.88277800008048, 36.383301999732794], [-97.88302300030286, 36.383301999732794], [-97.88336800008436, 36.383301999732794], [-97.88375999972152, 36.38330599977254], [-97.88400599976883, 36.38330999981203], [-97.88425299964103, 36.38331299966074], [-97.88430000039502, 36.3833139998513], [-97.88461300038944, 36.38331100000268], [-97.88499599980578, 36.38330599977254], [-97.88524400040122, 36.38330299992356], [-97.88549299992324, 36.3832979996929], [-97.88624000028597, 36.38328500010415], [-97.8864899996329, 36.38328200025436], [-97.88699799962102, 36.38328399991316], [-97.88794900019822, 36.38329000033565], [-97.8885230003086, 36.38329099980334], [-97.88903200012162, 36.38329199999425], [-97.88924700020678, 36.38329199999425], [-97.88989199956391, 36.38329199999425], [-97.89004200025006, 36.38329199999425], [-97.89010699964908, 36.383293000185134]]]}}, {"type": "Feature", "properties": {"tract_id": "40047001604", "name": "Tract Census Tract 16.04", "pct_white_2020": 78.9, "pct_black_2020": 2.4, "pct_hispanic_2020": 10.6, "pct_asian_2020": 3.8, "population_2020": 2462, "is_sample_data": false, "pct_white_1970": 98, "pct_black_1970": 6.9, "pct_hispanic_1970": 9.3, "pct_asian_1970": 0, "pct_white_1990": 89.4, "pct_black_1990": 4.2, "pct_hispanic_1990": 9.8, "pct_asian_1990": 2.2}, "geometry": {"type": "Polygon", "coordinates": [[[-98.10452400003156, 36.42207000003558], [-98.10452499985648, 36.419685000008826], [-98.10427299996141, 36.4196929999577], [-98.10287799986848, 36.41971399990986], [-98.10115200023778, 36.41971999968862], [-98.10078300016683, 36.41971899996651], [-98.09846699963391, 36.419718000244345], [-98.09748599981779, 36.419724999744886], [-98.09494800042536, 36.41973400013444], [-98.09323600014004, 36.41972800035677], [-98.09153399990046, 36.41972199985575], [-98.09031299988482, 36.41972300030069], [-98.08868900036136, 36.419724999744886], [-98.08682399991515, 36.41971399990986], [-98.08661399985287, 36.41972300030069], [-98.0864690000879, 36.41972199985575], [-98.08540500043111, 36.41971899996651], [-98.08505100042878, 36.419718000244345], [-98.08264399965927, 36.419710000298046], [-98.0819399998526, 36.41971199974257], [-98.07260899957043, 36.419737999745024], [-98.07191099961153, 36.4197410003564], [-98.06949899971747, 36.419731000245655], [-98.0693749998689, 36.41972999980078], [-98.06900699962289, 36.41972800035677], [-98.06888399959922, 36.41972800035677], [-98.06870799987213, 36.41972699991184], [-98.06818200034067, 36.419724000022796], [-98.06800700043848, 36.419724000022796], [-98.06788799971449, 36.41972300030069], [-98.06753100023742, 36.419721000133634], [-98.06741200041174, 36.419721000133634], [-98.06649000014681, 36.41971500035496], [-98.06594399962557, 36.419718000244345], [-98.06447099971486, 36.4197290000788], [-98.06315900036093, 36.41973700002309], [-98.06249999986176, 36.41973700002309], [-98.06154300033506, 36.4197410003564], [-98.06014300021928, 36.419747999854856], [-98.06007600027212, 36.419747999854856], [-98.05958599982736, 36.41975099974299], [-98.05856200035352, 36.41974700013307], [-98.05836399998681, 36.419747999854856], [-98.0541260000046, 36.419770999958025], [-98.05337799981699, 36.419757999963416], [-98.0532310004022, 36.41976099985114], [-98.0519710000285, 36.41978800028134], [-98.05151999994177, 36.41978800028134], [-98.05143299990316, 36.41978800028134], [-98.05117199978724, 36.41978800028134], [-98.05108599957353, 36.41978800028134], [-98.05108999977148, 36.419677999781804], [-98.05105700015952, 36.419061999743604], [-98.05104799993867, 36.41882500033897], [-98.0510420000909, 36.4186579998208], [-98.05101699997655, 36.41765399979349], [-98.0509910000373, 36.41659700012397], [-98.05099699988507, 36.41593400016616], [-98.0510069999308, 36.41497100014684], [-98.0510069999308, 36.41492199990771], [-98.05100299973284, 36.414678000204134], [-98.05100600010589, 36.41447600030812], [-98.05100500028098, 36.41446600024237], [-98.05100100008303, 36.41295100034801], [-98.05100000025811, 36.41244700013895], [-98.05099799970996, 36.41173000025245], [-98.05099199986219, 36.4095789999247], [-98.05099000021238, 36.408863000178314], [-98.05098799966423, 36.40815099982413], [-98.05098199981646, 36.40601799979373], [-98.05098099999154, 36.40543800010772], [-98.05099600006015, 36.405377000036204], [-98.05099400041033, 36.40530899984079], [-98.0509910000373, 36.40521800024104], [-98.05099500023525, 36.40320600008937], [-98.05101000030386, 36.39689799992429], [-98.05101500032673, 36.39479599964465], [-98.05101299977859, 36.39405200032485], [-98.05100799975571, 36.39182100021431], [-98.0510069999308, 36.391077999989605], [-98.0490770000856, 36.39107300025894], [-98.0461489998075, 36.39106699971394], [-98.04436799992521, 36.39107200016813], [-98.0432900000247, 36.39107400034975], [-98.04326999993322, 36.39107499971738], [-98.04205999978822, 36.39106999998647], [-98.0413619998293, 36.39106699971394], [-98.0404110001504, 36.391064000164434], [-98.03970700034371, 36.39106799980482], [-98.03947999966468, 36.39106999998647], [-98.03474499956502, 36.39106999998647], [-98.03364200044847, 36.39106999998647], [-98.03309099990432, 36.39106999998647], [-98.0314499997641, 36.39106899989567], [-98.0293490002147, 36.39106799980482], [-98.02764199995222, 36.39107100007731], [-98.02680300042633, 36.39107200016813], [-98.02652999971653, 36.39107300025894], [-98.02506799967645, 36.391082000352405], [-98.02489100012444, 36.39108299971994], [-98.02470199997857, 36.39108399981061], [-98.02409100005829, 36.391087000082486], [-98.02339499974919, 36.391087000082486], [-98.02181499970837, 36.391085999991866], [-98.01994099993965, 36.39108499990127], [-98.01898100003991, 36.3910929999028], [-98.01752700039576, 36.3911069997228], [-98.01610299999052, 36.39110500026519], [-98.01597199957095, 36.39110500026519], [-98.01543900036681, 36.3911040001748], [-98.01514399991571, 36.39110199999396], [-98.01488299979981, 36.39109899972266], [-98.01396700028099, 36.39109700026483], [-98.01211799972832, 36.3910929999028], [-98.01043599958024, 36.39109700026483], [-98.00925999977044, 36.39109999981312], [-98.0086730001396, 36.39110099990357], [-98.00804799997562, 36.39110300008438], [-98.0069130001737, 36.39110300008438], [-98.00632700036779, 36.3911040001748], [-98.00581600000662, 36.3911040001748], [-98.00565199997509, 36.3911040001748], [-98.0045969996408, 36.39110500026519], [-98.00428299982144, 36.391107999813116], [-98.0037730001835, 36.39111400035495], [-98.00309100011812, 36.39112100026337], [-98.00289100010157, 36.39112399981069], [-98.00104400009705, 36.39111599981234], [-98.00092299972322, 36.39111599981234], [-98.00036299985655, 36.391122000353555], [-97.99973400039293, 36.391128000171115], [-97.99868699955624, 36.391138999715054], [-97.99784700020543, 36.39113399998826], [-97.99721799984349, 36.39113199980825], [-97.99591200033734, 36.391139999804956], [-97.99521500020334, 36.39113500007828], [-97.99462900039742, 36.3911309997182], [-97.99333200021378, 36.39112100026337], [-97.99116999966668, 36.391120000173174], [-97.99090400042621, 36.39111599981234], [-97.98995799987186, 36.3911040001748], [-97.98932100001232, 36.39110500026519], [-97.98920899985931, 36.39110500026519], [-97.9887489995518, 36.39110500026519], [-97.98769099974275, 36.39112299972058], [-97.98720700004411, 36.391120000173174], [-97.98608800013571, 36.391112000174374], [-97.98273200023543, 36.39108900026371], [-97.98161400015195, 36.391082000352405], [-97.9811739999359, 36.39108100026171], [-97.98037300004484, 36.39108100026171], [-97.97985599983588, 36.3910759998081], [-97.97941700034306, 36.39107300025894], [-97.97939399987851, 36.39107300025894], [-97.97932500028153, 36.39107300025894], [-97.97930299964192, 36.39107300025894], [-97.97853299971298, 36.39107400034975], [-97.97756600014056, 36.39106799980482], [-97.97627399997981, 36.39106600034619], [-97.97605800006973, 36.391064000164434], [-97.9758660004491, 36.39106300007351], [-97.97577199983947, 36.39106199998257], [-97.97500199991053, 36.39105500006883], [-97.97432200039329, 36.39104900024559], [-97.9726760002302, 36.39104299969879], [-97.97163699978944, 36.391023000042], [-97.97027000018392, 36.391019999767664], [-97.96971799981488, 36.39101299985014], [-97.9673610001724, 36.3909979999215], [-97.96607599968434, 36.39097900034521], [-97.96518100008194, 36.39096499977903], [-97.96426899986277, 36.390950999933494], [-97.96247299991187, 36.39091500021582], [-97.96165100010438, 36.390906000102966], [-97.96142299960044, 36.39090299982411], [-97.96009899965264, 36.39089399970992], [-97.95806199967731, 36.390880999944834], [-97.95706900016562, 36.39087500010817], [-97.95267999967237, 36.39086700008419], [-97.95262600014401, 36.39086700008419], [-97.95153499982472, 36.390869000271024], [-97.95127200005898, 36.390869999641296], [-97.95105699997383, 36.390870999734716], [-97.94979999997317, 36.39087299992148], [-97.94872899974534, 36.39087299992148], [-97.94790299973991, 36.39087299992148], [-97.94729400036778, 36.3908719998281], [-97.94688699976368, 36.3908719998281], [-97.94555600014317, 36.39087799966501], [-97.9450230000407, 36.390874000014804], [-97.94411900021747, 36.39086800017765], [-97.9437059997656, 36.39085799996579], [-97.94370999996354, 36.3915090002958], [-97.94370999996354, 36.39158099988748], [-97.9437140001615, 36.391994999680605], [-97.94375199979635, 36.39328999999609], [-97.94374900032162, 36.3936249998878], [-97.9437469997735, 36.39374899974501], [-97.94374099992571, 36.394473000303456], [-97.94374000010079, 36.394617999759554], [-97.94373900027588, 36.395057000278726], [-97.94373900027588, 36.39520300012934], [-97.94373900027588, 36.39532200018106], [-97.94374099992571, 36.395679999997796], [-97.9437419997506, 36.39580000007232], [-97.9437419997506, 36.39590700031397], [-97.94374400029875, 36.39623100022839], [-97.94374500012366, 36.39633899989971], [-97.94374500012366, 36.39643199981784], [-97.94374000010079, 36.39668599989021], [-97.94372300038235, 36.39772999998192], [-97.94372099983421, 36.39790899997379], [-97.94372400020727, 36.398078000270424], [-97.94373000005506, 36.39835299996761], [-97.9437469997735, 36.39921399995763], [-97.9437469997735, 36.399398000065446], [-97.9437469997735, 36.39952700002273], [-97.94375299962127, 36.40050000030154], [-97.94375699981923, 36.40095900013217], [-97.94376799968988, 36.402021999717526], [-97.94377000023802, 36.40318200020725], [-97.94376799968988, 36.40351099981373], [-97.94376600004007, 36.403773999956464], [-97.94376500021515, 36.40387499978574], [-97.94375799964413, 36.40462699984165], [-97.9437550001694, 36.40501100004748], [-97.943762999667, 36.405324999807064], [-97.94377199988784, 36.40572300025761], [-97.9437979998271, 36.40677899979768], [-97.94379899965202, 36.406918000108696], [-97.94380399967488, 36.40725899983909], [-97.94380500039811, 36.40731700023371], [-97.94380600022303, 36.40738899964121], [-97.94381500044385, 36.408099999877365], [-97.94383299998722, 36.40888699975165], [-97.94386499977425, 36.41045200014531], [-97.943882000391, 36.41123599983356], [-97.9438890000637, 36.411370000251786], [-97.94389499991149, 36.41260099980677], [-97.94389499991149, 36.41295100034801], [-97.94389599973641, 36.41310099978736], [-97.94391900020094, 36.41446799982185], [-97.94395299963779, 36.41548600031822], [-97.94397799975218, 36.41694900024715], [-97.94398399959995, 36.41717599987677], [-97.94398799979791, 36.41734200021456], [-97.94400000039178, 36.418096000244105], [-97.94401100026244, 36.41872500016273], [-97.9440360003768, 36.41981200009357], [-97.94405599956995, 36.4206750002515], [-97.94405499974506, 36.42125699979124], [-97.94404800007236, 36.42559499984679], [-97.94404600042253, 36.42704200032755], [-97.94403700020169, 36.43243700033757], [-97.94403800002661, 36.43430900031269], [-97.94376600004007, 36.43431799973444], [-97.9401659997423, 36.43431200036097], [-97.93887100010683, 36.4343159999433], [-97.93750100012826, 36.43432000024822], [-97.93580200026173, 36.43433400022962], [-97.93544400006145, 36.434346999951956], [-97.93542999981776, 36.434346999951956], [-97.93538999963478, 36.434345000161606], [-97.93537499956616, 36.43434999999877], [-97.93516000037934, 36.4343579998821], [-97.93509900027996, 36.4343579998821], [-97.93474799975236, 36.4343549998356], [-97.93440399979578, 36.43435400030188], [-97.93286999978568, 36.434345000161606], [-97.93227499975895, 36.434342000114604], [-97.9322439997968, 36.434342000114604], [-97.93101399956032, 36.43435199978898], [-97.93011499975995, 36.434360999928494], [-97.9293210004399, 36.434362000184855], [-97.92848399966547, 36.43436299971842], [-97.9273239997492, 36.4343579998821], [-97.92658099958444, 36.4343549998356], [-97.92609500023596, 36.434362000184855], [-97.9252390000933, 36.4343749999025], [-97.92509799962798, 36.434377999948225], [-97.92331000007299, 36.434390999663194], [-97.92267300021345, 36.434390999663194], [-97.92181799989571, 36.43439199991917], [-97.92151900014495, 36.43439199991917], [-97.92121799984608, 36.43439300017509], [-97.92104799996677, 36.4343939997083], [-97.92038799964268, 36.434398000009146], [-97.9194179996972, 36.434402000309845], [-97.91881900037082, 36.43440599988759], [-97.9186989998219, 36.43440599988759], [-97.9183389999718, 36.43440799967636], [-97.91822000014609, 36.434408999932074], [-97.91778199957987, 36.434408999932074], [-97.91710100023772, 36.43441099972082], [-97.91647000022594, 36.43441199997648], [-97.91645299960919, 36.434413000232205], [-97.91603300038294, 36.43441000018782], [-97.91537899990665, 36.43440599988759], [-97.91484199960621, 36.434402999842945], [-97.91445599981682, 36.434399999798174], [-97.91331199979409, 36.43439300017509], [-97.91323200032646, 36.43439199991917], [-97.91315299978542, 36.43439199991917], [-97.9126020001396, 36.43438899987399], [-97.91159700003402, 36.4343820002499], [-97.91006399984884, 36.434362000184855], [-97.90972499991513, 36.434362000184855], [-97.90814900007226, 36.434362000184855], [-97.90774300019139, 36.434362000184855], [-97.9077020001835, 36.434362000184855], [-97.90696900006449, 36.434370000066956], [-97.90652499965049, 36.434373000112885], [-97.90611999959454, 36.43437699969207], [-97.90540400009226, 36.434377999948225], [-97.9045279998581, 36.43438099999384], [-97.9039629999686, 36.43438299978326], [-97.90325599978885, 36.434390999663194], [-97.90275899967139, 36.4343969997533], [-97.90254100011148, 36.434399999798174], [-97.90232799967616, 36.434404000098716], [-97.9020909998497, 36.43440500035453], [-97.90074299961245, 36.434413000232205], [-97.90029400007387, 36.43441600027646], [-97.90005100039963, 36.43441699980937], [-97.89932499995331, 36.43442100010903], [-97.89908300010399, 36.43442299989742], [-97.89866600035245, 36.43442499968581], [-97.89822399958827, 36.43442400015298], [-97.89723799974927, 36.43442400015298], [-97.89564799966269, 36.43444100015893], [-97.89544599999631, 36.43444400020211], [-97.8947899998702, 36.43444700024517], [-97.89407000016998, 36.434450000288074], [-97.89387000015343, 36.43445099982055], [-97.89111199975466, 36.434466000033346], [-97.8901929998628, 36.43447200011761], [-97.89019899971058, 36.435116999970155], [-97.89019899971058, 36.435489999995745], [-97.89019899971058, 36.43854700034212], [-97.89019899971058, 36.43956699990431], [-97.89019899971058, 36.44021700023366], [-97.89019899971058, 36.44069700029518], [-97.89020399973346, 36.44149000035711], [-97.8902070001065, 36.44216700035102], [-97.89020899975633, 36.44246700024442], [-97.89020799993142, 36.44281800000589], [-97.8902070001065, 36.443197000005796], [-97.89020499955836, 36.4435230002388], [-97.89019700006077, 36.44516099986163], [-97.8901929998628, 36.445640999689964], [-97.89019200003789, 36.445843000163094], [-97.89019200003789, 36.44587999982789], [-97.89019100021298, 36.446346999665735], [-97.89019100021298, 36.44660699970036], [-97.89019100021298, 36.446943000277756], [-97.89019000038806, 36.44738999989985], [-97.89019000038806, 36.447651000137164], [-97.89019000038806, 36.44768600021571], [-97.89019100021298, 36.447888999781895], [-97.89019700006077, 36.448606000334394], [-97.89020000043382, 36.44884500000937], [-97.88899699996152, 36.44884500000937], [-97.8889609999765, 36.44884700014867], [-97.8887779996784, 36.44886299981598], [-97.88746999962412, 36.44886700009358], [-97.88720199983551, 36.44885900026077], [-97.88597199959905, 36.44886900023236], [-97.8858069997426, 36.44886299981598], [-97.88538699961802, 36.448863999885425], [-97.88524799970087, 36.4488649999548], [-97.88400999996678, 36.44887599999491], [-97.88161800016421, 36.44889100030976], [-97.88156999958532, 36.44889100030976], [-97.88142900001833, 36.44889199965624], [-97.88138200016265, 36.44889299972531], [-97.88094699996948, 36.448895999932354], [-97.88085300025816, 36.44889700000137], [-97.87964300011315, 36.44889399979433], [-97.87920899974489, 36.44889399979433], [-97.87890800034432, 36.448895999932354], [-97.87800799982072, 36.44890399976139], [-97.87770800024508, 36.44890699996805], [-97.87697500012605, 36.44891399972717], [-97.87565200000316, 36.44890900010574], [-97.87500099989992, 36.44890699996805], [-97.87388299981644, 36.44890900010574], [-97.8734019995925, 36.44891000017454], [-97.87311600026055, 36.44891599986468], [-97.8727749997787, 36.44891200031216], [-97.8728390002511, 36.44940500014617], [-97.87287100003816, 36.44990900035358], [-97.87287900043408, 36.45180600018752], [-97.8728889995815, 36.453996999936884], [-97.87290700002318, 36.45488899986531], [-97.8729010001754, 36.45569199991299], [-97.87291600024399, 36.45666200035718], [-97.87290600019826, 36.4591040000691], [-97.87288299973373, 36.46011099984308], [-97.8728600001675, 36.460485000290944], [-97.87281499996168, 36.4612480002026], [-97.87261900014308, 36.46322299981028], [-97.87260800027242, 36.463367000351234], [-97.87282900020537, 36.463365999746365], [-97.87312899978102, 36.463363999981425], [-97.8735489999056, 36.46336200021649], [-97.87382799956485, 36.46336100033404], [-97.87433300007822, 36.46336300009899], [-97.87500300044806, 36.463365999746365], [-97.8768370000338, 36.46336100033404], [-97.88249699987308, 36.46334900029825], [-97.88373100030752, 36.46334599992777], [-97.88670300006822, 36.463331000241055], [-97.88671999978668, 36.463331000241055], [-97.88763299983074, 36.463326000104054], [-97.88878199987634, 36.46332099996667], [-97.88978500033211, 36.46332099996667], [-97.88999200002135, 36.46332099996667], [-97.89180300004085, 36.463324000338126], [-97.8921500003705, 36.463325000221076], [-97.89461499996801, 36.46333499977247], [-97.89689499961759, 36.463358999846555], [-97.89723799974927, 36.46336100033404], [-97.89904999959369, 36.463372999645486], [-97.89919699990679, 36.46337400025026], [-97.90062200013693, 36.46339400006165], [-97.90087700040507, 36.46339200029748], [-97.90136000027881, 36.463390999692884], [-97.90416299998513, 36.46340400032661], [-97.90424400017599, 36.463405000208574], [-97.90635899996913, 36.4634189999992], [-97.90818699970708, 36.46343199990575], [-97.90923799984341, 36.463437000035924], [-97.91023200007835, 36.46343600015443], [-97.91049499984406, 36.46343600015443], [-97.9157069999697, 36.46342599989359], [-97.91605599994917, 36.46342500001191], [-97.91634800002721, 36.463424000130196], [-97.9163680001187, 36.46342300024854], [-97.91841400031487, 36.46342300024854], [-97.91892099957974, 36.46342300024854], [-97.91939299958284, 36.463424000130196], [-97.91957699970587, 36.463424000130196], [-97.9197969998139, 36.463424000130196], [-97.92044299989428, 36.463424000130196], [-97.9209509998824, 36.463424000130196], [-97.92192099982786, 36.46342500001191], [-97.92199000032316, 36.46342500001191], [-97.92252300042564, 36.46342500001191], [-97.9241760002614, 36.4634219996444], [-97.92432600004923, 36.4634219996444], [-97.92498700019821, 36.463420999762654], [-97.92510900039696, 36.46341800011743], [-97.92557999967683, 36.46341100022236], [-97.92614899976431, 36.463412000104164], [-97.92618099955136, 36.46341100022236], [-97.92628000018388, 36.46341100022236], [-97.92631299979585, 36.46341100022236], [-97.92639399998671, 36.46341000034049], [-97.92664000003398, 36.46341000034049], [-97.92672200004976, 36.46341000034049], [-97.9270700002043, 36.46340799985427], [-97.92760900015456, 36.46340600009046], [-97.92821400022706, 36.463405000208574], [-97.92846799977195, 36.463405000208574], [-97.9292949996023, 36.46339699970781], [-97.92958400020561, 36.46339499994368], [-97.92998800043667, 36.46339300017954], [-97.93027200011878, 36.463390999692884], [-97.93043199995236, 36.46338999981081], [-97.93116000004851, 36.46338899992866], [-97.93246399990481, 36.46338800004654], [-97.93374000017205, 36.463381000148715], [-97.93515700000627, 36.463372999645486], [-97.93631000024985, 36.463367000351234], [-97.93637200017413, 36.463367000351234], [-97.9375029997781, 36.463365999746365], [-97.94147999964437, 36.463381000148715], [-97.94262299984221, 36.463386000282235], [-97.94406099959284, 36.46337799977951], [-97.94627800039154, 36.46336800023361], [-97.94662200034811, 36.463367000351234], [-97.94891899971616, 36.463357999964], [-97.95205799988142, 36.463347999693106], [-97.95293099974252, 36.46334699981046], [-97.95418600009336, 36.46334699981046], [-97.95514900036613, 36.46333999990894], [-97.95644599965145, 36.46333000035819], [-97.95649199968221, 36.46333000035819], [-97.96033700020234, 36.463304999669475], [-97.96059199957215, 36.46330399978622], [-97.96163500021088, 36.46329400023083], [-97.96171600040172, 36.46329199974163], [-97.96196200044902, 36.46328999997483], [-97.96204399956646, 36.46328999997483], [-97.96210499966584, 36.46328900009139], [-97.96229100033699, 36.46328700032452], [-97.96235400008618, 36.46328700032452], [-97.96259799958534, 36.46328800020799], [-97.96333099970435, 36.46329199974163], [-97.96357599992673, 36.46329400023083], [-97.96418099999923, 36.46329699988087], [-97.96567400000144, 36.463304999669475], [-97.96599700004163, 36.46330600027512], [-97.96660299993904, 36.4633089999247], [-97.96834899966123, 36.46332799986991], [-97.96863900008947, 36.46333200012394], [-97.96971699998997, 36.463335999655314], [-97.97195200033202, 36.46334500004509], [-97.97359000009918, 36.46334900029825], [-97.97533800036952, 36.4633539997113], [-97.97608400000901, 36.463355000316376], [-97.97624300001766, 36.463356000198914], [-97.97776100013424, 36.46336900011604], [-97.97896100023348, 36.46337199976317], [-97.97986699970653, 36.463375000132615], [-97.9814919999532, 36.463380000266504], [-97.98285400043417, 36.463386000282235], [-97.98299599982609, 36.463386000282235], [-97.98314099959104, 36.46338700016436], [-97.98636699979497, 36.463400000076284], [-97.98639000025949, 36.463400999958296], [-97.98670200042902, 36.46340400032661], [-97.98799299986656, 36.46341800011743], [-97.9889040002608, 36.4634189999992], [-97.98979700021339, 36.46341800011743], [-97.99139800017062, 36.46341800011743], [-97.99521000018046, 36.46343600015443], [-97.9966909995888, 36.46344399992869], [-97.99701500035222, 36.463441000284334], [-97.99767899997593, 36.46343500027287], [-97.99875199985358, 36.46342599989359], [-97.99967300029357, 36.46342599989359], [-97.99999100031089, 36.46342599989359], [-98.0003379997422, 36.463424000130196], [-98.0024559999084, 36.46341000034049], [-98.00881000040694, 36.46337099988079], [-98.01092900039805, 36.463357999964], [-98.01114199993508, 36.463356000198914], [-98.0117839998175, 36.46335199994611], [-98.01199800007772, 36.463351000063525], [-98.01212799977408, 36.46335000018087], [-98.01258700025669, 36.46334699981046], [-98.01265400020384, 36.46334699981046], [-98.01435499972018, 36.46333000035819], [-98.01462900025491, 36.46332799986991], [-98.01494499972408, 36.46333200012394], [-98.01610299999052, 36.463333000006784], [-98.0162979999842, 36.463331000241055], [-98.01976799968728, 36.463312000296575], [-98.0203590004144, 36.46330600027512], [-98.02104599960434, 36.463300000253206], [-98.0217129996011, 36.46329099985826], [-98.02256500044412, 36.46327899981159], [-98.02306099983836, 36.46327299978759], [-98.02355299993295, 36.46327000013667], [-98.02387500014822, 36.46327199990399], [-98.02396399983668, 36.46327199990399], [-98.02404699967737, 36.46327299978759], [-98.02585600004707, 36.46325299994505], [-98.02763399955631, 36.4632330000973], [-98.02944499957584, 36.463233999981455], [-98.03072000001815, 36.463227000069736], [-98.03297200007864, 36.463215000013214], [-98.0352919999112, 36.46320899998425], [-98.03940000019705, 36.46320000030117], [-98.04225300013206, 36.46319299966395], [-98.04457399978952, 36.46318800024047], [-98.04531100010651, 36.463184999863785], [-98.04752299998403, 36.46317999971731], [-98.0482610001259, 36.46317899983246], [-98.04879199968025, 36.46317700006276], [-98.0503879996146, 36.46317399968566], [-98.05091999989216, 36.46317299980072], [-98.05129300016108, 36.46317000014594], [-98.05241399971928, 36.4631649999985], [-98.05278799981309, 36.463163000228434], [-98.05354900041952, 36.46315899996567], [-98.0551240004375, 36.463164000113494], [-98.05514000033102, 36.4631649999985], [-98.05614000041372, 36.46317299980072], [-98.05713700012338, 36.46318100032459], [-98.05871700016422, 36.46317000014594], [-98.06012499977761, 36.463166999768504], [-98.06073499987298, 36.463171000030854], [-98.06213400016387, 36.46317799994764], [-98.06250400005972, 36.46318100032459], [-98.06377600012898, 36.46317299980072], [-98.06447099971486, 36.46317700006276], [-98.06533299970529, 36.463182000209414], [-98.06566800033936, 36.463184999863785], [-98.06602099961847, 36.463183999978995], [-98.06791899967662, 36.46317899983246], [-98.06878200039029, 36.46317700006276], [-98.07176500002166, 36.463175000293], [-98.08071700018711, 36.46316900026095], [-98.08207299992198, 36.46316900026095], [-98.0837009996434, 36.46315999985079], [-98.08431800030976, 36.46315600031029], [-98.08449300021195, 36.46315600031029], [-98.08588300028198, 36.46316900026095], [-98.08617199998697, 36.46316799965353], [-98.08678999957998, 36.46316599988354], [-98.08684700037969, 36.4631649999985], [-98.08701800008392, 36.4631649999985], [-98.08704700039623, 36.4631649999985], [-98.08707599981024, 36.4631649999985], [-98.08852100013186, 36.46318100032459], [-98.08864900017838, 36.46316599988354], [-98.08874399971462, 36.46316599988354], [-98.0888540002178, 36.46316599988354], [-98.09679000040703, 36.46314300035751], [-98.10083400022046, 36.46312199987338], [-98.10129799982764, 36.46311300018018], [-98.10317199959637, 36.4631140000659], [-98.1044269999472, 36.463104999649296], [-98.10443600016801, 36.46254299966311], [-98.10443299979497, 36.46215000024262], [-98.1044429998407, 36.461511999767374], [-98.10444600021377, 36.459503000071486], [-98.10444600021377, 36.4592119997346], [-98.10444600021377, 36.45920199965144], [-98.10444700003866, 36.458531999814525], [-98.10444399966563, 36.45664100028538], [-98.10443399961987, 36.4556690003377], [-98.10442500029738, 36.45485500013873], [-98.10444700003866, 36.44989999984954], [-98.10444600021377, 36.44864099998208], [-98.10444500038885, 36.44794900034224], [-98.10446499958202, 36.443726999993764], [-98.10447999965064, 36.442087000135395], [-98.10448600039673, 36.441358999658114], [-98.10448899987146, 36.44102300019167], [-98.10447499962775, 36.438517000045735], [-98.1044980000923, 36.435872999875336], [-98.10447899982572, 36.434152000274445], [-98.10447299997794, 36.43084700031326], [-98.10448499967352, 36.42979299975512], [-98.10448499967352, 36.429774999861365], [-98.10449600044247, 36.42518299983463], [-98.1044989999172, 36.42381999986413], [-98.10452400003156, 36.42207000003558]]]}}, {"type": "Feature", "properties": {"tract_id": "40047001603", "name": "Tract Census Tract 16.03", "pct_white_2020": 88.1, "pct_black_2020": 1.0, "pct_hispanic_2020": 7.1, "pct_asian_2020": 0.7, "population_2020": 2801, "is_sample_data": false, "pct_white_1970": 98, "pct_black_1970": 1, "pct_hispanic_1970": 5.6, "pct_asian_1970": 0, "pct_white_1990": 95, "pct_black_1990": 1, "pct_hispanic_1990": 8.8, "pct_asian_1990": 0}, "geometry": {"type": "Polygon", "coordinates": [[[-98.1045399999251, 36.416664000075215], [-98.10453099970427, 36.413089999737096], [-98.10452599968139, 36.412828999665045], [-98.10449700026739, 36.41135700029689], [-98.10449499971925, 36.40635299977138], [-98.10450499976498, 36.40521900014984], [-98.1044989999172, 36.39517000032575], [-98.1044989999172, 36.39444399965667], [-98.10450899996296, 36.39304300013124], [-98.10452900005444, 36.39089900017523], [-98.10452999987936, 36.390734999930984], [-98.10452400003156, 36.39040699985082], [-98.10450700031313, 36.38931199976509], [-98.10450099956702, 36.38750799979996], [-98.10449499971925, 36.38741299977686], [-98.1044989999172, 36.38451000020386], [-98.10448100037387, 36.38378200013619], [-98.10446899977998, 36.38328699976289], [-98.10446799995506, 36.383241999835676], [-98.10448300002368, 36.38194400003223], [-98.1044839998486, 36.38068899979428], [-98.10449700026739, 36.378222000211345], [-98.10450800013804, 36.37629199985811], [-98.10179999996798, 36.37628600034225], [-98.1011670003064, 36.37630699973072], [-98.10056899990659, 36.376296999816006], [-98.10038099958561, 36.37629800009681], [-98.09564700020917, 36.37630699973072], [-98.09526899991742, 36.37630900029216], [-98.0926629998546, 36.37630800001145], [-98.09174899998561, 36.37630699973072], [-98.08809900035747, 36.37632100004317], [-98.0869539996115, 36.37632200032372], [-98.08691500015175, 36.37632200032372], [-98.08680100034893, 36.37632200032372], [-98.08676299981579, 36.37632200032372], [-98.08673199985365, 36.37632200032372], [-98.08663899996722, 36.37632200032372], [-98.08660899982999, 36.37632200032372], [-98.08579000039558, 36.37632299988096], [-98.0835459998327, 36.376314999806254], [-98.08247399977996, 36.37631199968766], [-98.07924799957604, 36.37629499997754], [-98.07879999986237, 36.37629600025842], [-98.07742300021111, 36.37629399969666], [-98.07659499965756, 36.37629199985811], [-98.0757800004211, 36.37628500006123], [-98.07435699984077, 36.376272000023484], [-98.07365600040711, 36.37626700006399], [-98.07129499966837, 36.37624499965991], [-98.07058800038693, 36.3762390001404], [-98.06884599996438, 36.376249000062636], [-98.06404899994045, 36.37628000010262], [-98.06248999981601, 36.3762709997423], [-98.0615020003272, 36.37627500014363], [-98.05960099989598, 36.37628300022246], [-98.05921699975642, 36.37628199994147], [-98.05905400044811, 36.37628199994147], [-98.05801800038039, 36.37628000010262], [-98.05786799969425, 36.376278999821544], [-98.05741800033077, 36.37627800026372], [-98.05726900036785, 36.37627800026372], [-98.05696800006898, 36.37627800026372], [-98.05686400031189, 36.376276999982615], [-98.05575999957382, 36.376276999982615], [-98.05565199961877, 36.37627800026372], [-98.05524800028606, 36.37628199994147], [-98.0551539996764, 36.376278999821544], [-98.05483900003215, 36.376278999821544], [-98.05361499964344, 36.37628099966041], [-98.05320700011275, 36.37628199994147], [-98.05275199982808, 36.37628199994147], [-98.05139100007037, 36.37628199994147], [-98.05093699961061, 36.37628300022246], [-98.04817499991218, 36.376278999821544], [-98.04322499972737, 36.376273000304664], [-98.03989200029164, 36.37626800034523], [-98.03713100041813, 36.37626399994354], [-98.0363060002376, 36.37626299966224], [-98.03610399967292, 36.37626299966224], [-98.03547400038437, 36.37625799970222], [-98.03383400006908, 36.37626200010423], [-98.03378899986323, 36.37626299966224], [-98.0330110004367, 36.37625599986275], [-98.03251699979397, 36.376252000183676], [-98.03155799971915, 36.37625799970222], [-98.03078199994243, 36.37626299966224], [-98.02775599975504, 36.37625700014414], [-98.02720199973618, 36.376254000023245], [-98.02701799961316, 36.376254000023245], [-98.02574999974185, 36.37625799970222], [-98.02361400003231, 36.376265000224805], [-98.0172060000054, 36.37628800018093], [-98.01709700022546, 36.37628899973862], [-98.01507000029586, 36.37629600025842], [-98.0144259998653, 36.37629600025842], [-98.01249699984501, 36.37629800009681], [-98.01212500029933, 36.37629899965436], [-98.0118549999626, 36.37629399969666], [-98.01165400012115, 36.37629499997754], [-98.01105099969847, 36.37629800009681], [-98.01085099968192, 36.37629999993519], [-98.01033299964807, 36.37630300005432], [-98.00993299961499, 36.37630300005432], [-98.00876299965297, 36.37630499989256], [-98.00717900031248, 36.376316999644196], [-98.0069900001666, 36.376319000205385], [-98.00626200007045, 36.376324999718705], [-98.00572499977001, 36.376329999674425], [-98.00460500003672, 36.37633099995485], [-98.00446500029463, 36.376332000235266], [-98.00351600026555, 36.37633299979239], [-98.00206799957085, 36.37633900002792], [-98.00000399983135, 36.37635300033461], [-97.99963700030855, 36.37635099977436], [-97.99798100009971, 36.37634299970253], [-97.99782899976375, 36.37634200014554], [-97.9973740003774, 36.376340000308225], [-97.99722299986637, 36.376340000308225], [-97.99666100034989, 36.37633900002792], [-97.99497800037688, 36.37633799974759], [-97.99441699978699, 36.37633799974759], [-97.99368200001815, 36.37633900002792], [-97.9935020000931, 36.376340000308225], [-97.99147900036147, 36.376329999674425], [-97.99074500041755, 36.37632700027968], [-97.98848499996113, 36.37631600008688], [-97.98307500036711, 36.37629000001952], [-97.98197499982697, 36.37628600034225], [-97.98174100037356, 36.37628500006123], [-97.98170799986329, 36.37628500006123], [-97.98150899967165, 36.37628500006123], [-97.97961200033672, 36.37628099966041], [-97.97944900013009, 36.37627599970149], [-97.9794209996427, 36.37627399986254], [-97.97933699997711, 36.3762709997423], [-97.97932500028153, 36.3762709997423], [-97.97931000021293, 36.3762709997423], [-97.97869400026977, 36.37626599978279], [-97.97688900009803, 36.37628300022246], [-97.97666700034019, 36.37628199994147], [-97.97573400020464, 36.37628099966041], [-97.97410800013303, 36.37629399969666], [-97.97378400026793, 36.37629499997754], [-97.97337400018911, 36.376296999816006], [-97.97129399965776, 36.37629199985811], [-97.97078599966964, 36.37629499997754], [-97.96898100039623, 36.37630400033509], [-97.96874000037178, 36.37630400033509], [-97.9666139998097, 36.37630499989256], [-97.96609800032397, 36.376309999849575], [-97.96519899962527, 36.37630800001145], [-97.96516900038637, 36.37630800001145], [-97.96348399986523, 36.37631600008688], [-97.96250200022419, 36.37631600008688], [-97.96160400024874, 36.37631600008688], [-97.9606090001889, 36.376329000117266], [-97.95973399977967, 36.37632700027968], [-97.9558659996933, 36.37632100004317], [-97.9541269996438, 36.376324999718705], [-97.95376400031897, 36.3763259999992], [-97.95249700027257, 36.37631999976267], [-97.95225799989798, 36.376319000205385], [-97.95160099994695, 36.37631600008688], [-97.95134099965594, 36.376314999806254], [-97.95057999994785, 36.37632100004317], [-97.9489930002343, 36.37633500035315], [-97.94642700035445, 36.37634500026299], [-97.94554699992236, 36.376343999982744], [-97.94386999979713, 36.376343999982744], [-97.94383800001008, 36.376343999982744], [-97.9437419997506, 36.376343999982744], [-97.94371099978848, 36.376343999982744], [-97.94286200021683, 36.37634500026299], [-97.94230800019797, 36.37634700010017], [-97.94156099983523, 36.376348999937285], [-97.94031800007828, 36.37634299970253], [-97.93947100015646, 36.376340000308225], [-97.9385310003482, 36.37633700019054], [-97.93748900043269, 36.37633500035315], [-97.93571299967496, 36.37633799974759], [-97.93477399969163, 36.37634099986525], [-97.9345610001546, 36.376340000308225], [-97.93392099992202, 36.37633799974759], [-97.93370900020992, 36.37633799974759], [-97.93363700023988, 36.37633299979239], [-97.93302899979435, 36.37633599991024], [-97.92757900001733, 36.376324000161475], [-97.92572799981484, 36.37632799983686], [-97.92490400035754, 36.376329000117266], [-97.92215699982941, 36.376319000205385], [-97.91528199982227, 36.37629399969666], [-97.91196600010495, 36.376293000139036], [-97.9114460004213, 36.37629000001952], [-97.90903899965178, 36.376278999821544], [-97.90787600026079, 36.37628300022246], [-97.90787399971265, 36.37649500020329], [-97.90787399971265, 36.37652400031266], [-97.90787500043587, 36.37702199970584], [-97.90787500043587, 36.37724999980175], [-97.90787500043587, 36.377430999747716], [-97.90787500043587, 36.37749300031968], [-97.90787600026079, 36.37766000035451], [-97.9078789997355, 36.37816099975412], [-97.90788100028365, 36.37832799980123], [-97.90787999956042, 36.37849299970774], [-97.90787999956042, 36.37898800022004], [-97.90787999956042, 36.37915399969375], [-97.90787799991061, 36.379416999803176], [-97.90787700008569, 36.379871000003114], [-97.90787500043587, 36.38020800031916], [-97.90787500043587, 36.380471999984394], [-97.90787399971265, 36.380691000243004], [-97.90787399971265, 36.38135200035165], [-97.90787399971265, 36.381571999791575], [-97.90787399971265, 36.381945000240385], [-97.90787399971265, 36.38202599970589], [-97.90788499958329, 36.38306700011227], [-97.90788999960617, 36.38344100008809], [-97.90788700013142, 36.38349999964351], [-97.90789899982701, 36.38421799983901], [-97.90789600035225, 36.384755000077575], [-97.90789600035225, 36.384879999789504], [-97.90789299997921, 36.385376999751706], [-97.90788799995634, 36.38625799972688], [-97.90788399975838, 36.38687099981503], [-97.90788399975838, 36.38700699986965], [-97.90788200010856, 36.387369000206384], [-97.90788100028365, 36.38751899985602], [-97.9078789997355, 36.38796899996126], [-97.9078789997355, 36.38812000002847], [-97.90787999956042, 36.3882640003605], [-97.90788299993346, 36.38869799999912], [-97.90788399975838, 36.3888430001032], [-97.90788399975838, 36.38898099983648], [-97.90788700013142, 36.38939599984827], [-97.90788899978124, 36.389535000156805], [-97.90788999960617, 36.389689999786384], [-97.90789299997921, 36.39015699991859], [-97.90789399980413, 36.3902240002541], [-97.90789399980413, 36.390312999854885], [-97.90789299997921, 36.39039799967921], [-97.9078910003294, 36.39065600032918], [-97.9078910003294, 36.39074199987348], [-97.90847999961005, 36.39073900031144], [-97.90887499962025, 36.39073800021633], [-97.90988899994666, 36.39074299996854], [-97.91024700014695, 36.39074500015862], [-97.91083700015082, 36.390749999910376], [-97.91091400014372, 36.390749999910376], [-97.9111850003054, 36.390749999910376], [-97.9116930002935, 36.390749999910376], [-97.91223200024376, 36.390749999910376], [-97.9125810002232, 36.390751000005324], [-97.91278600026261, 36.390751000005324], [-97.91285300020978, 36.390751000005324], [-97.91340100038086, 36.390751000005324], [-97.91360600042027, 36.390751000005324], [-97.91374600016235, 36.390751000005324], [-97.9139539996765, 36.390751000005324], [-97.91416600028693, 36.390754000290045], [-97.9143069998539, 36.390756999851575], [-97.91437299997615, 36.39075799994638], [-97.91457399981759, 36.390761000230896], [-97.91464199958966, 36.390762000325644], [-97.9148540002001, 36.39076299969731], [-97.91506799956203, 36.39076499988686], [-97.91549100005963, 36.390761000230896], [-97.91570399959667, 36.39075900004123], [-97.91591600020708, 36.39075900004123], [-97.91655200024172, 36.390762000325644], [-97.91676399995382, 36.390762000325644], [-97.9168469997945, 36.390762000325644], [-97.91769000041668, 36.39075799994638], [-97.91775200034095, 36.390756999851575], [-97.9179819995964, 36.390756999851575], [-97.91808799990162, 36.390808999704824], [-97.91875200042367, 36.39081099989315], [-97.9190290004331, 36.39081300008147], [-97.92045799996289, 36.390817999828855], [-97.92136500015918, 36.390822000205034], [-97.92166800010787, 36.39082599985792], [-97.92210900014885, 36.39083199969832], [-97.92258000032703, 36.39083800026146], [-97.92288400010065, 36.39084199991352], [-97.92347599975436, 36.39084899984638], [-97.92359499958005, 36.390851000033734], [-97.92437100025508, 36.39086100024644], [-97.92525199961378, 36.39085900005934], [-97.9258449999907, 36.39085900005934], [-97.92717599961121, 36.39085599977867], [-97.9271899998549, 36.39085499968507], [-97.92827799980117, 36.39085300022098], [-97.92902900036184, 36.39085200012738], [-97.92981799965904, 36.39085200012738], [-97.9303159996014, 36.39085200012738], [-97.93108100040578, 36.390851000033734], [-97.93122699999566, 36.390851000033734], [-97.93162200000587, 36.390851000033734], [-97.93257299968475, 36.390856999872256], [-97.93301700009879, 36.39085900005934], [-97.93348900010189, 36.39086299971033], [-97.93435100009233, 36.39085300022098], [-97.93479600033126, 36.39084899984638], [-97.93569000010875, 36.390851000033734], [-97.93662900009207, 36.39085499968507], [-97.93767799968028, 36.39085799996579], [-97.93818400001857, 36.39085799996579], [-97.93837200033956, 36.390856999872256], [-97.93846400040105, 36.390856999872256], [-97.93926699994195, 36.390856999872256], [-97.94015400004675, 36.39086000015289], [-97.94056999997336, 36.39086200033996], [-97.94102500025802, 36.39086299971033], [-97.94129700024459, 36.39086299971033], [-97.94281799983588, 36.39085599977867], [-97.94352800038868, 36.3908540003146], [-97.9437059997656, 36.39085799996579], [-97.94411900021747, 36.39086800017765], [-97.9450230000407, 36.390874000014804], [-97.94555600014317, 36.39087799966501], [-97.94688699976368, 36.3908719998281], [-97.94729400036778, 36.3908719998281], [-97.94790299973991, 36.39087299992148], [-97.94872899974534, 36.39087299992148], [-97.94979999997317, 36.39087299992148], [-97.95105699997383, 36.390870999734716], [-97.95127200005898, 36.390869999641296], [-97.95153499982472, 36.390869000271024], [-97.95262600014401, 36.39086700008419], [-97.95267999967237, 36.39086700008419], [-97.95706900016562, 36.39087500010817], [-97.95806199967731, 36.390880999944834], [-97.96009899965264, 36.39089399970992], [-97.96142299960044, 36.39090299982411], [-97.96165100010438, 36.390906000102966], [-97.96247299991187, 36.39091500021582], [-97.96426899986277, 36.390950999933494], [-97.96518100008194, 36.39096499977903], [-97.96607599968434, 36.39097900034521], [-97.9673610001724, 36.3909979999215], [-97.96971799981488, 36.39101299985014], [-97.97027000018392, 36.391019999767664], [-97.97163699978944, 36.391023000042], [-97.9726760002302, 36.39104299969879], [-97.97432200039329, 36.39104900024559], [-97.97500199991053, 36.39105500006883], [-97.97577199983947, 36.39106199998257], [-97.9758660004491, 36.39106300007351], [-97.97605800006973, 36.391064000164434], [-97.97627399997981, 36.39106600034619], [-97.97756600014056, 36.39106799980482], [-97.97853299971298, 36.39107400034975], [-97.97930299964192, 36.39107300025894], [-97.97932500028153, 36.39107300025894], [-97.97939399987851, 36.39107300025894], [-97.97941700034306, 36.39107300025894], [-97.97985599983588, 36.3910759998081], [-97.98037300004484, 36.39108100026171], [-97.9811739999359, 36.39108100026171], [-97.98161400015195, 36.391082000352405], [-97.98273200023543, 36.39108900026371], [-97.98608800013571, 36.391112000174374], [-97.98720700004411, 36.391120000173174], [-97.98769099974275, 36.39112299972058], [-97.9887489995518, 36.39110500026519], [-97.98920899985931, 36.39110500026519], [-97.98932100001232, 36.39110500026519], [-97.98995799987186, 36.3911040001748], [-97.99090400042621, 36.39111599981234], [-97.99116999966668, 36.391120000173174], [-97.99333200021378, 36.39112100026337], [-97.99462900039742, 36.3911309997182], [-97.99521500020334, 36.39113500007828], [-97.99591200033734, 36.391139999804956], [-97.99721799984349, 36.39113199980825], [-97.99784700020543, 36.39113399998826], [-97.99868699955624, 36.391138999715054], [-97.99973400039293, 36.391128000171115], [-98.00036299985655, 36.391122000353555], [-98.00092299972322, 36.39111599981234], [-98.00104400009705, 36.39111599981234], [-98.00289100010157, 36.39112399981069], [-98.00309100011812, 36.39112100026337], [-98.0037730001835, 36.39111400035495], [-98.00428299982144, 36.391107999813116], [-98.0045969996408, 36.39110500026519], [-98.00565199997509, 36.3911040001748], [-98.00581600000662, 36.3911040001748], [-98.00632700036779, 36.3911040001748], [-98.0069130001737, 36.39110300008438], [-98.00804799997562, 36.39110300008438], [-98.0086730001396, 36.39110099990357], [-98.00925999977044, 36.39109999981312], [-98.01043599958024, 36.39109700026483], [-98.01211799972832, 36.3910929999028], [-98.01396700028099, 36.39109700026483], [-98.01488299979981, 36.39109899972266], [-98.01514399991571, 36.39110199999396], [-98.01543900036681, 36.3911040001748], [-98.01597199957095, 36.39110500026519], [-98.01610299999052, 36.39110500026519], [-98.01752700039576, 36.3911069997228], [-98.01898100003991, 36.3910929999028], [-98.01994099993965, 36.39108499990127], [-98.02181499970837, 36.391085999991866], [-98.02339499974919, 36.391087000082486], [-98.02409100005829, 36.391087000082486], [-98.02470199997857, 36.39108399981061], [-98.02489100012444, 36.39108299971994], [-98.02506799967645, 36.391082000352405], [-98.02652999971653, 36.39107300025894], [-98.02680300042633, 36.39107200016813], [-98.02764199995222, 36.39107100007731], [-98.0293490002147, 36.39106799980482], [-98.0314499997641, 36.39106899989567], [-98.03309099990432, 36.39106999998647], [-98.03364200044847, 36.39106999998647], [-98.03474499956502, 36.39106999998647], [-98.03947999966468, 36.39106999998647], [-98.03970700034371, 36.39106799980482], [-98.0404110001504, 36.391064000164434], [-98.0413619998293, 36.39106699971394], [-98.04205999978822, 36.39106999998647], [-98.04326999993322, 36.39107499971738], [-98.0432900000247, 36.39107400034975], [-98.04436799992521, 36.39107200016813], [-98.0461489998075, 36.39106699971394], [-98.0490770000856, 36.39107300025894], [-98.0510069999308, 36.391077999989605], [-98.05100799975571, 36.39182100021431], [-98.05101299977859, 36.39405200032485], [-98.05101500032673, 36.39479599964465], [-98.05101000030386, 36.39689799992429], [-98.05099500023525, 36.40320600008937], [-98.0509910000373, 36.40521800024104], [-98.05099400041033, 36.40530899984079], [-98.05099600006015, 36.405377000036204], [-98.05098099999154, 36.40543800010772], [-98.05098199981646, 36.40601799979373], [-98.05098799966423, 36.40815099982413], [-98.05099000021238, 36.408863000178314], [-98.05099199986219, 36.4095789999247], [-98.05099799970996, 36.41173000025245], [-98.05100000025811, 36.41244700013895], [-98.05100100008303, 36.41295100034801], [-98.05100500028098, 36.41446600024237], [-98.05100600010589, 36.41447600030812], [-98.05100299973284, 36.414678000204134], [-98.0510069999308, 36.41492199990771], [-98.0510069999308, 36.41497100014684], [-98.05099699988507, 36.41593400016616], [-98.0509910000373, 36.41659700012397], [-98.05101699997655, 36.41765399979349], [-98.0510420000909, 36.4186579998208], [-98.05104799993867, 36.41882500033897], [-98.05105700015952, 36.419061999743604], [-98.05108999977148, 36.419677999781804], [-98.05108599957353, 36.41978800028134], [-98.05117199978724, 36.41978800028134], [-98.05143299990316, 36.41978800028134], [-98.05151999994177, 36.41978800028134], [-98.0519710000285, 36.41978800028134], [-98.0532310004022, 36.41976099985114], [-98.05337799981699, 36.419757999963416], [-98.0541260000046, 36.419770999958025], [-98.05836399998681, 36.419747999854856], [-98.05856200035352, 36.41974700013307], [-98.05958599982736, 36.41975099974299], [-98.06007600027212, 36.419747999854856], [-98.06014300021928, 36.419747999854856], [-98.06154300033506, 36.4197410003564], [-98.06249999986176, 36.41973700002309], [-98.06315900036093, 36.41973700002309], [-98.06447099971486, 36.4197290000788], [-98.06594399962557, 36.419718000244345], [-98.06649000014681, 36.41971500035496], [-98.06741200041174, 36.419721000133634], [-98.06753100023742, 36.419721000133634], [-98.06788799971449, 36.41972300030069], [-98.06800700043848, 36.419724000022796], [-98.06818200034067, 36.419724000022796], [-98.06870799987213, 36.41972699991184], [-98.06888399959922, 36.41972800035677], [-98.06900699962289, 36.41972800035677], [-98.0693749998689, 36.41972999980078], [-98.06949899971747, 36.419731000245655], [-98.07191099961153, 36.4197410003564], [-98.07260899957043, 36.419737999745024], [-98.0819399998526, 36.41971199974257], [-98.08264399965927, 36.419710000298046], [-98.08505100042878, 36.419718000244345], [-98.08540500043111, 36.41971899996651], [-98.0864690000879, 36.41972199985575], [-98.08661399985287, 36.41972300030069], [-98.08682399991515, 36.41971399990986], [-98.08868900036136, 36.419724999744886], [-98.09031299988482, 36.41972300030069], [-98.09153399990046, 36.41972199985575], [-98.09323600014004, 36.41972800035677], [-98.09494800042536, 36.41973400013444], [-98.09748599981779, 36.419724999744886], [-98.09846699963391, 36.419718000244345], [-98.10078300016683, 36.41971899996651], [-98.10115200023778, 36.41971999968862], [-98.10287799986848, 36.41971399990986], [-98.10427299996141, 36.4196929999577], [-98.10452499985648, 36.419685000008826], [-98.10451499981073, 36.41846899964529], [-98.1045399999251, 36.416664000075215]]]}}, {"type": "Feature", "properties": {"tract_id": "40047001301", "name": "Tract Census Tract 13.01", "pct_white_2020": 84.0, "pct_black_2020": 0.4, "pct_hispanic_2020": 7.0, "pct_asian_2020": 1.9, "population_2020": 4305, "is_sample_data": false, "pct_white_1970": 98, "pct_black_1970": 1, "pct_hispanic_1970": 3.8, "pct_asian_1970": 0, "pct_white_1990": 89.3, "pct_black_1990": 2.5, "pct_hispanic_1990": 7.3, "pct_asian_1990": 2.4}, "geometry": {"type": "Polygon", "coordinates": [[[-97.94405499974506, 36.42125699979124], [-97.94405599956995, 36.4206750002515], [-97.9440360003768, 36.41981200009357], [-97.94401100026244, 36.41872500016273], [-97.94400000039178, 36.418096000244105], [-97.94398799979791, 36.41734200021456], [-97.94398399959995, 36.41717599987677], [-97.94397799975218, 36.41694900024715], [-97.94395299963779, 36.41548600031822], [-97.94391900020094, 36.41446799982185], [-97.94389599973641, 36.41310099978736], [-97.94389499991149, 36.41295100034801], [-97.94389499991149, 36.41260099980677], [-97.9438890000637, 36.411370000251786], [-97.943882000391, 36.41123599983356], [-97.94386499977425, 36.41045200014531], [-97.94383299998722, 36.40888699975165], [-97.94381500044385, 36.408099999877365], [-97.94380600022303, 36.40738899964121], [-97.94380500039811, 36.40731700023371], [-97.94380399967488, 36.40725899983909], [-97.94379899965202, 36.406918000108696], [-97.9437979998271, 36.40677899979768], [-97.94377199988784, 36.40572300025761], [-97.943762999667, 36.405324999807064], [-97.94299399956299, 36.405320000269825], [-97.94241600015299, 36.405316999824336], [-97.94122199990152, 36.40531099965598], [-97.94068999962396, 36.405312000286585], [-97.93992200024316, 36.40531500000925], [-97.93961000007361, 36.40531300019417], [-97.93943699982127, 36.405312000286585], [-97.93798200035219, 36.40530600011784], [-97.93749799975522, 36.40530400030252], [-97.93704800039175, 36.40530299967181], [-97.936333999641, 36.40530299967181], [-97.93584499991944, 36.40530299967181], [-97.93569799960635, 36.4053019997641], [-97.93544499988637, 36.4053019997641], [-97.93524900006777, 36.4053019997641], [-97.93504999987616, 36.4053019997641], [-97.93483999981386, 36.4053019997641], [-97.93445599967431, 36.40530299967181], [-97.93425900003082, 36.40530400030252], [-97.93405800018937, 36.40530400030252], [-97.93345700031483, 36.405307000025495], [-97.9332570002983, 36.40530799993315], [-97.93306499977935, 36.40530799993315], [-97.9324899998441, 36.40530899984079], [-97.93229900004837, 36.40530999974836], [-97.93133999997356, 36.40531099965598], [-97.93111200036792, 36.405312000286585], [-97.93038099989873, 36.40530999974836], [-97.92909899978372, 36.405307000025495], [-97.92846600012214, 36.40530500021021], [-97.92812999966316, 36.40530500021021], [-97.92750899969714, 36.40530299967181], [-97.9271820003573, 36.4053019997641], [-97.9271120000371, 36.4053019997641], [-97.92659200035342, 36.40529999994868], [-97.926203000191, 36.405296000317634], [-97.92587699977776, 36.405293999779], [-97.92573799986059, 36.40529299987122], [-97.92545599982829, 36.40529000014766], [-97.92495200003812, 36.40528599979309], [-97.9247119998386, 36.40528800033192], [-97.92434100011783, 36.40529000014766], [-97.92419299997985, 36.40529100005552], [-97.92377200003035, 36.405293999779], [-97.92341600037821, 36.40529299987122], [-97.92235199982309, 36.40529000014766], [-97.92199699999586, 36.405289000239776], [-97.9218609995534, 36.40528800033192], [-97.92145600039576, 36.405284999885204], [-97.92132099977823, 36.405284999885204], [-97.92087700026255, 36.40528000034539], [-97.92047800005437, 36.40527699989836], [-97.92012099967899, 36.405274000174174], [-97.91954499991881, 36.40527099972691], [-97.91910200022804, 36.405268999910696], [-97.91864899959319, 36.40526600018619], [-97.91729100020851, 36.405257000289104], [-97.91683900029689, 36.405254999749516], [-97.91642300037029, 36.40525200002452], [-97.91621300030799, 36.40525100011615], [-97.91517800006518, 36.40524699975958], [-97.9147629999635, 36.40524599985114], [-97.9146369995668, 36.40524599985114], [-97.91429500015835, 36.405244999942695], [-97.91421999981529, 36.405244999942695], [-97.9133000000985, 36.40524400003429], [-97.91289099984459, 36.40524400003429], [-97.91269800039906, 36.405244999942695], [-97.91242300003945, 36.405244999942695], [-97.91187400004345, 36.40524400003429], [-97.91152699971384, 36.40524400003429], [-97.91105200023598, 36.40524400003429], [-97.91032199959172, 36.40523500013464], [-97.91017199980388, 36.40523300031745], [-97.90939500020225, 36.405223999693575], [-97.90884100018339, 36.405217000332236], [-97.90879699980245, 36.405217000332236], [-97.90794599968265, 36.405223999693575], [-97.90710200013388, 36.405231999685874], [-97.90679199961416, 36.40523400022606], [-97.90460200037627, 36.40525100011615], [-97.9034149997975, 36.4052619998304], [-97.90333000030701, 36.40526299973862], [-97.90239899982127, 36.40527500008225], [-97.90217700006343, 36.405274000174174], [-97.90207199958311, 36.40527300026608], [-97.90175899958868, 36.40527200035803], [-97.90165499983162, 36.40527200035803], [-97.90152199976221, 36.40527099972691], [-97.90130099982927, 36.40527099972691], [-97.90112299955403, 36.40527300026608], [-97.90099100020787, 36.40527500008225], [-97.90073699976467, 36.40527799980634], [-97.900513000357, 36.40528100025334], [-97.8999779997064, 36.405286999701005], [-97.89972499998639, 36.40529100005552], [-97.8994649996954, 36.405293999779], [-97.89897000012608, 36.4053019997641], [-97.89868499972071, 36.40530299967181], [-97.89842500032803, 36.40530500021021], [-97.89822000028863, 36.40530600011784], [-97.89787600033203, 36.40530899984079], [-97.89760799964512, 36.40531099965598], [-97.89740500015384, 36.40531300019417], [-97.89713800019015, 36.40531500000925], [-97.89659199966889, 36.40532100017731], [-97.8963399997738, 36.405323999899636], [-97.89607399963504, 36.40532800025223], [-97.89598300029674, 36.405329000159625], [-97.89511700010836, 36.40534300030741], [-97.89481800035759, 36.405348999750295], [-97.8943530000272, 36.40535800035969], [-97.89316600034674, 36.405362999894486], [-97.8926139999777, 36.40536900005883], [-97.89224499990675, 36.405372999686115], [-97.89160600039737, 36.40538200029278], [-97.89138499956613, 36.405400000056915], [-97.89129300040294, 36.40542499988313], [-97.89120800001412, 36.40538300019942], [-97.89103999978464, 36.40538099966308], [-97.890952999746, 36.40539299998848], [-97.89081899985169, 36.405426999695386], [-97.89050000000947, 36.40554799980746], [-97.89040899977287, 36.4055820001695], [-97.89023800006863, 36.40568999985995], [-97.89019500041094, 36.405717000120646], [-97.89012099989277, 36.40576399985576], [-97.89013400031156, 36.406141000225254], [-97.89017000029658, 36.407089000103305], [-97.89018700001502, 36.40727099987444], [-97.89022499964986, 36.40764700028384], [-97.89022899984782, 36.407690999943625], [-97.89023999971846, 36.4077990003174], [-97.89024100044169, 36.40782499996989], [-97.89024300009152, 36.40787000012655], [-97.89025099958911, 36.40804499968455], [-97.89026400000792, 36.40831000012388], [-97.89027099968061, 36.40857299992814], [-97.89027599970348, 36.408748999934865], [-97.89027599970348, 36.408787999656475], [-97.89027900007652, 36.40890500014979], [-97.89027999990144, 36.408944999653876], [-97.89028099972636, 36.409174999837006], [-97.8902840000994, 36.4098649999156], [-97.89028599974921, 36.410095000266836], [-97.89028699957413, 36.41049200029881], [-97.89028900012227, 36.410773999748294], [-97.89028599974921, 36.41168299978873], [-97.89028599974921, 36.412081000201034], [-97.8902840000994, 36.41281800029921], [-97.8902840000994, 36.41332799981948], [-97.89029199959701, 36.41395000001771], [-97.89030400019088, 36.415031999914454], [-97.89030500001579, 36.41508499993439], [-97.89031199968849, 36.41576999997945], [-97.89031199968849, 36.41646699982706], [-97.89031199968849, 36.41655700022263], [-97.89031199968849, 36.41838400016221], [-97.89031300041172, 36.4185589998895], [-97.89032000008442, 36.41925699973623], [-97.89032000008442, 36.41937599981739], [-97.89032199973423, 36.41973299968964], [-97.89032299955915, 36.41985300020754], [-97.89043499971213, 36.41985300020754], [-97.89052099992585, 36.41985300020754], [-97.89077299982092, 36.41985300020754], [-97.89088599979885, 36.41985399992791], [-97.8913750004187, 36.41985399992791], [-97.89266500003131, 36.419856999812], [-97.89284199958331, 36.419856999812], [-97.89318600043822, 36.419856999812], [-97.8933320000281, 36.419856000091606], [-97.89358200027335, 36.41985499964832], [-97.89433100028589, 36.41985499964832], [-97.89458200035605, 36.41985499964832], [-97.89484799959652, 36.41985499964832], [-97.89511999958307, 36.41985499964832], [-97.89515599956809, 36.41985399992791], [-97.89556599964692, 36.41985399992791], [-97.8962050000546, 36.41985499964832], [-97.89642699981246, 36.41985199976423], [-97.89659400021702, 36.419851000043764], [-97.89672800011132, 36.419851000043764], [-97.89687899972407, 36.41985000032336], [-97.89732599961282, 36.41984800015952], [-97.89745399965933, 36.41984800015952], [-97.89819900037223, 36.41984599999567], [-97.89840400041163, 36.41984599999567], [-97.8986610003296, 36.419845000275146], [-97.89902700002747, 36.41984599999567], [-97.89916400029483, 36.41984599999567], [-97.89926200020412, 36.41984599999567], [-97.90034000010463, 36.41984599999567], [-97.9004570002805, 36.41984699971619], [-97.90066200031991, 36.41984899988], [-97.90120799994286, 36.41984899988], [-97.90185900004612, 36.41984899988], [-97.90210699974321, 36.41985000032336], [-97.90381499983059, 36.41985000032336], [-97.90446699975874, 36.41985000032336], [-97.90518599963406, 36.41984699971619], [-97.90544900029809, 36.41984599999567], [-97.9067580001773, 36.419843000111214], [-97.90681300042887, 36.41988999997438], [-97.9073289999146, 36.41989299985706], [-97.90804899961482, 36.41989799990213], [-97.90815300027022, 36.41989900034486], [-97.90827700011879, 36.41989900034486], [-97.90848399980801, 36.41990099978446], [-97.90896300038213, 36.419882000045845], [-97.909032999804, 36.41987999988287], [-97.9091869997898, 36.419838999783174], [-97.90938699980633, 36.41983800006255], [-97.90998699985596, 36.419833999734294], [-97.91018799969741, 36.419833999734294], [-97.91027300008622, 36.419833000013604], [-97.91052900017925, 36.419832000292914], [-97.91061500039298, 36.419832000292914], [-97.91074400026443, 36.41983099984938], [-97.9107579996098, 36.41983099984938], [-97.91113099987871, 36.41983099984938], [-97.91126099957503, 36.419832000292914], [-97.91325400006775, 36.41983700034197], [-97.91431500024984, 36.41983700034197], [-97.91483599975842, 36.41983099984938], [-97.91505199966849, 36.41983000012866], [-97.91585099990975, 36.419828999685045], [-97.91640300027879, 36.419828999685045], [-97.91660400012026, 36.41983000012866], [-97.91692600033552, 36.419827000243586], [-97.91697700038915, 36.41982599979993], [-97.91713200019986, 36.4198240003584], [-97.91718400007838, 36.4198240003584], [-97.91725000020062, 36.419822999914715], [-97.91745100004206, 36.41982000002939], [-97.91751799998922, 36.41982000002939], [-97.91780900024236, 36.41982000002939], [-97.91868299992838, 36.41982099975023], [-97.91897500000643, 36.419822000193896], [-97.91918400024379, 36.419822000193896], [-97.91981100005759, 36.419822000193896], [-97.92002000029498, 36.419822999914715], [-97.921226000242, 36.419822999914715], [-97.92176299964412, 36.4198240003584], [-97.92224800006602, 36.41982099975023], [-97.92459399983782, 36.41980799976398], [-97.9248459997329, 36.41981299981454], [-97.92531500026129, 36.4198240003584], [-97.92569400037796, 36.4198279999643], [-97.92605300040316, 36.4198240003584], [-97.9260559998779, 36.42026300015627], [-97.92606500009873, 36.42157999983955], [-97.92606900029669, 36.422020000245716], [-97.9260769997943, 36.422881000356305], [-97.92607599996938, 36.42300400010906], [-97.92607400031956, 36.42457500026521], [-97.92608400036531, 36.4259580000598], [-97.92608600001512, 36.42613399970551], [-97.9260919998629, 36.42694300024297], [-97.9260919998629, 36.426972000324604], [-97.9260919998629, 36.42705899978182], [-97.92609299968782, 36.42708900017016], [-97.92609699988579, 36.42755100006154], [-97.92609600006087, 36.4278329997329], [-97.92609299968782, 36.42887899971222], [-97.92609299968782, 36.42894599990848], [-97.92609000021308, 36.42961999996061], [-97.92608799966494, 36.430067000353766], [-97.92608699984004, 36.43034200029348], [-97.92608600001512, 36.4306919996619], [-97.92608600001512, 36.430779000009665], [-97.92608600001512, 36.4308119998668], [-97.92608400036531, 36.43109700015205], [-97.92608600001512, 36.431520999761034], [-97.92609600006087, 36.43349300022211], [-97.92609500023596, 36.43365099969067], [-97.92609500023596, 36.434362000184855], [-97.92658099958444, 36.4343549998356], [-97.9273239997492, 36.4343579998821], [-97.92848399966547, 36.43436299971842], [-97.9293210004399, 36.434362000184855], [-97.93011499975995, 36.434360999928494], [-97.93101399956032, 36.43435199978898], [-97.9322439997968, 36.434342000114604], [-97.93227499975895, 36.434342000114604], [-97.93286999978568, 36.434345000161606], [-97.93440399979578, 36.43435400030188], [-97.93474799975236, 36.4343549998356], [-97.93509900027996, 36.4343579998821], [-97.93516000037934, 36.4343579998821], [-97.93537499956616, 36.43434999999877], [-97.93538999963478, 36.434345000161606], [-97.93542999981776, 36.434346999951956], [-97.93544400006145, 36.434346999951956], [-97.93580200026173, 36.43433400022962], [-97.93750100012826, 36.43432000024822], [-97.93887100010683, 36.4343159999433], [-97.9401659997423, 36.43431200036097], [-97.94376600004007, 36.43431799973444], [-97.94403800002661, 36.43430900031269], [-97.94403700020169, 36.43243700033757], [-97.94404600042253, 36.42704200032755], [-97.94404800007236, 36.42559499984679], [-97.94405499974506, 36.42125699979124]]]}}, {"type": "Feature", "properties": {"tract_id": "40047000102", "name": "Tract Census Tract 1.02", "pct_white_2020": 59.5, "pct_black_2020": 0.2, "pct_hispanic_2020": 28.1, "pct_asian_2020": 0.0, "population_2020": 2306, "is_sample_data": false, "pct_white_1970": 70.3, "pct_black_1970": 1, "pct_hispanic_1970": 16.6, "pct_asian_1970": 1.2, "pct_white_1990": 72.1, "pct_black_1990": 1, "pct_hispanic_1990": 22.3, "pct_asian_1990": 2.5}, "geometry": {"type": "Polygon", "coordinates": [[[-97.89032299955915, 36.41985300020754], [-97.89032199973423, 36.41973299968964], [-97.89032000008442, 36.41937599981739], [-97.89032000008442, 36.41925699973623], [-97.89031300041172, 36.4185589998895], [-97.89031199968849, 36.41838400016221], [-97.89031199968849, 36.41655700022263], [-97.89031199968849, 36.41646699982706], [-97.89031199968849, 36.41576999997945], [-97.89030500001579, 36.41508499993439], [-97.89030400019088, 36.415031999914454], [-97.89029199959701, 36.41395000001771], [-97.8902840000994, 36.41332799981948], [-97.8902840000994, 36.41281800029921], [-97.89028599974921, 36.412081000201034], [-97.89028599974921, 36.41168299978873], [-97.89028900012227, 36.410773999748294], [-97.89028699957413, 36.41049200029881], [-97.89028599974921, 36.410095000266836], [-97.8902840000994, 36.4098649999156], [-97.89028099972636, 36.409174999837006], [-97.89027999990144, 36.408944999653876], [-97.89027900007652, 36.40890500014979], [-97.89027599970348, 36.408787999656475], [-97.89027599970348, 36.408748999934865], [-97.89027099968061, 36.40857299992814], [-97.89026400000792, 36.40831000012388], [-97.89025099958911, 36.40804499968455], [-97.89024300009152, 36.40787000012655], [-97.89024100044169, 36.40782499996989], [-97.89023999971846, 36.4077990003174], [-97.89022899984782, 36.407690999943625], [-97.89022499964986, 36.40764700028384], [-97.89018700001502, 36.40727099987444], [-97.89017000029658, 36.407089000103305], [-97.89013400031156, 36.406141000225254], [-97.89012099989277, 36.40576399985576], [-97.89011800041806, 36.40569300029108], [-97.89011099984704, 36.40548300020089], [-97.89011099984704, 36.40546700026716], [-97.89010900019723, 36.40541300028569], [-97.89010400017435, 36.40527599999031], [-97.8900940001286, 36.404935000232705], [-97.89009199958046, 36.40486399991045], [-97.89008800028081, 36.404730999753426], [-97.88955400035343, 36.404729999838345], [-97.88909099967285, 36.404719999963966], [-97.88888099961055, 36.40471199991895], [-97.88794400017537, 36.404709000173], [-97.8871309996904, 36.40471199991895], [-97.88405699982243, 36.40470800025764], [-97.8835189996971, 36.40471199991895], [-97.88152699992762, 36.40470599970392], [-97.8815260001027, 36.404571000165184], [-97.8815260001027, 36.404386000095116], [-97.8815260001027, 36.40424800023667], [-97.88152500027778, 36.404168999908755], [-97.88152500027778, 36.4040360000081], [-97.88152500027778, 36.40395199983943], [-97.88152500027778, 36.40389900017685], [-97.88152500027778, 36.40370000023448], [-97.88152500027778, 36.40368000021937], [-97.88152500027778, 36.40361700035497], [-97.88152399955457, 36.40352199977429], [-97.88152299972965, 36.40323800016174], [-97.88152299972965, 36.403143999776184], [-97.88152199990473, 36.40304800012657], [-97.88152100007981, 36.40300499994376], [-97.88152000025492, 36.40262399977328], [-97.88151900043, 36.40259100022856], [-97.88151900043, 36.40245300007432], [-97.88119800003963, 36.40245200012998], [-97.88059100031732, 36.40245200012998], [-97.88023800013991, 36.40245200012998], [-97.87991799957445, 36.40245200012998], [-97.87958899968648, 36.40245200012998], [-97.87907900004853, 36.40245200012998], [-97.87860500039562, 36.40245200012998], [-97.87843399979307, 36.40245200012998], [-97.87827700033255, 36.40245799979602], [-97.87809400003447, 36.4024640001847], [-97.87795199974423, 36.40246300024045], [-97.87760699996274, 36.40246300024045], [-97.87697699977588, 36.402461000351956], [-97.87665299991077, 36.402461000351956], [-97.8750290003873, 36.40245799979602], [-97.87499699970196, 36.403598000248145], [-97.87398999994656, 36.403607000337345], [-97.87344000012565, 36.40360499975528], [-97.87335399991193, 36.40360299989619], [-97.87309699999396, 36.403600000107375], [-97.8730789995523, 36.403600000107375], [-97.87301199960515, 36.403600000107375], [-97.87294100035837, 36.40359900017774], [-97.87272899974793, 36.403598000248145], [-97.87271299985441, 36.403598000248145], [-97.87265900032605, 36.40359700031849], [-97.87254799999798, 36.40391299985932], [-97.87221499991205, 36.40486399991045], [-97.87210500030719, 36.40518099999193], [-97.871922999834, 36.4057000003325], [-97.87185699971175, 36.40589200019016], [-97.87132899963215, 36.40724099978263], [-97.87128000012666, 36.40736799997153], [-97.87114100020949, 36.40775900022322], [-97.87107900028522, 36.407986999833405], [-97.87099700026944, 36.40829099971869], [-97.87086800039803, 36.40866399993621], [-97.87079200023004, 36.408888000336205], [-97.87066800038147, 36.409251999699045], [-97.87038600034917, 36.410011000142035], [-97.87038999964881, 36.41003500008369], [-97.86997700009525, 36.411148999999305], [-97.86919299992262, 36.41339200028826], [-97.86916000031066, 36.413488999971996], [-97.8687970000875, 36.41451999971465], [-97.86841100029812, 36.415615000313444], [-97.86781299989832, 36.41731499965684], [-97.86777400043857, 36.417442999754364], [-97.86760700003398, 36.4179890001957], [-97.86732500000168, 36.41884400033619], [-97.86729900006243, 36.4189129999827], [-97.86690900007508, 36.420008999808424], [-97.86698900044101, 36.41999099981489], [-97.86720500035109, 36.41994499973206], [-97.86974100009371, 36.41996799977689], [-97.86993699991228, 36.41996600033895], [-97.87034799981602, 36.41996700005792], [-97.87129099999733, 36.419970999656506], [-97.87151899960294, 36.419969999937585], [-97.87217200025434, 36.41996799977689], [-97.87278099962649, 36.41996700005792], [-97.87285699979446, 36.41996700005792], [-97.87371499958695, 36.41996700005792], [-97.87499400022722, 36.41996799977689], [-97.8769369995929, 36.41994600017413], [-97.87818799974579, 36.419936000089784], [-97.87839799980806, 36.41993499964759], [-97.87949699962498, 36.41992899988545], [-97.8800900000019, 36.419930000327724], [-97.88042599956256, 36.419930000327724], [-97.88062099955624, 36.41993100004716], [-97.88125599976594, 36.419931999766575], [-97.8814340000412, 36.419928000165996], [-97.88177100032509, 36.419923000122786], [-97.88197800001431, 36.41991899979892], [-97.88227799958997, 36.41991399975515], [-97.88260200035339, 36.4199089997111], [-97.88281099969244, 36.419905999829076], [-97.88301999992983, 36.41990399966668], [-97.88365000011666, 36.41989900034486], [-97.88386000017896, 36.41989799990213], [-97.88402900023335, 36.41989599973959], [-97.88453700022147, 36.41989200013714], [-97.88470700010079, 36.41989200013714], [-97.8847509995834, 36.41989099969433], [-97.88488299982788, 36.41989099969433], [-97.88492800003371, 36.41989099969433], [-97.88524000020327, 36.41988900025447], [-97.88545699993823, 36.41988900025447], [-97.88613300015584, 36.41988700009162], [-97.88617800036168, 36.419885999648805], [-97.88649100035612, 36.419885999648805], [-97.88659599993811, 36.41988499992878], [-97.88691399995544, 36.419884000208754], [-97.88702000026065, 36.419884000208754], [-97.88722600012495, 36.419882999765896], [-97.88744500040808, 36.419882000045845], [-97.88784600026605, 36.41987699999969], [-97.8880529999553, 36.41987499983659], [-97.88816900030626, 36.41987299967344], [-97.8885169995625, 36.41986900006981], [-97.88863399973835, 36.419868000349574], [-97.88872699962478, 36.419866000186246], [-97.88900600018235, 36.41986199985937], [-97.88909999989367, 36.41986199985937], [-97.88919799980297, 36.419858999975546], [-97.88949300025406, 36.41985000032336], [-97.88959199998827, 36.41984800015952], [-97.88973799957814, 36.41984899988], [-97.89017600014436, 36.41985199976423], [-97.89032299955915, 36.41985300020754]]]}}, {"type": "Feature", "properties": {"tract_id": "40047000601", "name": "Tract Census Tract 6.01", "pct_white_2020": 71.7, "pct_black_2020": 0.9, "pct_hispanic_2020": 18.7, "pct_asian_2020": 0.1, "population_2020": 2652, "is_sample_data": false, "pct_white_1970": 85.5, "pct_black_1970": 1, "pct_hispanic_1970": 3.7, "pct_asian_1970": 1.3, "pct_white_1990": 86.7, "pct_black_1990": 1, "pct_hispanic_1990": 13.5, "pct_asian_1990": 0}, "geometry": {"type": "Polygon", "coordinates": [[[-97.90789600035225, 36.384755000077575], [-97.90789899982701, 36.38421799983901], [-97.90788700013142, 36.38349999964351], [-97.9045069999417, 36.38356999976891], [-97.9045069999417, 36.38346500028036], [-97.9045069999417, 36.383332999854375], [-97.9045069999417, 36.38322100015001], [-97.9045069999417, 36.38288799993404], [-97.90450799976662, 36.38277699978622], [-97.90415200011448, 36.382772999719315], [-97.90308699973444, 36.382761999715036], [-97.90273199990719, 36.382758999845066], [-97.90249300043091, 36.382765000308055], [-97.90218499956103, 36.382773999916886], [-97.90209800042071, 36.382772999719315], [-97.90204200034421, 36.382765999782514], [-97.90191799959733, 36.382703999798146], [-97.90181100036553, 36.38263400033963], [-97.9016120001739, 36.38250300015046], [-97.90154699987657, 36.38257200024998], [-97.90140499958635, 36.382724000148464], [-97.9013860002181, 36.38275099970921], [-97.90137399962421, 36.382779000181245], [-97.90137299979929, 36.38279099965723], [-97.90137000032458, 36.38288600026505], [-97.90119299987424, 36.38288600026505], [-97.90066499979464, 36.38288900013013], [-97.90048900006755, 36.3828900003262], [-97.89951999994697, 36.38289099979904], [-97.89847399983353, 36.382896000055865], [-97.89707299989283, 36.382907000041186], [-97.89607600018317, 36.38292499994809], [-97.89452600027955, 36.382923000280115], [-97.89385099988685, 36.382926000143705], [-97.89332299980725, 36.382930000202734], [-97.8926630003815, 36.38292399975252], [-97.89250500019776, 36.38289300019107], [-97.89230699983102, 36.38284299977593], [-97.89210900036264, 36.38276800017781], [-97.89188500005663, 36.38263600001505], [-97.891798000018, 36.38258499995791], [-97.89131500014425, 36.38227599974735], [-97.89109900023418, 36.38251499966905], [-97.89077399964584, 36.38287900033841], [-97.89040700012305, 36.383185999938064], [-97.89038100018377, 36.38320900001714], [-97.89028800029736, 36.38324999992102], [-97.89010699964908, 36.383293000185134], [-97.89004200025006, 36.38329199999425], [-97.88989199956391, 36.38329199999425], [-97.88924700020678, 36.38329199999425], [-97.88903200012162, 36.38329199999425], [-97.8885230003086, 36.38329099980334], [-97.88794900019822, 36.38329000033565], [-97.88699799962102, 36.38328399991316], [-97.8864899996329, 36.38328200025436], [-97.88624000028597, 36.38328500010415], [-97.88549299992324, 36.3832979996929], [-97.88524400040122, 36.38330299992356], [-97.88499599980578, 36.38330599977254], [-97.88461300038944, 36.38331100000268], [-97.88430000039502, 36.3833139998513], [-97.88425299964103, 36.38331299966074], [-97.88400599976883, 36.38330999981203], [-97.88375999972152, 36.38330599977254], [-97.88336800008436, 36.383301999732794], [-97.88302300030286, 36.383301999732794], [-97.88277800008048, 36.383301999732794], [-97.88254600027689, 36.38330100026525], [-97.88185199961762, 36.38330000007445], [-97.88174899968546, 36.38330000007445], [-97.88165699962394, 36.3833219999293], [-97.88162999985977, 36.38334099993041], [-97.88160899994338, 36.38335499969989], [-97.88159200022493, 36.383369000190044], [-97.88156100026279, 36.38341100019894], [-97.8815470000191, 36.383431999833306], [-97.88153699997335, 36.383453999650754], [-97.88151799970679, 36.38352399981757], [-97.88151900043, 36.38354900017182], [-97.88152699992762, 36.38370899964514], [-97.88152500027778, 36.38376799972038], [-97.88151799970679, 36.384124000315474], [-97.88151100003408, 36.38442599990411], [-97.88150699983613, 36.384646000049024], [-97.88150299963817, 36.38484299998248], [-97.88150299963817, 36.38487099970127], [-97.88151400040712, 36.385434999844456], [-97.88151799970679, 36.38563300010932], [-97.88152199990473, 36.38583400034459], [-97.88152399955457, 36.3859079997211], [-97.88152199990473, 36.386438999680024], [-97.88152199990473, 36.38664100014905], [-97.88119899986455, 36.38664200029685], [-97.88023399994195, 36.38664700031248], [-97.87991199972666, 36.38664899988474], [-97.87978299985524, 36.38664899988474], [-97.87939700006585, 36.386650000032446], [-97.87926900001932, 36.386651000180095], [-97.87921299994284, 36.38678300003576], [-97.87919200002644, 36.386849999663056], [-97.87902700017001, 36.387397999876825], [-97.87900999955326, 36.38746499969732], [-97.87895799967472, 36.3876729997545], [-97.87893099991054, 36.387780999745566], [-97.87889999994839, 36.387883000242084], [-97.87886399996339, 36.3880059997271], [-97.87879600019131, 36.38825600006779], [-97.87870599977964, 36.388507999852294], [-97.87862600031201, 36.388710000007976], [-97.87854400029624, 36.38891499999463], [-97.87838100008963, 36.38933199986199], [-97.87831999999025, 36.38953999998638], [-97.87830099972369, 36.38960600002081], [-97.87828099963218, 36.389728000287526], [-97.87828099963218, 36.38975699980116], [-97.87828200035543, 36.38986300030031], [-97.8782880002032, 36.3901820003096], [-97.87828999985302, 36.390289000330114], [-97.87829099967796, 36.3904040002758], [-97.87829599970081, 36.390749999910376], [-97.87829800024895, 36.39086599999073], [-97.87862100028913, 36.39086499989726], [-97.87959000040972, 36.39086499989726], [-97.87991400027481, 36.39086499989726], [-97.88023499976686, 36.39086200033996], [-97.88096100021318, 36.390856999872256], [-97.88119999968946, 36.3908540003146], [-97.88152199990473, 36.39085200012738], [-97.88226000004663, 36.390845000194744], [-97.88262300026979, 36.39084199991352], [-97.88276700020982, 36.39084400010099], [-97.88301200043222, 36.39084699965904], [-97.88374700020104, 36.39085900005934], [-97.88399300024834, 36.39086299971033], [-97.88424199977037, 36.39086599999073], [-97.88463500013076, 36.390869999641296], [-97.8849909997829, 36.39087500010817], [-97.88524100002817, 36.39087799966501], [-97.88548899972528, 36.390879999851556], [-97.88588799993346, 36.39088400022461], [-97.88601400033016, 36.39088500031777], [-97.88623400043818, 36.390885999687846], [-97.88648299996021, 36.39088799987424], [-97.88672999983241, 36.39089000006053], [-97.88712300019279, 36.39089399970992], [-97.88747399982208, 36.39089399970992], [-97.88772300024242, 36.39089499980302], [-97.88797199976445, 36.39089399970992], [-97.88835799955383, 36.39089300033995], [-97.88872199960191, 36.39089200024682], [-97.88897199984717, 36.39089200024682], [-97.88920399965075, 36.39089100015369], [-97.8899030003329, 36.39089000006053], [-97.89007599968694, 36.39089000006053], [-97.89013699978632, 36.39089000006053], [-97.89058399967504, 36.390888999967416], [-97.89138899976409, 36.39088799987424], [-97.89260700030499, 36.390885999687846], [-97.89285300035229, 36.39088500031777], [-97.89359099959586, 36.39088400022461], [-97.89383800036639, 36.39088400022461], [-97.89408299969045, 36.39088300013136], [-97.89481699963439, 36.39088200003811], [-97.89506299968167, 36.39088200003811], [-97.89530700007914, 36.39087899975832], [-97.89576499983855, 36.3908760002015], [-97.89603799965002, 36.39087299992148], [-97.89605199989371, 36.39087299992148], [-97.8962829998724, 36.390870999734716], [-97.89652399989681, 36.39086800017765], [-97.89688200009712, 36.39086399980377], [-97.89696699958762, 36.39086299971033], [-97.897247999795, 36.39086000015289], [-97.89748999964435, 36.39085799996579], [-97.89780199981388, 36.39085499968507], [-97.89873800032248, 36.39084600028847], [-97.89905100031693, 36.39084400010099], [-97.89928800014339, 36.39083800026146], [-97.89960199996274, 36.39083199969832], [-97.89999899962278, 36.39082300029906], [-97.90023600034755, 36.390817999828855], [-97.90031900018825, 36.39081599964065], [-97.90048300021975, 36.39081300008147], [-97.90122600038453, 36.390802999862586], [-97.90147400008165, 36.390800999674], [-97.90171799958081, 36.390797000019894], [-97.90245099969981, 36.390786999798955], [-97.9026959999222, 36.39078500033311], [-97.90293899959644, 36.39078300014412], [-97.90332199991109, 36.39078099995503], [-97.90366900024073, 36.39077899976588], [-97.90391299973989, 36.390777999671336], [-97.90415299993938, 36.39077600020526], [-97.90487500018774, 36.39077199982672], [-97.90511600021217, 36.39077199982672], [-97.90535600041169, 36.39076900026577], [-97.90573499963006, 36.39076599998162], [-97.90607899958664, 36.390761000230896], [-97.90631999961106, 36.39075799994638], [-97.90663400032874, 36.390754000290045], [-97.90750899983966, 36.39074299996854], [-97.90757599978681, 36.39074199987348], [-97.9078910003294, 36.39074199987348], [-97.9078910003294, 36.39065600032918], [-97.90789299997921, 36.39039799967921], [-97.90789399980413, 36.390312999854885], [-97.90789399980413, 36.3902240002541], [-97.90789299997921, 36.39015699991859], [-97.90788999960617, 36.389689999786384], [-97.90788899978124, 36.389535000156805], [-97.90788700013142, 36.38939599984827], [-97.90788399975838, 36.38898099983648], [-97.90788399975838, 36.3888430001032], [-97.90788299993346, 36.38869799999912], [-97.90787999956042, 36.3882640003605], [-97.9078789997355, 36.38812000002847], [-97.9078789997355, 36.38796899996126], [-97.90788100028365, 36.38751899985602], [-97.90788200010856, 36.387369000206384], [-97.90788399975838, 36.38700699986965], [-97.90788399975838, 36.38687099981503], [-97.90788799995634, 36.38625799972688], [-97.90789299997921, 36.385376999751706], [-97.90789600035225, 36.384879999789504], [-97.90789600035225, 36.384755000077575]]]}}, {"type": "Feature", "properties": {"tract_id": "40047000701", "name": "Tract Census Tract 7.01", "pct_white_2020": 35.2, "pct_black_2020": 6.2, "pct_hispanic_2020": 30.4, "pct_asian_2020": 0.0, "population_2020": 3187, "is_sample_data": false, "pct_white_1970": 55.0, "pct_black_1970": 8.7, "pct_hispanic_1970": 11.0, "pct_asian_1970": 1.6, "pct_white_1990": 40.4, "pct_black_1990": 4.4, "pct_hispanic_1990": 20.7, "pct_asian_1990": 4.6}, "geometry": {"type": "Polygon", "coordinates": [[[-97.87465299974536, 36.3980440002403], [-97.87473999978401, 36.3978110003565], [-97.87464299969962, 36.39780800034414], [-97.87435399999463, 36.39780200031905], [-97.87425799973516, 36.39780000031055], [-97.87409000040398, 36.39780400032748], [-97.87398900012164, 36.39780800034414], [-97.87358800026365, 36.3978120003606], [-97.87342099985906, 36.3978139996457], [-97.87325299962959, 36.39781299964161], [-97.87275200021249, 36.3978110003565], [-97.8725849998079, 36.3978110003565], [-97.8724230003245, 36.3978110003565], [-97.87239900003506, 36.3978110003565], [-97.8719370000777, 36.397809000348246], [-97.87177600041922, 36.397809000348246], [-97.87169199985532, 36.39780800034414], [-97.8714430003333, 36.39780800034414], [-97.87135999959429, 36.39780800034414], [-97.87111400044532, 36.39780700033998], [-97.87037600030342, 36.39780700033998], [-97.87013100008105, 36.39780700033998], [-97.86981300006371, 36.39780600033581], [-97.86886099966159, 36.39780600033581], [-97.8685440003675, 36.39780600033581], [-97.86848800029101, 36.39780600033581], [-97.86832000006152, 36.39780600033581], [-97.86826399998502, 36.39780600033581], [-97.8668839999607, 36.39780500033163], [-97.86569100043248, 36.39780500033163], [-97.86529300004923, 36.39780100031481], [-97.86526100026218, 36.39780100031481], [-97.86459300044048, 36.397795000289214], [-97.86400799956117, 36.39781000035237], [-97.86367799984829, 36.39783399972439], [-97.86368000039643, 36.39791900000158], [-97.86368799989403, 36.39835399996474], [-97.8636870000691, 36.39845900031414], [-97.86368399969606, 36.39883799995447], [-97.86368100022133, 36.399097000055455], [-97.86367899967318, 36.39924400025641], [-97.86367500037355, 36.399687999854], [-97.86367500037355, 36.39983600036127], [-97.8636739996503, 36.399940000177764], [-97.86367200000049, 36.40025500015643], [-97.86367200000049, 36.40036000010663], [-97.86245900038078, 36.40036799987666], [-97.86245199980976, 36.4015180001869], [-97.86245799965755, 36.401606999871134], [-97.86256099958972, 36.40160599991586], [-97.86254700024433, 36.40337199991479], [-97.86254300004637, 36.40437199977484], [-97.8625530000921, 36.40519799989364], [-97.86232700013629, 36.40519699998457], [-97.8616509999187, 36.40519600007549], [-97.86142599978778, 36.40519600007549], [-97.86031199990228, 36.40519400025734], [-97.85922200030619, 36.40519199971613], [-97.85917600027544, 36.40519199971613], [-97.85806700041279, 36.405190999807], [-97.85696100002487, 36.405190999807], [-97.85673500006907, 36.405190999807], [-97.85614699971501, 36.40519199971613], [-97.85605999967638, 36.40519199971613], [-97.85583500044379, 36.40519199971613], [-97.85560699993984, 36.40519199971613], [-97.85492499987444, 36.40519400025734], [-97.85469800009375, 36.40519600007549], [-97.85469600044391, 36.40549200007176], [-97.85469899991864, 36.40591500005843], [-97.85470099956846, 36.406112000317385], [-97.85470599959133, 36.406560999896136], [-97.85470999978929, 36.407010999657764], [-97.85471099961421, 36.40710700019504], [-97.85471700036031, 36.40790799969224], [-97.85472200038318, 36.40880000017863], [-97.85472200038318, 36.409168999966646], [-97.854724000033, 36.410124000133884], [-97.85472499985792, 36.41027899991292], [-97.85472800023096, 36.41064899974435], [-97.85473200042892, 36.41077500030855], [-97.85473699955347, 36.411171999757215], [-97.85473800027671, 36.41125299985623], [-97.8547590001931, 36.41134599999967], [-97.85475400017023, 36.411793000044824], [-97.85475699964496, 36.41217599971461], [-97.85474199957635, 36.41244300015289], [-97.8564410003412, 36.4124439999687], [-97.86153999959062, 36.412448999770454], [-97.86324000018035, 36.412451000124804], [-97.86333600043983, 36.412451000124804], [-97.86339800036411, 36.412451000124804], [-97.86362400031992, 36.41244300015289], [-97.8637210004043, 36.41244099979834], [-97.86378800035145, 36.41243900016663], [-97.86400599991133, 36.41242199968054], [-97.86452899996807, 36.41236400020546], [-97.8647490000761, 36.41232699974488], [-97.86495199956737, 36.412281000183285], [-97.8652279997519, 36.41223499987146], [-97.86535900017145, 36.41220200007105], [-97.86554800031735, 36.41215499989297], [-97.8657009995799, 36.41211700023583], [-97.86623399968238, 36.41193299988261], [-97.86659000023286, 36.4117819998094], [-97.86716699981794, 36.41147899967704], [-97.8673750002304, 36.41136100033887], [-97.86761100023195, 36.41120000011337], [-97.86815500020508, 36.410817999805985], [-97.86898100021051, 36.41021800002744], [-97.86950799956689, 36.40982500016224], [-97.86974899959131, 36.40964600014592], [-97.869762999835, 36.409635000329374], [-97.87037899977817, 36.409192000310725], [-97.87053500031209, 36.409076000108854], [-97.87079200023004, 36.408888000336205], [-97.87086800039803, 36.40866399993621], [-97.87099700026944, 36.40829099971869], [-97.87107900028522, 36.407986999833405], [-97.87114100020949, 36.40775900022322], [-97.87128000012666, 36.40736799997153], [-97.87132899963215, 36.40724099978263], [-97.87185699971175, 36.40589200019016], [-97.871922999834, 36.4057000003325], [-97.87210500030719, 36.40518099999193], [-97.87221499991205, 36.40486399991045], [-97.87254799999798, 36.40391299985932], [-97.87265900032605, 36.40359700031849], [-97.87273700014386, 36.40337099998222], [-97.87288299973373, 36.40295500017212], [-97.87297499979523, 36.40269300009072], [-97.8730559999861, 36.40246799996152], [-97.87306299965879, 36.40244699968485], [-97.87322199966745, 36.40200100004333], [-97.87333600036857, 36.40168200009458], [-97.87374100042452, 36.40060699985697], [-97.87381099984641, 36.40042499966036], [-97.8739079999308, 36.400141000297815], [-97.87398599974858, 36.399908000193456], [-97.87422299957505, 36.39920900002721], [-97.87423000014607, 36.399191000275046], [-97.87430799996388, 36.39897899998807], [-97.8743940001776, 36.39874500002305], [-97.87465299974536, 36.3980440002403]]]}}, {"type": "Feature", "properties": {"tract_id": "40047001302", "name": "Tract Census Tract 13.02", "pct_white_2020": 88.5, "pct_black_2020": 1.6, "pct_hispanic_2020": 4.4, "pct_asian_2020": 0.7, "population_2020": 3466, "is_sample_data": false, "pct_white_1970": 98, "pct_black_1970": 1, "pct_hispanic_1970": 5.4, "pct_asian_1970": 0, "pct_white_1990": 95, "pct_black_1990": 3.5, "pct_hispanic_1990": 1, "pct_asian_1990": 0.3}, "geometry": {"type": "Polygon", "coordinates": [[[-97.92609600006087, 36.4278329997329], [-97.92609699988579, 36.42755100006154], [-97.92609299968782, 36.42708900017016], [-97.9260919998629, 36.42705899978182], [-97.9260919998629, 36.426972000324604], [-97.9260919998629, 36.42694300024297], [-97.92608600001512, 36.42613399970551], [-97.92608400036531, 36.4259580000598], [-97.92607400031956, 36.42457500026521], [-97.92607599996938, 36.42300400010906], [-97.9260769997943, 36.422881000356305], [-97.92606900029669, 36.422020000245716], [-97.92606500009873, 36.42157999983955], [-97.9260559998779, 36.42026300015627], [-97.92605300040316, 36.4198240003584], [-97.92569400037796, 36.4198279999643], [-97.92531500026129, 36.4198240003584], [-97.9248459997329, 36.41981299981454], [-97.92459399983782, 36.41980799976398], [-97.92224800006602, 36.41982099975023], [-97.92176299964412, 36.4198240003584], [-97.921226000242, 36.419822999914715], [-97.92002000029498, 36.419822999914715], [-97.91981100005759, 36.419822000193896], [-97.91918400024379, 36.419822000193896], [-97.91897500000643, 36.419822000193896], [-97.91868299992838, 36.41982099975023], [-97.91780900024236, 36.41982000002939], [-97.91751799998922, 36.41982000002939], [-97.91745100004206, 36.41982000002939], [-97.91725000020062, 36.419822999914715], [-97.91718400007838, 36.4198240003584], [-97.91713200019986, 36.4198240003584], [-97.91697700038915, 36.41982599979993], [-97.91692600033552, 36.419827000243586], [-97.91660400012026, 36.41983000012866], [-97.91640300027879, 36.419828999685045], [-97.91585099990975, 36.419828999685045], [-97.91505199966849, 36.41983000012866], [-97.91483599975842, 36.41983099984938], [-97.91431500024984, 36.41983700034197], [-97.91325400006775, 36.41983700034197], [-97.91126099957503, 36.419832000292914], [-97.91113099987871, 36.41983099984938], [-97.9107579996098, 36.41983099984938], [-97.91074400026443, 36.41983099984938], [-97.91061500039298, 36.419832000292914], [-97.91052900017925, 36.419832000292914], [-97.91027300008622, 36.419833000013604], [-97.91018799969741, 36.419833999734294], [-97.90998699985596, 36.419833999734294], [-97.90938699980633, 36.41983800006255], [-97.9091869997898, 36.419838999783174], [-97.909032999804, 36.41987999988287], [-97.90896300038213, 36.419882000045845], [-97.90848399980801, 36.41990099978446], [-97.90827700011879, 36.41989900034486], [-97.90815300027022, 36.41989900034486], [-97.90804899961482, 36.41989799990213], [-97.9073289999146, 36.41989299985706], [-97.90681300042887, 36.41988999997438], [-97.9067580001773, 36.419843000111214], [-97.90544900029809, 36.41984599999567], [-97.90518599963406, 36.41984699971619], [-97.90446699975874, 36.41985000032336], [-97.90381499983059, 36.41985000032336], [-97.90210699974321, 36.41985000032336], [-97.90185900004612, 36.41984899988], [-97.90120799994286, 36.41984899988], [-97.90066200031991, 36.41984899988], [-97.9004570002805, 36.41984699971619], [-97.90034000010463, 36.41984599999567], [-97.89926200020412, 36.41984599999567], [-97.89916400029483, 36.41984599999567], [-97.89902700002747, 36.41984599999567], [-97.8986610003296, 36.419845000275146], [-97.89840400041163, 36.41984599999567], [-97.89819900037223, 36.41984599999567], [-97.89745399965933, 36.41984800015952], [-97.89732599961282, 36.41984800015952], [-97.89687899972407, 36.41985000032336], [-97.89672800011132, 36.419851000043764], [-97.89659400021702, 36.419851000043764], [-97.89642699981246, 36.41985199976423], [-97.8962050000546, 36.41985499964832], [-97.89556599964692, 36.41985399992791], [-97.89515599956809, 36.41985399992791], [-97.89511999958307, 36.41985499964832], [-97.89484799959652, 36.41985499964832], [-97.89458200035605, 36.41985499964832], [-97.89433100028589, 36.41985499964832], [-97.89358200027335, 36.41985499964832], [-97.8933320000281, 36.419856000091606], [-97.89318600043822, 36.419856999812], [-97.89284199958331, 36.419856999812], [-97.89266500003131, 36.419856999812], [-97.8913750004187, 36.41985399992791], [-97.89088599979885, 36.41985399992791], [-97.89077299982092, 36.41985300020754], [-97.89052099992585, 36.41985300020754], [-97.89043499971213, 36.41985300020754], [-97.89032299955915, 36.41985300020754], [-97.89032400028236, 36.41995799969537], [-97.89033000013016, 36.42027600006635], [-97.89033199977997, 36.420382000141615], [-97.89033299960488, 36.42101400017846], [-97.89033400032812, 36.421268999832705], [-97.89032500010728, 36.42291300027547], [-97.89032199973423, 36.423546000348146], [-97.89032199973423, 36.423584999868716], [-97.89032099990933, 36.423740000253126], [-97.89032000008442, 36.42396700027173], [-97.89032099990933, 36.42420799998866], [-97.89032199973423, 36.42436499989976], [-97.89032299955915, 36.424573999882774], [-97.89032400028236, 36.424656000120144], [-97.89032699975711, 36.42520100007032], [-97.890327999582, 36.42531299999739], [-97.89032599993219, 36.42541100034308], [-97.8903190002595, 36.42576199990269], [-97.89031400023661, 36.42604899993875], [-97.89028900012227, 36.42637899991565], [-97.89025200031234, 36.42675799996561], [-97.89024100044169, 36.4268140002719], [-97.89017799979419, 36.42716100004309], [-97.8901579997027, 36.42727100006132], [-97.89007300021221, 36.42764299986185], [-97.88998699999847, 36.4279560003145], [-97.88987099964751, 36.428379999732506], [-97.88975000017201, 36.42879900025435], [-97.88940299984237, 36.42973099970182], [-97.88921399969648, 36.43014399974125], [-97.88915400032035, 36.430260000279326], [-97.8888139996634, 36.43091900031465], [-97.88877299965553, 36.43098400031886], [-97.88838299966818, 36.43160200031946], [-97.8883349999876, 36.43167999992076], [-97.88802700001602, 36.43214399980216], [-97.88768800008232, 36.43256500008125], [-97.88715800035288, 36.43319699996791], [-97.88703699997907, 36.43333100007634], [-97.88669800004537, 36.4337089998906], [-97.88654099968652, 36.43386799990485], [-97.88638000002804, 36.43403200017377], [-97.8862999996621, 36.434102999852236], [-97.88591700024577, 36.434445999989904], [-97.88586700001706, 36.43448700032635], [-97.88615300024732, 36.43448799985836], [-97.8861930004303, 36.43448900011303], [-97.88636199958638, 36.43448900011303], [-97.88663100009822, 36.43448799985836], [-97.8868770001455, 36.43448799985836], [-97.88753999994431, 36.43448400028483], [-97.88952900023908, 36.43447399990473], [-97.8901929998628, 36.43447200011761], [-97.89111199975466, 36.434466000033346], [-97.89387000015343, 36.43445099982055], [-97.89407000016998, 36.434450000288074], [-97.8947899998702, 36.43444700024517], [-97.89544599999631, 36.43444400020211], [-97.89564799966269, 36.43444100015893], [-97.89723799974927, 36.43442400015298], [-97.89822399958827, 36.43442400015298], [-97.89866600035245, 36.43442499968581], [-97.89908300010399, 36.43442299989742], [-97.89932499995331, 36.43442100010903], [-97.90005100039963, 36.43441699980937], [-97.90029400007387, 36.43441600027646], [-97.90074299961245, 36.434413000232205], [-97.9020909998497, 36.43440500035453], [-97.90232799967616, 36.434404000098716], [-97.90254100011148, 36.434399999798174], [-97.90275899967139, 36.4343969997533], [-97.90325599978885, 36.434390999663194], [-97.9039629999686, 36.43438299978326], [-97.9045279998581, 36.43438099999384], [-97.90540400009226, 36.434377999948225], [-97.90611999959454, 36.43437699969207], [-97.90652499965049, 36.434373000112885], [-97.90696900006449, 36.434370000066956], [-97.9077020001835, 36.434362000184855], [-97.90774300019139, 36.434362000184855], [-97.90814900007226, 36.434362000184855], [-97.90972499991513, 36.434362000184855], [-97.91006399984884, 36.434362000184855], [-97.91159700003402, 36.4343820002499], [-97.9126020001396, 36.43438899987399], [-97.91315299978542, 36.43439199991917], [-97.91323200032646, 36.43439199991917], [-97.91331199979409, 36.43439300017509], [-97.91445599981682, 36.434399999798174], [-97.91484199960621, 36.434402999842945], [-97.91537899990665, 36.43440599988759], [-97.91603300038294, 36.43441000018782], [-97.91645299960919, 36.434413000232205], [-97.91647000022594, 36.43441199997648], [-97.91710100023772, 36.43441099972082], [-97.91778199957987, 36.434408999932074], [-97.91822000014609, 36.434408999932074], [-97.9183389999718, 36.43440799967636], [-97.9186989998219, 36.43440599988759], [-97.91881900037082, 36.43440599988759], [-97.9194179996972, 36.434402000309845], [-97.92038799964268, 36.434398000009146], [-97.92104799996677, 36.4343939997083], [-97.92121799984608, 36.43439300017509], [-97.92151900014495, 36.43439199991917], [-97.92181799989571, 36.43439199991917], [-97.92267300021345, 36.434390999663194], [-97.92331000007299, 36.434390999663194], [-97.92509799962798, 36.434377999948225], [-97.9252390000933, 36.4343749999025], [-97.92609500023596, 36.434362000184855], [-97.92609500023596, 36.43365099969067], [-97.92609600006087, 36.43349300022211], [-97.92608600001512, 36.431520999761034], [-97.92608400036531, 36.43109700015205], [-97.92608600001512, 36.4308119998668], [-97.92608600001512, 36.430779000009665], [-97.92608600001512, 36.4306919996619], [-97.92608699984004, 36.43034200029348], [-97.92608799966494, 36.430067000353766], [-97.92609000021308, 36.42961999996061], [-97.92609299968782, 36.42894599990848], [-97.92609299968782, 36.42887899971222], [-97.92609600006087, 36.4278329997329]]]}}, {"type": "Feature", "properties": {"tract_id": "40047000101", "name": "Tract Census Tract 1.01", "pct_white_2020": 65.2, "pct_black_2020": 0.1, "pct_hispanic_2020": 19.2, "pct_asian_2020": 8.2, "population_2020": 2417, "is_sample_data": false, "pct_white_1970": 87.5, "pct_black_1970": 4.7, "pct_hispanic_1970": 8.1, "pct_asian_1970": 1.8, "pct_white_1990": 73.3, "pct_black_1990": 2.5, "pct_hispanic_1990": 13.9, "pct_asian_1990": 6.0}, "geometry": {"type": "Polygon", "coordinates": [[[-97.90140899978431, 36.39805000024667], [-97.90145900001302, 36.397893999929686], [-97.9012530001487, 36.39786399983286], [-97.9011970000722, 36.39783699973579], [-97.900978999614, 36.397756000111336], [-97.90088400007775, 36.39774000003274], [-97.90074000013772, 36.397746000062575], [-97.9002179999059, 36.39780700033998], [-97.8997390002301, 36.3978110003565], [-97.89899699989026, 36.39780600033581], [-97.8989990004384, 36.39759599989996], [-97.89900399956295, 36.397309000290676], [-97.89900500028617, 36.39696800027924], [-97.89900600011109, 36.396758999766014], [-97.89900600011109, 36.396529999727754], [-97.8990079997609, 36.39616099993277], [-97.8990079997609, 36.395842999903294], [-97.89900899958582, 36.39561400005862], [-97.89901000030905, 36.39539199978613], [-97.89901199995886, 36.39505600023923], [-97.89901299978378, 36.394729000357316], [-97.89901399960868, 36.394507999773055], [-97.89901500033191, 36.39428800005607], [-97.89901699998174, 36.393962999942936], [-97.89901799980666, 36.393630000177446], [-97.8990200003548, 36.39341100020557], [-97.89871400003305, 36.39341000014483], [-97.89779599996609, 36.393408000023335], [-97.89749100036757, 36.393408000023335], [-97.89724600014517, 36.393406999962615], [-97.89651300002618, 36.39340599990184], [-97.8962689996287, 36.39340599990184], [-97.8960229995814, 36.39340499984104], [-97.89528600016274, 36.39340399978023], [-97.89504099994036, 36.39340399978023], [-97.89479800026612, 36.39340299971941], [-97.89406900034506, 36.39340000026004], [-97.89382699959741, 36.39340000026004], [-97.89358100044844, 36.39339800013827], [-97.89284300030656, 36.39339600001652], [-97.89259700025926, 36.393394999955596], [-97.89235200003687, 36.393393999894656], [-97.89161899991785, 36.393391999772795], [-97.8913750004187, 36.393391999772795], [-97.89112500017346, 36.393391999772795], [-97.89062100038329, 36.393391999772795], [-97.890375000336, 36.39339099971182], [-97.89012599991565, 36.39339099971182], [-97.89012699974056, 36.393170999725854], [-97.89013000011361, 36.39287100025359], [-97.89013000011361, 36.39283000036113], [-97.89013199976344, 36.39251099964785], [-97.89013400031156, 36.392292000138944], [-97.8901359999614, 36.39183700006513], [-97.89013699978632, 36.39089000006053], [-97.89007599968694, 36.39089000006053], [-97.8899030003329, 36.39089000006053], [-97.88920399965075, 36.39089100015369], [-97.88897199984717, 36.39089200024682], [-97.88872199960191, 36.39089200024682], [-97.88835799955383, 36.39089300033995], [-97.88797199976445, 36.39089399970992], [-97.88772300024242, 36.39089499980302], [-97.88747399982208, 36.39089399970992], [-97.88712300019279, 36.39089399970992], [-97.88672999983241, 36.39089000006053], [-97.88648299996021, 36.39088799987424], [-97.88623400043818, 36.390885999687846], [-97.88601400033016, 36.39088500031777], [-97.88588799993346, 36.39088400022461], [-97.88548899972528, 36.390879999851556], [-97.88524100002817, 36.39087799966501], [-97.8849909997829, 36.39087500010817], [-97.88463500013076, 36.390869999641296], [-97.88424199977037, 36.39086599999073], [-97.88399300024834, 36.39086299971033], [-97.88374700020104, 36.39085900005934], [-97.88301200043222, 36.39084699965904], [-97.88276700020982, 36.39084400010099], [-97.88262300026979, 36.39084199991352], [-97.88226000004663, 36.390845000194744], [-97.88152199990473, 36.39085200012738], [-97.88119999968946, 36.3908540003146], [-97.88096100021318, 36.390856999872256], [-97.88023499976686, 36.39086200033996], [-97.87991400027481, 36.39086499989726], [-97.87959000040972, 36.39086499989726], [-97.87862100028913, 36.39086499989726], [-97.87829800024895, 36.39086599999073], [-97.87758400039652, 36.390869000271024], [-97.87738199983184, 36.39086299971033], [-97.87715900024907, 36.39086200033996], [-97.87689499976011, 36.39160699990444], [-97.8767669997136, 36.391984000257835], [-97.8765270004124, 36.39269599978575], [-97.87637699972626, 36.39310900008415], [-97.87628999968761, 36.393346999909085], [-97.87603100011985, 36.39406200012577], [-97.87594499990612, 36.39430099997451], [-97.87586200006545, 36.3945279999794], [-97.87580099996607, 36.394696000352475], [-97.87563299973658, 36.39521799996964], [-97.87555999994164, 36.395449000327], [-97.87547299990302, 36.39568300009228], [-97.87521299961203, 36.396386000245435], [-97.87520900031238, 36.396398999812995], [-97.87513300014439, 36.39662300014039], [-97.87505199995353, 36.39686000003575], [-97.875000000075, 36.3970150002446], [-97.87482099997487, 36.39757399974567], [-97.8747809997919, 36.39770199983279], [-97.87473999978401, 36.3978110003565], [-97.87465299974536, 36.3980440002403], [-97.8743940001776, 36.39874500002305], [-97.87430799996388, 36.39897899998807], [-97.87423000014607, 36.399191000275046], [-97.87422299957505, 36.39920900002721], [-97.87398599974858, 36.399908000193456], [-97.8739079999308, 36.400141000297815], [-97.87381099984641, 36.40042499966036], [-97.87374100042452, 36.40060699985697], [-97.87333600036857, 36.40168200009458], [-97.87322199966745, 36.40200100004333], [-97.87306299965879, 36.40244699968485], [-97.8730559999861, 36.40246799996152], [-97.87297499979523, 36.40269300009072], [-97.87288299973373, 36.40295500017212], [-97.87273700014386, 36.40337099998222], [-97.87265900032605, 36.40359700031849], [-97.87271299985441, 36.403598000248145], [-97.87272899974793, 36.403598000248145], [-97.87294100035837, 36.40359900017774], [-97.87301199960515, 36.403600000107375], [-97.8730789995523, 36.403600000107375], [-97.87309699999396, 36.403600000107375], [-97.87335399991193, 36.40360299989619], [-97.87344000012565, 36.40360499975528], [-97.87398999994656, 36.403607000337345], [-97.87499699970196, 36.403598000248145], [-97.8750290003873, 36.40245799979602], [-97.87665299991077, 36.402461000351956], [-97.87697699977588, 36.402461000351956], [-97.87760699996274, 36.40246300024045], [-97.87795199974423, 36.40246300024045], [-97.87809400003447, 36.4024640001847], [-97.87827700033255, 36.40245799979602], [-97.87843399979307, 36.40245200012998], [-97.87860500039562, 36.40245200012998], [-97.87907900004853, 36.40245200012998], [-97.87958899968648, 36.40245200012998], [-97.87991799957445, 36.40245200012998], [-97.88023800013991, 36.40245200012998], [-97.88059100031732, 36.40245200012998], [-97.88119800003963, 36.40245200012998], [-97.88151900043, 36.40245300007432], [-97.88151900043, 36.40259100022856], [-97.88152000025492, 36.40262399977328], [-97.88152100007981, 36.40300499994376], [-97.88152199990473, 36.40304800012657], [-97.88152299972965, 36.403143999776184], [-97.88152299972965, 36.40323800016174], [-97.88152399955457, 36.40352199977429], [-97.88152500027778, 36.40361700035497], [-97.88152500027778, 36.40368000021937], [-97.88152500027778, 36.40370000023448], [-97.88152500027778, 36.40389900017685], [-97.88152500027778, 36.40395199983943], [-97.88152500027778, 36.4040360000081], [-97.88152500027778, 36.404168999908755], [-97.8815260001027, 36.40424800023667], [-97.8815260001027, 36.404386000095116], [-97.8815260001027, 36.404571000165184], [-97.88152699992762, 36.40470599970392], [-97.8835189996971, 36.40471199991895], [-97.88405699982243, 36.40470800025764], [-97.8871309996904, 36.40471199991895], [-97.88794400017537, 36.404709000173], [-97.88888099961055, 36.40471199991895], [-97.88909099967285, 36.404719999963966], [-97.88955400035343, 36.404729999838345], [-97.89008800028081, 36.404730999753426], [-97.89009199958046, 36.40486399991045], [-97.8900940001286, 36.404935000232705], [-97.89010400017435, 36.40527599999031], [-97.89010900019723, 36.40541300028569], [-97.89011099984704, 36.40546700026716], [-97.89011099984704, 36.40548300020089], [-97.89011800041806, 36.40569300029108], [-97.89012099989277, 36.40576399985576], [-97.89019500041094, 36.405717000120646], [-97.89023800006863, 36.40568999985995], [-97.89040899977287, 36.4055820001695], [-97.89050000000947, 36.40554799980746], [-97.89081899985169, 36.405426999695386], [-97.890952999746, 36.40539299998848], [-97.89103999978464, 36.40538099966308], [-97.89120800001412, 36.40538300019942], [-97.89129300040294, 36.40542499988313], [-97.89138499956613, 36.405400000056915], [-97.89160600039737, 36.40538200029278], [-97.89224499990675, 36.405372999686115], [-97.8926139999777, 36.40536900005883], [-97.89316600034674, 36.405362999894486], [-97.8943530000272, 36.40535800035969], [-97.89481800035759, 36.405348999750295], [-97.89511700010836, 36.40534300030741], [-97.89598300029674, 36.405329000159625], [-97.89607399963504, 36.40532800025223], [-97.8963399997738, 36.405323999899636], [-97.89659199966889, 36.40532100017731], [-97.89713800019015, 36.40531500000925], [-97.89740500015384, 36.40531300019417], [-97.89760799964512, 36.40531099965598], [-97.89787600033203, 36.40530899984079], [-97.89822000028863, 36.40530600011784], [-97.89842500032803, 36.40530500021021], [-97.89868499972071, 36.40530299967181], [-97.89897000012608, 36.4053019997641], [-97.8994649996954, 36.405293999779], [-97.89972499998639, 36.40529100005552], [-97.8999779997064, 36.405286999701005], [-97.900513000357, 36.40528100025334], [-97.90073699976467, 36.40527799980634], [-97.90099100020787, 36.40527500008225], [-97.90098899965975, 36.404802000197165], [-97.90098700000992, 36.404004000264415], [-97.90099399968263, 36.40338299989502], [-97.90100000042871, 36.40291099999937], [-97.90100200007853, 36.402713000359874], [-97.90100399972836, 36.402593000113754], [-97.90099899970548, 36.40211899986034], [-97.90099799988059, 36.40192200032309], [-97.90099700005565, 36.40172299965587], [-97.90099399968263, 36.40112800030375], [-97.90099399968263, 36.40092999973636], [-97.90099399968263, 36.400734000043585], [-97.90099500040583, 36.40014800011639], [-97.90099600023075, 36.399952999873946], [-97.90099399968263, 36.39936099993729], [-97.90099799988059, 36.39895600023594], [-97.90099899970548, 36.39857599973071], [-97.90101299994919, 36.398488000185964], [-97.90102100034511, 36.3984399996692], [-97.9010770004216, 36.39836199994125], [-97.90126499984427, 36.39821300024338], [-97.90134100001224, 36.398135000287624], [-97.90140899978431, 36.39805000024667]]]}}]}