{"type": "FeatureCollection", "features": [{"type": "Feature", "properties": {"tract_id": "33005970500", "name": "Tract Census Tract 9705", "pct_white_2020": 92.7, "pct_black_2020": 0.6, "pct_hispanic_2020": 0.9, "pct_asian_2020": 1.0, "population_2020": 5363, "is_sample_data": false, "pct_white_1970": 98, "pct_black_1970": 5.0, "pct_hispanic_1970": 1.8, "pct_asian_1970": 0.1, "pct_white_1990": 95, "pct_black_1990": 1, "pct_hispanic_1990": 1, "pct_asian_1990": 0.0}, "geometry": {"type": "Polygon", "coordinates": [[[-72.14465200001864, 42.86896799998598], [-72.14370700018752, 42.864596000303024], [-72.14281599988476, 42.86049599969013], [-72.14143699968537, 42.854128999919354], [-72.1413899998297, 42.85390299977237], [-72.14133499957812, 42.8536610000151], [-72.14107600001034, 42.85248400003676], [-72.14093200007031, 42.85180100027628], [-72.14073500042682, 42.850892999959285], [-72.14044099980062, 42.84953199988371], [-72.140213000195, 42.84848300007837], [-72.13980800013904, 42.84661399973976], [-72.13976899978097, 42.84643100013988], [-72.13940599955781, 42.84461999995317], [-72.13926400016591, 42.843961999984366], [-72.13919999969347, 42.843593999999015], [-72.13914699999005, 42.84332699997088], [-72.13909299956336, 42.843059000257455], [-72.13868300038285, 42.841010000268085], [-72.13857700007765, 42.84047900010767], [-72.13852900039706, 42.84024199992138], [-72.13794199986792, 42.837316000123174], [-72.13716100006833, 42.83341099981793], [-72.13678100012673, 42.831515999782766], [-72.13657100006445, 42.830465999690404], [-72.13262799963503, 42.81077400011751], [-72.13259699967288, 42.81061899974254], [-72.13186399955389, 42.806151000000995], [-72.1315199995973, 42.80405699980599], [-72.12988100000523, 42.7940560002662], [-72.12620200006478, 42.79403000006354], [-72.12603999968307, 42.7940290000809], [-72.12484299995687, 42.7940190002534], [-72.12456000009965, 42.79401700028774], [-72.12359199980398, 42.79399699996809], [-72.11901800026114, 42.793900000204886], [-72.11209800004815, 42.7937520003072], [-72.11098099978956, 42.79372899993943], [-72.10694399964882, 42.79364200030536], [-72.10175599981262, 42.79353300009874], [-72.09792000041165, 42.79345100014933], [-72.09125999959134, 42.79330799980885], [-72.09014900007888, 42.79327100000809], [-72.08180600018387, 42.792985000142444], [-72.08011099961699, 42.792927000142214], [-72.0759720002673, 42.79278499991214], [-72.07488699979578, 42.79274799979867], [-72.05818500011226, 42.792175999844886], [-72.05734700041127, 42.79214700013168], [-72.05073500016984, 42.7919190000264], [-72.03772999997011, 42.79147500022125], [-72.0358849996154, 42.79141199999975], [-72.03488899973065, 42.79137799980125], [-72.03376399997448, 42.79133900011287], [-72.02549899989728, 42.79105700001193], [-72.02495900012211, 42.791038000085145], [-72.0241280000938, 42.79101199993303], [-72.02360900023506, 42.79099400002418], [-72.02206000015633, 42.79093900023354], [-72.0217830001469, 42.79092899990681], [-72.02120300018876, 42.79089700016879], [-72.0209239996312, 42.79089099996887], [-72.02015500042548, 42.790871999991126], [-72.01858500043038, 42.79076200014425], [-72.01832799961413, 42.79075399986008], [-72.01721999957638, 42.79071999995934], [-72.01378300038357, 42.79061299995593], [-72.01322099996878, 42.79059599996917], [-72.0059779997156, 42.790372000250436], [-72.00527999975668, 42.79034999998711], [-72.00422000029783, 42.79031699990708], [-72.0037390000739, 42.79030199992483], [-72.00346700008734, 42.79029400024044], [-72.00280799958816, 42.79027299999279], [-71.99955200014533, 42.79017200014608], [-71.99790400033243, 42.790127000082975], [-71.99656100011805, 42.79008900031188], [-71.99521799990367, 42.79005099985822], [-71.99387499968928, 42.79001199999288], [-71.99253300019812, 42.78998199987688], [-71.99117499991515, 42.78994400001676], [-71.98984699976937, 42.78990600013326], [-71.98913000044219, 42.78985999982677], [-71.98896200021271, 42.78986800022649], [-71.9885959996165, 42.78985999982677], [-71.98714600017031, 42.78981400014528], [-71.98572699978794, 42.789761000068665], [-71.98429200041038, 42.789715000313606], [-71.9828579999594, 42.789653999725886], [-71.98188800001392, 42.789623000041765], [-71.97997400006224, 42.78956999980157], [-71.97873799997798, 42.789531999688464], [-71.97857200029665, 42.78952600001545], [-71.97802400012556, 42.789505000166415], [-71.97750199989373, 42.78948599976326], [-71.97626599980948, 42.78943999980382], [-71.97502999972522, 42.78941000006987], [-71.97488999998312, 42.78940599984052], [-71.97472900032464, 42.7894030003276], [-71.97471000005808, 42.7894020002702], [-71.97478600022606, 42.789799000041135], [-71.97593100007371, 42.79513899989043], [-71.97655600023768, 42.79803099972129], [-71.97659499969745, 42.79821299968974], [-71.97707500009648, 42.800471999904225], [-71.97757899988663, 42.80280699984364], [-71.97838700034872, 42.80658299996474], [-71.97878400000876, 42.80841699993429], [-71.97919599973739, 42.81035999997959], [-71.9793029998675, 42.81082499990936], [-71.97931299991325, 42.81087900010832], [-71.97959300029574, 42.81220600021385], [-71.97969899970262, 42.81270200010393], [-71.9803099996229, 42.81554000003806], [-71.98159199973792, 42.82154400012504], [-71.98180500017327, 42.822513000105374], [-71.9829500000209, 42.827915000214624], [-71.98334699968096, 42.82968499986787], [-71.98334599985603, 42.82976100016003], [-71.98421600024241, 42.833804999814305], [-71.98455199980306, 42.83531500014435], [-71.98458299976521, 42.83545299970171], [-71.98470699961375, 42.83605700014324], [-71.98482399978963, 42.836624999683025], [-71.9848990001327, 42.83697999970843], [-71.98490199960743, 42.83700800019701], [-71.98500999956246, 42.8375279999075], [-71.98505599959323, 42.83782499995125], [-71.98515799970046, 42.8383639999221], [-71.98575699992519, 42.84151800009243], [-71.98602899991174, 42.84299599987585], [-71.9862649999133, 42.84427800010531], [-71.98642899994483, 42.84517200015062], [-71.98644400001346, 42.845264000143075], [-71.98645900008205, 42.84539400007066], [-71.9864900000442, 42.845508000146815], [-71.9865329997019, 42.84564200010601], [-71.98656600021218, 42.845721999756314], [-71.98665800027369, 42.8462400003032], [-71.98699399983434, 42.84778199969142], [-71.98796499960476, 42.852364000158175], [-71.9882850001702, 42.85382999987744], [-71.98861099968512, 42.85535700009124], [-71.9888700001512, 42.85654800006731], [-71.98961800033884, 42.860117999760604], [-71.99036599962814, 42.86368099990435], [-71.9906860001936, 42.86511500007104], [-71.99447100043926, 42.86515299983825], [-71.99475699977121, 42.86515900007656], [-71.99573699976244, 42.8651759999805], [-71.99700299998392, 42.86518399985625], [-71.99827000003032, 42.8651919997309], [-71.99931600014378, 42.865204000199405], [-72.00570099970616, 42.86533700007808], [-72.00590499992066, 42.86534100000565], [-72.00922900003388, 42.86540000005923], [-72.01735400036898, 42.86554399977474], [-72.02017600034188, 42.86559300018656], [-72.02320199963096, 42.865645999808905], [-72.02677299961637, 42.865710000273594], [-72.03330299984202, 42.86582499986171], [-72.03387299975442, 42.86583499993026], [-72.0345399997512, 42.86584700027376], [-72.04406299965396, 42.86601599970607], [-72.04424900032511, 42.86601599970607], [-72.05087599973685, 42.86605199996565], [-72.05104599961615, 42.86605199996565], [-72.05121499967055, 42.86605300010059], [-72.05536300013937, 42.86607599990753], [-72.05550700007942, 42.866077000042075], [-72.05699099986079, 42.866040000320375], [-72.05785399967615, 42.866019000112594], [-72.05939899955688, 42.86598100022008], [-72.06160200011189, 42.86592499981602], [-72.06171799956452, 42.86592399967901], [-72.06457499969751, 42.86602199986054], [-72.07154900033717, 42.866260000029946], [-72.07170099977483, 42.86626500002922], [-72.074035999676, 42.86634499996214], [-72.07675499971671, 42.86643599989147], [-72.07797099970949, 42.86647699988816], [-72.0798649995697, 42.86654100014977], [-72.08675299999564, 42.866769999842674], [-72.08953599961045, 42.86686199992574], [-72.08965699998429, 42.866867999997986], [-72.0912139995606, 42.86694000016072], [-72.09248099960699, 42.866997999883274], [-72.10089299999727, 42.867382999963404], [-72.12396000005002, 42.868441000239685], [-72.1245550000768, 42.868463999815276], [-72.12456900032048, 42.868463999815276], [-72.13073600032298, 42.86861599971492], [-72.13761700017791, 42.86878500012553], [-72.14465200001864, 42.86896799998598]]]}}, {"type": "Feature", "properties": {"tract_id": "33005970600", "name": "Tract Census Tract 9706", "pct_white_2020": 85.6, "pct_black_2020": 1.0, "pct_hispanic_2020": 5.7, "pct_asian_2020": 1.3, "population_2020": 6446, "is_sample_data": false, "pct_white_1970": 98, "pct_black_1970": 4.3, "pct_hispanic_1970": 2.1, "pct_asian_1970": 0.7, "pct_white_1990": 95, "pct_black_1990": 1, "pct_hispanic_1990": 4.3, "pct_asian_1990": 0}, "geometry": {"type": "Polygon", "coordinates": [[[-72.09125999959134, 42.79330799980885], [-72.09125700011661, 42.79329299989228], [-72.08864699985583, 42.77865000029707], [-72.08847199995365, 42.77766800026989], [-72.0882290002794, 42.776308999815356], [-72.08817400002782, 42.775997999792764], [-72.08504999993114, 42.75846100022089], [-72.08416399965125, 42.75348599982444], [-72.08355899957876, 42.7500880002237], [-72.08355399955589, 42.75006500012629], [-72.08166600044179, 42.73710599978619], [-72.08162200006085, 42.73680300022784], [-72.08091099968316, 42.73192100008607], [-72.07979699979762, 42.72427700013327], [-72.07974699956893, 42.7239329997822], [-72.07963699996407, 42.723187999782795], [-72.07873800016368, 42.716993999682224], [-72.07866700001858, 42.716514999716836], [-72.07862500018578, 42.716229999748045], [-72.07767299978366, 42.71620000019626], [-72.06085200027444, 42.71569300009923], [-72.05846999961929, 42.71562099999952], [-72.0551749998184, 42.71552300031626], [-72.05450299979874, 42.715501999798256], [-72.05387799963476, 42.715482999794894], [-72.05276700012229, 42.71544900015652], [-72.04979100016362, 42.71535900032498], [-72.04416599958613, 42.71519000022262], [-72.04057799988226, 42.7150819998263], [-72.03274100032554, 42.71484600031081], [-72.02029400034266, 42.71447000019083], [-72.01572699957418, 42.714332000066804], [-72.01495800036845, 42.71430899990629], [-72.01484700004039, 42.714306000056915], [-72.01303799967067, 42.714251000152395], [-72.01067099998247, 42.714180000311615], [-72.01020900002511, 42.71416600032411], [-72.00959200025706, 42.71414699991177], [-72.00951500026414, 42.71414500000696], [-72.00776899964364, 42.71409199986634], [-72.00707999990556, 42.71407100018418], [-72.00640399968795, 42.71405099978876], [-72.0025840001805, 42.71393399978873], [-72.00108199995748, 42.713888999780764], [-72.00034999966337, 42.71386600011611], [-72.00010899963893, 42.713858999757335], [-71.99955200014533, 42.71384199982564], [-71.99953600025181, 42.71384199982564], [-71.99927900033386, 42.7138279997619], [-71.99910899955623, 42.71381900014357], [-71.99750699977407, 42.713780999760516], [-71.99572599989179, 42.713703000325765], [-71.99556900043126, 42.7136969999082], [-71.99530900014027, 42.713688000270885], [-71.99461100018135, 42.71366299995139], [-71.99234599970208, 42.71358800025249], [-71.9921220002944, 42.71358099986237], [-71.99208399976123, 42.71357999990085], [-71.99109600027242, 42.71354599987994], [-71.98992799996023, 42.71350799998978], [-71.98157800039253, 42.713231999776895], [-71.98143100007945, 42.71322899987542], [-71.98057300028697, 42.713210999803685], [-71.97276099994629, 42.71305300012338], [-71.96236600000735, 42.712837000285546], [-71.96140000025981, 42.7128200000739], [-71.9573560004464, 42.71273700021602], [-71.95586799956874, 42.71270700029579], [-71.95068099955745, 42.712601000153384], [-71.94974499994716, 42.7125829998995], [-71.94810600035508, 42.71254800001426], [-71.94781599992687, 42.71254300012335], [-71.94511399960457, 42.71248799997653], [-71.9404680000917, 42.71237700021586], [-71.93569199998416, 42.712262000325794], [-71.93175899960049, 42.71218099968985], [-71.93107200041054, 42.712165999927166], [-71.92899299970409, 42.71210200023902], [-71.92900399957476, 42.712158000052284], [-71.92906700022226, 42.71248600001831], [-71.92910099965914, 42.712676999700996], [-71.92987399996112, 42.716791999759124], [-71.93088699956431, 42.72219399984426], [-71.93092000007458, 42.722367999769745], [-71.93149599983475, 42.725437999856446], [-71.9336940003669, 42.737152999933485], [-71.93450799977845, 42.74148999988142], [-71.93480999990224, 42.74309400012383], [-71.93603199974278, 42.74960999988616], [-71.93611899978143, 42.75007299973094], [-71.93612299997937, 42.75009000028913], [-71.9364400001718, 42.75193600017772], [-71.93669999956447, 42.75344899997127], [-71.93721799959833, 42.756466000191956], [-71.9375959998901, 42.75840099973849], [-71.93761400033176, 42.75849199967783], [-71.93846899975121, 42.762859999865185], [-71.93904100021173, 42.76584899985179], [-71.93971999990406, 42.7692460000546], [-71.94025600037959, 42.771960999858784], [-71.94097199988187, 42.77562399972182], [-71.94104800004983, 42.77606599992268], [-71.94109400008058, 42.77617300001464], [-71.94118500031718, 42.77631000008434], [-71.94120299986054, 42.77643999996166], [-71.94121600027931, 42.77651599975335], [-71.9424819996025, 42.78140699986795], [-71.94333699992025, 42.78477100014392], [-71.94419100041308, 42.78813600032023], [-71.94428299957627, 42.78840999995756], [-71.94475700012752, 42.78842799995867], [-71.94490899956517, 42.7884330003243], [-71.94635800008477, 42.788478999713604], [-71.94779300036065, 42.78851699981387], [-71.94922699991331, 42.78856299979999], [-71.95069200032643, 42.78860899975194], [-71.95212599987909, 42.78865400025942], [-71.95356100015496, 42.78868499976957], [-71.95497999963902, 42.788738000108324], [-71.95636800005926, 42.78879199980975], [-71.95750399968607, 42.78883500005103], [-71.9577870004416, 42.78884500005689], [-71.95919099985703, 42.788890999799214], [-71.96059500017078, 42.788943999961575], [-71.96199899958623, 42.78899800014255], [-71.96340299989996, 42.789043999771174], [-71.96482200028233, 42.78909699980258], [-71.96555399967812, 42.78911200007685], [-71.96630199986575, 42.78914300001687], [-71.96720200038935, 42.78917299988028], [-71.96810200001462, 42.78921100021373], [-71.96932300003026, 42.78924999992454], [-71.97057500000804, 42.789288000210774], [-71.97182600016092, 42.7893330002246], [-71.97306200024518, 42.789371999858545], [-71.97394699980184, 42.78940399972579], [-71.9743669999264, 42.7894210000399], [-71.97457199996582, 42.78943300006499], [-71.97471000005808, 42.7894020002702], [-71.97472900032464, 42.7894030003276], [-71.97488999998312, 42.78940599984052], [-71.97502999972522, 42.78941000006987], [-71.97626599980948, 42.78943999980382], [-71.97750199989373, 42.78948599976326], [-71.97802400012556, 42.789505000166415], [-71.97857200029665, 42.78952600001545], [-71.97873799997798, 42.789531999688464], [-71.97997400006224, 42.78956999980157], [-71.98188800001392, 42.789623000041765], [-71.9828579999594, 42.789653999725886], [-71.98429200041038, 42.789715000313606], [-71.98572699978794, 42.789761000068665], [-71.98714600017031, 42.78981400014528], [-71.9885959996165, 42.78985999982677], [-71.98896200021271, 42.78986800022649], [-71.98913000044219, 42.78985999982677], [-71.98984699976937, 42.78990600013326], [-71.99117499991515, 42.78994400001676], [-71.99253300019812, 42.78998199987688], [-71.99387499968928, 42.79001199999288], [-71.99521799990367, 42.79005099985822], [-71.99656100011805, 42.79008900031188], [-71.99790400033243, 42.790127000082975], [-71.99955200014533, 42.79017200014608], [-72.00280799958816, 42.79027299999279], [-72.00346700008734, 42.79029400024044], [-72.0037390000739, 42.79030199992483], [-72.00422000029783, 42.79031699990708], [-72.00527999975668, 42.79034999998711], [-72.0059779997156, 42.790372000250436], [-72.01322099996878, 42.79059599996917], [-72.01378300038357, 42.79061299995593], [-72.01721999957638, 42.79071999995934], [-72.01832799961413, 42.79075399986008], [-72.01858500043038, 42.79076200014425], [-72.02015500042548, 42.790871999991126], [-72.0209239996312, 42.79089099996887], [-72.02120300018876, 42.79089700016879], [-72.0217830001469, 42.79092899990681], [-72.02206000015633, 42.79093900023354], [-72.02360900023506, 42.79099400002418], [-72.0241280000938, 42.79101199993303], [-72.02495900012211, 42.791038000085145], [-72.02549899989728, 42.79105700001193], [-72.03376399997448, 42.79133900011287], [-72.03488899973065, 42.79137799980125], [-72.0358849996154, 42.79141199999975], [-72.03772999997011, 42.79147500022125], [-72.05073500016984, 42.7919190000264], [-72.05734700041127, 42.79214700013168], [-72.05818500011226, 42.792175999844886], [-72.07488699979578, 42.79274799979867], [-72.0759720002673, 42.79278499991214], [-72.08011099961699, 42.792927000142214], [-72.08180600018387, 42.792985000142444], [-72.09014900007888, 42.79327100000809], [-72.09125999959134, 42.79330799980885]]]}}, {"type": "Feature", "properties": {"tract_id": "33005971100", "name": "Tract Census Tract 9711", "pct_white_2020": 97.8, "pct_black_2020": 0.0, "pct_hispanic_2020": 1.6, "pct_asian_2020": 0.0, "population_2020": 5345, "is_sample_data": false, "pct_white_1970": 98, "pct_black_1970": 23.2, "pct_hispanic_1970": 2.1, "pct_asian_1970": 2.0, "pct_white_1990": 95, "pct_black_1990": 23.7, "pct_hispanic_1990": 1, "pct_asian_1990": 3.2}, "geometry": {"type": "Polygon", "coordinates": [[[-72.27843499968809, 42.93364799973132], [-72.27850500000828, 42.933325000141636], [-72.27843200021336, 42.933029000156154], [-72.27841700014473, 42.932937999801396], [-72.27833299958084, 42.93242400025984], [-72.27827400002961, 42.932280000115476], [-72.27818899964079, 42.93214999967774], [-72.27817699994522, 42.93207199967799], [-72.27814400033326, 42.931849000019184], [-72.27813000008956, 42.93178899998787], [-72.27804200022601, 42.93140499971884], [-72.27797899957851, 42.9309510001283], [-72.27789900011088, 42.93037599994794], [-72.27786300012586, 42.93011800013442], [-72.27781100024734, 42.92974700014231], [-72.27772199966056, 42.92929099997701], [-72.27770099974416, 42.92917799983529], [-72.27760899968266, 42.92870700011995], [-72.27758000026864, 42.92849000011594], [-72.27717400038779, 42.92863999989721], [-72.27702200005182, 42.92870799989694], [-72.276900999678, 42.92871699986226], [-72.27671200043042, 42.928721000284916], [-72.27659000023169, 42.928675000012845], [-72.27653400015521, 42.928654999855205], [-72.27587800002907, 42.92836600024022], [-72.2753230001853, 42.92812699979141], [-72.27440099992039, 42.927731000226615], [-72.27404199989518, 42.927576999708315], [-72.27395700040469, 42.927540000034696], [-72.27355399999857, 42.92736899983222], [-72.27341500008139, 42.927309999840666], [-72.27274200023683, 42.92702699997644], [-72.27230299984568, 42.926841999734286], [-72.27144599987813, 42.92648000003538], [-72.2704800001306, 42.92607999981289], [-72.2703470000612, 42.92602499984227], [-72.27020800014404, 42.92596800017975], [-72.26961300011727, 42.92572200020016], [-72.26953500029948, 42.925689999857866], [-72.26903800018201, 42.92548399984646], [-72.2686149996844, 42.92530300021947], [-72.26770300036355, 42.9249129999498], [-72.26693300043463, 42.924584000217685], [-72.26671699962625, 42.9244910001928], [-72.26620799981322, 42.92427299995904], [-72.26580699995522, 42.924101000044885], [-72.26505499956964, 42.92377699986607], [-72.26488499969032, 42.92370399973676], [-72.26422600008947, 42.92341999988855], [-72.26313300012035, 42.922955999969524], [-72.26316200043266, 42.92213600019859], [-72.26312499972443, 42.921091999692266], [-72.26303799968578, 42.920585999899735], [-72.26300599989872, 42.920320999818095], [-72.26296300024103, 42.91996699996392], [-72.26287299982936, 42.919228000253085], [-72.26285899958565, 42.91910600001904], [-72.26281099990506, 42.91870200018336], [-72.26277599974496, 42.91840800020418], [-72.26272700023947, 42.917988999819066], [-72.26269600027734, 42.91773100009581], [-72.26268000038381, 42.91750200007906], [-72.26265899956911, 42.91730400001633], [-72.26261199971344, 42.91686200007285], [-72.26262799960695, 42.91666499989971], [-72.26267500036094, 42.91642700008275], [-72.26280099985932, 42.91613099981289], [-72.26303900040902, 42.91550699990245], [-72.26276300022448, 42.91543699981984], [-72.26258999997214, 42.91538800017525], [-72.26175599957077, 42.91524800031808], [-72.2607580000362, 42.91512200010894], [-72.26000800019875, 42.91501700028608], [-72.25926800040705, 42.914955000306655], [-72.25407899984764, 42.91484100018172], [-72.25386399976249, 42.9148350001693], [-72.2526059999369, 42.91479900008255], [-72.25207399965936, 42.91484300018576], [-72.25128700001198, 42.91495600030683], [-72.24904800037028, 42.91542999987298], [-72.2489360002173, 42.91544499975811], [-72.24871500028436, 42.915475000175306], [-72.24832699994684, 42.91549100004093], [-72.24805900015822, 42.915480000133755], [-72.24789599995161, 42.915473000191774], [-72.24778700017167, 42.915468000232764], [-72.24744599968982, 42.91543099986545], [-72.2469589996181, 42.915353999741065], [-72.24618399966629, 42.91523099973576], [-72.24555799967739, 42.9151420000549], [-72.24506300010806, 42.915065000227266], [-72.24463299993776, 42.914960000307296], [-72.2440930001626, 42.91478000002826], [-72.24358199980144, 42.914580999765775], [-72.24347700021944, 42.91454000015416], [-72.24281400042062, 42.91424900008936], [-72.2424329997558, 42.91409100002341], [-72.24229399983864, 42.91403699989137], [-72.24209700019516, 42.9139599999989], [-72.241769999957, 42.91386599970925], [-72.24153999980324, 42.91382899969588], [-72.24125299974806, 42.913797999774296], [-72.24077999992004, 42.913789000261], [-72.2394750002388, 42.91391199985489], [-72.23902800035006, 42.913967000112685], [-72.2384900002247, 42.91405100010071], [-72.23808599999367, 42.914171999803855], [-72.23712799974375, 42.91457999975952], [-72.23668800042601, 42.91480400009585], [-72.23577299983381, 42.91527000021334], [-72.23525300015012, 42.91552099977784], [-72.23485899996483, 42.915710999746004], [-72.23452599987891, 42.91585399982389], [-72.23370499989635, 42.9162060003225], [-72.23301799980808, 42.916430999987774], [-72.23253699958416, 42.91653700000734], [-72.23216800041153, 42.91658300013291], [-72.23168299998963, 42.916588999975126], [-72.23135999994945, 42.91656599991888], [-72.23074099963324, 42.91649299979793], [-72.22990600030529, 42.916363000251536], [-72.22936399998198, 42.916235999711276], [-72.22885099997099, 42.91611500011344], [-72.22881400016108, 42.91610600028065], [-72.22831399967056, 42.915907999679554], [-72.22822199960905, 42.91586299969347], [-72.2280140000949, 42.91575999979166], [-72.22738399990807, 42.915356999722086], [-72.22672199993416, 42.914810000111295], [-72.2266059995832, 42.91470399975263], [-72.22569900028523, 42.91387199981602], [-72.22542700029867, 42.913655000188726], [-72.22492599998324, 42.91325700030837], [-72.22368900007409, 42.91241500016111], [-72.22265399983128, 42.911779000164046], [-72.22197000011606, 42.91182199974071], [-72.22196900029115, 42.912007999736744], [-72.22197400031402, 42.91204200004316], [-72.22196500009319, 42.913973000209616], [-72.22196400026827, 42.91412999990661], [-72.22193699960579, 42.917614999929405], [-72.22192200043548, 42.9239700002509], [-72.22192200043548, 42.924016000089786], [-72.23103400043452, 42.92287700029582], [-72.23592599999469, 42.922779000301674], [-72.2384330003233, 42.92272999991723], [-72.23956899995014, 42.92270700017979], [-72.23984299958651, 42.92270100027545], [-72.24020900018273, 42.922693999838174], [-72.2403899999327, 42.92268899980726], [-72.24054100044376, 42.9226860001832], [-72.24066299974417, 42.92294500007929], [-72.2408610001109, 42.923174000258975], [-72.24112100040189, 42.92349500007761], [-72.24116599970941, 42.92373099984873], [-72.2411359995722, 42.92397500017784], [-72.24102900034038, 42.924203999817905], [-72.24092300003517, 42.92433200022821], [-72.24090700014165, 42.92434900027296], [-72.24081500008013, 42.9245630002031], [-72.24083000014876, 42.92479200028861], [-72.2409530001724, 42.924997999982864], [-72.2409959998301, 42.92503700019871], [-72.24115099964081, 42.92518100017449], [-72.24134900000753, 42.92546300013873], [-72.24148700009978, 42.92578399987047], [-72.2415020001684, 42.92606599970545], [-72.24145600013765, 42.92639400025935], [-72.24144699991682, 42.92643599969076], [-72.24136499990105, 42.92675199991336], [-72.24136499990105, 42.92708799984559], [-72.24142600000042, 42.92733200003365], [-72.24153200030561, 42.927614999812185], [-72.2416999996368, 42.92777500030394], [-72.24185299979767, 42.92794999985212], [-72.24206700005792, 42.92820999976614], [-72.24220400032526, 42.92849999989343], [-72.24227999959494, 42.92878900019528], [-72.24215800029451, 42.92900299982949], [-72.24205299981422, 42.9290160001552], [-72.24191399989704, 42.92903300022285], [-72.2416999996368, 42.929048999856604], [-72.24153300013053, 42.92914000003791], [-72.24130399980167, 42.92925499978555], [-72.24080000001152, 42.929423000060446], [-72.24046000025288, 42.929585999748284], [-72.2404030003515, 42.9296129999132], [-72.24029000037358, 42.92970300015812], [-72.2401439998854, 42.92981899992907], [-72.24002199968666, 42.929986999981125], [-72.2401439998854, 42.93027000005844], [-72.24041800042009, 42.930642999680096], [-72.24048600019216, 42.930711999843915], [-72.24073899991214, 42.930964000042906], [-72.2408610001109, 42.93110099983586], [-72.24109000043975, 42.93132200010307], [-72.24128799990815, 42.93156699969266], [-72.24139500003828, 42.93183299979732], [-72.2414100001069, 42.93212299996724], [-72.2414100001069, 42.93250500027528], [-72.24145600013765, 42.93279499991178], [-72.24144400044206, 42.93288999997205], [-72.2414109999318, 42.933137999674166], [-72.24147200003117, 42.93332900026501], [-72.24159400022991, 42.93354999977217], [-72.24171600042865, 42.93380999972448], [-72.24173099959894, 42.93383999974951], [-72.24179500007135, 42.93396700017598], [-72.24185299979767, 42.93407699969676], [-72.24196699960048, 42.934343000141276], [-72.24199000006503, 42.934397000234654], [-72.24195999992779, 42.934695000239216], [-72.24188399975982, 42.93496900002142], [-72.24173599962181, 42.93524699989868], [-72.24168499956818, 42.935342999791885], [-72.24151700023701, 42.9356630003281], [-72.24139500003828, 42.93603000025034], [-72.24134900000753, 42.93634999984727], [-72.24133700031196, 42.9364559997951], [-72.241333000114, 42.9364850001958], [-72.24130299997678, 42.93673099993832], [-72.24133399993892, 42.93701399993707], [-72.24139500003828, 42.93728099982873], [-72.24147100020626, 42.93747200006563], [-72.24165500032927, 42.937699999879065], [-72.24194599968409, 42.93793000007588], [-72.24195999992779, 42.93793700009695], [-72.24208100030162, 42.93799799968358], [-72.24227999959494, 42.938165000161604], [-72.24240199979367, 42.938386999690266], [-72.2424469999995, 42.93861500006158], [-72.24260000016038, 42.93881400029851], [-72.24269200022191, 42.9390349998509], [-72.24261600005393, 42.939325000303846], [-72.24246299989305, 42.939509000277546], [-72.24231099955708, 42.939782999684006], [-72.2421430002259, 42.940203000055384], [-72.24203600009578, 42.94056900029752], [-72.24196999997355, 42.94073899978148], [-72.24189899982842, 42.94092000008159], [-72.24177599980479, 42.94135500008371], [-72.24165399960604, 42.941683000104405], [-72.24160900029852, 42.94188899986158], [-72.24148700009978, 42.9422780002751], [-72.24147200003117, 42.94256799992077], [-72.24149600032062, 42.94265800030402], [-72.24153300013053, 42.942797000140544], [-72.2413969996881, 42.94308100007992], [-72.24137900014475, 42.94311700008056], [-72.24113499974727, 42.94332300030036], [-72.24098300030963, 42.943490999682055], [-72.24070799995, 42.943627999883574], [-72.24041900024501, 42.94375000021437], [-72.24008299978603, 42.9438269997004], [-72.23976200029398, 42.943888000027634], [-72.23938099962916, 42.943850000100426], [-72.23933299994857, 42.94382600016888], [-72.23925900032874, 42.94378899973549], [-72.23902999999989, 42.94376599997031], [-72.23875499964026, 42.943850000100426], [-72.23857200024048, 42.94394900029443], [-72.23837399987376, 42.94407900015467], [-72.23811399958275, 42.94426200020602], [-72.2377639997784, 42.94437599981205], [-72.2374890003171, 42.94452100012499], [-72.23736600029345, 42.94461899972131], [-72.23727500005685, 42.94468800000781], [-72.23712199989598, 42.9448489997179], [-72.2370609997966, 42.94506199992902], [-72.23702999983446, 42.945115999828424], [-72.23693899959788, 42.94528300006986], [-72.2366800000301, 42.94540599991461], [-72.23647300034088, 42.94545500001423], [-72.23641999973911, 42.94546699999242], [-72.23636200001279, 42.945941999716], [-72.2363069997612, 42.94639899970059], [-72.23623899998913, 42.94696299999134], [-72.23617700006487, 42.947496000313215], [-72.23610000007196, 42.94785499973252], [-72.23605499986611, 42.94808400001203], [-72.23591299957592, 42.94838100007316], [-72.2357490004427, 42.948633000296404], [-72.23568800034332, 42.94882400016705], [-72.235763999613, 42.94908299996065], [-72.23591699977388, 42.94939600006948], [-72.23599299994184, 42.94966300018367], [-72.23606999993474, 42.95002900007617], [-72.2361310000341, 42.95039599984722], [-72.23614600010274, 42.95067000011457], [-72.2362220002707, 42.95086900018001], [-72.23620700020207, 42.95112799991604], [-72.23611599996549, 42.95132599974839], [-72.23597799987323, 42.95141799995188], [-72.23584099960588, 42.95146399967325], [-72.2357490004427, 42.951502000160446], [-72.23573400037407, 42.95161600016627], [-72.23573400037407, 42.951768000283856], [-72.23557600019032, 42.95177399998666], [-72.23453699974955, 42.951822000217945], [-72.23374799955404, 42.95186099988521], [-72.23268899992011, 42.951905999875166], [-72.23229200026007, 42.95195199988936], [-72.23180400036345, 42.95239700002383], [-72.23094499984774, 42.953964999739874], [-72.22980900022091, 42.95502900006484], [-72.22987600016806, 42.95520899976623], [-72.23099400025154, 42.95671700008975], [-72.23103600008433, 42.95693499987561], [-72.23161199984452, 42.958936999739564], [-72.22865599997732, 42.9592550000484], [-72.22873999964291, 42.96215399980322], [-72.22813100027078, 42.96217400025589], [-72.22813100027078, 42.96228900010323], [-72.22816399988274, 42.96439900016206], [-72.22919499992759, 42.964190999766295], [-72.2319199998161, 42.96355400001372], [-72.23203899964177, 42.963523000136085], [-72.2319199998161, 42.96425200029025], [-72.23190399992255, 42.96435000002468], [-72.23113700036669, 42.96498899977137], [-72.23103400043452, 42.96507399970558], [-72.23174200043917, 42.96535400005025], [-72.23276900028605, 42.965891000159694], [-72.23228200021433, 42.96625199973204], [-72.23219500017571, 42.96642599988182], [-72.23189700024987, 42.96648599968335], [-72.23160199979877, 42.9664620000327], [-72.23135999994945, 42.96648599968335], [-72.23106899969629, 42.96649000028155], [-72.23095200041875, 42.9664620000327], [-72.2307590000749, 42.9664980001625], [-72.23058099979967, 42.96658299998368], [-72.23038300033126, 42.96661500011021], [-72.2300689996136, 42.96661900004266], [-72.22970100026586, 42.96657100017847], [-72.22899400008613, 42.96650500022184], [-72.2281189996769, 42.96655099984054], [-72.22783300034496, 42.966702000061915], [-72.22753000039623, 42.96689100009965], [-72.22740499982446, 42.96696900002939], [-72.22652500029066, 42.96754999976502], [-72.22616999956512, 42.96792100006737], [-72.22597600029468, 42.96800999973625], [-72.22558899978205, 42.968130000134714], [-72.2249589995952, 42.96851000029027], [-72.22474199986023, 42.968704000270584], [-72.22441100032245, 42.968872999832676], [-72.22382899981616, 42.96902700026613], [-72.22336100001101, 42.969132000041824], [-72.2230299995749, 42.96917999987959], [-72.22250400004344, 42.9691329998197], [-72.22239000024064, 42.96911799986298], [-72.22216900030769, 42.969087000159895], [-72.22180199988657, 42.969079999737104], [-72.22154300031882, 42.96911000032276], [-72.22114599976045, 42.969094999703096], [-72.22070399989458, 42.969194000044325], [-72.2203680003339, 42.96929300022616], [-72.21995599970694, 42.96933899973195], [-72.21960500007766, 42.96940799991205], [-72.21942199977957, 42.969483999735026], [-72.21931499964946, 42.96968300008949], [-72.21910100028751, 42.96984299972256], [-72.2189949999823, 42.969920999852874], [-72.21884199982144, 42.9700329997322], [-72.21844500016138, 42.97028500002958], [-72.21813999966456, 42.97044500006855], [-72.21785000013465, 42.97057499983483], [-72.21755999970641, 42.97078100017594], [-72.21711700001562, 42.97095599975138], [-72.21711000034294, 42.97110899982483], [-72.21707799965758, 42.97145199974486], [-72.217134999559, 42.97144199971296], [-72.21810500040276, 42.97114799975689], [-72.21932200022046, 42.9707139997259], [-72.22038500005236, 42.970334000040545], [-72.22105799989691, 42.97015500030766], [-72.22140699987635, 42.970062000090266], [-72.22296799965062, 42.96964800027862], [-72.22440399975143, 42.96924400004319], [-72.225224999734, 42.9689830000877], [-72.22657299997122, 42.96863499995802], [-72.22785300043643, 42.96831700014656], [-72.22796700023925, 42.96828900007201], [-72.22839800023445, 42.96820300018589], [-72.22896999979669, 42.96815399979193], [-72.22941000001273, 42.96811000030368], [-72.2294640004394, 42.96811000030368], [-72.22990499958206, 42.96811000030368], [-72.2304779998675, 42.96816500015208], [-72.23147499957717, 42.96828099976664], [-72.23227100034367, 42.968455999881954], [-72.23479700004056, 42.96892999987586], [-72.23672100003797, 42.969291000018266], [-72.23736399974531, 42.969427999978365], [-72.23807599994794, 42.969557999922216], [-72.23864699968523, 42.96964699985174], [-72.23925400030586, 42.969694999944934], [-72.23944500010158, 42.969700999871776], [-72.23983400026401, 42.969712999723704], [-72.24040500000132, 42.969685000284684], [-72.24094300012665, 42.969640000150015], [-72.2414460000919, 42.96958900004523], [-72.24187000041442, 42.969523999811734], [-72.24217400018804, 42.96945600019176], [-72.24236499998375, 42.96941399986689], [-72.24253300021324, 42.96937099973936], [-72.2428899996903, 42.96927699987561], [-72.2442489997982, 42.96880699971665], [-72.24532099985093, 42.968389999975805], [-72.24577899961032, 42.96820399997892], [-72.24633400035243, 42.96803000025714], [-72.24672000014182, 42.967918000017214], [-72.24711799962675, 42.967817999794974], [-72.2474449998649, 42.96776400009382], [-72.24789099992874, 42.96771199994724], [-72.24840599958955, 42.967674000267394], [-72.24886099987421, 42.96767599987057], [-72.2494070003955, 42.967694000240236], [-72.24999999987409, 42.96774199988548], [-72.2501480000121, 42.96774899980325], [-72.25205299974296, 42.96794400000894], [-72.25348899984374, 42.968117000179575], [-72.25405399973327, 42.968184999965224], [-72.25610599977722, 42.96840800013648], [-72.25667300021489, 42.968451000279956], [-72.25703899991277, 42.96843799973528], [-72.2574210004025, 42.968411000162746], [-72.25809300042216, 42.96831400011571], [-72.25841200026439, 42.968255999709534], [-72.2587870001831, 42.968159999869094], [-72.2592080001326, 42.96802899980399], [-72.25967599993776, 42.967850999735106], [-72.25993399968061, 42.967712999748244], [-72.26008600001656, 42.9676320000404], [-72.26050199994316, 42.96734099969897], [-72.26070699998257, 42.96719800017874], [-72.26091399967181, 42.96703100024013], [-72.26116100044234, 42.96679400028495], [-72.26146500021596, 42.96645100002536], [-72.26155200025458, 42.96635299969379], [-72.26174200022538, 42.96608499985451], [-72.26188100014257, 42.96584900003002], [-72.26208799983179, 42.965414000239996], [-72.26219499996192, 42.96511899989389], [-72.2622710001299, 42.96484500019486], [-72.26233300005418, 42.964574000146214], [-72.26246600012357, 42.9632480000288], [-72.26254399994139, 42.9622770001178], [-72.26260400021583, 42.96192300015121], [-72.26265299972133, 42.96169499998569], [-72.26271600036883, 42.96151500019239], [-72.2628979999437, 42.96109499994156], [-72.26309799996025, 42.96080199974836], [-72.26332999976383, 42.960480999790484], [-72.26359699972754, 42.96015699970149], [-72.26388499960761, 42.95989099968007], [-72.26453700043409, 42.959455999836244], [-72.26460799968089, 42.959422000058915], [-72.26503200000342, 42.95919800024415], [-72.26505399974472, 42.95918600031323], [-72.26542600018871, 42.95902699985727], [-72.26577900036612, 42.958890999687], [-72.26659000030295, 42.95865200003236], [-72.26719500037544, 42.95849600002113], [-72.26762399982253, 42.95837799980046], [-72.26840100032248, 42.95816500030571], [-72.26882200027194, 42.95804099970162], [-72.26925300026717, 42.95790599994214], [-72.27056399979618, 42.95743299978237], [-72.27114399975433, 42.957166999818774], [-72.27189100011705, 42.95678999987788], [-72.27219599971556, 42.95663699969118], [-72.2724090001509, 42.95651799986732], [-72.27310299991186, 42.95606200005284], [-72.27364100003719, 42.95570899982676], [-72.27437800035416, 42.95517000024817], [-72.27605200010633, 42.95394699995554], [-72.27786399995078, 42.9526129998984], [-72.27781899974494, 42.952049000092416], [-72.27777799973705, 42.95152000000241], [-72.27767999982775, 42.95090999994171], [-72.2775829997434, 42.950400000176664], [-72.27757100004781, 42.95027200002602], [-72.27761399970554, 42.95009999973322], [-72.27766499975915, 42.94995700024773], [-72.2778160002702, 42.949657000275124], [-72.27787599964634, 42.949511000127664], [-72.27792199967709, 42.949365000291486], [-72.27796900043109, 42.94911700019029], [-72.27799500037034, 42.94862399995395], [-72.27806399996732, 42.94795400006129], [-72.27808099968576, 42.94779199979906], [-72.27810499997521, 42.94733199989647], [-72.27812500006668, 42.94698099984559], [-72.27810699962502, 42.946679999691575], [-72.27808499988372, 42.9464759998187], [-72.27804300005091, 42.946223999970655], [-72.27795500018738, 42.94590099993283], [-72.2778999999358, 42.945674999900234], [-72.27771199961481, 42.94487800011104], [-72.27758100009356, 42.944481999752405], [-72.27749499987983, 42.944237999777506], [-72.27737799970396, 42.944038999974026], [-72.27732900019848, 42.943945999732954], [-72.27708099960306, 42.94352000005733], [-72.27703299992247, 42.94342900008104], [-72.27662299984364, 42.942578000042914], [-72.2766129997979, 42.94255499982528], [-72.27643700007081, 42.9421580000902], [-72.27635099985709, 42.94198600014064], [-72.27627600041234, 42.94176199999062], [-72.27624999957474, 42.941637000307075], [-72.27623700005427, 42.94153799968324], [-72.2762379998792, 42.94140700014743], [-72.27618400035082, 42.941244000180234], [-72.27636400027589, 42.9408079998133], [-72.2764229998271, 42.940650999704914], [-72.27650499984287, 42.94027200003025], [-72.27653400015521, 42.94015000004117], [-72.2766399995621, 42.93959700001344], [-72.27669099961571, 42.93932799977525], [-72.27684899979945, 42.93850699999095], [-72.27697600002107, 42.93791200020581], [-72.27707300010545, 42.93744399976495], [-72.27713800040277, 42.93705999989998], [-72.27724200015984, 42.93660199999542], [-72.27729200038856, 42.93638500018524], [-72.27731499995477, 42.93632199969408], [-72.27758199991848, 42.93559500011487], [-72.2776549997134, 42.93539599999767], [-72.27804899989872, 42.93437600027703], [-72.2781819999681, 42.93395299988809], [-72.27824899991525, 42.93367099998769], [-72.27843499968809, 42.93364799973132]]]}}, {"type": "Feature", "properties": {"tract_id": "33005971600", "name": "Tract Census Tract 9716", "pct_white_2020": 96.5, "pct_black_2020": 0.0, "pct_hispanic_2020": 0.7, "pct_asian_2020": 0.0, "population_2020": 3965, "is_sample_data": false, "pct_white_1970": 98, "pct_black_1970": 27.0, "pct_hispanic_1970": 2.7, "pct_asian_1970": 3.4, "pct_white_1990": 95, "pct_black_1990": 24.7, "pct_hispanic_1990": 1, "pct_asian_1990": 1.1}, "geometry": {"type": "Polygon", "coordinates": [[[-72.55709299999825, 42.85347299984307], [-72.5571239999604, 42.85323600011383], [-72.55707799992963, 42.85286300029007], [-72.55701699983028, 42.852618000009834], [-72.55693999983737, 42.852373999772794], [-72.55681799963864, 42.85221399981738], [-72.5567089998587, 42.85209499977519], [-72.55659400023097, 42.85196999995991], [-72.55655900007088, 42.851931999981694], [-72.55647100020732, 42.85187500029989], [-72.55629899977988, 42.85176399990197], [-72.55609899976332, 42.85154500027611], [-72.55597900011273, 42.85140499969346], [-72.55584199984538, 42.851237999872275], [-72.55558199955438, 42.8509020000903], [-72.55524699981864, 42.85042900013572], [-72.55488100012074, 42.8498800000281], [-72.55460599976114, 42.84951300013546], [-72.55425500013185, 42.84897900003622], [-72.55390399960424, 42.848414999832116], [-72.5538080002431, 42.848216999870424], [-72.55339999981409, 42.84737699970075], [-72.55312600017771, 42.84693499971508], [-72.55275899975659, 42.84630099976006], [-72.55243900008945, 42.845721999756314], [-72.55204200042942, 42.84530200027181], [-72.55175200000119, 42.84506500014453], [-72.55144700040266, 42.844837000122766], [-72.55103499977571, 42.84450799986481], [-72.55048599977971, 42.844051000304894], [-72.55028699958807, 42.8438980000298], [-72.54989099975295, 42.84360100019636], [-72.54940200003142, 42.843219000216386], [-72.54926499976405, 42.84312800031934], [-72.54902100026491, 42.842883000285056], [-72.54897500023417, 42.84279199989315], [-72.54880799982956, 42.84258600018274], [-72.54868499980593, 42.84226500000363], [-72.54859399956933, 42.84199800015994], [-72.54851699957645, 42.84170900003768], [-72.54821199997791, 42.84113599974789], [-72.54763200001977, 42.84008399995089], [-72.5474799996838, 42.839794000195994], [-72.54735800038338, 42.83954900011462], [-72.54726600032188, 42.83920599994954], [-72.54714400012313, 42.838908999956494], [-72.54708300002378, 42.838542000095735], [-72.54707499962785, 42.83837700025929], [-72.54703699999303, 42.837321999772875], [-72.54699299961209, 42.83633500016208], [-72.54695599980217, 42.83548999996503], [-72.54691499979427, 42.83458300031838], [-72.54685600024305, 42.83367699987694], [-72.54679299959555, 42.83271399975325], [-72.54676300035663, 42.83156200008164], [-72.54671700032588, 42.83115000019467], [-72.54671700032588, 42.83063100022743], [-72.54667100029512, 42.83000500011967], [-72.54662500026438, 42.82877699993334], [-72.54661000019577, 42.82834199991159], [-72.54662500026438, 42.827707000123915], [-72.54664000033299, 42.827083000264174], [-72.54665600022652, 42.8257559998605], [-72.54661000019577, 42.82541200008873], [-72.54658000005853, 42.8251990001113], [-72.546564000165, 42.82516100013716], [-72.54648799999701, 42.824833000013555], [-72.54644199996626, 42.824587999914726], [-72.54634999990476, 42.82429100016568], [-72.54627000043713, 42.824150999753634], [-72.54613700036775, 42.82391700001376], [-72.54612399994895, 42.82387399977375], [-72.54609100033699, 42.82374900017798], [-72.5460000001004, 42.82338300006106], [-72.54590800003888, 42.82313100026556], [-72.54584699993951, 42.822895000268225], [-72.54577099977155, 42.822612000172356], [-72.54569399977863, 42.82225400007874], [-72.5455719995799, 42.82200999983194], [-72.54542000014226, 42.821750000140185], [-72.54529799994351, 42.821491000211665], [-72.54522099995063, 42.82136100007009], [-72.5451149996454, 42.82086499978624], [-72.54486399957524, 42.82046799968236], [-72.54484000018411, 42.820430000094746], [-72.54479199960522, 42.82029499993174], [-72.54476400001614, 42.82021400008781], [-72.54474800012261, 42.82017899968316], [-72.5446419998174, 42.81983499984744], [-72.54439800031824, 42.81921000002186], [-72.54426000022598, 42.81894300006182], [-72.54407699992787, 42.81856899984501], [-72.54356100044215, 42.817789999803345], [-72.54355300004624, 42.81773000013406], [-72.54336200025053, 42.817462999713655], [-72.54329399958014, 42.81740799972819], [-72.54317700030259, 42.81724899975863], [-72.5428409998436, 42.81666200010152], [-72.54258099955261, 42.81609699982744], [-72.54242900011498, 42.81564699977056], [-72.54239800015283, 42.815364999744034], [-72.54244400018358, 42.81519699973387], [-72.5425510003137, 42.814594000033544], [-72.5425360002451, 42.8139069998878], [-72.54250500028294, 42.813236000048185], [-72.5425360002451, 42.813082999920844], [-72.54251299978054, 42.81284800012954], [-72.54233700005345, 42.81109199999396], [-72.54219999978612, 42.809992999964564], [-72.54204800034846, 42.809298999985], [-72.54197100035557, 42.80900199994675], [-72.54183400008822, 42.808474999914445], [-72.54169699982086, 42.80789500030131], [-72.54151299969786, 42.80709400000258], [-72.54103999986984, 42.806743000113265], [-72.54073500027131, 42.80649899995177], [-72.54038399974371, 42.80623199981212], [-72.5401710002067, 42.806079999941076], [-72.5399109999157, 42.80588100030411], [-72.53837000023292, 42.804713999732535], [-72.53814099990406, 42.804530999960505], [-72.53789700040491, 42.8043549996763], [-72.53754599987731, 42.80410399992512], [-72.537271000416, 42.80389799978333], [-72.5369049998198, 42.803614999743495], [-72.53580600000288, 42.80279899979841], [-72.535440000305, 42.802508999766836], [-72.53492200027115, 42.80211999993304], [-72.53440300041237, 42.80169299973436], [-72.53319699956704, 42.80082299978224], [-72.53283099986913, 42.8005560001915], [-72.53229699994176, 42.800121000012346], [-72.53209799975012, 42.799960999874116], [-72.53173200005223, 42.79968600007053], [-72.53133200001915, 42.799394000156354], [-72.53093899965876, 42.799106999685684], [-72.53016100023223, 42.7985419998713], [-72.52962599958161, 42.79810700003398], [-72.52903099955485, 42.79767199977519], [-72.52800899973083, 42.796885999967216], [-72.52793299956286, 42.79685599988747], [-72.52736799967333, 42.796390999757364], [-72.52697100001329, 42.796123000208645], [-72.52668099958507, 42.795878999688846], [-72.52636099991793, 42.79566600015321], [-72.52629999981858, 42.795611999857364], [-72.5261049998249, 42.795465000058336], [-72.524865000441, 42.79452899994139], [-72.52408700011615, 42.79392599980296], [-72.52344600005863, 42.7934380002519], [-72.52201199960766, 42.79236199993275], [-72.52143199964952, 42.79189700031295], [-72.52121900011251, 42.79176699992901], [-72.51975399969939, 42.79066099977702], [-72.51941800013871, 42.79039399984671], [-72.5182280000852, 42.78949400021132], [-72.51703800003173, 42.78859299994451], [-72.5166859996792, 42.788318999798676], [-72.51625800005702, 42.787971999855976], [-72.51613699968321, 42.78786900004573], [-72.51514599982133, 42.78699900021301], [-72.51415400013454, 42.78613700024219], [-72.51393999987431, 42.78592300002782], [-72.51305500031765, 42.78512999977055], [-72.51261199972853, 42.78472499997699], [-72.51223099996203, 42.78432900010763], [-72.51196900002122, 42.78402099992306], [-72.5108419997169, 42.78269600016137], [-72.51059800021774, 42.78242100011553], [-72.51001900008451, 42.781666000182646], [-72.5092859999655, 42.78053700020601], [-72.5089960004356, 42.78002599974085], [-72.5087369999695, 42.77952199987482], [-72.50846199960989, 42.778683000003355], [-72.50840100040884, 42.77833999974012], [-72.50838499961701, 42.778041999864385], [-72.50838600034021, 42.777851999947195], [-72.50838600034021, 42.7776910000122], [-72.50843099964776, 42.777500000087024], [-72.50849299957203, 42.777119000043854], [-72.50865999997662, 42.7764319998046], [-72.50890500019901, 42.77591300018477], [-72.50902700039774, 42.77556999974361], [-72.50916399976676, 42.77530300000179], [-72.5092859999655, 42.775012999699115], [-72.50942300023286, 42.77484500022585], [-72.50953000036297, 42.774730999734984], [-72.50968299962554, 42.774563000156114], [-72.51012500038972, 42.77415900011949], [-72.51049100008761, 42.77383099987487], [-72.51078099961754, 42.77360900012272], [-72.51113200014511, 42.77340300001513], [-72.51143699974365, 42.77318199970767], [-72.51175800013401, 42.77299099972259], [-72.51206299973255, 42.772815999740466], [-72.5124600002909, 42.77260200029987], [-72.5136639996898, 42.771880000028396], [-72.5137569995762, 42.77182400005928], [-72.51397000001154, 42.771732999919095], [-72.51423699997524, 42.77152199975352], [-72.51427600033328, 42.77149599997714], [-72.5144739998017, 42.77136600027209], [-72.51469100043498, 42.7712159998676], [-72.51503899969121, 42.77097699987491], [-72.5151070003616, 42.77092000005224], [-72.51516900028587, 42.77087000003734], [-72.51535900025667, 42.77071000011406], [-72.51552699958785, 42.77058799967229], [-72.51578600005392, 42.77035199967073], [-72.5161070004443, 42.76985599988839], [-72.51615199975183, 42.76970299997558], [-72.51627399995057, 42.76939800005627], [-72.5164730001422, 42.769123000300894], [-72.51654900031018, 42.76881800016336], [-72.51658000027231, 42.76864999971212], [-72.5164880002108, 42.768306999931355], [-72.51644200018005, 42.767956000296635], [-72.51615199975183, 42.76710899997482], [-72.51600000031416, 42.766758000146446], [-72.5159390002148, 42.76652899975186], [-72.51570999988594, 42.76617799993447], [-72.51564899978659, 42.765979999701166], [-72.5154660003868, 42.765629000070504], [-72.51491700039078, 42.76507999995757], [-72.51476400022992, 42.76498800000926], [-72.51448899987031, 42.764798000271355], [-72.51407700014165, 42.76456100017369], [-72.5138479998128, 42.76442399983455], [-72.51342100001553, 42.76419500004492], [-72.5133139998854, 42.76414899976043], [-72.51307000038626, 42.76407299996112], [-72.51265799975928, 42.76404999977788], [-72.51233800009216, 42.76404199999888], [-72.51178900009614, 42.76395100029659], [-72.5114829997744, 42.763958000278464], [-72.51117800017589, 42.76388200024484], [-72.51067500021063, 42.76397399985712], [-72.51039999985102, 42.7640879997033], [-72.51003300032822, 42.76423299988139], [-72.5099119999544, 42.76427900010351], [-72.50977399986213, 42.76427099969456], [-72.50951500029436, 42.764515000161026], [-72.50936200013348, 42.764545999886586], [-72.509117999736, 42.76456100017369], [-72.50856899974002, 42.76438600011523], [-72.5083700004467, 42.76440099978157], [-72.50794299975112, 42.764538000171626], [-72.50765300022121, 42.764705999904216], [-72.50733299965576, 42.76496500016568], [-72.50713400036244, 42.765155999840474], [-72.50687499989635, 42.765492000114655], [-72.50666900003203, 42.765629000070504], [-72.50650900019846, 42.76572099972637], [-72.5062799998696, 42.76580499969426], [-72.50597500027106, 42.765889000207736], [-72.5056389998121, 42.765979999701166], [-72.50519699994622, 42.766034000127306], [-72.50473900018683, 42.76604900005417], [-72.50424999956698, 42.76610199998638], [-72.50406700016717, 42.766125000067284], [-72.5038229997697, 42.76619400025872], [-72.50357900027053, 42.76646800005981], [-72.50331899997954, 42.766629000155035], [-72.5029840002438, 42.766719999880394], [-72.50258699968543, 42.766850000104014], [-72.50183900039613, 42.76710899997482], [-72.5015339998993, 42.76723900004162], [-72.50121400023217, 42.76752099982693], [-72.50095399994116, 42.76774999985163], [-72.50063400027402, 42.76799399980447], [-72.50029799981503, 42.768382999812005], [-72.50022199964704, 42.76861199994725], [-72.50011500041525, 42.7687340003244], [-72.49990199997991, 42.76881800016336], [-72.49982499998703, 42.76881800016336], [-72.49976399988765, 42.7688189998938], [-72.49958099958954, 42.76881100007124], [-72.49947400035774, 42.76892500024855], [-72.49946299958877, 42.76902000012617], [-72.49947400035774, 42.76921500004322], [-72.49945900028914, 42.769466999899194], [-72.49941300025837, 42.76972600003834], [-72.49932100019687, 42.7698480001997], [-72.49924500002888, 42.77000799971198], [-72.4991689998609, 42.77040499987789], [-72.49906199973077, 42.77097699987491], [-72.49901599970002, 42.771228999815925], [-72.49901700042325, 42.771527000165776], [-72.49903199959356, 42.77183200015218], [-72.4989710003925, 42.7720989996922], [-72.49889400039959, 42.77222099979532], [-72.49880300016301, 42.77230500018067], [-72.49872600017011, 42.77241200017679], [-72.49866500007076, 42.77254899999445], [-72.49857399983415, 42.77271699976148], [-72.49840599960466, 42.77289999997824], [-72.49826900023562, 42.77299900032412], [-72.49805499997537, 42.77315200000791], [-72.4977040003461, 42.77336499986921], [-72.49736899971202, 42.773479999892295], [-72.49704800021998, 42.77352500018722], [-72.49663599959302, 42.77363200005378], [-72.49630000003236, 42.773700999795764], [-72.49587300023508, 42.773700999795764], [-72.4953240002391, 42.77367000003587], [-72.49498799978011, 42.77360900012272], [-72.49422500042218, 42.773418999792], [-72.4937979997266, 42.77334199983899], [-72.49347700023455, 42.773349999735814], [-72.49302000030006, 42.77333500025815], [-72.49282100010844, 42.773274000015036], [-72.49250100044131, 42.773159000268855], [-72.49240900037978, 42.773144000085566], [-72.49163100005492, 42.773159000268855], [-72.49140199972607, 42.773105999780725], [-72.49118800036415, 42.77302999976052], [-72.49088299986731, 42.77292999980006], [-72.49054700030663, 42.772746999671895], [-72.49009000037216, 42.772311999877914], [-72.48952499958432, 42.7717249998134], [-72.4884269995923, 42.77054999977746], [-72.48798700027459, 42.770064999714485], [-72.48754200003566, 42.769565999797656], [-72.48720599957667, 42.76916200013666], [-72.48697700014613, 42.76885599980186], [-72.48683999987878, 42.768497999853295], [-72.4866869997179, 42.76813900007252], [-72.48665699958069, 42.76804799979389], [-72.48662599961854, 42.76799399980447], [-72.48638200011938, 42.76767399985375], [-72.48632100002001, 42.76749100002306], [-72.48580200016124, 42.766850000104014], [-72.48531400026461, 42.766278000244725], [-72.4846730002071, 42.765728000167684], [-72.48416900041695, 42.7653470002454], [-72.48363499959125, 42.76499600032556], [-72.48313199962601, 42.764751999775115], [-72.48227700020657, 42.76436300004814], [-72.48171200031705, 42.76413400003303], [-72.48082699986207, 42.76383599972795], [-72.48058300036291, 42.76374499972307], [-72.48036999992756, 42.763698999763974], [-72.47971299997656, 42.763484999820626], [-72.47936300017217, 42.763332999818694], [-72.4788739995523, 42.76297399978272], [-72.47843199968645, 42.76249400023951], [-72.47812700008791, 42.76219599996009], [-72.4776380003664, 42.76167699975851], [-72.4772109996708, 42.761089999816534], [-72.47713500040113, 42.761020999876024], [-72.47695200010304, 42.76076899995671], [-72.4768449999729, 42.760601000100635], [-72.47669199981202, 42.76019700001093], [-72.4763870002135, 42.75939599968116], [-72.47594500034762, 42.758198000203976], [-72.47566999998803, 42.757442999776934], [-72.47551699982714, 42.7570689997916], [-72.47537999955979, 42.75658800008456], [-72.4752880003966, 42.75601599979799], [-72.47518100026649, 42.75560399994589], [-72.47512099999203, 42.75514600027985], [-72.47504399999913, 42.7543610000393], [-72.47490699973177, 42.75303300026247], [-72.47490699973177, 42.75291899986437], [-72.47483099956379, 42.75216299976396], [-72.47481499967027, 42.75205699975263], [-72.47478500043135, 42.751842999836946], [-72.47467800030122, 42.75144600011092], [-72.47466300023262, 42.751255999742746], [-72.47467800030122, 42.751202000288664], [-72.47463200027047, 42.75087399985755], [-72.474464000041, 42.750302000262145], [-72.47439299989588, 42.750075999829754], [-72.47429099978864, 42.749671999723994], [-72.47425099960566, 42.749508000294654], [-72.47408300027449, 42.748531999687145], [-72.47406800020588, 42.7484329998194], [-72.47397100012148, 42.74808800012417], [-72.47394099998426, 42.74796599999033], [-72.47379299984625, 42.74741799979089], [-72.47361000044646, 42.74678500002744], [-72.473366000049, 42.74623499975274], [-72.47305999972723, 42.745678999912606], [-72.47226700023208, 42.74496899994799], [-72.47179400040407, 42.74444299973139], [-72.47142799980786, 42.74402299974777], [-72.47118400030871, 42.74388600017908], [-72.47101600007923, 42.74386299975957], [-72.47099799963755, 42.74386500002585], [-72.47071099958238, 42.74390100018999], [-72.47055800031981, 42.743916000197224], [-72.47048299997675, 42.74386000001973], [-72.4697339999642, 42.743274999818034], [-72.46890999960858, 42.74259600018083], [-72.46839099974983, 42.74217699972005], [-72.46768899959294, 42.74153599983372], [-72.46747600005592, 42.74120000028532], [-72.46730000032883, 42.74059500029903], [-72.46701800029653, 42.7399720001218], [-72.46683499999843, 42.73959800026918], [-72.46620900000953, 42.73886599985776], [-72.46511000019264, 42.73788099985516], [-72.46448500002866, 42.73743899969669], [-72.46422499973764, 42.737308999787906], [-72.46367599974165, 42.73659999988927], [-72.46353699982447, 42.736371999798976], [-72.46344099956501, 42.73621499997004], [-72.46319200004298, 42.735809000057024], [-72.46316100008085, 42.73575799981504], [-72.46298199998071, 42.73546299977868], [-72.46254699978752, 42.73475300026778], [-72.46164600033734, 42.73382300001421], [-72.46150900006998, 42.73350200012658], [-72.46134099984049, 42.73312800018045], [-72.46118900040285, 42.732854000101064], [-72.4604410002152, 42.73211399997813], [-72.46010599958116, 42.731594999916325], [-72.45963199992822, 42.730785999998886], [-72.4593270003297, 42.73017600023401], [-72.45873200030294, 42.728992999818594], [-72.45844199987472, 42.72775000013796], [-72.45841199973748, 42.72696000001628], [-72.45841199973748, 42.72693300027202], [-72.45738900008855, 42.72690299995582], [-72.45722500005704, 42.726897000154814], [-72.45600099966833, 42.72684899974603], [-72.45577600043576, 42.7268429999398], [-72.45181999958756, 42.72671199984607], [-72.45119399959864, 42.7266890003149], [-72.4514360003463, 42.72782299975332], [-72.45177399955679, 42.72941299999186], [-72.45180799989198, 42.72957800015376], [-72.45262800004963, 42.73360899983387], [-72.4535750004289, 42.73812600021588], [-72.45398799998246, 42.74005600002896], [-72.45412600007472, 42.74070400001175], [-72.45458200018429, 42.74283299984582], [-72.45476999960695, 42.7437150003264], [-72.45571100013841, 42.74810499990747], [-72.45610799979845, 42.750058999927354], [-72.45611299982134, 42.75008099999419], [-72.45624099986784, 42.75069599999104], [-72.45725199982121, 42.75555100026717], [-72.45789299987871, 42.758664000212896], [-72.45845100009555, 42.761414000201384], [-72.4586860002722, 42.762562000027195], [-72.45963199992822, 42.76716300007627], [-72.45978300043927, 42.76788299978832], [-72.46059400037609, 42.7717709997475], [-72.46118900040285, 42.774739000111786], [-72.46176900036097, 42.77756900013486], [-72.46207499978442, 42.77912299968126], [-72.46211699961721, 42.77933000010263], [-72.46277600011638, 42.782574000255835], [-72.46397600021562, 42.788504000198536], [-72.46414799974475, 42.789345000266714], [-72.46456100019662, 42.79135699992139], [-72.46484900007673, 42.79276099984108], [-72.46490799962795, 42.793047000082616], [-72.46496999955222, 42.79335000021509], [-72.46504900009326, 42.79373599985162], [-72.46561900000566, 42.7965020000889], [-72.46579399990785, 42.79734999974447], [-72.46595000044177, 42.79810700003398], [-72.46633100020829, 42.79996900028631], [-72.46682499995268, 42.802382999974945], [-72.46723099983356, 42.80431000004005], [-72.4681220001363, 42.80857900010635], [-72.46816200031928, 42.80876899995474], [-72.46848299981133, 42.810305999986525], [-72.4693680002663, 42.814594000033544], [-72.4699230001101, 42.81723300010791], [-72.47034499988449, 42.81925199997726], [-72.47053999987817, 42.82020800009514], [-72.47132099967773, 42.824039000118184], [-72.47155000000659, 42.8251990001113], [-72.47237400036222, 42.8291969997529], [-72.4729020004418, 42.83173299986142], [-72.47297699988657, 42.83209299979303], [-72.473366000049, 42.833957000054326], [-72.47420200010016, 42.83804200027394], [-72.47434199984224, 42.8387250000098], [-72.4743529997129, 42.83877800029763], [-72.47446999988877, 42.83934900024211], [-72.47604099970879, 42.847058000273094], [-72.47606699964805, 42.84718600015459], [-72.47643300024427, 42.84894900019712], [-72.47673799984277, 42.85042100032394], [-72.47726199972443, 42.853003000201966], [-72.47727199977017, 42.85305299971731], [-72.47727500014324, 42.85307000032036], [-72.47991899984086, 42.853205000023635], [-72.48081000014363, 42.85325500003397], [-72.4945579996098, 42.854032999957944], [-72.49749799958346, 42.854208000104954], [-72.49758700017023, 42.854210999768235], [-72.498070000044, 42.85423600002972], [-72.49956600041924, 42.854273999907385], [-72.49958099958954, 42.85427500023313], [-72.50029799981503, 42.85432700002698], [-72.50170200012877, 42.85441900021356], [-72.50310600044253, 42.85453300009709], [-72.50452499992659, 42.85462499997674], [-72.5048580000125, 42.85464899975102], [-72.50592900024033, 42.85473199988632], [-72.50733299965576, 42.85483099971135], [-72.50867599987014, 42.854922999805595], [-72.51001800025959, 42.85501400010758], [-72.51136099957567, 42.85510599992925], [-72.51270399979005, 42.855196999961564], [-72.51404700000442, 42.8552890001691], [-72.5153900002188, 42.85538799975974], [-72.51667099961058, 42.85547199986666], [-72.51924999990923, 42.85564699988705], [-72.52182900020786, 42.8558229997122], [-72.52636599994081, 42.856136000171176], [-72.52656099993449, 42.85614999969809], [-72.52714000006772, 42.85618900000982], [-72.52848199955885, 42.856279999763245], [-72.52947400014395, 42.85633399977064], [-72.52982499977324, 42.8563719996744], [-72.53112199995687, 42.856455999759845], [-72.5324340002091, 42.856546999778395], [-72.53373100039272, 42.85663899995024], [-72.53504299974665, 42.85673099998507], [-72.53634099975518, 42.85680699993903], [-72.53765300000742, 42.8568980000988], [-72.53934600002619, 42.85701799972821], [-72.54015600013808, 42.85707400030958], [-72.54065900010333, 42.85712000002007], [-72.54216999964889, 42.85721099971858], [-72.54366500019923, 42.857317999757], [-72.54512499969117, 42.857427000159404], [-72.54658000005853, 42.85752699988806], [-72.5480289996798, 42.85763099988192], [-72.54940200003142, 42.857722000144406], [-72.5494790000243, 42.85773000032753], [-72.5509279996456, 42.85782200005384], [-72.55239300005869, 42.85792100019322], [-72.55384300040319, 42.85802000017388], [-72.55388400041109, 42.85802800031833], [-72.55391899967286, 42.85803500019697], [-72.5545470002099, 42.85807799971628], [-72.55507899958913, 42.85811899999576], [-72.555307999918, 42.857722000144406], [-72.55550600028472, 42.85740199987264], [-72.55564299965376, 42.857142999862475], [-72.55587199998261, 42.85677600032437], [-72.55594899997551, 42.856517000322576], [-72.55610100031147, 42.8561430002643], [-72.55626899964264, 42.85580799981025], [-72.55645299976565, 42.85537099979476], [-72.55662000017024, 42.85503700007584], [-72.55680299957004, 42.85471699971937], [-72.55688200011106, 42.854566000162755], [-72.55695599973092, 42.85431599974497], [-72.55700099993675, 42.85412099992828], [-72.55701699983028, 42.853884999725096], [-72.55709299999825, 42.85347299984307]]]}}, {"type": "Feature", "properties": {"tract_id": "33005971700", "name": "Tract Census Tract 9717", "pct_white_2020": 96.0, "pct_black_2020": 0.1, "pct_hispanic_2020": 0.5, "pct_asian_2020": 0.4, "population_2020": 4175, "is_sample_data": false, "pct_white_1970": 98, "pct_black_1970": 1, "pct_hispanic_1970": 2.9, "pct_asian_1970": 0.2, "pct_white_1990": 95, "pct_black_1990": 1.0, "pct_hispanic_1990": 1, "pct_asian_1990": 0}, "geometry": {"type": "Polygon", "coordinates": [[[-72.47727500014324, 42.85307000032036], [-72.47727199977017, 42.85305299971731], [-72.47726199972443, 42.853003000201966], [-72.47673799984277, 42.85042100032394], [-72.47643300024427, 42.84894900019712], [-72.47606699964805, 42.84718600015459], [-72.47604099970879, 42.847058000273094], [-72.47446999988877, 42.83934900024211], [-72.4743529997129, 42.83877800029763], [-72.47434199984224, 42.8387250000098], [-72.47420200010016, 42.83804200027394], [-72.473366000049, 42.833957000054326], [-72.47297699988657, 42.83209299979303], [-72.4729020004418, 42.83173299986142], [-72.47237400036222, 42.8291969997529], [-72.47155000000659, 42.8251990001113], [-72.47132099967773, 42.824039000118184], [-72.47053999987817, 42.82020800009514], [-72.47034499988449, 42.81925199997726], [-72.4699230001101, 42.81723300010791], [-72.4693680002663, 42.814594000033544], [-72.46848299981133, 42.810305999986525], [-72.46816200031928, 42.80876899995474], [-72.4681220001363, 42.80857900010635], [-72.46723099983356, 42.80431000004005], [-72.46682499995268, 42.802382999974945], [-72.46633100020829, 42.79996900028631], [-72.46595000044177, 42.79810700003398], [-72.46579399990785, 42.79734999974447], [-72.46561900000566, 42.7965020000889], [-72.46504900009326, 42.79373599985162], [-72.46496999955222, 42.79335000021509], [-72.46490799962795, 42.793047000082616], [-72.46484900007673, 42.79276099984108], [-72.46456100019662, 42.79135699992139], [-72.46414799974475, 42.789345000266714], [-72.46397600021562, 42.788504000198536], [-72.46277600011638, 42.782574000255835], [-72.46211699961721, 42.77933000010263], [-72.46207499978442, 42.77912299968126], [-72.46176900036097, 42.77756900013486], [-72.46118900040285, 42.774739000111786], [-72.46059400037609, 42.7717709997475], [-72.45978300043927, 42.76788299978832], [-72.45963199992822, 42.76716300007627], [-72.4586860002722, 42.762562000027195], [-72.45845100009555, 42.761414000201384], [-72.45789299987871, 42.758664000212896], [-72.45725199982121, 42.75555100026717], [-72.45624099986784, 42.75069599999104], [-72.45611299982134, 42.75008099999419], [-72.45610799979845, 42.750058999927354], [-72.45571100013841, 42.74810499990747], [-72.45476999960695, 42.7437150003264], [-72.45458200018429, 42.74283299984582], [-72.45412600007472, 42.74070400001175], [-72.45398799998246, 42.74005600002896], [-72.4535750004289, 42.73812600021588], [-72.45262800004963, 42.73360899983387], [-72.45180799989198, 42.72957800015376], [-72.45177399955679, 42.72941299999186], [-72.4514360003463, 42.72782299975332], [-72.45119399959864, 42.7266890003149], [-72.45075599993073, 42.7266729996892], [-72.44902699992697, 42.72661300011058], [-72.44854200040339, 42.72659799987694], [-72.44605000014339, 42.72648899978576], [-72.44573100030117, 42.726475999689455], [-72.44490699994556, 42.72642999978363], [-72.44353399959395, 42.7263839998437], [-72.44267900017452, 42.72634899982357], [-72.44202300004841, 42.72632300022943], [-72.44052800039637, 42.726261999895264], [-72.4393120004036, 42.72621500007289], [-72.439109000014, 42.72620900020529], [-72.43798300043292, 42.7261660000376], [-72.43602599992522, 42.72609400021184], [-72.43453100027318, 42.72601799993847], [-72.43303499989793, 42.72597199969302], [-72.43152500017727, 42.72591099967362], [-72.43009099972632, 42.72585799968377], [-72.42922399971299, 42.7258370000239], [-72.42911400010813, 42.72583499983597], [-72.42723699996638, 42.725773999681856], [-72.42580300041371, 42.72574299969955], [-72.42436800013782, 42.72570500001941], [-72.42297999971761, 42.725651999853554], [-72.4215910003708, 42.72561400011767], [-72.42020299995056, 42.725574999930366], [-72.41881399970542, 42.72552200031337], [-72.41742500035862, 42.72547599970017], [-72.41638799956768, 42.725452999710704], [-72.41536499991874, 42.72540800013709], [-72.41434300009473, 42.72537699997188], [-72.41313799997262, 42.725368999820276], [-72.41241300024951, 42.72535999989599], [-72.41203599978266, 42.72535499971749], [-72.41200800019355, 42.72535399994575], [-72.41142900006034, 42.72534599979119], [-72.41010099991458, 42.72530100013994], [-72.40875799970019, 42.72526300018906], [-72.40741500038413, 42.7252170000437], [-72.40607299999466, 42.72517900004136], [-72.40474499984889, 42.725132999833704], [-72.40340199963453, 42.72510200019096], [-72.40326100006752, 42.7250969999917], [-72.40205900031845, 42.725056999702794], [-72.40063999993609, 42.72501100006461], [-72.39972699989202, 42.72498599968748], [-72.39923700034556, 42.724972999936085], [-72.39885499985583, 42.72496000018202], [-72.3984720004395, 42.724948000203526], [-72.39819500043008, 42.72493900021817], [-72.39781700013829, 42.72492700023562], [-72.39641399964947, 42.7248809998411], [-72.39501000023402, 42.724843000292886], [-72.39359099985165, 42.72479000005052], [-72.39217099964438, 42.724751000005114], [-72.39116399988899, 42.72473599998116], [-72.39064400020531, 42.72472900018865], [-72.38986699970536, 42.724712999717326], [-72.38872299968261, 42.72469799968414], [-72.38722700020568, 42.724660000023825], [-72.38573199965533, 42.724605999841266], [-72.38425200007192, 42.7245680001246], [-72.38275700041989, 42.72452299990902], [-72.38126100004463, 42.72448399969577], [-72.37978099956291, 42.724439000079144], [-72.37864300028626, 42.72440400028147], [-72.37827000001735, 42.72439299998272], [-72.37679000043393, 42.724339000227694], [-72.37530999995221, 42.72430099968754], [-72.3745769998332, 42.72428600021467], [-72.37456199976458, 42.72428600021467], [-72.37393699960059, 42.72425500014872], [-72.37388399989715, 42.72425399969927], [-72.3729869997466, 42.7242219998273], [-72.37138300031464, 42.72417499977924], [-72.37102199974129, 42.72416400009981], [-72.3695570002265, 42.724110999937245], [-72.36810799970691, 42.72406500025755], [-72.36662700029858, 42.72401100021702], [-72.36514799964175, 42.72396600025736], [-72.36366700023343, 42.723912000130646], [-72.36267600037155, 42.723881999673296], [-72.36259299963257, 42.72388000008228], [-72.36217199968308, 42.723873999988896], [-72.36069200009968, 42.72382100023851], [-72.35921099979304, 42.7237669999856], [-72.357716000141, 42.72372100005084], [-72.35623599965928, 42.7236680001698], [-72.35572799967116, 42.72365500014222], [-72.35475600007585, 42.72362999987854], [-72.35326100042384, 42.723576999919764], [-72.35178000011719, 42.72353099984413], [-72.35028499956684, 42.72350000006081], [-72.34878999991481, 42.723446999990976], [-72.34729400043787, 42.72340900022429], [-72.34642400005151, 42.72340099981894], [-72.34634200003573, 42.723396000142486], [-72.3457839998189, 42.72336300002409], [-72.34428800034198, 42.72333200015688], [-72.3427769998981, 42.72329400031976], [-72.34128200024607, 42.72325599979946], [-72.33978699969573, 42.72321000014572], [-72.33827600015017, 42.72317200023392], [-72.33752999961236, 42.7231529999393], [-72.33677999977492, 42.7231340002988], [-72.33528500012288, 42.72309599968051], [-72.33378999957255, 42.723049999908135], [-72.33227900002699, 42.72301999969389], [-72.33096699977474, 42.722989000315245], [-72.32966999959113, 42.72294299980358], [-72.32837300030582, 42.72291300019756], [-72.32707500029728, 42.72288999991786], [-72.3262819999038, 42.72286700028954], [-72.32722799955985, 42.728276000092194], [-72.32745600006379, 42.729500000119955], [-72.32750799994233, 42.72972000014968], [-72.32777800027905, 42.73126699999981], [-72.32855599970561, 42.73576799981402], [-72.32986799995784, 42.74333599991305], [-72.32994499995074, 42.743832000241824], [-72.33104299994272, 42.75006300006005], [-72.33104700014069, 42.75008099999419], [-72.33146999974, 42.75315500031743], [-72.33259899969413, 42.75888500021489], [-72.33307999991806, 42.7613719998929], [-72.33317899965226, 42.76186799967749], [-72.33319999956866, 42.76197899991923], [-72.3336029999748, 42.76409900021536], [-72.33369800040936, 42.76459899978567], [-72.33606300044775, 42.77618800012365], [-72.3369329999358, 42.78077300029646], [-72.33700499990582, 42.781150000169994], [-72.33780300032215, 42.785358999954376], [-72.3395940002502, 42.79471300026539], [-72.33968799996153, 42.7952250000934], [-72.33957099978566, 42.79531400006264], [-72.33938699966264, 42.79558900018088], [-72.33925699996631, 42.79571000018852], [-72.33920300043795, 42.795806999751456], [-72.33903500020845, 42.795943999880805], [-72.33868500040408, 42.79616899981526], [-72.33854800013674, 42.79624199993753], [-72.33847199996875, 42.796282999724646], [-72.33836499983863, 42.79631400002798], [-72.33807799978345, 42.79650499991694], [-72.33708600009668, 42.797168999806324], [-72.33593799987595, 42.79796499982505], [-72.33570000022459, 42.798125999768], [-72.33503400005272, 42.798577999907195], [-72.33478200015765, 42.798748000050075], [-72.33385800024294, 42.79940100008689], [-72.33363700030999, 42.7995570001226], [-72.33302700021463, 42.799960999874116], [-72.33249300028723, 42.800343000276804], [-72.33185499970446, 42.80078199970766], [-72.33152400016667, 42.8010090002456], [-72.3311950002787, 42.80123500008446], [-72.32989800009507, 42.80211999993304], [-72.32860099991144, 42.80301300032278], [-72.32731999962135, 42.8039049998634], [-72.32602300033604, 42.804798000192136], [-72.32475600028964, 42.805682999821315], [-72.32474100022102, 42.80570599970022], [-72.32349000006815, 42.80656799997078], [-72.32210099982301, 42.80751400015927], [-72.32170300033808, 42.80778499973847], [-72.32115900036494, 42.808153000087195], [-72.32072800036973, 42.80844500018149], [-72.3214449996969, 42.808552000326806], [-72.32281800004851, 42.80878799970977], [-72.3241910004001, 42.809032000068605], [-72.32474100022102, 42.80912399982439], [-72.32556499967832, 42.809268999992646], [-72.32692299996131, 42.809504999935044], [-72.32829600031292, 42.8097490001016], [-72.32965500042083, 42.80998599991437], [-72.33102799987411, 42.81021499973288], [-72.33238600015711, 42.81045899973461], [-72.3337440004401, 42.810694999749586], [-72.33386200044089, 42.81071600031604], [-72.33510199982479, 42.8109319998916], [-72.33647600000131, 42.81117599970079], [-72.33673200009434, 42.811219999909675], [-72.33783299956109, 42.811412999976724], [-72.33923699987483, 42.811649000305565], [-72.34064100018857, 42.81189299992212], [-72.342044999604, 42.81213000008653], [-72.34344399989489, 42.812383999938476], [-72.34352500008573, 42.81240400024576], [-72.3436780002466, 42.813167000218506], [-72.34419499955725, 42.815953000139125], [-72.34445599967314, 42.81735599982874], [-72.34537200009028, 42.822323000311435], [-72.34553500029688, 42.82317499987509], [-72.34705500006328, 42.831352999708315], [-72.34773600030375, 42.83495699983692], [-72.34862400023346, 42.83983300029676], [-72.34865199982254, 42.839984000302714], [-72.34879099973972, 42.840732000203765], [-72.348860000235, 42.84110400029121], [-72.34894700027365, 42.84156900021494], [-72.34924699984931, 42.8431810001237], [-72.34951800001096, 42.84459099979685], [-72.34971999967732, 42.84565299995706], [-72.34978099977668, 42.84598899997159], [-72.35008700009844, 42.84599599989761], [-72.35104799982308, 42.846041999955986], [-72.3511900001133, 42.84604899987599], [-72.35131099958882, 42.846054000194705], [-72.35149999973471, 42.84606400017228], [-72.35154999996341, 42.84606599977241], [-72.35232999993808, 42.84610300026701], [-72.3536120000531, 42.846156000153584], [-72.35480299993152, 42.846206999740545], [-72.3548780002746, 42.84620999979242], [-72.35506400004743, 42.84621899994722], [-72.3560180000994, 42.84626700009185], [-72.35638899982015, 42.84628600017992], [-72.35788400037049, 42.84636199981528], [-72.3583639998712, 42.8463839999176], [-72.35939499991605, 42.84643100013988], [-72.35956700034349, 42.846440000262426], [-72.36090499963669, 42.846507000255485], [-72.36240100001194, 42.84658400006926], [-72.36389599966398, 42.846651999696704], [-72.36539100021432, 42.84672899998837], [-72.36688699969125, 42.84680499973733], [-72.36838300006652, 42.8468740002257], [-72.36987799971855, 42.846949999796266], [-72.37112899987142, 42.847010999869234], [-72.37238000002428, 42.84706400029403], [-72.37361600010854, 42.84714100007214], [-72.3739299999279, 42.84715300009732], [-72.37456199976458, 42.84717899970484], [-72.37457799965809, 42.8471800001455], [-72.37537100005157, 42.847231999985496], [-72.376850999635, 42.84733099997782], [-72.37785400009074, 42.847402999872614], [-72.37833100011672, 42.84743800001068], [-72.37982699959367, 42.84753699967285], [-72.3812300000825, 42.847614000178595], [-72.38263400039624, 42.847690000155914], [-72.38403799981168, 42.84776600003979], [-72.38544200012542, 42.84784999997591], [-72.38684600043916, 42.84791899995565], [-72.3882499998546, 42.8480029996837], [-72.38922599964786, 42.848055999915985], [-72.38966900023696, 42.8480709997249], [-72.39107299965238, 42.84814800022356], [-72.39247699996615, 42.84823899997066], [-72.39388100027989, 42.84831600025989], [-72.3952839998704, 42.84839200003217], [-72.39670300025277, 42.848467999710884], [-72.39699399960759, 42.8484889999609], [-72.39711499998143, 42.84849900020294], [-72.39810699966822, 42.84855200000959], [-72.39903800015394, 42.848604999770814], [-72.39951099998196, 42.848628000150065], [-72.40093000036431, 42.84871200023118], [-72.40233399977974, 42.84879600019812], [-72.40347299977962, 42.84886400002488], [-72.40375300016211, 42.84888000005077], [-72.40384500022361, 42.84888000005077], [-72.40515699957756, 42.84895599978766], [-72.4065609998913, 42.84904000008134], [-72.40798000027365, 42.84912400026078], [-72.40938399968908, 42.84920100010539], [-72.41078800000284, 42.849284000317915], [-72.4135949999071, 42.84944499970596], [-72.41496900008363, 42.84952100006483], [-72.41635699960554, 42.84959699967165], [-72.41773099978205, 42.849680999752195], [-72.41911900020227, 42.849756999820684], [-72.42327000014583, 42.8499939997285], [-72.42439900009997, 42.85006299994755], [-72.42465799966774, 42.85008599978394], [-72.42600099988212, 42.85014700005296], [-72.42693999986545, 42.85020499974543], [-72.42735900016513, 42.850231000044126], [-72.42765799991585, 42.85024699971584], [-72.42871700044812, 42.85030700009446], [-72.4293290001933, 42.85033999978393], [-72.43005999976415, 42.85038300005128], [-72.43083800008904, 42.85042900013572], [-72.43141800004717, 42.85045899991463], [-72.43277600033016, 42.85054300014002], [-72.43413399971485, 42.8506200001914], [-72.43506400037566, 42.85067199976981], [-72.43549299982274, 42.850695999763076], [-72.43681599994562, 42.85076299974988], [-72.43700300044169, 42.85077199989989], [-72.44005499967004, 42.850963000212005], [-72.44158100018251, 42.851046999752], [-72.44312199986531, 42.85113799983815], [-72.44463300030918, 42.85122199979868], [-72.44585000012685, 42.85129500014202], [-72.46477600028179, 42.852364000158175], [-72.46736499972785, 42.85251099973039], [-72.47482700026414, 42.85293300028569], [-72.47694700008016, 42.85305299971731], [-72.47727500014324, 42.85307000032036]]]}}, {"type": "Feature", "properties": {"tract_id": "33005971000", "name": "Tract Census Tract 9710", "pct_white_2020": 89.4, "pct_black_2020": 0.4, "pct_hispanic_2020": 2.8, "pct_asian_2020": 0.0, "population_2020": 5139, "is_sample_data": false, "pct_white_1970": 98, "pct_black_1970": 1, "pct_hispanic_1970": 1, "pct_asian_1970": 1.2, "pct_white_1990": 95, "pct_black_1990": 1, "pct_hispanic_1990": 1, "pct_asian_1990": 2.9}, "geometry": {"type": "Polygon", "coordinates": [[[-72.3476490002651, 42.97956400012914], [-72.34751100017286, 42.9794739998251], [-72.34713200005616, 42.979161999854185], [-72.34684199962794, 42.978866999723145], [-72.34639599956411, 42.9782120002203], [-72.34581499978106, 42.97686000015895], [-72.34527199963283, 42.975410999919475], [-72.3445920001156, 42.97389000028347], [-72.34339100019143, 42.97077199978618], [-72.34269999990521, 42.96938700006546], [-72.34237799968994, 42.96890200008035], [-72.34190900005987, 42.968226999814625], [-72.3411790003139, 42.96716099999135], [-72.34005600020755, 42.96542300009906], [-72.3393270002865, 42.96429900013542], [-72.33900500007123, 42.96382199970406], [-72.33837099968642, 42.96288199986542], [-72.33760599978035, 42.96192400004626], [-72.33676100040665, 42.961067999775686], [-72.33670100013221, 42.96102000018203], [-72.33652000038224, 42.960874999949446], [-72.3357289996386, 42.960240999815355], [-72.33467699967736, 42.95951399999309], [-72.33387999998422, 42.959080999996196], [-72.33355100009626, 42.95893799968313], [-72.33329599982812, 42.95882699992826], [-72.33266700036451, 42.95858999992356], [-72.33159299976364, 42.95815100026061], [-72.33031999986946, 42.95779299971607], [-72.3288999996622, 42.95739399970147], [-72.3287659997679, 42.95735600022259], [-72.3250009996137, 42.95635399982142], [-72.32151699966693, 42.95538400024954], [-72.31940400042193, 42.95482900029054], [-72.31920199985724, 42.95475700016007], [-72.31710200013272, 42.95417699994486], [-72.31735300020287, 42.95396000027518], [-72.31774400001514, 42.95362499970989], [-72.3182269998889, 42.95320999969964], [-72.31841500020987, 42.95304700008195], [-72.31857699969326, 42.95290400021106], [-72.3190799996585, 42.9524609998952], [-72.31914300030601, 42.952404999764845], [-72.31928700024606, 42.95227599978715], [-72.31948999973733, 42.952098000164], [-72.32050599971356, 42.95119000031061], [-72.32071099975298, 42.95100699981456], [-72.3209729996938, 42.95077300016599], [-72.32169599976706, 42.950144999695674], [-72.321043000014, 42.94964599989328], [-72.3204799997743, 42.94921800000744], [-72.32044200013945, 42.949188999686264], [-72.3191149998186, 42.94819000014298], [-72.31899099997005, 42.94806599982275], [-72.31897900027448, 42.94803700027396], [-72.31896599985568, 42.94800800005391], [-72.31899199979496, 42.94780500010373], [-72.31886499957335, 42.94775900027791], [-72.31833599966885, 42.94751000015215], [-72.31827399974456, 42.94748099968382], [-72.31788299993231, 42.94722799987084], [-72.31745600013504, 42.94691899981406], [-72.31718300032357, 42.94671500007567], [-72.31655499978656, 42.946244999832984], [-72.316066000065, 42.945879999953135], [-72.31526000015106, 42.94527699973433], [-72.31462900013929, 42.944787000169384], [-72.31450600011564, 42.94469200005064], [-72.3138270004233, 42.944165000225006], [-72.31348599994145, 42.94391899993365], [-72.31269300044629, 42.94334799996732], [-72.31258799996598, 42.94327200008032], [-72.3117920000978, 42.942714000096146], [-72.31165700037857, 42.94262600021206], [-72.31144599959308, 42.94248899975355], [-72.31107300022248, 42.94227599984649], [-72.31097399958998, 42.942217999883084], [-72.31079799986288, 42.94211099977318], [-72.31050900015786, 42.94196299970183], [-72.30997400040557, 42.94168799990873], [-72.30885999962175, 42.94114400000694], [-72.30838099994594, 42.94090900011121], [-72.3078849996534, 42.94065399976935], [-72.30781799970624, 42.940609000102285], [-72.30742600006909, 42.940351999999656], [-72.30688700011883, 42.940019999776005], [-72.30679300040748, 42.939953000022875], [-72.30662600000291, 42.93983499976012], [-72.30613499973325, 42.93945699992612], [-72.30565600005743, 42.939088000167175], [-72.30558400008742, 42.939031999707524], [-72.30501699964975, 42.93851599983968], [-72.3045830001798, 42.93811600017859], [-72.30419999986515, 42.93776399990572], [-72.30386000010652, 42.937495000209125], [-72.30359899999063, 42.93721600031891], [-72.3029429998645, 42.93661199977122], [-72.30250900039455, 42.93621299989249], [-72.30221800014141, 42.93591800029447], [-72.30209599994267, 42.93579400024673], [-72.30200499970606, 42.935701000047004], [-72.30183499982677, 42.9355300001407], [-72.30164599968087, 42.935338000129974], [-72.30099999960049, 42.93474799968731], [-72.3005130004271, 42.934355000312294], [-72.30029800034194, 42.93418100023483], [-72.30009099975439, 42.93407300027962], [-72.2997459999729, 42.933894999976744], [-72.29952099984199, 42.9338549997566], [-72.29863000043756, 42.93376199991706], [-72.29805200012925, 42.93372400031705], [-72.29744200003385, 42.933683999985824], [-72.29700299964273, 42.93550499993002], [-72.29688800001499, 42.9359229999093], [-72.2961209995608, 42.93905400031698], [-72.29587700006164, 42.93988699979232], [-72.29580799956635, 42.940455999804506], [-72.29569499958845, 42.940528999809175], [-72.29551399983846, 42.94117099970805], [-72.29545000026438, 42.94141800002883], [-72.29518800032356, 42.94242300026868], [-72.29509600026205, 42.942460999761536], [-72.29486899958302, 42.94352000005733], [-72.29478800029047, 42.943798000127344], [-72.29469600022897, 42.94397600008063], [-72.29464900037331, 42.94405599984025], [-72.29454700026604, 42.944194000282785], [-72.29439300028027, 42.94434699983996], [-72.2941770003702, 42.94451499971518], [-72.29398200037652, 42.94465900018269], [-72.29381599979688, 42.94476800015738], [-72.29380300027638, 42.94485399992274], [-72.2932700001739, 42.94507299981497], [-72.29222599971027, 42.945501999751045], [-72.29173600016382, 42.94570399990426], [-72.29118499961969, 42.94592899967545], [-72.2906509996923, 42.94613300004597], [-72.29054899958506, 42.946178000278415], [-72.28909699959074, 42.946744999731465], [-72.28830200044575, 42.947072999968185], [-72.28704000042222, 42.94759499990426], [-72.28672099968168, 42.947727000207244], [-72.2864050002125, 42.94784999977148], [-72.28500900029466, 42.948393000138516], [-72.28357300019387, 42.94895200004132], [-72.28259099965453, 42.949364000192304], [-72.28233399973657, 42.94949000006446], [-72.28155899978476, 42.94989900028812], [-72.2812940003692, 42.9500670001343], [-72.28100899996386, 42.9502740001948], [-72.28031500020292, 42.95075199987587], [-72.28012600005702, 42.95090300008056], [-72.27925700039387, 42.951543000158026], [-72.2780339998301, 42.95248799989291], [-72.27786399995078, 42.9526129998984], [-72.27605200010633, 42.95394699995554], [-72.27437800035416, 42.95517000024817], [-72.27364100003719, 42.95570899982676], [-72.27310299991186, 42.95606200005284], [-72.2724090001509, 42.95651799986732], [-72.27219599971556, 42.95663699969118], [-72.27189100011705, 42.95678999987788], [-72.27114399975433, 42.957166999818774], [-72.27056399979618, 42.95743299978237], [-72.26925300026717, 42.95790599994214], [-72.26882200027194, 42.95804099970162], [-72.26840100032248, 42.95816500030571], [-72.26762399982253, 42.95837799980046], [-72.26719500037544, 42.95849600002113], [-72.26659000030295, 42.95865200003236], [-72.26577900036612, 42.958890999687], [-72.26542600018871, 42.95902699985727], [-72.26505399974472, 42.95918600031323], [-72.26503200000342, 42.95919800024415], [-72.26460799968089, 42.959422000058915], [-72.26453700043409, 42.959455999836244], [-72.26388499960761, 42.95989099968007], [-72.26359699972754, 42.96015699970149], [-72.26332999976383, 42.960480999790484], [-72.26309799996025, 42.96080199974836], [-72.2628979999437, 42.96109499994156], [-72.26271600036883, 42.96151500019239], [-72.26265299972133, 42.96169499998569], [-72.26260400021583, 42.96192300015121], [-72.26254399994139, 42.9622770001178], [-72.26246600012357, 42.9632480000288], [-72.26233300005418, 42.964574000146214], [-72.2622710001299, 42.96484500019486], [-72.26219499996192, 42.96511899989389], [-72.26208799983179, 42.965414000239996], [-72.26188100014257, 42.96584900003002], [-72.26174200022538, 42.96608499985451], [-72.26155200025458, 42.96635299969379], [-72.26146500021596, 42.96645100002536], [-72.26116100044234, 42.96679400028495], [-72.26091399967181, 42.96703100024013], [-72.26070699998257, 42.96719800017874], [-72.26050199994316, 42.96734099969897], [-72.26008600001656, 42.9676320000404], [-72.25993399968061, 42.967712999748244], [-72.25967599993776, 42.967850999735106], [-72.2592080001326, 42.96802899980399], [-72.2587870001831, 42.968159999869094], [-72.25841200026439, 42.968255999709534], [-72.25809300042216, 42.96831400011571], [-72.2574210004025, 42.968411000162746], [-72.25703899991277, 42.96843799973528], [-72.25667300021489, 42.968451000279956], [-72.25610599977722, 42.96840800013648], [-72.25405399973327, 42.968184999965224], [-72.25348899984374, 42.968117000179575], [-72.25205299974296, 42.96794400000894], [-72.2501480000121, 42.96774899980325], [-72.24999999987409, 42.96774199988548], [-72.2494070003955, 42.967694000240236], [-72.24886099987421, 42.96767599987057], [-72.24840599958955, 42.967674000267394], [-72.24789099992874, 42.96771199994724], [-72.2474449998649, 42.96776400009382], [-72.24711799962675, 42.967817999794974], [-72.24672000014182, 42.967918000017214], [-72.24633400035243, 42.96803000025714], [-72.24577899961032, 42.96820399997892], [-72.24532099985093, 42.968389999975805], [-72.2442489997982, 42.96880699971665], [-72.2428899996903, 42.96927699987561], [-72.24253300021324, 42.96937099973936], [-72.24236499998375, 42.96941399986689], [-72.24217400018804, 42.96945600019176], [-72.24187000041442, 42.969523999811734], [-72.2414460000919, 42.96958900004523], [-72.24094300012665, 42.969640000150015], [-72.24040500000132, 42.969685000284684], [-72.23983400026401, 42.969712999723704], [-72.23944500010158, 42.969700999871776], [-72.23925400030586, 42.969694999944934], [-72.23864699968523, 42.96964699985174], [-72.23807599994794, 42.969557999922216], [-72.23736399974531, 42.969427999978365], [-72.23672100003797, 42.969291000018266], [-72.23479700004056, 42.96892999987586], [-72.23227100034367, 42.968455999881954], [-72.23147499957717, 42.96828099976664], [-72.2304779998675, 42.96816500015208], [-72.22990499958206, 42.96811000030368], [-72.2294640004394, 42.96811000030368], [-72.22941000001273, 42.96811000030368], [-72.22896999979669, 42.96815399979193], [-72.22839800023445, 42.96820300018589], [-72.22796700023925, 42.96828900007201], [-72.22785300043643, 42.96831700014656], [-72.22657299997122, 42.96863499995802], [-72.225224999734, 42.9689830000877], [-72.22440399975143, 42.96924400004319], [-72.22296799965062, 42.96964800027862], [-72.22140699987635, 42.970062000090266], [-72.22105799989691, 42.97015500030766], [-72.22038500005236, 42.970334000040545], [-72.21932200022046, 42.9707139997259], [-72.21810500040276, 42.97114799975689], [-72.217134999559, 42.97144199971296], [-72.21707799965758, 42.97145199974486], [-72.21705699974117, 42.97172699998549], [-72.22109399988192, 42.97291000001258], [-72.23662399995361, 42.97745899993079], [-72.23681499974931, 42.97751500026184], [-72.24251899996953, 42.979190999850836], [-72.24339400037877, 42.97944600022943], [-72.24376000007665, 42.97955400010186], [-72.24400600012396, 42.97962699973785], [-72.24549999995106, 42.98006599993417], [-72.24837899982538, 42.99441299976015], [-72.24898399989787, 42.99743099983897], [-72.24939099960365, 42.999455000287995], [-72.24950699995459, 43.000032000177136], [-72.2495429999396, 43.00002899972262], [-72.24957499972666, 43.00002699985754], [-72.25107199992682, 42.99963600001324], [-72.25141000003562, 42.99954800006821], [-72.25508300012831, 42.99858999979902], [-72.25767800032045, 42.99802800030087], [-72.25807499998051, 42.997940999990384], [-72.25885599978008, 42.99777000022196], [-72.25958399987621, 42.99761300024221], [-72.2610950003201, 42.997292999874205], [-72.26258999997214, 42.99695700009243], [-72.26292200023315, 42.996884999994016], [-72.26320699974019, 42.99682300031615], [-72.26410499971566, 42.99662799970299], [-72.26433099967146, 42.99657900027711], [-72.26559600006803, 42.996301000166646], [-72.26709200044327, 42.99598100019356], [-72.26860200016392, 42.995652999838676], [-72.27009799964087, 42.99532499970416], [-72.27160800025982, 42.99500399989065], [-72.27310399973676, 42.99467600023438], [-72.27459900028711, 42.994339999941126], [-72.27610999983267, 42.99401200002605], [-72.277605000383, 42.99369199996032], [-72.27911599992856, 42.993371000158625], [-72.28062700037243, 42.993043000328306], [-72.28212200002446, 42.99271500006152], [-72.28363299957, 42.992387000015434], [-72.28512899994527, 42.99206700003031], [-72.28624600020385, 42.99182200009622], [-72.2866239995973, 42.99173899981127], [-72.28784600033617, 42.991466999920526], [-72.28813400021626, 42.99140299988728], [-72.2896299996932, 42.99108300003541], [-72.29114500033504, 42.99075300031174], [-72.29263499996418, 42.990433999792664], [-72.29410799987491, 42.99011099987071], [-72.29500699967527, 42.98990999971753], [-72.29562699981638, 42.9897699997488], [-72.29623500026193, 42.98964200002404], [-72.29713700043536, 42.98944999993704], [-72.29863200008737, 42.989122000208035], [-72.30014299963293, 42.98880200030816], [-72.3016540000768, 42.98846600009877], [-72.30314899972882, 42.98813799971861], [-72.30464500010409, 42.98781699982162], [-72.30546799973646, 42.98764899988285], [-72.30678300036175, 42.98735300025031], [-72.30702500021108, 42.98729799981966], [-72.30728399977885, 42.98723699981021], [-72.3087790003292, 42.986955000229266], [-72.31025999973753, 42.98669500001936], [-72.3111660001089, 42.9865220001954], [-72.31174000021927, 42.98641299992333], [-72.31325599978769, 42.98613999996117], [-72.31424800037279, 42.98596100023537], [-72.3147000002844, 42.98587900008412], [-72.31506299960925, 42.98581399998265], [-72.31618099969273, 42.98561200006782], [-72.32751100031538, 42.98344600009792], [-72.32760500002671, 42.983427999738375], [-72.32903199990668, 42.98315599987041], [-72.33044899974088, 42.9828859998792], [-72.33188300019187, 42.98261300002603], [-72.3320270001319, 42.98258600010464], [-72.33330199967592, 42.98234699984557], [-72.33473500030199, 42.982063999951436], [-72.33615399978602, 42.98179000016199], [-72.33717599961004, 42.98159100020893], [-72.33760400013053, 42.98150699967548], [-72.33906899964533, 42.98122500009643], [-72.33984500032035, 42.98107899993201], [-72.34053400005845, 42.98095000026802], [-72.34198400040296, 42.98066800010576], [-72.34210400005354, 42.98064599991288], [-72.34344899991774, 42.98038499971228], [-72.3435719999414, 42.980361000227425], [-72.34489800043734, 42.980103999844175], [-72.34634799988353, 42.979821999744885], [-72.3476490002651, 42.97956400012914]]]}}, {"type": "Feature", "properties": {"tract_id": "33005971500", "name": "Tract Census Tract 9715", "pct_white_2020": 96.3, "pct_black_2020": 0.2, "pct_hispanic_2020": 0.0, "pct_asian_2020": 1.5, "population_2020": 5619, "is_sample_data": false, "pct_white_1970": 98, "pct_black_1970": 1, "pct_hispanic_1970": 8.7, "pct_asian_1970": 1.7, "pct_white_1990": 95, "pct_black_1990": 2.4, "pct_hispanic_1990": 18.0, "pct_asian_1990": 0.4}, "geometry": {"type": "Polygon", "coordinates": [[[-72.55558199955438, 42.8677469999976], [-72.55556700038409, 42.867487999927654], [-72.55553700024686, 42.86715999995477], [-72.55550100026184, 42.86699600030241], [-72.55549399969084, 42.866959999935], [-72.55547699997241, 42.866886000211124], [-72.55545299968296, 42.86677700004702], [-72.55543500013962, 42.86669200005131], [-72.55538200043617, 42.86645199997373], [-72.55533600040542, 42.86623899989702], [-72.55527699995585, 42.86597000003887], [-72.55517099965064, 42.86565700004781], [-72.55509399965776, 42.86540500012816], [-72.55497200035734, 42.86509999979263], [-72.55486500022721, 42.86479499992553], [-72.55480400012783, 42.864496999672845], [-72.55474300002847, 42.86408500014047], [-72.55451399969964, 42.863269000193775], [-72.55445299960026, 42.86289500020777], [-72.55443800042995, 42.86261999977962], [-72.5543920003992, 42.86227699997355], [-72.55436100043707, 42.86193400023726], [-72.55434600036844, 42.86162899987331], [-72.55427000020046, 42.86061399978294], [-72.55431600023122, 42.860355000075856], [-72.55437700033058, 42.86003400004731], [-72.55443800042995, 42.85976699996458], [-72.55455999973039, 42.859408999768064], [-72.55478900005922, 42.8588590002155], [-72.55494200022011, 42.85840899999067], [-72.55498700042594, 42.85828699990903], [-72.55507899958913, 42.85811899999576], [-72.5545470002099, 42.85807799971628], [-72.55391899967286, 42.85803500019697], [-72.55388400041109, 42.85802800031833], [-72.55384300040319, 42.85802000017388], [-72.55239300005869, 42.85792100019322], [-72.5509279996456, 42.85782200005384], [-72.5494790000243, 42.85773000032753], [-72.54940200003142, 42.857722000144406], [-72.5480289996798, 42.85763099988192], [-72.54658000005853, 42.85752699988806], [-72.54512499969117, 42.857427000159404], [-72.54366500019923, 42.857317999757], [-72.54216999964889, 42.85721099971858], [-72.54065900010333, 42.85712000002007], [-72.54015600013808, 42.85707400030958], [-72.53934600002619, 42.85701799972821], [-72.53765300000742, 42.8568980000988], [-72.53634099975518, 42.85680699993903], [-72.53504299974665, 42.85673099998507], [-72.53373100039272, 42.85663899995024], [-72.5324340002091, 42.856546999778395], [-72.53112199995687, 42.856455999759845], [-72.52982499977324, 42.8563719996744], [-72.52947400014395, 42.85633399977064], [-72.52848199955885, 42.856279999763245], [-72.52714000006772, 42.85618900000982], [-72.52656099993449, 42.85614999969809], [-72.52636599994081, 42.856136000171176], [-72.52182900020786, 42.8558229997122], [-72.51924999990923, 42.85564699988705], [-72.51667099961058, 42.85547199986666], [-72.5153900002188, 42.85538799975974], [-72.51404700000442, 42.8552890001691], [-72.51270399979005, 42.855196999961564], [-72.51136099957567, 42.85510599992925], [-72.51001800025959, 42.85501400010758], [-72.50867599987014, 42.854922999805595], [-72.50733299965576, 42.85483099971135], [-72.50592900024033, 42.85473199988632], [-72.5048580000125, 42.85464899975102], [-72.50452499992659, 42.85462499997674], [-72.50310600044253, 42.85453300009709], [-72.50170200012877, 42.85441900021356], [-72.50029799981503, 42.85432700002698], [-72.49958099958954, 42.85427500023313], [-72.49956600041924, 42.854273999907385], [-72.498070000044, 42.85423600002972], [-72.49758700017023, 42.854210999768235], [-72.49749799958346, 42.854208000104954], [-72.4945579996098, 42.854032999957944], [-72.48081000014363, 42.85325500003397], [-72.47991899984086, 42.853205000023635], [-72.47727500014324, 42.85307000032036], [-72.47694700008016, 42.85305299971731], [-72.47482700026414, 42.85293300028569], [-72.46736499972785, 42.85251099973039], [-72.46477600028179, 42.852364000158175], [-72.44585000012685, 42.85129500014202], [-72.44463300030918, 42.85122199979868], [-72.44312199986531, 42.85113799983815], [-72.44158100018251, 42.851046999752], [-72.44005499967004, 42.850963000212005], [-72.43700300044169, 42.85077199989989], [-72.43681599994562, 42.85076299974988], [-72.43549299982274, 42.850695999763076], [-72.43506400037566, 42.85067199976981], [-72.43413399971485, 42.8506200001914], [-72.43277600033016, 42.85054300014002], [-72.43141800004717, 42.85045899991463], [-72.43083800008904, 42.85042900013572], [-72.43005999976415, 42.85038300005128], [-72.4293290001933, 42.85033999978393], [-72.42871700044812, 42.85030700009446], [-72.42765799991585, 42.85024699971584], [-72.42735900016513, 42.850231000044126], [-72.42693999986545, 42.85020499974543], [-72.42600099988212, 42.85014700005296], [-72.42465799966774, 42.85008599978394], [-72.42439900009997, 42.85006299994755], [-72.42327000014583, 42.8499939997285], [-72.41911900020227, 42.849756999820684], [-72.41773099978205, 42.849680999752195], [-72.41635699960554, 42.84959699967165], [-72.41496900008363, 42.84952100006483], [-72.4135949999071, 42.84944499970596], [-72.41078800000284, 42.849284000317915], [-72.40938399968908, 42.84920100010539], [-72.40798000027365, 42.84912400026078], [-72.4065609998913, 42.84904000008134], [-72.40515699957756, 42.84895599978766], [-72.40384500022361, 42.84888000005077], [-72.40375300016211, 42.84888000005077], [-72.40347299977962, 42.84886400002488], [-72.40233399977974, 42.84879600019812], [-72.40093000036431, 42.84871200023118], [-72.39951099998196, 42.848628000150065], [-72.39903800015394, 42.848604999770814], [-72.39810699966822, 42.84855200000959], [-72.39711499998143, 42.84849900020294], [-72.39699399960759, 42.8484889999609], [-72.39670300025277, 42.848467999710884], [-72.3952839998704, 42.84839200003217], [-72.39388100027989, 42.84831600025989], [-72.39247699996615, 42.84823899997066], [-72.39107299965238, 42.84814800022356], [-72.38966900023696, 42.8480709997249], [-72.38922599964786, 42.848055999915985], [-72.38700200007479, 42.85121800027357], [-72.38528899996454, 42.85367399976763], [-72.38512199955997, 42.85391400012791], [-72.38440400040788, 42.8549560003214], [-72.38402299974307, 42.85551000030081], [-72.382680000427, 42.85742500026854], [-72.38251999969512, 42.85764499972842], [-72.3824970001289, 42.85767600022387], [-72.3822589995792, 42.85801700003711], [-72.38133700021262, 42.8593400001133], [-72.38010100012836, 42.861087000089924], [-72.37902200040293, 42.862622000160684], [-72.37888099993764, 42.86282599983951], [-72.37765999992197, 42.864574000103524], [-72.37656100010507, 42.86613800031781], [-72.37547800018169, 42.86769400020391], [-72.37471499992546, 42.86880000016689], [-72.37457799965809, 42.8689729997659], [-72.37456199976458, 42.86899100002361], [-72.37381199992714, 42.87004999980203], [-72.37372900008644, 42.87016700000022], [-72.371508999813, 42.87330000006761], [-72.37025799966013, 42.87506599979152], [-72.36983199968778, 42.87575100022945], [-72.36978599965703, 42.875789000032135], [-72.368367000173, 42.87791699969016], [-72.36696299985924, 42.880046000255824], [-72.36555900044381, 42.882173999895485], [-72.36414000006144, 42.88430299969951], [-72.3627209996791, 42.886431999751665], [-72.36131800008856, 42.888560000273756], [-72.36011100031662, 42.890393000036624], [-72.35991700014786, 42.89068400017951], [-72.35849399956753, 42.89281699994], [-72.35709099997702, 42.89493100004835], [-72.35561100039361, 42.89716600026406], [-72.35413000008695, 42.89940099975858], [-72.35264999960523, 42.901629000298634], [-72.35118500009044, 42.90384899982129], [-72.34970499960869, 42.90608500001267], [-72.34822500002528, 42.90829700007102], [-72.34765199973985, 42.90917199971369], [-72.34675999961216, 42.91053300012053], [-72.34665400020529, 42.91067699978231], [-72.34659200028099, 42.910761000306906], [-72.3470349999718, 42.91075399982897], [-72.34846900042277, 42.91075399982897], [-72.34991899986896, 42.91075399982897], [-72.35133700042641, 42.910739000117964], [-72.3527879996975, 42.91073100022671], [-72.35420600025495, 42.9107229996765], [-72.35565599970113, 42.9107229996765], [-72.35709000015211, 42.91071599985215], [-72.358525000428, 42.910707999957914], [-72.35995899998065, 42.9106930002357], [-72.36139400025654, 42.910684999680576], [-72.36217199968308, 42.9106930002357], [-72.36240100001194, 42.910684999680576], [-72.3626300003408, 42.91066999995278], [-72.36295000000796, 42.910684999680576], [-72.36341299979023, 42.912123999931104], [-72.3634539997981, 42.91224900030447], [-72.36357000014905, 42.912617000295114], [-72.36462100028538, 42.91594899969678], [-72.3649030003177, 42.916842000027216], [-72.3663689996574, 42.92144999989806], [-72.36659200013848, 42.92214999988356], [-72.36764499992464, 42.92544300025377], [-72.3678330002456, 42.92602799996154], [-72.36794000037573, 42.92639400025935], [-72.36821499983702, 42.92726699988929], [-72.3683339996627, 42.92763600010185], [-72.37071700014276, 42.935090999753], [-72.37208799994623, 42.939398999937616], [-72.37213800017496, 42.93955499969184], [-72.37355500000918, 42.94399499967948], [-72.37456199976458, 42.9472369997599], [-72.37457799965809, 42.947285999717124], [-72.37492900018569, 42.94841999994822], [-72.37624100043793, 42.95236399968399], [-72.37753900044648, 42.95631199975538], [-72.37788900025083, 42.95736100006885], [-72.37840800010962, 42.95888699990946], [-72.37953700006375, 42.96237399982368], [-72.3805610004359, 42.96550700025417], [-72.38068100008651, 42.965875000238874], [-72.38085900036172, 42.96641300022388], [-72.38170799993338, 42.96897199987384], [-72.38204000019441, 42.96997199968238], [-72.38229899976217, 42.97079599972711], [-72.38238999999876, 42.97106300032821], [-72.38290899985755, 42.97263499980335], [-72.38283299968955, 42.97269599984115], [-72.38272399990962, 42.972711999959564], [-72.38153600040424, 42.972940000044666], [-72.38024099987044, 42.973199999928816], [-72.37905800038794, 42.973424999737716], [-72.37892699996839, 42.97345100003067], [-72.37877100033278, 42.9734829998705], [-72.37822200033678, 42.97359600019874], [-72.37806400015303, 42.97362900032523], [-72.37762999978476, 42.97371800027931], [-72.37639299987558, 42.97393999975118], [-72.37517299968485, 42.97417600008138], [-72.37457799965809, 42.97429800032586], [-72.37373800030728, 42.9744740001013], [-72.37228899978768, 42.97475599975199], [-72.37087000030365, 42.97503099967857], [-72.36943500002776, 42.97531300006129], [-72.36798600040648, 42.97558800012603], [-72.36784099974321, 42.97561699983656], [-72.3665660001992, 42.975869999926275], [-72.36513199974824, 42.97615199974783], [-72.36369800019557, 42.97643400024783], [-72.36324000043615, 42.97653400026375], [-72.3628629999693, 42.98020399980645], [-72.36279400037233, 42.98087400015584], [-72.36276500006002, 42.98116200015354], [-72.3627349999228, 42.98145800002325], [-72.3627209996791, 42.981583999895065], [-72.36261299972405, 42.98261799979109], [-72.36224799985106, 42.986116000094285], [-72.36168999963424, 42.9923080000693], [-72.36151599955697, 42.99424100000297], [-72.3613070002179, 42.9963890001628], [-72.36118900021714, 42.99759999994968], [-72.36096599973605, 42.9998869999405], [-72.36093599959884, 43.00006900029602], [-72.36088500044353, 43.00113300007607], [-72.36081799959805, 43.00252099984318], [-72.36076800026765, 43.00356399986255], [-72.36069899977235, 43.00448099993383], [-72.36063600002318, 43.00531300007719], [-72.36032600040177, 43.00943900021773], [-72.35990399972907, 43.01501900024055], [-72.35988299981267, 43.01531299992601], [-72.36131700026365, 43.015397000234465], [-72.36244700004269, 43.01545799987814], [-72.36371300026418, 43.01551199972752], [-72.36497899958736, 43.015587999702696], [-72.36594900043114, 43.0156469998001], [-72.36623099956513, 43.015664000240655], [-72.36751299968016, 43.01571799990889], [-72.36894700013113, 43.01580200032013], [-72.37036599961517, 43.015885999959686], [-72.37086799975552, 43.01590899969238], [-72.37181599995968, 43.01595400011543], [-72.37325000041065, 43.016030999872484], [-72.37457799965809, 43.016114000184864], [-72.3760430000712, 43.01621400001657], [-72.37739999963098, 43.01634299988733], [-72.37759600034789, 43.01635899981165], [-72.37878899987611, 43.01647299980878], [-72.38016200022773, 43.01659500018201], [-72.38152100033562, 43.016717000312816], [-72.38289399978893, 43.01684700009932], [-72.38426700014053, 43.016977000267424], [-72.38484700009866, 43.01701499968859], [-72.3861440002823, 43.01713700029857], [-72.38744099956762, 43.01725100016493], [-72.38875399964476, 43.01737300030604], [-72.39005099982839, 43.01748800003943], [-72.391348000012, 43.01760199991095], [-72.39230899973664, 43.01770900008757], [-72.39236999983602, 43.01767799992667], [-72.39243099993539, 43.01771699987228], [-72.39372800011901, 43.01783099997547], [-72.39502500030264, 43.01795300027783], [-72.39632199958797, 43.01805999984276], [-72.39767999987095, 43.01819000007], [-72.39905300022255, 43.01832700009243], [-72.40044199956937, 43.018456999754385], [-72.40179999985237, 43.01857900012651], [-72.40317400002888, 43.01873100027252], [-72.40468399974952, 43.01886900002735], [-72.40619500019339, 43.01900599984839], [-72.40770499991405, 43.01914300002056], [-72.4092160003579, 43.019288000123865], [-72.40990300044618, 43.019341999889136], [-72.41116899976933, 43.01940300021144], [-72.41254299994586, 43.01944800004429], [-72.41391600029748, 43.019487000179275], [-72.4151210004196, 43.01953199995057], [-72.4155230001025, 43.01954500019945], [-72.41632700036662, 43.019571000032194], [-72.41751700042013, 43.01962399993496], [-72.41872300036715, 43.01967699979201], [-72.4200649998583, 43.01971500016941], [-72.42140800007269, 43.01976100004173], [-72.42275100028706, 43.01982199994783], [-72.42409399960313, 43.019867999739986], [-72.42530000044847, 43.01991799990331], [-72.42554300012272, 43.01992900019651], [-72.42603199984426, 43.01994100009611], [-72.4269929995689, 43.01996699976116], [-72.42842799984479, 43.020028000119325], [-72.42987700036439, 43.020088999760105], [-72.42992000002208, 43.02009100028564], [-72.43132699981055, 43.02014300013448], [-72.43276100026154, 43.02016600024299], [-72.43324599978513, 43.02017899970087], [-72.43410799977558, 43.02020100019171], [-72.43418499976846, 43.02020300005687], [-72.43451399965643, 43.020209999912616], [-72.4348700002069, 43.02021600016364], [-72.43496599956806, 43.02021999989286], [-72.43515800008699, 43.02022300001795], [-72.43538499986771, 43.0202260001429], [-72.43562900026518, 43.0202260001429], [-72.43613899990312, 43.02023999984841], [-72.4362429996602, 43.02024299997253], [-72.43840100000935, 43.020292999830474], [-72.43852900005587, 43.02029499969263], [-72.43903600021906, 43.020304000056484], [-72.44001200001233, 43.0203179997442], [-72.44033599987743, 43.02032299972571], [-72.44102499961551, 43.02033500020513], [-72.44295399963582, 43.02036399982154], [-72.44431199991882, 43.020386000246106], [-72.44460099962382, 43.02038999996425], [-72.44554299998019, 43.02040400028909], [-72.44704400037833, 43.02042499978529], [-72.44796400009508, 43.02043999970249], [-72.44841799965653, 43.02044799978816], [-72.44977500011461, 43.020462999699745], [-72.4511479995679, 43.020485999688425], [-72.45250599985089, 43.0205010002475], [-72.45388000002741, 43.02051600014609], [-72.45539099957297, 43.02055500025947], [-72.45691600026053, 43.02058500002669], [-72.45740800035514, 43.02058899973182], [-72.4582369998353, 43.02059800005262], [-72.45840800043783, 43.0205999999048], [-72.45858800036288, 43.02060400026573], [-72.45946500042194, 43.02062299984212], [-72.45939500010176, 43.02043299987292], [-72.45934200039831, 43.020348999885776], [-72.45914400003159, 43.01992900019651], [-72.45906799986359, 43.019754000134796], [-72.45856400007345, 43.01894499978847], [-72.45831999967596, 43.01857900012651], [-72.4580760001768, 43.01830399995184], [-72.45726699988982, 43.017694000160006], [-72.45699300025343, 43.0175179999916], [-72.45662699965723, 43.01731199993737], [-72.45636700026455, 43.01720499972577], [-72.45610799979845, 43.01708299990771], [-72.4557870003064, 43.01697599995393], [-72.4556950002449, 43.016945999736954], [-72.45531399958008, 43.01689999972613], [-72.45500899998154, 43.01683900020122], [-72.45488699978281, 43.016748000302016], [-72.45436799992405, 43.016519000139475], [-72.45415399966382, 43.01635099985003], [-72.45358999959917, 43.016114000184864], [-72.45282700024126, 43.01590800001832], [-72.45249099978228, 43.01577099985335], [-72.45206399998503, 43.01553500025713], [-72.45188099968692, 43.0153669999029], [-72.4514990000955, 43.01506899975464], [-72.4513159997974, 43.01490100009607], [-72.4509500000995, 43.01464999976936], [-72.4498510002826, 43.013833000198126], [-72.4493020002866, 43.01354300015975], [-72.44911899998849, 43.013398000283864], [-72.44878300042782, 43.01319200020221], [-72.4484929999996, 43.01298600008637], [-72.44806600020233, 43.01275699968869], [-72.44791399986639, 43.012643000018535], [-72.4472119997095, 43.01228500007046], [-72.44669299985073, 43.01197200006281], [-72.44652499962125, 43.01191100024079], [-72.44628100012208, 43.01182699976206], [-72.44564000006459, 43.011498999920654], [-72.44506000010644, 43.01109399970236], [-72.44472399964745, 43.01079700025343], [-72.44440399998032, 43.01046100009423], [-72.44396100028953, 43.01014100029821], [-72.44367199968622, 43.00991900017456], [-72.44353399959395, 43.00968299976682], [-72.44339700022492, 43.0094619997374], [-72.44324400006406, 43.00911799991073], [-72.4431989998582, 43.00905699988164], [-72.44313699993393, 43.00850800017839], [-72.44315200000253, 43.0081039997455], [-72.44325900013266, 43.007576999822696], [-72.44359499969332, 43.00660799988333], [-72.44387000005293, 43.00592899968224], [-72.44400700032028, 43.00547899999863], [-72.44418999972008, 43.00505899977234], [-72.44452600017905, 43.004639999816746], [-72.44464800037778, 43.00441099983423], [-72.44504500003782, 43.0038850002883], [-72.44545699976648, 43.003426999753415], [-72.44588399956372, 43.00300699995094], [-72.4462040001292, 43.0026870000825], [-72.44713499971661, 43.00184799987359], [-72.44780699973626, 43.00134400008327], [-72.44795900007222, 43.00126800022022], [-72.4481270003017, 43.00110800023583], [-72.44835599973224, 43.00095499991441], [-72.44850899989312, 43.00090200032392], [-72.44875300029061, 43.0007340000184], [-72.44940900041672, 43.00032200028091], [-72.44979000018323, 43.000153999703414], [-72.44998900037487, 43.00010000014765], [-72.4500270000097, 43.000077999682354], [-72.45007300004045, 43.000051000205474], [-72.4519569998549, 43.00006200011544], [-72.45220100025237, 43.000054999934065], [-72.45223399986435, 43.000077999682354], [-72.45229300031389, 43.00012299987908], [-72.45262899987455, 43.00023799972109], [-72.45317799987055, 43.0004060000689], [-72.45346800029877, 43.000542999687895], [-72.45389500009603, 43.0007109998587], [-72.45410900035627, 43.00084800011158], [-72.45484099975207, 43.00107700023585], [-72.45629100009656, 43.001237000300975], [-72.45662599983231, 43.00125300021888], [-72.45702300039066, 43.00119200026315], [-72.45789299987871, 43.00100100004252], [-72.45816700041343, 43.00096299991058], [-72.45864100006634, 43.000856000121686], [-72.45870200016572, 43.00086300021185], [-72.45909800000084, 43.00068000031539], [-72.45931200026106, 43.00057399995731], [-72.45967799995898, 43.00019999977424], [-72.45980099998262, 43.000076999750604], [-72.46010499975624, 42.999742000018635], [-72.46074599981374, 42.99918500027674], [-72.460883999906, 42.9990250001239], [-72.46094500000537, 42.998871999871376], [-72.46126499967251, 42.998528999827414], [-72.462242000189, 42.99773499997245], [-72.46251599982538, 42.997445000141795], [-72.46297399958479, 42.99684300000712], [-72.46359999957366, 42.99580500022083], [-72.4637219997724, 42.99553799995678], [-72.46382899990253, 42.99504199976572], [-72.46393600003265, 42.99472899993884], [-72.4642559996998, 42.994339999941126], [-72.4644389999979, 42.99407299988235], [-72.46457700009016, 42.99377600027027], [-72.46459200015879, 42.99371500011919], [-72.46474399959641, 42.99270799970022], [-72.46483599965792, 42.99251700004682], [-72.46494299978805, 42.99242700030711], [-72.46500399988741, 42.99238000027386], [-72.46503400002464, 42.99225799976813], [-72.46500399988741, 42.99195200000854], [-72.46511100001753, 42.9915859998155], [-72.46527800042212, 42.990899999923634], [-72.46536999958532, 42.99040399975342], [-72.46541599961607, 42.98963299976641], [-72.46536999958532, 42.98917500010247], [-72.46520200025414, 42.98857999995326], [-72.46494299978805, 42.98793199969495], [-72.46451500016587, 42.98723699981021], [-72.46446900013511, 42.98712300009343], [-72.46445499989142, 42.98680300030074], [-72.46431699979917, 42.98657400020885], [-72.4639689996446, 42.9863919999693], [-72.46387900013123, 42.98630299995926], [-72.46366099967304, 42.98608499975948], [-72.46350800041047, 42.98585699978449], [-72.4632489999444, 42.985589999672634], [-72.46222600029547, 42.98461299978389], [-72.46196699982939, 42.98439900025288], [-72.46181399966852, 42.98421599995555], [-72.46161600020011, 42.98375099994899], [-72.46160100013148, 42.98335399981133], [-72.46163000044379, 42.98305099972264], [-72.46169999986569, 42.982870999990965], [-72.46172499998005, 42.9828449997379], [-72.46184499963064, 42.98259900028734], [-72.46251599982538, 42.9817440001112], [-72.46390500007051, 42.98031799986736], [-72.46410400026214, 42.980149999807566], [-72.46483599965792, 42.979448000107055], [-72.46535500041502, 42.978821999734656], [-72.46613299984155, 42.97815099973883], [-72.46645400023192, 42.97789900012531], [-72.46686500013564, 42.97764000003051], [-72.46758200036113, 42.97731199972283], [-72.4677199995551, 42.977257999813], [-72.46807100008269, 42.97700700013305], [-72.46862000007869, 42.976716999766495], [-72.4688030003768, 42.97660999982525], [-72.46991700026231, 42.97576299982574], [-72.47071099958238, 42.975083999891154], [-72.4717180002361, 42.973963000071045], [-72.4720990000026, 42.97354300001831], [-72.47235799957036, 42.97324500008792], [-72.47252699962478, 42.97303900011243], [-72.47283200012161, 42.97272699969709], [-72.47307599962078, 42.97252799998953], [-72.47371699967826, 42.97212400026734], [-72.47411400023663, 42.97190999999008], [-72.47477000036275, 42.9716510003049], [-72.47524300019076, 42.97153600021174], [-72.47548699968992, 42.97149800026515], [-72.47598999965516, 42.97145199974486], [-72.47631100004553, 42.97149800026515], [-72.47661599964405, 42.971642999779526], [-72.47675399973632, 42.97168100029383], [-72.47692100014089, 42.97178800026664], [-72.47714999957144, 42.972047999762744], [-72.47791299982768, 42.97259699987849], [-72.47841699961783, 42.97298600010926], [-72.47870600022115, 42.97318399993736], [-72.47933200021004, 42.973489000085095], [-72.47988200003095, 42.97368799996946], [-72.4799270002368, 42.97371099972634], [-72.48009499956795, 42.97374900027738], [-72.48049200012632, 42.973901000275035], [-72.48078199965623, 42.973947000278095], [-72.4813919997516, 42.97396999993806], [-72.48163600014907, 42.973954999846434], [-72.48172800021057, 42.9739239999522], [-72.48192599967898, 42.97374900027738], [-72.48207899983984, 42.97358100001588], [-72.48218599996997, 42.97354300001831], [-72.48253699959926, 42.973527999822515], [-72.4826739998666, 42.97350499999725], [-72.48281100013395, 42.97339799972528], [-72.48294800040131, 42.97326800001048], [-72.48302500039419, 42.97317699998088], [-72.48305499963311, 42.9731229997263], [-72.48319299972538, 42.973055000141656], [-72.4832999998555, 42.97302399979371], [-72.48369599969061, 42.973055000141656], [-72.48392500001947, 42.972977999757546], [-72.48406300011173, 42.9728330001042], [-72.48407800018035, 42.97276500019891], [-72.48418399958724, 42.97271100023986], [-72.4843979998475, 42.97266499996954], [-72.48490199963764, 42.972643000199625], [-72.48517600017234, 42.972573999705], [-72.48564900000036, 42.97240600017741], [-72.48615299979052, 42.972161999827165], [-72.48676299988587, 42.97181100007679], [-72.48707500005543, 42.97167200003576], [-72.48731100005696, 42.97150900002725], [-72.48744999997415, 42.97137599972445], [-72.48769400037163, 42.97108599975216], [-72.48790799973355, 42.97087999977532], [-72.48799899997013, 42.970734999776695], [-72.48799999979505, 42.97065900018487], [-72.48801499986368, 42.97050600030658], [-72.48810600010026, 42.97036100008355], [-72.48828900039837, 42.97029999970171], [-72.48860999989041, 42.9703390001468], [-72.48879300018852, 42.97027799974314], [-72.4888540002879, 42.97025500001703], [-72.48894499962617, 42.97017700031028], [-72.48900599972553, 42.97012500023171], [-72.48909799978705, 42.96991900032268], [-72.48926600001653, 42.96978200014157], [-72.48979999994393, 42.969598999721136], [-72.49031899980268, 42.96932399982541], [-72.49091399982946, 42.96898099986973], [-72.49128000042565, 42.96858399967727], [-72.49170700022292, 42.968056999996904], [-72.4919669996156, 42.96780600023068], [-72.49218000005092, 42.96767599987057], [-72.49242500027331, 42.967638000168535], [-72.49303500036869, 42.96744700018608], [-72.49314199960048, 42.96743199981815], [-72.49384399975735, 42.967377999778144], [-72.49456099998285, 42.96733299992765], [-72.49504899987947, 42.96731699972459], [-72.49553799960103, 42.967249000294025], [-72.49565999979976, 42.967233000069065], [-72.49637700002525, 42.967035000145536], [-72.49646800026184, 42.96700499986248], [-72.49677299986037, 42.96697399975184], [-72.49721599955114, 42.96690500012803], [-72.49749099991077, 42.9668289997478], [-72.49799399987602, 42.966791000179825], [-72.49866500007076, 42.96674500008323], [-72.49933700009038, 42.966676000202554], [-72.49956600041924, 42.9666229999749], [-72.49958099958954, 42.966619999861436], [-72.50008500027802, 42.96651600021953], [-72.50074899990173, 42.96642299975874], [-72.50084799963594, 42.96640900027797], [-72.50106100007129, 42.966432000127554], [-72.5015339998993, 42.966340999843666], [-72.50202199979591, 42.96627200016718], [-72.50245000031641, 42.96619600031959], [-72.50283100008292, 42.96613499975126], [-72.50321299967433, 42.96608099988733], [-72.50370099957097, 42.965974999675744], [-72.50406700016717, 42.96590600024605], [-72.50443299986506, 42.965783999788414], [-72.50480000028618, 42.965668999900615], [-72.50507399992257, 42.96551699993632], [-72.50538000024433, 42.96537199978466], [-72.5056389998121, 42.96513500001134], [-72.50586800014095, 42.96489899982903], [-72.5060969995715, 42.96465499993651], [-72.50634099996897, 42.96446399989497], [-72.50647800023633, 42.96442600018082], [-72.50673799962901, 42.96438799978582], [-72.50698200002647, 42.96440300023861], [-72.50743999978589, 42.964380000287804], [-72.50769900025196, 42.96432700005406], [-72.50800399985049, 42.96424300025983], [-72.50846199960989, 42.96419700023002], [-72.50895000040485, 42.96413600030891], [-72.50923999993475, 42.96411300025828], [-72.50966799955691, 42.96407500032732], [-72.51014100028326, 42.96400600008122], [-72.51064400024849, 42.963968000084165], [-72.51146799970579, 42.963921999848736], [-72.51230700013001, 42.96384599972734], [-72.51265799975928, 42.96380000005802], [-72.51314700037915, 42.96377000016939], [-72.5135520004351, 42.96372500030907], [-72.51400099997367, 42.96376199993367], [-72.51423199995236, 42.96373899974327], [-72.51440400037981, 42.963722999920066], [-72.51485600029143, 42.96367800002537], [-72.51569499981734, 42.963602000259925], [-72.51609200037566, 42.96347200021858], [-72.51651900017295, 42.963448999919756], [-72.51694599997019, 42.96340399982459], [-72.51728200042918, 42.96333500014071], [-72.51773900036368, 42.963280999791046], [-72.51810599988647, 42.96321299984333], [-72.51836500035256, 42.963137000160785], [-72.5186699999511, 42.962952999814064], [-72.51889900027996, 42.962824000253924], [-72.51924999990923, 42.962641000169256], [-72.51949400030671, 42.962511000069426], [-72.51979999973014, 42.96225900013523], [-72.51999800009686, 42.96201500029013], [-72.52047099992487, 42.96185500001725], [-72.52073600023874, 42.961653000278275], [-72.52079099959201, 42.961610999884726], [-72.52126699979307, 42.961228000123036], [-72.52190000035297, 42.96071900031502], [-72.52248500033397, 42.96024500016225], [-72.52300900021564, 42.959859999928966], [-72.52391399986377, 42.959267999904064], [-72.5248810003345, 42.95867300025655], [-72.5253230002004, 42.958428999996016], [-72.52585799995269, 42.958094000091144], [-72.52645299997944, 42.957712000095405], [-72.5271390002428, 42.957315000152995], [-72.52781100026243, 42.957017999811235], [-72.52819200002894, 42.956857999692666], [-72.52854299965823, 42.95669699983551], [-72.52892500014796, 42.95653700019717], [-72.52935199994522, 42.9563390000359], [-72.52967199961236, 42.956179000124244], [-72.53063499988514, 42.95571199981491], [-72.53115200009408, 42.95546100030453], [-72.53142699955538, 42.95531600012086], [-72.5317930001516, 42.95512600002047], [-72.53202199958214, 42.954943000050875], [-72.53220499988025, 42.954720999734484], [-72.53238800017834, 42.954453999865805], [-72.53252600027062, 42.954133999686306], [-72.53267799970826, 42.95389700001568], [-72.53275499970115, 42.95377500007071], [-72.53312100029736, 42.953362999859564], [-72.53337999986515, 42.95305100023905], [-72.53359400012538, 42.95280599999735], [-72.53380800038563, 42.952584999908744], [-72.53392999968604, 42.95229500011173], [-72.53403599999126, 42.952058999989454], [-72.53418900015214, 42.95162400000877], [-72.534342000313, 42.95119700013917], [-72.53440300041237, 42.950800000246694], [-72.53444900044313, 42.95048700004492], [-72.5345249997128, 42.95023500017945], [-72.53450899981927, 42.94990699969631], [-72.5344329996513, 42.94935800025457], [-72.53431100035087, 42.9490990003031], [-72.53418900015214, 42.94884700001511], [-72.53400599985402, 42.948572000068275], [-72.53373100039272, 42.948243999928565], [-72.5333499997279, 42.94790799968921], [-72.5328159998005, 42.94742000028667], [-72.53222099977377, 42.947038999924565], [-72.53214399978089, 42.94696199985318], [-72.53167099995287, 42.94671100016429], [-72.53129000018636, 42.94656599974926], [-72.53074000036545, 42.94642800002107], [-72.53037399976922, 42.94636700023802], [-72.52993199990337, 42.9463289998683], [-72.52958100027408, 42.94626000010603], [-72.52924499981509, 42.94605500000344], [-72.52889400018583, 42.945756999740304], [-72.5285279995896, 42.945505000236686], [-72.52820700009755, 42.94508600003628], [-72.52813099992957, 42.9450090001522], [-72.52799399966223, 42.944634999909006], [-72.5276890000637, 42.94350599996856], [-72.52745899990994, 42.94293399991366], [-72.52721600023568, 42.94219399997295], [-72.52710900010555, 42.94188100006903], [-72.52694099987608, 42.94137800009202], [-72.52669700037691, 42.94027099978339], [-72.52657500017818, 42.93968400002476], [-72.52648300011668, 42.939172999710664], [-72.5264220000173, 42.938563000270435], [-72.52651400007882, 42.93828000015662], [-72.52645299997944, 42.93795199976371], [-72.52645299997944, 42.9370439997166], [-72.52651400007882, 42.9366249998062], [-72.52646800004806, 42.93644900026335], [-72.52639100005517, 42.93636499990061], [-72.52628499974995, 42.93625099992972], [-72.52628499974995, 42.93598400017568], [-72.52628499974995, 42.93562499992808], [-72.52629999981858, 42.9353660000729], [-72.52640699994869, 42.93503799994241], [-72.52652999997233, 42.93442099989555], [-72.52655900028466, 42.934274999785856], [-72.52655900028466, 42.934206000325304], [-72.52657600000308, 42.93411499973666], [-72.52666600041478, 42.933664999835855], [-72.52669700037691, 42.93342000004207], [-72.52663600027755, 42.93286299992829], [-72.5265900002468, 42.932284000306716], [-72.52669700037691, 42.93165800010006], [-72.52680399960873, 42.931200000139924], [-72.52692599980746, 42.93074999998694], [-72.52707800014342, 42.930147000231074], [-72.52709300021203, 42.92957499972644], [-72.52700199997544, 42.92888900004313], [-72.52703299993759, 42.928538000085645], [-72.52707800014342, 42.928346999765104], [-72.52698699990684, 42.92798099988937], [-72.52683399974595, 42.9274160002198], [-72.5265900002468, 42.9267909996765], [-72.52613199958907, 42.92528000012702], [-72.52594900018929, 42.92470799981318], [-72.52578099995979, 42.92410500010957], [-72.52555199963095, 42.92335000024368], [-72.52543000033052, 42.9228999999698], [-72.5253230002004, 42.922479999993804], [-72.52517099986443, 42.92194600030673], [-72.52501799970356, 42.92138899970866], [-72.52483500030375, 42.92079400031225], [-72.52465200000567, 42.92014499973229], [-72.52456099976907, 42.919840000273126], [-72.52451499973832, 42.9195960000135], [-72.5244229996768, 42.91929099981025], [-72.52431600044501, 42.91900099974823], [-72.52428399975963, 42.91866900020188], [-72.52419400024627, 42.9179940002314], [-72.52413300014689, 42.91739099994284], [-72.5241480002155, 42.917063000138064], [-72.52421000013979, 42.916773000116045], [-72.52428600030777, 42.91648300004497], [-72.52436199957745, 42.91623199979364], [-72.5244229996768, 42.915881000086564], [-72.52443799974542, 42.915461000289426], [-72.52449899984478, 42.91514800003743], [-72.5246059999749, 42.91487400023959], [-72.52485000037238, 42.91465200016788], [-72.52509399987154, 42.91439300027963], [-72.5254150002619, 42.91415600025365], [-72.52584200005916, 42.91392800012637], [-72.5264220000173, 42.913683000119875], [-72.52755099997144, 42.913392999981326], [-72.52810099979234, 42.91324099986273], [-72.52846700038856, 42.9131110000352], [-72.52880299994922, 42.912958999879024], [-72.52909199965423, 42.912722000259585], [-72.52936700001383, 42.91248599976903], [-72.52956600020546, 42.91219599991922], [-72.52980999970463, 42.91185999969356], [-72.53002300013996, 42.91153200005617], [-72.53035899970062, 42.91107399981241], [-72.5304349998686, 42.91078399989798], [-72.5305269999301, 42.91042600022707], [-72.53060300009808, 42.910158999719755], [-72.53064900012883, 42.90983800016615], [-72.53068000009098, 42.90953299969526], [-72.53072500029683, 42.90937999983547], [-72.53075600025896, 42.90919700008493], [-72.5309699996209, 42.90874699974675], [-72.53119800012485, 42.90834999986138], [-72.53135100028572, 42.90803000021074], [-72.53148799965476, 42.90771000021476], [-72.53154899975411, 42.90742000026396], [-72.53159499978487, 42.9070990002635], [-72.53153399968551, 42.90677100029304], [-72.53136600035432, 42.90633600013764], [-72.531152999919, 42.90582500016351], [-72.53109099999473, 42.90547399974623], [-72.53109099999473, 42.905100000233055], [-72.53110699988825, 42.9044750003245], [-72.53110699988825, 42.903910000265455], [-72.53116799998762, 42.903368000018574], [-72.53118300005623, 42.90267399975563], [-72.5312590002242, 42.901110000308265], [-72.53130500025497, 42.90061399999285], [-72.53133500039219, 42.900545999914556], [-72.53133600021711, 42.90026300017663], [-72.53130500025497, 42.89991199967832], [-72.53130500025497, 42.89958400029387], [-72.53121400001837, 42.89927199995027], [-72.53124400015561, 42.898989000287436], [-72.53130500025497, 42.89839399980398], [-72.53133600021711, 42.89818800000958], [-72.53151899961689, 42.89777599967224], [-72.53167099995287, 42.89750200030055], [-72.53185400025096, 42.89724199979013], [-72.53248000023987, 42.896350000074314], [-72.53261699960889, 42.89621199970057], [-72.53269699997483, 42.89611099981787], [-72.53284199973979, 42.895926999854], [-72.53292299993063, 42.895822999889035], [-72.53337999986515, 42.89531200030388], [-72.53435700038162, 42.894351000306656], [-72.53533399999978, 42.893412000270175], [-72.53553200036652, 42.893243999868105], [-72.53592800020164, 42.89298500018897], [-72.53630999979305, 42.892657000154934], [-72.53663100018342, 42.892427999773254], [-72.53719500024802, 42.89200899980804], [-72.53774500006894, 42.8916730001166], [-72.53801899970532, 42.891467000246806], [-72.53841600026367, 42.89122300020095], [-72.53865999976283, 42.89104699994626], [-72.5390720003898, 42.89078800025488], [-72.53936199991969, 42.89059700007033], [-72.53949900018705, 42.89043699979124], [-72.53978899971696, 42.89016200031632], [-72.53994199987784, 42.88991799971492], [-72.54012500017595, 42.88969699968315], [-72.54024700037468, 42.889551999964716], [-72.54049099987382, 42.88942200019969], [-72.5407200002027, 42.889284999877425], [-72.54105599976336, 42.88913199978715], [-72.54131500022946, 42.88899500013708], [-72.54163599972149, 42.8888729999524], [-72.5419100002562, 42.88875100018454], [-72.54219999978612, 42.88866699994513], [-72.54261200041307, 42.88852199977991], [-72.54293299990512, 42.88842999973435], [-72.543374999771, 42.888262000241404], [-72.5437410003672, 42.888124999975396], [-72.54487100014626, 42.88767499984295], [-72.54497699955314, 42.8876449997174], [-72.54523699984415, 42.88750700026829], [-72.54566399964142, 42.88734699987186], [-72.54595400006963, 42.88723300002735], [-72.54625899966815, 42.88711800017854], [-72.54662500026438, 42.88694999974509], [-72.54668700018865, 42.88693500016604], [-72.54741899958444, 42.88672099989435], [-72.54838000020739, 42.88649300031359], [-72.5488379999668, 42.886393000116115], [-72.55025700034918, 42.88621799970957], [-72.55082100041378, 42.886102999943155], [-72.55135600016607, 42.885882000064925], [-72.55187400019993, 42.88562999978858], [-72.55214899966123, 42.88547800032566], [-72.55242400002085, 42.88528700015345], [-72.55256100028818, 42.88514999986217], [-72.55262200038754, 42.88504300001401], [-72.55259200025033, 42.88485999976971], [-72.55256100028818, 42.884729999989354], [-72.5524700000516, 42.88446300009269], [-72.5523019998221, 42.88414999975816], [-72.55230699984497, 42.884103999783356], [-72.55233199995934, 42.883875999745285], [-72.55236200009655, 42.88373299986304], [-72.55243900008945, 42.88336499990786], [-72.55253100015096, 42.88299099991154], [-72.55263699955785, 42.88239599976262], [-72.55278999971873, 42.88184600029612], [-72.55280499978734, 42.88170900026228], [-72.55344599984485, 42.879886000256185], [-72.55366000010511, 42.879305999906194], [-72.55397999977224, 42.8784740001444], [-72.5541610004205, 42.8780890001259], [-72.55418200033692, 42.87803999975973], [-72.55428600009398, 42.877818000017996], [-72.55437700033058, 42.877527999691964], [-72.55444000007977, 42.877321999980765], [-72.55457499979897, 42.87688700009212], [-72.55469799982264, 42.87656699975239], [-72.55483500009, 42.87625400017437], [-72.55525799968929, 42.87542600000862], [-72.55530600026817, 42.875081000281384], [-72.55541500004811, 42.874667000301024], [-72.55543000011674, 42.87430900026685], [-72.55543000011674, 42.8740029998125], [-72.55538400008598, 42.87370599991482], [-72.55535399994875, 42.87334000009655], [-72.55533800005523, 42.87307300028447], [-72.55533899988014, 42.87274499970594], [-72.55526199988725, 42.87214199987274], [-72.55526199988725, 42.87180599993828], [-72.55527699995585, 42.871539000073284], [-72.55523199975, 42.87121099990084], [-72.5552159998565, 42.870898000150255], [-72.55536900001736, 42.8705779996982], [-72.55543000011674, 42.87030299991815], [-72.55544500018536, 42.86998299967311], [-72.55546000025397, 42.869807000049164], [-72.55538400008598, 42.86944100015195], [-72.55533800005523, 42.869075000059595], [-72.55536900001736, 42.868868999783466], [-72.55539900015461, 42.86870099969488], [-72.55544500018536, 42.86840299986291], [-72.55550600028472, 42.86805199976436], [-72.55558199955438, 42.8677469999976]]]}}, {"type": "Feature", "properties": {"tract_id": "33005970200", "name": "Tract Census Tract 9702", "pct_white_2020": 89.2, "pct_black_2020": 2.7, "pct_hispanic_2020": 5.3, "pct_asian_2020": 0.0, "population_2020": 3651, "is_sample_data": false, "pct_white_1970": 98, "pct_black_1970": 1.8, "pct_hispanic_1970": 1.6, "pct_asian_1970": 1.5, "pct_white_1990": 95, "pct_black_1990": 2.1, "pct_hispanic_1990": 5.9, "pct_asian_1990": 0.0}, "geometry": {"type": "Polygon", "coordinates": [[[-72.46784199975383, 43.052749999738005], [-72.46785699982243, 43.052513999861354], [-72.4677050003848, 43.051269999965236], [-72.4676130003233, 43.050857999883135], [-72.46755200022392, 43.05053799991733], [-72.46744500009379, 43.05010300012769], [-72.46713999959695, 43.04947000029653], [-72.4670790003959, 43.049225999998534], [-72.46681999992981, 43.04858499995069], [-72.46655999963882, 43.048173000213744], [-72.46625500004029, 43.04764600020031], [-72.46622499990306, 43.04756999986717], [-72.46590400041102, 43.047127999967714], [-72.46553799981481, 43.046586000077774], [-72.46511100001753, 43.046197000246174], [-72.46509500012402, 43.04615099983297], [-72.46489699975729, 43.045968000302274], [-72.46448500002866, 43.045670000324996], [-72.46405800023139, 43.045434000122164], [-72.46318799984502, 43.044991000074255], [-72.46285200028436, 43.04479299983792], [-72.46219600015824, 43.0442820001975], [-72.46199799979152, 43.044091000057456], [-72.46193699969216, 43.044045000034544], [-72.46158600006287, 43.04369399982305], [-72.4614479999706, 43.04354900025122], [-72.46108200027273, 43.04329800018682], [-72.4609750001426, 43.0431600002004], [-72.46074699963864, 43.04269499984485], [-72.46048700024596, 43.04191700023397], [-72.46038000011585, 43.04138300024443], [-72.46033499991002, 43.041085000317366], [-72.46036500004723, 43.040802999718814], [-72.46045600028383, 43.04038300012643], [-72.4606090004447, 43.039261999681905], [-72.46071599967651, 43.038505999711816], [-72.46074599981374, 43.03810200032088], [-72.46099000021121, 43.036324000291366], [-72.46106700020411, 43.035271999675075], [-72.46120399957313, 43.03440199980932], [-72.46155500010073, 43.03331099986758], [-72.46155500010073, 43.03325000023182], [-72.46239399962664, 43.03057200012451], [-72.46266899998625, 43.02983899989777], [-72.46280600025361, 43.029557000148515], [-72.46301999961554, 43.02901600012287], [-72.4630809997149, 43.02864899995936], [-72.46315699988288, 43.027741000128486], [-72.46312699974567, 43.0271620001726], [-72.4630809997149, 43.026963000039316], [-72.46295900041449, 43.02650500019211], [-72.46277600011638, 43.026147000283586], [-72.4626229999555, 43.02578800008746], [-72.46247099961953, 43.02559000027], [-72.46230300028837, 43.0252699998451], [-72.46215000012748, 43.0250939997213], [-72.46182899973711, 43.02464200019579], [-72.46138699987124, 43.02401800017116], [-72.46114300037208, 43.023705999750575], [-72.46085299994387, 43.02315600009435], [-72.46074699963864, 43.022821000128076], [-72.46066999964576, 43.022515000217915], [-72.46048700024596, 43.022049999720394], [-72.46034800032879, 43.02177900027067], [-72.46031900001647, 43.02173700022709], [-72.46008999968761, 43.02150800028151], [-72.4597089999211, 43.02105100004529], [-72.45952599962301, 43.02079900030528], [-72.45949300001104, 43.020704000009715], [-72.45946500042194, 43.02062299984212], [-72.45858800036288, 43.02060400026573], [-72.45840800043783, 43.0205999999048], [-72.4582369998353, 43.02059800005262], [-72.45740800035514, 43.02058899973182], [-72.45691600026053, 43.02058500002669], [-72.45539099957297, 43.02055500025947], [-72.45388000002741, 43.02051600014609], [-72.45250599985089, 43.0205010002475], [-72.4511479995679, 43.020485999688425], [-72.44977500011461, 43.020462999699745], [-72.44841799965653, 43.02044799978816], [-72.44796400009508, 43.02043999970249], [-72.44704400037833, 43.02042499978529], [-72.44554299998019, 43.02040400028909], [-72.44460099962382, 43.02038999996425], [-72.44431199991882, 43.020386000246106], [-72.44295399963582, 43.02036399982154], [-72.44102499961551, 43.02033500020513], [-72.44033599987743, 43.02032299972571], [-72.44001200001233, 43.0203179997442], [-72.43903600021906, 43.020304000056484], [-72.43852900005587, 43.02029499969263], [-72.43840100000935, 43.020292999830474], [-72.4362429996602, 43.02024299997253], [-72.43613899990312, 43.02023999984841], [-72.43562900026518, 43.0202260001429], [-72.43538499986771, 43.0202260001429], [-72.43515800008699, 43.02022300001795], [-72.43496599956806, 43.02021999989286], [-72.4348700002069, 43.02021600016364], [-72.43451399965643, 43.020209999912616], [-72.43418499976846, 43.02020300005687], [-72.43410799977558, 43.02020100019171], [-72.43324599978513, 43.02017899970087], [-72.43276100026154, 43.02016600024299], [-72.43132699981055, 43.02014300013448], [-72.42992000002208, 43.02009100028564], [-72.42987700036439, 43.020088999760105], [-72.42842799984479, 43.020028000119325], [-72.4269929995689, 43.01996699976116], [-72.42603199984426, 43.01994100009611], [-72.42554300012272, 43.01992900019651], [-72.42530000044847, 43.01991799990331], [-72.42409399960313, 43.019867999739986], [-72.42275100028706, 43.01982199994783], [-72.42140800007269, 43.01976100004173], [-72.4200649998583, 43.01971500016941], [-72.41872300036715, 43.01967699979201], [-72.41751700042013, 43.01962399993496], [-72.41632700036662, 43.019571000032194], [-72.4155230001025, 43.01954500019945], [-72.4151210004196, 43.01953199995057], [-72.41391600029748, 43.019487000179275], [-72.41254299994586, 43.01944800004429], [-72.41116899976933, 43.01940300021144], [-72.40990300044618, 43.019341999889136], [-72.4092160003579, 43.019288000123865], [-72.40770499991405, 43.01914300002056], [-72.40619500019339, 43.01900599984839], [-72.40468399974952, 43.01886900002735], [-72.40317400002888, 43.01873100027252], [-72.40179999985237, 43.01857900012651], [-72.40044199956937, 43.018456999754385], [-72.39905300022255, 43.01832700009243], [-72.39767999987095, 43.01819000007], [-72.39632199958797, 43.01805999984276], [-72.39502500030264, 43.01795300027783], [-72.39372800011901, 43.01783099997547], [-72.39243099993539, 43.01771699987228], [-72.39236999983602, 43.01767799992667], [-72.39230899973664, 43.01770900008757], [-72.391348000012, 43.01760199991095], [-72.39005099982839, 43.01748800003943], [-72.38875399964476, 43.01737300030604], [-72.38744099956762, 43.01725100016493], [-72.3861440002823, 43.01713700029857], [-72.38484700009866, 43.01701499968859], [-72.38426700014053, 43.016977000267424], [-72.38289399978893, 43.01684700009932], [-72.38152100033562, 43.016717000312816], [-72.38016200022773, 43.01659500018201], [-72.37878899987611, 43.01647299980878], [-72.37759600034789, 43.01635899981165], [-72.37739999963098, 43.01634299988733], [-72.3760430000712, 43.01621400001657], [-72.37457799965809, 43.016114000184864], [-72.37325000041065, 43.016030999872484], [-72.37181599995968, 43.01595400011543], [-72.37086799975552, 43.01590899969238], [-72.37036599961517, 43.015885999959686], [-72.36894700013113, 43.01580200032013], [-72.36751299968016, 43.01571799990889], [-72.36623099956513, 43.015664000240655], [-72.36594900043114, 43.0156469998001], [-72.36497899958736, 43.015587999702696], [-72.36371300026418, 43.01551199972752], [-72.36244700004269, 43.01545799987814], [-72.36131700026365, 43.015397000234465], [-72.35988299981267, 43.01531299992601], [-72.35905500015741, 43.0152899999701], [-72.35767099993515, 43.015214000282946], [-72.35631199982724, 43.015145000278075], [-72.35493900037396, 43.01507699988332], [-72.35390099975812, 43.015023000308254], [-72.35287899993409, 43.014977999859795], [-72.35271599972747, 43.01496999971821], [-72.35260799977245, 43.01496400026817], [-72.35184100021655, 43.01492400019768], [-72.35185700011007, 43.01501399982708], [-72.3518720001787, 43.01510399998149], [-72.35222299980798, 43.017143999847036], [-72.35273699964387, 43.020274999754946], [-72.3532100003702, 43.023089000247346], [-72.3533090001044, 43.023685000063146], [-72.35416100004912, 43.028802000249485], [-72.35486800022885, 43.03313100027266], [-72.35576700002922, 43.038588999842396], [-72.3563429997894, 43.04206899971316], [-72.35721300017576, 43.04724999981561], [-72.3576449999959, 43.04991499971805], [-72.35791399960941, 43.05157499986838], [-72.358525000428, 43.055175999744286], [-72.35948600015264, 43.06098199969656], [-72.35959499993258, 43.0616230001287], [-72.3596240002449, 43.061790999897426], [-72.35988299981267, 43.06325599980185], [-72.36073800013043, 43.06843599975067], [-72.36118199964612, 43.071107000213374], [-72.36118800039222, 43.07114599967491], [-72.36120799958539, 43.0712680003036], [-72.3614679998764, 43.07280100029095], [-72.36158000002939, 43.0734569999347], [-72.36268200021934, 43.079634999852225], [-72.362729000075, 43.07986200016288], [-72.36279799967198, 43.08026200031703], [-72.3631650000931, 43.082315000184664], [-72.36320299972793, 43.08252799982571], [-72.36322100016959, 43.08263100004879], [-72.3632439997358, 43.082758000263766], [-72.3639540002886, 43.086735000212556], [-72.36447700034535, 43.08962599992252], [-72.36463899982873, 43.09052399991166], [-72.36467499981373, 43.0907240002775], [-72.36475500017967, 43.09116199978787], [-72.36485100043916, 43.0916959999321], [-72.36494699980031, 43.092224999986556], [-72.36528499990911, 43.094093999832936], [-72.36606300023396, 43.09850300004584], [-72.36647599978753, 43.100880000201634], [-72.36652500019133, 43.10116599969455], [-72.3668259995919, 43.10289799973713], [-72.36685599972911, 43.10296599987677], [-72.3676070002898, 43.10716100009353], [-72.36835200010437, 43.11132800027765], [-72.36838200024161, 43.11157199996391], [-72.36882499993239, 43.11404399977191], [-72.36890100010037, 43.11432599991169], [-72.36949699995203, 43.11768299971353], [-72.36954200015788, 43.118033999905066], [-72.36978499983212, 43.11939300028617], [-72.37050399970744, 43.12341299976158], [-72.37084000016641, 43.125062999942124], [-72.37129000042822, 43.12769499971779], [-72.37141900029964, 43.12844799992075], [-72.37159400020182, 43.12949400012322], [-72.37199900025779, 43.131912000068105], [-72.37204500028854, 43.13211800007294], [-72.37318099991535, 43.13219000016563], [-72.37360100003993, 43.13221699985069], [-72.37457799965809, 43.13226299991805], [-72.3750200004223, 43.13227800001807], [-72.3761190002392, 43.13234700003726], [-72.37723300012472, 43.13240000017018], [-72.37871299970814, 43.132491999995004], [-72.37905199964185, 43.13251200005259], [-72.3801320000905, 43.13257599979968], [-72.38158200043499, 43.13266700027736], [-72.38303100005628, 43.13275099984167], [-72.38449300009636, 43.13284999990585], [-72.38483399967987, 43.13286900011175], [-72.38495599987861, 43.13287600022061], [-72.38510700038967, 43.132884000063136], [-72.38594599991558, 43.13292699977217], [-72.38683300002037, 43.132977999936756], [-72.38739500043518, 43.13301100029051], [-72.38884499988136, 43.13310999993387], [-72.39015399976056, 43.13318500001383], [-72.39029500022585, 43.13319400020082], [-72.39057800008307, 43.13321100018622], [-72.39169199996859, 43.13328199991975], [-72.39175999974066, 43.13328499975893], [-72.39193299999303, 43.13329600004215], [-72.39320900026024, 43.133377000219106], [-72.39467399977504, 43.13346100011936], [-72.395190999984, 43.1334940002125], [-72.39543399965824, 43.13350999973475], [-72.39567399985776, 43.13351899987391], [-72.39612400011956, 43.13354499990425], [-72.39760399970297, 43.1336209998287], [-72.39906800029117, 43.13371999979569], [-72.40051199988959, 43.13380300016099], [-72.40053399963088, 43.13380399988034], [-72.40191399965518, 43.13388299994838], [-72.401999000044, 43.13388799984967], [-72.4034639995588, 43.133971999703576], [-72.404928000147, 43.1340709997579], [-72.40639299966182, 43.13414699968423], [-72.40756500017196, 43.134214000136126], [-72.40785800007491, 43.134230999837946], [-72.40935399955185, 43.13432300018611], [-72.40963899995722, 43.134339999857616], [-72.40974600008735, 43.13434699979812], [-72.40985300021747, 43.13435300002741], [-72.4100320003176, 43.134364000118524], [-72.4108490001022, 43.134414000030894], [-72.41201999988914, 43.1344740002651], [-72.4142009998045, 43.134604999949126], [-72.41539800042902, 43.134676999736016], [-72.4157490000583, 43.134695000325074], [-72.41683000033186, 43.13474999979763], [-72.4183259998088, 43.134842000020505], [-72.41980600029054, 43.13492599987512], [-72.42128599987394, 43.13501700013373], [-72.42276600035568, 43.13510899995493], [-72.424246999764, 43.1351999999412], [-72.42572600042082, 43.135283999959626], [-72.42719099993562, 43.13537600003469], [-72.42867100041735, 43.13546700027915], [-72.43015199982567, 43.1355590000789], [-72.4316320003074, 43.13563500012263], [-72.43178499956997, 43.14373299977717], [-72.43208300039412, 43.15946000004156], [-72.432088000417, 43.15972999978403], [-72.43209000006681, 43.1598199998699], [-72.43224200040277, 43.159834999762104], [-72.43291400042241, 43.159892000105216], [-72.43359999978746, 43.15994999968703], [-72.43497300013907, 43.16004900026958], [-72.43634700031558, 43.16015600024229], [-72.43753599964586, 43.16023499967927], [-72.43771999976886, 43.16024700029814], [-72.43811999980196, 43.160277999811], [-72.4390939999454, 43.160353999924105], [-72.44045200022838, 43.16046100001792], [-72.4419319998118, 43.16056799992433], [-72.44341200029355, 43.16068999998094], [-72.44388599994647, 43.160722999793265], [-72.44489199987696, 43.16079700014159], [-72.44506099993136, 43.160808000061756], [-72.44573100030117, 43.16086300028806], [-72.44595399988394, 43.160878999856166], [-72.44603400024988, 43.16088600003448], [-72.44625400035791, 43.1609030001833], [-72.44635700029006, 43.160911000290255], [-72.44665900041386, 43.16093200015651], [-72.44783699987347, 43.16101800006387], [-72.44832399994519, 43.16105200028339], [-72.44931800018013, 43.16112500030537], [-72.45041399962398, 43.16121500030214], [-72.45079799976352, 43.161246999905025], [-72.45225099958277, 43.161353999745415], [-72.45229300031389, 43.16076600023678], [-72.45240000044402, 43.15853799971323], [-72.45236899958354, 43.15798099999395], [-72.45235400041327, 43.157622999785644], [-72.45226200035172, 43.15721099990439], [-72.45217100011514, 43.15681399984501], [-72.45212500008441, 43.15627200024939], [-72.45217100011514, 43.15614999989037], [-72.45216899956701, 43.15613199972011], [-72.45216000024448, 43.15611300018992], [-72.45214900037382, 43.1559519996917], [-72.45214000015301, 43.15587600000106], [-72.45214000015301, 43.155708000073595], [-72.45207900005364, 43.15493700014676], [-72.45211000001578, 43.15434200021353], [-72.45211000001578, 43.15322799980817], [-72.45223200021451, 43.15293099981351], [-72.45235400041327, 43.152740000126784], [-72.45279600027912, 43.152275000191736], [-72.45337600023726, 43.151786000028835], [-72.45374299976005, 43.151512000233524], [-72.45410900035627, 43.15116800010029], [-72.45453600015354, 43.15083300020913], [-72.45501499982933, 43.15055799997278], [-72.45544699964945, 43.15031000002602], [-72.4556040000083, 43.150160999946706], [-72.45612000039235, 43.14981399973512], [-72.45656499973293, 43.149467000175065], [-72.45697800018483, 43.14889499974484], [-72.45716099958462, 43.148451999751714], [-72.45728299978335, 43.14800999996746], [-72.45740499998209, 43.147537000201936], [-72.45737499984484, 43.14703799987252], [-72.45737400001994, 43.1470259999366], [-72.45722199968397, 43.14649899993539], [-72.45717099963036, 43.14640399970431], [-72.45693200015408, 43.14597300015456], [-72.45679499988671, 43.145668000162345], [-72.45648899956497, 43.14517200021756], [-72.45589400043652, 43.14413399977338], [-72.45529900040978, 43.14303599976199], [-72.4547500004138, 43.14217299970883], [-72.45467900026867, 43.142060000238395], [-72.45407800039413, 43.14109799985683], [-72.45345499987998, 43.14013400018292], [-72.4534339999636, 43.14009699996322], [-72.45328500000068, 43.13972400028946], [-72.4530559996718, 43.139411999913015], [-72.45261299998101, 43.13899200014436], [-72.45252299956934, 43.13890600004813], [-72.45209499994716, 43.13857999986562], [-72.45156000019486, 43.13826699990473], [-72.4509500000995, 43.13807600028066], [-72.45009499978174, 43.137854999984874], [-72.44910399991988, 43.13756500024771], [-72.44882100006265, 43.137521999866706], [-72.44873700039706, 43.13750400010986], [-72.44841699983162, 43.13734400007157], [-72.44783699987347, 43.13713000002967], [-72.44744000021345, 43.13703099968339], [-72.44719599981597, 43.13700800013622], [-72.44705900044693, 43.13702299972788], [-72.44670799991935, 43.13725199967973], [-72.44644799962835, 43.137382000307014], [-72.4462340002664, 43.13739699980698], [-72.4460860001284, 43.13739299985327], [-72.44597499980033, 43.1373889998993], [-72.44553200010954, 43.13735900023633], [-72.44516600041166, 43.1373889998993], [-72.44496800004494, 43.13745800005157], [-72.44452600017905, 43.137718000153846], [-72.44426699971297, 43.13780199999096], [-72.44387000005293, 43.13774100008954], [-72.44359499969332, 43.13773300022687], [-72.44335100019417, 43.13772600001848], [-72.44316799989606, 43.13765700016862], [-72.44284700040402, 43.13752700012599], [-72.44252699983855, 43.137313999731], [-72.44223700030865, 43.13714599991166], [-72.44206200040645, 43.13706900011334], [-72.4420079999798, 43.137045999924936], [-72.44187099971244, 43.137039000293385], [-72.44139799988442, 43.13696300002805], [-72.44107700039235, 43.13681800018277], [-72.44080299985767, 43.13662699996571], [-72.4406649997654, 43.13635200006058], [-72.44058899959742, 43.13616099969905], [-72.44058899959742, 43.13590999997453], [-72.44063499962819, 43.13571900019901], [-72.44063499962819, 43.135489999750426], [-72.44062299993261, 43.135395999804665], [-72.44060399966604, 43.13525399991944], [-72.44058899959742, 43.134910000067784], [-72.44055799963527, 43.13458999976435], [-72.44057400042712, 43.13452899993642], [-72.44063100032854, 43.13407400021394], [-72.44064999969679, 43.133926000266136], [-72.44069599972754, 43.13366700015112], [-72.44087900002565, 43.13338400026982], [-72.44103200018652, 43.133216999871394], [-72.4412909997543, 43.132941999709324], [-72.44142600037182, 43.1327709998146], [-72.44151800043332, 43.13256599978217], [-72.44155000022037, 43.132491999995004], [-72.44168800031264, 43.132377000192356], [-72.4422830003394, 43.132094999989114], [-72.44235899960906, 43.132003999971445], [-72.44249599987641, 43.13182800000703], [-72.44254199990716, 43.13159199981108], [-72.44249599987641, 43.131424000005666], [-72.44242800010434, 43.13121800028559], [-72.44240200016509, 43.13108000024416], [-72.44224700035439, 43.130786999883846], [-72.44213000017852, 43.130661000053614], [-72.44210000004131, 43.13058499972868], [-72.44203899994193, 43.13028700007971], [-72.44206900007916, 43.12997400028419], [-72.44214500024714, 43.129890000183764], [-72.4423129995783, 43.129509000246706], [-72.442298000408, 43.1293029999771], [-72.44211500010991, 43.1290360002629], [-72.44158100018251, 43.12838699986712], [-72.44136699992228, 43.128227000232776], [-72.44110800035452, 43.127929000240755], [-72.44094000012502, 43.12768500021343], [-72.44078699996415, 43.12736500013185], [-72.4406649997654, 43.127112999880964], [-72.44045200022838, 43.126876999849365], [-72.44028599964871, 43.12676199997909], [-72.44016199980015, 43.12667800005693], [-72.43985600037672, 43.126533000083796], [-72.43936799958179, 43.126320000078714], [-72.43852900005587, 43.12590000021345], [-72.43819299959688, 43.12544200032363], [-72.43816800038084, 43.12534999972891], [-72.43813200039584, 43.12522899979793], [-72.43810499973334, 43.125077999840954], [-72.4381020002586, 43.1250679999088], [-72.43805600022785, 43.125033000133364], [-72.4380310001135, 43.12501199973403], [-72.43798300043292, 43.12498199990026], [-72.43780299960956, 43.12485699977904], [-72.43776599979962, 43.124831999855274], [-72.43773700038561, 43.12481600002987], [-72.43759699974522, 43.12474399978012], [-72.43738500003312, 43.12463399983596], [-72.436805000075, 43.12423699996591], [-72.4365459996089, 43.12394699990563], [-72.43643900037709, 43.123779000082926], [-72.43640800041496, 43.12372599969184], [-72.43622500011685, 43.12355799991787], [-72.4361790000861, 43.1235040001033], [-72.43573700022021, 43.1230700000812], [-72.43549199999782, 43.12287900020172], [-72.43511100023132, 43.12265800006383], [-72.43488199990246, 43.122452000326064], [-72.43451600020458, 43.122230000048546], [-72.4344550001052, 43.122153999738906], [-72.43393600024643, 43.121703999991425], [-72.4337370000548, 43.12149000029952], [-72.43328000012032, 43.120994000274216], [-72.43306599986008, 43.12070499985567], [-72.43282200036091, 43.12023199998688], [-72.43267000002494, 43.119812000289194], [-72.43253199993268, 43.11917899972383], [-72.43250199979546, 43.11889599969069], [-72.43259300003206, 43.11830900021024], [-72.43257799996344, 43.117988000284164], [-72.43240999973395, 43.11743900012958], [-72.4323639997032, 43.11669900013909], [-72.43237999959672, 43.11660000016351], [-72.43231799967245, 43.11630999996893], [-72.43224200040277, 43.11612700003653], [-72.43219600037202, 43.11586799996372], [-72.43221200026555, 43.115516999806786], [-72.43230299960382, 43.115180999961986], [-72.43228800043352, 43.115020999887115], [-72.43230299960382, 43.11482200021845], [-72.43233399956596, 43.11442600032357], [-72.43244099969608, 43.11376200029995], [-72.43260899992558, 43.11322799979077], [-72.43268500009356, 43.11266299983162], [-72.43291400042241, 43.112320000218325], [-72.43306599986008, 43.112052999829174], [-72.43328000012032, 43.11108400027441], [-72.4333560002883, 43.110846999960884], [-72.43347799958872, 43.110587999838806], [-72.43372199998619, 43.11043599971515], [-72.4339970003458, 43.11015299990734], [-72.43425599991357, 43.1099240001455], [-72.4344400000366, 43.109771999684426], [-72.43479099966586, 43.10939000025059], [-72.43514200019347, 43.109108000320084], [-72.43611799998672, 43.10847499986103], [-72.43640800041496, 43.108307000184666], [-72.43669799994487, 43.10811600012919], [-72.43694200034233, 43.10798699974422], [-72.43768999963164, 43.10768099968065], [-72.43843799981927, 43.107445000112804], [-72.43859000015524, 43.10736899980263], [-72.43918500018198, 43.10717000017439], [-72.43938400037362, 43.107070999867865], [-72.43979699992717, 43.106894000153], [-72.44006999973865, 43.10675799999846], [-72.44054299956667, 43.10659800020139], [-72.44103200018652, 43.106224000028156], [-72.44141299995303, 43.10594899985111], [-72.4416570003505, 43.10565199974146], [-72.44177899965094, 43.10536200013645], [-72.44202399987331, 43.10496499983581], [-72.44211500010991, 43.10488100015754], [-72.44232900037017, 43.104575999849146], [-72.44235899960906, 43.104469000316314], [-72.44271000013666, 43.103920000219276], [-72.44298499959795, 43.103461999767894], [-72.44319800003328, 43.10302000010745], [-72.44321399992681, 43.102760000089674], [-72.44319800003328, 43.102210999752266], [-72.44316799989606, 43.10166900013928], [-72.44309199972808, 43.10104400022105], [-72.44296899970443, 43.10044099974762], [-72.44286300029754, 43.100219999905704], [-72.44260300000654, 43.0995410003099], [-72.44226800027079, 43.0990220000817], [-72.44190099984966, 43.098343000319204], [-72.44158100018251, 43.09790799995337], [-72.44148999994593, 43.097695000004244], [-72.44141299995303, 43.09748100031319], [-72.44125999979215, 43.09735900005648], [-72.44112300042312, 43.09729799983699], [-72.44089400009426, 43.09729799983699], [-72.44068099965894, 43.09724399980704], [-72.44049700043423, 43.097068999868625], [-72.44043600033487, 43.09696199967861], [-72.44021700005175, 43.09670400016808], [-72.44020100015821, 43.09668800020333], [-72.44005499967004, 43.096512000314995], [-72.43975000007151, 43.09625299988738], [-72.4395509998799, 43.09603099967976], [-72.4392770002435, 43.09561200019443], [-72.43924600028136, 43.095534999936476], [-72.43915500004476, 43.095284000135756], [-72.43898699981528, 43.09500099981119], [-72.43885000044624, 43.09456699967946], [-72.43886499961654, 43.093612999884385], [-72.43891099964729, 43.09250700028138], [-72.43883399965439, 43.09190399970369], [-72.43878900034686, 43.09172100027313], [-72.43868100039182, 43.091469000173156], [-72.438375999895, 43.09083599969846], [-72.43825399969626, 43.090606999837725], [-72.43790300006697, 43.0901340002392], [-72.43781199983039, 43.089966000089404], [-72.43738500003312, 43.08944000022501], [-72.43691200020511, 43.08897400002626], [-72.43668299987625, 43.0888220000309], [-72.43657599974614, 43.088700000236464], [-72.4362710001476, 43.08844800017138], [-72.4357980003196, 43.088187999944346], [-72.43544599996709, 43.087875999789624], [-72.43511100023132, 43.08748700013381], [-72.43488199990246, 43.08716599994884], [-72.43469899960435, 43.086845999880474], [-72.43451600020458, 43.086617000191275], [-72.43451600020458, 43.08650200010755], [-72.4344550001052, 43.0863730001047], [-72.43440900007447, 43.0862809998197], [-72.43442400014305, 43.086189999893946], [-72.4343780001123, 43.08609799999018], [-72.43434799997509, 43.0860670002625], [-72.4342719998071, 43.08567800027178], [-72.43427500018014, 43.08558499974788], [-72.43428699987572, 43.085250999989775], [-72.43422599977634, 43.08499199983125], [-72.43415399980633, 43.08488799977862], [-72.43407299961548, 43.08477100000044], [-72.43398200027718, 43.08445000001665], [-72.43414999960837, 43.08384700015962], [-72.43447000017382, 43.08330599994452], [-72.4347289997416, 43.08294700025124], [-72.4349120000397, 43.08266499989966], [-72.43501999999472, 43.082405000058635], [-72.43505000013195, 43.082085000051855], [-72.43511100023132, 43.081803000325266], [-72.4352640003922, 43.08148999988127], [-72.43566000022732, 43.08088699975881], [-72.43611799998672, 43.08036100001109], [-72.43628600021621, 43.08013899993748], [-72.43648200003479, 43.079967000160885], [-72.43650399977611, 43.079934000068434], [-72.43659199963965, 43.079860000273676], [-72.43672800008208, 43.079711999759915], [-72.43761400036198, 43.07901000010572], [-72.43823899962764, 43.07838499988928], [-72.43852900005587, 43.0777969997236], [-72.43869700028537, 43.07744599977414], [-72.43895599985312, 43.077011999920614], [-72.43941399961254, 43.076461999717885], [-72.43968899997215, 43.07611900004135], [-72.44005499967004, 43.07576800032267], [-72.44017699986877, 43.075608000256786], [-72.44074199975829, 43.07509700014819], [-72.4410310003616, 43.07485200008601], [-72.44153500015177, 43.07450099967207], [-72.44208400014776, 43.074012999788565], [-72.44286300029754, 43.07319699973553], [-72.4429240003969, 43.073166000041994], [-72.44309199972808, 43.07295300000917], [-72.44318299996468, 43.072891999761715], [-72.44411399955209, 43.0719299997392], [-72.44434299988094, 43.071618000124886], [-72.44458700027842, 43.07145700029784], [-72.4448469996711, 43.0711900001986], [-72.44537999977356, 43.07075499991249], [-72.44599099969385, 43.07033600011061], [-72.44641800038943, 43.07018299970547], [-72.44669299985073, 43.07003099967971], [-72.44757800030571, 43.069702999790415], [-72.44827899973936, 43.06939700003168], [-72.44835599973224, 43.06937500011456], [-72.44864600016048, 43.06926800010673], [-72.44910300009496, 43.069122999963575], [-72.44945399972424, 43.06898499967628], [-72.44988200024474, 43.06877200020645], [-72.45009599960666, 43.068612000250404], [-72.45014099981249, 43.068581000206485], [-72.45037000014136, 43.06843599975067], [-72.45103899978795, 43.06800900005486], [-72.45135500015546, 43.067808999687756], [-72.4514229999275, 43.06775799968006], [-72.45148700039994, 43.06771100020155], [-72.45156600004265, 43.06762199988952], [-72.45190699962619, 43.06724100015324], [-72.4523379996214, 43.06672599986522], [-72.45295500028777, 43.06603299998547], [-72.45325300021362, 43.065645999814116], [-72.45356600020806, 43.065240999811536], [-72.45376700004951, 43.0649490000991], [-72.45406499997534, 43.064410000121036], [-72.45469400033727, 43.06353299982031], [-72.4550609998601, 43.063122000303345], [-72.45548799965735, 43.06262200030426], [-72.45620900008079, 43.06203200003536], [-72.45656499973293, 43.061806000205976], [-72.45670299982523, 43.06164599978829], [-72.45766400044818, 43.060989999748344], [-72.45838099977534, 43.060577999988865], [-72.45920500013095, 43.06015900019298], [-72.45931200026106, 43.06010500023965], [-72.4602579999171, 43.05964700030368], [-72.46047200017735, 43.05954799996387], [-72.46118900040285, 43.05921200014455], [-72.46150900006998, 43.05903699985134], [-72.461981999898, 43.05879300020275], [-72.46227300015113, 43.058594000251986], [-72.4628980003151, 43.058228000067984], [-72.46292900027726, 43.058182000144974], [-72.46356899961152, 43.05768700011679], [-72.46446999996004, 43.056962000122965], [-72.46468300039537, 43.056739999958715], [-72.46535500041502, 43.05610000000736], [-72.46558399984556, 43.055824999899606], [-72.46634700010179, 43.05497800022083], [-72.46662099973818, 43.05471900010455], [-72.4670030002279, 43.054229999898375], [-72.46744500009379, 43.0537269997901], [-72.46778099965447, 43.05303300028404], [-72.46784199975383, 43.052749999738005]]]}}, {"type": "Feature", "properties": {"tract_id": "33005971300", "name": "Tract Census Tract 9713", "pct_white_2020": 93.7, "pct_black_2020": 0.8, "pct_hispanic_2020": 1.8, "pct_asian_2020": 0.0, "population_2020": 3534, "is_sample_data": false, "pct_white_1970": 98, "pct_black_1970": 4.7, "pct_hispanic_1970": 1, "pct_asian_1970": 1.4, "pct_white_1990": 95, "pct_black_1990": 2.0, "pct_hispanic_1990": 3.8, "pct_asian_1990": 2.3}, "geometry": {"type": "Polygon", "coordinates": [[[-72.29700299964273, 42.93550499993002], [-72.29744200003385, 42.933683999985824], [-72.2968319999385, 42.93364799973132], [-72.29655999995194, 42.93363199997682], [-72.29623100006398, 42.933612999810755], [-72.29497700043635, 42.933538000102004], [-72.294692000031, 42.93352099996241], [-72.2946009997944, 42.933505000174904], [-72.29418300021798, 42.933426999918176], [-72.2937610004436, 42.93336299998784], [-72.29329899958792, 42.93329299980299], [-72.29257300003991, 42.93318199983523], [-72.29190199984518, 42.93308300008629], [-72.29131400038942, 42.932995999956326], [-72.29061700025542, 42.93289299975696], [-72.29009800039667, 42.932815000040485], [-72.29001399983277, 42.93280199985891], [-72.28938700001896, 42.932707000320605], [-72.28917799978157, 42.932675000318504], [-72.28797299965946, 42.93249200002827], [-72.28785999968156, 42.93247800006272], [-72.28739900044742, 42.93242200016875], [-72.28678900035206, 42.93238300002465], [-72.28669100044277, 42.93237699974733], [-72.28609600041602, 42.93238799992647], [-72.28600600000432, 42.93239999982065], [-72.28563600010847, 42.93244899974818], [-72.28536499994684, 42.93250500027528], [-72.28500699974653, 42.93257900021249], [-72.2843420002979, 42.93271700007122], [-72.2838779997924, 42.932812999962145], [-72.28343099990366, 42.93290599991932], [-72.28259300020265, 42.93303400000553], [-72.28040399989135, 42.933367000108746], [-72.27983300015404, 42.9334559997722], [-72.27945200038755, 42.93351499979592], [-72.2792249997085, 42.93354999977217], [-72.27862499965889, 42.93362500012401], [-72.27843499968809, 42.93364799973132], [-72.27824899991525, 42.93367099998769], [-72.2781819999681, 42.93395299988809], [-72.27804899989872, 42.93437600027703], [-72.2776549997134, 42.93539599999767], [-72.27758199991848, 42.93559500011487], [-72.27731499995477, 42.93632199969408], [-72.27729200038856, 42.93638500018524], [-72.27724200015984, 42.93660199999542], [-72.27713800040277, 42.93705999989998], [-72.27707300010545, 42.93744399976495], [-72.27697600002107, 42.93791200020581], [-72.27684899979945, 42.93850699999095], [-72.27669099961571, 42.93932799977525], [-72.2766399995621, 42.93959700001344], [-72.27653400015521, 42.94015000004117], [-72.27650499984287, 42.94027200003025], [-72.2764229998271, 42.940650999704914], [-72.27636400027589, 42.9408079998133], [-72.27618400035082, 42.941244000180234], [-72.2762379998792, 42.94140700014743], [-72.27623700005427, 42.94153799968324], [-72.27624999957474, 42.941637000307075], [-72.27627600041234, 42.94176199999062], [-72.27635099985709, 42.94198600014064], [-72.27643700007081, 42.9421580000902], [-72.2766129997979, 42.94255499982528], [-72.27662299984364, 42.942578000042914], [-72.27703299992247, 42.94342900008104], [-72.27708099960306, 42.94352000005733], [-72.27732900019848, 42.943945999732954], [-72.27737799970396, 42.944038999974026], [-72.27749499987983, 42.944237999777506], [-72.27758100009356, 42.944481999752405], [-72.27771199961481, 42.94487800011104], [-72.2778999999358, 42.945674999900234], [-72.27795500018738, 42.94590099993283], [-72.27804300005091, 42.946223999970655], [-72.27808499988372, 42.9464759998187], [-72.27810699962502, 42.946679999691575], [-72.27812500006668, 42.94698099984559], [-72.27810499997521, 42.94733199989647], [-72.27808099968576, 42.94779199979906], [-72.27806399996732, 42.94795400006129], [-72.27799500037034, 42.94862399995395], [-72.27796900043109, 42.94911700019029], [-72.27792199967709, 42.949365000291486], [-72.27787599964634, 42.949511000127664], [-72.2778160002702, 42.949657000275124], [-72.27766499975915, 42.94995700024773], [-72.27761399970554, 42.95009999973322], [-72.27757100004781, 42.95027200002602], [-72.2775829997434, 42.950400000176664], [-72.27767999982775, 42.95090999994171], [-72.27777799973705, 42.95152000000241], [-72.27781899974494, 42.952049000092416], [-72.27786399995078, 42.9526129998984], [-72.2780339998301, 42.95248799989291], [-72.27925700039387, 42.951543000158026], [-72.28012600005702, 42.95090300008056], [-72.28031500020292, 42.95075199987587], [-72.28100899996386, 42.9502740001948], [-72.2812940003692, 42.9500670001343], [-72.28155899978476, 42.94989900028812], [-72.28233399973657, 42.94949000006446], [-72.28259099965453, 42.949364000192304], [-72.28357300019387, 42.94895200004132], [-72.28500900029466, 42.948393000138516], [-72.2864050002125, 42.94784999977148], [-72.28672099968168, 42.947727000207244], [-72.28704000042222, 42.94759499990426], [-72.28830200044575, 42.947072999968185], [-72.28909699959074, 42.946744999731465], [-72.29054899958506, 42.946178000278415], [-72.2906509996923, 42.94613300004597], [-72.29118499961969, 42.94592899967545], [-72.29173600016382, 42.94570399990426], [-72.29222599971027, 42.945501999751045], [-72.2932700001739, 42.94507299981497], [-72.29380300027638, 42.94485399992274], [-72.29381599979688, 42.94476800015738], [-72.29398200037652, 42.94465900018269], [-72.2941770003702, 42.94451499971518], [-72.29439300028027, 42.94434699983996], [-72.29454700026604, 42.944194000282785], [-72.29464900037331, 42.94405599984025], [-72.29469600022897, 42.94397600008063], [-72.29478800029047, 42.943798000127344], [-72.29486899958302, 42.94352000005733], [-72.29509600026205, 42.942460999761536], [-72.29518800032356, 42.94242300026868], [-72.29545000026438, 42.94141800002883], [-72.29551399983846, 42.94117099970805], [-72.29569499958845, 42.940528999809175], [-72.29580799956635, 42.940455999804506], [-72.29587700006164, 42.93988699979232], [-72.2961209995608, 42.93905400031698], [-72.29688800001499, 42.9359229999093], [-72.29700299964273, 42.93550499993002]]]}}, {"type": "Feature", "properties": {"tract_id": "33005971402", "name": "Tract Census Tract 9714.02", "pct_white_2020": 92.6, "pct_black_2020": 2.0, "pct_hispanic_2020": 0.4, "pct_asian_2020": 2.5, "population_2020": 3909, "is_sample_data": false, "pct_white_1970": 98, "pct_black_1970": 1, "pct_hispanic_1970": 2.9, "pct_asian_1970": 1.0, "pct_white_1990": 95, "pct_black_1990": 1.7, "pct_hispanic_1990": 1, "pct_asian_1990": 0.7}, "geometry": {"type": "Polygon", "coordinates": [[[-72.38283299968955, 42.97269599984115], [-72.38290899985755, 42.97263499980335], [-72.38238999999876, 42.97106300032821], [-72.38229899976217, 42.97079599972711], [-72.38204000019441, 42.96997199968238], [-72.38170799993338, 42.96897199987384], [-72.38085900036172, 42.96641300022388], [-72.38068100008651, 42.965875000238874], [-72.3805610004359, 42.96550700025417], [-72.37953700006375, 42.96237399982368], [-72.37840800010962, 42.95888699990946], [-72.37788900025083, 42.95736100006885], [-72.37753900044648, 42.95631199975538], [-72.37624100043793, 42.95236399968399], [-72.37492900018569, 42.94841999994822], [-72.37457799965809, 42.947285999717124], [-72.37456199976458, 42.9472369997599], [-72.37355500000918, 42.94399499967948], [-72.37213800017496, 42.93955499969184], [-72.37208799994623, 42.939398999937616], [-72.37071700014276, 42.935090999753], [-72.3683339996627, 42.92763600010185], [-72.36821499983702, 42.92726699988929], [-72.36817399982915, 42.92727399980693], [-72.36784300029136, 42.92732599992202], [-72.36742599964151, 42.927374000141064], [-72.3671360001116, 42.927396000311134], [-72.36681499972123, 42.92740099996003], [-72.36638899974888, 42.927388999749645], [-72.36582100038463, 42.92732899997789], [-72.36524399990122, 42.92723499969182], [-72.36163299973283, 42.92640900010656], [-72.36101799961459, 42.92626200026249], [-72.36051700019749, 42.92614300025705], [-72.3598009997969, 42.925994000136214], [-72.35949100017551, 42.92592499994933], [-72.35876800010224, 42.92578099973932], [-72.35833000043434, 42.92569799978056], [-72.35733799984922, 42.92551000000725], [-72.35653399958511, 42.92532099982825], [-72.35624700042824, 42.92528199979223], [-72.35493299962786, 42.9251799996825], [-72.35419000036141, 42.92515999970566], [-72.35340700001369, 42.92518100017449], [-72.3525419996502, 42.925221000108024], [-72.35180100003359, 42.92528099995964], [-72.351633999629, 42.925295000245484], [-72.35079699975292, 42.9254310003197], [-72.350210999947, 42.92555200004137], [-72.34923599997865, 42.925760000132826], [-72.34830700004106, 42.92598000000923], [-72.34400399976153, 42.927076000231956], [-72.34269800025538, 42.927436000121965], [-72.3417480004014, 42.92769399998772], [-72.33639300016063, 42.92900400025939], [-72.33550199985787, 42.92923600024242], [-72.334038000168, 42.92960900020619], [-72.33205300007118, 42.9301479999847], [-72.33126600042381, 42.9303289998457], [-72.33060899957447, 42.93044800031487], [-72.33008499969283, 42.93052099968745], [-72.32990099956982, 42.93053599984511], [-72.32948700019134, 42.93056900004765], [-72.32887000042328, 42.93058299978939], [-72.32848200008577, 42.93059200013847], [-72.3282250001678, 42.93060200023245], [-72.3276689996008, 42.93057299969228], [-72.32690700006779, 42.93051400013875], [-72.32613999961359, 42.930405999672544], [-72.32492500034404, 42.93015500023269], [-72.32397600031497, 42.92985799972357], [-72.3231069997535, 42.929517000296244], [-72.32239399972599, 42.929222999963095], [-72.32173099992717, 42.92890699991954], [-72.32133199971899, 42.92872599982626], [-72.3207330003926, 42.92845400011407], [-72.31855199957892, 42.92747899995536], [-72.31727899968475, 42.926931000275665], [-72.31616300014937, 42.92642899967789], [-72.3149759995706, 42.92586999984032], [-72.31434200008411, 42.92557900000119], [-72.31388799962436, 42.92537000012523], [-72.31327599987915, 42.92509899990064], [-72.31250500012533, 42.92475799978105], [-72.31181200018928, 42.924501999806935], [-72.31086599963493, 42.924221999747736], [-72.31025300006483, 42.92405200005416], [-72.30940000029523, 42.92388199989141], [-72.30858599998535, 42.9237489999168], [-72.30804100018733, 42.92366900008559], [-72.30790100044523, 42.92364900027601], [-72.30785799988921, 42.92364500018177], [-72.30715699955725, 42.923582999674274], [-72.30659400021585, 42.92354499971436], [-72.30622799961965, 42.92351900003986], [-72.3061459996039, 42.9235140000759], [-72.30607000033423, 42.92350900011154], [-72.3052030003209, 42.923448999849704], [-72.30394399977212, 42.923361999925355], [-72.30081300000275, 42.92313400031195], [-72.30053299962027, 42.92311699993187], [-72.30011099984587, 42.923092999813015], [-72.29937799972687, 42.92304899968041], [-72.29809999980982, 42.922974000264034], [-72.29598599984158, 42.922829999734084], [-72.2949930003299, 42.92276299969711], [-72.29193500035544, 42.92253999988375], [-72.29080999970095, 42.922474999945514], [-72.29025900005514, 42.923366999901646], [-72.2901150001151, 42.923637999851756], [-72.28993699983985, 42.92397199995858], [-72.28958899968531, 42.92462899975494], [-72.28942700020193, 42.92493300000683], [-72.28922299998743, 42.925221999941606], [-72.28889699957418, 42.92559199973401], [-72.28876799970277, 42.92573899986133], [-72.28868900006003, 42.925808000256566], [-72.28851599980769, 42.92595799999117], [-72.28800500034482, 42.92640399971937], [-72.28778600006171, 42.92657700025054], [-72.28787200027546, 42.92673300025595], [-72.28788099959795, 42.92676999975653], [-72.28789599966657, 42.92683099988013], [-72.28791800030619, 42.92742699996948], [-72.28794800044342, 42.92825100014827], [-72.28797699985743, 42.9288950000025], [-72.2879829997052, 42.92901199975171], [-72.28802500043632, 42.929826000214454], [-72.2880389997817, 42.930164999739915], [-72.28805899987317, 42.93079500028172], [-72.28804299997967, 42.930989000123866], [-72.28800000032196, 42.93149000000185], [-72.28799299975094, 42.93156699969266], [-72.28785999968156, 42.93247800006272], [-72.28797299965946, 42.93249200002827], [-72.28917799978157, 42.932675000318504], [-72.28938700001896, 42.932707000320605], [-72.29001399983277, 42.93280199985891], [-72.29009800039667, 42.932815000040485], [-72.29061700025542, 42.93289299975696], [-72.29131400038942, 42.932995999956326], [-72.29190199984518, 42.93308300008629], [-72.29257300003991, 42.93318199983523], [-72.29329899958792, 42.93329299980299], [-72.2937610004436, 42.93336299998784], [-72.29418300021798, 42.933426999918176], [-72.2946009997944, 42.933505000174904], [-72.294692000031, 42.93352099996241], [-72.29497700043635, 42.933538000102004], [-72.29623100006398, 42.933612999810755], [-72.29655999995194, 42.93363199997682], [-72.2968319999385, 42.93364799973132], [-72.29744200003385, 42.933683999985824], [-72.29805200012925, 42.93372400031705], [-72.29863000043756, 42.93376199991706], [-72.29952099984199, 42.9338549997566], [-72.2997459999729, 42.933894999976744], [-72.30009099975439, 42.93407300027962], [-72.30029800034194, 42.93418100023483], [-72.3005130004271, 42.934355000312294], [-72.30099999960049, 42.93474799968731], [-72.30164599968087, 42.935338000129974], [-72.30183499982677, 42.9355300001407], [-72.30200499970606, 42.935701000047004], [-72.30209599994267, 42.93579400024673], [-72.30221800014141, 42.93591800029447], [-72.30250900039455, 42.93621299989249], [-72.3029429998645, 42.93661199977122], [-72.30359899999063, 42.93721600031891], [-72.30386000010652, 42.937495000209125], [-72.30419999986515, 42.93776399990572], [-72.3045830001798, 42.93811600017859], [-72.30501699964975, 42.93851599983968], [-72.30558400008742, 42.939031999707524], [-72.30565600005743, 42.939088000167175], [-72.30613499973325, 42.93945699992612], [-72.30662600000291, 42.93983499976012], [-72.30679300040748, 42.939953000022875], [-72.30688700011883, 42.940019999776005], [-72.30742600006909, 42.940351999999656], [-72.30781799970624, 42.940609000102285], [-72.3078849996534, 42.94065399976935], [-72.30838099994594, 42.94090900011121], [-72.30885999962175, 42.94114400000694], [-72.30997400040557, 42.94168799990873], [-72.31050900015786, 42.94196299970183], [-72.31079799986288, 42.94211099977318], [-72.31097399958998, 42.942217999883084], [-72.31107300022248, 42.94227599984649], [-72.31144599959308, 42.94248899975355], [-72.31165700037857, 42.94262600021206], [-72.3117920000978, 42.942714000096146], [-72.31258799996598, 42.94327200008032], [-72.31269300044629, 42.94334799996732], [-72.31348599994145, 42.94391899993365], [-72.3138270004233, 42.944165000225006], [-72.31450600011564, 42.94469200005064], [-72.31462900013929, 42.944787000169384], [-72.31526000015106, 42.94527699973433], [-72.316066000065, 42.945879999953135], [-72.31655499978656, 42.946244999832984], [-72.31718300032357, 42.94671500007567], [-72.31745600013504, 42.94691899981406], [-72.31788299993231, 42.94722799987084], [-72.31827399974456, 42.94748099968382], [-72.31833599966885, 42.94751000015215], [-72.31886499957335, 42.94775900027791], [-72.31899199979496, 42.94780500010373], [-72.31896599985568, 42.94800800005391], [-72.31897900027448, 42.94803700027396], [-72.31899099997005, 42.94806599982275], [-72.3191149998186, 42.94819000014298], [-72.32044200013945, 42.949188999686264], [-72.3204799997743, 42.94921800000744], [-72.321043000014, 42.94964599989328], [-72.32169599976706, 42.950144999695674], [-72.3209729996938, 42.95077300016599], [-72.32071099975298, 42.95100699981456], [-72.32050599971356, 42.95119000031061], [-72.31948999973733, 42.952098000164], [-72.31928700024606, 42.95227599978715], [-72.31914300030601, 42.952404999764845], [-72.3190799996585, 42.9524609998952], [-72.31857699969326, 42.95290400021106], [-72.31841500020987, 42.95304700008195], [-72.3182269998889, 42.95320999969964], [-72.31774400001514, 42.95362499970989], [-72.31735300020287, 42.95396000027518], [-72.31710200013272, 42.95417699994486], [-72.31920199985724, 42.95475700016007], [-72.31940400042193, 42.95482900029054], [-72.32151699966693, 42.95538400024954], [-72.3250009996137, 42.95635399982142], [-72.3287659997679, 42.95735600022259], [-72.3288999996622, 42.95739399970147], [-72.33031999986946, 42.95779299971607], [-72.33159299976364, 42.95815100026061], [-72.33266700036451, 42.95858999992356], [-72.33329599982812, 42.95882699992826], [-72.33355100009626, 42.95893799968313], [-72.33387999998422, 42.959080999996196], [-72.33467699967736, 42.95951399999309], [-72.3357289996386, 42.960240999815355], [-72.33652000038224, 42.960874999949446], [-72.33670100013221, 42.96102000018203], [-72.33676100040665, 42.961067999775686], [-72.33760599978035, 42.96192400004626], [-72.33837099968642, 42.96288199986542], [-72.33900500007123, 42.96382199970406], [-72.3393270002865, 42.96429900013542], [-72.34005600020755, 42.96542300009906], [-72.3411790003139, 42.96716099999135], [-72.34190900005987, 42.968226999814625], [-72.34237799968994, 42.96890200008035], [-72.34269999990521, 42.96938700006546], [-72.34339100019143, 42.97077199978618], [-72.3445920001156, 42.97389000028347], [-72.34527199963283, 42.975410999919475], [-72.34581499978106, 42.97686000015895], [-72.34639599956411, 42.9782120002203], [-72.34684199962794, 42.978866999723145], [-72.34713200005616, 42.979161999854185], [-72.34751100017286, 42.9794739998251], [-72.3476490002651, 42.97956400012914], [-72.34781300029664, 42.97953200016759], [-72.34927799981143, 42.97925000007369], [-72.35072700033102, 42.97895999977016], [-72.35124299981675, 42.97885900013651], [-72.35145200005412, 42.97881900021622], [-72.35215800040895, 42.97868099986426], [-72.35217900032535, 42.978677000059], [-72.35364200019033, 42.978394999987096], [-72.35509199963653, 42.97810500025155], [-72.35512299959866, 42.97809899983015], [-72.3565410001561, 42.97782300018522], [-72.35796100036339, 42.977556000014204], [-72.35939499991605, 42.97727400005899], [-72.36082900036703, 42.97699900030443], [-72.36226299991968, 42.976716999766495], [-72.36324000043615, 42.97653400026375], [-72.36369800019557, 42.97643400024783], [-72.36513199974824, 42.97615199974783], [-72.3665660001992, 42.975869999926275], [-72.36784099974321, 42.97561699983656], [-72.36798600040648, 42.97558800012603], [-72.36943500002776, 42.97531300006129], [-72.37087000030365, 42.97503099967857], [-72.37228899978768, 42.97475599975199], [-72.37373800030728, 42.9744740001013], [-72.37457799965809, 42.97429800032586], [-72.37517299968485, 42.97417600008138], [-72.37639299987558, 42.97393999975118], [-72.37762999978476, 42.97371800027931], [-72.37806400015303, 42.97362900032523], [-72.37822200033678, 42.97359600019874], [-72.37877100033278, 42.9734829998705], [-72.37892699996839, 42.97345100003067], [-72.37905800038794, 42.973424999737716], [-72.38024099987044, 42.973199999928816], [-72.38153600040424, 42.972940000044666], [-72.38272399990962, 42.972711999959564], [-72.38283299968955, 42.97269599984115]]]}}, {"type": "Feature", "properties": {"tract_id": "33005970902", "name": "Tract Census Tract 9709.02", "pct_white_2020": 91.7, "pct_black_2020": 0.0, "pct_hispanic_2020": 6.4, "pct_asian_2020": 0.0, "population_2020": 3246, "is_sample_data": false, "pct_white_1970": 98, "pct_black_1970": 28.5, "pct_hispanic_1970": 1, "pct_asian_1970": 0.6, "pct_white_1990": 95, "pct_black_1990": 27.4, "pct_hispanic_1990": 6.5, "pct_asian_1990": 1.4}, "geometry": {"type": "Polygon", "coordinates": [[[-72.38922599964786, 42.848055999915985], [-72.3882499998546, 42.8480029996837], [-72.38684600043916, 42.84791899995565], [-72.38544200012542, 42.84784999997591], [-72.38403799981168, 42.84776600003979], [-72.38263400039624, 42.847690000155914], [-72.3812300000825, 42.847614000178595], [-72.37982699959367, 42.84753699967285], [-72.37833100011672, 42.84743800001068], [-72.37785400009074, 42.847402999872614], [-72.376850999635, 42.84733099997782], [-72.37537100005157, 42.847231999985496], [-72.37457799965809, 42.8471800001455], [-72.37456199976458, 42.84717899970484], [-72.3739299999279, 42.84715300009732], [-72.37361600010854, 42.84714100007214], [-72.37238000002428, 42.84706400029403], [-72.37112899987142, 42.847010999869234], [-72.36987799971855, 42.846949999796266], [-72.36838300006652, 42.8468740002257], [-72.36688699969125, 42.84680499973733], [-72.36539100021432, 42.84672899998837], [-72.36389599966398, 42.846651999696704], [-72.36240100001194, 42.84658400006926], [-72.36090499963669, 42.846507000255485], [-72.35956700034349, 42.846440000262426], [-72.35939499991605, 42.84643100013988], [-72.3583639998712, 42.8463839999176], [-72.35788400037049, 42.84636199981528], [-72.35638899982015, 42.84628600017992], [-72.3560180000994, 42.84626700009185], [-72.35506400004743, 42.84621899994722], [-72.3548780002746, 42.84620999979242], [-72.35480299993152, 42.846206999740545], [-72.3536120000531, 42.846156000153584], [-72.35232999993808, 42.84610300026701], [-72.35154999996341, 42.84606599977241], [-72.35149999973471, 42.84606400017228], [-72.35131099958882, 42.846054000194705], [-72.3511900001133, 42.84604899987599], [-72.35104799982308, 42.846041999955986], [-72.35008700009844, 42.84599599989761], [-72.34978099977668, 42.84598899997159], [-72.34971999967732, 42.84565299995706], [-72.34951800001096, 42.84459099979685], [-72.34924699984931, 42.8431810001237], [-72.34894700027365, 42.84156900021494], [-72.348860000235, 42.84110400029121], [-72.34879099973972, 42.840732000203765], [-72.34865199982254, 42.839984000302714], [-72.34862400023346, 42.83983300029676], [-72.34773600030375, 42.83495699983692], [-72.34705500006328, 42.831352999708315], [-72.34553500029688, 42.82317499987509], [-72.34537200009028, 42.822323000311435], [-72.34445599967314, 42.81735599982874], [-72.34419499955725, 42.815953000139125], [-72.3436780002466, 42.813167000218506], [-72.34352500008573, 42.81240400024576], [-72.34344399989489, 42.812383999938476], [-72.342044999604, 42.81213000008653], [-72.34064100018857, 42.81189299992212], [-72.33923699987483, 42.811649000305565], [-72.33783299956109, 42.811412999976724], [-72.33673200009434, 42.811219999909675], [-72.33647600000131, 42.81117599970079], [-72.33510199982479, 42.8109319998916], [-72.33386200044089, 42.81071600031604], [-72.3337440004401, 42.810694999749586], [-72.33238600015711, 42.81045899973461], [-72.33102799987411, 42.81021499973288], [-72.32965500042083, 42.80998599991437], [-72.32829600031292, 42.8097490001016], [-72.32692299996131, 42.809504999935044], [-72.32556499967832, 42.809268999992646], [-72.32474100022102, 42.80912399982439], [-72.3241910004001, 42.809032000068605], [-72.32281800004851, 42.80878799970977], [-72.3214449996969, 42.808552000326806], [-72.32072800036973, 42.80844500018149], [-72.32054500007162, 42.80840699979582], [-72.31985200013557, 42.80830800005158], [-72.3196289996545, 42.80827699982615], [-72.3183320003692, 42.808108999673614], [-72.31702000011695, 42.80795699980143], [-72.31572299993333, 42.80778900009788], [-72.31463900018504, 42.8076439997554], [-72.31338800003216, 42.807498999732026], [-72.31213699987929, 42.80734599991157], [-72.31088599972644, 42.80718600000466], [-72.30961899968001, 42.80704100022581], [-72.30896799957678, 42.80694999978198], [-72.30897199977474, 42.80706599980289], [-72.30891200039859, 42.807391999742315], [-72.30890599965248, 42.807539000204244], [-72.30893999998769, 42.80767300011468], [-72.3090820002779, 42.80792399988392], [-72.30925100033231, 42.808104000238764], [-72.30949599965636, 42.80823600007817], [-72.30960399961141, 42.808246000244225], [-72.309666000434, 42.808252000079506], [-72.30974699972653, 42.808228999829126], [-72.30989700041269, 42.8082030003095], [-72.30993599987242, 42.808196000056725], [-72.31015799963029, 42.808201000143185], [-72.31068200041024, 42.80832600019663], [-72.31124300010178, 42.80851600016306], [-72.31178000040224, 42.80873799996034], [-72.31213400040455, 42.80891500003825], [-72.31320599955897, 42.80945099985455], [-72.3133550004202, 42.80962500001837], [-72.31359999974427, 42.81005200016774], [-72.3137439996843, 42.810465999731214], [-72.31387000008101, 42.81089700016415], [-72.31389199982232, 42.811239000229804], [-72.31391799976159, 42.81145600031594], [-72.31388900034759, 42.81159999993161], [-72.31383300027109, 42.81195200028988], [-72.3137920002632, 42.8122680000058], [-72.31375100025532, 42.81252699968675], [-72.31370699987438, 42.81276499973747], [-72.31346699967487, 42.81294299983025], [-72.31316100025144, 42.81311199970704], [-72.31272699988317, 42.81324899974006], [-72.31250199975227, 42.813284000113455], [-72.31229900026099, 42.81329000011903], [-72.31221200022237, 42.81331499980634], [-72.31206400008436, 42.8134380000715], [-72.31159200008126, 42.81378999985349], [-72.31113500014676, 42.8141489998477], [-72.31066499979347, 42.814676000298846], [-72.31050699960973, 42.81493400013514], [-72.31048800024146, 42.815265999934496], [-72.31055799966337, 42.81586899967192], [-72.31088800027456, 42.81693099991093], [-72.31116199991094, 42.81763199975828], [-72.31142800004972, 42.8182779996954], [-72.31146400003473, 42.81840299980972], [-72.31163899993692, 42.81902300001533], [-72.31183099955754, 42.82010300012936], [-72.31202999974916, 42.82077699988353], [-72.31204999984067, 42.8211950002826], [-72.31205400003861, 42.821289000137604], [-72.31208300035092, 42.82155199972266], [-72.31200700018294, 42.821781999735514], [-72.31154600005051, 42.822708999724846], [-72.31145200033917, 42.82323400002112], [-72.3114129999811, 42.8238169998998], [-72.31129499998035, 42.825588999882875], [-72.31125700034549, 42.826020999798544], [-72.31119399969799, 42.82672499970769], [-72.31101299994803, 42.8280930001799], [-72.31088900009946, 42.82917700026541], [-72.31093199975719, 42.82959700000227], [-72.3110179999709, 42.82984899979215], [-72.31107099967434, 42.829943000323816], [-72.31118500037547, 42.83014399973351], [-72.3114330000726, 42.830580000300095], [-72.31145700036204, 42.83061299998663], [-72.31201999970342, 42.83138600029968], [-72.31252799969154, 42.832063999685865], [-72.31307099983977, 42.83283000019774], [-72.3133550004202, 42.83329799982527], [-72.31343700043597, 42.833348000139004], [-72.31313600013708, 42.83352100025356], [-72.31249099988163, 42.833836999757196], [-72.3122010003517, 42.83402399975109], [-72.31180799999132, 42.8342949997596], [-72.31141800000398, 42.834631000281085], [-72.31092099988652, 42.835116999697], [-72.30972599981014, 42.83584799981975], [-72.3086320000161, 42.83613699968917], [-72.30811599963207, 42.83585800013184], [-72.30779599996492, 42.83559000029881], [-72.30779000011715, 42.83543100031802], [-72.30740099995472, 42.83519599982513], [-72.30582599993674, 42.834469999833715], [-72.30562900029325, 42.8344330002772], [-72.30545699986581, 42.83449400019294], [-72.30531200010086, 42.834609999931416], [-72.30483000005201, 42.83516899980942], [-72.30464299955594, 42.835385000263834], [-72.30432899973658, 42.835787999889405], [-72.30432500043693, 42.836281999755], [-72.30435899987383, 42.83670900027586], [-72.30448000024764, 42.8374549997625], [-72.30452499955517, 42.83772899968073], [-72.30457099958592, 42.83838099995711], [-72.3050330004416, 42.83975300026619], [-72.30523400028306, 42.840130999696655], [-72.30523500010797, 42.84052100010421], [-72.3052440003288, 42.84086000001914], [-72.30536499980431, 42.8414569998648], [-72.30554899992731, 42.84170400002597], [-72.30557099966862, 42.84173499996046], [-72.30575599961655, 42.84209100013284], [-72.30576800021042, 42.84222500025839], [-72.30568100017179, 42.84245700013267], [-72.30567500032402, 42.842605000085705], [-72.30570100026328, 42.84267499985094], [-72.30587500034055, 42.842883000285056], [-72.30611899983971, 42.84309199986712], [-72.30626600015282, 42.843238999770435], [-72.30644000023008, 42.843707000265304], [-72.3065110003752, 42.84412099974908], [-72.30646699999427, 42.844449000265904], [-72.30643600003212, 42.84461299987123], [-72.3063010003129, 42.84501400027341], [-72.30628899971903, 42.84516100021397], [-72.30641500011572, 42.845505999869964], [-72.30640099987201, 42.84568399988594], [-72.30629200009207, 42.846166999913116], [-72.30629899976476, 42.846406000012095], [-72.30628500041938, 42.846591999719394], [-72.30618300031213, 42.84691899984407], [-72.30616300022065, 42.847095999956856], [-72.30626299977975, 42.847523999945814], [-72.30633300009997, 42.84792400012299], [-72.30629000044226, 42.84824900025313], [-72.3062179995739, 42.84867200004998], [-72.30618300031213, 42.84925900002757], [-72.30617699956603, 42.84935200026605], [-72.3060889997025, 42.84961899993897], [-72.3058500002262, 42.85009000004095], [-72.30570399973801, 42.85027299999682], [-72.30553200020887, 42.85048599983487], [-72.30520999999361, 42.850947999788204], [-72.30493999965687, 42.85136999982751], [-72.30465500014982, 42.85167500015671], [-72.30428899955362, 42.85197499979932], [-72.30402400013806, 42.8520899999455], [-72.30392899970349, 42.852116000109206], [-72.30360099964045, 42.852206000236755], [-72.30309900039843, 42.85222400011486], [-72.302858000374, 42.85221399981738], [-72.3025410001816, 42.85218499993334], [-72.30219300002705, 42.85214299996367], [-72.3021479998212, 42.852178000050145], [-72.3021129996611, 42.852228000233396], [-72.30206499998054, 42.8522969999324], [-72.30201099955386, 42.85276399994443], [-72.3019439996067, 42.85318400005992], [-72.30199300001051, 42.853960999888955], [-72.30203200036857, 42.85437800011155], [-72.30225499995133, 42.85460799980176], [-72.30250600002151, 42.85483900026901], [-72.30267699972572, 42.8549479997789], [-72.30274799987083, 42.85502000001423], [-72.30281900001594, 42.85513600007047], [-72.30343699960892, 42.856052000308985], [-72.30377200024297, 42.856353999688245], [-72.30406500014594, 42.85673999992381], [-72.30420599971293, 42.85688999980795], [-72.30464299955594, 42.85707100012685], [-72.3047510004093, 42.857121000299706], [-72.3049699997941, 42.857953999765385], [-72.30526900044315, 42.85832199980599], [-72.30590299992964, 42.85880999972677], [-72.30648899973556, 42.85911200010456], [-72.30716400012827, 42.85911700002421], [-72.30961100018241, 42.85791800005164], [-72.30982700009247, 42.85790199973315], [-72.31001700006328, 42.857914999909916], [-72.31014099991185, 42.85791100015973], [-72.31016299965314, 42.857991999989224], [-72.31031400016421, 42.858359000202285], [-72.31065200027301, 42.85893800027657], [-72.31082999964991, 42.859176999687435], [-72.31088099970354, 42.85933899986961], [-72.31091199966568, 42.85946200008992], [-72.31079600021306, 42.859950999795046], [-72.3107140001973, 42.86034499977813], [-72.31075500020518, 42.86074600011064], [-72.31088200042679, 42.86115999996621], [-72.31094900037394, 42.86144499977565], [-72.31087800022881, 42.861908000256385], [-72.31068499988496, 42.86201099991394], [-72.31047399999777, 42.862198000233924], [-72.31030900014133, 42.86248200032672], [-72.3101169996224, 42.863066000186706], [-72.3099269996516, 42.863585000306976], [-72.30980600017608, 42.86403100032717], [-72.30957799967214, 42.86459699980311], [-72.30957699984722, 42.86494899994748], [-72.30964299996947, 42.86528199989567], [-72.30973300038114, 42.86536400007792], [-72.31005499969812, 42.865466999895496], [-72.31034599995127, 42.86547499973348], [-72.3106940001058, 42.86542800017653], [-72.31123499970587, 42.86532400014713], [-72.31215000029808, 42.865164000164995], [-72.31252100001883, 42.865099000300695], [-72.3129829999762, 42.86503899980808], [-72.31320599955897, 42.86503200006503], [-72.31341300014653, 42.865111000128834], [-72.31375399973007, 42.86530100006002], [-72.31398800008179, 42.865498999899735], [-72.31445599988693, 42.86589199989509], [-72.31454799994843, 42.86597000003887], [-72.31532899974803, 42.86662500022774], [-72.31587199989625, 42.86708099987957], [-72.31651799997661, 42.86761299993438], [-72.3171220002242, 42.868059999925755], [-72.31766899967207, 42.86842899974206], [-72.31833900004189, 42.8688929999469], [-72.31872999985413, 42.8691550003011], [-72.31880900039516, 42.86920800015708], [-72.31918900033676, 42.86938999999936], [-72.31960400043846, 42.86951700026237], [-72.32044299996437, 42.86966700004974], [-72.32080199998956, 42.86972499984348], [-72.32099899963305, 42.869766000289104], [-72.32223100041767, 42.87001900025256], [-72.32208800030254, 42.87029800024596], [-72.32164899991142, 42.87092899991662], [-72.32145100044299, 42.871142000268904], [-72.32133000006918, 42.87125999976437], [-72.32096699984602, 42.87158600024423], [-72.32084800002032, 42.87169199968601], [-72.32053400020096, 42.87194599969439], [-72.3202060001379, 42.87203399981118], [-72.31969399995182, 42.872206000185855], [-72.31877400023507, 42.87254099988789], [-72.31872999985413, 42.872554000274015], [-72.31838699972245, 42.872650999776745], [-72.31817400018545, 42.872696999731964], [-72.31797800036685, 42.87273900020497], [-72.31744100006642, 42.87290299974055], [-72.31723000017924, 42.873027999973075], [-72.31699900020057, 42.873184999922216], [-72.31678800031338, 42.873377000050894], [-72.31660599984016, 42.873583999777686], [-72.3164040001738, 42.8738850002947], [-72.31637400003657, 42.87392999998121], [-72.31600699961547, 42.87436800030691], [-72.31570399966675, 42.874697000154434], [-72.31536700028119, 42.87499199991089], [-72.31487099998863, 42.87535699982245], [-72.31479499982063, 42.87541000027764], [-72.31441900007702, 42.875672999937564], [-72.3139320000053, 42.87597800003691], [-72.31376700014884, 42.876072000165095], [-72.31361900001085, 42.87613900026713], [-72.31342099964412, 42.87616700012116], [-72.31323900006925, 42.87621599999976], [-72.31282300014264, 42.876357000252845], [-72.31250400030041, 42.87647600027645], [-72.31120999959153, 42.87679799969309], [-72.31077299974851, 42.876876999839176], [-72.31029099969966, 42.876905999975726], [-72.30971300028968, 42.87691700018289], [-72.30945999967136, 42.876939999891505], [-72.30909499979838, 42.876973999788504], [-72.30863100019118, 42.87704600001202], [-72.30797400024018, 42.87716000024895], [-72.3072300002505, 42.87733100020941], [-72.30706399967082, 42.8773959997005], [-72.30699699972368, 42.87742199974112], [-72.30666299981283, 42.87760299977076], [-72.30625699993197, 42.87784699971231], [-72.30558400008742, 42.87830399999641], [-72.30499099971048, 42.87864599968581], [-72.30458700037777, 42.87883600008389], [-72.30374600030372, 42.87908500003507], [-72.30324300033847, 42.879233999686605], [-72.30249000012796, 42.87945700017609], [-72.30229199976125, 42.879514999985325], [-72.30186400013909, 42.87961500014134], [-72.3012540000437, 42.87971300030809], [-72.30074299968254, 42.879762999916764], [-72.2999359999437, 42.879811000319236], [-72.2992110002206, 42.87979999996975], [-72.29851099971356, 42.879770999876726], [-72.29790499981614, 42.879739000030696], [-72.29770899999757, 42.879742999683195], [-72.29744500040691, 42.879827000225674], [-72.29706799994005, 42.87996499974009], [-72.29686500044878, 42.88009499968725], [-72.29669499967115, 42.880204999934996], [-72.2956989997864, 42.88108099989898], [-72.29544100004354, 42.88136900020926], [-72.29478300026761, 42.88235999982065], [-72.29464600000024, 42.88258199967676], [-72.29452799999947, 42.88267800000756], [-72.29425600001292, 42.88284799995263], [-72.29341400011394, 42.88272100013473], [-72.29321599974725, 42.882696000217514], [-72.29287000014081, 42.88265399993886], [-72.29273600024652, 42.88264300009625], [-72.29227099991611, 42.88260800016509], [-72.29194500040118, 42.88255699970322], [-72.29172500029317, 42.88246199971139], [-72.29128300042728, 42.88221499996961], [-72.2897219997547, 42.881275000251215], [-72.28950500001973, 42.88111400025644], [-72.28938899966879, 42.88100899977591], [-72.28930599982809, 42.880933999887475], [-72.28892900025956, 42.880594000171484], [-72.28874799961126, 42.880419999673386], [-72.28841299987552, 42.88009600025293], [-72.28824600036924, 42.87994099993259], [-72.28707700023216, 42.87885599995317], [-72.2859130001179, 42.877794000033695], [-72.28577599985056, 42.87849899979748], [-72.28571099955325, 42.878732000264165], [-72.28539199971101, 42.88010799979856], [-72.2850460001046, 42.88168900000126], [-72.28486199998157, 42.88250300025243], [-72.28465100009439, 42.883436000061174], [-72.28458900017009, 42.88377999996217], [-72.28453800011648, 42.8840690000228], [-72.28439500000135, 42.88486699989696], [-72.28435499981838, 42.88506599998468], [-72.28433999974976, 42.88531399998283], [-72.28434700032078, 42.885483000084434], [-72.28444199985701, 42.88550000031441], [-72.28458999999502, 42.88555100031799], [-72.2853979995588, 42.88580700017645], [-72.28659400035839, 42.88615599972481], [-72.28665600028266, 42.8861840002989], [-72.28681000026845, 42.886254000033134], [-72.28705700014065, 42.886464000075534], [-72.28720899957833, 42.88664199984632], [-72.28746300002153, 42.886890000090574], [-72.28764100029676, 42.88700499970623], [-72.28768200030463, 42.887017999677894], [-72.2874119999679, 42.88738000016861], [-72.28702100015563, 42.888051999738195], [-72.28682299978894, 42.888534000319424], [-72.28678400032919, 42.88874500026526], [-72.28679699984966, 42.888967999944384], [-72.28680100004762, 42.889047000304345], [-72.28706100033861, 42.88958399998637], [-72.28714199963116, 42.88997199991501], [-72.28724000043876, 42.89036700019682], [-72.28708999975262, 42.89060400020472], [-72.28672900007759, 42.89098199969905], [-72.28483600004232, 42.89240600028099], [-72.28477800031598, 42.89245499976762], [-72.28461099991141, 42.89259599976558], [-72.28449100026081, 42.89273399967551], [-72.28429899974189, 42.89303300017603], [-72.28383699978453, 42.89398099983416], [-72.28375999979161, 42.894254999714306], [-72.28368199997382, 42.894826000051324], [-72.28357200036896, 42.895369000025696], [-72.28353399983581, 42.8955920001052], [-72.28352499961497, 42.895799000327855], [-72.28367000027825, 42.89602400012514], [-72.28377099966227, 42.89612500015028], [-72.28419300033498, 42.89654300015053], [-72.28432499968113, 42.896785999912595], [-72.28448700006285, 42.89709899996345], [-72.28460800043668, 42.89750100001718], [-72.28468000040671, 42.89809900006758], [-72.28477900014092, 42.89842799972307], [-72.28504799975443, 42.898910999761426], [-72.28534200038061, 42.899353000121636], [-72.28559900029855, 42.899642999854414], [-72.28586500043733, 42.899985999940235], [-72.28612700037816, 42.90033700001723], [-72.28677299956021, 42.901763999751296], [-72.28726499965481, 42.902746999794445], [-72.28766200021316, 42.903735999734266], [-72.28797500020761, 42.90440900024116], [-72.28822000042999, 42.905229999849595], [-72.28854000009711, 42.90646599977961], [-72.2885519997927, 42.90651200018451], [-72.28857600008213, 42.906603000097675], [-72.28872599986997, 42.90726299992323], [-72.28875000015941, 42.90732699999307], [-72.28884999971851, 42.907593000146925], [-72.28899200000875, 42.9078900000879], [-72.28914699981944, 42.908166000232335], [-72.28935799970662, 42.90848599983491], [-72.29036700001016, 42.90974199999947], [-72.29077799991391, 42.910309000051065], [-72.29111099999984, 42.910722000265594], [-72.29132199988703, 42.910921999895855], [-72.29272700002569, 42.910921999895855], [-72.29420699960912, 42.91091400002834], [-72.29448100014382, 42.9109180002912], [-72.2947260003662, 42.910921999895855], [-72.29487799980384, 42.91091999976461], [-72.29570299998436, 42.91091400002834], [-72.2964389995781, 42.91090999976528], [-72.29718299956778, 42.91090600015985], [-72.29730499976652, 42.91090500009396], [-72.2986630000495, 42.91089099982789], [-72.30015799970154, 42.91088299995636], [-72.3016540000768, 42.910876000150225], [-72.30275200006878, 42.910869999751775], [-72.30314899972882, 42.91086800027674], [-72.30464400027917, 42.91086099981091], [-72.3061249996875, 42.91086099981091], [-72.30762000023783, 42.91085299993554], [-72.30893999998769, 42.91085299993554], [-72.30909999982126, 42.91085299993554], [-72.30919199988277, 42.910845000059126], [-72.31056500023438, 42.91085299993554], [-72.31204499981777, 42.910845000059126], [-72.31354100019303, 42.910845000059126], [-72.31502099977645, 42.910845000059126], [-72.31650100025819, 42.910845000059126], [-72.31798099984161, 42.91085299993554], [-72.31837800039995, 42.91085099980205], [-72.3194310001861, 42.910845000059126], [-72.32086499973875, 42.91083800024862], [-72.32104700021196, 42.91083800024862], [-72.32114000009838, 42.91083800024862], [-72.32231500008326, 42.91083800024862], [-72.32374899963594, 42.91083800024862], [-72.32519899998043, 42.91082999971226], [-72.3266479996017, 42.91082999971226], [-72.3280979999462, 42.91082999971226], [-72.32918099986959, 42.91081900028904], [-72.32953200039718, 42.91081500001976], [-72.33098199984336, 42.91082199983287], [-72.33244700025648, 42.91081500001976], [-72.33252199970123, 42.91081399995243], [-72.33391199977127, 42.91081500001976], [-72.33539200025301, 42.91080700013841], [-72.33685699976782, 42.9108000003236], [-72.33832200018094, 42.9108000003236], [-72.33980199976436, 42.91079199978236], [-72.34126700017745, 42.91079199978236], [-72.34273199969226, 42.91078399989798], [-72.34305300008263, 42.910782999830154], [-72.34335000018353, 42.91077900021648], [-72.34353900032943, 42.91078000028437], [-72.34457500039716, 42.910773999876575], [-72.34472000016213, 42.91077299980859], [-72.34483499978984, 42.91077199974054], [-72.34556799990884, 42.91076599998991], [-72.34559999969589, 42.91076900019427], [-72.34659200028099, 42.910761000306906], [-72.34665400020529, 42.91067699978231], [-72.34675999961216, 42.91053300012053], [-72.34765199973985, 42.90917199971369], [-72.34822500002528, 42.90829700007102], [-72.34970499960869, 42.90608500001267], [-72.35118500009044, 42.90384899982129], [-72.35264999960523, 42.901629000298634], [-72.35413000008695, 42.89940099975858], [-72.35561100039361, 42.89716600026406], [-72.35709099997702, 42.89493100004835], [-72.35849399956753, 42.89281699994], [-72.35991700014786, 42.89068400017951], [-72.36011100031662, 42.890393000036624], [-72.36131800008856, 42.888560000273756], [-72.3627209996791, 42.886431999751665], [-72.36414000006144, 42.88430299969951], [-72.36555900044381, 42.882173999895485], [-72.36696299985924, 42.880046000255824], [-72.368367000173, 42.87791699969016], [-72.36978599965703, 42.875789000032135], [-72.36983199968778, 42.87575100022945], [-72.37025799966013, 42.87506599979152], [-72.371508999813, 42.87330000006761], [-72.37372900008644, 42.87016700000022], [-72.37381199992714, 42.87004999980203], [-72.37456199976458, 42.86899100002361], [-72.37457799965809, 42.8689729997659], [-72.37471499992546, 42.86880000016689], [-72.37547800018169, 42.86769400020391], [-72.37656100010507, 42.86613800031781], [-72.37765999992197, 42.864574000103524], [-72.37888099993764, 42.86282599983951], [-72.37902200040293, 42.862622000160684], [-72.38010100012836, 42.861087000089924], [-72.38133700021262, 42.8593400001133], [-72.3822589995792, 42.85801700003711], [-72.3824970001289, 42.85767600022387], [-72.38251999969512, 42.85764499972842], [-72.382680000427, 42.85742500026854], [-72.38402299974307, 42.85551000030081], [-72.38440400040788, 42.8549560003214], [-72.38512199955997, 42.85391400012791], [-72.38528899996454, 42.85367399976763], [-72.38700200007479, 42.85121800027357], [-72.38922599964786, 42.848055999915985]]]}}, {"type": "Feature", "properties": {"tract_id": "33005970401", "name": "Tract Census Tract 9704.01", "pct_white_2020": 92.8, "pct_black_2020": 0.9, "pct_hispanic_2020": 1.7, "pct_asian_2020": 1.4, "population_2020": 2688, "is_sample_data": false, "pct_white_1970": 98, "pct_black_1970": 1.6, "pct_hispanic_1970": 3.0, "pct_asian_1970": 1.4, "pct_white_1990": 95, "pct_black_1990": 1, "pct_hispanic_1990": 1.3, "pct_asian_1990": 1.1}, "geometry": {"type": "Polygon", "coordinates": [[[-72.16783100022437, 42.9554690003047], [-72.16779299969122, 42.955468000304755], [-72.16310000032267, 42.95532500014222], [-72.16082599962257, 42.9552559999449], [-72.16090199979055, 42.95329900026868], [-72.1609479998213, 42.95211200027121], [-72.16113199994432, 42.94737400017314], [-72.16108000006578, 42.94709599981296], [-72.16101700031659, 42.9467589997412], [-72.1585970000266, 42.93370199977636], [-72.15858399960781, 42.933631000279746], [-72.15820600021436, 42.9317969997762], [-72.15812599984842, 42.93140600010977], [-72.15772199961737, 42.929470999960884], [-72.15764799999754, 42.92911600029227], [-72.15653199956385, 42.92377000020887], [-72.15648300005839, 42.92353999975251], [-72.15635400018695, 42.92291199973907], [-72.15627800001897, 42.92255500001156], [-72.15626299995037, 42.92248799967552], [-72.1558799996357, 42.92072299975066], [-72.15527700011135, 42.91795500016212], [-72.15521600001199, 42.917673000039905], [-72.15506299985113, 42.91697199987881], [-72.15503400043711, 42.916839000118486], [-72.15496800031487, 42.91653300010925], [-72.1531260003332, 42.908060999743725], [-72.15196700024183, 42.90274799999265], [-72.15127500013071, 42.89957199993018], [-72.15039200022387, 42.89551399988872], [-72.1501260000851, 42.89429400030203], [-72.14816100007978, 42.88529500005538], [-72.14174899985488, 42.88500899995573], [-72.14063900016733, 42.88495899999082], [-72.13899800002713, 42.876044000267974], [-72.13897799993563, 42.87593799974284], [-72.13896700006498, 42.87587999986285], [-72.13896299986703, 42.87585699975915], [-72.13891500018644, 42.875578999859925], [-72.1381660001739, 42.87164500025409], [-72.13814600008243, 42.871512000140996], [-72.1380730002875, 42.87113499990121], [-72.13761700017791, 42.86878500012553], [-72.13073600032298, 42.86861599971492], [-72.12456900032048, 42.868463999815276], [-72.1245550000768, 42.868463999815276], [-72.12396000005002, 42.868441000239685], [-72.10089299999727, 42.867382999963404], [-72.09248099960699, 42.866997999883274], [-72.0912139995606, 42.86694000016072], [-72.08965699998429, 42.866867999997986], [-72.08953599961045, 42.86686199992574], [-72.08675299999564, 42.866769999842674], [-72.0798649995697, 42.86654100014977], [-72.07797099970949, 42.86647699988816], [-72.07675499971671, 42.86643599989147], [-72.074035999676, 42.86634499996214], [-72.07170099977483, 42.86626500002922], [-72.07154900033717, 42.866260000029946], [-72.06457499969751, 42.86602199986054], [-72.06171799956452, 42.86592399967901], [-72.06160200011189, 42.86592499981602], [-72.05939899955688, 42.86598100022008], [-72.05785399967615, 42.866019000112594], [-72.05699099986079, 42.866040000320375], [-72.05550700007942, 42.866077000042075], [-72.05536300013937, 42.86607599990753], [-72.05121499967055, 42.86605300010059], [-72.05104599961615, 42.86605199996565], [-72.05087599973685, 42.86605199996565], [-72.04424900032511, 42.86601599970607], [-72.04406299965396, 42.86601599970607], [-72.0345399997512, 42.86584700027376], [-72.03387299975442, 42.86583499993026], [-72.03330299984202, 42.86582499986171], [-72.02677299961637, 42.865710000273594], [-72.02320199963096, 42.865645999808905], [-72.02017600034188, 42.86559300018656], [-72.01735400036898, 42.86554399977474], [-72.00922900003388, 42.86540000005923], [-72.00590499992066, 42.86534100000565], [-72.00570099970616, 42.86533700007808], [-71.99931600014378, 42.865204000199405], [-71.99827000003032, 42.8651919997309], [-71.99700299998392, 42.86518399985625], [-71.99573699976244, 42.8651759999805], [-71.99475699977121, 42.86515900007656], [-71.99447100043926, 42.86515299983825], [-71.9906860001936, 42.86511500007104], [-71.99150999965089, 42.86884599970038], [-71.99230899989215, 42.8724840001377], [-71.99233400000651, 42.87258399983787], [-71.99276099980378, 42.87448400022123], [-71.99286799993389, 42.874918999932866], [-71.99286799993389, 42.8750639998137], [-71.99390599965142, 42.879639999990424], [-71.99466200023498, 42.8829629998628], [-71.99500399964343, 42.88448600027965], [-71.99502399973491, 42.88454799996822], [-71.99538600013317, 42.88698899968669], [-71.99576799972458, 42.88927699983476], [-71.99581399975534, 42.889517999758986], [-71.99610300035864, 42.89103999986221], [-71.99649699964563, 42.89304000003394], [-71.9965300001559, 42.89325200005436], [-71.99707499995395, 42.89641600022972], [-71.99761899992706, 42.89943900013016], [-71.99844199955945, 42.90412299994081], [-71.99941200040325, 42.90964799985591], [-71.99942999994659, 42.90974699976513], [-71.99953700007671, 42.910158999719755], [-71.99954799994737, 42.910269999723695], [-71.99987199981247, 42.91365300014613], [-71.99990000029987, 42.91378500018453], [-72.00013299992838, 42.91489900027163], [-72.00074200019884, 42.91778800014291], [-72.0009449996901, 42.918501000201594], [-72.00121500002685, 42.919443000136916], [-72.00302100002351, 42.928049999746534], [-72.0031480002451, 42.9286699998096], [-72.00347299993513, 42.93022400028545], [-72.00364500036257, 42.93108299994287], [-72.00383100013542, 42.931997000065735], [-72.00619000032601, 42.94378899973549], [-72.0111799997955, 42.943812999681434], [-72.01262900031507, 42.94381900015967], [-72.0128009998442, 42.94382099988054], [-72.01651499994477, 42.94388200021373], [-72.0223189997241, 42.94397899998305], [-72.03212700003222, 42.944137999864154], [-72.03223699963708, 42.94414000023222], [-72.03433800008483, 42.944182000056436], [-72.03742199999853, 42.944243000031925], [-72.03748599957264, 42.944245999921385], [-72.0390389998493, 42.944274999941], [-72.04880799979937, 42.94446799988241], [-72.062222000253, 42.9447959997577], [-72.06221999970487, 42.94483600010411], [-72.06144700030119, 42.96172600012706], [-72.06131500005671, 42.964410999733595], [-72.06124599956142, 42.965806000039684], [-72.07213400031819, 42.9664069999763], [-72.07267099972032, 42.966435000250186], [-72.07480099958205, 42.966552000317726], [-72.0776600002632, 42.966705999988704], [-72.08466099976872, 42.96709299973098], [-72.08498800000686, 42.967111000271245], [-72.08494299980103, 42.96774499994422], [-72.10269399997107, 42.968207000015134], [-72.10782499990583, 42.96833999994002], [-72.10887699986708, 42.968367000201056], [-72.11190399987937, 42.96844200020657], [-72.1144680001094, 42.9685059998234], [-72.12333700043418, 42.96872999993004], [-72.12348499967386, 42.96873599995102], [-72.12450700039619, 42.96875799980385], [-72.12455599990169, 42.968759000245136], [-72.12457000014538, 42.968759000245136], [-72.13180400017774, 42.96885799981249], [-72.13747999991057, 42.968935000096195], [-72.13740299991767, 42.968653000047034], [-72.13726599965031, 42.9684240000558], [-72.1369760001204, 42.96817999968387], [-72.13682399978445, 42.96798099972536], [-72.13661000042251, 42.967751999861655], [-72.13641200005578, 42.96762800017382], [-72.13631999999429, 42.96756899997485], [-72.1362439998263, 42.96737099981815], [-72.1362439998263, 42.96716499988835], [-72.13628300018436, 42.967040999674545], [-72.13628999985706, 42.967019999677184], [-72.13635099995642, 42.96679900002163], [-72.1363350000629, 42.966561999830006], [-72.13636600002503, 42.966310000055756], [-72.13638100009365, 42.96595200031267], [-72.13627399996352, 42.96560800012438], [-72.13621299986417, 42.96528000006426], [-72.13619500032082, 42.96513500001134], [-72.13618299972693, 42.96503599971086], [-72.13619799979554, 42.96477700000375], [-72.13630499992567, 42.96461699968297], [-72.13632599984207, 42.96455399981634], [-72.13638100009365, 42.96438799978582], [-72.13642700012441, 42.96402199983082], [-72.13642700012441, 42.96359400000237], [-72.13642200010152, 42.96354099974885], [-72.13636600002503, 42.9629920003158], [-72.13631999999429, 42.962641000169256], [-72.13641200005578, 42.96246500005931], [-72.1364470002159, 42.96240600016749], [-72.13658000028529, 42.96217500014691], [-72.13665599955495, 42.96184700018992], [-72.1368079998909, 42.96164900002287], [-72.13683899985305, 42.96144299999616], [-72.13689999995243, 42.96123699993707], [-72.14422500022137, 42.96158599974643], [-72.14728400002072, 42.961733999970136], [-72.14762999962711, 42.96174899975528], [-72.14967400017346, 42.96184800008625], [-72.15141499987278, 42.96193000007373], [-72.15465799979516, 42.96208500003216], [-72.15673400012855, 42.9621829999316], [-72.15961999967554, 42.962319000056645], [-72.16726600033483, 42.96268600016513], [-72.16727600038061, 42.962562000126184], [-72.16747999969678, 42.95995299979278], [-72.16783100022437, 42.9554690003047]]]}}, {"type": "Feature", "properties": {"tract_id": "33005970402", "name": "Tract Census Tract 9704.02", "pct_white_2020": 94.7, "pct_black_2020": 0.0, "pct_hispanic_2020": 1.0, "pct_asian_2020": 1.2, "population_2020": 2731, "is_sample_data": false, "pct_white_1970": 98, "pct_black_1970": 27.4, "pct_hispanic_1970": 1.1, "pct_asian_1970": 0.1, "pct_white_1990": 95, "pct_black_1990": 27.2, "pct_hispanic_1990": 2.5, "pct_asian_1990": 0}, "geometry": {"type": "Polygon", "coordinates": [[[-72.25938600040783, 43.04653299982056], [-72.25956899980763, 43.04653999995628], [-72.25738000039463, 43.03639700012059], [-72.2570189998213, 43.03472399995201], [-72.25659399967384, 43.03277699983555], [-72.25592099982929, 43.02962599971788], [-72.25546399989481, 43.027481999928455], [-72.25450499981997, 43.0230460002286], [-72.25355699961581, 43.018586000167446], [-72.25231999970666, 43.01282000008978], [-72.25230600036126, 43.01275699968869], [-72.2515280000364, 43.00918700011823], [-72.25050500038749, 43.00450300013634], [-72.24991700003342, 43.001746999739794], [-72.24984000004054, 43.00138399980056], [-72.24981300027636, 43.00125699986923], [-72.24978300013912, 43.00111899995657], [-72.2496690003363, 43.000581000079556], [-72.24961999993249, 43.00035200007758], [-72.24957399990174, 43.00013000005271], [-72.24955499963517, 43.000101000079006], [-72.24950699995459, 43.000032000177136], [-72.24939099960365, 42.999455000287995], [-72.24898399989787, 42.99743099983897], [-72.24837899982538, 42.99441299976015], [-72.24549999995106, 42.98006599993417], [-72.24400600012396, 42.97962699973785], [-72.24376000007665, 42.97955400010186], [-72.24339400037877, 42.97944600022943], [-72.24251899996953, 42.979190999850836], [-72.23681499974931, 42.97751500026184], [-72.23662399995361, 42.97745899993079], [-72.22109399988192, 42.97291000001258], [-72.21705699974117, 42.97172699998549], [-72.21707799965758, 42.97145199974486], [-72.21711000034294, 42.97110899982483], [-72.21711700001562, 42.97095599975138], [-72.21755999970641, 42.97078100017594], [-72.21785000013465, 42.97057499983483], [-72.21813999966456, 42.97044500006855], [-72.21844500016138, 42.97028500002958], [-72.21884199982144, 42.9700329997322], [-72.2189949999823, 42.969920999852874], [-72.21910100028751, 42.96984299972256], [-72.21931499964946, 42.96968300008949], [-72.21942199977957, 42.969483999735026], [-72.21960500007766, 42.96940799991205], [-72.21995599970694, 42.96933899973195], [-72.2203680003339, 42.96929300022616], [-72.22070399989458, 42.969194000044325], [-72.22114599976045, 42.969094999703096], [-72.22154300031882, 42.96911000032276], [-72.22180199988657, 42.969079999737104], [-72.22216900030769, 42.969087000159895], [-72.22239000024064, 42.96911799986298], [-72.22250400004344, 42.9691329998197], [-72.2230299995749, 42.96917999987959], [-72.22336100001101, 42.969132000041824], [-72.22382899981616, 42.96902700026613], [-72.22441100032245, 42.968872999832676], [-72.22474199986023, 42.968704000270584], [-72.2249589995952, 42.96851000029027], [-72.22558899978205, 42.968130000134714], [-72.22597600029468, 42.96800999973625], [-72.22616999956512, 42.96792100006737], [-72.22652500029066, 42.96754999976502], [-72.22740499982446, 42.96696900002939], [-72.22753000039623, 42.96689100009965], [-72.22783300034496, 42.966702000061915], [-72.2281189996769, 42.96655099984054], [-72.22899400008613, 42.96650500022184], [-72.22970100026586, 42.96657100017847], [-72.2300689996136, 42.96661900004266], [-72.23038300033126, 42.96661500011021], [-72.23058099979967, 42.96658299998368], [-72.2307590000749, 42.9664980001625], [-72.23095200041875, 42.9664620000327], [-72.23106899969629, 42.96649000028155], [-72.23135999994945, 42.96648599968335], [-72.23160199979877, 42.9664620000327], [-72.23189700024987, 42.96648599968335], [-72.23219500017571, 42.96642599988182], [-72.23228200021433, 42.96625199973204], [-72.23276900028605, 42.965891000159694], [-72.23174200043917, 42.96535400005025], [-72.23103400043452, 42.96507399970558], [-72.23113700036669, 42.96498899977137], [-72.23190399992255, 42.96435000002468], [-72.2319199998161, 42.96425200029025], [-72.23203899964177, 42.963523000136085], [-72.2319199998161, 42.96355400001372], [-72.22919499992759, 42.964190999766295], [-72.22816399988274, 42.96439900016206], [-72.22813100027078, 42.96228900010323], [-72.22813100027078, 42.96217400025589], [-72.22873999964291, 42.96215399980322], [-72.22865599997732, 42.9592550000484], [-72.23161199984452, 42.958936999739564], [-72.23103600008433, 42.95693499987561], [-72.23099400025154, 42.95671700008975], [-72.22987600016806, 42.95520899976623], [-72.22980900022091, 42.95502900006484], [-72.23094499984774, 42.953964999739874], [-72.23180400036345, 42.95239700002383], [-72.23229200026007, 42.95195199988936], [-72.23268899992011, 42.951905999875166], [-72.23374799955404, 42.95186099988521], [-72.23453699974955, 42.951822000217945], [-72.23557600019032, 42.95177399998666], [-72.23573400037407, 42.951768000283856], [-72.23573400037407, 42.95161600016627], [-72.2357490004427, 42.951502000160446], [-72.23584099960588, 42.95146399967325], [-72.23597799987323, 42.95141799995188], [-72.23611599996549, 42.95132599974839], [-72.23620700020207, 42.95112799991604], [-72.2362220002707, 42.95086900018001], [-72.23614600010274, 42.95067000011457], [-72.2361310000341, 42.95039599984722], [-72.23606999993474, 42.95002900007617], [-72.23599299994184, 42.94966300018367], [-72.23591699977388, 42.94939600006948], [-72.235763999613, 42.94908299996065], [-72.23568800034332, 42.94882400016705], [-72.2357490004427, 42.948633000296404], [-72.23591299957592, 42.94838100007316], [-72.23605499986611, 42.94808400001203], [-72.23610000007196, 42.94785499973252], [-72.23617700006487, 42.947496000313215], [-72.23623899998913, 42.94696299999134], [-72.2363069997612, 42.94639899970059], [-72.23636200001279, 42.945941999716], [-72.23641999973911, 42.94546699999242], [-72.23647300034088, 42.94545500001423], [-72.2366800000301, 42.94540599991461], [-72.23693899959788, 42.94528300006986], [-72.23702999983446, 42.945115999828424], [-72.2370609997966, 42.94506199992902], [-72.23712199989598, 42.9448489997179], [-72.23727500005685, 42.94468800000781], [-72.23736600029345, 42.94461899972131], [-72.2374890003171, 42.94452100012499], [-72.2377639997784, 42.94437599981205], [-72.23811399958275, 42.94426200020602], [-72.23837399987376, 42.94407900015467], [-72.23857200024048, 42.94394900029443], [-72.23875499964026, 42.943850000100426], [-72.23902999999989, 42.94376599997031], [-72.23925900032874, 42.94378899973549], [-72.23933299994857, 42.94382600016888], [-72.23938099962916, 42.943850000100426], [-72.23976200029398, 42.943888000027634], [-72.24008299978603, 42.9438269997004], [-72.24041900024501, 42.94375000021437], [-72.24070799995, 42.943627999883574], [-72.24098300030963, 42.943490999682055], [-72.24113499974727, 42.94332300030036], [-72.24137900014475, 42.94311700008056], [-72.2413969996881, 42.94308100007992], [-72.24153300013053, 42.942797000140544], [-72.24149600032062, 42.94265800030402], [-72.24147200003117, 42.94256799992077], [-72.24148700009978, 42.9422780002751], [-72.24160900029852, 42.94188899986158], [-72.24165399960604, 42.941683000104405], [-72.24177599980479, 42.94135500008371], [-72.24189899982842, 42.94092000008159], [-72.24196999997355, 42.94073899978148], [-72.24203600009578, 42.94056900029752], [-72.2421430002259, 42.940203000055384], [-72.24231099955708, 42.939782999684006], [-72.24246299989305, 42.939509000277546], [-72.24261600005393, 42.939325000303846], [-72.24269200022191, 42.9390349998509], [-72.24260000016038, 42.93881400029851], [-72.2424469999995, 42.93861500006158], [-72.24240199979367, 42.938386999690266], [-72.24227999959494, 42.938165000161604], [-72.24208100030162, 42.93799799968358], [-72.24195999992779, 42.93793700009695], [-72.24194599968409, 42.93793000007588], [-72.24165500032927, 42.937699999879065], [-72.24147100020626, 42.93747200006563], [-72.24139500003828, 42.93728099982873], [-72.24133399993892, 42.93701399993707], [-72.24130299997678, 42.93673099993832], [-72.241333000114, 42.9364850001958], [-72.24133700031196, 42.9364559997951], [-72.24134900000753, 42.93634999984727], [-72.24139500003828, 42.93603000025034], [-72.24151700023701, 42.9356630003281], [-72.24168499956818, 42.935342999791885], [-72.24173599962181, 42.93524699989868], [-72.24188399975982, 42.93496900002142], [-72.24195999992779, 42.934695000239216], [-72.24199000006503, 42.934397000234654], [-72.24196699960048, 42.934343000141276], [-72.24185299979767, 42.93407699969676], [-72.24179500007135, 42.93396700017598], [-72.24173099959894, 42.93383999974951], [-72.24171600042865, 42.93380999972448], [-72.24159400022991, 42.93354999977217], [-72.24147200003117, 42.93332900026501], [-72.2414109999318, 42.933137999674166], [-72.24144400044206, 42.93288999997205], [-72.24145600013765, 42.93279499991178], [-72.2414100001069, 42.93250500027528], [-72.2414100001069, 42.93212299996724], [-72.24139500003828, 42.93183299979732], [-72.24128799990815, 42.93156699969266], [-72.24109000043975, 42.93132200010307], [-72.2408610001109, 42.93110099983586], [-72.24073899991214, 42.930964000042906], [-72.24048600019216, 42.930711999843915], [-72.24041800042009, 42.930642999680096], [-72.2401439998854, 42.93027000005844], [-72.24002199968666, 42.929986999981125], [-72.2401439998854, 42.92981899992907], [-72.24029000037358, 42.92970300015812], [-72.2404030003515, 42.9296129999132], [-72.24046000025288, 42.929585999748284], [-72.24080000001152, 42.929423000060446], [-72.24130399980167, 42.92925499978555], [-72.24153300013053, 42.92914000003791], [-72.2416999996368, 42.929048999856604], [-72.24191399989704, 42.92903300022285], [-72.24205299981422, 42.9290160001552], [-72.24215800029451, 42.92900299982949], [-72.24227999959494, 42.92878900019528], [-72.24220400032526, 42.92849999989343], [-72.24206700005792, 42.92820999976614], [-72.24185299979767, 42.92794999985212], [-72.2416999996368, 42.92777500030394], [-72.24153200030561, 42.927614999812185], [-72.24142600000042, 42.92733200003365], [-72.24136499990105, 42.92708799984559], [-72.24136499990105, 42.92675199991336], [-72.24144699991682, 42.92643599969076], [-72.24145600013765, 42.92639400025935], [-72.2415020001684, 42.92606599970545], [-72.24148700009978, 42.92578399987047], [-72.24134900000753, 42.92546300013873], [-72.24115099964081, 42.92518100017449], [-72.2409959998301, 42.92503700019871], [-72.2409530001724, 42.924997999982864], [-72.24083000014876, 42.92479200028861], [-72.24081500008013, 42.9245630002031], [-72.24090700014165, 42.92434900027296], [-72.24092300003517, 42.92433200022821], [-72.24102900034038, 42.924203999817905], [-72.2411359995722, 42.92397500017784], [-72.24116599970941, 42.92373099984873], [-72.24112100040189, 42.92349500007761], [-72.2408610001109, 42.923174000258975], [-72.24066299974417, 42.92294500007929], [-72.24054100044376, 42.9226860001832], [-72.2403899999327, 42.92268899980726], [-72.24020900018273, 42.922693999838174], [-72.23984299958651, 42.92270100027545], [-72.23956899995014, 42.92270700017979], [-72.2384330003233, 42.92272999991723], [-72.23592599999469, 42.922779000301674], [-72.23103400043452, 42.92287700029582], [-72.22192200043548, 42.924016000089786], [-72.22190700036687, 42.92786299970664], [-72.22000000008788, 42.92803300006535], [-72.20243399986576, 42.929431999921334], [-72.20178299976253, 42.92948299976571], [-72.20127700032255, 42.929523000194486], [-72.200965000153, 42.92954800020261], [-72.19703199976934, 42.92986100031391], [-72.19679300029304, 42.929880000322], [-72.19670799990423, 42.92988900011607], [-72.19668199996497, 42.92989200004715], [-72.19444499997309, 42.93012199980834], [-72.1923050000656, 42.93034300029973], [-72.18838199972767, 42.930745999696015], [-72.18833900006996, 42.93074999998694], [-72.18481199956715, 42.93111000010925], [-72.17993599990051, 42.93160599969581], [-72.17674099965872, 42.931930000133136], [-72.17227300042107, 42.93238599983425], [-72.16653900006362, 42.932966999885686], [-72.16633099965115, 42.932988000323725], [-72.1585970000266, 42.93370199977636], [-72.16101700031659, 42.9467589997412], [-72.16108000006578, 42.94709599981296], [-72.16113199994432, 42.94737400017314], [-72.1609479998213, 42.95211200027121], [-72.16090199979055, 42.95329900026868], [-72.16082599962257, 42.9552559999449], [-72.16310000032267, 42.95532500014222], [-72.16779299969122, 42.955468000304755], [-72.16783100022437, 42.9554690003047], [-72.16747999969678, 42.95995299979278], [-72.16727600038061, 42.962562000126184], [-72.16726600033483, 42.96268600016513], [-72.15961999967554, 42.962319000056645], [-72.15673400012855, 42.9621829999316], [-72.15465799979516, 42.96208500003216], [-72.15141499987278, 42.96193000007373], [-72.14967400017346, 42.96184800008625], [-72.14762999962711, 42.96174899975528], [-72.14728400002072, 42.961733999970136], [-72.14422500022137, 42.96158599974643], [-72.13689999995243, 42.96123699993707], [-72.13683899985305, 42.96144299999616], [-72.1368079998909, 42.96164900002287], [-72.13665599955495, 42.96184700018992], [-72.13658000028529, 42.96217500014691], [-72.1364470002159, 42.96240600016749], [-72.13641200005578, 42.96246500005931], [-72.13631999999429, 42.962641000169256], [-72.13636600002503, 42.9629920003158], [-72.13642200010152, 42.96354099974885], [-72.13642700012441, 42.96359400000237], [-72.13642700012441, 42.96402199983082], [-72.13638100009365, 42.96438799978582], [-72.13632599984207, 42.96455399981634], [-72.13630499992567, 42.96461699968297], [-72.13619799979554, 42.96477700000375], [-72.13618299972693, 42.96503599971086], [-72.13619500032082, 42.96513500001134], [-72.13621299986417, 42.96528000006426], [-72.13627399996352, 42.96560800012438], [-72.13638100009365, 42.96595200031267], [-72.13636600002503, 42.966310000055756], [-72.1363350000629, 42.966561999830006], [-72.13635099995642, 42.96679900002163], [-72.13628999985706, 42.967019999677184], [-72.13628300018436, 42.967040999674545], [-72.1362439998263, 42.96716499988835], [-72.1362439998263, 42.96737099981815], [-72.13631999999429, 42.96756899997485], [-72.13641200005578, 42.96762800017382], [-72.13661000042251, 42.967751999861655], [-72.13682399978445, 42.96798099972536], [-72.1369760001204, 42.96817999968387], [-72.13726599965031, 42.9684240000558], [-72.13740299991767, 42.968653000047034], [-72.13747999991057, 42.968935000096195], [-72.13180400017774, 42.96885799981249], [-72.12457000014538, 42.968759000245136], [-72.12455599990169, 42.968759000245136], [-72.12450700039619, 42.96875799980385], [-72.12348499967386, 42.96873599995102], [-72.12333700043418, 42.96872999993004], [-72.1144680001094, 42.9685059998234], [-72.11190399987937, 42.96844200020657], [-72.10887699986708, 42.968367000201056], [-72.10782499990583, 42.96833999994002], [-72.10269399997107, 42.968207000015134], [-72.08494299980103, 42.96774499994422], [-72.08498800000686, 42.967111000271245], [-72.08466099976872, 42.96709299973098], [-72.0776600002632, 42.966705999988704], [-72.07480099958205, 42.966552000317726], [-72.07267099972032, 42.966435000250186], [-72.07213400031819, 42.9664069999763], [-72.06124599956142, 42.965806000039684], [-72.0612439999116, 42.965841999896035], [-72.061236000414, 42.96598800008358], [-72.06112599991083, 42.96795499974931], [-72.06038699994403, 42.97976600020046], [-72.05971999994725, 42.99042900000617], [-72.05925399979193, 42.99788999970584], [-72.0591180002478, 43.000080000202765], [-72.05912699957032, 43.000236999791944], [-72.05909499978327, 43.00072699991359], [-72.0588010000554, 43.00510599996224], [-72.05866799998601, 43.00729300000508], [-72.05812400001288, 43.016100000195436], [-72.05808999967769, 43.01652799974324], [-72.05798599992062, 43.01831499987735], [-72.05794900011071, 43.01892199987932], [-72.05662599998782, 43.024165000318646], [-72.05625699991687, 43.02562899978706], [-72.05520599978054, 43.02980400019029], [-72.05406099993289, 43.0343369998223], [-72.05314100021612, 43.0379859998352], [-72.0518449998574, 43.04308699988225], [-72.04906999974017, 43.054110999930806], [-72.04638300038482, 43.06475299970078], [-72.04392700010983, 43.074494000103286], [-72.04352100022896, 43.076098999924454], [-72.04299499979919, 43.078175000196644], [-72.04197200015027, 43.08223800026772], [-72.04212699996097, 43.08221299999268], [-72.04349899958936, 43.081992999888165], [-72.04347600002313, 43.082106000091244], [-72.04178100035456, 43.090531000273366], [-72.03838000024845, 43.107529999700745], [-72.03565100016198, 43.12112599990685], [-72.03528999958864, 43.12292300028516], [-72.03486199996647, 43.12506100021759], [-72.0340829998167, 43.12874600000675], [-72.03710900000408, 43.12878500014154], [-72.03814900026977, 43.128806999702306], [-72.0647350004294, 43.129102999758054], [-72.06814400003312, 43.12914000007408], [-72.07366300030542, 43.129201000032324], [-72.07587699983276, 43.1292260001374], [-72.07724000013862, 43.12923999987706], [-72.07753800006444, 43.129243999708436], [-72.07981799971401, 43.129271000038464], [-72.08374900044788, 43.12933199986606], [-72.08483999986886, 43.129309000045694], [-72.0849760003113, 43.129309999838505], [-72.08815099956328, 43.129344999789225], [-72.09018300041406, 43.12936699980418], [-72.09652000029588, 43.12943400024798], [-72.09769399955753, 43.12944700014947], [-72.10550000005043, 43.12952800017937], [-72.11246100027131, 43.12960300006283], [-72.12315199958793, 43.12971499982252], [-72.12340500020625, 43.12973299990526], [-72.12409700031738, 43.12976500025779], [-72.1245709999703, 43.1297909999173], [-72.1288440001126, 43.12995600027243], [-72.13193700024713, 43.13007400003484], [-72.13428999969166, 43.130166999859405], [-72.13714000015193, 43.13027800012052], [-72.14915899961434, 43.13073700028405], [-72.1590339998696, 43.131116000256455], [-72.16010599992235, 43.131163000258894], [-72.16388000029734, 43.13130400004944], [-72.17849700032497, 43.13186599973675], [-72.18064300008027, 43.125077999840954], [-72.18064800010312, 43.12506100021759], [-72.1809629997474, 43.12404300015919], [-72.18204900004382, 43.12054000011853], [-72.18282599964544, 43.11803199995079], [-72.18332199993802, 43.11643099983506], [-72.18575399992356, 43.1085820002616], [-72.18666699996761, 43.105633999787855], [-72.18734800020809, 43.10343600006914], [-72.18742000017812, 43.10320200031551], [-72.1881159995889, 43.100954999785095], [-72.18817300038862, 43.1007710002497], [-72.18821699987123, 43.100630000270705], [-72.18822699991698, 43.10059700015891], [-72.18829399986413, 43.10037800009957], [-72.18830800010782, 43.10033400020277], [-72.18848399983492, 43.09960099998434], [-72.18866799995794, 43.0988329998424], [-72.18967899991131, 43.09460800001691], [-72.1897840003916, 43.09417099993487], [-72.19115400037016, 43.08844899997585], [-72.19119799985278, 43.088262999984316], [-72.19300899987229, 43.08070199970124], [-72.193135000269, 43.08017599967754], [-72.19409199979566, 43.07617999970142], [-72.19462999992102, 43.073927000221175], [-72.19468799964734, 43.07368700030185], [-72.19471899960949, 43.07355600012435], [-72.195691999928, 43.069485999735164], [-72.19799400021721, 43.05985800009015], [-72.19825799980785, 43.05875299981264], [-72.1983800000066, 43.05824499987386], [-72.19839599990011, 43.058176999965774], [-72.19953900009794, 43.053391000238136], [-72.20233299958343, 43.05310700030653], [-72.20971200027905, 43.052354999877466], [-72.21104700009751, 43.052219000051316], [-72.21336500028025, 43.05198199970112], [-72.21350699967215, 43.05196800001465], [-72.2217199998708, 43.05112900026141], [-72.22557600026158, 43.05073500022716], [-72.23374699972914, 43.049901999993146], [-72.2380039999779, 43.04946700028798], [-72.24017999987042, 43.049244999905916], [-72.24356799955773, 43.048896000149945], [-72.24590900020499, 43.04866200013637], [-72.24603100040373, 43.048646999894665], [-72.253590999951, 43.047846000039684], [-72.25558000024577, 43.04779600030512], [-72.25563399977412, 43.047793000214696], [-72.25580299982852, 43.047784999754064], [-72.25600200002015, 43.047773000045886], [-72.25631900021257, 43.047760999678864], [-72.25634900034979, 43.04764600020031], [-72.25638000031194, 43.04754700017969], [-72.2563640004184, 43.04741699975743], [-72.25639500038054, 43.0472649997425], [-72.25650199961235, 43.04707399969931], [-72.25659399967384, 43.046737999805785], [-72.256624999636, 43.04669499994255], [-72.25666999984183, 43.04663200016478], [-72.25701100032369, 43.046401000207254], [-72.25709300033945, 43.046338999962586], [-72.25720399976923, 43.0462500001372], [-72.25741700020454, 43.046197000246174], [-72.25805800026207, 43.04628799982028], [-72.25860700025805, 43.046387999737604], [-72.25926000001112, 43.046508999912], [-72.25938600040783, 43.04653299982056]]]}}, {"type": "Feature", "properties": {"tract_id": "33005971403", "name": "Tract Census Tract 9714.03", "pct_white_2020": 87.9, "pct_black_2020": 2.1, "pct_hispanic_2020": 4.3, "pct_asian_2020": 1.0, "population_2020": 4980, "is_sample_data": false, "pct_white_1970": 98, "pct_black_1970": 1, "pct_hispanic_1970": 1, "pct_asian_1970": 0, "pct_white_1990": 95, "pct_black_1990": 3.3, "pct_hispanic_1990": 2.6, "pct_asian_1990": 0.6}, "geometry": {"type": "Polygon", "coordinates": [[[-72.36817399982915, 42.92727399980693], [-72.36821499983702, 42.92726699988929], [-72.36794000037573, 42.92639400025935], [-72.3678330002456, 42.92602799996154], [-72.36764499992464, 42.92544300025377], [-72.36659200013848, 42.92214999988356], [-72.3663689996574, 42.92144999989806], [-72.3649030003177, 42.916842000027216], [-72.36462100028538, 42.91594899969678], [-72.36357000014905, 42.912617000295114], [-72.3634539997981, 42.91224900030447], [-72.36341299979023, 42.912123999931104], [-72.36295000000796, 42.910684999680576], [-72.3626300003408, 42.91066999995278], [-72.36240100001194, 42.910684999680576], [-72.36217199968308, 42.9106930002357], [-72.36139400025654, 42.910684999680576], [-72.35995899998065, 42.9106930002357], [-72.358525000428, 42.910707999957914], [-72.35709000015211, 42.91071599985215], [-72.35565599970113, 42.9107229996765], [-72.35420600025495, 42.9107229996765], [-72.3527879996975, 42.91073100022671], [-72.35133700042641, 42.910739000117964], [-72.34991899986896, 42.91075399982897], [-72.34846900042277, 42.91075399982897], [-72.3470349999718, 42.91075399982897], [-72.34659200028099, 42.910761000306906], [-72.34559999969589, 42.91076900019427], [-72.34556799990884, 42.91076599998991], [-72.34483499978984, 42.91077199974054], [-72.34472000016213, 42.91077299980859], [-72.34457500039716, 42.910773999876575], [-72.34353900032943, 42.91078000028437], [-72.34335000018353, 42.91077900021648], [-72.34305300008263, 42.910782999830154], [-72.34273199969226, 42.91078399989798], [-72.34126700017745, 42.91079199978236], [-72.33980199976436, 42.91079199978236], [-72.33832200018094, 42.9108000003236], [-72.33685699976782, 42.9108000003236], [-72.33539200025301, 42.91080700013841], [-72.33391199977127, 42.91081500001976], [-72.33252199970123, 42.91081399995243], [-72.33244700025648, 42.91081500001976], [-72.33098199984336, 42.91082199983287], [-72.32953200039718, 42.91081500001976], [-72.32918099986959, 42.91081900028904], [-72.3280979999462, 42.91082999971226], [-72.3266479996017, 42.91082999971226], [-72.32519899998043, 42.91082999971226], [-72.32374899963594, 42.91083800024862], [-72.32231500008326, 42.91083800024862], [-72.32114000009838, 42.91083800024862], [-72.32104700021196, 42.91083800024862], [-72.32086499973875, 42.91083800024862], [-72.3194310001861, 42.910845000059126], [-72.31837800039995, 42.91085099980205], [-72.31798099984161, 42.91085299993554], [-72.31650100025819, 42.910845000059126], [-72.31502099977645, 42.910845000059126], [-72.31354100019303, 42.910845000059126], [-72.31204499981777, 42.910845000059126], [-72.31056500023438, 42.91085299993554], [-72.30919199988277, 42.910845000059126], [-72.30909999982126, 42.91085299993554], [-72.30893999998769, 42.91085299993554], [-72.30762000023783, 42.91085299993554], [-72.3061249996875, 42.91086099981091], [-72.30464400027917, 42.91086099981091], [-72.30314899972882, 42.91086800027674], [-72.30275200006878, 42.910869999751775], [-72.3016540000768, 42.910876000150225], [-72.30015799970154, 42.91088299995636], [-72.2986630000495, 42.91089099982789], [-72.29730499976652, 42.91090500009396], [-72.29718299956778, 42.91090600015985], [-72.2964389995781, 42.91090999976528], [-72.29570299998436, 42.91091400002834], [-72.29487799980384, 42.91091999976461], [-72.2947260003662, 42.910921999895855], [-72.29448100014382, 42.9109180002912], [-72.29420699960912, 42.91091400002834], [-72.29272700002569, 42.910921999895855], [-72.29132199988703, 42.910921999895855], [-72.29123700039653, 42.91092299996147], [-72.28974600004415, 42.91094400001952], [-72.28824100034639, 42.91094400001952], [-72.28759199989295, 42.91094600014999], [-72.28677599993327, 42.91095199988308], [-72.2861800000816, 42.91095500007839], [-72.28564699997914, 42.91095899968064], [-72.28538000001542, 42.91095899968064], [-72.28531100041846, 42.91095999974566], [-72.28384600000535, 42.9109670002002], [-72.28304199974123, 42.91097099980167], [-72.28237599956937, 42.910973999996045], [-72.28090100000881, 42.91097500006083], [-72.27942100042542, 42.91097500006083], [-72.2779560000123, 42.910989999714396], [-72.2769640003255, 42.91099800022994], [-72.27651300023881, 42.9110009997651], [-72.27575900020338, 42.91100600008654], [-72.27527100030676, 42.91100600008654], [-72.27411100039048, 42.91099800022994], [-72.2729659996445, 42.91100600008654], [-72.27238599968638, 42.911020999732564], [-72.27192899975186, 42.91101299987796], [-72.27119900000591, 42.91102299986053], [-72.27079899997283, 42.91102800018023], [-72.27068099997206, 42.91103000030797], [-72.27051100009274, 42.91103299984153], [-72.27035700010696, 42.91103600003289], [-72.26918700014492, 42.91103600003289], [-72.26884599966309, 42.91103600003289], [-72.2683899995535, 42.91103600003289], [-72.26834600007088, 42.91103600003289], [-72.26826800025307, 42.91103600003289], [-72.26752199971529, 42.91103600003289], [-72.26733599994245, 42.91103600003289], [-72.26514699963114, 42.911047000075385], [-72.26445200004527, 42.911050999671616], [-72.26368899978904, 42.911050999671616], [-72.26351600043498, 42.911052999798656], [-72.26301799959431, 42.91105900017929], [-72.26169500036971, 42.911065999964684], [-72.26156800014812, 42.91106700002792], [-72.26013399969713, 42.91106700002792], [-72.25954899971612, 42.91106700002792], [-72.25723399990645, 42.91108200031706], [-72.25679600023852, 42.911080000191], [-72.25578500028517, 42.91108200031706], [-72.25513500000685, 42.91109000016275], [-72.25456400026954, 42.911096999944625], [-72.254400000238, 42.911091000225596], [-72.25435000000928, 42.91108900009984], [-72.2525549998833, 42.911091000225596], [-72.25233999979814, 42.91109200028848], [-72.25193700029031, 42.91109499981902], [-72.2514009998148, 42.911096999944625], [-72.2505070000373, 42.911102000258275], [-72.25003199966115, 42.911104999788336], [-72.24955899983314, 42.91118899972962], [-72.24845300034353, 42.91119700021932], [-72.24749900029157, 42.91120399998905], [-72.24751900038308, 42.91110900003879], [-72.24809699979306, 42.90836099972527], [-72.2481550004177, 42.90808700001923], [-72.2481980000754, 42.90788099971195], [-72.24838399984826, 42.907000000049095], [-72.2475140003602, 42.90699299980193], [-72.24069100023158, 42.906934000037154], [-72.2404960002379, 42.906931999776454], [-72.24053999972053, 42.90628299993157], [-72.24042099989484, 42.906229000196205], [-72.23614899957745, 42.90429100031482], [-72.23608500000336, 42.904260999717614], [-72.23407899999016, 42.90707499982737], [-72.23405600042395, 42.907106999968164], [-72.23159299957796, 42.910546999810016], [-72.23107999956696, 42.91125699991154], [-72.22983900035814, 42.91133399989149], [-72.22904699978959, 42.91138300012771], [-72.22894399985742, 42.91139300005029], [-72.22883000005459, 42.911406000144616], [-72.2287249995743, 42.911407000202324], [-72.22863699971074, 42.91140900031782], [-72.2285279999308, 42.911415000005846], [-72.22296199980283, 42.911759999836654], [-72.22265399983128, 42.911779000164046], [-72.22368900007409, 42.91241500016111], [-72.22492599998324, 42.91325700030837], [-72.22542700029867, 42.913655000188726], [-72.22569900028523, 42.91387199981602], [-72.2266059995832, 42.91470399975263], [-72.22672199993416, 42.914810000111295], [-72.22738399990807, 42.915356999722086], [-72.2280140000949, 42.91575999979166], [-72.22822199960905, 42.91586299969347], [-72.22831399967056, 42.915907999679554], [-72.22881400016108, 42.91610600028065], [-72.22885099997099, 42.91611500011344], [-72.22936399998198, 42.916235999711276], [-72.22990600030529, 42.916363000251536], [-72.23074099963324, 42.91649299979793], [-72.23135999994945, 42.91656599991888], [-72.23168299998963, 42.916588999975126], [-72.23216800041153, 42.91658300013291], [-72.23253699958416, 42.91653700000734], [-72.23301799980808, 42.916430999987774], [-72.23370499989635, 42.9162060003225], [-72.23452599987891, 42.91585399982389], [-72.23485899996483, 42.915710999746004], [-72.23525300015012, 42.91552099977784], [-72.23577299983381, 42.91527000021334], [-72.23668800042601, 42.91480400009585], [-72.23712799974375, 42.91457999975952], [-72.23808599999367, 42.914171999803855], [-72.2384900002247, 42.91405100010071], [-72.23902800035006, 42.913967000112685], [-72.2394750002388, 42.91391199985489], [-72.24077999992004, 42.913789000261], [-72.24125299974806, 42.913797999774296], [-72.24153999980324, 42.91382899969588], [-72.241769999957, 42.91386599970925], [-72.24209700019516, 42.9139599999989], [-72.24229399983864, 42.91403699989137], [-72.2424329997558, 42.91409100002341], [-72.24281400042062, 42.91424900008936], [-72.24347700021944, 42.91454000015416], [-72.24358199980144, 42.914580999765775], [-72.2440930001626, 42.91478000002826], [-72.24463299993776, 42.914960000307296], [-72.24506300010806, 42.915065000227266], [-72.24555799967739, 42.9151420000549], [-72.24618399966629, 42.91523099973576], [-72.2469589996181, 42.915353999741065], [-72.24744599968982, 42.91543099986545], [-72.24778700017167, 42.915468000232764], [-72.24789599995161, 42.915473000191774], [-72.24805900015822, 42.915480000133755], [-72.24832699994684, 42.91549100004093], [-72.24871500028436, 42.915475000175306], [-72.2489360002173, 42.91544499975811], [-72.24904800037028, 42.91542999987298], [-72.25128700001198, 42.91495600030683], [-72.25207399965936, 42.91484300018576], [-72.2526059999369, 42.91479900008255], [-72.25386399976249, 42.9148350001693], [-72.25407899984764, 42.91484100018172], [-72.25926800040705, 42.914955000306655], [-72.26000800019875, 42.91501700028608], [-72.2607580000362, 42.91512200010894], [-72.26175599957077, 42.91524800031808], [-72.26258999997214, 42.91538800017525], [-72.26276300022448, 42.91543699981984], [-72.26303900040902, 42.91550699990245], [-72.26280099985932, 42.91613099981289], [-72.26267500036094, 42.91642700008275], [-72.26262799960695, 42.91666499989971], [-72.26261199971344, 42.91686200007285], [-72.26265899956911, 42.91730400001633], [-72.26268000038381, 42.91750200007906], [-72.26269600027734, 42.91773100009581], [-72.26272700023947, 42.917988999819066], [-72.26277599974496, 42.91840800020418], [-72.26281099990506, 42.91870200018336], [-72.26285899958565, 42.91910600001904], [-72.26287299982936, 42.919228000253085], [-72.26296300024103, 42.91996699996392], [-72.26300599989872, 42.920320999818095], [-72.26303799968578, 42.920585999899735], [-72.26312499972443, 42.921091999692266], [-72.26316200043266, 42.92213600019859], [-72.26313300012035, 42.922955999969524], [-72.26422600008947, 42.92341999988855], [-72.26488499969032, 42.92370399973676], [-72.26505499956964, 42.92377699986607], [-72.26580699995522, 42.924101000044885], [-72.26620799981322, 42.92427299995904], [-72.26671699962625, 42.9244910001928], [-72.26693300043463, 42.924584000217685], [-72.26770300036355, 42.9249129999498], [-72.2686149996844, 42.92530300021947], [-72.26903800018201, 42.92548399984646], [-72.26953500029948, 42.925689999857866], [-72.26961300011727, 42.92572200020016], [-72.27020800014404, 42.92596800017975], [-72.2703470000612, 42.92602499984227], [-72.2704800001306, 42.92607999981289], [-72.27144599987813, 42.92648000003538], [-72.27230299984568, 42.926841999734286], [-72.27274200023683, 42.92702699997644], [-72.27341500008139, 42.927309999840666], [-72.27355399999857, 42.92736899983222], [-72.27395700040469, 42.927540000034696], [-72.27404199989518, 42.927576999708315], [-72.27440099992039, 42.927731000226615], [-72.2753230001853, 42.92812699979141], [-72.27587800002907, 42.92836600024022], [-72.27653400015521, 42.928654999855205], [-72.27659000023169, 42.928675000012845], [-72.27671200043042, 42.928721000284916], [-72.276900999678, 42.92871699986226], [-72.27702200005182, 42.92870799989694], [-72.27717400038779, 42.92863999989721], [-72.27758000026864, 42.92849000011594], [-72.27760899968266, 42.92870700011995], [-72.27770099974416, 42.92917799983529], [-72.27772199966056, 42.92929099997701], [-72.27781100024734, 42.92974700014231], [-72.27786300012586, 42.93011800013442], [-72.27789900011088, 42.93037599994794], [-72.27797899957851, 42.9309510001283], [-72.27804200022601, 42.93140499971884], [-72.27813000008956, 42.93178899998787], [-72.27814400033326, 42.931849000019184], [-72.27817699994522, 42.93207199967799], [-72.27818899964079, 42.93214999967774], [-72.27827400002961, 42.932280000115476], [-72.27833299958084, 42.93242400025984], [-72.27841700014473, 42.932937999801396], [-72.27843200021336, 42.933029000156154], [-72.27850500000828, 42.933325000141636], [-72.27843499968809, 42.93364799973132], [-72.27862499965889, 42.93362500012401], [-72.2792249997085, 42.93354999977217], [-72.27945200038755, 42.93351499979592], [-72.27983300015404, 42.9334559997722], [-72.28040399989135, 42.933367000108746], [-72.28259300020265, 42.93303400000553], [-72.28343099990366, 42.93290599991932], [-72.2838779997924, 42.932812999962145], [-72.2843420002979, 42.93271700007122], [-72.28500699974653, 42.93257900021249], [-72.28536499994684, 42.93250500027528], [-72.28563600010847, 42.93244899974818], [-72.28600600000432, 42.93239999982065], [-72.28609600041602, 42.93238799992647], [-72.28669100044277, 42.93237699974733], [-72.28678900035206, 42.93238300002465], [-72.28739900044742, 42.93242200016875], [-72.28785999968156, 42.93247800006272], [-72.28799299975094, 42.93156699969266], [-72.28800000032196, 42.93149000000185], [-72.28804299997967, 42.930989000123866], [-72.28805899987317, 42.93079500028172], [-72.2880389997817, 42.930164999739915], [-72.28802500043632, 42.929826000214454], [-72.2879829997052, 42.92901199975171], [-72.28797699985743, 42.9288950000025], [-72.28794800044342, 42.92825100014827], [-72.28791800030619, 42.92742699996948], [-72.28789599966657, 42.92683099988013], [-72.28788099959795, 42.92676999975653], [-72.28787200027546, 42.92673300025595], [-72.28778600006171, 42.92657700025054], [-72.28800500034482, 42.92640399971937], [-72.28851599980769, 42.92595799999117], [-72.28868900006003, 42.925808000256566], [-72.28876799970277, 42.92573899986133], [-72.28889699957418, 42.92559199973401], [-72.28922299998743, 42.925221999941606], [-72.28942700020193, 42.92493300000683], [-72.28958899968531, 42.92462899975494], [-72.28993699983985, 42.92397199995858], [-72.2901150001151, 42.923637999851756], [-72.29025900005514, 42.923366999901646], [-72.29080999970095, 42.922474999945514], [-72.29193500035544, 42.92253999988375], [-72.2949930003299, 42.92276299969711], [-72.29598599984158, 42.922829999734084], [-72.29809999980982, 42.922974000264034], [-72.29937799972687, 42.92304899968041], [-72.30011099984587, 42.923092999813015], [-72.30053299962027, 42.92311699993187], [-72.30081300000275, 42.92313400031195], [-72.30394399977212, 42.923361999925355], [-72.3052030003209, 42.923448999849704], [-72.30607000033423, 42.92350900011154], [-72.3061459996039, 42.9235140000759], [-72.30622799961965, 42.92351900003986], [-72.30659400021585, 42.92354499971436], [-72.30715699955725, 42.923582999674274], [-72.30785799988921, 42.92364500018177], [-72.30790100044523, 42.92364900027601], [-72.30804100018733, 42.92366900008559], [-72.30858599998535, 42.9237489999168], [-72.30940000029523, 42.92388199989141], [-72.31025300006483, 42.92405200005416], [-72.31086599963493, 42.924221999747736], [-72.31181200018928, 42.924501999806935], [-72.31250500012533, 42.92475799978105], [-72.31327599987915, 42.92509899990064], [-72.31388799962436, 42.92537000012523], [-72.31434200008411, 42.92557900000119], [-72.3149759995706, 42.92586999984032], [-72.31616300014937, 42.92642899967789], [-72.31727899968475, 42.926931000275665], [-72.31855199957892, 42.92747899995536], [-72.3207330003926, 42.92845400011407], [-72.32133199971899, 42.92872599982626], [-72.32173099992717, 42.92890699991954], [-72.32239399972599, 42.929222999963095], [-72.3231069997535, 42.929517000296244], [-72.32397600031497, 42.92985799972357], [-72.32492500034404, 42.93015500023269], [-72.32613999961359, 42.930405999672544], [-72.32690700006779, 42.93051400013875], [-72.3276689996008, 42.93057299969228], [-72.3282250001678, 42.93060200023245], [-72.32848200008577, 42.93059200013847], [-72.32887000042328, 42.93058299978939], [-72.32948700019134, 42.93056900004765], [-72.32990099956982, 42.93053599984511], [-72.33008499969283, 42.93052099968745], [-72.33060899957447, 42.93044800031487], [-72.33126600042381, 42.9303289998457], [-72.33205300007118, 42.9301479999847], [-72.334038000168, 42.92960900020619], [-72.33550199985787, 42.92923600024242], [-72.33639300016063, 42.92900400025939], [-72.3417480004014, 42.92769399998772], [-72.34269800025538, 42.927436000121965], [-72.34400399976153, 42.927076000231956], [-72.34830700004106, 42.92598000000923], [-72.34923599997865, 42.925760000132826], [-72.350210999947, 42.92555200004137], [-72.35079699975292, 42.9254310003197], [-72.351633999629, 42.925295000245484], [-72.35180100003359, 42.92528099995964], [-72.3525419996502, 42.925221000108024], [-72.35340700001369, 42.92518100017449], [-72.35419000036141, 42.92515999970566], [-72.35493299962786, 42.9251799996825], [-72.35624700042824, 42.92528199979223], [-72.35653399958511, 42.92532099982825], [-72.35733799984922, 42.92551000000725], [-72.35833000043434, 42.92569799978056], [-72.35876800010224, 42.92578099973932], [-72.35949100017551, 42.92592499994933], [-72.3598009997969, 42.925994000136214], [-72.36051700019749, 42.92614300025705], [-72.36101799961459, 42.92626200026249], [-72.36163299973283, 42.92640900010656], [-72.36524399990122, 42.92723499969182], [-72.36582100038463, 42.92732899997789], [-72.36638899974888, 42.927388999749645], [-72.36681499972123, 42.92740099996003], [-72.3671360001116, 42.927396000311134], [-72.36742599964151, 42.927374000141064], [-72.36784300029136, 42.92732599992202], [-72.36817399982915, 42.92727399980693]]]}}, {"type": "Feature", "properties": {"tract_id": "33005970901", "name": "Tract Census Tract 9709.01", "pct_white_2020": 95.7, "pct_black_2020": 0.4, "pct_hispanic_2020": 0.0, "pct_asian_2020": 0.5, "population_2020": 4060, "is_sample_data": false, "pct_white_1970": 98, "pct_black_1970": 1, "pct_hispanic_1970": 9.4, "pct_asian_1970": 0, "pct_white_1990": 95, "pct_black_1990": 1.9, "pct_hispanic_1990": 18.5, "pct_asian_1990": 1.6}, "geometry": {"type": "Polygon", "coordinates": [[[-72.32208800030254, 42.87029800024596], [-72.32223100041767, 42.87001900025256], [-72.32099899963305, 42.869766000289104], [-72.32080199998956, 42.86972499984348], [-72.32044299996437, 42.86966700004974], [-72.31960400043846, 42.86951700026237], [-72.31918900033676, 42.86938999999936], [-72.31880900039516, 42.86920800015708], [-72.31872999985413, 42.8691550003011], [-72.31833900004189, 42.8688929999469], [-72.31766899967207, 42.86842899974206], [-72.3171220002242, 42.868059999925755], [-72.31651799997661, 42.86761299993438], [-72.31587199989625, 42.86708099987957], [-72.31532899974803, 42.86662500022774], [-72.31454799994843, 42.86597000003887], [-72.31445599988693, 42.86589199989509], [-72.31398800008179, 42.865498999899735], [-72.31375399973007, 42.86530100006002], [-72.31341300014653, 42.865111000128834], [-72.31320599955897, 42.86503200006503], [-72.3129829999762, 42.86503899980808], [-72.31252100001883, 42.865099000300695], [-72.31215000029808, 42.865164000164995], [-72.31123499970587, 42.86532400014713], [-72.3106940001058, 42.86542800017653], [-72.31034599995127, 42.86547499973348], [-72.31005499969812, 42.865466999895496], [-72.30973300038114, 42.86536400007792], [-72.30964299996947, 42.86528199989567], [-72.30957699984722, 42.86494899994748], [-72.30957799967214, 42.86459699980311], [-72.30980600017608, 42.86403100032717], [-72.3099269996516, 42.863585000306976], [-72.3101169996224, 42.863066000186706], [-72.31030900014133, 42.86248200032672], [-72.31047399999777, 42.862198000233924], [-72.31068499988496, 42.86201099991394], [-72.31087800022881, 42.861908000256385], [-72.31094900037394, 42.86144499977565], [-72.31088200042679, 42.86115999996621], [-72.31075500020518, 42.86074600011064], [-72.3107140001973, 42.86034499977813], [-72.31079600021306, 42.859950999795046], [-72.31091199966568, 42.85946200008992], [-72.31088099970354, 42.85933899986961], [-72.31082999964991, 42.859176999687435], [-72.31065200027301, 42.85893800027657], [-72.31031400016421, 42.858359000202285], [-72.31016299965314, 42.857991999989224], [-72.31014099991185, 42.85791100015973], [-72.31001700006328, 42.857914999909916], [-72.30982700009247, 42.85790199973315], [-72.30961100018241, 42.85791800005164], [-72.30716400012827, 42.85911700002421], [-72.30648899973556, 42.85911200010456], [-72.30590299992964, 42.85880999972677], [-72.30526900044315, 42.85832199980599], [-72.3049699997941, 42.857953999765385], [-72.3047510004093, 42.857121000299706], [-72.30464299955594, 42.85707100012685], [-72.30420599971293, 42.85688999980795], [-72.30406500014594, 42.85673999992381], [-72.30377200024297, 42.856353999688245], [-72.30343699960892, 42.856052000308985], [-72.30281900001594, 42.85513600007047], [-72.30274799987083, 42.85502000001423], [-72.30267699972572, 42.8549479997789], [-72.30250600002151, 42.85483900026901], [-72.30225499995133, 42.85460799980176], [-72.30203200036857, 42.85437800011155], [-72.30199300001051, 42.853960999888955], [-72.3019439996067, 42.85318400005992], [-72.30201099955386, 42.85276399994443], [-72.30206499998054, 42.8522969999324], [-72.3021129996611, 42.852228000233396], [-72.3021479998212, 42.852178000050145], [-72.30219300002705, 42.85214299996367], [-72.3025410001816, 42.85218499993334], [-72.302858000374, 42.85221399981738], [-72.30309900039843, 42.85222400011486], [-72.30360099964045, 42.852206000236755], [-72.30392899970349, 42.852116000109206], [-72.30402400013806, 42.8520899999455], [-72.30428899955362, 42.85197499979932], [-72.30465500014982, 42.85167500015671], [-72.30493999965687, 42.85136999982751], [-72.30520999999361, 42.850947999788204], [-72.30553200020887, 42.85048599983487], [-72.30570399973801, 42.85027299999682], [-72.3058500002262, 42.85009000004095], [-72.3060889997025, 42.84961899993897], [-72.30617699956603, 42.84935200026605], [-72.30618300031213, 42.84925900002757], [-72.3062179995739, 42.84867200004998], [-72.30629000044226, 42.84824900025313], [-72.30633300009997, 42.84792400012299], [-72.30626299977975, 42.847523999945814], [-72.30616300022065, 42.847095999956856], [-72.30618300031213, 42.84691899984407], [-72.30628500041938, 42.846591999719394], [-72.30629899976476, 42.846406000012095], [-72.30629200009207, 42.846166999913116], [-72.30640099987201, 42.84568399988594], [-72.30641500011572, 42.845505999869964], [-72.30628899971903, 42.84516100021397], [-72.3063010003129, 42.84501400027341], [-72.30643600003212, 42.84461299987123], [-72.30646699999427, 42.844449000265904], [-72.3065110003752, 42.84412099974908], [-72.30644000023008, 42.843707000265304], [-72.30626600015282, 42.843238999770435], [-72.30611899983971, 42.84309199986712], [-72.30587500034055, 42.842883000285056], [-72.30570100026328, 42.84267499985094], [-72.30567500032402, 42.842605000085705], [-72.30568100017179, 42.84245700013267], [-72.30576800021042, 42.84222500025839], [-72.30575599961655, 42.84209100013284], [-72.30557099966862, 42.84173499996046], [-72.30554899992731, 42.84170400002597], [-72.30536499980431, 42.8414569998648], [-72.3052440003288, 42.84086000001914], [-72.30523500010797, 42.84052100010421], [-72.30523400028306, 42.840130999696655], [-72.3050330004416, 42.83975300026619], [-72.30457099958592, 42.83838099995711], [-72.30452499955517, 42.83772899968073], [-72.30448000024764, 42.8374549997625], [-72.30435899987383, 42.83670900027586], [-72.30432500043693, 42.836281999755], [-72.30432899973658, 42.835787999889405], [-72.30464299955594, 42.835385000263834], [-72.30483000005201, 42.83516899980942], [-72.30531200010086, 42.834609999931416], [-72.30545699986581, 42.83449400019294], [-72.30562900029325, 42.8344330002772], [-72.30582599993674, 42.834469999833715], [-72.30740099995472, 42.83519599982513], [-72.30779000011715, 42.83543100031802], [-72.30779599996492, 42.83559000029881], [-72.30811599963207, 42.83585800013184], [-72.3086320000161, 42.83613699968917], [-72.30972599981014, 42.83584799981975], [-72.31092099988652, 42.835116999697], [-72.31141800000398, 42.834631000281085], [-72.31180799999132, 42.8342949997596], [-72.3122010003517, 42.83402399975109], [-72.31249099988163, 42.833836999757196], [-72.31313600013708, 42.83352100025356], [-72.31343700043597, 42.833348000139004], [-72.3133550004202, 42.83329799982527], [-72.31307099983977, 42.83283000019774], [-72.31252799969154, 42.832063999685865], [-72.31201999970342, 42.83138600029968], [-72.31145700036204, 42.83061299998663], [-72.3114330000726, 42.830580000300095], [-72.31118500037547, 42.83014399973351], [-72.31107099967434, 42.829943000323816], [-72.3110179999709, 42.82984899979215], [-72.31093199975719, 42.82959700000227], [-72.31088900009946, 42.82917700026541], [-72.31101299994803, 42.8280930001799], [-72.31119399969799, 42.82672499970769], [-72.31125700034549, 42.826020999798544], [-72.31129499998035, 42.825588999882875], [-72.3114129999811, 42.8238169998998], [-72.31145200033917, 42.82323400002112], [-72.31154600005051, 42.822708999724846], [-72.31200700018294, 42.821781999735514], [-72.31208300035092, 42.82155199972266], [-72.31205400003861, 42.821289000137604], [-72.31204999984067, 42.8211950002826], [-72.31202999974916, 42.82077699988353], [-72.31183099955754, 42.82010300012936], [-72.31163899993692, 42.81902300001533], [-72.31146400003473, 42.81840299980972], [-72.31142800004972, 42.8182779996954], [-72.31116199991094, 42.81763199975828], [-72.31088800027456, 42.81693099991093], [-72.31055799966337, 42.81586899967192], [-72.31048800024146, 42.815265999934496], [-72.31050699960973, 42.81493400013514], [-72.31066499979347, 42.814676000298846], [-72.31113500014676, 42.8141489998477], [-72.31159200008126, 42.81378999985349], [-72.31206400008436, 42.8134380000715], [-72.31221200022237, 42.81331499980634], [-72.31229900026099, 42.81329000011903], [-72.31250199975227, 42.813284000113455], [-72.31272699988317, 42.81324899974006], [-72.31316100025144, 42.81311199970704], [-72.31346699967487, 42.81294299983025], [-72.31370699987438, 42.81276499973747], [-72.31375100025532, 42.81252699968675], [-72.3137920002632, 42.8122680000058], [-72.31383300027109, 42.81195200028988], [-72.31388900034759, 42.81159999993161], [-72.31391799976159, 42.81145600031594], [-72.31389199982232, 42.811239000229804], [-72.31387000008101, 42.81089700016415], [-72.3137439996843, 42.810465999731214], [-72.31359999974427, 42.81005200016774], [-72.3133550004202, 42.80962500001837], [-72.31320599955897, 42.80945099985455], [-72.31213400040455, 42.80891500003825], [-72.31178000040224, 42.80873799996034], [-72.31124300010178, 42.80851600016306], [-72.31068200041024, 42.80832600019663], [-72.31015799963029, 42.808201000143185], [-72.30993599987242, 42.808196000056725], [-72.30989700041269, 42.8082030003095], [-72.30974699972653, 42.808228999829126], [-72.309666000434, 42.808252000079506], [-72.30960399961141, 42.808246000244225], [-72.30949599965636, 42.80823600007817], [-72.30925100033231, 42.808104000238764], [-72.3090820002779, 42.80792399988392], [-72.30893999998769, 42.80767300011468], [-72.30890599965248, 42.807539000204244], [-72.30891200039859, 42.807391999742315], [-72.30897199977474, 42.80706599980289], [-72.30896799957678, 42.80694999978198], [-72.30890599965248, 42.806940999839405], [-72.30817000005875, 42.80684300016069], [-72.30670399982071, 42.80663699991284], [-72.30524000013084, 42.806446000324264], [-72.30377499971772, 42.80624799967274], [-72.30310799972094, 42.806157000039484], [-72.30231000020291, 42.806048999917195], [-72.30084499978979, 42.80584300032052], [-72.29982200014088, 42.80571400002866], [-72.29941100023713, 42.80565999993385], [-72.29880100014178, 42.8055759999857], [-72.29753400009537, 42.80740700019551], [-72.29685000038018, 42.808379000190456], [-72.29653700038573, 42.80882700026388], [-72.29625199998037, 42.8092310001132], [-72.29498599975888, 42.811046000278765], [-72.2937339997811, 42.81287700002593], [-72.2924679995596, 42.814693000259886], [-72.29120100041152, 42.816531999690994], [-72.29086599977745, 42.817005000187265], [-72.29067599980665, 42.817003000305604], [-72.29053900043763, 42.81699700000136], [-72.29012599998575, 42.81697899974404], [-72.28975899956463, 42.81696600017733], [-72.28934000016329, 42.816951000065586], [-72.28782899971942, 42.81689800016875], [-72.28630300010525, 42.81685200015928], [-72.28477699959276, 42.816799000177596], [-72.2832660000472, 42.81674600015053], [-72.28193899972635, 42.816700000028], [-72.2805960004103, 42.816646000298924], [-72.28005999993478, 42.81662900021584], [-72.27925300019591, 42.8166009997199], [-72.27854799966599, 42.81657600004303], [-72.27792599987505, 42.816555000148455], [-72.27658299966068, 42.81650100029276], [-72.27525500041322, 42.81645600026717], [-72.27406500035973, 42.81640999992896], [-72.27391800004663, 42.816399999764904], [-72.27256999980939, 42.816348999957654], [-72.27206799966905, 42.81632600008248], [-72.271226999595, 42.816287999926175], [-72.26988400027894, 42.81624200012195], [-72.26859600031614, 42.81618400017674], [-72.26755699987538, 42.81614200011426], [-72.2660379999339, 42.81608400007526], [-72.2647779995602, 42.8160310000943], [-72.26459699981022, 42.816020000241714], [-72.2640110000043, 42.81600400027301], [-72.26318499999887, 42.81597499986611], [-72.26181199964726, 42.815921999791726], [-72.2605529999968, 42.81587399979706], [-72.25904999994884, 42.81580700019524], [-72.25767699959724, 42.81576100003317], [-72.25630300031904, 42.81570799977538], [-72.25491499989882, 42.81565500013112], [-72.25368999968521, 42.815612999709366], [-72.25357199968444, 42.815608999855975], [-72.25222900036836, 42.81555499983316], [-72.25088600015398, 42.815502000057734], [-72.24957399990174, 42.81549399967743], [-72.24460100015071, 42.81528900020392], [-72.23814500044323, 42.81502100014376], [-72.2379830000615, 42.81501599994965], [-72.23640499967048, 42.81496000012025], [-72.23639499962475, 42.815185999732996], [-72.23637700008139, 42.8155799999228], [-72.23620700020207, 42.81923300014215], [-72.23493500013282, 42.82259099969223], [-72.23403999963209, 42.82495500028692], [-72.23457000025984, 42.82915299981779], [-72.23458500032847, 42.82926999977082], [-72.23493299958469, 42.83203600025102], [-72.2348990001478, 42.83204199975455], [-72.23483100037573, 42.83205400007739], [-72.2346940001084, 42.832096999897594], [-72.23455600001613, 42.832163000268196], [-72.23451500000826, 42.83218600018116], [-72.22926400042287, 42.83335500017971], [-72.22954599955686, 42.83515900004452], [-72.22983299961203, 42.83700099991135], [-72.23080500010566, 42.843257000285696], [-72.22965400041022, 42.84322099990861], [-72.22256500014282, 42.84299800023396], [-72.22302200007731, 42.849098000154704], [-72.22367400000546, 42.85781800029763], [-72.2237400001277, 42.8587299999069], [-72.2236120000812, 42.866848000193905], [-72.22360299986036, 42.86742700032761], [-72.22352300039273, 42.87183299974195], [-72.22350599977597, 42.87277799991325], [-72.22349200043058, 42.8732849998032], [-72.22349400008041, 42.873401999794005], [-72.22348800023263, 42.87373800025626], [-72.22348099966162, 42.87415599990016], [-72.22347800018687, 42.874321000279586], [-72.22347700036198, 42.87437300030774], [-72.2234649997681, 42.8746810002344], [-72.2234649997681, 42.8750639998137], [-72.2234649997681, 42.87507499969088], [-72.22344700022474, 42.87541900012683], [-72.22277900040307, 42.88962100007295], [-72.22812100022503, 42.8908630000106], [-72.22893800000963, 42.89105300029979], [-72.23265399976002, 42.89191500026681], [-72.23584099960588, 42.892657000154934], [-72.23580399979595, 42.892715999762004], [-72.23247999968274, 42.898080999745716], [-72.22836100042454, 42.90472699993296], [-72.22772299984177, 42.90575699991069], [-72.22902599987319, 42.90592499977974], [-72.22973700025088, 42.90601599990145], [-72.23067200003626, 42.9058929996833], [-72.23124799979644, 42.90581799978291], [-72.23405600042395, 42.907106999968164], [-72.23407899999016, 42.90707499982737], [-72.23608500000336, 42.904260999717614], [-72.23614899957745, 42.90429100031482], [-72.24042099989484, 42.906229000196205], [-72.24053999972053, 42.90628299993157], [-72.2404960002379, 42.906931999776454], [-72.24069100023158, 42.906934000037154], [-72.2475140003602, 42.90699299980193], [-72.24838399984826, 42.907000000049095], [-72.2481980000754, 42.90788099971195], [-72.2481550004177, 42.90808700001923], [-72.24809699979306, 42.90836099972527], [-72.24751900038308, 42.91110900003879], [-72.24749900029157, 42.91120399998905], [-72.24845300034353, 42.91119700021932], [-72.24955899983314, 42.91118899972962], [-72.25003199966115, 42.911104999788336], [-72.2505070000373, 42.911102000258275], [-72.2514009998148, 42.911096999944625], [-72.25193700029031, 42.91109499981902], [-72.25233999979814, 42.91109200028848], [-72.2525549998833, 42.911091000225596], [-72.25435000000928, 42.91108900009984], [-72.254400000238, 42.911091000225596], [-72.25456400026954, 42.911096999944625], [-72.25513500000685, 42.91109000016275], [-72.25578500028517, 42.91108200031706], [-72.25679600023852, 42.911080000191], [-72.25723399990645, 42.91108200031706], [-72.25954899971612, 42.91106700002792], [-72.26013399969713, 42.91106700002792], [-72.26156800014812, 42.91106700002792], [-72.26169500036971, 42.911065999964684], [-72.26301799959431, 42.91105900017929], [-72.26351600043498, 42.911052999798656], [-72.26368899978904, 42.911050999671616], [-72.26445200004527, 42.911050999671616], [-72.26514699963114, 42.911047000075385], [-72.26733599994245, 42.91103600003289], [-72.26752199971529, 42.91103600003289], [-72.26826800025307, 42.91103600003289], [-72.26834600007088, 42.91103600003289], [-72.2683899995535, 42.91103600003289], [-72.26884599966309, 42.91103600003289], [-72.26918700014492, 42.91103600003289], [-72.27035700010696, 42.91103600003289], [-72.27051100009274, 42.91103299984153], [-72.27068099997206, 42.91103000030797], [-72.27079899997283, 42.91102800018023], [-72.27119900000591, 42.91102299986053], [-72.27192899975186, 42.91101299987796], [-72.27238599968638, 42.911020999732564], [-72.2729659996445, 42.91100600008654], [-72.27411100039048, 42.91099800022994], [-72.27527100030676, 42.91100600008654], [-72.27575900020338, 42.91100600008654], [-72.27651300023881, 42.9110009997651], [-72.2769640003255, 42.91099800022994], [-72.2779560000123, 42.910989999714396], [-72.27942100042542, 42.91097500006083], [-72.28090100000881, 42.91097500006083], [-72.28237599956937, 42.910973999996045], [-72.28304199974123, 42.91097099980167], [-72.28384600000535, 42.9109670002002], [-72.28531100041846, 42.91095999974566], [-72.28538000001542, 42.91095899968064], [-72.28564699997914, 42.91095899968064], [-72.2861800000816, 42.91095500007839], [-72.28677599993327, 42.91095199988308], [-72.28759199989295, 42.91094600014999], [-72.28824100034639, 42.91094400001952], [-72.28974600004415, 42.91094400001952], [-72.29123700039653, 42.91092299996147], [-72.29132199988703, 42.910921999895855], [-72.29111099999984, 42.910722000265594], [-72.29077799991391, 42.910309000051065], [-72.29036700001016, 42.90974199999947], [-72.28935799970662, 42.90848599983491], [-72.28914699981944, 42.908166000232335], [-72.28899200000875, 42.9078900000879], [-72.28884999971851, 42.907593000146925], [-72.28875000015941, 42.90732699999307], [-72.28872599986997, 42.90726299992323], [-72.28857600008213, 42.906603000097675], [-72.2885519997927, 42.90651200018451], [-72.28854000009711, 42.90646599977961], [-72.28822000042999, 42.905229999849595], [-72.28797500020761, 42.90440900024116], [-72.28766200021316, 42.903735999734266], [-72.28726499965481, 42.902746999794445], [-72.28677299956021, 42.901763999751296], [-72.28612700037816, 42.90033700001723], [-72.28586500043733, 42.899985999940235], [-72.28559900029855, 42.899642999854414], [-72.28534200038061, 42.899353000121636], [-72.28504799975443, 42.898910999761426], [-72.28477900014092, 42.89842799972307], [-72.28468000040671, 42.89809900006758], [-72.28460800043668, 42.89750100001718], [-72.28448700006285, 42.89709899996345], [-72.28432499968113, 42.896785999912595], [-72.28419300033498, 42.89654300015053], [-72.28377099966227, 42.89612500015028], [-72.28367000027825, 42.89602400012514], [-72.28352499961497, 42.895799000327855], [-72.28353399983581, 42.8955920001052], [-72.28357200036896, 42.895369000025696], [-72.28368199997382, 42.894826000051324], [-72.28375999979161, 42.894254999714306], [-72.28383699978453, 42.89398099983416], [-72.28429899974189, 42.89303300017603], [-72.28449100026081, 42.89273399967551], [-72.28461099991141, 42.89259599976558], [-72.28477800031598, 42.89245499976762], [-72.28483600004232, 42.89240600028099], [-72.28672900007759, 42.89098199969905], [-72.28708999975262, 42.89060400020472], [-72.28724000043876, 42.89036700019682], [-72.28714199963116, 42.88997199991501], [-72.28706100033861, 42.88958399998637], [-72.28680100004762, 42.889047000304345], [-72.28679699984966, 42.888967999944384], [-72.28678400032919, 42.88874500026526], [-72.28682299978894, 42.888534000319424], [-72.28702100015563, 42.888051999738195], [-72.2874119999679, 42.88738000016861], [-72.28768200030463, 42.887017999677894], [-72.28764100029676, 42.88700499970623], [-72.28746300002153, 42.886890000090574], [-72.28720899957833, 42.88664199984632], [-72.28705700014065, 42.886464000075534], [-72.28681000026845, 42.886254000033134], [-72.28665600028266, 42.8861840002989], [-72.28659400035839, 42.88615599972481], [-72.2853979995588, 42.88580700017645], [-72.28458999999502, 42.88555100031799], [-72.28444199985701, 42.88550000031441], [-72.28434700032078, 42.885483000084434], [-72.28433999974976, 42.88531399998283], [-72.28435499981838, 42.88506599998468], [-72.28439500000135, 42.88486699989696], [-72.28453800011648, 42.8840690000228], [-72.28458900017009, 42.88377999996217], [-72.28465100009439, 42.883436000061174], [-72.28486199998157, 42.88250300025243], [-72.2850460001046, 42.88168900000126], [-72.28539199971101, 42.88010799979856], [-72.28571099955325, 42.878732000264165], [-72.28577599985056, 42.87849899979748], [-72.2859130001179, 42.877794000033695], [-72.28707700023216, 42.87885599995317], [-72.28824600036924, 42.87994099993259], [-72.28841299987552, 42.88009600025293], [-72.28874799961126, 42.880419999673386], [-72.28892900025956, 42.880594000171484], [-72.28930599982809, 42.880933999887475], [-72.28938899966879, 42.88100899977591], [-72.28950500001973, 42.88111400025644], [-72.2897219997547, 42.881275000251215], [-72.29128300042728, 42.88221499996961], [-72.29172500029317, 42.88246199971139], [-72.29194500040118, 42.88255699970322], [-72.29227099991611, 42.88260800016509], [-72.29273600024652, 42.88264300009625], [-72.29287000014081, 42.88265399993886], [-72.29321599974725, 42.882696000217514], [-72.29341400011394, 42.88272100013473], [-72.29425600001292, 42.88284799995263], [-72.29452799999947, 42.88267800000756], [-72.29464600000024, 42.88258199967676], [-72.29478300026761, 42.88235999982065], [-72.29544100004354, 42.88136900020926], [-72.2956989997864, 42.88108099989898], [-72.29669499967115, 42.880204999934996], [-72.29686500044878, 42.88009499968725], [-72.29706799994005, 42.87996499974009], [-72.29744500040691, 42.879827000225674], [-72.29770899999757, 42.879742999683195], [-72.29790499981614, 42.879739000030696], [-72.29851099971356, 42.879770999876726], [-72.2992110002206, 42.87979999996975], [-72.2999359999437, 42.879811000319236], [-72.30074299968254, 42.879762999916764], [-72.3012540000437, 42.87971300030809], [-72.30186400013909, 42.87961500014134], [-72.30229199976125, 42.879514999985325], [-72.30249000012796, 42.87945700017609], [-72.30324300033847, 42.879233999686605], [-72.30374600030372, 42.87908500003507], [-72.30458700037777, 42.87883600008389], [-72.30499099971048, 42.87864599968581], [-72.30558400008742, 42.87830399999641], [-72.30625699993197, 42.87784699971231], [-72.30666299981283, 42.87760299977076], [-72.30699699972368, 42.87742199974112], [-72.30706399967082, 42.8773959997005], [-72.3072300002505, 42.87733100020941], [-72.30797400024018, 42.87716000024895], [-72.30863100019118, 42.87704600001202], [-72.30909499979838, 42.876973999788504], [-72.30945999967136, 42.876939999891505], [-72.30971300028968, 42.87691700018289], [-72.31029099969966, 42.876905999975726], [-72.31077299974851, 42.876876999839176], [-72.31120999959153, 42.87679799969309], [-72.31250400030041, 42.87647600027645], [-72.31282300014264, 42.876357000252845], [-72.31323900006925, 42.87621599999976], [-72.31342099964412, 42.87616700012116], [-72.31361900001085, 42.87613900026713], [-72.31376700014884, 42.876072000165095], [-72.3139320000053, 42.87597800003691], [-72.31441900007702, 42.875672999937564], [-72.31479499982063, 42.87541000027764], [-72.31487099998863, 42.87535699982245], [-72.31536700028119, 42.87499199991089], [-72.31570399966675, 42.874697000154434], [-72.31600699961547, 42.87436800030691], [-72.31637400003657, 42.87392999998121], [-72.3164040001738, 42.8738850002947], [-72.31660599984016, 42.873583999777686], [-72.31678800031338, 42.873377000050894], [-72.31699900020057, 42.873184999922216], [-72.31723000017924, 42.873027999973075], [-72.31744100006642, 42.87290299974055], [-72.31797800036685, 42.87273900020497], [-72.31817400018545, 42.872696999731964], [-72.31838699972245, 42.872650999776745], [-72.31872999985413, 42.872554000274015], [-72.31877400023507, 42.87254099988789], [-72.31969399995182, 42.872206000185855], [-72.3202060001379, 42.87203399981118], [-72.32053400020096, 42.87194599969439], [-72.32084800002032, 42.87169199968601], [-72.32096699984602, 42.87158600024423], [-72.32133000006918, 42.87125999976437], [-72.32145100044299, 42.871142000268904], [-72.32164899991142, 42.87092899991662], [-72.32208800030254, 42.87029800024596]]]}}, {"type": "Feature", "properties": {"tract_id": "33005970100", "name": "Tract Census Tract 9701", "pct_white_2020": 95.1, "pct_black_2020": 0.0, "pct_hispanic_2020": 2.5, "pct_asian_2020": 0.4, "population_2020": 4223, "is_sample_data": false, "pct_white_1970": 98, "pct_black_1970": 22.7, "pct_hispanic_1970": 1, "pct_asian_1970": 0.9, "pct_white_1990": 95, "pct_black_1990": 24.8, "pct_hispanic_1990": 4.6, "pct_asian_1990": 1.5}, "geometry": {"type": "Polygon", "coordinates": [[[-72.37642399983774, 43.157730000075], [-72.37643899990633, 43.157684000163435], [-72.37631699970761, 43.156982000008334], [-72.37485399984263, 43.148211000099515], [-72.37482200005557, 43.148017000309224], [-72.37472999999407, 43.14749400028009], [-72.37463899975747, 43.14697199986805], [-72.37457799965809, 43.14672099995498], [-72.37450599968808, 43.146314000177085], [-72.37445800000751, 43.146038999926795], [-72.37399699987505, 43.14343099974846], [-72.37394800036957, 43.14315000027232], [-72.3738949997678, 43.14285200023772], [-72.37357400027575, 43.140880999721865], [-72.37356099985696, 43.140802000173245], [-72.37354699961327, 43.140719999737215], [-72.3734720001685, 43.140251999972044], [-72.37333699955097, 43.139482000030945], [-72.37284500035469, 43.136666999991895], [-72.37280099997376, 43.1364119997044], [-72.37273800022457, 43.13605200030304], [-72.37265600020882, 43.13558400020724], [-72.37215099969542, 43.13268200027824], [-72.37204500028854, 43.13211800007294], [-72.37199900025779, 43.131912000068105], [-72.37159400020182, 43.12949400012322], [-72.37141900029964, 43.12844799992075], [-72.37129000042822, 43.12769499971779], [-72.37084000016641, 43.125062999942124], [-72.37050399970744, 43.12341299976158], [-72.36978499983212, 43.11939300028617], [-72.36954200015788, 43.118033999905066], [-72.36949699995203, 43.11768299971353], [-72.36890100010037, 43.11432599991169], [-72.36882499993239, 43.11404399977191], [-72.36838200024161, 43.11157199996391], [-72.36835200010437, 43.11132800027765], [-72.3676070002898, 43.10716100009353], [-72.36685599972911, 43.10296599987677], [-72.3668259995919, 43.10289799973713], [-72.36652500019133, 43.10116599969455], [-72.36647599978753, 43.100880000201634], [-72.36606300023396, 43.09850300004584], [-72.36528499990911, 43.094093999832936], [-72.36494699980031, 43.092224999986556], [-72.36485100043916, 43.0916959999321], [-72.36475500017967, 43.09116199978787], [-72.36467499981373, 43.0907240002775], [-72.36463899982873, 43.09052399991166], [-72.36447700034535, 43.08962599992252], [-72.3639540002886, 43.086735000212556], [-72.3632439997358, 43.082758000263766], [-72.36322100016959, 43.08263100004879], [-72.36320299972793, 43.08252799982571], [-72.3631650000931, 43.082315000184664], [-72.36279799967198, 43.08026200031703], [-72.362729000075, 43.07986200016288], [-72.36268200021934, 43.079634999852225], [-72.36158000002939, 43.0734569999347], [-72.3614679998764, 43.07280100029095], [-72.36120799958539, 43.0712680003036], [-72.36118800039222, 43.07114599967491], [-72.36118199964612, 43.071107000213374], [-72.36073800013043, 43.06843599975067], [-72.35988299981267, 43.06325599980185], [-72.3596240002449, 43.061790999897426], [-72.35959499993258, 43.0616230001287], [-72.35948600015264, 43.06098199969656], [-72.358525000428, 43.055175999744286], [-72.35791399960941, 43.05157499986838], [-72.3576449999959, 43.04991499971805], [-72.35721300017576, 43.04724999981561], [-72.3563429997894, 43.04206899971316], [-72.35576700002922, 43.038588999842396], [-72.35486800022885, 43.03313100027266], [-72.35416100004912, 43.028802000249485], [-72.3533090001044, 43.023685000063146], [-72.3532100003702, 43.023089000247346], [-72.35273699964387, 43.020274999754946], [-72.35222299980798, 43.017143999847036], [-72.3518720001787, 43.01510399998149], [-72.35185700011007, 43.01501399982708], [-72.35184100021655, 43.01492400019768], [-72.35260799977245, 43.01496400026817], [-72.35271599972747, 43.01496999971821], [-72.35287899993409, 43.014977999859795], [-72.35390099975812, 43.015023000308254], [-72.35493900037396, 43.01507699988332], [-72.35631199982724, 43.015145000278075], [-72.35767099993515, 43.015214000282946], [-72.35905500015741, 43.0152899999701], [-72.35988299981267, 43.01531299992601], [-72.35990399972907, 43.01501900024055], [-72.36032600040177, 43.00943900021773], [-72.36063600002318, 43.00531300007719], [-72.36069899977235, 43.00448099993383], [-72.36076800026765, 43.00356399986255], [-72.36081799959805, 43.00252099984318], [-72.36088500044353, 43.00113300007607], [-72.36093599959884, 43.00006900029602], [-72.36096599973605, 42.9998869999405], [-72.36118900021714, 42.99759999994968], [-72.3613070002179, 42.9963890001628], [-72.36151599955697, 42.99424100000297], [-72.36168999963424, 42.9923080000693], [-72.36224799985106, 42.986116000094285], [-72.36261299972405, 42.98261799979109], [-72.3627209996791, 42.981583999895065], [-72.3627349999228, 42.98145800002325], [-72.36276500006002, 42.98116200015354], [-72.36279400037233, 42.98087400015584], [-72.3628629999693, 42.98020399980645], [-72.36324000043615, 42.97653400026375], [-72.36226299991968, 42.976716999766495], [-72.36082900036703, 42.97699900030443], [-72.35939499991605, 42.97727400005899], [-72.35796100036339, 42.977556000014204], [-72.3565410001561, 42.97782300018522], [-72.35512299959866, 42.97809899983015], [-72.35509199963653, 42.97810500025155], [-72.35364200019033, 42.978394999987096], [-72.35217900032535, 42.978677000059], [-72.35215800040895, 42.97868099986426], [-72.35145200005412, 42.97881900021622], [-72.35124299981675, 42.97885900013651], [-72.35072700033102, 42.97895999977016], [-72.34927799981143, 42.97925000007369], [-72.34781300029664, 42.97953200016759], [-72.3476490002651, 42.97956400012914], [-72.34634799988353, 42.979821999744885], [-72.34489800043734, 42.980103999844175], [-72.3435719999414, 42.980361000227425], [-72.34344899991774, 42.98038499971228], [-72.34210400005354, 42.98064599991288], [-72.34198400040296, 42.98066800010576], [-72.34053400005845, 42.98095000026802], [-72.33984500032035, 42.98107899993201], [-72.33906899964533, 42.98122500009643], [-72.33760400013053, 42.98150699967548], [-72.33717599961004, 42.98159100020893], [-72.33615399978602, 42.98179000016199], [-72.33473500030199, 42.982063999951436], [-72.33330199967592, 42.98234699984557], [-72.3320270001319, 42.98258600010464], [-72.33188300019187, 42.98261300002603], [-72.33044899974088, 42.9828859998792], [-72.32903199990668, 42.98315599987041], [-72.32760500002671, 42.983427999738375], [-72.32751100031538, 42.98344600009792], [-72.31618099969273, 42.98561200006782], [-72.31506299960925, 42.98581399998265], [-72.3147000002844, 42.98587900008412], [-72.31424800037279, 42.98596100023537], [-72.31325599978769, 42.98613999996117], [-72.31174000021927, 42.98641299992333], [-72.3111660001089, 42.9865220001954], [-72.31025999973753, 42.98669500001936], [-72.3087790003292, 42.986955000229266], [-72.30728399977885, 42.98723699981021], [-72.30702500021108, 42.98729799981966], [-72.30678300036175, 42.98735300025031], [-72.30546799973646, 42.98764899988285], [-72.30464500010409, 42.98781699982162], [-72.30314899972882, 42.98813799971861], [-72.3016540000768, 42.98846600009877], [-72.30014299963293, 42.98880200030816], [-72.29863200008737, 42.989122000208035], [-72.29713700043536, 42.98944999993704], [-72.29623500026193, 42.98964200002404], [-72.29562699981638, 42.9897699997488], [-72.29500699967527, 42.98990999971753], [-72.29410799987491, 42.99011099987071], [-72.29263499996418, 42.990433999792664], [-72.29114500033504, 42.99075300031174], [-72.2896299996932, 42.99108300003541], [-72.28813400021626, 42.99140299988728], [-72.28784600033617, 42.991466999920526], [-72.2866239995973, 42.99173899981127], [-72.28624600020385, 42.99182200009622], [-72.28512899994527, 42.99206700003031], [-72.28363299957, 42.992387000015434], [-72.28212200002446, 42.99271500006152], [-72.28062700037243, 42.993043000328306], [-72.27911599992856, 42.993371000158625], [-72.277605000383, 42.99369199996032], [-72.27610999983267, 42.99401200002605], [-72.27459900028711, 42.994339999941126], [-72.27310399973676, 42.99467600023438], [-72.27160800025982, 42.99500399989065], [-72.27009799964087, 42.99532499970416], [-72.26860200016392, 42.995652999838676], [-72.26709200044327, 42.99598100019356], [-72.26559600006803, 42.996301000166646], [-72.26433099967146, 42.99657900027711], [-72.26410499971566, 42.99662799970299], [-72.26320699974019, 42.99682300031615], [-72.26292200023315, 42.996884999994016], [-72.26258999997214, 42.99695700009243], [-72.2610950003201, 42.997292999874205], [-72.25958399987621, 42.99761300024221], [-72.25885599978008, 42.99777000022196], [-72.25807499998051, 42.997940999990384], [-72.25767800032045, 42.99802800030087], [-72.25508300012831, 42.99858999979902], [-72.25141000003562, 42.99954800006821], [-72.25107199992682, 42.99963600001324], [-72.24957499972666, 43.00002699985754], [-72.2495429999396, 43.00002899972262], [-72.24950699995459, 43.000032000177136], [-72.24955499963517, 43.000101000079006], [-72.24957399990174, 43.00013000005271], [-72.24961999993249, 43.00035200007758], [-72.2496690003363, 43.000581000079556], [-72.24978300013912, 43.00111899995657], [-72.24981300027636, 43.00125699986923], [-72.24984000004054, 43.00138399980056], [-72.24991700003342, 43.001746999739794], [-72.25050500038749, 43.00450300013634], [-72.2515280000364, 43.00918700011823], [-72.25230600036126, 43.01275699968869], [-72.25231999970666, 43.01282000008978], [-72.25355699961581, 43.018586000167446], [-72.25450499981997, 43.0230460002286], [-72.25546399989481, 43.027481999928455], [-72.25592099982929, 43.02962599971788], [-72.25659399967384, 43.03277699983555], [-72.2570189998213, 43.03472399995201], [-72.25738000039463, 43.03639700012059], [-72.25956899980763, 43.04653999995628], [-72.25938600040783, 43.04653299982056], [-72.25926000001112, 43.046508999912], [-72.25860700025805, 43.046387999737604], [-72.25805800026207, 43.04628799982028], [-72.25741700020454, 43.046197000246174], [-72.25720399976923, 43.0462500001372], [-72.25709300033945, 43.046338999962586], [-72.25701100032369, 43.046401000207254], [-72.25666999984183, 43.04663200016478], [-72.256624999636, 43.04669499994255], [-72.25659399967384, 43.046737999805785], [-72.25650199961235, 43.04707399969931], [-72.25639500038054, 43.0472649997425], [-72.2563640004184, 43.04741699975743], [-72.25638000031194, 43.04754700017969], [-72.25634900034979, 43.04764600020031], [-72.25631900021257, 43.047760999678864], [-72.25600200002015, 43.047773000045886], [-72.25580299982852, 43.047784999754064], [-72.25563399977412, 43.047793000214696], [-72.25558000024577, 43.04779600030512], [-72.253590999951, 43.047846000039684], [-72.24603100040373, 43.048646999894665], [-72.24590900020499, 43.04866200013637], [-72.24356799955773, 43.048896000149945], [-72.24017999987042, 43.049244999905916], [-72.2380039999779, 43.04946700028798], [-72.23374699972914, 43.049901999993146], [-72.22557600026158, 43.05073500022716], [-72.2217199998708, 43.05112900026141], [-72.21350699967215, 43.05196800001465], [-72.21336500028025, 43.05198199970112], [-72.21104700009751, 43.052219000051316], [-72.20971200027905, 43.052354999877466], [-72.20233299958343, 43.05310700030653], [-72.19953900009794, 43.053391000238136], [-72.19839599990011, 43.058176999965774], [-72.1983800000066, 43.05824499987386], [-72.19825799980785, 43.05875299981264], [-72.19799400021721, 43.05985800009015], [-72.195691999928, 43.069485999735164], [-72.19471899960949, 43.07355600012435], [-72.19468799964734, 43.07368700030185], [-72.19462999992102, 43.073927000221175], [-72.19409199979566, 43.07617999970142], [-72.193135000269, 43.08017599967754], [-72.19300899987229, 43.08070199970124], [-72.19119799985278, 43.088262999984316], [-72.19115400037016, 43.08844899997585], [-72.1897840003916, 43.09417099993487], [-72.18967899991131, 43.09460800001691], [-72.18866799995794, 43.0988329998424], [-72.18848399983492, 43.09960099998434], [-72.18830800010782, 43.10033400020277], [-72.18829399986413, 43.10037800009957], [-72.18822699991698, 43.10059700015891], [-72.18821699987123, 43.100630000270705], [-72.18817300038862, 43.1007710002497], [-72.1881159995889, 43.100954999785095], [-72.18742000017812, 43.10320200031551], [-72.18734800020809, 43.10343600006914], [-72.18666699996761, 43.105633999787855], [-72.18575399992356, 43.1085820002616], [-72.18332199993802, 43.11643099983506], [-72.18282599964544, 43.11803199995079], [-72.18204900004382, 43.12054000011853], [-72.1809629997474, 43.12404300015919], [-72.18064800010312, 43.12506100021759], [-72.18064300008027, 43.125077999840954], [-72.17849700032497, 43.13186599973675], [-72.17466400039872, 43.14424100008459], [-72.17383599984517, 43.1469189999122], [-72.17322499992488, 43.14888099991701], [-72.17320200035867, 43.14895600031499], [-72.1731069999241, 43.14913800022527], [-72.1730929996804, 43.14918000017802], [-72.17248599995807, 43.15032799994504], [-72.17092600000872, 43.153309999850336], [-72.1671840003191, 43.160494999892116], [-72.16011099994522, 43.174931000092265], [-72.15666100033361, 43.18196800013495], [-72.16313100028482, 43.18119500030035], [-72.16316800009474, 43.18119099993766], [-72.16734699962738, 43.180700999703724], [-72.16943300000653, 43.18044199994719], [-72.1724290000567, 43.18008399969642], [-72.17383900021821, 43.17991600017619], [-72.174245999924, 43.17986699976503], [-72.17916599997157, 43.179279000279806], [-72.1809629997474, 43.17906400003126], [-72.18621800042904, 43.17843599983897], [-72.18656300021054, 43.178398000233464], [-72.1892279998246, 43.17811200016807], [-72.19132500007437, 43.17788600027747], [-72.19850800005311, 43.177112999858835], [-72.20189200044078, 43.17674800007185], [-72.2048859999428, 43.1764259999704], [-72.20867899968607, 43.17601700016437], [-72.21315199984491, 43.1755190001763], [-72.21446900012002, 43.175370999681185], [-72.21845799968187, 43.17492799967626], [-72.21891100031671, 43.17488099990863], [-72.21971600040574, 43.17479699992719], [-72.21978400017781, 43.17479000003267], [-72.2205010004033, 43.174714999896224], [-72.22295400030524, 43.17445999979145], [-72.22399500039583, 43.174328999693586], [-72.22455500026248, 43.174277000246946], [-72.22563900001077, 43.174161999776466], [-72.22685300035373, 43.174032999782845], [-72.22696700015653, 43.17402000018986], [-72.22911100026201, 43.173766000179675], [-72.2344980002898, 43.1731869997901], [-72.23487999988123, 43.17314599969018], [-72.24028100015276, 43.17256100021964], [-72.24419899956949, 43.17216700021805], [-72.24600399974123, 43.171980999793014], [-72.24957399990174, 43.171568000015114], [-72.2527940002579, 43.17122600028219], [-72.25581000039953, 43.17084300026395], [-72.2559979998222, 43.17081299998492], [-72.25907900026115, 43.17041500008591], [-72.25924800031558, 43.170386000028124], [-72.26187699994459, 43.17003300000538], [-72.262482999842, 43.169951999912875], [-72.26455400015254, 43.169682999926735], [-72.26582700004671, 43.169517999989594], [-72.26701600027529, 43.16936399995185], [-72.27038999971892, 43.16891800021304], [-72.27084900020154, 43.16885799971468], [-72.27813500011244, 43.16816799990247], [-72.27904399995853, 43.16808099976304], [-72.2828779997097, 43.16771400007788], [-72.28320999997072, 43.1676819999312], [-72.28375200029402, 43.16762600012555], [-72.28466399961486, 43.16753899986935], [-72.28686799999477, 43.167320000257384], [-72.29062800012609, 43.16695200009858], [-72.29130799964334, 43.16688500014446], [-72.29577900015234, 43.166434999976055], [-72.29750300013323, 43.16625900019064], [-72.29761500028623, 43.16624700009745], [-72.29942600030576, 43.16605299990194], [-72.3006349997275, 43.165939000175094], [-72.30266800040322, 43.16574799986859], [-72.30395800001583, 43.1656260000841], [-72.30694999986802, 43.165344999777076], [-72.30813900009662, 43.165229000317986], [-72.31148099975317, 43.16489300032548], [-72.31482199958484, 43.16456500007899], [-72.31691100033702, 43.1643620002548], [-72.32059100010238, 43.16399300008627], [-72.32657300015694, 43.16339199987736], [-72.33213900028491, 43.162841999805856], [-72.33156199980151, 43.16038500003791], [-72.33062100016834, 43.15640499976707], [-72.33053999997749, 43.1560739997907], [-72.33032599971725, 43.15516599984265], [-72.33176000016823, 43.15524999995387], [-72.3318220000925, 43.15525400004989], [-72.33188700038983, 43.155257000121736], [-72.33317899965226, 43.15533399994956], [-72.33459800003463, 43.155410000314276], [-72.336017000417, 43.15550200024988], [-72.33749799982533, 43.155577999750335], [-72.33896300023842, 43.15567700020816], [-72.33948700012009, 43.15570199997401], [-72.34045799989048, 43.15574600003518], [-72.3419230003036, 43.155845000220836], [-72.34326599961963, 43.15592099994998], [-72.34460899983402, 43.155998000251785], [-72.34595100022351, 43.15608199987461], [-72.34729400043787, 43.15614999989037], [-72.34771700003716, 43.15618300018878], [-72.34837200033839, 43.15621799983051], [-72.34852999962382, 43.15622699990361], [-72.34864699979968, 43.15623299995164], [-72.34976599970807, 43.15629499975801], [-72.34985799976958, 43.156302999813036], [-72.34999199966389, 43.15630899985355], [-72.35010700018992, 43.156312999880306], [-72.35100199979233, 43.15637200024387], [-72.35223799987658, 43.156455000003554], [-72.35347399996084, 43.1565240002628], [-72.3544349996855, 43.156577999755996], [-72.35541200020197, 43.15662299984329], [-72.35684699957955, 43.15671499991865], [-72.35831100016776, 43.15679099987642], [-72.35976099961394, 43.15686699973965], [-72.36039099980079, 43.15690600028808], [-72.36083799968954, 43.15692600022363], [-72.36121099995843, 43.15695100013387], [-72.36250800014206, 43.15701999983299], [-72.3638200003943, 43.15709600006673], [-72.36412599981774, 43.157113999953026], [-72.36511699967963, 43.15717300019851], [-72.36641399986325, 43.157249000241954], [-72.36919099963029, 43.15740100004527], [-72.37065600004341, 43.157493000259905], [-72.37148200004884, 43.15753199975347], [-72.37161799959296, 43.15753900031526], [-72.37259400028454, 43.15760000012159], [-72.37358599997133, 43.1576380002172], [-72.3744300004184, 43.15766399982067], [-72.37456199976458, 43.15766899974318], [-72.37457799965809, 43.15766899974318], [-72.37537100005157, 43.157691000052495], [-72.3763870000278, 43.15772800010804], [-72.37642399983774, 43.157730000075]]]}}, {"type": "Feature", "properties": {"tract_id": "33005970700", "name": "Tract Census Tract 9707", "pct_white_2020": 95.3, "pct_black_2020": 0.0, "pct_hispanic_2020": 2.3, "pct_asian_2020": 0.6, "population_2020": 3394, "is_sample_data": false, "pct_white_1970": 98, "pct_black_1970": 28.5, "pct_hispanic_1970": 5.4, "pct_asian_1970": 0.4, "pct_white_1990": 95, "pct_black_1990": 29.1, "pct_hispanic_1990": 3.6, "pct_asian_1990": 0}, "geometry": {"type": "Polygon", "coordinates": [[[-72.33968799996153, 42.7952250000934], [-72.3395940002502, 42.79471300026539], [-72.33780300032215, 42.785358999954376], [-72.33700499990582, 42.781150000169994], [-72.3369329999358, 42.78077300029646], [-72.33606300044775, 42.77618800012365], [-72.33369800040936, 42.76459899978567], [-72.3336029999748, 42.76409900021536], [-72.33319999956866, 42.76197899991923], [-72.33317899965226, 42.76186799967749], [-72.33307999991806, 42.7613719998929], [-72.33259899969413, 42.75888500021489], [-72.33146999974, 42.75315500031743], [-72.33104700014069, 42.75008099999419], [-72.33104299994272, 42.75006300006005], [-72.32994499995074, 42.743832000241824], [-72.32986799995784, 42.74333599991305], [-72.32855599970561, 42.73576799981402], [-72.32777800027905, 42.73126699999981], [-72.32750799994233, 42.72972000014968], [-72.32745600006379, 42.729500000119955], [-72.32722799955985, 42.728276000092194], [-72.3262819999038, 42.72286700028954], [-72.32576300004504, 42.72285899981425], [-72.3244659998614, 42.72282900016761], [-72.32303200030876, 42.72279100002245], [-72.32158299978916, 42.72274500002393], [-72.32029499982637, 42.72271799976507], [-72.32002600021285, 42.722713999847926], [-72.31868299999847, 42.722669000267345], [-72.31723299965395, 42.722638000053315], [-72.31578400003269, 42.72260800029981], [-72.3143339996882, 42.72256200016565], [-72.31288500006691, 42.722523999856904], [-72.31143499972242, 42.722486000184894], [-72.30998500027623, 42.722447000010966], [-72.30855099982524, 42.7224170001651], [-72.30710100037908, 42.7223789997676], [-72.30565199985946, 42.72234100000673], [-72.30481199961035, 42.7223189999956], [-72.30476300010486, 42.7223169996942], [-72.30473600034068, 42.72231800017489], [-72.3041870003447, 42.72231000028876], [-72.30273700000018, 42.72227199982567], [-72.30124200034815, 42.72221900002669], [-72.29986800017163, 42.722173000264036], [-72.29823600025225, 42.722111999808824], [-72.29672499980838, 42.72206599996689], [-72.29629800001113, 42.72205800004827], [-72.29521400026282, 42.72202000009079], [-72.29370399964387, 42.72196700007649], [-72.29365000011552, 42.72196499976379], [-72.29243699959747, 42.72192100012705], [-72.29216700015905, 42.72191300018974], [-72.29069699972305, 42.721860000084035], [-72.29022499971995, 42.72185200013885], [-72.28918700000241, 42.72180600010409], [-72.28767599955854, 42.721767999992274], [-72.28637900027323, 42.7217229997256], [-72.28599599995859, 42.7217090001199], [-72.28509700015822, 42.72167700025517], [-72.28379999997459, 42.72163100009066], [-72.28306799968048, 42.72161599997226], [-72.28304500011427, 42.72161500014021], [-72.2825189996845, 42.721600999850224], [-72.28123699956949, 42.72155500028934], [-72.27994000028417, 42.72151700002379], [-72.27984599967452, 42.7215139998629], [-72.27693500001318, 42.72144599991683], [-72.27554499994314, 42.721401999912025], [-72.27408000042834, 42.72136400021273], [-72.27261500001522, 42.72133300000661], [-72.27115100032532, 42.72129500026506], [-72.27005900018112, 42.72127299988303], [-72.2696850000873, 42.72126499986216], [-72.26823599956772, 42.72122700007896], [-72.26675599998431, 42.72118900027249], [-72.26529099957118, 42.72114999994323], [-72.26385700001853, 42.72110499988825], [-72.26326700001464, 42.72108499977999], [-72.26264900042167, 42.721065000325254], [-72.26250100028366, 42.72106100030159], [-72.26242199974264, 42.721058999959624], [-72.26098800018998, 42.72102100005026], [-72.26001200039671, 42.72098300011763], [-72.259553999739, 42.72096700000007], [-72.25811900036143, 42.72092900003436], [-72.25669999997908, 42.72087599974807], [-72.2552660004264, 42.72083000030963], [-72.25383100015051, 42.720784000177126], [-72.25239699969954, 42.72073800001053], [-72.25096300014688, 42.720685000221046], [-72.24956999970378, 42.72073800001053], [-72.24820899994606, 42.720703999951546], [-72.24771400037673, 42.72069199980981], [-72.2395520002317, 42.72048400028423], [-72.23937399995647, 42.72048000022306], [-72.23509800033943, 42.72037099994193], [-72.23018800033759, 42.72024499997162], [-72.22363999967027, 42.72007500011956], [-72.22239699991333, 42.72004399992939], [-72.22234000001193, 42.720043000072], [-72.22225799999615, 42.720040999697275], [-72.22136800041662, 42.72001799967279], [-72.2104830000329, 42.71974899972914], [-72.20356700001786, 42.719578999838035], [-72.20267800026323, 42.71955600030229], [-72.19034500008316, 42.7192420002494], [-72.18990999988998, 42.719230999695384], [-72.18205499989162, 42.71903100020195], [-72.17684399959089, 42.71889699982426], [-72.17493800003513, 42.71884799994885], [-72.17476200030804, 42.71884399978221], [-72.17163099964034, 42.71876399969522], [-72.17148199967743, 42.71876000018311], [-72.16854000005394, 42.718685999923565], [-72.15341300038838, 42.71829999979664], [-72.14537900028986, 42.71809499983875], [-72.1264790000742, 42.71761399999909], [-72.12610499998038, 42.71760399971315], [-72.12529999989134, 42.717582999899385], [-72.12515400030149, 42.71758000020829], [-72.1245550000768, 42.71756499977049], [-72.11105899960738, 42.717205999959525], [-72.09837300014819, 42.71682400016325], [-72.08931700022566, 42.716550999918496], [-72.08603699959507, 42.71645199980864], [-72.08327700044478, 42.716370000104696], [-72.08136900034087, 42.716312000297], [-72.07862500018578, 42.716229999748045], [-72.07866700001858, 42.716514999716836], [-72.07873800016368, 42.716993999682224], [-72.07963699996407, 42.723187999782795], [-72.07974699956893, 42.7239329997822], [-72.07979699979762, 42.72427700013327], [-72.08091099968316, 42.73192100008607], [-72.08162200006085, 42.73680300022784], [-72.08166600044179, 42.73710599978619], [-72.08355399955589, 42.75006500012629], [-72.08355899957876, 42.7500880002237], [-72.08416399965125, 42.75348599982444], [-72.08504999993114, 42.75846100022089], [-72.08817400002782, 42.775997999792764], [-72.0882290002794, 42.776308999815356], [-72.08847199995365, 42.77766800026989], [-72.08864699985583, 42.77865000029707], [-72.09125700011661, 42.79329299989228], [-72.09125999959134, 42.79330799980885], [-72.09792000041165, 42.79345100014933], [-72.10175599981262, 42.79353300009874], [-72.10694399964882, 42.79364200030536], [-72.11098099978956, 42.79372899993943], [-72.11209800004815, 42.7937520003072], [-72.11901800026114, 42.793900000204886], [-72.12359199980398, 42.79399699996809], [-72.12456000009965, 42.79401700028774], [-72.12484299995687, 42.7940190002534], [-72.12603999968307, 42.7940290000809], [-72.12620200006478, 42.79403000006354], [-72.12988100000523, 42.7940560002662], [-72.1315199995973, 42.80405699980599], [-72.13186399955389, 42.806151000000995], [-72.13259699967288, 42.81061899974254], [-72.14823100039997, 42.81065599971428], [-72.14874100003792, 42.81065700008724], [-72.1603150001597, 42.81068900015127], [-72.16202900009485, 42.810694000036264], [-72.16233299986848, 42.810694999749586], [-72.16268900041894, 42.8106960001219], [-72.16387100007653, 42.81069800020753], [-72.16392399977997, 42.81069800020753], [-72.16396899998581, 42.81069800020753], [-72.16452100035487, 42.8106960001219], [-72.1685020004191, 42.81068000009375], [-72.16780600011, 42.80536400001724], [-72.16761100011635, 42.80387800002101], [-72.167473999849, 42.80283099997317], [-72.16728800007616, 42.801411999880486], [-72.16723500037271, 42.80100599997679], [-72.167882000278, 42.80102100000113], [-72.16857000019117, 42.801036999891295], [-72.1689600001785, 42.80104699990293], [-72.16905499971476, 42.8010490003005], [-72.16952000004517, 42.801059000310204], [-72.17146199958593, 42.801105000202185], [-72.18244400005402, 42.80135799998525], [-72.18416399983695, 42.80139899967814], [-72.18665000024919, 42.801458000169134], [-72.18788100031057, 42.80148700013288], [-72.18765399963152, 42.79993099996692], [-72.18748399975222, 42.79875300024104], [-72.18726600019232, 42.79725900020593], [-72.18694899999991, 42.79508199989703], [-72.1869199996876, 42.794879999913924], [-72.1880319999233, 42.794855000026814], [-72.18946399982615, 42.79482299968191], [-72.19702199972359, 42.79465100001672], [-72.19615100041064, 42.79043200008979], [-72.19717300023466, 42.790447000040515], [-72.21622300023813, 42.7907739999093], [-72.21665300040844, 42.79078400026108], [-72.2185370002229, 42.79080599971092], [-72.21855200029151, 42.79082899984652], [-72.21857400003283, 42.7910010002457], [-72.21888100017948, 42.793382000003255], [-72.21901599989869, 42.794447999969236], [-72.2192419998545, 42.79620399996589], [-72.22004699994355, 42.80247099968923], [-72.2201709997921, 42.802476000238435], [-72.223549000332, 42.80260999991162], [-72.22610500016609, 42.80270799970529], [-72.2348489999191, 42.80305100006748], [-72.23681099955135, 42.81017699977564], [-72.2368209995971, 42.81021300029065], [-72.2368270003432, 42.810233999702724], [-72.23692899955213, 42.81060400006826], [-72.23800700035096, 42.81452099981835], [-72.23806300042745, 42.81472300025724], [-72.23810199988719, 42.814865999868964], [-72.23814500044323, 42.81502100014376], [-72.24460100015071, 42.81528900020392], [-72.24957399990174, 42.81549399967743], [-72.25088600015398, 42.815502000057734], [-72.25222900036836, 42.81555499983316], [-72.25357199968444, 42.815608999855975], [-72.25368999968521, 42.815612999709366], [-72.25491499989882, 42.81565500013112], [-72.25630300031904, 42.81570799977538], [-72.25767699959724, 42.81576100003317], [-72.25904999994884, 42.81580700019524], [-72.2605529999968, 42.81587399979706], [-72.26181199964726, 42.815921999791726], [-72.26318499999887, 42.81597499986611], [-72.2640110000043, 42.81600400027301], [-72.26459699981022, 42.816020000241714], [-72.2647779995602, 42.8160310000943], [-72.2660379999339, 42.81608400007526], [-72.26755699987538, 42.81614200011426], [-72.26859600031614, 42.81618400017674], [-72.26988400027894, 42.81624200012195], [-72.271226999595, 42.816287999926175], [-72.27206799966905, 42.81632600008248], [-72.27256999980939, 42.816348999957654], [-72.27391800004663, 42.816399999764904], [-72.27406500035973, 42.81640999992896], [-72.27525500041322, 42.81645600026717], [-72.27658299966068, 42.81650100029276], [-72.27792599987505, 42.816555000148455], [-72.27854799966599, 42.81657600004303], [-72.27925300019591, 42.8166009997199], [-72.28005999993478, 42.81662900021584], [-72.2805960004103, 42.816646000298924], [-72.28193899972635, 42.816700000028], [-72.2832660000472, 42.81674600015053], [-72.28477699959276, 42.816799000177596], [-72.28630300010525, 42.81685200015928], [-72.28782899971942, 42.81689800016875], [-72.28934000016329, 42.816951000065586], [-72.28975899956463, 42.81696600017733], [-72.29012599998575, 42.81697899974404], [-72.29053900043763, 42.81699700000136], [-72.29067599980665, 42.817003000305604], [-72.29086599977745, 42.817005000187265], [-72.29120100041152, 42.816531999690994], [-72.2924679995596, 42.814693000259886], [-72.2937339997811, 42.81287700002593], [-72.29498599975888, 42.811046000278765], [-72.29625199998037, 42.8092310001132], [-72.29653700038573, 42.80882700026388], [-72.29685000038018, 42.808379000190456], [-72.29753400009537, 42.80740700019551], [-72.29880100014178, 42.8055759999857], [-72.29941100023713, 42.80565999993385], [-72.29982200014088, 42.80571400002866], [-72.30084499978979, 42.80584300032052], [-72.30231000020291, 42.806048999917195], [-72.30310799972094, 42.806157000039484], [-72.30377499971772, 42.80624799967274], [-72.30524000013084, 42.806446000324264], [-72.30670399982071, 42.80663699991284], [-72.30817000005875, 42.80684300016069], [-72.30890599965248, 42.806940999839405], [-72.30896799957678, 42.80694999978198], [-72.30961899968001, 42.80704100022581], [-72.31088599972644, 42.80718600000466], [-72.31213699987929, 42.80734599991157], [-72.31338800003216, 42.807498999732026], [-72.31463900018504, 42.8076439997554], [-72.31572299993333, 42.80778900009788], [-72.31702000011695, 42.80795699980143], [-72.3183320003692, 42.808108999673614], [-72.3196289996545, 42.80827699982615], [-72.31985200013557, 42.80830800005158], [-72.32054500007162, 42.80840699979582], [-72.32072800036973, 42.80844500018149], [-72.32115900036494, 42.808153000087195], [-72.32170300033808, 42.80778499973847], [-72.32210099982301, 42.80751400015927], [-72.32349000006815, 42.80656799997078], [-72.32474100022102, 42.80570599970022], [-72.32475600028964, 42.805682999821315], [-72.32602300033604, 42.804798000192136], [-72.32731999962135, 42.8039049998634], [-72.32860099991144, 42.80301300032278], [-72.32989800009507, 42.80211999993304], [-72.3311950002787, 42.80123500008446], [-72.33152400016667, 42.8010090002456], [-72.33185499970446, 42.80078199970766], [-72.33249300028723, 42.800343000276804], [-72.33302700021463, 42.799960999874116], [-72.33363700030999, 42.7995570001226], [-72.33385800024294, 42.79940100008689], [-72.33478200015765, 42.798748000050075], [-72.33503400005272, 42.798577999907195], [-72.33570000022459, 42.798125999768], [-72.33593799987595, 42.79796499982505], [-72.33708600009668, 42.797168999806324], [-72.33807799978345, 42.79650499991694], [-72.33836499983863, 42.79631400002798], [-72.33847199996875, 42.796282999724646], [-72.33854800013674, 42.79624199993753], [-72.33868500040408, 42.79616899981526], [-72.33903500020845, 42.795943999880805], [-72.33920300043795, 42.795806999751456], [-72.33925699996631, 42.79571000018852], [-72.33938699966264, 42.79558900018088], [-72.33957099978566, 42.79531400006264], [-72.33968799996153, 42.7952250000934]]]}}, {"type": "Feature", "properties": {"tract_id": "33005970800", "name": "Tract Census Tract 9708", "pct_white_2020": 97.1, "pct_black_2020": 0.0, "pct_hispanic_2020": 0.5, "pct_asian_2020": 0.0, "population_2020": 4142, "is_sample_data": false, "pct_white_1970": 98, "pct_black_1970": 23.6, "pct_hispanic_1970": 1.4, "pct_asian_1970": 2.0, "pct_white_1990": 95, "pct_black_1990": 27.4, "pct_hispanic_1990": 1, "pct_asian_1990": 1.2}, "geometry": {"type": "Polygon", "coordinates": [[[-72.23814500044323, 42.81502100014376], [-72.23810199988719, 42.814865999868964], [-72.23806300042745, 42.81472300025724], [-72.23800700035096, 42.81452099981835], [-72.23692899955213, 42.81060400006826], [-72.2368270003432, 42.810233999702724], [-72.2368209995971, 42.81021300029065], [-72.23681099955135, 42.81017699977564], [-72.2348489999191, 42.80305100006748], [-72.22610500016609, 42.80270799970529], [-72.223549000332, 42.80260999991162], [-72.2201709997921, 42.802476000238435], [-72.22004699994355, 42.80247099968923], [-72.2192419998545, 42.79620399996589], [-72.21901599989869, 42.794447999969236], [-72.21888100017948, 42.793382000003255], [-72.21857400003283, 42.7910010002457], [-72.21855200029151, 42.79082899984652], [-72.2185370002229, 42.79080599971092], [-72.21665300040844, 42.79078400026108], [-72.21622300023813, 42.7907739999093], [-72.19717300023466, 42.790447000040515], [-72.19615100041064, 42.79043200008979], [-72.19702199972359, 42.79465100001672], [-72.18946399982615, 42.79482299968191], [-72.1880319999233, 42.794855000026814], [-72.1869199996876, 42.794879999913924], [-72.18694899999991, 42.79508199989703], [-72.18726600019232, 42.79725900020593], [-72.18748399975222, 42.79875300024104], [-72.18765399963152, 42.79993099996692], [-72.18788100031057, 42.80148700013288], [-72.18665000024919, 42.801458000169134], [-72.18416399983695, 42.80139899967814], [-72.18244400005402, 42.80135799998525], [-72.17146199958593, 42.801105000202185], [-72.16952000004517, 42.801059000310204], [-72.16905499971476, 42.8010490003005], [-72.1689600001785, 42.80104699990293], [-72.16857000019117, 42.801036999891295], [-72.167882000278, 42.80102100000113], [-72.16723500037271, 42.80100599997679], [-72.16728800007616, 42.801411999880486], [-72.167473999849, 42.80283099997317], [-72.16761100011635, 42.80387800002101], [-72.16780600011, 42.80536400001724], [-72.1685020004191, 42.81068000009375], [-72.16452100035487, 42.8106960001219], [-72.16396899998581, 42.81069800020753], [-72.16392399977997, 42.81069800020753], [-72.16387100007653, 42.81069800020753], [-72.16268900041894, 42.8106960001219], [-72.16233299986848, 42.810694999749586], [-72.16202900009485, 42.810694000036264], [-72.1603150001597, 42.81068900015127], [-72.14874100003792, 42.81065700008724], [-72.14823100039997, 42.81065599971428], [-72.13259699967288, 42.81061899974254], [-72.13262799963503, 42.81077400011751], [-72.13657100006445, 42.830465999690404], [-72.13678100012673, 42.831515999782766], [-72.13716100006833, 42.83341099981793], [-72.13794199986792, 42.837316000123174], [-72.13852900039706, 42.84024199992138], [-72.13857700007765, 42.84047900010767], [-72.13868300038285, 42.841010000268085], [-72.13909299956336, 42.843059000257455], [-72.13914699999005, 42.84332699997088], [-72.13919999969347, 42.843593999999015], [-72.13926400016591, 42.843961999984366], [-72.13940599955781, 42.84461999995317], [-72.13976899978097, 42.84643100013988], [-72.13980800013904, 42.84661399973976], [-72.140213000195, 42.84848300007837], [-72.14044099980062, 42.84953199988371], [-72.14073500042682, 42.850892999959285], [-72.14093200007031, 42.85180100027628], [-72.14107600001034, 42.85248400003676], [-72.14133499957812, 42.8536610000151], [-72.1413899998297, 42.85390299977237], [-72.14143699968537, 42.854128999919354], [-72.14281599988476, 42.86049599969013], [-72.14370700018752, 42.864596000303024], [-72.14465200001864, 42.86896799998598], [-72.13761700017791, 42.86878500012553], [-72.1380730002875, 42.87113499990121], [-72.13814600008243, 42.871512000140996], [-72.1381660001739, 42.87164500025409], [-72.13891500018644, 42.875578999859925], [-72.13896299986703, 42.87585699975915], [-72.13896700006498, 42.87587999986285], [-72.13897799993563, 42.87593799974284], [-72.13899800002713, 42.876044000267974], [-72.14063900016733, 42.88495899999082], [-72.14174899985488, 42.88500899995573], [-72.14816100007978, 42.88529500005538], [-72.1501260000851, 42.89429400030203], [-72.15039200022387, 42.89551399988872], [-72.15127500013071, 42.89957199993018], [-72.15196700024183, 42.90274799999265], [-72.1531260003332, 42.908060999743725], [-72.15496800031487, 42.91653300010925], [-72.15503400043711, 42.916839000118486], [-72.15506299985113, 42.91697199987881], [-72.15521600001199, 42.917673000039905], [-72.15527700011135, 42.91795500016212], [-72.1558799996357, 42.92072299975066], [-72.15626299995037, 42.92248799967552], [-72.15627800001897, 42.92255500001156], [-72.15635400018695, 42.92291199973907], [-72.15648300005839, 42.92353999975251], [-72.15653199956385, 42.92377000020887], [-72.15764799999754, 42.92911600029227], [-72.15772199961737, 42.929470999960884], [-72.15812599984842, 42.93140600010977], [-72.15820600021436, 42.9317969997762], [-72.15858399960781, 42.933631000279746], [-72.1585970000266, 42.93370199977636], [-72.16633099965115, 42.932988000323725], [-72.16653900006362, 42.932966999885686], [-72.17227300042107, 42.93238599983425], [-72.17674099965872, 42.931930000133136], [-72.17993599990051, 42.93160599969581], [-72.18481199956715, 42.93111000010925], [-72.18833900006996, 42.93074999998694], [-72.18838199972767, 42.930745999696015], [-72.1923050000656, 42.93034300029973], [-72.19444499997309, 42.93012199980834], [-72.19668199996497, 42.92989200004715], [-72.19670799990423, 42.92988900011607], [-72.19679300029304, 42.929880000322], [-72.19703199976934, 42.92986100031391], [-72.200965000153, 42.92954800020261], [-72.20127700032255, 42.929523000194486], [-72.20178299976253, 42.92948299976571], [-72.20243399986576, 42.929431999921334], [-72.22000000008788, 42.92803300006535], [-72.22190700036687, 42.92786299970664], [-72.22192200043548, 42.924016000089786], [-72.22192200043548, 42.9239700002509], [-72.22193699960579, 42.917614999929405], [-72.22196400026827, 42.91412999990661], [-72.22196500009319, 42.913973000209616], [-72.22197400031402, 42.91204200004316], [-72.22196900029115, 42.912007999736744], [-72.22197000011606, 42.91182199974071], [-72.22265399983128, 42.911779000164046], [-72.22296199980283, 42.911759999836654], [-72.2285279999308, 42.911415000005846], [-72.22863699971074, 42.91140900031782], [-72.2287249995743, 42.911407000202324], [-72.22883000005459, 42.911406000144616], [-72.22894399985742, 42.91139300005029], [-72.22904699978959, 42.91138300012771], [-72.22983900035814, 42.91133399989149], [-72.23107999956696, 42.91125699991154], [-72.23159299957796, 42.910546999810016], [-72.23405600042395, 42.907106999968164], [-72.23124799979644, 42.90581799978291], [-72.23067200003626, 42.9058929996833], [-72.22973700025088, 42.90601599990145], [-72.22902599987319, 42.90592499977974], [-72.22772299984177, 42.90575699991069], [-72.22836100042454, 42.90472699993296], [-72.23247999968274, 42.898080999745716], [-72.23580399979595, 42.892715999762004], [-72.23584099960588, 42.892657000154934], [-72.23265399976002, 42.89191500026681], [-72.22893800000963, 42.89105300029979], [-72.22812100022503, 42.8908630000106], [-72.22277900040307, 42.88962100007295], [-72.22344700022474, 42.87541900012683], [-72.2234649997681, 42.87507499969088], [-72.2234649997681, 42.8750639998137], [-72.2234649997681, 42.8746810002344], [-72.22347700036198, 42.87437300030774], [-72.22347800018687, 42.874321000279586], [-72.22348099966162, 42.87415599990016], [-72.22348800023263, 42.87373800025626], [-72.22349400008041, 42.873401999794005], [-72.22349200043058, 42.8732849998032], [-72.22350599977597, 42.87277799991325], [-72.22352300039273, 42.87183299974195], [-72.22360299986036, 42.86742700032761], [-72.2236120000812, 42.866848000193905], [-72.2237400001277, 42.8587299999069], [-72.22367400000546, 42.85781800029763], [-72.22302200007731, 42.849098000154704], [-72.22256500014282, 42.84299800023396], [-72.22965400041022, 42.84322099990861], [-72.23080500010566, 42.843257000285696], [-72.22983299961203, 42.83700099991135], [-72.22954599955686, 42.83515900004452], [-72.22926400042287, 42.83335500017971], [-72.23451500000826, 42.83218600018116], [-72.23455600001613, 42.832163000268196], [-72.2346940001084, 42.832096999897594], [-72.23483100037573, 42.83205400007739], [-72.2348990001478, 42.83204199975455], [-72.23493299958469, 42.83203600025102], [-72.23458500032847, 42.82926999977082], [-72.23457000025984, 42.82915299981779], [-72.23403999963209, 42.82495500028692], [-72.23493500013282, 42.82259099969223], [-72.23620700020207, 42.81923300014215], [-72.23637700008139, 42.8155799999228], [-72.23639499962475, 42.815185999732996], [-72.23640499967048, 42.81496000012025], [-72.2379830000615, 42.81501599994965], [-72.23814500044323, 42.81502100014376]]]}}]}