{"type": "FeatureCollection", "features": [{"type": "Feature", "properties": {"tract_id": "31109003103", "name": "Census Tract 31.03", "pct_white_2020": 68.5, "pct_black_2020": 1.0, "pct_hispanic_2020": 16.6, "pct_asian_2020": 6.9, "population_2020": 2752}, "geometry": {"type": "Polygon", "coordinates": [[[-96.7209, 40.85791], [-96.72097, 40.85783], [-96.72078, 40.85773], [-96.72055, 40.85759], [-96.72043, 40.85753], [-96.7198, 40.85715], [-96.71989, 40.85706], [-96.72011, 40.85684], [-96.72022, 40.85672], [-96.72024, 40.85668], [-96.72026, 40.85663], [-96.72027, 40.85641], [-96.7203, 40.85131], [-96.7203, 40.85028], [-96.72031, 40.84937], [-96.72031, 40.84845], [-96.72033, 40.84491], [-96.72033, 40.84414], [-96.72033, 40.84406], [-96.72031, 40.84394], [-96.72026, 40.84377], [-96.72017, 40.84352], [-96.72018, 40.84352], [-96.7202, 40.84352], [-96.72022, 40.84351], [-96.72023, 40.8435], [-96.72024, 40.8435], [-96.72026, 40.84349], [-96.72027, 40.84349], [-96.72028, 40.84348], [-96.72029, 40.84347], [-96.72031, 40.84345], [-96.72032, 40.84344], [-96.72032, 40.84343], [-96.72033, 40.84342], [-96.72034, 40.84341], [-96.72034, 40.84339], [-96.72034, 40.84337], [-96.72034, 40.84336], [-96.72034, 40.84334], [-96.72034, 40.84333], [-96.72034, 40.84332], [-96.72033, 40.8433], [-96.72032, 40.84328], [-96.72031, 40.84327], [-96.7203, 40.84325], [-96.72028, 40.84324], [-96.72026, 40.84322], [-96.72024, 40.84321], [-96.72022, 40.84321], [-96.72028, 40.84305], [-96.72032, 40.84292], [-96.72034, 40.84282], [-96.72034, 40.84274], [-96.72035, 40.84107], [-96.72035, 40.84038], [-96.72035, 40.83972], [-96.72036, 40.83941], [-96.72036, 40.83852], [-96.72036, 40.83755], [-96.72036, 40.83743], [-96.72044, 40.83725], [-96.72045, 40.83705], [-96.72045, 40.83662], [-96.72045, 40.83569], [-96.72045, 40.83563], [-96.72045, 40.83557], [-96.72046, 40.83476], [-96.72043, 40.83442], [-96.72038, 40.83426], [-96.7204, 40.83193], [-96.71998, 40.83202], [-96.71971, 40.83207], [-96.71956, 40.83211], [-96.71906, 40.83227], [-96.7188, 40.83234], [-96.71808, 40.8325], [-96.71641, 40.83287], [-96.71615, 40.83291], [-96.71572, 40.83296], [-96.71545, 40.833], [-96.71498, 40.8331], [-96.71468, 40.83319], [-96.71447, 40.83323], [-96.71394, 40.83332], [-96.71347, 40.83343], [-96.71226, 40.83366], [-96.71214, 40.83368], [-96.71211, 40.83669], [-96.7121, 40.83684], [-96.71215, 40.8413], [-96.71208, 40.84297], [-96.71207, 40.84494], [-96.71203, 40.84565], [-96.71205, 40.84813], [-96.71207, 40.84881], [-96.71211, 40.84946], [-96.71219, 40.85023], [-96.71224, 40.8507], [-96.71224, 40.85076], [-96.71237, 40.85168], [-96.71234, 40.85181], [-96.71247, 40.85251], [-96.71262, 40.8532], [-96.71279, 40.85387], [-96.71299, 40.85457], [-96.71317, 40.85515], [-96.7132, 40.85525], [-96.71345, 40.85597], [-96.71371, 40.85666], [-96.71383, 40.85696], [-96.71397, 40.85729], [-96.71401, 40.8574], [-96.71409, 40.85758], [-96.71411, 40.85763], [-96.71416, 40.85773], [-96.71488, 40.85941], [-96.71557, 40.86101], [-96.71561, 40.86112], [-96.71579, 40.86153], [-96.71601, 40.86202], [-96.71609, 40.86221], [-96.7163, 40.86205], [-96.71696, 40.86154], [-96.71758, 40.86103], [-96.71818, 40.86053], [-96.71861, 40.86014], [-96.71875, 40.86002], [-96.71902, 40.85977], [-96.71919, 40.85961], [-96.71959, 40.85924], [-96.72015, 40.85869], [-96.72069, 40.85813], [-96.7209, 40.85791]]]}}, {"type": "Feature", "properties": {"tract_id": "31109003607", "name": "Census Tract 36.07", "pct_white_2020": 75.5, "pct_black_2020": 3.9, "pct_hispanic_2020": 4.7, "pct_asian_2020": 11.8, "population_2020": 4772}, "geometry": {"type": "Polygon", "coordinates": [[[-96.70154, 40.7385], [-96.70154, 40.73566], [-96.70153, 40.73376], [-96.70153, 40.73225], [-96.70153, 40.73223], [-96.70152, 40.73195], [-96.70152, 40.73044], [-96.70151, 40.72977], [-96.70151, 40.72814], [-96.70097, 40.72813], [-96.70082, 40.72812], [-96.70068, 40.7281], [-96.70051, 40.72806], [-96.70035, 40.72801], [-96.7002, 40.72794], [-96.70007, 40.72787], [-96.69995, 40.72778], [-96.69908, 40.72709], [-96.69888, 40.72694], [-96.6987, 40.72683], [-96.69857, 40.72676], [-96.69833, 40.72665], [-96.69813, 40.72657], [-96.69799, 40.72653], [-96.69773, 40.72647], [-96.6975, 40.72642], [-96.69729, 40.7264], [-96.69715, 40.72638], [-96.6971, 40.72638], [-96.69661, 40.72638], [-96.69138, 40.72634], [-96.68726, 40.72643], [-96.68252, 40.7264], [-96.68252, 40.7286], [-96.68252, 40.73033], [-96.68252, 40.73369], [-96.68252, 40.73467], [-96.68253, 40.73675], [-96.68253, 40.73778], [-96.68253, 40.73957], [-96.68681, 40.73956], [-96.68684, 40.73958], [-96.68694, 40.73958], [-96.68697, 40.73956], [-96.68722, 40.73956], [-96.6875, 40.73954], [-96.68775, 40.73951], [-96.688, 40.73946], [-96.68819, 40.73941], [-96.68845, 40.73933], [-96.68965, 40.7389], [-96.68999, 40.73877], [-96.69034, 40.73865], [-96.69058, 40.73858], [-96.69083, 40.73853], [-96.69108, 40.73849], [-96.69135, 40.73846], [-96.69159, 40.73845], [-96.69337, 40.73846], [-96.69884, 40.73849], [-96.70154, 40.7385]]]}}, {"type": "Feature", "properties": {"tract_id": "31109003715", "name": "Census Tract 37.15", "pct_white_2020": 91.8, "pct_black_2020": 4.1, "pct_hispanic_2020": 1.9, "pct_asian_2020": 0.6, "population_2020": 2233}, "geometry": {"type": "Polygon", "coordinates": [[[-96.66344, 40.7295], [-96.66344, 40.72632], [-96.66311, 40.72632], [-96.65867, 40.72633], [-96.65409, 40.72633], [-96.65392, 40.72633], [-96.65205, 40.72633], [-96.64922, 40.72633], [-96.64746, 40.72633], [-96.64597, 40.72633], [-96.64593, 40.72633], [-96.64464, 40.72633], [-96.6446, 40.72633], [-96.64437, 40.72633], [-96.64437, 40.72741], [-96.64436, 40.72833], [-96.64436, 40.72859], [-96.64436, 40.72997], [-96.64436, 40.73085], [-96.64436, 40.7319], [-96.64435, 40.73359], [-96.64435, 40.73378], [-96.64435, 40.73449], [-96.64435, 40.73479], [-96.64434, 40.73651], [-96.64434, 40.73726], [-96.64434, 40.73845], [-96.64434, 40.74084], [-96.6465, 40.74083], [-96.64875, 40.74083], [-96.64974, 40.74083], [-96.6527, 40.74083], [-96.65342, 40.74083], [-96.65387, 40.74083], [-96.65843, 40.74082], [-96.66115, 40.74082], [-96.66342, 40.74081], [-96.66342, 40.73856], [-96.66342, 40.73566], [-96.66343, 40.73507], [-96.66343, 40.73479], [-96.66343, 40.73296], [-96.66343, 40.73291], [-96.66343, 40.73133], [-96.66344, 40.7295]]]}}, {"type": "Feature", "properties": {"tract_id": "31109003301", "name": "Census Tract 33.01", "pct_white_2020": 87.1, "pct_black_2020": 0.4, "pct_hispanic_2020": 5.6, "pct_asian_2020": 4.5, "population_2020": 3877}, "geometry": {"type": "Polygon", "coordinates": [[[-96.75648, 40.81763], [-96.75644, 40.81752], [-96.75641, 40.81744], [-96.7559, 40.816], [-96.75575, 40.81558], [-96.75527, 40.81426], [-96.75517, 40.81396], [-96.75513, 40.81382], [-96.7551, 40.81375], [-96.75472, 40.81259], [-96.75457, 40.81221], [-96.75439, 40.81183], [-96.75419, 40.81142], [-96.75398, 40.81105], [-96.75377, 40.81071], [-96.75373, 40.81061], [-96.75366, 40.81052], [-96.75341, 40.81015], [-96.75332, 40.81001], [-96.75328, 40.80995], [-96.75302, 40.80999], [-96.75244, 40.81006], [-96.75066, 40.81028], [-96.74937, 40.81042], [-96.7405, 40.81128], [-96.73749, 40.81158], [-96.73637, 40.81171], [-96.73598, 40.81175], [-96.73565, 40.8118], [-96.73519, 40.81204], [-96.73486, 40.81224], [-96.73447, 40.81249], [-96.73412, 40.81272], [-96.73386, 40.81292], [-96.73367, 40.81308], [-96.73344, 40.81332], [-96.73315, 40.8137], [-96.73309, 40.81377], [-96.73279, 40.81377], [-96.73221, 40.81376], [-96.73062, 40.81375], [-96.7286, 40.81376], [-96.7251, 40.81375], [-96.72499, 40.81375], [-96.72427, 40.81375], [-96.72406, 40.81374], [-96.72353, 40.81371], [-96.72324, 40.81371], [-96.72312, 40.81371], [-96.72311, 40.81374], [-96.7231, 40.81378], [-96.72304, 40.81385], [-96.72295, 40.81405], [-96.72313, 40.81439], [-96.72318, 40.81451], [-96.7232, 40.81459], [-96.72319, 40.81467], [-96.72318, 40.81483], [-96.72317, 40.815], [-96.72311, 40.81537], [-96.72305, 40.8157], [-96.72302, 40.81582], [-96.72299, 40.8159], [-96.72295, 40.81597], [-96.7229, 40.81634], [-96.72287, 40.8165], [-96.72282, 40.81666], [-96.72281, 40.81679], [-96.72278, 40.81691], [-96.72275, 40.81699], [-96.72265, 40.81718], [-96.7226, 40.81725], [-96.72224, 40.81761], [-96.72218, 40.81768], [-96.72206, 40.81786], [-96.72199, 40.81793], [-96.72178, 40.81811], [-96.72128, 40.81855], [-96.72101, 40.8188], [-96.72043, 40.8193], [-96.72022, 40.81949], [-96.72016, 40.81955], [-96.71933, 40.82014], [-96.71925, 40.8202], [-96.71898, 40.82034], [-96.71888, 40.8204], [-96.71871, 40.82049], [-96.71852, 40.82087], [-96.7183, 40.82111], [-96.71822, 40.8212], [-96.71817, 40.82126], [-96.71802, 40.82148], [-96.71798, 40.82165], [-96.71794, 40.82181], [-96.71784, 40.82204], [-96.71782, 40.82212], [-96.71781, 40.82233], [-96.71777, 40.82253], [-96.71771, 40.82273], [-96.7177, 40.82282], [-96.71771, 40.82286], [-96.71773, 40.82289], [-96.71776, 40.82298], [-96.71776, 40.82302], [-96.71773, 40.82322], [-96.71764, 40.82363], [-96.71761, 40.82366], [-96.71748, 40.82371], [-96.71758, 40.82381], [-96.71763, 40.82388], [-96.71765, 40.82392], [-96.71765, 40.82396], [-96.71764, 40.82401], [-96.71762, 40.82421], [-96.71756, 40.82454], [-96.71753, 40.82461], [-96.71738, 40.82488], [-96.71718, 40.82512], [-96.71713, 40.8252], [-96.71687, 40.82546], [-96.71682, 40.82553], [-96.71676, 40.82565], [-96.71669, 40.8258], [-96.7166, 40.82591], [-96.71653, 40.82597], [-96.71629, 40.82614], [-96.71608, 40.82627], [-96.71591, 40.82637], [-96.71559, 40.82653], [-96.71545, 40.82659], [-96.71535, 40.82662], [-96.71515, 40.82666], [-96.71437, 40.82717], [-96.71394, 40.82743], [-96.71374, 40.82757], [-96.71336, 40.82786], [-96.713, 40.82811], [-96.71297, 40.82814], [-96.71284, 40.82833], [-96.71267, 40.82842], [-96.71222, 40.82865], [-96.71216, 40.8287], [-96.71216, 40.82903], [-96.71216, 40.82967], [-96.71216, 40.82979], [-96.71214, 40.8334], [-96.71214, 40.83348], [-96.71214, 40.8335], [-96.71214, 40.83359], [-96.71214, 40.83368], [-96.71226, 40.83366], [-96.71347, 40.83343], [-96.71394, 40.83332], [-96.71447, 40.83323], [-96.71468, 40.83319], [-96.71498, 40.8331], [-96.71545, 40.833], [-96.71572, 40.83296], [-96.71615, 40.83291], [-96.71641, 40.83287], [-96.71808, 40.8325], [-96.7188, 40.83234], [-96.71906, 40.83227], [-96.71956, 40.83211], [-96.71971, 40.83207], [-96.71998, 40.83202], [-96.7204, 40.83193], [-96.7206, 40.83188], [-96.72091, 40.8318], [-96.72173, 40.83159], [-96.72229, 40.83143], [-96.72255, 40.83138], [-96.72271, 40.83135], [-96.72309, 40.83132], [-96.72405, 40.8312], [-96.72426, 40.83115], [-96.72451, 40.83108], [-96.72466, 40.83103], [-96.72473, 40.83101], [-96.72481, 40.83098], [-96.72501, 40.83093], [-96.72548, 40.83082], [-96.72605, 40.83069], [-96.72642, 40.83061], [-96.72659, 40.83056], [-96.72679, 40.83051], [-96.727, 40.83047], [-96.72733, 40.83044], [-96.72743, 40.83042], [-96.72748, 40.8304], [-96.72762, 40.83033], [-96.72772, 40.83031], [-96.72798, 40.83025], [-96.72855, 40.83011], [-96.72871, 40.83008], [-96.72882, 40.83007], [-96.72898, 40.83007], [-96.72925, 40.83009], [-96.72941, 40.8301], [-96.72947, 40.8301], [-96.72957, 40.83008], [-96.72968, 40.83007], [-96.72979, 40.83005], [-96.72984, 40.83004], [-96.72997, 40.82999], [-96.73053, 40.82981], [-96.73073, 40.82976], [-96.73105, 40.82973], [-96.7317, 40.82969], [-96.73197, 40.82967], [-96.7323, 40.82968], [-96.73343, 40.82972], [-96.73376, 40.82974], [-96.73397, 40.82978], [-96.73423, 40.82983], [-96.73445, 40.82985], [-96.73504, 40.82989], [-96.73536, 40.82991], [-96.73591, 40.82992], [-96.73607, 40.82993], [-96.73633, 40.82996], [-96.73654, 40.83001], [-96.73665, 40.83002], [-96.73692, 40.83002], [-96.73725, 40.83005], [-96.73746, 40.83008], [-96.73772, 40.83014], [-96.73862, 40.83029], [-96.73883, 40.83031], [-96.73921, 40.83032], [-96.73991, 40.83038], [-96.74061, 40.83043], [-96.74083, 40.83045], [-96.7412, 40.83051], [-96.7419, 40.8306], [-96.74216, 40.83064], [-96.74274, 40.83074], [-96.74321, 40.83084], [-96.74378, 40.83098], [-96.74414, 40.83108], [-96.74429, 40.83111], [-96.74456, 40.83116], [-96.74477, 40.83119], [-96.74487, 40.83122], [-96.74492, 40.83124], [-96.74519, 40.83138], [-96.74532, 40.83145], [-96.74559, 40.83165], [-96.74567, 40.8317], [-96.74585, 40.83182], [-96.74593, 40.83169], [-96.746, 40.83159], [-96.75226, 40.82249], [-96.753, 40.82142], [-96.75312, 40.82125], [-96.75325, 40.82105], [-96.75332, 40.82096], [-96.75386, 40.82017], [-96.75426, 40.81958], [-96.75447, 40.81932], [-96.75469, 40.81906], [-96.75494, 40.81879], [-96.75519, 40.81856], [-96.75546, 40.81833], [-96.75575, 40.81811], [-96.75608, 40.81788], [-96.75622, 40.81779], [-96.75633, 40.81772], [-96.75648, 40.81763]]]}}, {"type": "Feature", "properties": {"tract_id": "31109003104", "name": "Census Tract 31.04", "pct_white_2020": 63.6, "pct_black_2020": 3.7, "pct_hispanic_2020": 24.7, "pct_asian_2020": 1.9, "population_2020": 5693}, "geometry": {"type": "Polygon", "coordinates": [[[-96.74585, 40.83182], [-96.74567, 40.8317], [-96.74559, 40.83165], [-96.74532, 40.83145], [-96.74519, 40.83138], [-96.74492, 40.83124], [-96.74487, 40.83122], [-96.74477, 40.83119], [-96.74456, 40.83116], [-96.74429, 40.83111], [-96.74414, 40.83108], [-96.74378, 40.83098], [-96.74321, 40.83084], [-96.74274, 40.83074], [-96.74216, 40.83064], [-96.7419, 40.8306], [-96.7412, 40.83051], [-96.74083, 40.83045], [-96.74061, 40.83043], [-96.73991, 40.83038], [-96.73921, 40.83032], [-96.73883, 40.83031], [-96.73862, 40.83029], [-96.73772, 40.83014], [-96.73746, 40.83008], [-96.73725, 40.83005], [-96.73692, 40.83002], [-96.73665, 40.83002], [-96.73654, 40.83001], [-96.73633, 40.82996], [-96.73607, 40.82993], [-96.73591, 40.82992], [-96.73536, 40.82991], [-96.73504, 40.82989], [-96.73445, 40.82985], [-96.73423, 40.82983], [-96.73397, 40.82978], [-96.73376, 40.82974], [-96.73343, 40.82972], [-96.7323, 40.82968], [-96.73197, 40.82967], [-96.7317, 40.82969], [-96.73105, 40.82973], [-96.73073, 40.82976], [-96.73053, 40.82981], [-96.72997, 40.82999], [-96.72984, 40.83004], [-96.72979, 40.83005], [-96.72968, 40.83007], [-96.72957, 40.83008], [-96.72947, 40.8301], [-96.72941, 40.8301], [-96.72925, 40.83009], [-96.72898, 40.83007], [-96.72882, 40.83007], [-96.72871, 40.83008], [-96.72855, 40.83011], [-96.72798, 40.83025], [-96.72772, 40.83031], [-96.72762, 40.83033], [-96.72748, 40.8304], [-96.72743, 40.83042], [-96.72733, 40.83044], [-96.727, 40.83047], [-96.72679, 40.83051], [-96.72659, 40.83056], [-96.72642, 40.83061], [-96.72605, 40.83069], [-96.72548, 40.83082], [-96.72501, 40.83093], [-96.72481, 40.83098], [-96.72473, 40.83101], [-96.72466, 40.83103], [-96.72451, 40.83108], [-96.72426, 40.83115], [-96.72405, 40.8312], [-96.72309, 40.83132], [-96.72271, 40.83135], [-96.72255, 40.83138], [-96.72229, 40.83143], [-96.72173, 40.83159], [-96.72091, 40.8318], [-96.7206, 40.83188], [-96.7204, 40.83193], [-96.72038, 40.83426], [-96.72043, 40.83442], [-96.72046, 40.83476], [-96.72045, 40.83557], [-96.72045, 40.83563], [-96.72045, 40.83569], [-96.72045, 40.83662], [-96.72045, 40.83705], [-96.72044, 40.83725], [-96.72036, 40.83743], [-96.72036, 40.83755], [-96.72036, 40.83852], [-96.72036, 40.83941], [-96.72035, 40.83972], [-96.72035, 40.84038], [-96.72035, 40.84107], [-96.72034, 40.84274], [-96.72034, 40.84282], [-96.72032, 40.84292], [-96.72028, 40.84305], [-96.72022, 40.84321], [-96.72024, 40.84321], [-96.72026, 40.84322], [-96.72028, 40.84324], [-96.7203, 40.84325], [-96.72031, 40.84327], [-96.72032, 40.84328], [-96.72033, 40.8433], [-96.72034, 40.84332], [-96.72034, 40.84333], [-96.72034, 40.84334], [-96.72034, 40.84336], [-96.72034, 40.84337], [-96.72034, 40.84339], [-96.72034, 40.84341], [-96.72033, 40.84342], [-96.72032, 40.84343], [-96.72032, 40.84344], [-96.72031, 40.84345], [-96.72029, 40.84347], [-96.72028, 40.84348], [-96.72027, 40.84349], [-96.72026, 40.84349], [-96.72024, 40.8435], [-96.72023, 40.8435], [-96.72022, 40.84351], [-96.7202, 40.84352], [-96.72018, 40.84352], [-96.72017, 40.84352], [-96.72026, 40.84377], [-96.72031, 40.84394], [-96.72033, 40.84406], [-96.72033, 40.84414], [-96.72033, 40.84491], [-96.72031, 40.84845], [-96.72031, 40.84937], [-96.7203, 40.85028], [-96.7203, 40.85131], [-96.72027, 40.85641], [-96.72026, 40.85663], [-96.72024, 40.85668], [-96.72022, 40.85672], [-96.72011, 40.85684], [-96.71989, 40.85706], [-96.7198, 40.85715], [-96.72043, 40.85753], [-96.72055, 40.85759], [-96.72078, 40.85773], [-96.72097, 40.85783], [-96.72508, 40.85372], [-96.72705, 40.85176], [-96.72874, 40.85007], [-96.73283, 40.84599], [-96.73387, 40.84495], [-96.73423, 40.84459], [-96.73884, 40.83998], [-96.73911, 40.83971], [-96.7393, 40.83953], [-96.73945, 40.83939], [-96.73955, 40.8393], [-96.73966, 40.8392], [-96.73973, 40.83913], [-96.74137, 40.83748], [-96.74192, 40.8369], [-96.74245, 40.83632], [-96.74295, 40.83575], [-96.74343, 40.83517], [-96.74388, 40.8346], [-96.74435, 40.83397], [-96.74479, 40.83335], [-96.74585, 40.83182]]]}}, {"type": "Feature", "properties": {"tract_id": "31109003713", "name": "Census Tract 37.13", "pct_white_2020": 89.5, "pct_black_2020": 1.3, "pct_hispanic_2020": 2.8, "pct_asian_2020": 6.0, "population_2020": 2725}, "geometry": {"type": "Polygon", "coordinates": [[[-96.64051, 40.75444], [-96.6404, 40.75437], [-96.64006, 40.75419], [-96.63511, 40.7515], [-96.63199, 40.7498], [-96.6297, 40.74855], [-96.62648, 40.74681], [-96.62535, 40.7462], [-96.62494, 40.74598], [-96.6249, 40.74595], [-96.6239, 40.74542], [-96.62126, 40.74404], [-96.61789, 40.74223], [-96.61777, 40.74216], [-96.61596, 40.74118], [-96.61593, 40.74117], [-96.61583, 40.74111], [-96.61416, 40.74021], [-96.61343, 40.73981], [-96.60765, 40.7366], [-96.60679, 40.73612], [-96.60655, 40.73599], [-96.60643, 40.73613], [-96.60633, 40.73627], [-96.60632, 40.73628], [-96.60623, 40.73644], [-96.60617, 40.73658], [-96.60609, 40.73681], [-96.60608, 40.73692], [-96.60607, 40.73706], [-96.60608, 40.7381], [-96.60609, 40.73871], [-96.60609, 40.73872], [-96.60612, 40.74078], [-96.60612, 40.74091], [-96.60612, 40.74139], [-96.60612, 40.7415], [-96.60611, 40.74277], [-96.6061, 40.7444], [-96.6061, 40.74582], [-96.60609, 40.74733], [-96.60608, 40.74812], [-96.60608, 40.74858], [-96.60609, 40.74889], [-96.60609, 40.74924], [-96.60609, 40.74986], [-96.60609, 40.75004], [-96.60609, 40.7517], [-96.6061, 40.75251], [-96.6061, 40.75366], [-96.6061, 40.75451], [-96.6061, 40.75525], [-96.60701, 40.75525], [-96.60942, 40.75525], [-96.61254, 40.75525], [-96.61634, 40.75526], [-96.61928, 40.75526], [-96.62004, 40.75526], [-96.62304, 40.75526], [-96.62529, 40.75526], [-96.6264, 40.75526], [-96.62829, 40.75526], [-96.63097, 40.75525], [-96.63312, 40.75525], [-96.63617, 40.75525], [-96.63853, 40.75525], [-96.63861, 40.75525], [-96.63885, 40.75525], [-96.63907, 40.75523], [-96.63924, 40.75519], [-96.6394, 40.75514], [-96.63956, 40.75508], [-96.63973, 40.755], [-96.63991, 40.75489], [-96.64051, 40.75444]]]}}, {"type": "Feature", "properties": {"tract_id": "31109001003", "name": "Census Tract 10.03", "pct_white_2020": 75.7, "pct_black_2020": 3.3, "pct_hispanic_2020": 2.8, "pct_asian_2020": 11.3, "population_2020": 3995}, "geometry": {"type": "Polygon", "coordinates": [[[-96.65373, 40.82796], [-96.65372, 40.82705], [-96.65372, 40.82624], [-96.65372, 40.82569], [-96.65372, 40.82525], [-96.65371, 40.82434], [-96.65371, 40.82319], [-96.65371, 40.82299], [-96.65369, 40.82267], [-96.65367, 40.82224], [-96.65367, 40.82213], [-96.65366, 40.8208], [-96.65366, 40.82075], [-96.65366, 40.8207], [-96.65266, 40.8207], [-96.65192, 40.8207], [-96.65176, 40.8207], [-96.65151, 40.82072], [-96.65091, 40.82072], [-96.64889, 40.82072], [-96.64653, 40.82071], [-96.64526, 40.82071], [-96.64415, 40.82071], [-96.64381, 40.82071], [-96.64295, 40.8207], [-96.64168, 40.82069], [-96.63976, 40.82068], [-96.63825, 40.82067], [-96.63742, 40.82067], [-96.63563, 40.82066], [-96.63527, 40.82066], [-96.63523, 40.82068], [-96.63518, 40.82071], [-96.63507, 40.82078], [-96.6349, 40.82089], [-96.63458, 40.82109], [-96.63421, 40.82133], [-96.63418, 40.82134], [-96.634, 40.82148], [-96.63383, 40.82163], [-96.63369, 40.82178], [-96.63357, 40.82193], [-96.63347, 40.82209], [-96.63339, 40.82224], [-96.63332, 40.82239], [-96.63327, 40.82257], [-96.63323, 40.82276], [-96.63321, 40.8229], [-96.6332, 40.8239], [-96.6332, 40.82408], [-96.63317, 40.82425], [-96.63312, 40.82441], [-96.63306, 40.82455], [-96.63298, 40.82469], [-96.63284, 40.8249], [-96.63267, 40.82513], [-96.63247, 40.82536], [-96.63227, 40.82557], [-96.63204, 40.82579], [-96.63189, 40.82591], [-96.63135, 40.82636], [-96.63056, 40.82693], [-96.63046, 40.827], [-96.63045, 40.82793], [-96.6305, 40.82793], [-96.63055, 40.82793], [-96.63187, 40.82794], [-96.63317, 40.82795], [-96.63456, 40.82796], [-96.63576, 40.82797], [-96.63696, 40.82797], [-96.63755, 40.82798], [-96.63816, 40.82798], [-96.63877, 40.82798], [-96.63935, 40.82799], [-96.63996, 40.82799], [-96.64055, 40.828], [-96.64131, 40.828], [-96.64268, 40.82801], [-96.64393, 40.82802], [-96.64414, 40.82802], [-96.64528, 40.82802], [-96.64594, 40.82802], [-96.64629, 40.82802], [-96.64726, 40.82802], [-96.64821, 40.82802], [-96.64845, 40.82802], [-96.64975, 40.82802], [-96.65005, 40.82802], [-96.65023, 40.82802], [-96.65171, 40.82796], [-96.65191, 40.82796], [-96.65278, 40.82796], [-96.65373, 40.82796]]]}}, {"type": "Feature", "properties": {"tract_id": "31109002002", "name": "Census Tract 20.02", "pct_white_2020": 57.5, "pct_black_2020": 10.0, "pct_hispanic_2020": 25.6, "pct_asian_2020": 1.2, "population_2020": 2843}, "geometry": {"type": "Polygon", "coordinates": [[[-96.70857, 40.80032], [-96.70858, 40.79922], [-96.7071, 40.79921], [-96.70562, 40.79921], [-96.70414, 40.7992], [-96.70275, 40.7992], [-96.70269, 40.7992], [-96.70264, 40.7992], [-96.70263, 40.8003], [-96.70262, 40.8014], [-96.70261, 40.80252], [-96.7026, 40.80365], [-96.7026, 40.80474], [-96.70259, 40.80585], [-96.70258, 40.80694], [-96.70257, 40.80808], [-96.70256, 40.8092], [-96.70263, 40.8092], [-96.70268, 40.8092], [-96.70407, 40.8092], [-96.70555, 40.8092], [-96.70702, 40.80921], [-96.7085, 40.80921], [-96.70851, 40.80809], [-96.70851, 40.80772], [-96.70851, 40.80696], [-96.70852, 40.80586], [-96.70853, 40.80476], [-96.70854, 40.80367], [-96.70855, 40.80298], [-96.70855, 40.80285], [-96.70855, 40.80254], [-96.70856, 40.80142], [-96.70857, 40.80032]]]}}, {"type": "Feature", "properties": {"tract_id": "31109001101", "name": "Census Tract 11.01", "pct_white_2020": 83.1, "pct_black_2020": 0.6, "pct_hispanic_2020": 12.4, "pct_asian_2020": 0.0, "population_2020": 4619}, "geometry": {"type": "Polygon", "coordinates": [[[-96.63043, 40.8403], [-96.63044, 40.83939], [-96.63042, 40.83928], [-96.63042, 40.83827], [-96.63042, 40.83725], [-96.63043, 40.83627], [-96.63043, 40.8352], [-96.63038, 40.8352], [-96.62992, 40.8352], [-96.62906, 40.83519], [-96.62822, 40.83519], [-96.62774, 40.83519], [-96.62743, 40.83518], [-96.62642, 40.83518], [-96.62496, 40.83517], [-96.62124, 40.8352], [-96.62072, 40.8352], [-96.62017, 40.8352], [-96.61901, 40.83521], [-96.61782, 40.83522], [-96.61747, 40.83522], [-96.6158, 40.83524], [-96.61544, 40.83524], [-96.61352, 40.83525], [-96.61247, 40.83526], [-96.61118, 40.83527], [-96.60958, 40.83528], [-96.60861, 40.83529], [-96.60772, 40.8353], [-96.60593, 40.83531], [-96.60592, 40.83866], [-96.60592, 40.83897], [-96.60592, 40.83941], [-96.60591, 40.84237], [-96.60591, 40.8426], [-96.60591, 40.84283], [-96.6059, 40.84461], [-96.60588, 40.84472], [-96.60586, 40.84618], [-96.60582, 40.84991], [-96.6058, 40.85085], [-96.60579, 40.85158], [-96.61889, 40.8514], [-96.6201, 40.85149], [-96.62019, 40.8515], [-96.62487, 40.8515], [-96.62487, 40.85127], [-96.62488, 40.85072], [-96.62488, 40.84967], [-96.62488, 40.84929], [-96.62489, 40.84863], [-96.62489, 40.84849], [-96.62489, 40.84773], [-96.62489, 40.84682], [-96.6249, 40.84605], [-96.6249, 40.84492], [-96.6249, 40.84416], [-96.62491, 40.84374], [-96.62491, 40.84245], [-96.62665, 40.84247], [-96.62793, 40.84248], [-96.62829, 40.84248], [-96.6304, 40.84249], [-96.6304, 40.84238], [-96.63042, 40.84118], [-96.63043, 40.8403]]]}}, {"type": "Feature", "properties": {"tract_id": "31109010202", "name": "Census Tract 102.02", "pct_white_2020": 93.8, "pct_black_2020": 0.2, "pct_hispanic_2020": 1.5, "pct_asian_2020": 2.9, "population_2020": 4639}, "geometry": {"type": "Polygon", "coordinates": [[[-96.91094, 41.04612], [-96.91092, 41.04464], [-96.91085, 41.03887], [-96.91083, 41.03459], [-96.91081, 41.03141], [-96.91079, 41.02847], [-96.91079, 41.02284], [-96.9108, 41.02137], [-96.9108, 41.02103], [-96.9108, 41.02088], [-96.9108, 41.0207], [-96.9108, 41.02061], [-96.9108, 41.02026], [-96.9108, 41.02008], [-96.9108, 41.01861], [-96.91081, 41.01718], [-96.91078, 41.01689], [-96.91075, 41.00952], [-96.91075, 41.00939], [-96.91075, 41.0074], [-96.91073, 41.00252], [-96.91073, 41.00239], [-96.91073, 41.00099], [-96.91072, 40.99875], [-96.91072, 40.99801], [-96.91072, 40.99751], [-96.91071, 40.99512], [-96.9107, 40.99218], [-96.91069, 40.98955], [-96.91069, 40.98799], [-96.91068, 40.9855], [-96.91068, 40.98452], [-96.91067, 40.98208], [-96.91067, 40.9819], [-96.91067, 40.98098], [-96.91067, 40.98088], [-96.91067, 40.9807], [-96.91067, 40.98063], [-96.91066, 40.97992], [-96.91066, 40.97868], [-96.91066, 40.97805], [-96.91065, 40.97663], [-96.91065, 40.97452], [-96.91065, 40.97444], [-96.91064, 40.97355], [-96.91064, 40.97338], [-96.91064, 40.97334], [-96.91064, 40.9732], [-96.91064, 40.97086], [-96.91063, 40.96828], [-96.91063, 40.96818], [-96.91061, 40.96645], [-96.91062, 40.96592], [-96.91062, 40.96587], [-96.91062, 40.9654], [-96.91062, 40.96531], [-96.91062, 40.96517], [-96.91062, 40.96362], [-96.91061, 40.96341], [-96.91061, 40.96332], [-96.91061, 40.96311], [-96.91061, 40.9627], [-96.9106, 40.95895], [-96.9106, 40.95877], [-96.9106, 40.95854], [-96.9106, 40.95841], [-96.9106, 40.95671], [-96.9106, 40.95667], [-96.9106, 40.95657], [-96.9106, 40.95519], [-96.91059, 40.95177], [-96.91059, 40.94906], [-96.91059, 40.94721], [-96.91058, 40.94441], [-96.91057, 40.93618], [-96.91057, 40.92989], [-96.91056, 40.92621], [-96.91056, 40.92504], [-96.91056, 40.92493], [-96.91056, 40.9247], [-96.91056, 40.92257], [-96.91055, 40.91981], [-96.91055, 40.91784], [-96.91055, 40.91549], [-96.91054, 40.91424], [-96.91054, 40.90507], [-96.91053, 40.90441], [-96.91053, 40.90336], [-96.91053, 40.90308], [-96.91053, 40.90098], [-96.91053, 40.89901], [-96.91053, 40.89639], [-96.91052, 40.89438], [-96.91052, 40.89228], [-96.91052, 40.88648], [-96.91051, 40.88545], [-96.91051, 40.88515], [-96.91051, 40.88456], [-96.91051, 40.88255], [-96.91051, 40.88098], [-96.91051, 40.88057], [-96.91051, 40.87975], [-96.9105, 40.87927], [-96.9105, 40.87858], [-96.9105, 40.87574], [-96.91049, 40.87215], [-96.91049, 40.872], [-96.91051, 40.86859], [-96.91051, 40.86858], [-96.91051, 40.86828], [-96.91052, 40.86602], [-96.91053, 40.86475], [-96.91053, 40.86448], [-96.91053, 40.86377], [-96.91054, 40.86139], [-96.91055, 40.86017], [-96.91055, 40.8598], [-96.91055, 40.85883], [-96.91056, 40.85747], [-96.91057, 40.85343], [-96.91057, 40.85061], [-96.91057, 40.84865], [-96.91057, 40.84823], [-96.91057, 40.84771], [-96.91058, 40.84622], [-96.91058, 40.84295], [-96.91059, 40.8394], [-96.9106, 40.83574], [-96.9106, 40.83502], [-96.91061, 40.8341], [-96.91061, 40.83409], [-96.91061, 40.83399], [-96.91062, 40.82974], [-96.91062, 40.82942], [-96.91062, 40.82903], [-96.91062, 40.82881], [-96.91062, 40.82845], [-96.91063, 40.82649], [-96.91064, 40.82544], [-96.91064, 40.82541], [-96.91064, 40.82532], [-96.91065, 40.82314], [-96.91065, 40.8227], [-96.91066, 40.82058], [-96.91066, 40.82039], [-96.91066, 40.82002], [-96.91066, 40.81896], [-96.91067, 40.81784], [-96.91067, 40.8175], [-96.91067, 40.81708], [-96.91069, 40.81392], [-96.91069, 40.81383], [-96.91071, 40.80853], [-96.91073, 40.80608], [-96.91073, 40.80552], [-96.91074, 40.80286], [-96.91075, 40.80041], [-96.91076, 40.79937], [-96.91076, 40.79715], [-96.91076, 40.79623], [-96.91075, 40.79324], [-96.91075, 40.79049], [-96.91075, 40.79039], [-96.91075, 40.78494], [-96.90986, 40.78494], [-96.90884, 40.78494], [-96.90821, 40.78494], [-96.90756, 40.78494], [-96.90649, 40.78494], [-96.90589, 40.78494], [-96.90405, 40.78493], [-96.90158, 40.78493], [-96.89533, 40.78492], [-96.89208, 40.78492], [-96.88646, 40.7849], [-96.88205, 40.7849], [-96.87778, 40.78489], [-96.87297, 40.78487], [-96.87036, 40.78487], [-96.8682, 40.78487], [-96.86353, 40.78486], [-96.86344, 40.78486], [-96.86129, 40.78486], [-96.85733, 40.78485], [-96.8539, 40.78484], [-96.84441, 40.7848], [-96.84417, 40.7848], [-96.84168, 40.78479], [-96.83953, 40.78478], [-96.83479, 40.78476], [-96.8297, 40.78475], [-96.82919, 40.78475], [-96.82668, 40.78474], [-96.82451, 40.78474], [-96.82138, 40.78472], [-96.8209, 40.78472], [-96.82066, 40.78472], [-96.82049, 40.78472], [-96.81987, 40.78472], [-96.81791, 40.78471], [-96.81571, 40.7847], [-96.8104, 40.78468], [-96.80979, 40.78468], [-96.80862, 40.78468], [-96.79894, 40.78466], [-96.79685, 40.78465], [-96.79655, 40.78467], [-96.79642, 40.7905], [-96.79626, 40.79505], [-96.79636, 40.79505], [-96.79633, 40.79919], [-96.79631, 40.80477], [-96.79629, 40.80789], [-96.7963, 40.80824], [-96.79633, 40.81003], [-96.79634, 40.81029], [-96.79637, 40.81208], [-96.79637, 40.81242], [-96.79638, 40.81374], [-96.79638, 40.81391], [-96.79645, 40.81785], [-96.79643, 40.81845], [-96.79642, 40.81866], [-96.79638, 40.8209], [-96.79638, 40.82108], [-96.79625, 40.82824], [-96.79622, 40.83159], [-96.79622, 40.83188], [-96.79622, 40.83189], [-96.79622, 40.83222], [-96.79621, 40.83269], [-96.79619, 40.83548], [-96.79618, 40.83591], [-96.79618, 40.83673], [-96.79615, 40.83974], [-96.79615, 40.84044], [-96.79615, 40.84078], [-96.79614, 40.84189], [-96.79613, 40.84276], [-96.79625, 40.84276], [-96.79721, 40.84276], [-96.79733, 40.84276], [-96.79743, 40.84276], [-96.79774, 40.84277], [-96.79894, 40.84277], [-96.80031, 40.84278], [-96.80536, 40.8428], [-96.80569, 40.8428], [-96.80612, 40.8428], [-96.80653, 40.84281], [-96.80678, 40.84281], [-96.80784, 40.84281], [-96.81513, 40.84284], [-96.81527, 40.84284], [-96.81524, 40.84642], [-96.81522, 40.85004], [-96.81517, 40.85734], [-96.81505, 40.85734], [-96.81408, 40.85734], [-96.80569, 40.85731], [-96.80553, 40.85731], [-96.79672, 40.85728], [-96.79602, 40.85727], [-96.79599, 40.85915], [-96.796, 40.85955], [-96.796, 40.8596], [-96.79598, 40.86376], [-96.79597, 40.86455], [-96.79591, 40.87169], [-96.79591, 40.87181], [-96.787, 40.8718], [-96.78696, 40.87534], [-96.78693, 40.87555], [-96.78688, 40.87577], [-96.7868, 40.876], [-96.7867, 40.87622], [-96.78658, 40.87643], [-96.78645, 40.87664], [-96.7863, 40.87682], [-96.78612, 40.87702], [-96.78563, 40.87753], [-96.78489, 40.87832], [-96.78476, 40.87845], [-96.78459, 40.87858], [-96.78439, 40.87871], [-96.78419, 40.87881], [-96.78306, 40.87938], [-96.78294, 40.87945], [-96.78264, 40.87971], [-96.78238, 40.87995], [-96.78198, 40.88046], [-96.78161, 40.88091], [-96.78145, 40.8811], [-96.78136, 40.88106], [-96.78134, 40.88106], [-96.7807, 40.88081], [-96.77911, 40.88039], [-96.77844, 40.88026], [-96.77632, 40.87994], [-96.7762, 40.87992], [-96.77578, 40.87986], [-96.77531, 40.87982], [-96.77319, 40.87966], [-96.76767, 40.87949], [-96.76738, 40.87948], [-96.76483, 40.87939], [-96.76454, 40.87938], [-96.76187, 40.87937], [-96.75907, 40.87936], [-96.75889, 40.87936], [-96.75883, 40.87936], [-96.75884, 40.87953], [-96.75889, 40.87991], [-96.75892, 40.88007], [-96.75895, 40.88021], [-96.75895, 40.88029], [-96.75895, 40.88034], [-96.75899, 40.88059], [-96.75899, 40.88074], [-96.759, 40.88105], [-96.75898, 40.88131], [-96.75891, 40.88162], [-96.75858, 40.88254], [-96.75843, 40.88297], [-96.75833, 40.88328], [-96.7583, 40.88465], [-96.75831, 40.88629], [-96.75833, 40.89008], [-96.75833, 40.89047], [-96.75838, 40.90081], [-96.74876, 40.90078], [-96.73913, 40.90076], [-96.72241, 40.90072], [-96.71989, 40.90072], [-96.71039, 40.9007], [-96.70091, 40.90066], [-96.70102, 40.89428], [-96.70102, 40.89412], [-96.70102, 40.89406], [-96.70104, 40.89343], [-96.69636, 40.8934], [-96.69621, 40.8934], [-96.69178, 40.89337], [-96.69139, 40.89337], [-96.69127, 40.89337], [-96.68762, 40.89334], [-96.68602, 40.89333], [-96.68544, 40.89333], [-96.68407, 40.89332], [-96.68306, 40.89331], [-96.68287, 40.89331], [-96.68264, 40.89331], [-96.68252, 40.89331], [-96.68245, 40.89331], [-96.68237, 40.89331], [-96.68202, 40.8933], [-96.68181, 40.8933], [-96.68131, 40.8933], [-96.68104, 40.89621], [-96.68103, 40.89642], [-96.68105, 40.89663], [-96.68175, 40.90112], [-96.68172, 40.90556], [-96.68165, 40.91507], [-96.68159, 40.92341], [-96.68155, 40.92956], [-96.68146, 40.9377], [-96.68143, 40.94408], [-96.68139, 40.94909], [-96.68134, 40.95861], [-96.68134, 40.96577], [-96.68135, 40.97303], [-96.68135, 40.97658], [-96.68135, 40.97665], [-96.68135, 40.98013], [-96.68135, 40.98028], [-96.68136, 40.98318], [-96.68136, 40.98753], [-96.68136, 40.99115], [-96.68136, 40.99145], [-96.68137, 40.99475], [-96.68137, 40.99492], [-96.68137, 40.99543], [-96.68137, 41.00201], [-96.68138, 41.01649], [-96.68138, 41.01691], [-96.68138, 41.01783], [-96.68138, 41.02133], [-96.68138, 41.02571], [-96.68139, 41.03099], [-96.68139, 41.03825], [-96.68139, 41.04017], [-96.6814, 41.04566], [-96.68288, 41.04565], [-96.68406, 41.04565], [-96.68489, 41.04566], [-96.68688, 41.04567], [-96.68754, 41.04567], [-96.68755, 41.04567], [-96.6878, 41.04567], [-96.68808, 41.04567], [-96.69112, 41.04568], [-96.69121, 41.04568], [-96.69188, 41.04568], [-96.69189, 41.04568], [-96.69594, 41.04568], [-96.69761, 41.04569], [-96.69856, 41.04558], [-96.6987, 41.04558], [-96.69895, 41.04558], [-96.69918, 41.04561], [-96.69927, 41.04565], [-96.69939, 41.04571], [-96.69945, 41.04575], [-96.6996, 41.04581], [-96.69961, 41.04581], [-96.69986, 41.04583], [-96.70019, 41.04582], [-96.7007, 41.04575], [-96.70126, 41.04571], [-96.70182, 41.04569], [-96.70563, 41.04572], [-96.71002, 41.04571], [-96.71526, 41.04573], [-96.71601, 41.04573], [-96.71675, 41.04574], [-96.71704, 41.04575], [-96.71734, 41.04575], [-96.71763, 41.04575], [-96.71817, 41.04575], [-96.7193, 41.04575], [-96.71979, 41.04575], [-96.72166, 41.04575], [-96.72538, 41.04576], [-96.72855, 41.04576], [-96.73012, 41.04577], [-96.73072, 41.04577], [-96.7325, 41.04577], [-96.73252, 41.04577], [-96.73306, 41.04577], [-96.7348, 41.04578], [-96.73639, 41.04577], [-96.73659, 41.04578], [-96.73725, 41.04579], [-96.73848, 41.04579], [-96.73959, 41.04578], [-96.74039, 41.04579], [-96.7408, 41.04579], [-96.74133, 41.0458], [-96.74195, 41.0458], [-96.74235, 41.04581], [-96.74263, 41.04581], [-96.74368, 41.04579], [-96.74528, 41.04578], [-96.74877, 41.04582], [-96.74888, 41.04582], [-96.75484, 41.04583], [-96.755, 41.04583], [-96.75565, 41.04581], [-96.75579, 41.04581], [-96.75583, 41.04581], [-96.75594, 41.0458], [-96.75695, 41.0458], [-96.75737, 41.0458], [-96.75742, 41.0458], [-96.75768, 41.04581], [-96.75833, 41.04581], [-96.75931, 41.04583], [-96.76044, 41.04583], [-96.76196, 41.04586], [-96.76365, 41.04587], [-96.76491, 41.04586], [-96.76612, 41.04586], [-96.76771, 41.04585], [-96.77027, 41.04588], [-96.77163, 41.04587], [-96.77341, 41.04586], [-96.7743, 41.04584], [-96.77464, 41.04584], [-96.77592, 41.04585], [-96.77684, 41.04585], [-96.77692, 41.04585], [-96.77715, 41.04585], [-96.77716, 41.04585], [-96.77826, 41.04586], [-96.7818, 41.04586], [-96.78342, 41.04586], [-96.78416, 41.04587], [-96.78631, 41.04589], [-96.78809, 41.04589], [-96.7887, 41.04588], [-96.79059, 41.04589], [-96.79138, 41.04588], [-96.79324, 41.0459], [-96.79378, 41.04589], [-96.79379, 41.04589], [-96.79436, 41.04588], [-96.79556, 41.04588], [-96.79559, 41.04588], [-96.7957, 41.04588], [-96.79596, 41.04589], [-96.79599, 41.04589], [-96.79605, 41.04589], [-96.79612, 41.04589], [-96.79615, 41.04589], [-96.79618, 41.04589], [-96.7963, 41.04589], [-96.80805, 41.04591], [-96.80872, 41.04592], [-96.80917, 41.04592], [-96.81249, 41.04591], [-96.81294, 41.04591], [-96.81326, 41.04591], [-96.8149, 41.04591], [-96.81491, 41.04591], [-96.81592, 41.04591], [-96.81837, 41.04593], [-96.82002, 41.04593], [-96.82113, 41.04594], [-96.82431, 41.04595], [-96.82595, 41.04595], [-96.82618, 41.04595], [-96.82629, 41.04595], [-96.82893, 41.04598], [-96.83208, 41.04598], [-96.83394, 41.04597], [-96.83397, 41.04597], [-96.83476, 41.04596], [-96.83726, 41.04598], [-96.83961, 41.04597], [-96.84181, 41.04599], [-96.84382, 41.04599], [-96.84618, 41.04598], [-96.84694, 41.04598], [-96.84848, 41.04599], [-96.84849, 41.04599], [-96.84851, 41.04599], [-96.84855, 41.04599], [-96.84969, 41.046], [-96.85123, 41.046], [-96.85165, 41.04601], [-96.85257, 41.04603], [-96.85259, 41.04603], [-96.85263, 41.04603], [-96.85265, 41.04603], [-96.8527, 41.04603], [-96.85294, 41.04601], [-96.85309, 41.04597], [-96.85318, 41.0459], [-96.85321, 41.04578], [-96.85508, 41.0458], [-96.86017, 41.04588], [-96.86078, 41.04589], [-96.86102, 41.04589], [-96.86143, 41.0459], [-96.86586, 41.04601], [-96.86642, 41.04601], [-96.8668, 41.04601], [-96.86718, 41.04602], [-96.8674, 41.046], [-96.86743, 41.04599], [-96.86753, 41.04602], [-96.86832, 41.04604], [-96.87012, 41.04604], [-96.87027, 41.04606], [-96.8703, 41.04606], [-96.87035, 41.04606], [-96.87047, 41.04605], [-96.87116, 41.04604], [-96.87118, 41.04604], [-96.8712, 41.04604], [-96.87133, 41.04604], [-96.87136, 41.04603], [-96.87142, 41.04603], [-96.87145, 41.04603], [-96.8715, 41.04603], [-96.87195, 41.04595], [-96.87221, 41.04592], [-96.87241, 41.0459], [-96.87289, 41.04596], [-96.87339, 41.04598], [-96.87351, 41.04598], [-96.87426, 41.04599], [-96.87504, 41.04602], [-96.8755, 41.04599], [-96.87563, 41.04597], [-96.87599, 41.04592], [-96.87641, 41.04586], [-96.8765, 41.04584], [-96.87692, 41.0458], [-96.87725, 41.04578], [-96.87768, 41.04577], [-96.87787, 41.04577], [-96.87856, 41.04582], [-96.87884, 41.04584], [-96.87899, 41.04585], [-96.87907, 41.04585], [-96.87967, 41.04588], [-96.88109, 41.04599], [-96.88192, 41.04605], [-96.88254, 41.04606], [-96.88681, 41.04608], [-96.88699, 41.04608], [-96.88942, 41.04606], [-96.88944, 41.04606], [-96.88949, 41.04607], [-96.89146, 41.04607], [-96.89149, 41.04607], [-96.89339, 41.04607], [-96.89875, 41.04608], [-96.90044, 41.04609], [-96.90237, 41.04609], [-96.90332, 41.04609], [-96.90337, 41.04609], [-96.90405, 41.0461], [-96.90548, 41.0461], [-96.90549, 41.0461], [-96.90655, 41.0461], [-96.90681, 41.04609], [-96.90683, 41.04609], [-96.90809, 41.04609], [-96.90851, 41.04609], [-96.91094, 41.04612]]]}}, {"type": "Feature", "properties": {"tract_id": "31109003302", "name": "Census Tract 33.02", "pct_white_2020": 70.4, "pct_black_2020": 5.4, "pct_hispanic_2020": 15.6, "pct_asian_2020": 3.3, "population_2020": 5572}, "geometry": {"type": "Polygon", "coordinates": [[[-96.79643, 40.81845], [-96.79645, 40.81785], [-96.79638, 40.81391], [-96.79638, 40.81374], [-96.79637, 40.81242], [-96.79637, 40.81208], [-96.79634, 40.81029], [-96.79633, 40.81003], [-96.7963, 40.80824], [-96.79629, 40.80789], [-96.79631, 40.80477], [-96.79633, 40.79919], [-96.79636, 40.79505], [-96.79626, 40.79505], [-96.79642, 40.7905], [-96.79573, 40.79203], [-96.79389, 40.79621], [-96.79258, 40.79918], [-96.79251, 40.79934], [-96.79236, 40.79968], [-96.792, 40.80046], [-96.79171, 40.801], [-96.79158, 40.80123], [-96.79148, 40.80139], [-96.79134, 40.8016], [-96.79116, 40.80185], [-96.791, 40.80206], [-96.79087, 40.80223], [-96.79059, 40.80255], [-96.79033, 40.80283], [-96.7901, 40.80307], [-96.78992, 40.80325], [-96.78967, 40.80348], [-96.78933, 40.80379], [-96.78902, 40.80407], [-96.78854, 40.80443], [-96.78819, 40.80469], [-96.78799, 40.80484], [-96.78772, 40.80502], [-96.78738, 40.80523], [-96.78701, 40.80544], [-96.78667, 40.80563], [-96.78641, 40.80576], [-96.78586, 40.80602], [-96.78541, 40.80622], [-96.78451, 40.80659], [-96.78296, 40.80704], [-96.78254, 40.80714], [-96.78202, 40.80727], [-96.78155, 40.80738], [-96.78104, 40.8075], [-96.78063, 40.80759], [-96.78027, 40.80765], [-96.77981, 40.80771], [-96.77913, 40.80778], [-96.7787, 40.80787], [-96.77861, 40.80789], [-96.77798, 40.80805], [-96.77473, 40.80871], [-96.77431, 40.80877], [-96.77396, 40.80879], [-96.77357, 40.80879], [-96.77259, 40.80881], [-96.77202, 40.80882], [-96.77149, 40.80882], [-96.77117, 40.80883], [-96.7708, 40.80884], [-96.76934, 40.80893], [-96.76808, 40.80901], [-96.76704, 40.80906], [-96.76589, 40.80911], [-96.76445, 40.80918], [-96.76282, 40.80926], [-96.76192, 40.8093], [-96.76049, 40.80938], [-96.75895, 40.80947], [-96.7583, 40.8095], [-96.75778, 40.80954], [-96.75617, 40.80968], [-96.75534, 40.80976], [-96.75437, 40.80986], [-96.75328, 40.80995], [-96.75332, 40.81001], [-96.75341, 40.81015], [-96.75366, 40.81052], [-96.75373, 40.81061], [-96.75377, 40.81071], [-96.75398, 40.81105], [-96.75419, 40.81142], [-96.75439, 40.81183], [-96.75457, 40.81221], [-96.75472, 40.81259], [-96.7551, 40.81375], [-96.75513, 40.81382], [-96.75517, 40.81396], [-96.75527, 40.81426], [-96.75575, 40.81558], [-96.7559, 40.816], [-96.75641, 40.81744], [-96.75644, 40.81752], [-96.75648, 40.81763], [-96.75633, 40.81772], [-96.75622, 40.81779], [-96.75608, 40.81788], [-96.75575, 40.81811], [-96.75546, 40.81833], [-96.75519, 40.81856], [-96.75494, 40.81879], [-96.75469, 40.81906], [-96.75447, 40.81932], [-96.75426, 40.81958], [-96.75386, 40.82017], [-96.75332, 40.82096], [-96.75325, 40.82105], [-96.75312, 40.82125], [-96.753, 40.82142], [-96.75226, 40.82249], [-96.746, 40.83159], [-96.74593, 40.83169], [-96.74585, 40.83182], [-96.746, 40.83192], [-96.74639, 40.83221], [-96.74654, 40.83234], [-96.74662, 40.83239], [-96.74667, 40.83241], [-96.74696, 40.83251], [-96.74702, 40.83253], [-96.74729, 40.83265], [-96.74739, 40.83269], [-96.74755, 40.83273], [-96.74771, 40.83275], [-96.74776, 40.83275], [-96.74803, 40.83274], [-96.7484, 40.83269], [-96.74851, 40.83266], [-96.74856, 40.83266], [-96.74867, 40.83265], [-96.74878, 40.83266], [-96.7491, 40.8327], [-96.74926, 40.8327], [-96.74937, 40.8327], [-96.74958, 40.83274], [-96.74974, 40.83273], [-96.74985, 40.83272], [-96.7499, 40.83271], [-96.75001, 40.83273], [-96.75017, 40.83275], [-96.75036, 40.83274], [-96.75041, 40.83274], [-96.75057, 40.83278], [-96.75068, 40.83279], [-96.75073, 40.8328], [-96.75087, 40.83287], [-96.75101, 40.83292], [-96.75116, 40.83297], [-96.75121, 40.83298], [-96.75143, 40.83298], [-96.75246, 40.83296], [-96.75289, 40.83296], [-96.75327, 40.83292], [-96.75349, 40.83292], [-96.7537, 40.83293], [-96.75381, 40.83291], [-96.75397, 40.83288], [-96.75416, 40.8328], [-96.75436, 40.83274], [-96.7545, 40.83268], [-96.75506, 40.83242], [-96.75518, 40.83235], [-96.75541, 40.83223], [-96.75544, 40.8322], [-96.75562, 40.83204], [-96.75601, 40.8317], [-96.75632, 40.83147], [-96.75638, 40.8314], [-96.75668, 40.83096], [-96.7569, 40.83068], [-96.75696, 40.83061], [-96.75727, 40.83038], [-96.75733, 40.83031], [-96.75738, 40.83024], [-96.75749, 40.82998], [-96.75753, 40.82986], [-96.75754, 40.82982], [-96.75755, 40.82978], [-96.75763, 40.82962], [-96.75767, 40.8295], [-96.75769, 40.82938], [-96.75771, 40.82876], [-96.7577, 40.8286], [-96.75767, 40.82848], [-96.75765, 40.82827], [-96.7576, 40.82807], [-96.7576, 40.82803], [-96.75762, 40.82778], [-96.75761, 40.8277], [-96.75753, 40.82721], [-96.75752, 40.82713], [-96.75754, 40.82688], [-96.75752, 40.82676], [-96.75752, 40.82672], [-96.75757, 40.82643], [-96.75759, 40.8261], [-96.75761, 40.82602], [-96.75766, 40.8259], [-96.75799, 40.8253], [-96.75804, 40.82523], [-96.75814, 40.82512], [-96.75828, 40.825], [-96.75862, 40.82473], [-96.75873, 40.82464], [-96.75904, 40.82448], [-96.75932, 40.82435], [-96.75946, 40.82429], [-96.75956, 40.82426], [-96.75982, 40.82421], [-96.76023, 40.82409], [-96.76035, 40.82403], [-96.76039, 40.82401], [-96.76049, 40.82398], [-96.76071, 40.82396], [-96.76108, 40.8239], [-96.76114, 40.8239], [-96.76119, 40.8239], [-96.76162, 40.82394], [-96.76178, 40.82395], [-96.76189, 40.82394], [-96.76227, 40.82389], [-96.76237, 40.82389], [-96.76264, 40.82393], [-96.7628, 40.82396], [-96.76295, 40.824], [-96.76306, 40.82402], [-96.76322, 40.82403], [-96.76349, 40.82404], [-96.76354, 40.82403], [-96.7636, 40.82402], [-96.76365, 40.82402], [-96.7637, 40.82402], [-96.76407, 40.8241], [-96.76422, 40.82415], [-96.76443, 40.82419], [-96.76448, 40.82421], [-96.7646, 40.82428], [-96.76495, 40.82448], [-96.76499, 40.82451], [-96.76511, 40.82465], [-96.76551, 40.82499], [-96.76564, 40.82512], [-96.76576, 40.82525], [-96.76586, 40.82535], [-96.76618, 40.82563], [-96.76624, 40.8257], [-96.76629, 40.82577], [-96.76638, 40.82588], [-96.76643, 40.82595], [-96.76644, 40.82599], [-96.76646, 40.82607], [-96.76652, 40.82623], [-96.76676, 40.82664], [-96.76688, 40.82683], [-96.76691, 40.82691], [-96.76693, 40.82699], [-96.76693, 40.82707], [-96.76693, 40.82756], [-96.76696, 40.82806], [-96.76696, 40.82814], [-96.76694, 40.82826], [-96.76693, 40.82839], [-96.76698, 40.82921], [-96.76698, 40.82933], [-96.76694, 40.82958], [-96.76694, 40.8297], [-96.76696, 40.82982], [-96.76698, 40.82991], [-96.76698, 40.82995], [-96.76696, 40.83007], [-96.76696, 40.83011], [-96.76699, 40.83023], [-96.76699, 40.83031], [-96.76696, 40.83048], [-96.76695, 40.8306], [-96.76695, 40.8311], [-96.76692, 40.83163], [-96.76692, 40.83204], [-96.76691, 40.83217], [-96.76684, 40.83245], [-96.76683, 40.83257], [-96.76683, 40.83269], [-96.76684, 40.83278], [-96.76689, 40.83289], [-96.7669, 40.83298], [-96.76692, 40.83318], [-96.76693, 40.83363], [-96.76692, 40.834], [-96.76689, 40.83429], [-96.76692, 40.83441], [-96.76692, 40.83454], [-96.7669, 40.83486], [-96.7669, 40.83503], [-96.76689, 40.83528], [-96.76684, 40.83569], [-96.76685, 40.83597], [-96.76683, 40.83626], [-96.76684, 40.83655], [-96.76682, 40.83684], [-96.76683, 40.837], [-96.76689, 40.83729], [-96.76689, 40.83737], [-96.76689, 40.83745], [-96.76689, 40.83749], [-96.76692, 40.83766], [-96.76692, 40.83774], [-96.76689, 40.83798], [-96.76688, 40.83815], [-96.76692, 40.83872], [-96.76691, 40.83901], [-96.76694, 40.83938], [-96.76701, 40.83949], [-96.76737, 40.83987], [-96.76831, 40.84076], [-96.76879, 40.84122], [-96.76886, 40.84125], [-96.76896, 40.8413], [-96.76904, 40.84135], [-96.76915, 40.84144], [-96.76919, 40.84147], [-96.7693, 40.84149], [-96.7694, 40.84152], [-96.76954, 40.84157], [-96.76968, 40.84165], [-96.76972, 40.84166], [-96.76983, 40.84167], [-96.76999, 40.84167], [-96.77005, 40.84167], [-96.77021, 40.84164], [-96.77037, 40.84164], [-96.77053, 40.84164], [-96.77064, 40.84165], [-96.7709, 40.8417], [-96.77101, 40.84171], [-96.77112, 40.84171], [-96.77117, 40.8417], [-96.77127, 40.84167], [-96.77143, 40.84165], [-96.77181, 40.84165], [-96.77208, 40.84162], [-96.7723, 40.84162], [-96.77251, 40.84159], [-96.77311, 40.8416], [-96.77365, 40.84163], [-96.77376, 40.84163], [-96.77403, 40.84162], [-96.77424, 40.84162], [-96.77446, 40.84165], [-96.77456, 40.84167], [-96.77471, 40.84172], [-96.77542, 40.84202], [-96.77581, 40.84217], [-96.77593, 40.84222], [-96.77624, 40.84234], [-96.77666, 40.84252], [-96.77705, 40.84275], [-96.77733, 40.84288], [-96.77747, 40.84294], [-96.77757, 40.84298], [-96.77766, 40.84302], [-96.77791, 40.84318], [-96.77809, 40.84327], [-96.77837, 40.8434], [-96.77874, 40.84356], [-96.77908, 40.84377], [-96.77923, 40.84389], [-96.77947, 40.84411], [-96.77953, 40.84418], [-96.77961, 40.84433], [-96.77964, 40.84437], [-96.77971, 40.84443], [-96.77973, 40.84447], [-96.77982, 40.84471], [-96.77984, 40.84479], [-96.77984, 40.84508], [-96.77984, 40.8453], [-96.77984, 40.84549], [-96.77986, 40.84602], [-96.77985, 40.84623], [-96.77991, 40.8466], [-96.77992, 40.84668], [-96.77991, 40.84672], [-96.77987, 40.84688], [-96.78297, 40.84691], [-96.78581, 40.84692], [-96.78715, 40.84692], [-96.78731, 40.84692], [-96.78731, 40.84632], [-96.78733, 40.84423], [-96.78735, 40.84278], [-96.79194, 40.84277], [-96.79613, 40.84276], [-96.79614, 40.84189], [-96.79615, 40.84078], [-96.79615, 40.84044], [-96.79615, 40.83974], [-96.79618, 40.83673], [-96.79618, 40.83591], [-96.79619, 40.83548], [-96.79621, 40.83269], [-96.79622, 40.83222], [-96.79622, 40.83189], [-96.79622, 40.83188], [-96.79622, 40.83159], [-96.79625, 40.82824], [-96.79638, 40.82108], [-96.79638, 40.8209], [-96.79642, 40.81866], [-96.79643, 40.81845]]]}}, {"type": "Feature", "properties": {"tract_id": "31109003719", "name": "Census Tract 37.19", "pct_white_2020": 88.5, "pct_black_2020": 0.0, "pct_hispanic_2020": 4.5, "pct_asian_2020": 4.7, "population_2020": 5513}, "geometry": {"type": "Polygon", "coordinates": [[[-96.60682, 40.73567], [-96.60686, 40.73556], [-96.60657, 40.73539], [-96.6068, 40.73502], [-96.60684, 40.73472], [-96.60685, 40.73452], [-96.60668, 40.73407], [-96.60649, 40.73379], [-96.60625, 40.73352], [-96.60602, 40.7333], [-96.60605, 40.7322], [-96.60607, 40.73096], [-96.60608, 40.7308], [-96.60609, 40.73008], [-96.60609, 40.73], [-96.60611, 40.72929], [-96.60612, 40.72862], [-96.60605, 40.72637], [-96.60605, 40.72619], [-96.60606, 40.72526], [-96.60616, 40.72269], [-96.60616, 40.72245], [-96.60616, 40.72055], [-96.60616, 40.72006], [-96.60616, 40.71979], [-96.60616, 40.71948], [-96.60616, 40.71908], [-96.60615, 40.71675], [-96.60615, 40.71543], [-96.60615, 40.71541], [-96.60615, 40.71354], [-96.60614, 40.71179], [-96.60617, 40.70822], [-96.60619, 40.70454], [-96.60624, 40.70103], [-96.60628, 40.69728], [-96.60446, 40.69728], [-96.60161, 40.69727], [-96.60091, 40.69727], [-96.59099, 40.69725], [-96.58722, 40.69724], [-96.58623, 40.69724], [-96.58571, 40.69724], [-96.58457, 40.69724], [-96.5778, 40.69723], [-96.57206, 40.69721], [-96.56866, 40.69721], [-96.56834, 40.69721], [-96.56779, 40.69721], [-96.56788, 40.70356], [-96.5679, 40.70445], [-96.56791, 40.70556], [-96.56792, 40.70582], [-96.56792, 40.70632], [-96.56792, 40.70692], [-96.56793, 40.7076], [-96.56797, 40.71169], [-96.56798, 40.71241], [-96.56801, 40.71482], [-96.568, 40.71489], [-96.56798, 40.7151], [-96.56789, 40.71616], [-96.56805, 40.71702], [-96.56787, 40.71892], [-96.56779, 40.72388], [-96.56779, 40.72617], [-96.56776, 40.72929], [-96.56777, 40.72937], [-96.56778, 40.72949], [-96.56779, 40.73279], [-96.56779, 40.73338], [-96.56779, 40.7334], [-96.568, 40.74064], [-96.56799, 40.74228], [-96.56798, 40.7465], [-96.56794, 40.75512], [-96.5775, 40.75517], [-96.58689, 40.75519], [-96.58707, 40.75519], [-96.58821, 40.7552], [-96.58901, 40.7552], [-96.59032, 40.75521], [-96.59047, 40.75521], [-96.59407, 40.75522], [-96.59435, 40.75522], [-96.59442, 40.75523], [-96.59502, 40.75523], [-96.59745, 40.75524], [-96.60078, 40.75524], [-96.60109, 40.75524], [-96.60316, 40.75524], [-96.60401, 40.75525], [-96.6061, 40.75525], [-96.6061, 40.75451], [-96.6061, 40.75366], [-96.6061, 40.75251], [-96.60609, 40.7517], [-96.60609, 40.75004], [-96.60609, 40.74986], [-96.60609, 40.74924], [-96.60609, 40.74889], [-96.60608, 40.74858], [-96.60608, 40.74812], [-96.60609, 40.74733], [-96.6061, 40.74582], [-96.6061, 40.7444], [-96.60611, 40.74277], [-96.60612, 40.7415], [-96.60612, 40.74139], [-96.60612, 40.74091], [-96.60612, 40.74078], [-96.60609, 40.73872], [-96.60609, 40.73871], [-96.60608, 40.7381], [-96.60607, 40.73706], [-96.60608, 40.73692], [-96.60609, 40.73681], [-96.60617, 40.73658], [-96.60623, 40.73644], [-96.60632, 40.73628], [-96.60633, 40.73627], [-96.60643, 40.73613], [-96.60655, 40.73599], [-96.60662, 40.73592], [-96.60668, 40.73585], [-96.60676, 40.73576], [-96.60682, 40.73567]]]}}, {"type": "Feature", "properties": {"tract_id": "31109003402", "name": "Census Tract 34.02", "pct_white_2020": 77.9, "pct_black_2020": 5.7, "pct_hispanic_2020": 6.0, "pct_asian_2020": 2.1, "population_2020": 6263}, "geometry": {"type": "Polygon", "coordinates": [[[-96.75302, 40.80999], [-96.75328, 40.80995], [-96.75222, 40.80836], [-96.75201, 40.80803], [-96.75178, 40.80769], [-96.75174, 40.80761], [-96.75172, 40.80758], [-96.75152, 40.8073], [-96.75095, 40.80643], [-96.75094, 40.80642], [-96.75087, 40.80632], [-96.7508, 40.80621], [-96.7503, 40.80547], [-96.75003, 40.80513], [-96.74965, 40.80475], [-96.74938, 40.80452], [-96.74928, 40.80443], [-96.74913, 40.80433], [-96.74902, 40.80425], [-96.74887, 40.80415], [-96.7486, 40.80399], [-96.74831, 40.80384], [-96.74804, 40.80371], [-96.74773, 40.80358], [-96.74742, 40.80347], [-96.74692, 40.80331], [-96.74474, 40.80267], [-96.74509, 40.80242], [-96.74545, 40.80217], [-96.74567, 40.80203], [-96.74593, 40.8019], [-96.746, 40.80187], [-96.7462, 40.80179], [-96.74652, 40.80166], [-96.74709, 40.80147], [-96.74765, 40.80129], [-96.74797, 40.80118], [-96.74826, 40.80108], [-96.74843, 40.80101], [-96.74863, 40.80091], [-96.74877, 40.8008], [-96.74888, 40.80065], [-96.74902, 40.80052], [-96.74912, 40.80038], [-96.7492, 40.80026], [-96.74927, 40.80011], [-96.74933, 40.79996], [-96.74936, 40.79979], [-96.74937, 40.79966], [-96.74937, 40.79923], [-96.74937, 40.79723], [-96.74936, 40.79511], [-96.74936, 40.79424], [-96.74936, 40.7919], [-96.74936, 40.78945], [-96.74935, 40.78825], [-96.74935, 40.78792], [-96.74935, 40.78655], [-96.74935, 40.78595], [-96.74935, 40.7846], [-96.74789, 40.78459], [-96.74717, 40.78459], [-96.74651, 40.78459], [-96.7455, 40.78459], [-96.74344, 40.78459], [-96.74068, 40.78458], [-96.74017, 40.78458], [-96.73982, 40.78458], [-96.73938, 40.78458], [-96.73909, 40.78459], [-96.73884, 40.78461], [-96.73872, 40.78463], [-96.73856, 40.78465], [-96.73829, 40.7847], [-96.73802, 40.78477], [-96.73771, 40.78486], [-96.73632, 40.78534], [-96.73579, 40.78552], [-96.73576, 40.78553], [-96.73419, 40.78608], [-96.73412, 40.78611], [-96.73357, 40.78631], [-96.73195, 40.78689], [-96.7314, 40.78709], [-96.73127, 40.78714], [-96.73073, 40.78732], [-96.73069, 40.78734], [-96.73034, 40.78746], [-96.7301, 40.78754], [-96.72999, 40.78758], [-96.72915, 40.78784], [-96.72878, 40.78794], [-96.72823, 40.78805], [-96.72809, 40.78807], [-96.72805, 40.78808], [-96.72771, 40.78813], [-96.72732, 40.78818], [-96.72692, 40.7882], [-96.72655, 40.78822], [-96.72617, 40.78822], [-96.7258, 40.7882], [-96.72543, 40.78818], [-96.72512, 40.78815], [-96.72511, 40.78819], [-96.72505, 40.78833], [-96.72499, 40.78882], [-96.72499, 40.78916], [-96.725, 40.78935], [-96.725, 40.78953], [-96.72497, 40.78965], [-96.72496, 40.78979], [-96.72491, 40.78999], [-96.72485, 40.7902], [-96.72472, 40.79041], [-96.72468, 40.79053], [-96.72462, 40.79072], [-96.72455, 40.79084], [-96.72443, 40.79116], [-96.72441, 40.79129], [-96.72437, 40.79148], [-96.72439, 40.79165], [-96.72441, 40.79184], [-96.72446, 40.79205], [-96.72442, 40.79225], [-96.72434, 40.79281], [-96.72432, 40.79303], [-96.72427, 40.79335], [-96.72423, 40.79361], [-96.724, 40.79459], [-96.72398, 40.79466], [-96.7239, 40.79519], [-96.72386, 40.79544], [-96.72383, 40.79566], [-96.7237, 40.79616], [-96.72366, 40.79637], [-96.72347, 40.79694], [-96.72341, 40.79719], [-96.72338, 40.79772], [-96.72344, 40.79813], [-96.72347, 40.79849], [-96.72352, 40.79868], [-96.72353, 40.79875], [-96.72355, 40.79897], [-96.72363, 40.79911], [-96.72367, 40.7992], [-96.72396, 40.79951], [-96.72405, 40.79962], [-96.7241, 40.79973], [-96.72414, 40.79982], [-96.72418, 40.79993], [-96.72421, 40.80002], [-96.72427, 40.80018], [-96.72464, 40.80076], [-96.72466, 40.8008], [-96.7247, 40.80097], [-96.7248, 40.801], [-96.72485, 40.80101], [-96.72489, 40.80104], [-96.72495, 40.80111], [-96.725, 40.80118], [-96.7251, 40.80142], [-96.72513, 40.80149], [-96.7252, 40.80174], [-96.72528, 40.80219], [-96.72528, 40.80243], [-96.72527, 40.80247], [-96.72524, 40.80251], [-96.7252, 40.80254], [-96.72506, 40.80261], [-96.72503, 40.80286], [-96.72502, 40.80291], [-96.72501, 40.80298], [-96.725, 40.80302], [-96.72485, 40.80328], [-96.72439, 40.80399], [-96.72436, 40.80411], [-96.72432, 40.80419], [-96.72427, 40.80426], [-96.72415, 40.8044], [-96.72413, 40.80444], [-96.72413, 40.80448], [-96.72414, 40.8046], [-96.72413, 40.80477], [-96.72413, 40.80481], [-96.72419, 40.80497], [-96.72418, 40.80501], [-96.72415, 40.80504], [-96.72407, 40.80509], [-96.72399, 40.80542], [-96.72399, 40.8055], [-96.72397, 40.80558], [-96.72393, 40.80571], [-96.72391, 40.80583], [-96.72388, 40.80604], [-96.72387, 40.80608], [-96.72383, 40.80616], [-96.72377, 40.80624], [-96.72378, 40.80625], [-96.72381, 40.80635], [-96.72384, 40.80644], [-96.72385, 40.80648], [-96.72383, 40.80661], [-96.72436, 40.80658], [-96.72387, 40.8068], [-96.72373, 40.80682], [-96.72351, 40.80726], [-96.72349, 40.80739], [-96.7235, 40.80747], [-96.72353, 40.80755], [-96.72368, 40.80803], [-96.72372, 40.80823], [-96.72373, 40.80835], [-96.72373, 40.80852], [-96.72372, 40.8086], [-96.72366, 40.8088], [-96.72362, 40.80888], [-96.72342, 40.80918], [-96.72351, 40.80923], [-96.72353, 40.80927], [-96.72359, 40.80955], [-96.72363, 40.80992], [-96.72364, 40.81017], [-96.72363, 40.81021], [-96.72359, 40.81033], [-96.72359, 40.81037], [-96.72364, 40.81082], [-96.72363, 40.81091], [-96.72362, 40.81094], [-96.72355, 40.81097], [-96.72364, 40.81129], [-96.72367, 40.81137], [-96.72367, 40.81141], [-96.72366, 40.81149], [-96.72363, 40.81157], [-96.72351, 40.8118], [-96.72347, 40.81192], [-96.72342, 40.81213], [-96.72337, 40.81229], [-96.72333, 40.81257], [-96.72331, 40.81274], [-96.72333, 40.81315], [-96.72332, 40.81319], [-96.72331, 40.81323], [-96.72325, 40.81334], [-96.72314, 40.81358], [-96.72313, 40.81362], [-96.72312, 40.81365], [-96.72312, 40.81371], [-96.72324, 40.81371], [-96.72353, 40.81371], [-96.72406, 40.81374], [-96.72427, 40.81375], [-96.72499, 40.81375], [-96.7251, 40.81375], [-96.7286, 40.81376], [-96.73062, 40.81375], [-96.73221, 40.81376], [-96.73279, 40.81377], [-96.73309, 40.81377], [-96.73315, 40.8137], [-96.73344, 40.81332], [-96.73367, 40.81308], [-96.73386, 40.81292], [-96.73412, 40.81272], [-96.73447, 40.81249], [-96.73486, 40.81224], [-96.73519, 40.81204], [-96.73565, 40.8118], [-96.73598, 40.81175], [-96.73637, 40.81171], [-96.73749, 40.81158], [-96.7405, 40.81128], [-96.74937, 40.81042], [-96.75066, 40.81028], [-96.75244, 40.81006], [-96.75302, 40.80999]]]}}, {"type": "Feature", "properties": {"tract_id": "31109003202", "name": "Census Tract 32.02", "pct_white_2020": 72.1, "pct_black_2020": 3.0, "pct_hispanic_2020": 18.7, "pct_asian_2020": 0.0, "population_2020": 2881}, "geometry": {"type": "Polygon", "coordinates": [[[-96.81524, 40.84642], [-96.81527, 40.84284], [-96.81513, 40.84284], [-96.80784, 40.84281], [-96.80678, 40.84281], [-96.80653, 40.84281], [-96.80612, 40.8428], [-96.80569, 40.8428], [-96.80536, 40.8428], [-96.80031, 40.84278], [-96.79894, 40.84277], [-96.79774, 40.84277], [-96.79743, 40.84276], [-96.79733, 40.84276], [-96.79721, 40.84276], [-96.79625, 40.84276], [-96.79613, 40.84276], [-96.79194, 40.84277], [-96.78735, 40.84278], [-96.78733, 40.84423], [-96.78731, 40.84632], [-96.78731, 40.84692], [-96.7873, 40.8476], [-96.78729, 40.84851], [-96.78728, 40.84942], [-96.78725, 40.85167], [-96.78724, 40.85262], [-96.78721, 40.85551], [-96.78718, 40.858], [-96.78716, 40.8594], [-96.78714, 40.86079], [-96.78713, 40.86156], [-96.78711, 40.86341], [-96.78711, 40.86374], [-96.78711, 40.86384], [-96.78704, 40.86855], [-96.787, 40.87168], [-96.787, 40.8718], [-96.79591, 40.87181], [-96.79591, 40.87169], [-96.79597, 40.86455], [-96.79598, 40.86376], [-96.796, 40.8596], [-96.796, 40.85955], [-96.79599, 40.85915], [-96.79602, 40.85727], [-96.79672, 40.85728], [-96.80553, 40.85731], [-96.80569, 40.85731], [-96.81408, 40.85734], [-96.81505, 40.85734], [-96.81517, 40.85734], [-96.81522, 40.85004], [-96.81524, 40.84642]]]}}, {"type": "Feature", "properties": {"tract_id": "31109003601", "name": "Census Tract 36.01", "pct_white_2020": 47.4, "pct_black_2020": 31.6, "pct_hispanic_2020": 12.8, "pct_asian_2020": 0.4, "population_2020": 1166}, "geometry": {"type": "Polygon", "coordinates": [[[-96.70731, 40.7684], [-96.70725, 40.76839], [-96.70719, 40.76837], [-96.7071, 40.76833], [-96.7066, 40.76817], [-96.70645, 40.76814], [-96.70602, 40.76808], [-96.70512, 40.76792], [-96.70475, 40.76787], [-96.70432, 40.76783], [-96.704, 40.7678], [-96.70346, 40.76778], [-96.70286, 40.76775], [-96.70232, 40.76773], [-96.70189, 40.7677], [-96.70165, 40.76768], [-96.70149, 40.76767], [-96.70156, 40.77017], [-96.70154, 40.77137], [-96.70154, 40.77151], [-96.70169, 40.7716], [-96.70186, 40.7717], [-96.70211, 40.77186], [-96.70255, 40.77214], [-96.70292, 40.7724], [-96.70351, 40.77288], [-96.70384, 40.77318], [-96.70497, 40.77447], [-96.70489, 40.77428], [-96.7048, 40.77408], [-96.70472, 40.77391], [-96.70465, 40.77368], [-96.70459, 40.77345], [-96.70454, 40.77313], [-96.70454, 40.77292], [-96.70456, 40.77268], [-96.70461, 40.77241], [-96.70463, 40.77228], [-96.70472, 40.77207], [-96.7048, 40.77189], [-96.70499, 40.77157], [-96.70579, 40.77039], [-96.70731, 40.7684]]]}}, {"type": "Feature", "properties": {"tract_id": "31109003401", "name": "Census Tract 34.01", "pct_white_2020": 65.9, "pct_black_2020": 8.4, "pct_hispanic_2020": 12.5, "pct_asian_2020": 4.9, "population_2020": 6339}, "geometry": {"type": "Polygon", "coordinates": [[[-96.79642, 40.7905], [-96.79655, 40.78467], [-96.78751, 40.78465], [-96.78229, 40.78464], [-96.77803, 40.78464], [-96.7688, 40.78463], [-96.76852, 40.78463], [-96.76845, 40.78463], [-96.76793, 40.78462], [-96.76656, 40.78462], [-96.76636, 40.78462], [-96.76292, 40.78462], [-96.76216, 40.78461], [-96.76059, 40.78461], [-96.75933, 40.78461], [-96.75895, 40.78461], [-96.75884, 40.78461], [-96.75824, 40.78461], [-96.75262, 40.7846], [-96.75058, 40.7846], [-96.74945, 40.7846], [-96.74935, 40.7846], [-96.74935, 40.78595], [-96.74935, 40.78655], [-96.74935, 40.78792], [-96.74935, 40.78825], [-96.74936, 40.78945], [-96.74936, 40.7919], [-96.74936, 40.79424], [-96.74936, 40.79511], [-96.74937, 40.79723], [-96.74937, 40.79923], [-96.74937, 40.79966], [-96.74936, 40.79979], [-96.74933, 40.79996], [-96.74927, 40.80011], [-96.7492, 40.80026], [-96.74912, 40.80038], [-96.74902, 40.80052], [-96.74888, 40.80065], [-96.74877, 40.8008], [-96.74863, 40.80091], [-96.74843, 40.80101], [-96.74826, 40.80108], [-96.74797, 40.80118], [-96.74765, 40.80129], [-96.74709, 40.80147], [-96.74652, 40.80166], [-96.7462, 40.80179], [-96.746, 40.80187], [-96.74593, 40.8019], [-96.74567, 40.80203], [-96.74545, 40.80217], [-96.74509, 40.80242], [-96.74474, 40.80267], [-96.74692, 40.80331], [-96.74742, 40.80347], [-96.74773, 40.80358], [-96.74804, 40.80371], [-96.74831, 40.80384], [-96.7486, 40.80399], [-96.74887, 40.80415], [-96.74902, 40.80425], [-96.74913, 40.80433], [-96.74928, 40.80443], [-96.74938, 40.80452], [-96.74965, 40.80475], [-96.75003, 40.80513], [-96.7503, 40.80547], [-96.7508, 40.80621], [-96.75087, 40.80632], [-96.75094, 40.80642], [-96.75095, 40.80643], [-96.75152, 40.8073], [-96.75172, 40.80758], [-96.75174, 40.80761], [-96.75178, 40.80769], [-96.75201, 40.80803], [-96.75222, 40.80836], [-96.75328, 40.80995], [-96.75437, 40.80986], [-96.75534, 40.80976], [-96.75617, 40.80968], [-96.75778, 40.80954], [-96.7583, 40.8095], [-96.75895, 40.80947], [-96.76049, 40.80938], [-96.76192, 40.8093], [-96.76282, 40.80926], [-96.76445, 40.80918], [-96.76589, 40.80911], [-96.76704, 40.80906], [-96.76808, 40.80901], [-96.76934, 40.80893], [-96.7708, 40.80884], [-96.77117, 40.80883], [-96.77149, 40.80882], [-96.77202, 40.80882], [-96.77259, 40.80881], [-96.77357, 40.80879], [-96.77396, 40.80879], [-96.77431, 40.80877], [-96.77473, 40.80871], [-96.77798, 40.80805], [-96.77861, 40.80789], [-96.7787, 40.80787], [-96.77913, 40.80778], [-96.77981, 40.80771], [-96.78027, 40.80765], [-96.78063, 40.80759], [-96.78104, 40.8075], [-96.78155, 40.80738], [-96.78202, 40.80727], [-96.78254, 40.80714], [-96.78296, 40.80704], [-96.78451, 40.80659], [-96.78541, 40.80622], [-96.78586, 40.80602], [-96.78641, 40.80576], [-96.78667, 40.80563], [-96.78701, 40.80544], [-96.78738, 40.80523], [-96.78772, 40.80502], [-96.78799, 40.80484], [-96.78819, 40.80469], [-96.78854, 40.80443], [-96.78902, 40.80407], [-96.78933, 40.80379], [-96.78967, 40.80348], [-96.78992, 40.80325], [-96.7901, 40.80307], [-96.79033, 40.80283], [-96.79059, 40.80255], [-96.79087, 40.80223], [-96.791, 40.80206], [-96.79116, 40.80185], [-96.79134, 40.8016], [-96.79148, 40.80139], [-96.79158, 40.80123], [-96.79171, 40.801], [-96.792, 40.80046], [-96.79236, 40.79968], [-96.79251, 40.79934], [-96.79258, 40.79918], [-96.79389, 40.79621], [-96.79573, 40.79203], [-96.79642, 40.7905]]]}}, {"type": "Feature", "properties": {"tract_id": "31109001002", "name": "Census Tract 10.02", "pct_white_2020": 70.7, "pct_black_2020": 7.9, "pct_hispanic_2020": 6.8, "pct_asian_2020": 7.6, "population_2020": 1910}, "geometry": {"type": "Polygon", "coordinates": [[[-96.65366, 40.8207], [-96.65366, 40.81946], [-96.65366, 40.81711], [-96.65366, 40.81496], [-96.65363, 40.81442], [-96.65363, 40.81353], [-96.65132, 40.81352], [-96.64951, 40.81352], [-96.64883, 40.81351], [-96.64776, 40.8135], [-96.64648, 40.81349], [-96.6442, 40.81349], [-96.64415, 40.81349], [-96.64412, 40.81349], [-96.64182, 40.81347], [-96.64179, 40.81372], [-96.64179, 40.81417], [-96.6418, 40.81459], [-96.64179, 40.81493], [-96.64177, 40.81509], [-96.64173, 40.81528], [-96.64167, 40.81544], [-96.64165, 40.81548], [-96.64157, 40.81573], [-96.64147, 40.81598], [-96.64135, 40.81621], [-96.64122, 40.81642], [-96.64108, 40.81662], [-96.64092, 40.81682], [-96.64073, 40.81703], [-96.64069, 40.81707], [-96.64063, 40.81712], [-96.64044, 40.8173], [-96.64021, 40.81748], [-96.63996, 40.81766], [-96.63936, 40.81804], [-96.63929, 40.81808], [-96.63922, 40.81813], [-96.63779, 40.81904], [-96.63771, 40.8191], [-96.63554, 40.82048], [-96.63544, 40.82055], [-96.63527, 40.82066], [-96.63563, 40.82066], [-96.63742, 40.82067], [-96.63825, 40.82067], [-96.63976, 40.82068], [-96.64168, 40.82069], [-96.64295, 40.8207], [-96.64381, 40.82071], [-96.64415, 40.82071], [-96.64526, 40.82071], [-96.64653, 40.82071], [-96.64889, 40.82072], [-96.65091, 40.82072], [-96.65151, 40.82072], [-96.65176, 40.8207], [-96.65192, 40.8207], [-96.65266, 40.8207], [-96.65366, 40.8207]]]}}, {"type": "Feature", "properties": {"tract_id": "31109003716", "name": "Census Tract 37.16", "pct_white_2020": 83.6, "pct_black_2020": 0.9, "pct_hispanic_2020": 5.4, "pct_asian_2020": 3.5, "population_2020": 5115}, "geometry": {"type": "Polygon", "coordinates": [[[-96.68253, 40.73957], [-96.68253, 40.73778], [-96.68253, 40.73675], [-96.68252, 40.73467], [-96.68252, 40.73369], [-96.68252, 40.73033], [-96.68252, 40.7286], [-96.68252, 40.7264], [-96.67977, 40.72645], [-96.67795, 40.72648], [-96.67348, 40.72655], [-96.67334, 40.72655], [-96.67297, 40.72656], [-96.66951, 40.72647], [-96.66702, 40.72641], [-96.66344, 40.72632], [-96.66344, 40.7295], [-96.66343, 40.73133], [-96.66343, 40.73291], [-96.66343, 40.73296], [-96.66343, 40.73479], [-96.66343, 40.73507], [-96.66342, 40.73566], [-96.66342, 40.73856], [-96.66342, 40.74081], [-96.6666, 40.74084], [-96.67154, 40.74087], [-96.67158, 40.74087], [-96.67298, 40.74088], [-96.67375, 40.74088], [-96.67489, 40.74089], [-96.67646, 40.7409], [-96.67664, 40.7409], [-96.67692, 40.74089], [-96.6771, 40.74087], [-96.67738, 40.74083], [-96.67763, 40.74078], [-96.67789, 40.7407], [-96.67815, 40.74061], [-96.67922, 40.74017], [-96.67986, 40.7399], [-96.68004, 40.73983], [-96.68028, 40.73976], [-96.68063, 40.73967], [-96.6809, 40.73962], [-96.68118, 40.73959], [-96.68146, 40.73957], [-96.68163, 40.73957], [-96.68253, 40.73957]]]}}, {"type": "Feature", "properties": {"tract_id": "31109003714", "name": "Census Tract 37.14", "pct_white_2020": 92.9, "pct_black_2020": 0.7, "pct_hispanic_2020": 2.2, "pct_asian_2020": 2.7, "population_2020": 5354}, "geometry": {"type": "Polygon", "coordinates": [[[-96.64443, 40.75461], [-96.64443, 40.75454], [-96.64443, 40.7541], [-96.64441, 40.75388], [-96.64432, 40.75334], [-96.64432, 40.75266], [-96.64432, 40.75143], [-96.64433, 40.74932], [-96.64433, 40.74846], [-96.64433, 40.74744], [-96.64433, 40.7459], [-96.64433, 40.74503], [-96.64433, 40.74453], [-96.64433, 40.74262], [-96.64433, 40.74097], [-96.64434, 40.74084], [-96.64434, 40.73845], [-96.64434, 40.73726], [-96.64434, 40.73651], [-96.64435, 40.73479], [-96.64435, 40.73449], [-96.64435, 40.73378], [-96.64435, 40.73359], [-96.64436, 40.7319], [-96.64436, 40.73085], [-96.64436, 40.72997], [-96.64436, 40.72859], [-96.64436, 40.72833], [-96.64437, 40.72741], [-96.64437, 40.72633], [-96.64152, 40.72633], [-96.64076, 40.72633], [-96.64013, 40.72634], [-96.6377, 40.72634], [-96.63756, 40.72634], [-96.63739, 40.72634], [-96.6365, 40.72634], [-96.63637, 40.72634], [-96.63506, 40.72634], [-96.63489, 40.72634], [-96.63228, 40.72635], [-96.63172, 40.72635], [-96.63085, 40.72635], [-96.62977, 40.72635], [-96.62953, 40.72635], [-96.62945, 40.72635], [-96.62878, 40.72635], [-96.62761, 40.72635], [-96.62564, 40.72636], [-96.62546, 40.72636], [-96.62521, 40.72636], [-96.62339, 40.72635], [-96.62039, 40.72635], [-96.61911, 40.72634], [-96.61744, 40.72634], [-96.61585, 40.72634], [-96.61571, 40.72634], [-96.61262, 40.72633], [-96.611, 40.72633], [-96.61066, 40.72633], [-96.60861, 40.72638], [-96.60763, 40.72639], [-96.60635, 40.72638], [-96.60605, 40.72637], [-96.60612, 40.72862], [-96.60611, 40.72929], [-96.60609, 40.73], [-96.60609, 40.73008], [-96.60608, 40.7308], [-96.60607, 40.73096], [-96.60605, 40.7322], [-96.60602, 40.7333], [-96.60625, 40.73352], [-96.60649, 40.73379], [-96.60668, 40.73407], [-96.60685, 40.73452], [-96.60684, 40.73472], [-96.6068, 40.73502], [-96.60657, 40.73539], [-96.60686, 40.73556], [-96.60682, 40.73567], [-96.60676, 40.73576], [-96.60668, 40.73585], [-96.60662, 40.73592], [-96.60655, 40.73599], [-96.60679, 40.73612], [-96.60765, 40.7366], [-96.61343, 40.73981], [-96.61416, 40.74021], [-96.61583, 40.74111], [-96.61593, 40.74117], [-96.61596, 40.74118], [-96.61777, 40.74216], [-96.61789, 40.74223], [-96.62126, 40.74404], [-96.6239, 40.74542], [-96.6249, 40.74595], [-96.62494, 40.74598], [-96.62535, 40.7462], [-96.62648, 40.74681], [-96.6297, 40.74855], [-96.63199, 40.7498], [-96.63511, 40.7515], [-96.64006, 40.75419], [-96.6404, 40.75437], [-96.64051, 40.75444], [-96.64158, 40.75502], [-96.64177, 40.75511], [-96.64192, 40.7552], [-96.64219, 40.75534], [-96.64313, 40.75581], [-96.644, 40.75622], [-96.64401, 40.75622], [-96.64425, 40.75632], [-96.64432, 40.75634], [-96.64438, 40.75636], [-96.64438, 40.75634], [-96.64439, 40.75626], [-96.64443, 40.75527], [-96.64443, 40.75521], [-96.64443, 40.75476], [-96.64443, 40.75472], [-96.64442, 40.75464], [-96.64443, 40.75461]]]}}, {"type": "Feature", "properties": {"tract_id": "31109002001", "name": "Census Tract 20.01", "pct_white_2020": 59.2, "pct_black_2020": 6.6, "pct_hispanic_2020": 26.0, "pct_asian_2020": 3.6, "population_2020": 2467}, "geometry": {"type": "Polygon", "coordinates": [[[-96.70263, 40.8003], [-96.70264, 40.7992], [-96.7014, 40.79919], [-96.70125, 40.79919], [-96.69977, 40.79919], [-96.69829, 40.79918], [-96.69824, 40.79918], [-96.69684, 40.79918], [-96.69683, 40.80028], [-96.69682, 40.80138], [-96.69681, 40.8025], [-96.69681, 40.80291], [-96.6968, 40.80363], [-96.6968, 40.80473], [-96.69679, 40.80582], [-96.69678, 40.80692], [-96.69678, 40.80805], [-96.69678, 40.80813], [-96.69677, 40.80918], [-96.69822, 40.80918], [-96.69973, 40.80919], [-96.70118, 40.80919], [-96.70127, 40.80919], [-96.70141, 40.8092], [-96.70256, 40.8092], [-96.70257, 40.80808], [-96.70258, 40.80694], [-96.70259, 40.80585], [-96.7026, 40.80474], [-96.7026, 40.80365], [-96.70261, 40.80252], [-96.70262, 40.8014], [-96.70263, 40.8003]]]}}, {"type": "Feature", "properties": {"tract_id": "31109003704", "name": "Census Tract 37.04", "pct_white_2020": 79.1, "pct_black_2020": 7.0, "pct_hispanic_2020": 6.0, "pct_asian_2020": 1.8, "population_2020": 5474}, "geometry": {"type": "Polygon", "coordinates": [[[-96.6828, 40.76806], [-96.68277, 40.76799], [-96.68276, 40.76795], [-96.68255, 40.76726], [-96.68252, 40.76705], [-96.68252, 40.76644], [-96.68252, 40.76568], [-96.68252, 40.76394], [-96.68252, 40.76114], [-96.68252, 40.76043], [-96.68252, 40.75953], [-96.68256, 40.75861], [-96.68257, 40.75845], [-96.68257, 40.75548], [-96.68252, 40.75548], [-96.68244, 40.75548], [-96.67961, 40.75546], [-96.67722, 40.75543], [-96.677, 40.75543], [-96.67506, 40.75541], [-96.67261, 40.75539], [-96.67154, 40.75539], [-96.6714, 40.75539], [-96.66778, 40.75538], [-96.66762, 40.75538], [-96.66337, 40.75537], [-96.66289, 40.75537], [-96.66164, 40.75536], [-96.66144, 40.75536], [-96.65954, 40.75536], [-96.65685, 40.75536], [-96.65454, 40.75535], [-96.6544, 40.75535], [-96.65384, 40.75534], [-96.65375, 40.75534], [-96.65331, 40.75533], [-96.6522, 40.75533], [-96.65079, 40.75532], [-96.6496, 40.75531], [-96.64909, 40.75531], [-96.64852, 40.75531], [-96.64732, 40.7553], [-96.64648, 40.7553], [-96.64623, 40.75528], [-96.64594, 40.75524], [-96.64582, 40.75521], [-96.64566, 40.75518], [-96.64534, 40.75509], [-96.64509, 40.75501], [-96.64483, 40.75491], [-96.6446, 40.7548], [-96.64443, 40.75472], [-96.64443, 40.75476], [-96.64474, 40.75522], [-96.64483, 40.75537], [-96.64493, 40.75549], [-96.64506, 40.75565], [-96.64515, 40.75575], [-96.64524, 40.75585], [-96.64541, 40.75599], [-96.64556, 40.75612], [-96.64571, 40.75622], [-96.64595, 40.75637], [-96.64614, 40.75646], [-96.6463, 40.75654], [-96.64648, 40.75662], [-96.64665, 40.75669], [-96.64681, 40.75674], [-96.64754, 40.75698], [-96.64829, 40.75721], [-96.6491, 40.75746], [-96.64944, 40.75758], [-96.64963, 40.75764], [-96.65355, 40.75888], [-96.65372, 40.75893], [-96.65383, 40.75897], [-96.65388, 40.75898], [-96.65527, 40.75938], [-96.65883, 40.76049], [-96.66142, 40.76131], [-96.66202, 40.76151], [-96.6624, 40.76165], [-96.66262, 40.76174], [-96.66281, 40.76184], [-96.663, 40.76195], [-96.6633, 40.76213], [-96.66372, 40.76241], [-96.66407, 40.76269], [-96.66591, 40.76427], [-96.6671, 40.76527], [-96.66762, 40.76567], [-96.66787, 40.76582], [-96.6683, 40.76607], [-96.66873, 40.76627], [-96.66933, 40.7665], [-96.66968, 40.76661], [-96.66999, 40.7667], [-96.67069, 40.76685], [-96.67105, 40.7669], [-96.67139, 40.76694], [-96.67287, 40.76709], [-96.67665, 40.76747], [-96.67945, 40.76777], [-96.68052, 40.76788], [-96.68266, 40.76811], [-96.6828, 40.76806]]]}}, {"type": "Feature", "properties": {"tract_id": "31109003708", "name": "Census Tract 37.08", "pct_white_2020": 87.1, "pct_black_2020": 0.9, "pct_hispanic_2020": 6.6, "pct_asian_2020": 1.9, "population_2020": 3756}, "geometry": {"type": "Polygon", "coordinates": [[[-96.68257, 40.75475], [-96.68257, 40.7543], [-96.68255, 40.75376], [-96.68254, 40.7532], [-96.68252, 40.75289], [-96.68252, 40.7521], [-96.68252, 40.75102], [-96.68252, 40.74879], [-96.68252, 40.74819], [-96.68252, 40.74775], [-96.68252, 40.74498], [-96.68252, 40.744], [-96.68252, 40.7439], [-96.68253, 40.74298], [-96.68253, 40.74186], [-96.68253, 40.74164], [-96.68253, 40.7408], [-96.68253, 40.73957], [-96.68163, 40.73957], [-96.68146, 40.73957], [-96.68118, 40.73959], [-96.6809, 40.73962], [-96.68063, 40.73967], [-96.68028, 40.73976], [-96.68004, 40.73983], [-96.67986, 40.7399], [-96.67922, 40.74017], [-96.67815, 40.74061], [-96.67789, 40.7407], [-96.67763, 40.74078], [-96.67738, 40.74083], [-96.6771, 40.74087], [-96.67692, 40.74089], [-96.67664, 40.7409], [-96.67646, 40.7409], [-96.67489, 40.74089], [-96.67375, 40.74088], [-96.67298, 40.74088], [-96.67158, 40.74087], [-96.67154, 40.74087], [-96.6666, 40.74084], [-96.66342, 40.74081], [-96.66341, 40.74229], [-96.66341, 40.74273], [-96.66341, 40.74372], [-96.6634, 40.74479], [-96.66339, 40.74647], [-96.66339, 40.74658], [-96.66339, 40.74778], [-96.66338, 40.74999], [-96.66338, 40.75003], [-96.66338, 40.75006], [-96.66338, 40.75232], [-96.66338, 40.75236], [-96.66338, 40.75241], [-96.66337, 40.75527], [-96.66337, 40.75537], [-96.66762, 40.75538], [-96.66778, 40.75538], [-96.6714, 40.75539], [-96.67154, 40.75539], [-96.67261, 40.75539], [-96.67506, 40.75541], [-96.677, 40.75543], [-96.67722, 40.75543], [-96.67961, 40.75546], [-96.68244, 40.75548], [-96.68252, 40.75548], [-96.68257, 40.75548], [-96.68257, 40.75543], [-96.68257, 40.75538], [-96.68257, 40.75475]]]}}, {"type": "Feature", "properties": {"tract_id": "31109003801", "name": "Census Tract 38.01", "pct_white_2020": 90.5, "pct_black_2020": 0.7, "pct_hispanic_2020": 3.5, "pct_asian_2020": 0.8, "population_2020": 4696}, "geometry": {"type": "Polygon", "coordinates": [[[-96.62518, 40.78726], [-96.62518, 40.78614], [-96.62515, 40.78429], [-96.62511, 40.78429], [-96.62499, 40.78429], [-96.62353, 40.78428], [-96.62277, 40.78428], [-96.62065, 40.78427], [-96.61975, 40.78427], [-96.6192, 40.78427], [-96.61863, 40.78427], [-96.61751, 40.78426], [-96.61695, 40.78426], [-96.6164, 40.78426], [-96.61193, 40.78425], [-96.60799, 40.78424], [-96.60601, 40.78423], [-96.60604, 40.78753], [-96.60604, 40.78851], [-96.60606, 40.79024], [-96.60607, 40.79129], [-96.60607, 40.79151], [-96.60607, 40.79217], [-96.60606, 40.79305], [-96.60606, 40.79393], [-96.60606, 40.7948], [-96.60605, 40.79508], [-96.60605, 40.79742], [-96.60605, 40.79752], [-96.60605, 40.79759], [-96.60605, 40.79762], [-96.60607, 40.79773], [-96.60611, 40.79806], [-96.6061, 40.79883], [-96.60693, 40.79884], [-96.60722, 40.79885], [-96.60788, 40.79888], [-96.60803, 40.79888], [-96.60897, 40.7989], [-96.60917, 40.7989], [-96.61073, 40.79893], [-96.61264, 40.79896], [-96.61378, 40.79898], [-96.61485, 40.799], [-96.61549, 40.79901], [-96.61561, 40.79901], [-96.61932, 40.79893], [-96.62336, 40.79884], [-96.62361, 40.79883], [-96.62409, 40.7988], [-96.62498, 40.79878], [-96.62514, 40.79878], [-96.62513, 40.79726], [-96.62513, 40.7963], [-96.62513, 40.79574], [-96.62514, 40.79382], [-96.62514, 40.79297], [-96.62514, 40.79155], [-96.62517, 40.78844], [-96.62518, 40.78726]]]}}, {"type": "Feature", "properties": {"tract_id": "31109003605", "name": "Census Tract 36.05", "pct_white_2020": 85.1, "pct_black_2020": 3.8, "pct_hispanic_2020": 4.5, "pct_asian_2020": 0.9, "population_2020": 4178}, "geometry": {"type": "Polygon", "coordinates": [[[-96.7221, 40.75564], [-96.722, 40.75524], [-96.72192, 40.75479], [-96.72184, 40.75434], [-96.72179, 40.75385], [-96.72162, 40.7517], [-96.72147, 40.74985], [-96.72141, 40.7494], [-96.72134, 40.74899], [-96.72123, 40.74853], [-96.72118, 40.74835], [-96.72111, 40.74809], [-96.72098, 40.74768], [-96.72083, 40.74727], [-96.72065, 40.74683], [-96.72049, 40.74648], [-96.72044, 40.74639], [-96.72036, 40.74622], [-96.72034, 40.74617], [-96.72031, 40.74612], [-96.7201, 40.74621], [-96.72013, 40.74627], [-96.72016, 40.74633], [-96.71513, 40.74905], [-96.71498, 40.74893], [-96.71497, 40.74892], [-96.71313, 40.74993], [-96.71282, 40.7501], [-96.71244, 40.7503], [-96.70875, 40.75227], [-96.7044, 40.75466], [-96.70418, 40.75479], [-96.70395, 40.75492], [-96.70375, 40.75505], [-96.70357, 40.75519], [-96.70339, 40.75534], [-96.70315, 40.75558], [-96.70305, 40.75567], [-96.70178, 40.75567], [-96.70173, 40.75567], [-96.70168, 40.75567], [-96.69947, 40.75565], [-96.6979, 40.75563], [-96.69762, 40.75563], [-96.69657, 40.75562], [-96.69499, 40.75561], [-96.69431, 40.7556], [-96.69417, 40.7556], [-96.69142, 40.75557], [-96.68886, 40.75554], [-96.68669, 40.75552], [-96.68477, 40.7555], [-96.68257, 40.75548], [-96.68257, 40.75845], [-96.68256, 40.75861], [-96.68252, 40.75953], [-96.68252, 40.76043], [-96.68252, 40.76114], [-96.68252, 40.76394], [-96.68252, 40.76568], [-96.68252, 40.76644], [-96.68252, 40.76705], [-96.68255, 40.76726], [-96.68276, 40.76795], [-96.68277, 40.76799], [-96.6828, 40.76806], [-96.6836, 40.76821], [-96.68441, 40.76832], [-96.68501, 40.7684], [-96.68575, 40.76852], [-96.68938, 40.76905], [-96.68968, 40.7691], [-96.69188, 40.76942], [-96.69366, 40.76969], [-96.69627, 40.77006], [-96.69685, 40.77014], [-96.6977, 40.77028], [-96.69826, 40.77039], [-96.69863, 40.77047], [-96.69931, 40.77066], [-96.70013, 40.77091], [-96.70075, 40.77115], [-96.70108, 40.7713], [-96.70149, 40.77148], [-96.70154, 40.77151], [-96.70154, 40.77137], [-96.70156, 40.77017], [-96.70149, 40.76767], [-96.70165, 40.76768], [-96.70189, 40.7677], [-96.70232, 40.76773], [-96.70286, 40.76775], [-96.70346, 40.76778], [-96.704, 40.7678], [-96.70432, 40.76783], [-96.70475, 40.76787], [-96.70512, 40.76792], [-96.70602, 40.76808], [-96.70645, 40.76814], [-96.7066, 40.76817], [-96.7071, 40.76833], [-96.70719, 40.76837], [-96.70725, 40.76839], [-96.70731, 40.7684], [-96.70579, 40.77039], [-96.70499, 40.77157], [-96.7048, 40.77189], [-96.70472, 40.77207], [-96.70463, 40.77228], [-96.70461, 40.77241], [-96.70456, 40.77268], [-96.70454, 40.77292], [-96.70454, 40.77313], [-96.70459, 40.77345], [-96.70465, 40.77368], [-96.70472, 40.77391], [-96.7048, 40.77408], [-96.70489, 40.77428], [-96.70497, 40.77447], [-96.70501, 40.77453], [-96.70503, 40.77456], [-96.70569, 40.77421], [-96.70595, 40.77408], [-96.70625, 40.77388], [-96.70639, 40.77378], [-96.70661, 40.7736], [-96.70677, 40.77346], [-96.7069, 40.77327], [-96.70699, 40.77311], [-96.70706, 40.77293], [-96.70711, 40.77275], [-96.70725, 40.77204], [-96.7073, 40.77187], [-96.70737, 40.77169], [-96.70746, 40.7715], [-96.70757, 40.77134], [-96.70769, 40.77119], [-96.70783, 40.77104], [-96.70793, 40.77095], [-96.70811, 40.7708], [-96.70831, 40.77067], [-96.70852, 40.77055], [-96.70872, 40.77046], [-96.70881, 40.77043], [-96.70893, 40.77038], [-96.70915, 40.77031], [-96.70924, 40.77029], [-96.70937, 40.77026], [-96.7096, 40.77022], [-96.70993, 40.77018], [-96.71003, 40.77018], [-96.71307, 40.77018], [-96.71344, 40.77018], [-96.71361, 40.77018], [-96.714, 40.77018], [-96.71855, 40.77018], [-96.72081, 40.77018], [-96.72079, 40.7666], [-96.72079, 40.76546], [-96.72078, 40.76155], [-96.72075, 40.75562], [-96.72185, 40.75563], [-96.7221, 40.75564]]]}}, {"type": "Feature", "properties": {"tract_id": "31109002800", "name": "Census Tract 28", "pct_white_2020": 89.3, "pct_black_2020": 1.6, "pct_hispanic_2020": 3.2, "pct_asian_2020": 1.1, "population_2020": 5192}, "geometry": {"type": "Polygon", "coordinates": [[[-96.71549, 40.78546], [-96.71547, 40.78532], [-96.71527, 40.78497], [-96.71513, 40.78478], [-96.71491, 40.7845], [-96.71475, 40.78435], [-96.71454, 40.78418], [-96.71425, 40.78399], [-96.71331, 40.7834], [-96.71144, 40.78224], [-96.71062, 40.78166], [-96.71037, 40.78148], [-96.71016, 40.78127], [-96.70993, 40.78104], [-96.70971, 40.78071], [-96.70931, 40.78016], [-96.70714, 40.77737], [-96.70585, 40.77569], [-96.70511, 40.77466], [-96.70504, 40.77458], [-96.70503, 40.77456], [-96.70501, 40.77453], [-96.70497, 40.77447], [-96.70384, 40.77318], [-96.70351, 40.77288], [-96.70292, 40.7724], [-96.70255, 40.77214], [-96.70211, 40.77186], [-96.70186, 40.7717], [-96.70169, 40.7716], [-96.70154, 40.77151], [-96.70149, 40.77148], [-96.70108, 40.7713], [-96.70075, 40.77115], [-96.70013, 40.77091], [-96.69931, 40.77066], [-96.69863, 40.77047], [-96.69826, 40.77039], [-96.6977, 40.77028], [-96.69685, 40.77014], [-96.69627, 40.77006], [-96.69366, 40.76969], [-96.69188, 40.76942], [-96.68968, 40.7691], [-96.68938, 40.76905], [-96.68575, 40.76852], [-96.68501, 40.7684], [-96.68441, 40.76832], [-96.6836, 40.76821], [-96.6828, 40.76806], [-96.68283, 40.76815], [-96.68291, 40.76841], [-96.68298, 40.76866], [-96.68302, 40.76894], [-96.68304, 40.76919], [-96.68303, 40.76946], [-96.68303, 40.76957], [-96.68287, 40.76956], [-96.68188, 40.7695], [-96.68183, 40.76978], [-96.68159, 40.76977], [-96.68123, 40.76978], [-96.68106, 40.76992], [-96.68095, 40.77002], [-96.67931, 40.7722], [-96.67645, 40.7761], [-96.6757, 40.77714], [-96.67626, 40.77714], [-96.67764, 40.77715], [-96.67888, 40.77715], [-96.68009, 40.77716], [-96.68129, 40.77717], [-96.68252, 40.77717], [-96.68643, 40.77723], [-96.69207, 40.77731], [-96.69207, 40.78094], [-96.69206, 40.78184], [-96.69206, 40.7827], [-96.69206, 40.78357], [-96.69206, 40.78446], [-96.69376, 40.78446], [-96.69565, 40.78447], [-96.69683, 40.78447], [-96.6992, 40.78448], [-96.70158, 40.78453], [-96.70282, 40.78453], [-96.70425, 40.78454], [-96.70442, 40.78454], [-96.70561, 40.78454], [-96.70623, 40.78454], [-96.70627, 40.78456], [-96.70662, 40.7846], [-96.70712, 40.78464], [-96.70812, 40.78469], [-96.70852, 40.78471], [-96.70907, 40.78474], [-96.70942, 40.78474], [-96.70974, 40.78473], [-96.70997, 40.78471], [-96.7101, 40.7847], [-96.71015, 40.78469], [-96.71069, 40.78465], [-96.71094, 40.78464], [-96.71116, 40.78463], [-96.71165, 40.78463], [-96.71199, 40.78465], [-96.71241, 40.78469], [-96.71285, 40.78475], [-96.7129, 40.78476], [-96.71293, 40.78476], [-96.71317, 40.78481], [-96.71339, 40.78485], [-96.71374, 40.78494], [-96.71478, 40.78525], [-96.7152, 40.78537], [-96.71549, 40.78546]]]}}, {"type": "Feature", "properties": {"tract_id": "31109003802", "name": "Census Tract 38.02", "pct_white_2020": 90.5, "pct_black_2020": 1.4, "pct_hispanic_2020": 4.2, "pct_asian_2020": 0.0, "population_2020": 3297}, "geometry": {"type": "Polygon", "coordinates": [[[-96.62521, 40.80609], [-96.6252, 40.80338], [-96.62514, 40.79889], [-96.62514, 40.79883], [-96.62514, 40.79878], [-96.62498, 40.79878], [-96.62409, 40.7988], [-96.62361, 40.79883], [-96.62336, 40.79884], [-96.61932, 40.79893], [-96.61561, 40.79901], [-96.61549, 40.79901], [-96.61485, 40.799], [-96.61378, 40.79898], [-96.61264, 40.79896], [-96.61073, 40.79893], [-96.60917, 40.7989], [-96.60897, 40.7989], [-96.60803, 40.79888], [-96.60788, 40.79888], [-96.60722, 40.79885], [-96.60693, 40.79884], [-96.6061, 40.79883], [-96.6061, 40.79888], [-96.6061, 40.79894], [-96.60609, 40.79931], [-96.60606, 40.80011], [-96.60601, 40.80032], [-96.60598, 40.80181], [-96.60598, 40.80224], [-96.60596, 40.80305], [-96.60596, 40.80318], [-96.60592, 40.80516], [-96.6059, 40.80616], [-96.60591, 40.8066], [-96.60593, 40.80812], [-96.60593, 40.80831], [-96.60594, 40.80853], [-96.60596, 40.80961], [-96.60597, 40.81081], [-96.60599, 40.81166], [-96.60599, 40.81183], [-96.60599, 40.81186], [-96.60607, 40.81264], [-96.60609, 40.81338], [-96.60609, 40.81343], [-96.60609, 40.8135], [-96.60748, 40.81349], [-96.60812, 40.81349], [-96.61321, 40.81346], [-96.61608, 40.81344], [-96.61727, 40.81344], [-96.61776, 40.81343], [-96.62092, 40.81342], [-96.62298, 40.8134], [-96.62428, 40.8134], [-96.62498, 40.81339], [-96.62515, 40.81339], [-96.62515, 40.81334], [-96.62515, 40.81327], [-96.62515, 40.81279], [-96.62519, 40.81006], [-96.62519, 40.80867], [-96.6252, 40.80738], [-96.62521, 40.80609]]]}}, {"type": "Feature", "properties": {"tract_id": "31109000700", "name": "Census Tract 7", "pct_white_2020": 45.4, "pct_black_2020": 7.1, "pct_hispanic_2020": 7.2, "pct_asian_2020": 37.2, "population_2020": 2521}, "geometry": {"type": "Polygon", "coordinates": [[[-96.69607, 40.82363], [-96.69606, 40.82362], [-96.69603, 40.82359], [-96.69591, 40.8235], [-96.69469, 40.8226], [-96.69442, 40.82242], [-96.69434, 40.82237], [-96.69421, 40.82229], [-96.69397, 40.82213], [-96.69373, 40.82198], [-96.69349, 40.82184], [-96.69329, 40.82166], [-96.69324, 40.82163], [-96.69272, 40.82104], [-96.69271, 40.82101], [-96.69267, 40.82083], [-96.69259, 40.82076], [-96.69245, 40.82048], [-96.69224, 40.81995], [-96.69222, 40.81967], [-96.69222, 40.81927], [-96.69223, 40.81906], [-96.69224, 40.81891], [-96.69228, 40.81869], [-96.69235, 40.81849], [-96.6925, 40.8182], [-96.69272, 40.81791], [-96.69283, 40.81781], [-96.69304, 40.8176], [-96.69345, 40.81705], [-96.69358, 40.81683], [-96.69378, 40.81639], [-96.69385, 40.81581], [-96.69313, 40.81581], [-96.69241, 40.8158], [-96.69095, 40.81579], [-96.68951, 40.81579], [-96.68806, 40.81578], [-96.68662, 40.81578], [-96.68517, 40.81577], [-96.68373, 40.81576], [-96.6824, 40.81576], [-96.68239, 40.81686], [-96.68239, 40.81709], [-96.68239, 40.81789], [-96.68239, 40.81811], [-96.68238, 40.81909], [-96.68238, 40.8207], [-96.68238, 40.82074], [-96.68238, 40.82079], [-96.68236, 40.82175], [-96.68235, 40.82255], [-96.68235, 40.82278], [-96.68233, 40.82352], [-96.68347, 40.82352], [-96.68465, 40.82352], [-96.68577, 40.82351], [-96.68583, 40.82351], [-96.68583, 40.8236], [-96.68583, 40.82369], [-96.68583, 40.8244], [-96.68702, 40.82441], [-96.6894, 40.82443], [-96.69, 40.82444], [-96.69119, 40.82445], [-96.69355, 40.82447], [-96.69417, 40.82448], [-96.69511, 40.82448], [-96.69531, 40.82449], [-96.69534, 40.82429], [-96.69538, 40.82417], [-96.69543, 40.8241], [-96.69548, 40.82404], [-96.69554, 40.82399], [-96.69562, 40.82392], [-96.69566, 40.8239], [-96.69575, 40.82383], [-96.69589, 40.82374], [-96.69593, 40.82371], [-96.69607, 40.82363]]]}}, {"type": "Feature", "properties": {"tract_id": "31109002702", "name": "Census Tract 27.02", "pct_white_2020": 79.8, "pct_black_2020": 3.6, "pct_hispanic_2020": 5.9, "pct_asian_2020": 1.0, "population_2020": 5724}, "geometry": {"type": "Polygon", "coordinates": [[[-96.68303, 40.76946], [-96.68304, 40.76919], [-96.68302, 40.76894], [-96.68298, 40.76866], [-96.68291, 40.76841], [-96.68283, 40.76815], [-96.6828, 40.76806], [-96.68266, 40.76811], [-96.68052, 40.76788], [-96.67945, 40.76777], [-96.67665, 40.76747], [-96.67287, 40.76709], [-96.67139, 40.76694], [-96.67105, 40.7669], [-96.67069, 40.76685], [-96.66999, 40.7667], [-96.66968, 40.76661], [-96.66933, 40.7665], [-96.66873, 40.76627], [-96.6683, 40.76607], [-96.66787, 40.76582], [-96.66762, 40.76567], [-96.6671, 40.76527], [-96.66591, 40.76427], [-96.66407, 40.76269], [-96.66372, 40.76241], [-96.6633, 40.76213], [-96.663, 40.76195], [-96.66281, 40.76184], [-96.66262, 40.76174], [-96.6624, 40.76165], [-96.66202, 40.76151], [-96.66142, 40.76131], [-96.65883, 40.76049], [-96.65527, 40.75938], [-96.65388, 40.75898], [-96.65383, 40.75897], [-96.65372, 40.75893], [-96.65355, 40.75888], [-96.64963, 40.75764], [-96.64944, 40.75758], [-96.6491, 40.75746], [-96.64829, 40.75721], [-96.64754, 40.75698], [-96.64681, 40.75674], [-96.64665, 40.75669], [-96.64648, 40.75662], [-96.6463, 40.75654], [-96.64614, 40.75646], [-96.64595, 40.75637], [-96.64571, 40.75622], [-96.64556, 40.75612], [-96.64541, 40.75599], [-96.64524, 40.75585], [-96.64515, 40.75575], [-96.64506, 40.75565], [-96.64493, 40.75549], [-96.64483, 40.75537], [-96.64474, 40.75522], [-96.64443, 40.75476], [-96.64443, 40.75521], [-96.64443, 40.75527], [-96.64439, 40.75626], [-96.64438, 40.75634], [-96.64438, 40.75636], [-96.64438, 40.75866], [-96.64438, 40.75979], [-96.64438, 40.76057], [-96.64434, 40.76216], [-96.64434, 40.76235], [-96.64435, 40.76294], [-96.64435, 40.76422], [-96.64435, 40.76611], [-96.64434, 40.76703], [-96.64434, 40.76793], [-96.64436, 40.76882], [-96.64437, 40.76972], [-96.64669, 40.76974], [-96.64907, 40.76975], [-96.64932, 40.76975], [-96.65066, 40.76975], [-96.65146, 40.76975], [-96.65234, 40.76976], [-96.65265, 40.76976], [-96.65393, 40.76976], [-96.65408, 40.76977], [-96.65547, 40.76977], [-96.65562, 40.76977], [-96.65681, 40.76978], [-96.65797, 40.76979], [-96.65949, 40.76979], [-96.66079, 40.7698], [-96.66336, 40.76981], [-96.66336, 40.77048], [-96.66335, 40.77172], [-96.66334, 40.77295], [-96.66334, 40.77348], [-96.66334, 40.77402], [-96.66333, 40.77602], [-96.66332, 40.7771], [-96.66451, 40.7771], [-96.66557, 40.7771], [-96.66682, 40.77711], [-96.66749, 40.77711], [-96.66809, 40.77711], [-96.66889, 40.77711], [-96.6705, 40.77712], [-96.6713, 40.77712], [-96.6718, 40.77712], [-96.67284, 40.77712], [-96.67412, 40.77713], [-96.6757, 40.77714], [-96.67645, 40.7761], [-96.67931, 40.7722], [-96.68095, 40.77002], [-96.68106, 40.76992], [-96.68123, 40.76978], [-96.68159, 40.76977], [-96.68183, 40.76978], [-96.68188, 40.7695], [-96.68287, 40.76956], [-96.68303, 40.76957], [-96.68303, 40.76946]]]}}, {"type": "Feature", "properties": {"tract_id": "31109002900", "name": "Census Tract 29", "pct_white_2020": 72.5, "pct_black_2020": 10.5, "pct_hispanic_2020": 9.4, "pct_asian_2020": 3.8, "population_2020": 5395}, "geometry": {"type": "Polygon", "coordinates": [[[-96.68222, 40.83658], [-96.68222, 40.83609], [-96.68212, 40.83614], [-96.68188, 40.83626], [-96.67452, 40.84012], [-96.67281, 40.84102], [-96.67218, 40.84136], [-96.67089, 40.84203], [-96.6698, 40.84263], [-96.66953, 40.84278], [-96.66664, 40.8443], [-96.66587, 40.84469], [-96.66456, 40.8454], [-96.66408, 40.84565], [-96.6632, 40.84612], [-96.66304, 40.84621], [-96.66104, 40.84727], [-96.65887, 40.84839], [-96.65539, 40.85022], [-96.65496, 40.85044], [-96.65362, 40.85112], [-96.6524, 40.85177], [-96.65235, 40.85179], [-96.64415, 40.85607], [-96.64409, 40.8561], [-96.64261, 40.85687], [-96.6424, 40.85697], [-96.64212, 40.85712], [-96.64217, 40.85712], [-96.64224, 40.85714], [-96.64235, 40.85716], [-96.64253, 40.85722], [-96.64271, 40.85729], [-96.64288, 40.85737], [-96.64322, 40.85756], [-96.64308, 40.85764], [-96.64293, 40.85773], [-96.64278, 40.85782], [-96.6427, 40.85788], [-96.64259, 40.85794], [-96.64254, 40.85798], [-96.64248, 40.85802], [-96.64214, 40.85826], [-96.64181, 40.85852], [-96.64145, 40.85883], [-96.64142, 40.85885], [-96.64119, 40.85907], [-96.64104, 40.85923], [-96.64076, 40.85952], [-96.6405, 40.85984], [-96.64043, 40.85993], [-96.64027, 40.86015], [-96.64007, 40.86045], [-96.63896, 40.86223], [-96.63804, 40.8637], [-96.63791, 40.8639], [-96.63756, 40.86442], [-96.63715, 40.86499], [-96.63701, 40.86517], [-96.63674, 40.86552], [-96.63651, 40.8658], [-96.63626, 40.86607], [-96.63601, 40.86631], [-96.63572, 40.86658], [-96.63543, 40.86683], [-96.63512, 40.86706], [-96.63476, 40.86731], [-96.63441, 40.86754], [-96.63402, 40.86776], [-96.63364, 40.86796], [-96.63322, 40.86816], [-96.63282, 40.86833], [-96.63241, 40.86849], [-96.63201, 40.86863], [-96.63158, 40.86876], [-96.63115, 40.86887], [-96.63075, 40.86896], [-96.63033, 40.86904], [-96.62991, 40.86911], [-96.62945, 40.86917], [-96.62899, 40.86921], [-96.62856, 40.86923], [-96.62812, 40.86924], [-96.62769, 40.86924], [-96.62728, 40.86922], [-96.62677, 40.86918], [-96.62631, 40.86913], [-96.62588, 40.86907], [-96.62546, 40.869], [-96.62499, 40.86889], [-96.62471, 40.86883], [-96.62464, 40.86881], [-96.62455, 40.86878], [-96.62376, 40.86856], [-96.62326, 40.86844], [-96.6228, 40.86834], [-96.62231, 40.86825], [-96.6221, 40.86822], [-96.62197, 40.8682], [-96.62182, 40.86818], [-96.62131, 40.86811], [-96.62118, 40.8681], [-96.62105, 40.86809], [-96.62078, 40.86808], [-96.62061, 40.86808], [-96.62052, 40.86808], [-96.62026, 40.86809], [-96.61999, 40.86811], [-96.61982, 40.86813], [-96.61971, 40.86814], [-96.61947, 40.86818], [-96.61913, 40.86825], [-96.61888, 40.86831], [-96.61863, 40.86838], [-96.6184, 40.86847], [-96.61816, 40.86856], [-96.61809, 40.86859], [-96.61797, 40.86864], [-96.61779, 40.86872], [-96.61748, 40.86888], [-96.61726, 40.869], [-96.6165, 40.86947], [-96.61621, 40.86965], [-96.61533, 40.87028], [-96.61388, 40.87127], [-96.61353, 40.87152], [-96.61284, 40.87193], [-96.61241, 40.87218], [-96.61188, 40.87247], [-96.61161, 40.8726], [-96.6104, 40.87324], [-96.60931, 40.87378], [-96.60885, 40.87401], [-96.60842, 40.87423], [-96.60689, 40.87503], [-96.60648, 40.87525], [-96.60581, 40.8756], [-96.60549, 40.87576], [-96.60515, 40.87594], [-96.60478, 40.87614], [-96.60452, 40.87627], [-96.60445, 40.87631], [-96.60442, 40.87632], [-96.60295, 40.87709], [-96.60289, 40.87712], [-96.60303, 40.8772], [-96.60333, 40.87752], [-96.6034, 40.87759], [-96.60348, 40.87765], [-96.60358, 40.87771], [-96.60373, 40.87775], [-96.60391, 40.87778], [-96.6043, 40.8778], [-96.60476, 40.8778], [-96.60495, 40.87781], [-96.60508, 40.87783], [-96.60518, 40.87785], [-96.6053, 40.8779], [-96.60541, 40.87797], [-96.60549, 40.87805], [-96.60554, 40.87812], [-96.60557, 40.87821], [-96.6056, 40.87834], [-96.60558, 40.87849], [-96.60546, 40.87995], [-96.60543, 40.88073], [-96.6054, 40.88195], [-96.6054, 40.88219], [-96.6054, 40.8828], [-96.60536, 40.88465], [-96.60536, 40.88504], [-96.60535, 40.88514], [-96.60535, 40.88557], [-96.60531, 40.88777], [-96.60526, 40.88826], [-96.60513, 40.88857], [-96.6048, 40.889], [-96.60426, 40.88958], [-96.60393, 40.89001], [-96.60384, 40.89022], [-96.60378, 40.89049], [-96.60375, 40.89093], [-96.60379, 40.8912], [-96.6039, 40.89152], [-96.60404, 40.89177], [-96.60429, 40.89205], [-96.60432, 40.89209], [-96.60435, 40.89214], [-96.60445, 40.8923], [-96.60456, 40.89246], [-96.6046, 40.8925], [-96.60497, 40.89296], [-96.60515, 40.89325], [-96.60523, 40.89346], [-96.60528, 40.89368], [-96.60531, 40.89401], [-96.60533, 40.89489], [-96.60536, 40.89681], [-96.60537, 40.89713], [-96.60551, 40.89713], [-96.61017, 40.89714], [-96.61501, 40.89715], [-96.62449, 40.89707], [-96.63403, 40.89705], [-96.63527, 40.89705], [-96.63938, 40.89705], [-96.64343, 40.89704], [-96.64358, 40.89704], [-96.64397, 40.89704], [-96.64488, 40.89703], [-96.65003, 40.89702], [-96.65017, 40.89702], [-96.65023, 40.89702], [-96.6628, 40.89699], [-96.66317, 40.89694], [-96.66371, 40.89687], [-96.66472, 40.89669], [-96.66552, 40.89648], [-96.66652, 40.89614], [-96.66716, 40.89587], [-96.6679, 40.89549], [-96.66826, 40.89528], [-96.6699, 40.89428], [-96.67097, 40.89359], [-96.67157, 40.89321], [-96.67263, 40.89252], [-96.67683, 40.88983], [-96.67864, 40.88867], [-96.67919, 40.88831], [-96.67945, 40.88815], [-96.68198, 40.88652], [-96.68198, 40.88637], [-96.68197, 40.88622], [-96.68193, 40.88555], [-96.68185, 40.88417], [-96.68183, 40.88368], [-96.68183, 40.88357], [-96.68181, 40.88289], [-96.68181, 40.88279], [-96.68182, 40.88149], [-96.68183, 40.88129], [-96.68183, 40.88097], [-96.68184, 40.87881], [-96.68186, 40.87655], [-96.68187, 40.87465], [-96.68189, 40.87158], [-96.6819, 40.86992], [-96.68192, 40.86566], [-96.68193, 40.86432], [-96.68195, 40.86236], [-96.68196, 40.86069], [-96.68197, 40.8591], [-96.68196, 40.85789], [-96.68197, 40.85713], [-96.68198, 40.85712], [-96.68198, 40.85701], [-96.68202, 40.85541], [-96.68205, 40.85379], [-96.68205, 40.85363], [-96.68203, 40.84998], [-96.68204, 40.8476], [-96.68204, 40.84754], [-96.68204, 40.84745], [-96.68204, 40.84724], [-96.68204, 40.84661], [-96.68205, 40.84603], [-96.68205, 40.84599], [-96.68205, 40.84589], [-96.68205, 40.84479], [-96.68206, 40.84477], [-96.68205, 40.84465], [-96.68207, 40.84278], [-96.68207, 40.84259], [-96.68207, 40.84248], [-96.68209, 40.83905], [-96.6821, 40.83725], [-96.68211, 40.83692], [-96.68211, 40.83666], [-96.68219, 40.83661], [-96.68222, 40.83658]]]}}, {"type": "Feature", "properties": {"tract_id": "31109003609", "name": "Census Tract 36.09", "pct_white_2020": 89.3, "pct_black_2020": 0.6, "pct_hispanic_2020": 0.3, "pct_asian_2020": 8.0, "population_2020": 2554}, "geometry": {"type": "Polygon", "coordinates": [[[-96.70168, 40.75562], [-96.70168, 40.75557], [-96.70165, 40.75478], [-96.70167, 40.7544], [-96.70166, 40.75299], [-96.70166, 40.75264], [-96.70165, 40.75196], [-96.70164, 40.75165], [-96.70162, 40.74971], [-96.70161, 40.7488], [-96.70161, 40.74875], [-96.7016, 40.74837], [-96.7016, 40.74801], [-96.70157, 40.74693], [-96.70156, 40.7432], [-96.70156, 40.743], [-96.70156, 40.74291], [-96.70155, 40.74164], [-96.70155, 40.74077], [-96.70154, 40.7385], [-96.69884, 40.73849], [-96.69337, 40.73846], [-96.69159, 40.73845], [-96.69135, 40.73846], [-96.69108, 40.73849], [-96.69083, 40.73853], [-96.69058, 40.73858], [-96.69034, 40.73865], [-96.68999, 40.73877], [-96.68965, 40.7389], [-96.68845, 40.73933], [-96.68819, 40.73941], [-96.688, 40.73946], [-96.68775, 40.73951], [-96.6875, 40.73954], [-96.68722, 40.73956], [-96.68697, 40.73956], [-96.68694, 40.73958], [-96.68684, 40.73958], [-96.68681, 40.73956], [-96.68253, 40.73957], [-96.68253, 40.7408], [-96.68253, 40.74164], [-96.68253, 40.74186], [-96.68253, 40.74298], [-96.68252, 40.7439], [-96.68252, 40.744], [-96.68252, 40.74498], [-96.68252, 40.74775], [-96.68252, 40.74819], [-96.68252, 40.74879], [-96.68252, 40.75102], [-96.68252, 40.7521], [-96.68252, 40.75289], [-96.68254, 40.7532], [-96.68255, 40.75376], [-96.68257, 40.7543], [-96.68257, 40.75475], [-96.68257, 40.75538], [-96.68257, 40.75543], [-96.68257, 40.75548], [-96.68477, 40.7555], [-96.68669, 40.75552], [-96.68886, 40.75554], [-96.69142, 40.75557], [-96.69417, 40.7556], [-96.69431, 40.7556], [-96.69499, 40.75561], [-96.69657, 40.75562], [-96.69762, 40.75563], [-96.6979, 40.75563], [-96.69947, 40.75565], [-96.70168, 40.75567], [-96.70168, 40.75562]]]}}, {"type": "Feature", "properties": {"tract_id": "31109001001", "name": "Census Tract 10.01", "pct_white_2020": 84.6, "pct_black_2020": 4.0, "pct_hispanic_2020": 4.7, "pct_asian_2020": 2.5, "population_2020": 3320}, "geometry": {"type": "Polygon", "coordinates": [[[-96.65373, 40.82808], [-96.65373, 40.82802], [-96.65373, 40.82796], [-96.65278, 40.82796], [-96.65191, 40.82796], [-96.65171, 40.82796], [-96.65023, 40.82802], [-96.65005, 40.82802], [-96.64975, 40.82802], [-96.64845, 40.82802], [-96.64821, 40.82802], [-96.64726, 40.82802], [-96.64629, 40.82802], [-96.64594, 40.82802], [-96.64528, 40.82802], [-96.64414, 40.82802], [-96.64393, 40.82802], [-96.64268, 40.82801], [-96.64131, 40.828], [-96.64055, 40.828], [-96.63996, 40.82799], [-96.63935, 40.82799], [-96.63877, 40.82798], [-96.63816, 40.82798], [-96.63755, 40.82798], [-96.63696, 40.82797], [-96.63576, 40.82797], [-96.63456, 40.82796], [-96.63317, 40.82795], [-96.63187, 40.82794], [-96.63055, 40.82793], [-96.6305, 40.82793], [-96.63045, 40.82793], [-96.63044, 40.82895], [-96.63043, 40.82996], [-96.63042, 40.83104], [-96.63041, 40.8321], [-96.63041, 40.83238], [-96.6304, 40.83317], [-96.63039, 40.83419], [-96.63038, 40.8352], [-96.63043, 40.8352], [-96.63048, 40.8352], [-96.6311, 40.83521], [-96.6318, 40.83521], [-96.63311, 40.83522], [-96.63456, 40.83523], [-96.63486, 40.83523], [-96.63569, 40.83523], [-96.63632, 40.83524], [-96.63697, 40.83524], [-96.6378, 40.83525], [-96.63816, 40.83525], [-96.63892, 40.83525], [-96.63935, 40.83526], [-96.64055, 40.83526], [-96.64174, 40.83527], [-96.64282, 40.83528], [-96.64293, 40.83528], [-96.64413, 40.83529], [-96.64585, 40.83529], [-96.64715, 40.83529], [-96.64845, 40.83529], [-96.64975, 40.83529], [-96.65105, 40.8353], [-96.65235, 40.8353], [-96.65364, 40.8353], [-96.65365, 40.83429], [-96.65365, 40.83418], [-96.65368, 40.8336], [-96.65369, 40.83315], [-96.6537, 40.83133], [-96.65371, 40.83034], [-96.65372, 40.82935], [-96.65373, 40.82808]]]}}, {"type": "Feature", "properties": {"tract_id": "31109003718", "name": "Census Tract 37.18", "pct_white_2020": 88.3, "pct_black_2020": 1.2, "pct_hispanic_2020": 4.2, "pct_asian_2020": 5.5, "population_2020": 3677}, "geometry": {"type": "Polygon", "coordinates": [[[-96.60616, 40.76974], [-96.60615, 40.7692], [-96.60615, 40.76695], [-96.60614, 40.7647], [-96.60614, 40.76464], [-96.60613, 40.76325], [-96.60613, 40.76285], [-96.60613, 40.76128], [-96.60612, 40.75851], [-96.60611, 40.75837], [-96.60611, 40.75747], [-96.6061, 40.75525], [-96.60401, 40.75525], [-96.60316, 40.75524], [-96.60109, 40.75524], [-96.60078, 40.75524], [-96.59745, 40.75524], [-96.59502, 40.75523], [-96.59442, 40.75523], [-96.59435, 40.75522], [-96.59407, 40.75522], [-96.59047, 40.75521], [-96.59032, 40.75521], [-96.58901, 40.7552], [-96.58821, 40.7552], [-96.58707, 40.75519], [-96.58689, 40.75519], [-96.5775, 40.75517], [-96.56794, 40.75512], [-96.56793, 40.76014], [-96.56789, 40.76962], [-96.56785, 40.78013], [-96.56783, 40.78411], [-96.56783, 40.786], [-96.56781, 40.79044], [-96.56779, 40.79481], [-96.56779, 40.79516], [-96.56777, 40.79859], [-96.56776, 40.80224], [-96.56775, 40.80471], [-96.56774, 40.80609], [-96.56774, 40.80747], [-96.56771, 40.81307], [-96.57254, 40.81312], [-96.57626, 40.81317], [-96.57695, 40.81318], [-96.57737, 40.81318], [-96.5775, 40.81318], [-96.57873, 40.8132], [-96.57984, 40.81321], [-96.58029, 40.81321], [-96.58221, 40.81323], [-96.58577, 40.81326], [-96.58655, 40.81327], [-96.58655, 40.81309], [-96.58695, 40.8131], [-96.58698, 40.8131], [-96.58698, 40.81327], [-96.58702, 40.81328], [-96.59044, 40.8133], [-96.59114, 40.81331], [-96.59143, 40.81331], [-96.59237, 40.81332], [-96.59244, 40.81332], [-96.59356, 40.81333], [-96.59442, 40.81334], [-96.59642, 40.81336], [-96.59831, 40.81337], [-96.60227, 40.81341], [-96.60253, 40.81341], [-96.6034, 40.81342], [-96.60361, 40.81345], [-96.60488, 40.81348], [-96.60596, 40.81349], [-96.60602, 40.8135], [-96.60609, 40.8135], [-96.60609, 40.81343], [-96.60609, 40.81338], [-96.60607, 40.81264], [-96.60599, 40.81186], [-96.60599, 40.81183], [-96.60599, 40.81166], [-96.60597, 40.81081], [-96.60596, 40.80961], [-96.60594, 40.80853], [-96.60593, 40.80831], [-96.60593, 40.80812], [-96.60591, 40.8066], [-96.6059, 40.80616], [-96.60592, 40.80516], [-96.60596, 40.80318], [-96.60596, 40.80305], [-96.60598, 40.80224], [-96.60598, 40.80181], [-96.60601, 40.80032], [-96.60606, 40.80011], [-96.60609, 40.79931], [-96.6061, 40.79894], [-96.6061, 40.79888], [-96.6061, 40.79883], [-96.60611, 40.79806], [-96.60607, 40.79773], [-96.60605, 40.79762], [-96.60605, 40.79759], [-96.60605, 40.79752], [-96.60605, 40.79742], [-96.60605, 40.79508], [-96.60606, 40.7948], [-96.60606, 40.79393], [-96.60606, 40.79305], [-96.60607, 40.79217], [-96.60607, 40.79151], [-96.60607, 40.79129], [-96.60606, 40.79024], [-96.60604, 40.78851], [-96.60604, 40.78753], [-96.60601, 40.78423], [-96.60603, 40.78252], [-96.60604, 40.78144], [-96.60606, 40.77913], [-96.60608, 40.77731], [-96.60608, 40.77692], [-96.60609, 40.77661], [-96.6061, 40.77493], [-96.60613, 40.77242], [-96.60616, 40.76974]]]}}, {"type": "Feature", "properties": {"tract_id": "31109001500", "name": "Census Tract 15", "pct_white_2020": 81.7, "pct_black_2020": 1.2, "pct_hispanic_2020": 6.1, "pct_asian_2020": 2.3, "population_2020": 4573}, "geometry": {"type": "Polygon", "coordinates": [[[-96.67628, 40.79881], [-96.67626, 40.7988], [-96.67623, 40.79876], [-96.67622, 40.79874], [-96.67621, 40.79873], [-96.67616, 40.79865], [-96.67608, 40.79855], [-96.67598, 40.79844], [-96.67591, 40.79838], [-96.67582, 40.79834], [-96.67563, 40.79825], [-96.67553, 40.79823], [-96.67521, 40.79819], [-96.67483, 40.79816], [-96.67452, 40.7981], [-96.67411, 40.79798], [-96.67406, 40.79796], [-96.67402, 40.79794], [-96.67398, 40.79791], [-96.67385, 40.79778], [-96.67381, 40.79775], [-96.67367, 40.79768], [-96.67334, 40.79754], [-96.67309, 40.79743], [-96.67288, 40.79733], [-96.67258, 40.79716], [-96.6722, 40.797], [-96.67206, 40.79694], [-96.67194, 40.79686], [-96.67178, 40.79674], [-96.67174, 40.7967], [-96.67161, 40.79658], [-96.67146, 40.79641], [-96.67119, 40.79608], [-96.67111, 40.79599], [-96.67075, 40.79553], [-96.67067, 40.79542], [-96.67061, 40.79531], [-96.67052, 40.79512], [-96.67045, 40.79501], [-96.67034, 40.79487], [-96.67013, 40.79462], [-96.67008, 40.79455], [-96.67004, 40.79448], [-96.67, 40.79435], [-96.67001, 40.79427], [-96.66998, 40.79406], [-96.66995, 40.79399], [-96.66993, 40.79395], [-96.66988, 40.79388], [-96.66959, 40.79358], [-96.66939, 40.79333], [-96.66932, 40.79324], [-96.66914, 40.79302], [-96.66902, 40.79288], [-96.66894, 40.79277], [-96.66892, 40.79273], [-96.66889, 40.79261], [-96.66888, 40.79257], [-96.66885, 40.79253], [-96.66865, 40.79229], [-96.66853, 40.79215], [-96.6685, 40.79212], [-96.6682, 40.79194], [-96.6678, 40.79172], [-96.66769, 40.79166], [-96.66763, 40.79163], [-96.66696, 40.79127], [-96.66686, 40.79122], [-96.66678, 40.79118], [-96.66652, 40.79104], [-96.66587, 40.79066], [-96.66574, 40.79059], [-96.66567, 40.79056], [-96.66564, 40.79055], [-96.6656, 40.79053], [-96.66555, 40.79051], [-96.6655, 40.79049], [-96.6652, 40.79039], [-96.66497, 40.79029], [-96.66469, 40.79016], [-96.66456, 40.79009], [-96.66447, 40.79004], [-96.6642, 40.7899], [-96.66416, 40.78987], [-96.66412, 40.78986], [-96.6641, 40.78984], [-96.66407, 40.78982], [-96.66333, 40.78942], [-96.66328, 40.78939], [-96.66316, 40.78931], [-96.66296, 40.78917], [-96.66267, 40.78899], [-96.66241, 40.78878], [-96.6622, 40.78865], [-96.66197, 40.78851], [-96.6616, 40.7883], [-96.66076, 40.78784], [-96.66054, 40.78773], [-96.66034, 40.78765], [-96.6602, 40.7876], [-96.66005, 40.78756], [-96.65989, 40.78753], [-96.65956, 40.78749], [-96.65854, 40.78742], [-96.65839, 40.7874], [-96.65816, 40.78738], [-96.65748, 40.78725], [-96.65721, 40.78722], [-96.65694, 40.7872], [-96.65672, 40.78719], [-96.65651, 40.78721], [-96.65609, 40.7873], [-96.65599, 40.78733], [-96.6558, 40.78741], [-96.65535, 40.78764], [-96.65521, 40.7877], [-96.65511, 40.78773], [-96.655, 40.78775], [-96.65484, 40.78776], [-96.65387, 40.78771], [-96.65382, 40.78771], [-96.65376, 40.7877], [-96.6537, 40.78769], [-96.65355, 40.78766], [-96.6533, 40.78759], [-96.65315, 40.78754], [-96.65301, 40.78748], [-96.65292, 40.78742], [-96.6528, 40.78734], [-96.6527, 40.78724], [-96.65261, 40.78714], [-96.65243, 40.78689], [-96.65221, 40.78661], [-96.65214, 40.7865], [-96.65205, 40.78635], [-96.65203, 40.78631], [-96.65199, 40.78628], [-96.65195, 40.78625], [-96.65191, 40.78623], [-96.65177, 40.78617], [-96.65156, 40.78612], [-96.65135, 40.78607], [-96.65108, 40.78604], [-96.6506, 40.78601], [-96.65044, 40.78598], [-96.65028, 40.78594], [-96.65018, 40.78593], [-96.65007, 40.78591], [-96.65002, 40.78589], [-96.64993, 40.78585], [-96.64972, 40.78572], [-96.64956, 40.78561], [-96.64942, 40.78548], [-96.64932, 40.78538], [-96.64919, 40.7852], [-96.649, 40.785], [-96.64886, 40.78488], [-96.64863, 40.7847], [-96.64827, 40.78445], [-96.64814, 40.78438], [-96.64804, 40.78434], [-96.64794, 40.78432], [-96.6475, 40.78428], [-96.64686, 40.78424], [-96.64664, 40.78422], [-96.64574, 40.78407], [-96.64527, 40.78398], [-96.64474, 40.7839], [-96.64453, 40.78385], [-96.64442, 40.78385], [-96.64423, 40.78385], [-96.64415, 40.78385], [-96.6441, 40.78385], [-96.64409, 40.78435], [-96.64408, 40.78809], [-96.64417, 40.78809], [-96.64421, 40.78809], [-96.64417, 40.7882], [-96.64417, 40.78922], [-96.64417, 40.79034], [-96.64416, 40.79163], [-96.64416, 40.79262], [-96.64415, 40.7936], [-96.64415, 40.79458], [-96.64415, 40.79527], [-96.64414, 40.79711], [-96.64414, 40.79892], [-96.6489, 40.79892], [-96.65128, 40.79893], [-96.65136, 40.79893], [-96.65247, 40.79893], [-96.65367, 40.79893], [-96.6553, 40.79893], [-96.65617, 40.79893], [-96.65647, 40.79893], [-96.65727, 40.79894], [-96.65766, 40.79894], [-96.65847, 40.79894], [-96.66328, 40.79894], [-96.66568, 40.79894], [-96.66806, 40.79894], [-96.67044, 40.79894], [-96.67285, 40.79894], [-96.67406, 40.79894], [-96.67429, 40.79894], [-96.67455, 40.79897], [-96.67464, 40.79897], [-96.67484, 40.79896], [-96.67486, 40.79894], [-96.675, 40.79894], [-96.67503, 40.79892], [-96.67518, 40.79889], [-96.67538, 40.79884], [-96.67556, 40.7988], [-96.67571, 40.79878], [-96.67581, 40.79877], [-96.67591, 40.79877], [-96.676, 40.79878], [-96.67608, 40.79879], [-96.67618, 40.7988], [-96.67628, 40.79881]]]}}, {"type": "Feature", "properties": {"tract_id": "31109003500", "name": "Census Tract 35", "pct_white_2020": 95.0, "pct_black_2020": 1.7, "pct_hispanic_2020": 1.7, "pct_asian_2020": 0.0, "population_2020": 60}, "geometry": {"type": "Polygon", "coordinates": [[[-96.73988, 40.78219], [-96.73987, 40.77765], [-96.73631, 40.77761], [-96.73584, 40.77761], [-96.73395, 40.77759], [-96.73211, 40.77757], [-96.73032, 40.77755], [-96.73031, 40.77901], [-96.73029, 40.78072], [-96.73028, 40.78179], [-96.73027, 40.78373], [-96.73026, 40.78456], [-96.72934, 40.78456], [-96.72833, 40.78456], [-96.72812, 40.78456], [-96.72795, 40.78456], [-96.72755, 40.78455], [-96.72756, 40.78457], [-96.72767, 40.78484], [-96.72772, 40.78494], [-96.72775, 40.78499], [-96.7278, 40.78508], [-96.72792, 40.78529], [-96.7281, 40.78556], [-96.72825, 40.78577], [-96.72843, 40.78597], [-96.72858, 40.78614], [-96.72866, 40.78622], [-96.72879, 40.78635], [-96.72895, 40.7865], [-96.72903, 40.78656], [-96.72907, 40.7866], [-96.7291, 40.78662], [-96.72917, 40.78668], [-96.72931, 40.78679], [-96.72956, 40.78697], [-96.73021, 40.7874], [-96.73034, 40.78746], [-96.73069, 40.78734], [-96.73073, 40.78732], [-96.73127, 40.78714], [-96.7314, 40.78709], [-96.73195, 40.78689], [-96.73357, 40.78631], [-96.73412, 40.78611], [-96.73419, 40.78608], [-96.73576, 40.78553], [-96.73579, 40.78552], [-96.73632, 40.78534], [-96.73771, 40.78486], [-96.73802, 40.78477], [-96.73829, 40.7847], [-96.73856, 40.78465], [-96.73872, 40.78463], [-96.73884, 40.78461], [-96.73909, 40.78459], [-96.73938, 40.78458], [-96.73982, 40.78458], [-96.73982, 40.7845], [-96.73988, 40.78219]]]}}, {"type": "Feature", "properties": {"tract_id": "31109003709", "name": "Census Tract 37.09", "pct_white_2020": 86.8, "pct_black_2020": 4.8, "pct_hispanic_2020": 3.5, "pct_asian_2020": 1.3, "population_2020": 5017}, "geometry": {"type": "Polygon", "coordinates": [[[-96.66341, 40.74229], [-96.66342, 40.74081], [-96.66115, 40.74082], [-96.65843, 40.74082], [-96.65387, 40.74083], [-96.65342, 40.74083], [-96.6527, 40.74083], [-96.64974, 40.74083], [-96.64875, 40.74083], [-96.6465, 40.74083], [-96.64434, 40.74084], [-96.64433, 40.74097], [-96.64433, 40.74262], [-96.64433, 40.74453], [-96.64433, 40.74503], [-96.64433, 40.7459], [-96.64433, 40.74744], [-96.64433, 40.74846], [-96.64433, 40.74932], [-96.64432, 40.75143], [-96.64432, 40.75266], [-96.64432, 40.75334], [-96.64441, 40.75388], [-96.64443, 40.7541], [-96.64443, 40.75454], [-96.64443, 40.75461], [-96.64442, 40.75464], [-96.64443, 40.75472], [-96.6446, 40.7548], [-96.64483, 40.75491], [-96.64509, 40.75501], [-96.64534, 40.75509], [-96.64566, 40.75518], [-96.64582, 40.75521], [-96.64594, 40.75524], [-96.64623, 40.75528], [-96.64648, 40.7553], [-96.64732, 40.7553], [-96.64852, 40.75531], [-96.64909, 40.75531], [-96.6496, 40.75531], [-96.65079, 40.75532], [-96.6522, 40.75533], [-96.65331, 40.75533], [-96.65375, 40.75534], [-96.65384, 40.75534], [-96.6544, 40.75535], [-96.65454, 40.75535], [-96.65685, 40.75536], [-96.65954, 40.75536], [-96.66144, 40.75536], [-96.66164, 40.75536], [-96.66289, 40.75537], [-96.66337, 40.75537], [-96.66337, 40.75527], [-96.66338, 40.75241], [-96.66338, 40.75236], [-96.66338, 40.75232], [-96.66338, 40.75006], [-96.66338, 40.75003], [-96.66338, 40.74999], [-96.66339, 40.74778], [-96.66339, 40.74658], [-96.66339, 40.74647], [-96.6634, 40.74479], [-96.66341, 40.74372], [-96.66341, 40.74273], [-96.66341, 40.74229]]]}}, {"type": "Feature", "properties": {"tract_id": "31109010300", "name": "Census Tract 103", "pct_white_2020": 93.9, "pct_black_2020": 0.0, "pct_hispanic_2020": 1.0, "pct_asian_2020": 0.2, "population_2020": 4561}, "geometry": {"type": "Polygon", "coordinates": [[[-96.91393, 40.62541], [-96.91393, 40.62525], [-96.91393, 40.61825], [-96.91392, 40.61794], [-96.91392, 40.61609], [-96.91392, 40.61382], [-96.91392, 40.61334], [-96.91392, 40.61279], [-96.91392, 40.61073], [-96.91361, 40.60211], [-96.9134, 40.59621], [-96.9132, 40.59168], [-96.91309, 40.58911], [-96.91309, 40.58905], [-96.91305, 40.58825], [-96.91293, 40.58545], [-96.91277, 40.58169], [-96.91273, 40.58083], [-96.91271, 40.5801], [-96.91265, 40.57877], [-96.91264, 40.57837], [-96.9126, 40.57731], [-96.91221, 40.56718], [-96.91222, 40.56272], [-96.91222, 40.56266], [-96.91222, 40.56249], [-96.91222, 40.56137], [-96.91222, 40.56134], [-96.91222, 40.56004], [-96.91223, 40.55996], [-96.91223, 40.55966], [-96.91224, 40.55599], [-96.91225, 40.55267], [-96.91227, 40.5507], [-96.91233, 40.54576], [-96.91236, 40.54391], [-96.91241, 40.53976], [-96.91243, 40.53824], [-96.91243, 40.53812], [-96.91252, 40.53178], [-96.91253, 40.53115], [-96.91264, 40.52362], [-96.91134, 40.52359], [-96.91079, 40.52357], [-96.91059, 40.52358], [-96.91001, 40.52357], [-96.90958, 40.52358], [-96.909, 40.52357], [-96.90842, 40.52357], [-96.90742, 40.52356], [-96.90687, 40.52356], [-96.9066, 40.52357], [-96.90539, 40.52356], [-96.90465, 40.52355], [-96.90424, 40.52359], [-96.90368, 40.52359], [-96.90299, 40.52358], [-96.9029, 40.52358], [-96.90285, 40.52358], [-96.89927, 40.52357], [-96.89919, 40.52357], [-96.8984, 40.52356], [-96.8982, 40.52356], [-96.89815, 40.52356], [-96.89794, 40.52356], [-96.89342, 40.52354], [-96.89339, 40.52354], [-96.89299, 40.52354], [-96.88863, 40.52351], [-96.88855, 40.52351], [-96.88798, 40.52351], [-96.88302, 40.52347], [-96.8784, 40.52344], [-96.8782, 40.52344], [-96.87818, 40.52344], [-96.87816, 40.52344], [-96.87814, 40.52344], [-96.87745, 40.52343], [-96.8774, 40.52343], [-96.87677, 40.52343], [-96.87671, 40.52343], [-96.87435, 40.52341], [-96.8743, 40.52341], [-96.87077, 40.52339], [-96.86817, 40.52337], [-96.86495, 40.52335], [-96.86491, 40.52335], [-96.86245, 40.52333], [-96.86133, 40.52332], [-96.86011, 40.52331], [-96.85953, 40.52331], [-96.85673, 40.52329], [-96.85669, 40.52329], [-96.8554, 40.52328], [-96.85535, 40.52328], [-96.83637, 40.5232], [-96.8362, 40.5232], [-96.83373, 40.52318], [-96.83279, 40.52318], [-96.83181, 40.52317], [-96.83024, 40.52316], [-96.82206, 40.52311], [-96.82204, 40.52311], [-96.82192, 40.52311], [-96.81736, 40.52308], [-96.81729, 40.52308], [-96.80796, 40.52308], [-96.80793, 40.52308], [-96.80765, 40.52308], [-96.80208, 40.52308], [-96.80045, 40.52308], [-96.79931, 40.52308], [-96.79926, 40.52308], [-96.79839, 40.52308], [-96.79658, 40.52308], [-96.79171, 40.52308], [-96.79148, 40.52308], [-96.79136, 40.52308], [-96.7913, 40.52308], [-96.79077, 40.52308], [-96.78822, 40.52308], [-96.78813, 40.52308], [-96.7868, 40.52308], [-96.78672, 40.52308], [-96.78064, 40.52308], [-96.78056, 40.52308], [-96.77986, 40.52308], [-96.77514, 40.52307], [-96.76436, 40.52307], [-96.76406, 40.52307], [-96.76231, 40.52307], [-96.76092, 40.52307], [-96.7591, 40.52308], [-96.75908, 40.52308], [-96.75697, 40.52308], [-96.75318, 40.52309], [-96.75315, 40.52309], [-96.75212, 40.52309], [-96.74469, 40.5231], [-96.74196, 40.5231], [-96.74194, 40.5231], [-96.73244, 40.52311], [-96.73234, 40.52311], [-96.73198, 40.52311], [-96.72957, 40.52311], [-96.72554, 40.5231], [-96.72544, 40.5231], [-96.72368, 40.5231], [-96.72298, 40.5231], [-96.72297, 40.5231], [-96.72084, 40.5231], [-96.71351, 40.5231], [-96.71208, 40.52309], [-96.71075, 40.52309], [-96.70915, 40.52308], [-96.70913, 40.52308], [-96.70875, 40.52308], [-96.7074, 40.52308], [-96.70723, 40.52308], [-96.70715, 40.52308], [-96.70689, 40.52308], [-96.70683, 40.52308], [-96.70418, 40.52307], [-96.70289, 40.52307], [-96.70282, 40.52307], [-96.69461, 40.52307], [-96.69441, 40.52307], [-96.69369, 40.52309], [-96.69219, 40.52312], [-96.68493, 40.5233], [-96.68525, 40.53778], [-96.68541, 40.5449], [-96.68558, 40.55234], [-96.68571, 40.55756], [-96.68593, 40.5668], [-96.68626, 40.58131], [-96.68659, 40.5958], [-96.68676, 40.60261], [-96.68691, 40.6103], [-96.68687, 40.61538], [-96.68686, 40.61744], [-96.6868, 40.62478], [-96.68679, 40.63202], [-96.68662, 40.63686], [-96.68654, 40.63926], [-96.68648, 40.64288], [-96.68644, 40.64479], [-96.68635, 40.64986], [-96.68625, 40.65537], [-96.68621, 40.66104], [-96.68601, 40.6683], [-96.68587, 40.67558], [-96.6858, 40.67921], [-96.68597, 40.67922], [-96.6906, 40.67928], [-96.69054, 40.68292], [-96.69036, 40.69067], [-96.69036, 40.69088], [-96.69029, 40.69377], [-96.69025, 40.69557], [-96.69025, 40.69571], [-96.69021, 40.69739], [-96.69366, 40.69739], [-96.69574, 40.69739], [-96.69983, 40.6974], [-96.6999, 40.6974], [-96.70142, 40.6974], [-96.70303, 40.6974], [-96.7034, 40.6974], [-96.70389, 40.6974], [-96.70465, 40.6974], [-96.70518, 40.6974], [-96.70547, 40.6974], [-96.70588, 40.6974], [-96.70782, 40.6974], [-96.71154, 40.69741], [-96.71603, 40.69742], [-96.71637, 40.69742], [-96.71898, 40.69743], [-96.72063, 40.69744], [-96.72343, 40.69744], [-96.72575, 40.69745], [-96.73805, 40.69748], [-96.73923, 40.69749], [-96.7397, 40.69749], [-96.74094, 40.69749], [-96.743, 40.6975], [-96.74916, 40.69751], [-96.75265, 40.69752], [-96.75386, 40.69753], [-96.75625, 40.69754], [-96.75875, 40.69754], [-96.76111, 40.69755], [-96.76343, 40.69755], [-96.7635, 40.69755], [-96.76955, 40.69757], [-96.77781, 40.69759], [-96.78029, 40.6976], [-96.7823, 40.6976], [-96.79004, 40.69762], [-96.79368, 40.69763], [-96.79379, 40.69763], [-96.79567, 40.69764], [-96.79686, 40.69764], [-96.79683, 40.70352], [-96.79683, 40.70495], [-96.79681, 40.71214], [-96.7968, 40.71399], [-96.7968, 40.71588], [-96.79679, 40.71692], [-96.79679, 40.71842], [-96.79679, 40.71943], [-96.79679, 40.72372], [-96.79679, 40.72663], [-96.79676, 40.73354], [-96.79676, 40.73384], [-96.79675, 40.73638], [-96.79675, 40.73682], [-96.79674, 40.73795], [-96.79674, 40.73801], [-96.79674, 40.73856], [-96.79674, 40.73873], [-96.79673, 40.74113], [-96.79672, 40.7424], [-96.7967, 40.74747], [-96.79669, 40.74839], [-96.79668, 40.75203], [-96.79666, 40.75562], [-96.79665, 40.75928], [-96.79663, 40.76287], [-96.79662, 40.76753], [-96.79661, 40.7679], [-96.79661, 40.77012], [-96.79658, 40.77739], [-96.79655, 40.78467], [-96.79685, 40.78465], [-96.79894, 40.78466], [-96.80862, 40.78468], [-96.80979, 40.78468], [-96.8104, 40.78468], [-96.81571, 40.7847], [-96.81791, 40.78471], [-96.81987, 40.78472], [-96.82049, 40.78472], [-96.82066, 40.78472], [-96.8209, 40.78472], [-96.82138, 40.78472], [-96.82451, 40.78474], [-96.82668, 40.78474], [-96.82919, 40.78475], [-96.8297, 40.78475], [-96.83479, 40.78476], [-96.83953, 40.78478], [-96.84168, 40.78479], [-96.84417, 40.7848], [-96.84441, 40.7848], [-96.8539, 40.78484], [-96.85733, 40.78485], [-96.86129, 40.78486], [-96.86344, 40.78486], [-96.86353, 40.78486], [-96.8682, 40.78487], [-96.87036, 40.78487], [-96.87297, 40.78487], [-96.87778, 40.78489], [-96.88205, 40.7849], [-96.88646, 40.7849], [-96.89208, 40.78492], [-96.89533, 40.78492], [-96.90158, 40.78493], [-96.90405, 40.78493], [-96.90589, 40.78494], [-96.90649, 40.78494], [-96.90756, 40.78494], [-96.90821, 40.78494], [-96.90884, 40.78494], [-96.90986, 40.78494], [-96.91075, 40.78494], [-96.91078, 40.77977], [-96.91078, 40.77775], [-96.91079, 40.77681], [-96.91082, 40.77046], [-96.91083, 40.76627], [-96.91083, 40.76626], [-96.91084, 40.76452], [-96.91084, 40.76357], [-96.91084, 40.76318], [-96.91087, 40.75646], [-96.91087, 40.75614], [-96.91087, 40.75609], [-96.91087, 40.75596], [-96.91087, 40.75593], [-96.91088, 40.75422], [-96.91088, 40.7541], [-96.91088, 40.75277], [-96.91089, 40.75221], [-96.91093, 40.74147], [-96.91096, 40.73421], [-96.91097, 40.7312], [-96.91098, 40.73059], [-96.91098, 40.73045], [-96.91098, 40.72914], [-96.91099, 40.72693], [-96.911, 40.72426], [-96.91101, 40.72247], [-96.91102, 40.7197], [-96.91105, 40.7141], [-96.91105, 40.71409], [-96.91106, 40.71248], [-96.91106, 40.71132], [-96.91106, 40.71123], [-96.91106, 40.7104], [-96.91106, 40.71039], [-96.91106, 40.71023], [-96.91112, 40.69797], [-96.91139, 40.69797], [-96.91179, 40.69797], [-96.91248, 40.69796], [-96.91305, 40.69795], [-96.91317, 40.69795], [-96.91349, 40.69795], [-96.91349, 40.69578], [-96.91349, 40.69248], [-96.91349, 40.69161], [-96.9135, 40.68811], [-96.9135, 40.68666], [-96.9135, 40.68303], [-96.9135, 40.68296], [-96.9135, 40.68288], [-96.91361, 40.67154], [-96.91364, 40.66873], [-96.91364, 40.66865], [-96.91364, 40.66848], [-96.9137, 40.66156], [-96.9137, 40.66149], [-96.9137, 40.66139], [-96.91371, 40.65987], [-96.91371, 40.65914], [-96.91371, 40.65873], [-96.91372, 40.65868], [-96.91372, 40.65771], [-96.91372, 40.65759], [-96.91372, 40.65757], [-96.91374, 40.65575], [-96.91374, 40.65517], [-96.91374, 40.65459], [-96.91375, 40.65426], [-96.91375, 40.65366], [-96.91375, 40.65099], [-96.91375, 40.65052], [-96.91375, 40.64987], [-96.91376, 40.64727], [-96.91376, 40.64673], [-96.91376, 40.64643], [-96.91376, 40.63972], [-96.91377, 40.63925], [-96.91377, 40.63901], [-96.91377, 40.63884], [-96.91377, 40.63871], [-96.91378, 40.63849], [-96.91378, 40.63804], [-96.91379, 40.63759], [-96.91382, 40.63479], [-96.91391, 40.62686], [-96.91393, 40.62541]]]}}, {"type": "Feature", "properties": {"tract_id": "31109001301", "name": "Census Tract 13.01", "pct_white_2020": 92.7, "pct_black_2020": 1.2, "pct_hispanic_2020": 3.1, "pct_asian_2020": 0.6, "population_2020": 3632}, "geometry": {"type": "Polygon", "coordinates": [[[-96.64415, 40.80619], [-96.64414, 40.80376], [-96.64414, 40.80313], [-96.64414, 40.80187], [-96.64414, 40.79901], [-96.64414, 40.79892], [-96.64328, 40.79893], [-96.64099, 40.79895], [-96.63639, 40.79898], [-96.6346, 40.799], [-96.63296, 40.79897], [-96.63166, 40.79895], [-96.63073, 40.79893], [-96.6287, 40.79889], [-96.62867, 40.79888], [-96.62767, 40.79883], [-96.62737, 40.79882], [-96.62694, 40.79881], [-96.62514, 40.79878], [-96.62514, 40.79883], [-96.62514, 40.79889], [-96.6252, 40.80338], [-96.62521, 40.80609], [-96.6252, 40.80738], [-96.62519, 40.80867], [-96.62519, 40.81006], [-96.62515, 40.81279], [-96.62515, 40.81327], [-96.62515, 40.81334], [-96.62515, 40.81339], [-96.62796, 40.81341], [-96.62839, 40.81342], [-96.63055, 40.81342], [-96.63062, 40.81342], [-96.63068, 40.81342], [-96.63136, 40.81342], [-96.6329, 40.81343], [-96.6351, 40.81344], [-96.63565, 40.81344], [-96.63833, 40.81346], [-96.64168, 40.81347], [-96.64176, 40.81347], [-96.64182, 40.81347], [-96.64183, 40.81343], [-96.64184, 40.81336], [-96.64195, 40.81257], [-96.64202, 40.81199], [-96.64202, 40.81186], [-96.64202, 40.81181], [-96.642, 40.81173], [-96.64199, 40.81172], [-96.64199, 40.81169], [-96.642, 40.81162], [-96.64212, 40.81072], [-96.64222, 40.80995], [-96.64225, 40.80981], [-96.64233, 40.80947], [-96.64242, 40.80915], [-96.64253, 40.80882], [-96.64265, 40.80851], [-96.6428, 40.80819], [-96.6429, 40.808], [-96.64307, 40.80769], [-96.64326, 40.80739], [-96.64347, 40.8071], [-96.64415, 40.80619]]]}}, {"type": "Feature", "properties": {"tract_id": "31109003102", "name": "Census Tract 31.02", "pct_white_2020": 88.2, "pct_black_2020": 5.5, "pct_hispanic_2020": 3.3, "pct_asian_2020": 0.7, "population_2020": 6078}, "geometry": {"type": "Polygon", "coordinates": [[[-96.76483, 40.87848], [-96.76488, 40.87344], [-96.76264, 40.87281], [-96.76206, 40.87256], [-96.76138, 40.87222], [-96.76061, 40.87176], [-96.75883, 40.87068], [-96.75846, 40.87045], [-96.75751, 40.86988], [-96.75407, 40.8677], [-96.74975, 40.865], [-96.74761, 40.86364], [-96.74714, 40.86333], [-96.74676, 40.86305], [-96.74643, 40.86279], [-96.74629, 40.86268], [-96.74594, 40.86235], [-96.74568, 40.8621], [-96.74547, 40.86184], [-96.74507, 40.86134], [-96.74466, 40.86073], [-96.7443, 40.86014], [-96.74405, 40.85949], [-96.74386, 40.8589], [-96.74376, 40.85834], [-96.74371, 40.85782], [-96.74372, 40.85739], [-96.74369, 40.8514], [-96.74374, 40.8505], [-96.74376, 40.84983], [-96.74357, 40.84828], [-96.74358, 40.84785], [-96.74351, 40.84556], [-96.7434, 40.84507], [-96.74332, 40.84469], [-96.74315, 40.84407], [-96.74278, 40.84329], [-96.74257, 40.843], [-96.7425, 40.84288], [-96.74236, 40.84262], [-96.74218, 40.84234], [-96.74186, 40.84189], [-96.74149, 40.84144], [-96.74076, 40.8406], [-96.7401, 40.83986], [-96.73973, 40.83913], [-96.73966, 40.8392], [-96.73955, 40.8393], [-96.73945, 40.83939], [-96.7393, 40.83953], [-96.73911, 40.83971], [-96.73884, 40.83998], [-96.73423, 40.84459], [-96.73387, 40.84495], [-96.73283, 40.84599], [-96.72874, 40.85007], [-96.72705, 40.85176], [-96.72508, 40.85372], [-96.72097, 40.85783], [-96.7209, 40.85791], [-96.72069, 40.85813], [-96.72015, 40.85869], [-96.71959, 40.85924], [-96.71919, 40.85961], [-96.71902, 40.85977], [-96.71875, 40.86002], [-96.71861, 40.86014], [-96.71818, 40.86053], [-96.71758, 40.86103], [-96.71696, 40.86154], [-96.7163, 40.86205], [-96.71609, 40.86221], [-96.71616, 40.86237], [-96.71635, 40.86281], [-96.71818, 40.86707], [-96.7183, 40.86735], [-96.7191, 40.86917], [-96.71923, 40.86942], [-96.71938, 40.86967], [-96.71956, 40.86991], [-96.71959, 40.86995], [-96.71976, 40.87017], [-96.71999, 40.87041], [-96.72007, 40.87049], [-96.72019, 40.8706], [-96.72043, 40.87082], [-96.72048, 40.87085], [-96.7207, 40.87103], [-96.72086, 40.8712], [-96.72105, 40.87136], [-96.72116, 40.87142], [-96.72157, 40.87165], [-96.72209, 40.87189], [-96.72362, 40.87241], [-96.72701, 40.87347], [-96.73372, 40.87552], [-96.73385, 40.87556], [-96.73898, 40.87718], [-96.74051, 40.8776], [-96.7413, 40.87781], [-96.74215, 40.87801], [-96.74306, 40.87821], [-96.74355, 40.87831], [-96.74398, 40.8784], [-96.74486, 40.87856], [-96.74565, 40.87869], [-96.74608, 40.87876], [-96.74651, 40.87882], [-96.74728, 40.87893], [-96.74818, 40.87904], [-96.74907, 40.87913], [-96.75, 40.87921], [-96.75098, 40.87928], [-96.75192, 40.87932], [-96.75288, 40.87936], [-96.75381, 40.87937], [-96.75454, 40.87937], [-96.75883, 40.87936], [-96.75889, 40.87936], [-96.75907, 40.87936], [-96.76187, 40.87937], [-96.76454, 40.87938], [-96.76483, 40.87939], [-96.76483, 40.87908], [-96.76483, 40.87848]]]}}, {"type": "Feature", "properties": {"tract_id": "31109003002", "name": "Census Tract 30.02", "pct_white_2020": 65.1, "pct_black_2020": 8.8, "pct_hispanic_2020": 9.3, "pct_asian_2020": 5.4, "population_2020": 3279}, "geometry": {"type": "Polygon", "coordinates": [[[-96.71317, 40.85515], [-96.71299, 40.85457], [-96.71279, 40.85387], [-96.71262, 40.8532], [-96.71247, 40.85251], [-96.71234, 40.85181], [-96.71237, 40.85168], [-96.71224, 40.85076], [-96.71224, 40.8507], [-96.71219, 40.85023], [-96.71211, 40.84946], [-96.71207, 40.84881], [-96.71205, 40.84813], [-96.71203, 40.84565], [-96.71207, 40.84494], [-96.71208, 40.84297], [-96.71215, 40.8413], [-96.7121, 40.83684], [-96.71211, 40.83669], [-96.71214, 40.83368], [-96.71214, 40.83359], [-96.71214, 40.8335], [-96.71214, 40.83348], [-96.71214, 40.8334], [-96.71216, 40.82979], [-96.71216, 40.82967], [-96.71216, 40.82903], [-96.71216, 40.8287], [-96.71193, 40.82891], [-96.71169, 40.82912], [-96.71154, 40.82924], [-96.71126, 40.82943], [-96.71117, 40.82948], [-96.71114, 40.82951], [-96.71108, 40.82958], [-96.71091, 40.82974], [-96.71081, 40.82984], [-96.71073, 40.82989], [-96.71042, 40.83007], [-96.71026, 40.83018], [-96.71013, 40.83031], [-96.70997, 40.83043], [-96.70952, 40.83072], [-96.70936, 40.83083], [-96.70876, 40.83119], [-96.7085, 40.83132], [-96.70822, 40.83145], [-96.70817, 40.83147], [-96.70807, 40.83149], [-96.70781, 40.83159], [-96.70773, 40.8317], [-96.70761, 40.83179], [-96.7075, 40.83188], [-96.70746, 40.8319], [-96.70729, 40.83197], [-96.70727, 40.83198], [-96.70722, 40.832], [-96.70716, 40.832], [-96.7071, 40.832], [-96.70691, 40.83215], [-96.70682, 40.8322], [-96.70673, 40.83224], [-96.70639, 40.83237], [-96.70601, 40.83253], [-96.70592, 40.83258], [-96.70569, 40.83268], [-96.70564, 40.83269], [-96.70553, 40.83272], [-96.70527, 40.83273], [-96.70466, 40.833], [-96.70447, 40.83309], [-96.70432, 40.83314], [-96.70412, 40.8332], [-96.70409, 40.83322], [-96.70398, 40.83333], [-96.70394, 40.83335], [-96.7039, 40.83338], [-96.7038, 40.83341], [-96.7037, 40.83344], [-96.70359, 40.83345], [-96.70349, 40.83347], [-96.70317, 40.83354], [-96.70297, 40.8336], [-96.70273, 40.83369], [-96.70262, 40.83374], [-96.70239, 40.83383], [-96.70234, 40.83385], [-96.70229, 40.83386], [-96.70224, 40.83385], [-96.70217, 40.83382], [-96.70209, 40.83388], [-96.7018, 40.83399], [-96.7015, 40.83408], [-96.70131, 40.83413], [-96.70131, 40.83462], [-96.70132, 40.83566], [-96.70132, 40.83581], [-96.70131, 40.83608], [-96.70131, 40.83654], [-96.7013, 40.83669], [-96.70129, 40.83744], [-96.70129, 40.83768], [-96.70129, 40.8378], [-96.70127, 40.8391], [-96.70127, 40.83925], [-96.70125, 40.84016], [-96.70125, 40.8403], [-96.70125, 40.84042], [-96.70124, 40.84107], [-96.70123, 40.84197], [-96.70121, 40.84289], [-96.7012, 40.8438], [-96.70118, 40.84471], [-96.70117, 40.84562], [-96.70115, 40.84743], [-96.70113, 40.84834], [-96.70112, 40.84906], [-96.70111, 40.84979], [-96.70111, 40.85017], [-96.7011, 40.85058], [-96.7011, 40.85201], [-96.70109, 40.85292], [-96.70109, 40.85476], [-96.70108, 40.85571], [-96.70108, 40.85722], [-96.70108, 40.85728], [-96.70109, 40.85728], [-96.7011, 40.85728], [-96.70112, 40.85728], [-96.70114, 40.85728], [-96.70116, 40.85728], [-96.70118, 40.85728], [-96.70119, 40.85728], [-96.70121, 40.85729], [-96.70122, 40.85729], [-96.70124, 40.85729], [-96.70126, 40.8573], [-96.70127, 40.8573], [-96.70128, 40.85731], [-96.7013, 40.85731], [-96.70131, 40.85732], [-96.70132, 40.85732], [-96.70133, 40.85733], [-96.70135, 40.85734], [-96.70136, 40.85735], [-96.70137, 40.85736], [-96.70138, 40.85738], [-96.70139, 40.85738], [-96.7014, 40.85739], [-96.7014, 40.8574], [-96.70146, 40.8574], [-96.70474, 40.85741], [-96.7071, 40.85742], [-96.70725, 40.85741], [-96.70746, 40.85739], [-96.7077, 40.85736], [-96.70793, 40.8573], [-96.70813, 40.85725], [-96.70833, 40.85718], [-96.70853, 40.85709], [-96.70877, 40.85696], [-96.70894, 40.85685], [-96.70933, 40.85655], [-96.70968, 40.85628], [-96.70994, 40.8561], [-96.7102, 40.85595], [-96.71047, 40.85581], [-96.71068, 40.85571], [-96.71078, 40.85566], [-96.71098, 40.85559], [-96.71127, 40.8555], [-96.71148, 40.85545], [-96.71184, 40.85538], [-96.71294, 40.85519], [-96.71317, 40.85515]]]}}, {"type": "Feature", "properties": {"tract_id": "31109010203", "name": "Census Tract 102.03", "pct_white_2020": 91.9, "pct_black_2020": 0.0, "pct_hispanic_2020": 4.4, "pct_asian_2020": 3.7, "population_2020": 1883}, "geometry": {"type": "Polygon", "coordinates": [[[-96.759, 40.88105], [-96.75899, 40.88074], [-96.75899, 40.88059], [-96.75895, 40.88034], [-96.75895, 40.88029], [-96.75895, 40.88021], [-96.75892, 40.88007], [-96.75889, 40.87991], [-96.75884, 40.87953], [-96.75883, 40.87936], [-96.75454, 40.87937], [-96.75381, 40.87937], [-96.75288, 40.87936], [-96.75192, 40.87932], [-96.75098, 40.87928], [-96.75, 40.87921], [-96.74907, 40.87913], [-96.74818, 40.87904], [-96.74728, 40.87893], [-96.74651, 40.87882], [-96.74608, 40.87876], [-96.74565, 40.87869], [-96.74486, 40.87856], [-96.74398, 40.8784], [-96.74355, 40.87831], [-96.74306, 40.87821], [-96.74215, 40.87801], [-96.7413, 40.87781], [-96.74051, 40.8776], [-96.73898, 40.87718], [-96.73385, 40.87556], [-96.73372, 40.87552], [-96.72701, 40.87347], [-96.72362, 40.87241], [-96.72209, 40.87189], [-96.72157, 40.87165], [-96.72116, 40.87142], [-96.72105, 40.87136], [-96.72086, 40.8712], [-96.72067, 40.87134], [-96.7202, 40.87204], [-96.7202, 40.87219], [-96.72019, 40.87356], [-96.72017, 40.87525], [-96.72017, 40.8753], [-96.72017, 40.87535], [-96.72013, 40.87893], [-96.72009, 40.88273], [-96.72006, 40.88498], [-96.72005, 40.88617], [-96.72004, 40.88636], [-96.71993, 40.89731], [-96.71989, 40.90072], [-96.72241, 40.90072], [-96.73913, 40.90076], [-96.74876, 40.90078], [-96.75838, 40.90081], [-96.75833, 40.89047], [-96.75833, 40.89008], [-96.75831, 40.88629], [-96.7583, 40.88465], [-96.75833, 40.88328], [-96.75843, 40.88297], [-96.75858, 40.88254], [-96.75891, 40.88162], [-96.75898, 40.88131], [-96.759, 40.88105]]]}}, {"type": "Feature", "properties": {"tract_id": "31109003005", "name": "Census Tract 30.05", "pct_white_2020": 72.7, "pct_black_2020": 1.9, "pct_hispanic_2020": 0.7, "pct_asian_2020": 19.6, "population_2020": 4716}, "geometry": {"type": "Polygon", "coordinates": [[[-96.71609, 40.86221], [-96.71601, 40.86202], [-96.71579, 40.86153], [-96.71561, 40.86112], [-96.71557, 40.86101], [-96.71488, 40.85941], [-96.71416, 40.85773], [-96.71411, 40.85763], [-96.71409, 40.85758], [-96.71401, 40.8574], [-96.71397, 40.85729], [-96.71383, 40.85696], [-96.71371, 40.85666], [-96.71345, 40.85597], [-96.7132, 40.85525], [-96.71317, 40.85515], [-96.71294, 40.85519], [-96.71184, 40.85538], [-96.71148, 40.85545], [-96.71127, 40.8555], [-96.71098, 40.85559], [-96.71078, 40.85566], [-96.71068, 40.85571], [-96.71047, 40.85581], [-96.7102, 40.85595], [-96.70994, 40.8561], [-96.70968, 40.85628], [-96.70933, 40.85655], [-96.70894, 40.85685], [-96.70877, 40.85696], [-96.70853, 40.85709], [-96.70833, 40.85718], [-96.70813, 40.85725], [-96.70793, 40.8573], [-96.7077, 40.85736], [-96.70746, 40.85739], [-96.70725, 40.85741], [-96.7071, 40.85742], [-96.70474, 40.85741], [-96.70146, 40.8574], [-96.7014, 40.8574], [-96.7014, 40.85739], [-96.70139, 40.85738], [-96.70138, 40.85738], [-96.70137, 40.85736], [-96.70136, 40.85735], [-96.70135, 40.85734], [-96.70133, 40.85733], [-96.70132, 40.85732], [-96.70131, 40.85732], [-96.7013, 40.85731], [-96.70128, 40.85731], [-96.70127, 40.8573], [-96.70126, 40.8573], [-96.70124, 40.85729], [-96.70122, 40.85729], [-96.70121, 40.85729], [-96.70119, 40.85728], [-96.70118, 40.85728], [-96.70116, 40.85728], [-96.70114, 40.85728], [-96.70112, 40.85728], [-96.7011, 40.85728], [-96.70109, 40.85728], [-96.70108, 40.85728], [-96.70106, 40.85729], [-96.70104, 40.85729], [-96.70103, 40.85729], [-96.70101, 40.8573], [-96.70099, 40.85731], [-96.70097, 40.85731], [-96.70096, 40.85732], [-96.70095, 40.85732], [-96.70094, 40.85733], [-96.70093, 40.85734], [-96.70091, 40.85735], [-96.7009, 40.85736], [-96.70089, 40.85737], [-96.70089, 40.85737], [-96.70088, 40.85738], [-96.70087, 40.8574], [-96.70079, 40.85739], [-96.69692, 40.85731], [-96.69509, 40.85727], [-96.6932, 40.85724], [-96.69153, 40.8572], [-96.69105, 40.85719], [-96.6903, 40.85717], [-96.69027, 40.85717], [-96.68593, 40.85708], [-96.68584, 40.85708], [-96.68579, 40.85708], [-96.68426, 40.85705], [-96.68396, 40.85704], [-96.68342, 40.85703], [-96.68213, 40.85701], [-96.68198, 40.85701], [-96.68198, 40.85712], [-96.68197, 40.85713], [-96.68196, 40.85789], [-96.68197, 40.8591], [-96.68196, 40.86069], [-96.68195, 40.86236], [-96.68193, 40.86432], [-96.68192, 40.86566], [-96.68207, 40.86569], [-96.68309, 40.8657], [-96.68357, 40.8657], [-96.68371, 40.86569], [-96.68386, 40.86566], [-96.6845, 40.8655], [-96.68498, 40.86538], [-96.68516, 40.86533], [-96.68527, 40.86531], [-96.68542, 40.8653], [-96.68554, 40.8653], [-96.68568, 40.86531], [-96.68582, 40.86534], [-96.68644, 40.86554], [-96.68747, 40.86588], [-96.68826, 40.86614], [-96.68883, 40.86632], [-96.68898, 40.86639], [-96.68911, 40.86647], [-96.68926, 40.86657], [-96.68936, 40.86665], [-96.68945, 40.8667], [-96.68956, 40.86676], [-96.68969, 40.8668], [-96.68982, 40.86683], [-96.6899, 40.86684], [-96.68991, 40.86686], [-96.68991, 40.86687], [-96.68992, 40.86688], [-96.68993, 40.86688], [-96.68994, 40.86689], [-96.68995, 40.8669], [-96.68997, 40.86691], [-96.68998, 40.86691], [-96.69, 40.86692], [-96.69001, 40.86692], [-96.69003, 40.86692], [-96.69004, 40.86692], [-96.69005, 40.86692], [-96.69007, 40.86692], [-96.69008, 40.86691], [-96.6901, 40.86691], [-96.69011, 40.8669], [-96.69012, 40.8669], [-96.69013, 40.86689], [-96.69014, 40.86688], [-96.69015, 40.86687], [-96.69015, 40.86686], [-96.69016, 40.86685], [-96.69016, 40.86684], [-96.69017, 40.86683], [-96.69017, 40.86682], [-96.69072, 40.86683], [-96.69197, 40.86686], [-96.694, 40.8669], [-96.69508, 40.86692], [-96.69539, 40.86694], [-96.69572, 40.86697], [-96.69694, 40.86716], [-96.69692, 40.86725], [-96.69692, 40.86733], [-96.69694, 40.86744], [-96.69697, 40.86752], [-96.69701, 40.86759], [-96.69709, 40.86769], [-96.6972, 40.86779], [-96.69821, 40.8687], [-96.69857, 40.86849], [-96.699, 40.86833], [-96.69945, 40.86825], [-96.69988, 40.86824], [-96.7006, 40.86824], [-96.70109, 40.8682], [-96.70109, 40.86962], [-96.70109, 40.87028], [-96.70109, 40.87042], [-96.7011, 40.87071], [-96.70131, 40.8706], [-96.70846, 40.86682], [-96.70909, 40.86649], [-96.70992, 40.86605], [-96.70994, 40.86605], [-96.71005, 40.86598], [-96.71067, 40.86565], [-96.71123, 40.86533], [-96.71152, 40.86517], [-96.71231, 40.86471], [-96.713, 40.86429], [-96.71319, 40.86418], [-96.71389, 40.86373], [-96.71456, 40.86329], [-96.71522, 40.86284], [-96.7159, 40.86234], [-96.71599, 40.86227], [-96.71609, 40.86221]]]}}, {"type": "Feature", "properties": {"tract_id": "31109003004", "name": "Census Tract 30.04", "pct_white_2020": 74.0, "pct_black_2020": 8.8, "pct_hispanic_2020": 4.6, "pct_asian_2020": 9.2, "population_2020": 3504}, "geometry": {"type": "Polygon", "coordinates": [[[-96.7011, 40.87071], [-96.70109, 40.87042], [-96.70109, 40.87028], [-96.70109, 40.86962], [-96.70109, 40.8682], [-96.7006, 40.86824], [-96.69988, 40.86824], [-96.69945, 40.86825], [-96.699, 40.86833], [-96.69857, 40.86849], [-96.69821, 40.8687], [-96.6972, 40.86779], [-96.69709, 40.86769], [-96.69701, 40.86759], [-96.69697, 40.86752], [-96.69694, 40.86744], [-96.69692, 40.86733], [-96.69692, 40.86725], [-96.69694, 40.86716], [-96.69572, 40.86697], [-96.69539, 40.86694], [-96.69508, 40.86692], [-96.694, 40.8669], [-96.69197, 40.86686], [-96.69072, 40.86683], [-96.69017, 40.86682], [-96.69017, 40.86683], [-96.69016, 40.86684], [-96.69016, 40.86685], [-96.69015, 40.86686], [-96.69015, 40.86687], [-96.69014, 40.86688], [-96.69013, 40.86689], [-96.69012, 40.8669], [-96.69011, 40.8669], [-96.6901, 40.86691], [-96.69008, 40.86691], [-96.69007, 40.86692], [-96.69005, 40.86692], [-96.69004, 40.86692], [-96.69003, 40.86692], [-96.69001, 40.86692], [-96.69, 40.86692], [-96.68998, 40.86691], [-96.68997, 40.86691], [-96.68995, 40.8669], [-96.68994, 40.86689], [-96.68993, 40.86688], [-96.68992, 40.86688], [-96.68991, 40.86687], [-96.68991, 40.86686], [-96.6899, 40.86684], [-96.68982, 40.86683], [-96.68969, 40.8668], [-96.68956, 40.86676], [-96.68945, 40.8667], [-96.68936, 40.86665], [-96.68926, 40.86657], [-96.68911, 40.86647], [-96.68898, 40.86639], [-96.68883, 40.86632], [-96.68826, 40.86614], [-96.68747, 40.86588], [-96.68644, 40.86554], [-96.68582, 40.86534], [-96.68568, 40.86531], [-96.68554, 40.8653], [-96.68542, 40.8653], [-96.68527, 40.86531], [-96.68516, 40.86533], [-96.68498, 40.86538], [-96.6845, 40.8655], [-96.68386, 40.86566], [-96.68371, 40.86569], [-96.68357, 40.8657], [-96.68309, 40.8657], [-96.68207, 40.86569], [-96.68192, 40.86566], [-96.6819, 40.86992], [-96.68189, 40.87158], [-96.68187, 40.87465], [-96.68186, 40.87655], [-96.68184, 40.87881], [-96.68183, 40.88097], [-96.68183, 40.88129], [-96.68182, 40.88149], [-96.68181, 40.88279], [-96.68181, 40.88289], [-96.68183, 40.88357], [-96.68183, 40.88368], [-96.68185, 40.88417], [-96.68193, 40.88555], [-96.68197, 40.88622], [-96.68198, 40.88637], [-96.68198, 40.88652], [-96.68213, 40.88643], [-96.68324, 40.88572], [-96.68348, 40.88556], [-96.68368, 40.88542], [-96.68414, 40.88509], [-96.68458, 40.88475], [-96.68506, 40.88436], [-96.68556, 40.88392], [-96.68713, 40.88244], [-96.69234, 40.87753], [-96.69577, 40.87429], [-96.69617, 40.87392], [-96.69657, 40.87357], [-96.69701, 40.87322], [-96.69751, 40.87284], [-96.69799, 40.8725], [-96.69852, 40.87215], [-96.69904, 40.87183], [-96.69937, 40.87164], [-96.69944, 40.87159], [-96.70025, 40.87115], [-96.70106, 40.87072], [-96.7011, 40.87071]]]}}, {"type": "Feature", "properties": {"tract_id": "31109010402", "name": "Census Tract 104.02", "pct_white_2020": 94.8, "pct_black_2020": 0.1, "pct_hispanic_2020": 1.4, "pct_asian_2020": 0.7, "population_2020": 5265}, "geometry": {"type": "Polygon", "coordinates": [[[-96.68626, 40.58131], [-96.68593, 40.5668], [-96.68571, 40.55756], [-96.68558, 40.55234], [-96.68541, 40.5449], [-96.68525, 40.53778], [-96.68493, 40.5233], [-96.67558, 40.52337], [-96.67433, 40.52338], [-96.67416, 40.52338], [-96.67243, 40.5234], [-96.6724, 40.5234], [-96.67154, 40.52341], [-96.67069, 40.52341], [-96.67019, 40.52342], [-96.66665, 40.52345], [-96.66649, 40.52345], [-96.6659, 40.52345], [-96.65739, 40.52348], [-96.6573, 40.52348], [-96.65705, 40.52347], [-96.65681, 40.52347], [-96.65303, 40.52344], [-96.65274, 40.52344], [-96.65259, 40.52344], [-96.65258, 40.52344], [-96.65256, 40.52344], [-96.65255, 40.52344], [-96.65253, 40.52344], [-96.64951, 40.52342], [-96.64949, 40.52342], [-96.64791, 40.52341], [-96.64789, 40.52341], [-96.64557, 40.52343], [-96.64482, 40.52343], [-96.64403, 40.52344], [-96.64355, 40.52344], [-96.64348, 40.52344], [-96.64234, 40.52345], [-96.64224, 40.52345], [-96.63401, 40.52352], [-96.63344, 40.52353], [-96.631, 40.52355], [-96.63099, 40.52355], [-96.62898, 40.52357], [-96.62186, 40.52368], [-96.6215, 40.52368], [-96.62149, 40.52368], [-96.62146, 40.52368], [-96.62143, 40.52368], [-96.61998, 40.52371], [-96.61982, 40.52371], [-96.61974, 40.52371], [-96.61955, 40.52371], [-96.61445, 40.52372], [-96.61439, 40.52372], [-96.61018, 40.52373], [-96.60098, 40.52376], [-96.60093, 40.52376], [-96.60021, 40.52376], [-96.60016, 40.52376], [-96.59104, 40.52378], [-96.59102, 40.52378], [-96.59095, 40.52378], [-96.59092, 40.52378], [-96.59021, 40.52378], [-96.58691, 40.52377], [-96.58522, 40.52376], [-96.58386, 40.52376], [-96.58172, 40.52375], [-96.58171, 40.52375], [-96.57941, 40.52377], [-96.5722, 40.52383], [-96.57217, 40.52383], [-96.55904, 40.52377], [-96.559, 40.52377], [-96.55498, 40.52375], [-96.55479, 40.52375], [-96.5508, 40.52372], [-96.54766, 40.5237], [-96.53998, 40.52365], [-96.53884, 40.52365], [-96.52767, 40.52357], [-96.52761, 40.52357], [-96.52757, 40.52357], [-96.52754, 40.52357], [-96.52751, 40.52357], [-96.52749, 40.52357], [-96.52747, 40.52357], [-96.52744, 40.52357], [-96.52741, 40.52357], [-96.52621, 40.52356], [-96.5209, 40.52353], [-96.52086, 40.52353], [-96.50202, 40.52339], [-96.50199, 40.52339], [-96.50177, 40.52339], [-96.5017, 40.52339], [-96.49858, 40.52336], [-96.49856, 40.52336], [-96.49606, 40.52334], [-96.49604, 40.52334], [-96.49599, 40.52334], [-96.49595, 40.52334], [-96.49593, 40.52334], [-96.49591, 40.52334], [-96.49335, 40.52331], [-96.49332, 40.52331], [-96.49329, 40.52331], [-96.49324, 40.52331], [-96.49318, 40.52331], [-96.49312, 40.52331], [-96.49306, 40.52331], [-96.49065, 40.52329], [-96.49061, 40.52329], [-96.4906, 40.52329], [-96.49057, 40.52328], [-96.49037, 40.52328], [-96.49034, 40.52328], [-96.49032, 40.52328], [-96.49026, 40.52328], [-96.4902, 40.52328], [-96.48932, 40.52327], [-96.48911, 40.52327], [-96.48742, 40.52325], [-96.48739, 40.52325], [-96.48736, 40.52325], [-96.48731, 40.52325], [-96.48727, 40.52325], [-96.4867, 40.52325], [-96.48482, 40.52323], [-96.48431, 40.52322], [-96.48399, 40.52322], [-96.48392, 40.52322], [-96.48267, 40.52321], [-96.48265, 40.52321], [-96.47907, 40.52317], [-96.47881, 40.52317], [-96.47798, 40.52316], [-96.47786, 40.52316], [-96.47744, 40.52315], [-96.47325, 40.52311], [-96.47322, 40.52311], [-96.46922, 40.52307], [-96.4692, 40.52307], [-96.46363, 40.52301], [-96.46364, 40.53027], [-96.46364, 40.53046], [-96.46365, 40.53431], [-96.46365, 40.53658], [-96.46366, 40.5375], [-96.46365, 40.53755], [-96.46365, 40.53839], [-96.46364, 40.5388], [-96.46364, 40.5398], [-96.46364, 40.54022], [-96.46365, 40.54292], [-96.46364, 40.54453], [-96.46364, 40.54461], [-96.46362, 40.54585], [-96.46363, 40.54687], [-96.46363, 40.54711], [-96.46365, 40.54757], [-96.46363, 40.54867], [-96.46365, 40.54917], [-96.46364, 40.54947], [-96.46365, 40.55014], [-96.46365, 40.55103], [-96.46365, 40.55121], [-96.46364, 40.55158], [-96.46365, 40.5519], [-96.46367, 40.55201], [-96.46367, 40.55846], [-96.46366, 40.55849], [-96.46366, 40.55927], [-96.46365, 40.56211], [-96.46366, 40.56246], [-96.46366, 40.56251], [-96.46366, 40.56259], [-96.46366, 40.56288], [-96.46365, 40.5636], [-96.46365, 40.56636], [-96.46368, 40.56651], [-96.46369, 40.57382], [-96.46369, 40.57735], [-96.4637, 40.58101], [-96.4637, 40.58278], [-96.4637, 40.58434], [-96.46371, 40.58746], [-96.46371, 40.59187], [-96.46371, 40.59488], [-96.46371, 40.59543], [-96.46371, 40.5955], [-96.46371, 40.59569], [-96.46372, 40.59811], [-96.46373, 40.60265], [-96.46373, 40.60407], [-96.46373, 40.60467], [-96.46374, 40.60652], [-96.46374, 40.61], [-96.46375, 40.61206], [-96.46375, 40.61259], [-96.46376, 40.61412], [-96.46376, 40.61504], [-96.46376, 40.61681], [-96.46377, 40.61815], [-96.46377, 40.61834], [-96.46378, 40.62452], [-96.46379, 40.63137], [-96.4638, 40.63174], [-96.46381, 40.63899], [-96.46383, 40.646], [-96.46384, 40.65279], [-96.46385, 40.65349], [-96.46385, 40.66798], [-96.46385, 40.66899], [-96.46384, 40.67932], [-96.46384, 40.68247], [-96.46384, 40.68398], [-96.46384, 40.68598], [-96.46384, 40.68769], [-96.46384, 40.68785], [-96.46384, 40.68796], [-96.46384, 40.68872], [-96.46384, 40.69006], [-96.46384, 40.69457], [-96.46384, 40.69696], [-96.46382, 40.69959], [-96.46384, 40.69985], [-96.46387, 40.70035], [-96.46385, 40.70136], [-96.46384, 40.70145], [-96.46384, 40.70202], [-96.46379, 40.70421], [-96.46379, 40.70446], [-96.46383, 40.71099], [-96.46383, 40.71128], [-96.46383, 40.71146], [-96.46383, 40.7117], [-96.46384, 40.71422], [-96.46384, 40.72182], [-96.46384, 40.7252], [-96.46384, 40.72555], [-96.46384, 40.72597], [-96.46384, 40.72625], [-96.46384, 40.72667], [-96.46383, 40.73319], [-96.46383, 40.73321], [-96.46383, 40.73542], [-96.46383, 40.73789], [-96.46382, 40.74287], [-96.46382, 40.74339], [-96.46382, 40.74345], [-96.46382, 40.7435], [-96.46382, 40.74356], [-96.4638, 40.74435], [-96.46379, 40.74615], [-96.46382, 40.74751], [-96.46382, 40.74774], [-96.46381, 40.75001], [-96.46381, 40.75095], [-96.46381, 40.75496], [-96.4638, 40.76202], [-96.4638, 40.76376], [-96.46379, 40.76945], [-96.46378, 40.77472], [-96.46377, 40.78216], [-96.46376, 40.78307], [-96.46376, 40.78396], [-96.48281, 40.78399], [-96.48501, 40.78399], [-96.50186, 40.78402], [-96.51133, 40.78403], [-96.51341, 40.78403], [-96.5209, 40.78404], [-96.53673, 40.78407], [-96.53994, 40.78408], [-96.54179, 40.78408], [-96.55341, 40.78409], [-96.55896, 40.7841], [-96.5612, 40.7841], [-96.56151, 40.78411], [-96.56308, 40.78411], [-96.56332, 40.78411], [-96.56455, 40.78411], [-96.5658, 40.78411], [-96.56783, 40.78411], [-96.56785, 40.78013], [-96.56789, 40.76962], [-96.56793, 40.76014], [-96.56794, 40.75512], [-96.56798, 40.7465], [-96.56799, 40.74228], [-96.568, 40.74064], [-96.56779, 40.7334], [-96.56779, 40.73338], [-96.56779, 40.73279], [-96.56778, 40.72949], [-96.56777, 40.72937], [-96.56776, 40.72929], [-96.56779, 40.72617], [-96.56779, 40.72388], [-96.56787, 40.71892], [-96.56805, 40.71702], [-96.56789, 40.71616], [-96.56798, 40.7151], [-96.568, 40.71489], [-96.56801, 40.71482], [-96.56798, 40.71241], [-96.56797, 40.71169], [-96.56793, 40.7076], [-96.56792, 40.70692], [-96.56792, 40.70632], [-96.56792, 40.70582], [-96.56791, 40.70556], [-96.5679, 40.70445], [-96.56788, 40.70356], [-96.56779, 40.69721], [-96.56834, 40.69721], [-96.56866, 40.69721], [-96.57206, 40.69721], [-96.57213, 40.69486], [-96.57227, 40.69052], [-96.57227, 40.69042], [-96.57229, 40.68446], [-96.57229, 40.68445], [-96.5723, 40.68329], [-96.57231, 40.67604], [-96.5725, 40.6688], [-96.57239, 40.66163], [-96.57242, 40.65441], [-96.57236, 40.64717], [-96.57236, 40.647], [-96.57241, 40.63994], [-96.57244, 40.63252], [-96.57248, 40.62546], [-96.57253, 40.61822], [-96.5762, 40.61822], [-96.58485, 40.61822], [-96.59097, 40.61821], [-96.59122, 40.61823], [-96.59116, 40.61099], [-96.59116, 40.61097], [-96.59119, 40.61048], [-96.5912, 40.61041], [-96.59121, 40.61019], [-96.59123, 40.60992], [-96.59154, 40.60524], [-96.59164, 40.60367], [-96.59186, 40.59789], [-96.59188, 40.59737], [-96.59191, 40.59615], [-96.59191, 40.59575], [-96.5918, 40.58167], [-96.6053, 40.58163], [-96.60662, 40.58162], [-96.60701, 40.58162], [-96.6108, 40.58161], [-96.61958, 40.58156], [-96.62965, 40.58155], [-96.63916, 40.58142], [-96.64023, 40.58141], [-96.64852, 40.58135], [-96.65896, 40.58138], [-96.66308, 40.58139], [-96.66745, 40.5814], [-96.67512, 40.58136], [-96.68148, 40.58133], [-96.68194, 40.58133], [-96.68626, 40.58131]]]}}, {"type": "Feature", "properties": {"tract_id": "31109003727", "name": "Census Tract 37.27", "pct_white_2020": 88.5, "pct_black_2020": 4.2, "pct_hispanic_2020": 4.5, "pct_asian_2020": 2.2, "population_2020": 2567}, "geometry": {"type": "Polygon", "coordinates": [[[-96.60607, 40.81481], [-96.60609, 40.8135], [-96.60602, 40.8135], [-96.60596, 40.81349], [-96.60488, 40.81348], [-96.60361, 40.81345], [-96.6034, 40.81342], [-96.60253, 40.81341], [-96.60227, 40.81341], [-96.59831, 40.81337], [-96.59642, 40.81336], [-96.59442, 40.81334], [-96.59356, 40.81333], [-96.59244, 40.81332], [-96.59237, 40.81332], [-96.59143, 40.81331], [-96.59114, 40.81331], [-96.59044, 40.8133], [-96.58702, 40.81328], [-96.58698, 40.81327], [-96.58698, 40.8131], [-96.58695, 40.8131], [-96.58655, 40.81309], [-96.58655, 40.81327], [-96.58577, 40.81326], [-96.58221, 40.81323], [-96.58029, 40.81321], [-96.57984, 40.81321], [-96.57873, 40.8132], [-96.5775, 40.81318], [-96.57737, 40.81318], [-96.57695, 40.81318], [-96.57626, 40.81317], [-96.57254, 40.81312], [-96.56771, 40.81307], [-96.56771, 40.81388], [-96.56769, 40.81682], [-96.56768, 40.81821], [-96.5677, 40.81832], [-96.5677, 40.82028], [-96.5677, 40.82058], [-96.56768, 40.82266], [-96.56766, 40.82277], [-96.56765, 40.82389], [-96.56764, 40.82505], [-96.56763, 40.82749], [-96.5693, 40.82752], [-96.57414, 40.82761], [-96.57422, 40.82762], [-96.57731, 40.82767], [-96.57821, 40.82769], [-96.58307, 40.82777], [-96.58689, 40.82784], [-96.5913, 40.82789], [-96.59167, 40.82789], [-96.59389, 40.82791], [-96.59567, 40.82793], [-96.59732, 40.82795], [-96.59941, 40.82796], [-96.60044, 40.82797], [-96.60117, 40.82798], [-96.60125, 40.82798], [-96.60171, 40.82798], [-96.60343, 40.82799], [-96.60595, 40.82801], [-96.60596, 40.82629], [-96.60596, 40.82583], [-96.60597, 40.82455], [-96.60598, 40.82436], [-96.60601, 40.82367], [-96.60602, 40.8236], [-96.60602, 40.82319], [-96.60603, 40.82237], [-96.60603, 40.82071], [-96.60604, 40.81988], [-96.60604, 40.81857], [-96.60605, 40.81627], [-96.60605, 40.81494], [-96.60606, 40.81487], [-96.60607, 40.81481]]]}}, {"type": "Feature", "properties": {"tract_id": "31109003728", "name": "Census Tract 37.28", "pct_white_2020": 81.2, "pct_black_2020": 2.5, "pct_hispanic_2020": 5.6, "pct_asian_2020": 5.2, "population_2020": 4812}, "geometry": {"type": "Polygon", "coordinates": [[[-96.60689, 40.87503], [-96.60677, 40.87488], [-96.60626, 40.8743], [-96.60612, 40.87415], [-96.60596, 40.87393], [-96.60585, 40.87374], [-96.60576, 40.87355], [-96.60569, 40.87336], [-96.60563, 40.87316], [-96.60559, 40.87296], [-96.60557, 40.87276], [-96.60559, 40.8711], [-96.60559, 40.87099], [-96.60559, 40.87092], [-96.60565, 40.86439], [-96.60565, 40.86431], [-96.60567, 40.86233], [-96.60571, 40.85811], [-96.60572, 40.85709], [-96.60576, 40.855], [-96.60575, 40.85489], [-96.60579, 40.85158], [-96.6058, 40.85085], [-96.60582, 40.84991], [-96.60586, 40.84618], [-96.60588, 40.84472], [-96.6059, 40.84461], [-96.60591, 40.84283], [-96.60591, 40.8426], [-96.60591, 40.84237], [-96.60592, 40.83941], [-96.60592, 40.83897], [-96.60592, 40.83866], [-96.60593, 40.83531], [-96.60593, 40.83519], [-96.60594, 40.83331], [-96.60594, 40.83223], [-96.60594, 40.83145], [-96.60595, 40.82823], [-96.60595, 40.82801], [-96.60343, 40.82799], [-96.60171, 40.82798], [-96.60125, 40.82798], [-96.60117, 40.82798], [-96.60044, 40.82797], [-96.59941, 40.82796], [-96.59732, 40.82795], [-96.59567, 40.82793], [-96.59389, 40.82791], [-96.59167, 40.82789], [-96.5913, 40.82789], [-96.58689, 40.82784], [-96.58307, 40.82777], [-96.57821, 40.82769], [-96.57731, 40.82767], [-96.57422, 40.82762], [-96.57414, 40.82761], [-96.5693, 40.82752], [-96.56763, 40.82749], [-96.56762, 40.83027], [-96.5676, 40.84197], [-96.56756, 40.8541], [-96.56756, 40.8548], [-96.56755, 40.85641], [-96.56751, 40.87086], [-96.56748, 40.88526], [-96.56744, 40.89152], [-96.56744, 40.89157], [-96.56748, 40.89346], [-96.56748, 40.8937], [-96.56748, 40.89395], [-96.56748, 40.89416], [-96.56747, 40.89419], [-96.5674, 40.89459], [-96.56723, 40.89542], [-96.5672, 40.89557], [-96.56714, 40.89584], [-96.56732, 40.89591], [-96.56775, 40.89606], [-96.56823, 40.89624], [-96.57002, 40.89692], [-96.57017, 40.89698], [-96.57077, 40.89717], [-96.57103, 40.89725], [-96.57179, 40.89744], [-96.57229, 40.89755], [-96.5728, 40.89763], [-96.57333, 40.8977], [-96.57359, 40.89772], [-96.57413, 40.89776], [-96.57439, 40.89776], [-96.57523, 40.89777], [-96.58638, 40.89742], [-96.5934, 40.89707], [-96.59465, 40.89702], [-96.59589, 40.89699], [-96.59703, 40.89698], [-96.59827, 40.89699], [-96.60102, 40.89704], [-96.60161, 40.89706], [-96.60537, 40.89713], [-96.60536, 40.89681], [-96.60533, 40.89489], [-96.60531, 40.89401], [-96.60528, 40.89368], [-96.60523, 40.89346], [-96.60515, 40.89325], [-96.60497, 40.89296], [-96.6046, 40.8925], [-96.60456, 40.89246], [-96.60445, 40.8923], [-96.60435, 40.89214], [-96.60432, 40.89209], [-96.60429, 40.89205], [-96.60404, 40.89177], [-96.6039, 40.89152], [-96.60379, 40.8912], [-96.60375, 40.89093], [-96.60378, 40.89049], [-96.60384, 40.89022], [-96.60393, 40.89001], [-96.60426, 40.88958], [-96.6048, 40.889], [-96.60513, 40.88857], [-96.60526, 40.88826], [-96.60531, 40.88777], [-96.60535, 40.88557], [-96.60535, 40.88514], [-96.60536, 40.88504], [-96.60536, 40.88465], [-96.6054, 40.8828], [-96.6054, 40.88219], [-96.6054, 40.88195], [-96.60543, 40.88073], [-96.60546, 40.87995], [-96.60558, 40.87849], [-96.6056, 40.87834], [-96.60557, 40.87821], [-96.60554, 40.87812], [-96.60549, 40.87805], [-96.60541, 40.87797], [-96.6053, 40.8779], [-96.60518, 40.87785], [-96.60508, 40.87783], [-96.60495, 40.87781], [-96.60476, 40.8778], [-96.6043, 40.8778], [-96.60391, 40.87778], [-96.60373, 40.87775], [-96.60358, 40.87771], [-96.60348, 40.87765], [-96.6034, 40.87759], [-96.60333, 40.87752], [-96.60303, 40.8772], [-96.60289, 40.87712], [-96.60295, 40.87709], [-96.60442, 40.87632], [-96.60445, 40.87631], [-96.60452, 40.87627], [-96.60478, 40.87614], [-96.60515, 40.87594], [-96.60549, 40.87576], [-96.60581, 40.8756], [-96.60648, 40.87525], [-96.60689, 40.87503]]]}}, {"type": "Feature", "properties": {"tract_id": "31109010204", "name": "Census Tract 102.04", "pct_white_2020": 62.1, "pct_black_2020": 3.1, "pct_hispanic_2020": 13.7, "pct_asian_2020": 12.8, "population_2020": 5261}, "geometry": {"type": "Polygon", "coordinates": [[[-96.72086, 40.8712], [-96.7207, 40.87103], [-96.72048, 40.87085], [-96.72043, 40.87082], [-96.72019, 40.8706], [-96.72007, 40.87049], [-96.71999, 40.87041], [-96.71976, 40.87017], [-96.71959, 40.86995], [-96.71956, 40.86991], [-96.71938, 40.86967], [-96.71923, 40.86942], [-96.7191, 40.86917], [-96.7183, 40.86735], [-96.71818, 40.86707], [-96.71635, 40.86281], [-96.71616, 40.86237], [-96.71609, 40.86221], [-96.71599, 40.86227], [-96.7159, 40.86234], [-96.71522, 40.86284], [-96.71456, 40.86329], [-96.71389, 40.86373], [-96.71319, 40.86418], [-96.713, 40.86429], [-96.71231, 40.86471], [-96.71152, 40.86517], [-96.71123, 40.86533], [-96.71067, 40.86565], [-96.71005, 40.86598], [-96.70994, 40.86605], [-96.70992, 40.86605], [-96.70909, 40.86649], [-96.70846, 40.86682], [-96.70131, 40.8706], [-96.7011, 40.87071], [-96.70106, 40.87072], [-96.70025, 40.87115], [-96.69944, 40.87159], [-96.69937, 40.87164], [-96.69904, 40.87183], [-96.69852, 40.87215], [-96.69799, 40.8725], [-96.69751, 40.87284], [-96.69701, 40.87322], [-96.69657, 40.87357], [-96.69617, 40.87392], [-96.69577, 40.87429], [-96.69234, 40.87753], [-96.68713, 40.88244], [-96.68556, 40.88392], [-96.68506, 40.88436], [-96.68458, 40.88475], [-96.68414, 40.88509], [-96.68368, 40.88542], [-96.68348, 40.88556], [-96.68324, 40.88572], [-96.68213, 40.88643], [-96.68223, 40.88818], [-96.68225, 40.88861], [-96.6823, 40.88941], [-96.68232, 40.88985], [-96.68233, 40.88991], [-96.68233, 40.89003], [-96.68246, 40.89221], [-96.68252, 40.89331], [-96.68264, 40.89331], [-96.68287, 40.89331], [-96.68306, 40.89331], [-96.68407, 40.89332], [-96.68544, 40.89333], [-96.68602, 40.89333], [-96.68762, 40.89334], [-96.69127, 40.89337], [-96.69139, 40.89337], [-96.69178, 40.89337], [-96.69621, 40.8934], [-96.69636, 40.8934], [-96.70104, 40.89343], [-96.70102, 40.89406], [-96.70102, 40.89412], [-96.70102, 40.89428], [-96.70091, 40.90066], [-96.71039, 40.9007], [-96.71989, 40.90072], [-96.71993, 40.89731], [-96.72004, 40.88636], [-96.72005, 40.88617], [-96.72006, 40.88498], [-96.72009, 40.88273], [-96.72013, 40.87893], [-96.72017, 40.87535], [-96.72017, 40.8753], [-96.72017, 40.87525], [-96.72019, 40.87356], [-96.7202, 40.87219], [-96.7202, 40.87204], [-96.72067, 40.87134], [-96.72086, 40.8712]]]}}, {"type": "Feature", "properties": {"tract_id": "31109003722", "name": "Census Tract 37.22", "pct_white_2020": 90.0, "pct_black_2020": 0.0, "pct_hispanic_2020": 6.3, "pct_asian_2020": 3.6, "population_2020": 1764}, "geometry": {"type": "Polygon", "coordinates": [[[-96.64446, 40.78107], [-96.64444, 40.78075], [-96.6444, 40.78043], [-96.6443, 40.77985], [-96.64429, 40.77978], [-96.64424, 40.77946], [-96.64423, 40.7791], [-96.64425, 40.77756], [-96.64426, 40.77699], [-96.6443, 40.77699], [-96.64434, 40.77699], [-96.64434, 40.77598], [-96.64434, 40.77563], [-96.64434, 40.77496], [-96.64434, 40.7745], [-96.64434, 40.77395], [-96.64434, 40.77285], [-96.64434, 40.77176], [-96.64434, 40.77116], [-96.64437, 40.7706], [-96.64437, 40.76972], [-96.64429, 40.76974], [-96.64423, 40.76974], [-96.64338, 40.76974], [-96.64192, 40.76973], [-96.64071, 40.76973], [-96.63899, 40.76972], [-96.63715, 40.76971], [-96.63478, 40.7697], [-96.6327, 40.76971], [-96.63052, 40.76971], [-96.62931, 40.76971], [-96.62921, 40.76974], [-96.62879, 40.76975], [-96.62861, 40.76975], [-96.62745, 40.76973], [-96.6274, 40.76972], [-96.62731, 40.76972], [-96.62629, 40.76972], [-96.62601, 40.76972], [-96.62587, 40.7697], [-96.62527, 40.76969], [-96.62526, 40.7715], [-96.62523, 40.77648], [-96.62523, 40.77671], [-96.62523, 40.77687], [-96.62523, 40.77694], [-96.62522, 40.77715], [-96.6252, 40.77836], [-96.62518, 40.77956], [-96.62518, 40.77964], [-96.62517, 40.78064], [-96.62518, 40.78075], [-96.62518, 40.78152], [-96.62515, 40.78429], [-96.62782, 40.78429], [-96.6281, 40.7843], [-96.62988, 40.7843], [-96.63096, 40.78557], [-96.63141, 40.78609], [-96.63151, 40.7862], [-96.63163, 40.78633], [-96.63182, 40.78652], [-96.63204, 40.78671], [-96.63226, 40.78688], [-96.6325, 40.78705], [-96.63275, 40.78719], [-96.63301, 40.78733], [-96.6333, 40.78746], [-96.63359, 40.78757], [-96.63387, 40.78767], [-96.63416, 40.78775], [-96.63445, 40.78782], [-96.63475, 40.78787], [-96.63515, 40.78792], [-96.63549, 40.78795], [-96.63583, 40.78796], [-96.63702, 40.78796], [-96.63821, 40.78796], [-96.64013, 40.78797], [-96.64118, 40.78797], [-96.64169, 40.78798], [-96.64275, 40.78806], [-96.64277, 40.78806], [-96.6429, 40.78812], [-96.64417, 40.7882], [-96.64421, 40.78809], [-96.64417, 40.78809], [-96.64408, 40.78809], [-96.64409, 40.78435], [-96.6441, 40.78385], [-96.64411, 40.78362], [-96.64413, 40.78342], [-96.64429, 40.78227], [-96.64446, 40.78107]]]}}, {"type": "Feature", "properties": {"tract_id": "31109000100", "name": "Census Tract 1", "pct_white_2020": 78.0, "pct_black_2020": 1.8, "pct_hispanic_2020": 13.2, "pct_asian_2020": 1.3, "population_2020": 3365}, "geometry": {"type": "Polygon", "coordinates": [[[-96.65362, 40.85112], [-96.65362, 40.85102], [-96.65235, 40.85119], [-96.652, 40.85118], [-96.65104, 40.85118], [-96.65004, 40.85118], [-96.64974, 40.85118], [-96.64844, 40.85119], [-96.6481, 40.85119], [-96.64714, 40.85118], [-96.6465, 40.85117], [-96.64584, 40.85119], [-96.64559, 40.8512], [-96.64528, 40.85126], [-96.64412, 40.85149], [-96.64412, 40.85176], [-96.64281, 40.85176], [-96.64151, 40.85176], [-96.64019, 40.85176], [-96.63991, 40.85176], [-96.63855, 40.85176], [-96.63717, 40.85176], [-96.6358, 40.85176], [-96.63443, 40.85176], [-96.63306, 40.85176], [-96.63305, 40.8528], [-96.63172, 40.8528], [-96.63172, 40.85385], [-96.63041, 40.85385], [-96.63041, 40.8528], [-96.63042, 40.85176], [-96.62933, 40.85176], [-96.62911, 40.85176], [-96.62881, 40.85176], [-96.62862, 40.85176], [-96.62833, 40.85176], [-96.62781, 40.85176], [-96.62651, 40.85176], [-96.62487, 40.85176], [-96.62487, 40.8515], [-96.62019, 40.8515], [-96.6201, 40.85149], [-96.61889, 40.8514], [-96.60579, 40.85158], [-96.60575, 40.85489], [-96.60576, 40.855], [-96.60572, 40.85709], [-96.60571, 40.85811], [-96.60567, 40.86233], [-96.60565, 40.86431], [-96.60565, 40.86439], [-96.60559, 40.87092], [-96.60559, 40.87099], [-96.60559, 40.8711], [-96.60557, 40.87276], [-96.60559, 40.87296], [-96.60563, 40.87316], [-96.60569, 40.87336], [-96.60576, 40.87355], [-96.60585, 40.87374], [-96.60596, 40.87393], [-96.60612, 40.87415], [-96.60626, 40.8743], [-96.60677, 40.87488], [-96.60689, 40.87503], [-96.60842, 40.87423], [-96.60885, 40.87401], [-96.60931, 40.87378], [-96.6104, 40.87324], [-96.61161, 40.8726], [-96.61188, 40.87247], [-96.61241, 40.87218], [-96.61284, 40.87193], [-96.61353, 40.87152], [-96.61388, 40.87127], [-96.61533, 40.87028], [-96.61621, 40.86965], [-96.6165, 40.86947], [-96.61726, 40.869], [-96.61748, 40.86888], [-96.61779, 40.86872], [-96.61797, 40.86864], [-96.61809, 40.86859], [-96.61816, 40.86856], [-96.6184, 40.86847], [-96.61863, 40.86838], [-96.61888, 40.86831], [-96.61913, 40.86825], [-96.61947, 40.86818], [-96.61971, 40.86814], [-96.61982, 40.86813], [-96.61999, 40.86811], [-96.62026, 40.86809], [-96.62052, 40.86808], [-96.62061, 40.86808], [-96.62078, 40.86808], [-96.62105, 40.86809], [-96.62118, 40.8681], [-96.62131, 40.86811], [-96.62182, 40.86818], [-96.62197, 40.8682], [-96.6221, 40.86822], [-96.62231, 40.86825], [-96.6228, 40.86834], [-96.62326, 40.86844], [-96.62376, 40.86856], [-96.62455, 40.86878], [-96.62464, 40.86881], [-96.62471, 40.86883], [-96.62499, 40.86889], [-96.62546, 40.869], [-96.62588, 40.86907], [-96.62631, 40.86913], [-96.62677, 40.86918], [-96.62728, 40.86922], [-96.62769, 40.86924], [-96.62812, 40.86924], [-96.62856, 40.86923], [-96.62899, 40.86921], [-96.62945, 40.86917], [-96.62991, 40.86911], [-96.63033, 40.86904], [-96.63075, 40.86896], [-96.63115, 40.86887], [-96.63158, 40.86876], [-96.63201, 40.86863], [-96.63241, 40.86849], [-96.63282, 40.86833], [-96.63322, 40.86816], [-96.63364, 40.86796], [-96.63402, 40.86776], [-96.63441, 40.86754], [-96.63476, 40.86731], [-96.63512, 40.86706], [-96.63543, 40.86683], [-96.63572, 40.86658], [-96.63601, 40.86631], [-96.63626, 40.86607], [-96.63651, 40.8658], [-96.63674, 40.86552], [-96.63701, 40.86517], [-96.63715, 40.86499], [-96.63756, 40.86442], [-96.63791, 40.8639], [-96.63804, 40.8637], [-96.63896, 40.86223], [-96.64007, 40.86045], [-96.64027, 40.86015], [-96.64043, 40.85993], [-96.6405, 40.85984], [-96.64076, 40.85952], [-96.64104, 40.85923], [-96.64119, 40.85907], [-96.64142, 40.85885], [-96.64145, 40.85883], [-96.64181, 40.85852], [-96.64214, 40.85826], [-96.64248, 40.85802], [-96.64254, 40.85798], [-96.64259, 40.85794], [-96.6427, 40.85788], [-96.64278, 40.85782], [-96.64293, 40.85773], [-96.64308, 40.85764], [-96.64322, 40.85756], [-96.64288, 40.85737], [-96.64271, 40.85729], [-96.64253, 40.85722], [-96.64235, 40.85716], [-96.64224, 40.85714], [-96.64217, 40.85712], [-96.64212, 40.85712], [-96.6424, 40.85697], [-96.64261, 40.85687], [-96.64409, 40.8561], [-96.64415, 40.85607], [-96.65235, 40.85179], [-96.6524, 40.85177], [-96.65362, 40.85112]]]}}, {"type": "Feature", "properties": {"tract_id": "31109000202", "name": "Census Tract 2.02", "pct_white_2020": 77.3, "pct_black_2020": 2.6, "pct_hispanic_2020": 9.8, "pct_asian_2020": 5.9, "population_2020": 3836}, "geometry": {"type": "Polygon", "coordinates": [[[-96.65366, 40.83728], [-96.65367, 40.83705], [-96.65364, 40.83656], [-96.65364, 40.83629], [-96.65364, 40.8353], [-96.65235, 40.8353], [-96.65105, 40.8353], [-96.64975, 40.83529], [-96.64845, 40.83529], [-96.64715, 40.83529], [-96.64585, 40.83529], [-96.64413, 40.83529], [-96.64413, 40.83628], [-96.64413, 40.83727], [-96.64413, 40.83766], [-96.64413, 40.83829], [-96.64413, 40.8393], [-96.64413, 40.84029], [-96.64413, 40.84055], [-96.64413, 40.84128], [-96.64413, 40.84256], [-96.64413, 40.84356], [-96.64413, 40.84455], [-96.64413, 40.84553], [-96.64413, 40.8462], [-96.64413, 40.84655], [-96.64413, 40.84759], [-96.64413, 40.84864], [-96.64412, 40.84923], [-96.64412, 40.84959], [-96.64412, 40.85037], [-96.64412, 40.85127], [-96.64412, 40.85149], [-96.64528, 40.85126], [-96.64559, 40.8512], [-96.64584, 40.85119], [-96.6465, 40.85117], [-96.64714, 40.85118], [-96.6481, 40.85119], [-96.64844, 40.85119], [-96.64974, 40.85118], [-96.65004, 40.85118], [-96.65104, 40.85118], [-96.652, 40.85118], [-96.65235, 40.85119], [-96.65362, 40.85102], [-96.65362, 40.85089], [-96.65362, 40.85072], [-96.65363, 40.84968], [-96.65363, 40.84864], [-96.65364, 40.84759], [-96.65364, 40.84752], [-96.65364, 40.84653], [-96.65365, 40.84622], [-96.65365, 40.84554], [-96.65365, 40.84455], [-96.65366, 40.84356], [-96.65366, 40.84349], [-96.65358, 40.84262], [-96.65358, 40.84256], [-96.65358, 40.8425], [-96.65359, 40.84162], [-96.65361, 40.84129], [-96.65364, 40.84063], [-96.65364, 40.8403], [-96.65365, 40.83931], [-96.65366, 40.83829], [-96.65366, 40.83728]]]}}, {"type": "Feature", "properties": {"tract_id": "31109000300", "name": "Census Tract 3", "pct_white_2020": 73.4, "pct_black_2020": 3.1, "pct_hispanic_2020": 11.4, "pct_asian_2020": 5.3, "population_2020": 4113}, "geometry": {"type": "Polygon", "coordinates": [[[-96.67281, 40.83821], [-96.67281, 40.83734], [-96.67098, 40.83734], [-96.67059, 40.83734], [-96.66927, 40.83734], [-96.66812, 40.83734], [-96.66797, 40.83734], [-96.66667, 40.83734], [-96.66597, 40.83734], [-96.66537, 40.83734], [-96.66407, 40.83734], [-96.66277, 40.83734], [-96.66146, 40.83734], [-96.66124, 40.83733], [-96.66102, 40.83731], [-96.66092, 40.83729], [-96.6608, 40.83728], [-96.6606, 40.83723], [-96.66047, 40.83719], [-96.66039, 40.83717], [-96.66021, 40.8371], [-96.66017, 40.83708], [-96.65999, 40.837], [-96.65983, 40.83691], [-96.65886, 40.83634], [-96.65786, 40.83575], [-96.65768, 40.83566], [-96.65749, 40.83558], [-96.65747, 40.83558], [-96.65726, 40.83551], [-96.65703, 40.83545], [-96.6568, 40.83541], [-96.65657, 40.83538], [-96.65634, 40.83537], [-96.65381, 40.83536], [-96.65381, 40.83531], [-96.65364, 40.8353], [-96.65364, 40.83629], [-96.65364, 40.83656], [-96.65367, 40.83705], [-96.65366, 40.83728], [-96.65366, 40.83829], [-96.65365, 40.83931], [-96.65364, 40.8403], [-96.65364, 40.84063], [-96.65361, 40.84129], [-96.65359, 40.84162], [-96.65358, 40.8425], [-96.65358, 40.84256], [-96.65358, 40.84262], [-96.65366, 40.84349], [-96.65366, 40.84356], [-96.65365, 40.84455], [-96.65365, 40.84554], [-96.65365, 40.84622], [-96.65364, 40.84653], [-96.65364, 40.84752], [-96.65364, 40.84759], [-96.65363, 40.84864], [-96.65363, 40.84968], [-96.65362, 40.85072], [-96.65362, 40.85089], [-96.65362, 40.85102], [-96.65362, 40.85112], [-96.65496, 40.85044], [-96.65539, 40.85022], [-96.65887, 40.84839], [-96.66104, 40.84727], [-96.66304, 40.84621], [-96.6632, 40.84612], [-96.66408, 40.84565], [-96.66456, 40.8454], [-96.66587, 40.84469], [-96.66664, 40.8443], [-96.66953, 40.84278], [-96.6698, 40.84263], [-96.67089, 40.84203], [-96.67218, 40.84136], [-96.67281, 40.84102], [-96.67281, 40.8403], [-96.67281, 40.83934], [-96.67281, 40.83829], [-96.67281, 40.83821]]]}}, {"type": "Feature", "properties": {"tract_id": "31109000201", "name": "Census Tract 2.01", "pct_white_2020": 86.5, "pct_black_2020": 1.6, "pct_hispanic_2020": 4.4, "pct_asian_2020": 0.9, "population_2020": 4597}, "geometry": {"type": "Polygon", "coordinates": [[[-96.64413, 40.83727], [-96.64413, 40.83628], [-96.64413, 40.83529], [-96.64293, 40.83528], [-96.64282, 40.83528], [-96.64174, 40.83527], [-96.64055, 40.83526], [-96.63935, 40.83526], [-96.63892, 40.83525], [-96.63816, 40.83525], [-96.6378, 40.83525], [-96.63697, 40.83524], [-96.63632, 40.83524], [-96.63569, 40.83523], [-96.63486, 40.83523], [-96.63456, 40.83523], [-96.63311, 40.83522], [-96.6318, 40.83521], [-96.6311, 40.83521], [-96.63048, 40.8352], [-96.63043, 40.8352], [-96.63043, 40.83627], [-96.63042, 40.83725], [-96.63042, 40.83827], [-96.63042, 40.83928], [-96.63044, 40.83939], [-96.63043, 40.8403], [-96.63042, 40.84118], [-96.6304, 40.84238], [-96.6304, 40.84249], [-96.62829, 40.84248], [-96.62793, 40.84248], [-96.62665, 40.84247], [-96.62491, 40.84245], [-96.62491, 40.84374], [-96.6249, 40.84416], [-96.6249, 40.84492], [-96.6249, 40.84605], [-96.62489, 40.84682], [-96.62489, 40.84773], [-96.62489, 40.84849], [-96.62489, 40.84863], [-96.62488, 40.84929], [-96.62488, 40.84967], [-96.62488, 40.85072], [-96.62487, 40.85127], [-96.62487, 40.8515], [-96.62487, 40.85176], [-96.62651, 40.85176], [-96.62781, 40.85176], [-96.62833, 40.85176], [-96.62862, 40.85176], [-96.62881, 40.85176], [-96.62911, 40.85176], [-96.62933, 40.85176], [-96.63042, 40.85176], [-96.63041, 40.8528], [-96.63041, 40.85385], [-96.63172, 40.85385], [-96.63172, 40.8528], [-96.63305, 40.8528], [-96.63306, 40.85176], [-96.63443, 40.85176], [-96.6358, 40.85176], [-96.63717, 40.85176], [-96.63855, 40.85176], [-96.63991, 40.85176], [-96.64019, 40.85176], [-96.64151, 40.85176], [-96.64281, 40.85176], [-96.64412, 40.85176], [-96.64412, 40.85149], [-96.64412, 40.85127], [-96.64412, 40.85037], [-96.64412, 40.84959], [-96.64412, 40.84923], [-96.64413, 40.84864], [-96.64413, 40.84759], [-96.64413, 40.84655], [-96.64413, 40.8462], [-96.64413, 40.84553], [-96.64413, 40.84455], [-96.64413, 40.84356], [-96.64413, 40.84256], [-96.64413, 40.84128], [-96.64413, 40.84055], [-96.64413, 40.84029], [-96.64413, 40.8393], [-96.64413, 40.83829], [-96.64413, 40.83766], [-96.64413, 40.83727]]]}}, {"type": "Feature", "properties": {"tract_id": "31109000400", "name": "Census Tract 4", "pct_white_2020": 51.5, "pct_black_2020": 6.7, "pct_hispanic_2020": 20.0, "pct_asian_2020": 7.7, "population_2020": 5891}, "geometry": {"type": "Polygon", "coordinates": [[[-96.69899, 40.82727], [-96.69892, 40.82722], [-96.69874, 40.82692], [-96.69843, 40.82642], [-96.69826, 40.82615], [-96.69813, 40.82594], [-96.69785, 40.82551], [-96.69733, 40.82475], [-96.69706, 40.8245], [-96.69652, 40.82401], [-96.69615, 40.82369], [-96.69607, 40.82363], [-96.69593, 40.82371], [-96.69589, 40.82374], [-96.69575, 40.82383], [-96.69566, 40.8239], [-96.69562, 40.82392], [-96.69554, 40.82399], [-96.69548, 40.82404], [-96.69543, 40.8241], [-96.69538, 40.82417], [-96.69534, 40.82429], [-96.69531, 40.82449], [-96.69511, 40.82448], [-96.69417, 40.82448], [-96.69355, 40.82447], [-96.69119, 40.82445], [-96.69, 40.82444], [-96.6894, 40.82443], [-96.68702, 40.82441], [-96.68583, 40.8244], [-96.68583, 40.82369], [-96.68583, 40.8236], [-96.68583, 40.82351], [-96.68577, 40.82351], [-96.68465, 40.82352], [-96.68347, 40.82352], [-96.68233, 40.82352], [-96.68219, 40.82351], [-96.68002, 40.8235], [-96.67842, 40.82345], [-96.67821, 40.8235], [-96.67804, 40.82352], [-96.67786, 40.82353], [-96.67778, 40.8235], [-96.67771, 40.82347], [-96.67766, 40.8234], [-96.67764, 40.82336], [-96.67756, 40.82326], [-96.67754, 40.82317], [-96.67749, 40.82312], [-96.67743, 40.82309], [-96.67729, 40.82304], [-96.67717, 40.82301], [-96.67704, 40.823], [-96.67688, 40.823], [-96.67672, 40.82303], [-96.67651, 40.82304], [-96.67538, 40.82302], [-96.67513, 40.82303], [-96.67476, 40.82307], [-96.67437, 40.82307], [-96.67426, 40.82307], [-96.67408, 40.82304], [-96.67391, 40.82298], [-96.67378, 40.82296], [-96.67368, 40.82298], [-96.67361, 40.82299], [-96.67343, 40.823], [-96.67322, 40.82292], [-96.67316, 40.82292], [-96.67303, 40.823], [-96.67285, 40.82303], [-96.67285, 40.82331], [-96.67285, 40.82342], [-96.67285, 40.82389], [-96.67285, 40.82422], [-96.67285, 40.82439], [-96.67285, 40.82448], [-96.67286, 40.82529], [-96.67286, 40.8262], [-96.67286, 40.82711], [-96.67286, 40.82802], [-96.67285, 40.82996], [-96.67284, 40.8309], [-96.67284, 40.83165], [-96.67283, 40.83257], [-96.67282, 40.83348], [-96.67282, 40.83439], [-96.67281, 40.83529], [-96.67281, 40.83658], [-96.67281, 40.83723], [-96.67281, 40.8373], [-96.67281, 40.83734], [-96.67281, 40.83821], [-96.67281, 40.83829], [-96.67281, 40.83934], [-96.67281, 40.8403], [-96.67281, 40.84102], [-96.67452, 40.84012], [-96.68188, 40.83626], [-96.68212, 40.83614], [-96.68222, 40.83609], [-96.68292, 40.8357], [-96.6841, 40.83506], [-96.68672, 40.83366], [-96.68784, 40.83304], [-96.68884, 40.83251], [-96.69047, 40.83166], [-96.6914, 40.83116], [-96.69416, 40.82976], [-96.69456, 40.82956], [-96.69652, 40.82857], [-96.6969, 40.82837], [-96.69829, 40.82763], [-96.6989, 40.82732], [-96.69899, 40.82727]]]}}, {"type": "Feature", "properties": {"tract_id": "31109001400", "name": "Census Tract 14", "pct_white_2020": 86.3, "pct_black_2020": 1.2, "pct_hispanic_2020": 7.8, "pct_asian_2020": 0.0, "population_2020": 4408}, "geometry": {"type": "Polygon", "coordinates": [[[-96.66332, 40.81353], [-96.66329, 40.81342], [-96.66329, 40.81256], [-96.66328, 40.81166], [-96.66328, 40.81075], [-96.66327, 40.80984], [-96.66327, 40.80893], [-96.66326, 40.80801], [-96.66326, 40.8071], [-96.66325, 40.80619], [-96.66326, 40.80529], [-96.66326, 40.80438], [-96.66326, 40.80347], [-96.66327, 40.80256], [-96.66327, 40.80166], [-96.66327, 40.80075], [-96.66328, 40.79985], [-96.66328, 40.79894], [-96.65847, 40.79894], [-96.65766, 40.79894], [-96.65727, 40.79894], [-96.65647, 40.79893], [-96.65617, 40.79893], [-96.6553, 40.79893], [-96.65367, 40.79893], [-96.65247, 40.79893], [-96.65136, 40.79893], [-96.65128, 40.79893], [-96.6489, 40.79892], [-96.64414, 40.79892], [-96.64414, 40.79901], [-96.64414, 40.80187], [-96.64414, 40.80313], [-96.64414, 40.80376], [-96.64415, 40.80619], [-96.64347, 40.8071], [-96.64326, 40.80739], [-96.64307, 40.80769], [-96.6429, 40.808], [-96.6428, 40.80819], [-96.64265, 40.80851], [-96.64253, 40.80882], [-96.64242, 40.80915], [-96.64233, 40.80947], [-96.64225, 40.80981], [-96.64222, 40.80995], [-96.64212, 40.81072], [-96.642, 40.81162], [-96.64199, 40.81169], [-96.64199, 40.81172], [-96.642, 40.81173], [-96.64202, 40.81181], [-96.64202, 40.81186], [-96.64202, 40.81199], [-96.64195, 40.81257], [-96.64184, 40.81336], [-96.64183, 40.81343], [-96.64182, 40.81347], [-96.64412, 40.81349], [-96.64415, 40.81349], [-96.6442, 40.81349], [-96.64648, 40.81349], [-96.64776, 40.8135], [-96.64883, 40.81351], [-96.64951, 40.81352], [-96.65132, 40.81352], [-96.65363, 40.81353], [-96.65378, 40.81353], [-96.65611, 40.81353], [-96.65727, 40.81354], [-96.6585, 40.81354], [-96.65914, 40.81354], [-96.6609, 40.81353], [-96.66102, 40.81353], [-96.66332, 40.81353]]]}}, {"type": "Feature", "properties": {"tract_id": "31109001302", "name": "Census Tract 13.02", "pct_white_2020": 78.4, "pct_black_2020": 1.0, "pct_hispanic_2020": 10.0, "pct_asian_2020": 7.3, "population_2020": 3150}, "geometry": {"type": "Polygon", "coordinates": [[[-96.64417, 40.78922], [-96.64417, 40.7882], [-96.6429, 40.78812], [-96.64277, 40.78806], [-96.64275, 40.78806], [-96.64169, 40.78798], [-96.64118, 40.78797], [-96.64013, 40.78797], [-96.63821, 40.78796], [-96.63702, 40.78796], [-96.63583, 40.78796], [-96.63549, 40.78795], [-96.63515, 40.78792], [-96.63475, 40.78787], [-96.63445, 40.78782], [-96.63416, 40.78775], [-96.63387, 40.78767], [-96.63359, 40.78757], [-96.6333, 40.78746], [-96.63301, 40.78733], [-96.63275, 40.78719], [-96.6325, 40.78705], [-96.63226, 40.78688], [-96.63204, 40.78671], [-96.63182, 40.78652], [-96.63163, 40.78633], [-96.63151, 40.7862], [-96.63141, 40.78609], [-96.63096, 40.78557], [-96.62988, 40.7843], [-96.6281, 40.7843], [-96.62782, 40.78429], [-96.62515, 40.78429], [-96.62518, 40.78614], [-96.62518, 40.78726], [-96.62517, 40.78844], [-96.62514, 40.79155], [-96.62514, 40.79297], [-96.62514, 40.79382], [-96.62513, 40.79574], [-96.62513, 40.7963], [-96.62513, 40.79726], [-96.62514, 40.79878], [-96.62694, 40.79881], [-96.62737, 40.79882], [-96.62767, 40.79883], [-96.62867, 40.79888], [-96.6287, 40.79889], [-96.63073, 40.79893], [-96.63166, 40.79895], [-96.63296, 40.79897], [-96.6346, 40.799], [-96.63639, 40.79898], [-96.64099, 40.79895], [-96.64328, 40.79893], [-96.64414, 40.79892], [-96.64414, 40.79711], [-96.64415, 40.79527], [-96.64415, 40.79458], [-96.64415, 40.7936], [-96.64416, 40.79262], [-96.64416, 40.79163], [-96.64417, 40.79034], [-96.64417, 40.78922]]]}}, {"type": "Feature", "properties": {"tract_id": "31109000500", "name": "Census Tract 5", "pct_white_2020": 65.8, "pct_black_2020": 8.6, "pct_hispanic_2020": 10.0, "pct_asian_2020": 4.4, "population_2020": 2453}, "geometry": {"type": "Polygon", "coordinates": [[[-96.72319, 40.81467], [-96.7232, 40.81459], [-96.72318, 40.81451], [-96.72313, 40.81439], [-96.72295, 40.81405], [-96.72304, 40.81385], [-96.7231, 40.81378], [-96.72311, 40.81374], [-96.72312, 40.81371], [-96.72309, 40.81371], [-96.72287, 40.81371], [-96.72277, 40.81371], [-96.72245, 40.81371], [-96.72023, 40.81369], [-96.71878, 40.8137], [-96.7173, 40.8137], [-96.71591, 40.81369], [-96.71435, 40.81369], [-96.7142, 40.81369], [-96.71372, 40.81369], [-96.71363, 40.81369], [-96.71351, 40.81369], [-96.71341, 40.81369], [-96.7133, 40.81369], [-96.71296, 40.81368], [-96.71185, 40.81368], [-96.71175, 40.81368], [-96.7117, 40.81368], [-96.71155, 40.81369], [-96.7114, 40.81369], [-96.70996, 40.81368], [-96.70863, 40.81366], [-96.70848, 40.81367], [-96.70847, 40.81476], [-96.70847, 40.81587], [-96.70846, 40.81696], [-96.70746, 40.81692], [-96.70712, 40.8169], [-96.70723, 40.81721], [-96.70736, 40.81749], [-96.70749, 40.81774], [-96.70765, 40.818], [-96.7077, 40.81808], [-96.70839, 40.81911], [-96.70852, 40.8193], [-96.70856, 40.81981], [-96.70864, 40.82135], [-96.70863, 40.82152], [-96.70863, 40.82153], [-96.70862, 40.82153], [-96.70861, 40.82153], [-96.7086, 40.82153], [-96.70858, 40.82154], [-96.70857, 40.82154], [-96.70855, 40.82155], [-96.70853, 40.82156], [-96.70852, 40.82156], [-96.70851, 40.82157], [-96.7085, 40.82157], [-96.70849, 40.82158], [-96.70848, 40.82159], [-96.70847, 40.8216], [-96.70846, 40.82161], [-96.70845, 40.82162], [-96.70844, 40.82163], [-96.70844, 40.82164], [-96.70843, 40.82165], [-96.70843, 40.82167], [-96.70843, 40.82168], [-96.70843, 40.8217], [-96.70843, 40.82171], [-96.70843, 40.82172], [-96.70843, 40.82174], [-96.70844, 40.82175], [-96.70845, 40.82176], [-96.70846, 40.82178], [-96.70847, 40.82179], [-96.70847, 40.8218], [-96.70849, 40.82181], [-96.70862, 40.8217], [-96.70838, 40.82193], [-96.70794, 40.82224], [-96.7078, 40.82233], [-96.70779, 40.82234], [-96.70779, 40.82235], [-96.70778, 40.82236], [-96.70777, 40.82237], [-96.70776, 40.82239], [-96.70775, 40.8224], [-96.70774, 40.82241], [-96.70772, 40.82242], [-96.7077, 40.82243], [-96.70769, 40.82244], [-96.70767, 40.82244], [-96.70766, 40.82245], [-96.70765, 40.82245], [-96.70762, 40.82246], [-96.7076, 40.82246], [-96.70757, 40.82246], [-96.70745, 40.82253], [-96.70729, 40.82276], [-96.70724, 40.82283], [-96.70718, 40.82293], [-96.70674, 40.8232], [-96.70581, 40.82371], [-96.70544, 40.82391], [-96.70405, 40.82462], [-96.70266, 40.82537], [-96.70216, 40.82562], [-96.70128, 40.82609], [-96.69928, 40.82712], [-96.69899, 40.82727], [-96.69902, 40.82732], [-96.69907, 40.82741], [-96.69913, 40.8275], [-96.69918, 40.82759], [-96.69924, 40.82769], [-96.69929, 40.82776], [-96.69981, 40.82864], [-96.69985, 40.82871], [-96.69993, 40.82884], [-96.69996, 40.82889], [-96.70001, 40.82897], [-96.70005, 40.82903], [-96.70008, 40.82907], [-96.70011, 40.82914], [-96.70063, 40.83018], [-96.70078, 40.83049], [-96.70088, 40.83067], [-96.7009, 40.83078], [-96.70095, 40.83096], [-96.70098, 40.83109], [-96.7013, 40.83238], [-96.70131, 40.83374], [-96.70131, 40.83413], [-96.7015, 40.83408], [-96.7018, 40.83399], [-96.70209, 40.83388], [-96.70217, 40.83382], [-96.70224, 40.83385], [-96.70229, 40.83386], [-96.70234, 40.83385], [-96.70239, 40.83383], [-96.70262, 40.83374], [-96.70273, 40.83369], [-96.70297, 40.8336], [-96.70317, 40.83354], [-96.70349, 40.83347], [-96.70359, 40.83345], [-96.7037, 40.83344], [-96.7038, 40.83341], [-96.7039, 40.83338], [-96.70394, 40.83335], [-96.70398, 40.83333], [-96.70409, 40.83322], [-96.70412, 40.8332], [-96.70432, 40.83314], [-96.70447, 40.83309], [-96.70466, 40.833], [-96.70527, 40.83273], [-96.70553, 40.83272], [-96.70564, 40.83269], [-96.70569, 40.83268], [-96.70592, 40.83258], [-96.70601, 40.83253], [-96.70639, 40.83237], [-96.70673, 40.83224], [-96.70682, 40.8322], [-96.70691, 40.83215], [-96.7071, 40.832], [-96.70716, 40.832], [-96.70722, 40.832], [-96.70727, 40.83198], [-96.70729, 40.83197], [-96.70746, 40.8319], [-96.7075, 40.83188], [-96.70761, 40.83179], [-96.70773, 40.8317], [-96.70781, 40.83159], [-96.70807, 40.83149], [-96.70817, 40.83147], [-96.70822, 40.83145], [-96.7085, 40.83132], [-96.70876, 40.83119], [-96.70936, 40.83083], [-96.70952, 40.83072], [-96.70997, 40.83043], [-96.71013, 40.83031], [-96.71026, 40.83018], [-96.71042, 40.83007], [-96.71073, 40.82989], [-96.71081, 40.82984], [-96.71091, 40.82974], [-96.71108, 40.82958], [-96.71114, 40.82951], [-96.71117, 40.82948], [-96.71126, 40.82943], [-96.71154, 40.82924], [-96.71169, 40.82912], [-96.71193, 40.82891], [-96.71216, 40.8287], [-96.71222, 40.82865], [-96.71267, 40.82842], [-96.71284, 40.82833], [-96.71297, 40.82814], [-96.713, 40.82811], [-96.71336, 40.82786], [-96.71374, 40.82757], [-96.71394, 40.82743], [-96.71437, 40.82717], [-96.71515, 40.82666], [-96.71535, 40.82662], [-96.71545, 40.82659], [-96.71559, 40.82653], [-96.71591, 40.82637], [-96.71608, 40.82627], [-96.71629, 40.82614], [-96.71653, 40.82597], [-96.7166, 40.82591], [-96.71669, 40.8258], [-96.71676, 40.82565], [-96.71682, 40.82553], [-96.71687, 40.82546], [-96.71713, 40.8252], [-96.71718, 40.82512], [-96.71738, 40.82488], [-96.71753, 40.82461], [-96.71756, 40.82454], [-96.71762, 40.82421], [-96.71764, 40.82401], [-96.71765, 40.82396], [-96.71765, 40.82392], [-96.71763, 40.82388], [-96.71758, 40.82381], [-96.71748, 40.82371], [-96.71761, 40.82366], [-96.71764, 40.82363], [-96.71773, 40.82322], [-96.71776, 40.82302], [-96.71776, 40.82298], [-96.71773, 40.82289], [-96.71771, 40.82286], [-96.7177, 40.82282], [-96.71771, 40.82273], [-96.71777, 40.82253], [-96.71781, 40.82233], [-96.71782, 40.82212], [-96.71784, 40.82204], [-96.71794, 40.82181], [-96.71798, 40.82165], [-96.71802, 40.82148], [-96.71817, 40.82126], [-96.71822, 40.8212], [-96.7183, 40.82111], [-96.71852, 40.82087], [-96.71871, 40.82049], [-96.71888, 40.8204], [-96.71898, 40.82034], [-96.71925, 40.8202], [-96.71933, 40.82014], [-96.72016, 40.81955], [-96.72022, 40.81949], [-96.72043, 40.8193], [-96.72101, 40.8188], [-96.72128, 40.81855], [-96.72178, 40.81811], [-96.72199, 40.81793], [-96.72206, 40.81786], [-96.72218, 40.81768], [-96.72224, 40.81761], [-96.7226, 40.81725], [-96.72265, 40.81718], [-96.72275, 40.81699], [-96.72278, 40.81691], [-96.72281, 40.81679], [-96.72282, 40.81666], [-96.72287, 40.8165], [-96.7229, 40.81634], [-96.72295, 40.81597], [-96.72299, 40.8159], [-96.72302, 40.81582], [-96.72305, 40.8157], [-96.72311, 40.81537], [-96.72317, 40.815], [-96.72318, 40.81483], [-96.72319, 40.81467]]]}}, {"type": "Feature", "properties": {"tract_id": "31109010401", "name": "Census Tract 104.01", "pct_white_2020": 97.0, "pct_black_2020": 0.2, "pct_hispanic_2020": 1.2, "pct_asian_2020": 0.0, "population_2020": 4651}, "geometry": {"type": "Polygon", "coordinates": [[[-96.69054, 40.68292], [-96.6906, 40.67928], [-96.68597, 40.67922], [-96.6858, 40.67921], [-96.68587, 40.67558], [-96.68601, 40.6683], [-96.68621, 40.66104], [-96.68625, 40.65537], [-96.68635, 40.64986], [-96.68644, 40.64479], [-96.68648, 40.64288], [-96.68654, 40.63926], [-96.68662, 40.63686], [-96.68679, 40.63202], [-96.6868, 40.62478], [-96.68686, 40.61744], [-96.68687, 40.61538], [-96.68691, 40.6103], [-96.68676, 40.60261], [-96.68659, 40.5958], [-96.68626, 40.58131], [-96.68194, 40.58133], [-96.68148, 40.58133], [-96.67512, 40.58136], [-96.66745, 40.5814], [-96.66308, 40.58139], [-96.65896, 40.58138], [-96.64852, 40.58135], [-96.64023, 40.58141], [-96.63916, 40.58142], [-96.62965, 40.58155], [-96.61958, 40.58156], [-96.6108, 40.58161], [-96.60701, 40.58162], [-96.60662, 40.58162], [-96.6053, 40.58163], [-96.5918, 40.58167], [-96.59191, 40.59575], [-96.59191, 40.59615], [-96.59188, 40.59737], [-96.59186, 40.59789], [-96.59164, 40.60367], [-96.59154, 40.60524], [-96.59123, 40.60992], [-96.59121, 40.61019], [-96.5912, 40.61041], [-96.59119, 40.61048], [-96.59116, 40.61097], [-96.59116, 40.61099], [-96.59122, 40.61823], [-96.59097, 40.61821], [-96.58485, 40.61822], [-96.5762, 40.61822], [-96.57253, 40.61822], [-96.57248, 40.62546], [-96.57244, 40.63252], [-96.57241, 40.63994], [-96.57236, 40.647], [-96.57236, 40.64717], [-96.57242, 40.65441], [-96.57239, 40.66163], [-96.5725, 40.6688], [-96.57231, 40.67604], [-96.5723, 40.68329], [-96.57229, 40.68445], [-96.57229, 40.68446], [-96.57227, 40.69042], [-96.57227, 40.69052], [-96.57213, 40.69486], [-96.57206, 40.69721], [-96.5778, 40.69723], [-96.58457, 40.69724], [-96.58571, 40.69724], [-96.58623, 40.69724], [-96.58722, 40.69724], [-96.59099, 40.69725], [-96.60091, 40.69727], [-96.60161, 40.69727], [-96.60446, 40.69728], [-96.60628, 40.69728], [-96.61037, 40.69729], [-96.61582, 40.69729], [-96.62274, 40.6973], [-96.62535, 40.69731], [-96.62804, 40.69731], [-96.62852, 40.69732], [-96.62973, 40.69732], [-96.63885, 40.69733], [-96.64249, 40.69733], [-96.64316, 40.69733], [-96.64441, 40.69733], [-96.64816, 40.69734], [-96.65339, 40.69735], [-96.65656, 40.69735], [-96.65859, 40.69735], [-96.65984, 40.69735], [-96.66347, 40.69736], [-96.66759, 40.69736], [-96.67312, 40.69737], [-96.67581, 40.69737], [-96.68097, 40.69738], [-96.68147, 40.69738], [-96.68233, 40.69738], [-96.68242, 40.69738], [-96.68274, 40.69738], [-96.68355, 40.69738], [-96.6858, 40.69738], [-96.68583, 40.69738], [-96.68778, 40.69738], [-96.68817, 40.69738], [-96.68835, 40.69738], [-96.68848, 40.69738], [-96.69021, 40.69739], [-96.69025, 40.69571], [-96.69025, 40.69557], [-96.69029, 40.69377], [-96.69036, 40.69088], [-96.69036, 40.69067], [-96.69054, 40.68292]]]}}, {"type": "Feature", "properties": {"tract_id": "31109003003", "name": "Census Tract 30.03", "pct_white_2020": 60.3, "pct_black_2020": 11.3, "pct_hispanic_2020": 13.8, "pct_asian_2020": 4.9, "population_2020": 5199}, "geometry": {"type": "Polygon", "coordinates": [[[-96.70132, 40.83581], [-96.70132, 40.83566], [-96.70131, 40.83462], [-96.70131, 40.83413], [-96.70131, 40.83374], [-96.7013, 40.83238], [-96.70098, 40.83109], [-96.70095, 40.83096], [-96.7009, 40.83078], [-96.70088, 40.83067], [-96.70078, 40.83049], [-96.70063, 40.83018], [-96.70011, 40.82914], [-96.70008, 40.82907], [-96.70005, 40.82903], [-96.70001, 40.82897], [-96.69996, 40.82889], [-96.69993, 40.82884], [-96.69985, 40.82871], [-96.69981, 40.82864], [-96.69929, 40.82776], [-96.69924, 40.82769], [-96.69918, 40.82759], [-96.69913, 40.8275], [-96.69907, 40.82741], [-96.69902, 40.82732], [-96.69899, 40.82727], [-96.6989, 40.82732], [-96.69829, 40.82763], [-96.6969, 40.82837], [-96.69652, 40.82857], [-96.69456, 40.82956], [-96.69416, 40.82976], [-96.6914, 40.83116], [-96.69047, 40.83166], [-96.68884, 40.83251], [-96.68784, 40.83304], [-96.68672, 40.83366], [-96.6841, 40.83506], [-96.68292, 40.8357], [-96.68222, 40.83609], [-96.68222, 40.83658], [-96.68219, 40.83661], [-96.68211, 40.83666], [-96.68211, 40.83692], [-96.6821, 40.83725], [-96.68209, 40.83905], [-96.68207, 40.84248], [-96.68207, 40.84259], [-96.68207, 40.84278], [-96.68205, 40.84465], [-96.68206, 40.84477], [-96.68205, 40.84479], [-96.68205, 40.84589], [-96.68205, 40.84599], [-96.68205, 40.84603], [-96.68204, 40.84661], [-96.68204, 40.84724], [-96.68204, 40.84745], [-96.68204, 40.84754], [-96.68204, 40.8476], [-96.68203, 40.84998], [-96.68205, 40.85363], [-96.68205, 40.85379], [-96.68202, 40.85541], [-96.68198, 40.85701], [-96.68213, 40.85701], [-96.68342, 40.85703], [-96.68396, 40.85704], [-96.68426, 40.85705], [-96.68579, 40.85708], [-96.68584, 40.85708], [-96.68593, 40.85708], [-96.69027, 40.85717], [-96.6903, 40.85717], [-96.69105, 40.85719], [-96.69153, 40.8572], [-96.6932, 40.85724], [-96.69509, 40.85727], [-96.69692, 40.85731], [-96.70079, 40.85739], [-96.70087, 40.8574], [-96.70088, 40.85738], [-96.70089, 40.85737], [-96.70089, 40.85737], [-96.7009, 40.85736], [-96.70091, 40.85735], [-96.70093, 40.85734], [-96.70094, 40.85733], [-96.70095, 40.85732], [-96.70096, 40.85732], [-96.70097, 40.85731], [-96.70099, 40.85731], [-96.70101, 40.8573], [-96.70103, 40.85729], [-96.70104, 40.85729], [-96.70106, 40.85729], [-96.70108, 40.85728], [-96.70108, 40.85722], [-96.70108, 40.85571], [-96.70109, 40.85476], [-96.70109, 40.85292], [-96.7011, 40.85201], [-96.7011, 40.85058], [-96.70111, 40.85017], [-96.70111, 40.84979], [-96.70112, 40.84906], [-96.70113, 40.84834], [-96.70115, 40.84743], [-96.70117, 40.84562], [-96.70118, 40.84471], [-96.7012, 40.8438], [-96.70121, 40.84289], [-96.70123, 40.84197], [-96.70124, 40.84107], [-96.70125, 40.84042], [-96.70125, 40.8403], [-96.70125, 40.84016], [-96.70127, 40.83925], [-96.70127, 40.8391], [-96.70129, 40.8378], [-96.70129, 40.83768], [-96.70129, 40.83744], [-96.7013, 40.83669], [-96.70131, 40.83654], [-96.70131, 40.83608], [-96.70132, 40.83581]]]}}, {"type": "Feature", "properties": {"tract_id": "31109003723", "name": "Census Tract 37.23", "pct_white_2020": 88.9, "pct_black_2020": 1.3, "pct_hispanic_2020": 3.9, "pct_asian_2020": 2.3, "population_2020": 4033}, "geometry": {"type": "Polygon", "coordinates": [[[-96.64438, 40.75866], [-96.64438, 40.75636], [-96.64432, 40.75634], [-96.64425, 40.75632], [-96.64401, 40.75622], [-96.644, 40.75622], [-96.64313, 40.75581], [-96.64219, 40.75534], [-96.64192, 40.7552], [-96.64177, 40.75511], [-96.64158, 40.75502], [-96.64051, 40.75444], [-96.63991, 40.75489], [-96.63973, 40.755], [-96.63956, 40.75508], [-96.6394, 40.75514], [-96.63924, 40.75519], [-96.63907, 40.75523], [-96.63885, 40.75525], [-96.63861, 40.75525], [-96.63853, 40.75525], [-96.63617, 40.75525], [-96.63312, 40.75525], [-96.63097, 40.75525], [-96.62829, 40.75526], [-96.6264, 40.75526], [-96.62529, 40.75526], [-96.62529, 40.75809], [-96.62528, 40.75879], [-96.62528, 40.75893], [-96.62528, 40.75994], [-96.62528, 40.76123], [-96.62528, 40.76294], [-96.62528, 40.76379], [-96.62528, 40.76445], [-96.62528, 40.76486], [-96.6253, 40.76497], [-96.62535, 40.76563], [-96.62535, 40.76575], [-96.62535, 40.76659], [-96.62531, 40.768], [-96.62529, 40.76851], [-96.62527, 40.76862], [-96.62527, 40.76961], [-96.62527, 40.76969], [-96.62587, 40.7697], [-96.62601, 40.76972], [-96.62629, 40.76972], [-96.62731, 40.76972], [-96.6274, 40.76972], [-96.62745, 40.76973], [-96.62861, 40.76975], [-96.62879, 40.76975], [-96.62921, 40.76974], [-96.62931, 40.76971], [-96.63052, 40.76971], [-96.6327, 40.76971], [-96.63478, 40.7697], [-96.63715, 40.76971], [-96.63899, 40.76972], [-96.64071, 40.76973], [-96.64192, 40.76973], [-96.64338, 40.76974], [-96.64423, 40.76974], [-96.64429, 40.76974], [-96.64437, 40.76972], [-96.64436, 40.76882], [-96.64434, 40.76793], [-96.64434, 40.76703], [-96.64435, 40.76611], [-96.64435, 40.76422], [-96.64435, 40.76294], [-96.64434, 40.76235], [-96.64434, 40.76216], [-96.64438, 40.76057], [-96.64438, 40.75979], [-96.64438, 40.75866]]]}}, {"type": "Feature", "properties": {"tract_id": "31109003724", "name": "Census Tract 37.24", "pct_white_2020": 91.0, "pct_black_2020": 0.3, "pct_hispanic_2020": 1.4, "pct_asian_2020": 2.0, "population_2020": 3743}, "geometry": {"type": "Polygon", "coordinates": [[[-96.62535, 40.76575], [-96.62535, 40.76563], [-96.6253, 40.76497], [-96.62528, 40.76486], [-96.62528, 40.76445], [-96.62528, 40.76379], [-96.62528, 40.76294], [-96.62528, 40.76123], [-96.62528, 40.75994], [-96.62528, 40.75893], [-96.62528, 40.75879], [-96.62529, 40.75809], [-96.62529, 40.75526], [-96.62304, 40.75526], [-96.62004, 40.75526], [-96.61928, 40.75526], [-96.61634, 40.75526], [-96.61254, 40.75525], [-96.60942, 40.75525], [-96.60701, 40.75525], [-96.6061, 40.75525], [-96.60611, 40.75747], [-96.60611, 40.75837], [-96.60612, 40.75851], [-96.60613, 40.76128], [-96.60613, 40.76285], [-96.60613, 40.76325], [-96.60614, 40.76464], [-96.60614, 40.7647], [-96.60615, 40.76695], [-96.60615, 40.7692], [-96.60616, 40.76974], [-96.60841, 40.76972], [-96.61123, 40.7697], [-96.61377, 40.76968], [-96.61576, 40.76966], [-96.61866, 40.76968], [-96.62207, 40.7697], [-96.62238, 40.7697], [-96.62339, 40.76967], [-96.62361, 40.76969], [-96.62453, 40.7697], [-96.62511, 40.76969], [-96.62527, 40.76969], [-96.62527, 40.76961], [-96.62527, 40.76862], [-96.62529, 40.76851], [-96.62531, 40.768], [-96.62535, 40.76659], [-96.62535, 40.76575]]]}}, {"type": "Feature", "properties": {"tract_id": "31109003721", "name": "Census Tract 37.21", "pct_white_2020": 80.8, "pct_black_2020": 0.0, "pct_hispanic_2020": 10.9, "pct_asian_2020": 5.3, "population_2020": 3978}, "geometry": {"type": "Polygon", "coordinates": [[[-96.62526, 40.7715], [-96.62527, 40.76969], [-96.62511, 40.76969], [-96.62453, 40.7697], [-96.62361, 40.76969], [-96.62339, 40.76967], [-96.62238, 40.7697], [-96.62207, 40.7697], [-96.61866, 40.76968], [-96.61576, 40.76966], [-96.61377, 40.76968], [-96.61123, 40.7697], [-96.60841, 40.76972], [-96.60616, 40.76974], [-96.60613, 40.77242], [-96.6061, 40.77493], [-96.60609, 40.77661], [-96.60608, 40.77692], [-96.60608, 40.77731], [-96.60606, 40.77913], [-96.60604, 40.78144], [-96.60603, 40.78252], [-96.60601, 40.78423], [-96.60799, 40.78424], [-96.61193, 40.78425], [-96.6164, 40.78426], [-96.61695, 40.78426], [-96.61751, 40.78426], [-96.61863, 40.78427], [-96.6192, 40.78427], [-96.61975, 40.78427], [-96.62065, 40.78427], [-96.62277, 40.78428], [-96.62353, 40.78428], [-96.62499, 40.78429], [-96.62511, 40.78429], [-96.62515, 40.78429], [-96.62518, 40.78152], [-96.62518, 40.78075], [-96.62517, 40.78064], [-96.62518, 40.77964], [-96.62518, 40.77956], [-96.6252, 40.77836], [-96.62522, 40.77715], [-96.62523, 40.77694], [-96.62523, 40.77687], [-96.62523, 40.77671], [-96.62523, 40.77648], [-96.62526, 40.7715]]]}}, {"type": "Feature", "properties": {"tract_id": "31109003726", "name": "Census Tract 37.26", "pct_white_2020": 80.2, "pct_black_2020": 1.9, "pct_hispanic_2020": 0.6, "pct_asian_2020": 13.9, "population_2020": 2882}, "geometry": {"type": "Polygon", "coordinates": [[[-96.68252, 40.7264], [-96.68252, 40.72462], [-96.68251, 40.72285], [-96.68251, 40.72272], [-96.68251, 40.72034], [-96.68251, 40.71895], [-96.68251, 40.7188], [-96.68251, 40.7185], [-96.68251, 40.7173], [-96.68251, 40.71544], [-96.68251, 40.71214], [-96.68251, 40.71188], [-96.68251, 40.71101], [-96.68251, 40.71008], [-96.68251, 40.70935], [-96.6825, 40.70464], [-96.6825, 40.70463], [-96.6825, 40.70185], [-96.6825, 40.70168], [-96.68247, 40.70142], [-96.68243, 40.70118], [-96.68237, 40.70094], [-96.68229, 40.7007], [-96.68223, 40.70054], [-96.68111, 40.69801], [-96.68107, 40.69793], [-96.68104, 40.69785], [-96.68099, 40.69769], [-96.68097, 40.69758], [-96.68097, 40.69742], [-96.68097, 40.69738], [-96.67581, 40.69737], [-96.67312, 40.69737], [-96.66759, 40.69736], [-96.66347, 40.69736], [-96.65984, 40.69735], [-96.65859, 40.69735], [-96.65656, 40.69735], [-96.65339, 40.69735], [-96.64816, 40.69734], [-96.64441, 40.69733], [-96.64441, 40.69845], [-96.64441, 40.69998], [-96.64441, 40.70069], [-96.64441, 40.70299], [-96.64441, 40.70409], [-96.64441, 40.70458], [-96.64443, 40.71002], [-96.64444, 40.71078], [-96.64444, 40.71183], [-96.64444, 40.71253], [-96.64444, 40.71295], [-96.64443, 40.71436], [-96.64443, 40.71461], [-96.64443, 40.7148], [-96.64443, 40.71538], [-96.64443, 40.71544], [-96.64443, 40.71547], [-96.64442, 40.71662], [-96.64442, 40.71674], [-96.64442, 40.71686], [-96.64442, 40.71704], [-96.64441, 40.7178], [-96.64441, 40.71798], [-96.64441, 40.71908], [-96.6444, 40.72058], [-96.6444, 40.72084], [-96.64439, 40.72179], [-96.64439, 40.7225], [-96.64439, 40.72261], [-96.64438, 40.72359], [-96.64438, 40.7245], [-96.64437, 40.72535], [-96.64437, 40.72614], [-96.64437, 40.72619], [-96.64437, 40.72633], [-96.6446, 40.72633], [-96.64464, 40.72633], [-96.64593, 40.72633], [-96.64597, 40.72633], [-96.64746, 40.72633], [-96.64922, 40.72633], [-96.65205, 40.72633], [-96.65392, 40.72633], [-96.65409, 40.72633], [-96.65867, 40.72633], [-96.66311, 40.72632], [-96.66344, 40.72632], [-96.66702, 40.72641], [-96.66951, 40.72647], [-96.67297, 40.72656], [-96.67334, 40.72655], [-96.67348, 40.72655], [-96.67795, 40.72648], [-96.67977, 40.72645], [-96.68252, 40.7264]]]}}, {"type": "Feature", "properties": {"tract_id": "31109003725", "name": "Census Tract 37.25", "pct_white_2020": 93.0, "pct_black_2020": 0.1, "pct_hispanic_2020": 1.7, "pct_asian_2020": 1.9, "population_2020": 3379}, "geometry": {"type": "Polygon", "coordinates": [[[-96.64444, 40.71253], [-96.64444, 40.71183], [-96.64444, 40.71078], [-96.64443, 40.71002], [-96.64441, 40.70458], [-96.64441, 40.70409], [-96.64441, 40.70299], [-96.64441, 40.70069], [-96.64441, 40.69998], [-96.64441, 40.69845], [-96.64441, 40.69733], [-96.64316, 40.69733], [-96.64249, 40.69733], [-96.63885, 40.69733], [-96.62973, 40.69732], [-96.62852, 40.69732], [-96.62804, 40.69731], [-96.62535, 40.69731], [-96.62274, 40.6973], [-96.61582, 40.69729], [-96.61037, 40.69729], [-96.60628, 40.69728], [-96.60624, 40.70103], [-96.60619, 40.70454], [-96.60617, 40.70822], [-96.60614, 40.71179], [-96.60615, 40.71354], [-96.60615, 40.71541], [-96.60615, 40.71543], [-96.60615, 40.71675], [-96.60616, 40.71908], [-96.60616, 40.71948], [-96.60616, 40.71979], [-96.60616, 40.72006], [-96.60616, 40.72055], [-96.60616, 40.72245], [-96.60616, 40.72269], [-96.60606, 40.72526], [-96.60605, 40.72619], [-96.60605, 40.72637], [-96.60635, 40.72638], [-96.60763, 40.72639], [-96.60861, 40.72638], [-96.61066, 40.72633], [-96.611, 40.72633], [-96.61262, 40.72633], [-96.61571, 40.72634], [-96.61585, 40.72634], [-96.61744, 40.72634], [-96.61911, 40.72634], [-96.62039, 40.72635], [-96.62339, 40.72635], [-96.62521, 40.72636], [-96.62546, 40.72636], [-96.62564, 40.72636], [-96.62761, 40.72635], [-96.62878, 40.72635], [-96.62945, 40.72635], [-96.62953, 40.72635], [-96.62977, 40.72635], [-96.63085, 40.72635], [-96.63172, 40.72635], [-96.63228, 40.72635], [-96.63489, 40.72634], [-96.63506, 40.72634], [-96.63637, 40.72634], [-96.6365, 40.72634], [-96.63739, 40.72634], [-96.63756, 40.72634], [-96.6377, 40.72634], [-96.64013, 40.72634], [-96.64076, 40.72633], [-96.64152, 40.72633], [-96.64437, 40.72633], [-96.64437, 40.72619], [-96.64437, 40.72614], [-96.64437, 40.72535], [-96.64438, 40.7245], [-96.64438, 40.72359], [-96.64439, 40.72261], [-96.64439, 40.7225], [-96.64439, 40.72179], [-96.6444, 40.72084], [-96.6444, 40.72058], [-96.64441, 40.71908], [-96.64441, 40.71798], [-96.64441, 40.7178], [-96.64442, 40.71704], [-96.64442, 40.71686], [-96.64442, 40.71674], [-96.64442, 40.71662], [-96.64443, 40.71547], [-96.64443, 40.71544], [-96.64443, 40.71538], [-96.64443, 40.7148], [-96.64443, 40.71461], [-96.64443, 40.71436], [-96.64444, 40.71295], [-96.64444, 40.71253]]]}}, {"type": "Feature", "properties": {"tract_id": "31109003608", "name": "Census Tract 36.08", "pct_white_2020": 89.6, "pct_black_2020": 0.0, "pct_hispanic_2020": 2.7, "pct_asian_2020": 5.8, "population_2020": 1303}, "geometry": {"type": "Polygon", "coordinates": [[[-96.72056, 40.73932], [-96.72056, 40.73876], [-96.72056, 40.73699], [-96.72055, 40.73676], [-96.72054, 40.73287], [-96.72054, 40.73237], [-96.72054, 40.73192], [-96.72052, 40.72878], [-96.72052, 40.72735], [-96.72051, 40.72638], [-96.71939, 40.72637], [-96.71852, 40.72643], [-96.71799, 40.72648], [-96.71752, 40.72652], [-96.71181, 40.72651], [-96.71157, 40.72652], [-96.71142, 40.72653], [-96.71033, 40.72653], [-96.70411, 40.72655], [-96.7015, 40.72648], [-96.70151, 40.72756], [-96.70151, 40.72792], [-96.70151, 40.72814], [-96.70151, 40.72977], [-96.70152, 40.73044], [-96.70152, 40.73195], [-96.70153, 40.73223], [-96.70153, 40.73225], [-96.70153, 40.73376], [-96.70154, 40.73566], [-96.70154, 40.7385], [-96.70155, 40.74077], [-96.70155, 40.74164], [-96.70156, 40.74291], [-96.70156, 40.743], [-96.70156, 40.7432], [-96.70157, 40.74693], [-96.7016, 40.74801], [-96.7016, 40.74837], [-96.70161, 40.74875], [-96.70161, 40.7488], [-96.70162, 40.74971], [-96.70164, 40.75165], [-96.70165, 40.75196], [-96.70166, 40.75264], [-96.70166, 40.75299], [-96.70167, 40.7544], [-96.70165, 40.75478], [-96.70168, 40.75557], [-96.70168, 40.75562], [-96.70168, 40.75567], [-96.70173, 40.75567], [-96.70178, 40.75567], [-96.70305, 40.75567], [-96.70315, 40.75558], [-96.70339, 40.75534], [-96.70357, 40.75519], [-96.70375, 40.75505], [-96.70395, 40.75492], [-96.70418, 40.75479], [-96.7044, 40.75466], [-96.70875, 40.75227], [-96.71244, 40.7503], [-96.71282, 40.7501], [-96.71313, 40.74993], [-96.71497, 40.74892], [-96.71498, 40.74893], [-96.71513, 40.74905], [-96.72016, 40.74633], [-96.72013, 40.74627], [-96.7201, 40.74621], [-96.72031, 40.74612], [-96.72049, 40.74603], [-96.7204, 40.74471], [-96.72018, 40.74119], [-96.72025, 40.74082], [-96.72056, 40.73932]]]}}, {"type": "Feature", "properties": {"tract_id": "31109001600", "name": "Census Tract 16", "pct_white_2020": 86.5, "pct_black_2020": 6.6, "pct_hispanic_2020": 2.7, "pct_asian_2020": 1.9, "population_2020": 5439}, "geometry": {"type": "Polygon", "coordinates": [[[-96.68631, 40.80569], [-96.68643, 40.80558], [-96.68422, 40.80358], [-96.68406, 40.80344], [-96.68387, 40.80327], [-96.68346, 40.80291], [-96.68332, 40.8028], [-96.68324, 40.80275], [-96.68315, 40.8027], [-96.68296, 40.80261], [-96.68283, 40.80256], [-96.68278, 40.80254], [-96.6827, 40.80252], [-96.68259, 40.80248], [-96.68245, 40.80245], [-96.68238, 40.80244], [-96.68226, 40.80242], [-96.68179, 40.80236], [-96.68112, 40.80228], [-96.68086, 40.80224], [-96.68058, 40.80217], [-96.68032, 40.80209], [-96.68021, 40.80205], [-96.68008, 40.80201], [-96.67982, 40.8019], [-96.67957, 40.80178], [-96.67935, 40.80165], [-96.67911, 40.80149], [-96.67888, 40.80131], [-96.67871, 40.80116], [-96.67854, 40.80099], [-96.67796, 40.80037], [-96.67777, 40.80019], [-96.6776, 40.80006], [-96.67739, 40.79992], [-96.67716, 40.79978], [-96.67588, 40.7991], [-96.67538, 40.79884], [-96.67518, 40.79889], [-96.67503, 40.79892], [-96.675, 40.79894], [-96.67486, 40.79894], [-96.67484, 40.79896], [-96.67464, 40.79897], [-96.67455, 40.79897], [-96.67429, 40.79894], [-96.67406, 40.79894], [-96.67285, 40.79894], [-96.67044, 40.79894], [-96.66806, 40.79894], [-96.66568, 40.79894], [-96.66328, 40.79894], [-96.66328, 40.79985], [-96.66327, 40.80075], [-96.66327, 40.80166], [-96.66327, 40.80256], [-96.66326, 40.80347], [-96.66326, 40.80438], [-96.66326, 40.80529], [-96.66325, 40.80619], [-96.66326, 40.8071], [-96.66326, 40.80801], [-96.66327, 40.80893], [-96.66327, 40.80984], [-96.66328, 40.81075], [-96.66328, 40.81166], [-96.66329, 40.81256], [-96.66329, 40.81342], [-96.66332, 40.81353], [-96.66475, 40.81353], [-96.66628, 40.81354], [-96.66779, 40.81354], [-96.66813, 40.81354], [-96.6693, 40.81354], [-96.66942, 40.81354], [-96.66948, 40.81354], [-96.67019, 40.81354], [-96.67151, 40.81354], [-96.67278, 40.81354], [-96.67288, 40.81354], [-96.67463, 40.81354], [-96.675, 40.81354], [-96.6763, 40.81353], [-96.67649, 40.81353], [-96.67663, 40.81353], [-96.6776, 40.81353], [-96.67831, 40.81353], [-96.67941, 40.81353], [-96.67968, 40.81353], [-96.68028, 40.81353], [-96.68087, 40.81355], [-96.68115, 40.81355], [-96.68199, 40.81358], [-96.68226, 40.81358], [-96.68241, 40.81358], [-96.68241, 40.81347], [-96.68241, 40.81242], [-96.68242, 40.81105], [-96.68243, 40.80987], [-96.68243, 40.80912], [-96.68244, 40.80803], [-96.68244, 40.80697], [-96.68245, 40.80621], [-96.68379, 40.80621], [-96.68405, 40.80622], [-96.68524, 40.80622], [-96.68536, 40.80621], [-96.68549, 40.8062], [-96.68563, 40.80616], [-96.68567, 40.80615], [-96.68576, 40.80612], [-96.68589, 40.80605], [-96.68593, 40.80602], [-96.68599, 40.80598], [-96.68631, 40.80569]]]}}, {"type": "Feature", "properties": {"tract_id": "31109001700", "name": "Census Tract 17", "pct_white_2020": 61.3, "pct_black_2020": 6.5, "pct_hispanic_2020": 14.7, "pct_asian_2020": 8.6, "population_2020": 4618}, "geometry": {"type": "Polygon", "coordinates": [[[-96.69683, 40.80028], [-96.69684, 40.79918], [-96.69665, 40.79913], [-96.69539, 40.79913], [-96.69433, 40.79913], [-96.69395, 40.79912], [-96.69381, 40.79914], [-96.69365, 40.79914], [-96.69264, 40.79914], [-96.69236, 40.79913], [-96.69222, 40.79912], [-96.69211, 40.7991], [-96.69202, 40.79908], [-96.69178, 40.79899], [-96.69151, 40.79897], [-96.69058, 40.79896], [-96.68928, 40.79896], [-96.68798, 40.79896], [-96.68668, 40.79896], [-96.68651, 40.79895], [-96.68538, 40.79895], [-96.68406, 40.79895], [-96.68249, 40.79894], [-96.68235, 40.79894], [-96.6806, 40.79894], [-96.679, 40.79894], [-96.67835, 40.79894], [-96.67802, 40.79898], [-96.6778, 40.79898], [-96.67756, 40.79897], [-96.67661, 40.79885], [-96.67628, 40.79881], [-96.67618, 40.7988], [-96.67608, 40.79879], [-96.676, 40.79878], [-96.67591, 40.79877], [-96.67581, 40.79877], [-96.67571, 40.79878], [-96.67556, 40.7988], [-96.67538, 40.79884], [-96.67588, 40.7991], [-96.67716, 40.79978], [-96.67739, 40.79992], [-96.6776, 40.80006], [-96.67777, 40.80019], [-96.67796, 40.80037], [-96.67854, 40.80099], [-96.67871, 40.80116], [-96.67888, 40.80131], [-96.67911, 40.80149], [-96.67935, 40.80165], [-96.67957, 40.80178], [-96.67982, 40.8019], [-96.68008, 40.80201], [-96.68021, 40.80205], [-96.68032, 40.80209], [-96.68058, 40.80217], [-96.68086, 40.80224], [-96.68112, 40.80228], [-96.68179, 40.80236], [-96.68226, 40.80242], [-96.68238, 40.80244], [-96.68245, 40.80245], [-96.68259, 40.80248], [-96.6827, 40.80252], [-96.68278, 40.80254], [-96.68283, 40.80256], [-96.68296, 40.80261], [-96.68315, 40.8027], [-96.68324, 40.80275], [-96.68332, 40.8028], [-96.68346, 40.80291], [-96.68387, 40.80327], [-96.68406, 40.80344], [-96.68422, 40.80358], [-96.68643, 40.80558], [-96.68706, 40.80614], [-96.68718, 40.80628], [-96.68726, 40.8064], [-96.68732, 40.80654], [-96.68735, 40.80661], [-96.68738, 40.80676], [-96.6874, 40.80689], [-96.6874, 40.80724], [-96.68741, 40.80741], [-96.68744, 40.80753], [-96.68748, 40.80764], [-96.68755, 40.80774], [-96.68765, 40.80788], [-96.68783, 40.80807], [-96.68839, 40.80866], [-96.68851, 40.80876], [-96.68864, 40.80885], [-96.6888, 40.80894], [-96.68895, 40.80901], [-96.68913, 40.80907], [-96.68932, 40.80912], [-96.6894, 40.80913], [-96.68954, 40.80914], [-96.68966, 40.80915], [-96.69066, 40.80916], [-96.69251, 40.80916], [-96.69387, 40.80916], [-96.69532, 40.80917], [-96.69677, 40.80918], [-96.69678, 40.80813], [-96.69678, 40.80805], [-96.69678, 40.80692], [-96.69679, 40.80582], [-96.6968, 40.80473], [-96.6968, 40.80363], [-96.69681, 40.80291], [-96.69681, 40.8025], [-96.69682, 40.80138], [-96.69683, 40.80028]]]}}, {"type": "Feature", "properties": {"tract_id": "31109001800", "name": "Census Tract 18", "pct_white_2020": 65.5, "pct_black_2020": 6.4, "pct_hispanic_2020": 11.4, "pct_asian_2020": 10.5, "population_2020": 2336}, "geometry": {"type": "Polygon", "coordinates": [[[-96.69676, 40.81027], [-96.69677, 40.80918], [-96.69532, 40.80917], [-96.69387, 40.80916], [-96.69251, 40.80916], [-96.69066, 40.80916], [-96.68966, 40.80915], [-96.68954, 40.80914], [-96.6894, 40.80913], [-96.68932, 40.80912], [-96.68913, 40.80907], [-96.68895, 40.80901], [-96.6888, 40.80894], [-96.68864, 40.80885], [-96.68851, 40.80876], [-96.68839, 40.80866], [-96.68783, 40.80807], [-96.68765, 40.80788], [-96.68755, 40.80774], [-96.68748, 40.80764], [-96.68744, 40.80753], [-96.68741, 40.80741], [-96.6874, 40.80724], [-96.6874, 40.80689], [-96.68738, 40.80676], [-96.68735, 40.80661], [-96.68732, 40.80654], [-96.68726, 40.8064], [-96.68718, 40.80628], [-96.68706, 40.80614], [-96.68643, 40.80558], [-96.68631, 40.80569], [-96.68599, 40.80598], [-96.68593, 40.80602], [-96.68589, 40.80605], [-96.68576, 40.80612], [-96.68567, 40.80615], [-96.68563, 40.80616], [-96.68549, 40.8062], [-96.68536, 40.80621], [-96.68524, 40.80622], [-96.68405, 40.80622], [-96.68379, 40.80621], [-96.68245, 40.80621], [-96.68244, 40.80697], [-96.68244, 40.80803], [-96.68243, 40.80912], [-96.68243, 40.80987], [-96.68242, 40.81105], [-96.68241, 40.81242], [-96.68241, 40.81347], [-96.68241, 40.81358], [-96.6824, 40.81466], [-96.6824, 40.81576], [-96.68373, 40.81576], [-96.68517, 40.81577], [-96.68662, 40.81578], [-96.68806, 40.81578], [-96.68951, 40.81579], [-96.69095, 40.81579], [-96.69241, 40.8158], [-96.69313, 40.81581], [-96.69385, 40.81581], [-96.69529, 40.81582], [-96.69673, 40.81582], [-96.69674, 40.81472], [-96.69675, 40.81363], [-96.69675, 40.81356], [-96.69675, 40.81247], [-96.69676, 40.81137], [-96.69676, 40.81027]]]}}, {"type": "Feature", "properties": {"tract_id": "31109002100", "name": "Census Tract 21", "pct_white_2020": 62.2, "pct_black_2020": 0.9, "pct_hispanic_2020": 25.4, "pct_asian_2020": 5.5, "population_2020": 2483}, "geometry": {"type": "Polygon", "coordinates": [[[-96.72528, 40.80243], [-96.72528, 40.80219], [-96.7252, 40.80174], [-96.72513, 40.80149], [-96.7251, 40.80142], [-96.725, 40.80118], [-96.72495, 40.80111], [-96.72489, 40.80104], [-96.72485, 40.80101], [-96.7248, 40.801], [-96.7247, 40.80097], [-96.72466, 40.8008], [-96.72464, 40.80076], [-96.72427, 40.80018], [-96.72421, 40.80002], [-96.72418, 40.79993], [-96.72414, 40.79982], [-96.7241, 40.79973], [-96.72405, 40.79962], [-96.72396, 40.79951], [-96.72367, 40.7992], [-96.72363, 40.79911], [-96.72176, 40.79912], [-96.72057, 40.79911], [-96.72032, 40.79911], [-96.71981, 40.79907], [-96.71968, 40.79905], [-96.71954, 40.79904], [-96.7194, 40.79902], [-96.7182, 40.79894], [-96.71741, 40.79889], [-96.71635, 40.79895], [-96.71633, 40.79895], [-96.7161, 40.79897], [-96.71562, 40.799], [-96.71538, 40.79903], [-96.71511, 40.79907], [-96.71452, 40.79917], [-96.71422, 40.79924], [-96.71302, 40.79924], [-96.71154, 40.79923], [-96.7111, 40.79923], [-96.71006, 40.79922], [-96.70858, 40.79922], [-96.70857, 40.80032], [-96.70856, 40.80142], [-96.70855, 40.80254], [-96.70855, 40.80285], [-96.70855, 40.80298], [-96.70854, 40.80367], [-96.70853, 40.80476], [-96.70852, 40.80586], [-96.70851, 40.80696], [-96.70851, 40.80772], [-96.70851, 40.80809], [-96.7085, 40.80921], [-96.7085, 40.81031], [-96.70849, 40.81141], [-96.70849, 40.81251], [-96.70848, 40.81361], [-96.70848, 40.81364], [-96.70848, 40.81367], [-96.70863, 40.81366], [-96.70996, 40.81368], [-96.7114, 40.81369], [-96.71155, 40.81369], [-96.7117, 40.81368], [-96.71175, 40.81368], [-96.71185, 40.81368], [-96.71296, 40.81368], [-96.7133, 40.81369], [-96.71341, 40.81369], [-96.71351, 40.81369], [-96.71363, 40.81369], [-96.71372, 40.81369], [-96.7142, 40.81369], [-96.71435, 40.81369], [-96.71591, 40.81369], [-96.7173, 40.8137], [-96.71878, 40.8137], [-96.72023, 40.81369], [-96.72245, 40.81371], [-96.72277, 40.81371], [-96.72287, 40.81371], [-96.72309, 40.81371], [-96.72312, 40.81371], [-96.72312, 40.81365], [-96.72313, 40.81362], [-96.72314, 40.81358], [-96.72325, 40.81334], [-96.72331, 40.81323], [-96.72332, 40.81319], [-96.72333, 40.81315], [-96.72331, 40.81274], [-96.72333, 40.81257], [-96.72337, 40.81229], [-96.72342, 40.81213], [-96.72347, 40.81192], [-96.72351, 40.8118], [-96.72363, 40.81157], [-96.72366, 40.81149], [-96.72367, 40.81141], [-96.72367, 40.81137], [-96.72364, 40.81129], [-96.72355, 40.81097], [-96.72362, 40.81094], [-96.72363, 40.81091], [-96.72364, 40.81082], [-96.72359, 40.81037], [-96.72359, 40.81033], [-96.72363, 40.81021], [-96.72364, 40.81017], [-96.72363, 40.80992], [-96.72359, 40.80955], [-96.72353, 40.80927], [-96.72351, 40.80923], [-96.72342, 40.80918], [-96.72362, 40.80888], [-96.72366, 40.8088], [-96.72372, 40.8086], [-96.72373, 40.80852], [-96.72373, 40.80835], [-96.72372, 40.80823], [-96.72368, 40.80803], [-96.72353, 40.80755], [-96.7235, 40.80747], [-96.72349, 40.80739], [-96.72351, 40.80726], [-96.72373, 40.80682], [-96.72387, 40.8068], [-96.72436, 40.80658], [-96.72383, 40.80661], [-96.72385, 40.80648], [-96.72384, 40.80644], [-96.72381, 40.80635], [-96.72378, 40.80625], [-96.72377, 40.80624], [-96.72383, 40.80616], [-96.72387, 40.80608], [-96.72388, 40.80604], [-96.72391, 40.80583], [-96.72393, 40.80571], [-96.72397, 40.80558], [-96.72399, 40.8055], [-96.72399, 40.80542], [-96.72407, 40.80509], [-96.72415, 40.80504], [-96.72418, 40.80501], [-96.72419, 40.80497], [-96.72413, 40.80481], [-96.72413, 40.80477], [-96.72414, 40.8046], [-96.72413, 40.80448], [-96.72413, 40.80444], [-96.72415, 40.8044], [-96.72427, 40.80426], [-96.72432, 40.80419], [-96.72436, 40.80411], [-96.72439, 40.80399], [-96.72485, 40.80328], [-96.725, 40.80302], [-96.72501, 40.80298], [-96.72502, 40.80291], [-96.72503, 40.80286], [-96.72506, 40.80261], [-96.7252, 40.80254], [-96.72524, 40.80251], [-96.72527, 40.80247], [-96.72528, 40.80243]]]}}, {"type": "Feature", "properties": {"tract_id": "31109002200", "name": "Census Tract 22", "pct_white_2020": 59.9, "pct_black_2020": 10.0, "pct_hispanic_2020": 21.6, "pct_asian_2020": 2.8, "population_2020": 5678}, "geometry": {"type": "Polygon", "coordinates": [[[-96.72511, 40.78819], [-96.72512, 40.78815], [-96.72502, 40.78814], [-96.72479, 40.7881], [-96.7244, 40.78804], [-96.724, 40.78796], [-96.7236, 40.78786], [-96.72068, 40.787], [-96.72058, 40.78697], [-96.7204, 40.78692], [-96.71873, 40.78642], [-96.71846, 40.78634], [-96.71831, 40.7863], [-96.71806, 40.78622], [-96.71727, 40.78599], [-96.71593, 40.78558], [-96.7159, 40.78558], [-96.71569, 40.78552], [-96.71562, 40.7855], [-96.71555, 40.78547], [-96.71549, 40.78546], [-96.7152, 40.78537], [-96.71478, 40.78525], [-96.71374, 40.78494], [-96.71339, 40.78485], [-96.71317, 40.78481], [-96.71293, 40.78476], [-96.7129, 40.78476], [-96.71285, 40.78475], [-96.71241, 40.78469], [-96.71199, 40.78465], [-96.71165, 40.78463], [-96.71116, 40.78463], [-96.71094, 40.78464], [-96.71069, 40.78465], [-96.71015, 40.78469], [-96.7101, 40.7847], [-96.70997, 40.78471], [-96.70974, 40.78473], [-96.70942, 40.78474], [-96.70907, 40.78474], [-96.70852, 40.78471], [-96.70812, 40.78469], [-96.70712, 40.78464], [-96.70662, 40.7846], [-96.70627, 40.78456], [-96.70623, 40.78454], [-96.70561, 40.78454], [-96.70442, 40.78454], [-96.70425, 40.78454], [-96.70282, 40.78453], [-96.70158, 40.78453], [-96.6992, 40.78448], [-96.69683, 40.78447], [-96.69682, 40.78534], [-96.69681, 40.78628], [-96.69681, 40.78642], [-96.6968, 40.78714], [-96.69679, 40.7881], [-96.69677, 40.78992], [-96.69676, 40.79082], [-96.69675, 40.7917], [-96.69675, 40.79173], [-96.69675, 40.79176], [-96.69673, 40.7926], [-96.69673, 40.79309], [-96.69672, 40.79329], [-96.69671, 40.794], [-96.69671, 40.79425], [-96.6967, 40.79491], [-96.6967, 40.79522], [-96.69669, 40.79581], [-96.69668, 40.79621], [-96.69668, 40.79672], [-96.69667, 40.79712], [-96.69666, 40.79803], [-96.69665, 40.79891], [-96.69665, 40.79902], [-96.69665, 40.79913], [-96.69684, 40.79918], [-96.69824, 40.79918], [-96.69829, 40.79918], [-96.69977, 40.79919], [-96.70125, 40.79919], [-96.7014, 40.79919], [-96.70264, 40.7992], [-96.70269, 40.7992], [-96.70275, 40.7992], [-96.70414, 40.7992], [-96.70562, 40.79921], [-96.7071, 40.79921], [-96.70858, 40.79922], [-96.71006, 40.79922], [-96.7111, 40.79923], [-96.71154, 40.79923], [-96.71302, 40.79924], [-96.71422, 40.79924], [-96.71452, 40.79917], [-96.71511, 40.79907], [-96.71538, 40.79903], [-96.71562, 40.799], [-96.7161, 40.79897], [-96.71633, 40.79895], [-96.71635, 40.79895], [-96.71741, 40.79889], [-96.7182, 40.79894], [-96.7194, 40.79902], [-96.71954, 40.79904], [-96.71968, 40.79905], [-96.71981, 40.79907], [-96.72032, 40.79911], [-96.72057, 40.79911], [-96.72176, 40.79912], [-96.72363, 40.79911], [-96.72355, 40.79897], [-96.72353, 40.79875], [-96.72352, 40.79868], [-96.72347, 40.79849], [-96.72344, 40.79813], [-96.72338, 40.79772], [-96.72341, 40.79719], [-96.72347, 40.79694], [-96.72366, 40.79637], [-96.7237, 40.79616], [-96.72383, 40.79566], [-96.72386, 40.79544], [-96.7239, 40.79519], [-96.72398, 40.79466], [-96.724, 40.79459], [-96.72423, 40.79361], [-96.72427, 40.79335], [-96.72432, 40.79303], [-96.72434, 40.79281], [-96.72442, 40.79225], [-96.72446, 40.79205], [-96.72441, 40.79184], [-96.72439, 40.79165], [-96.72437, 40.79148], [-96.72441, 40.79129], [-96.72443, 40.79116], [-96.72455, 40.79084], [-96.72462, 40.79072], [-96.72468, 40.79053], [-96.72472, 40.79041], [-96.72485, 40.7902], [-96.72491, 40.78999], [-96.72496, 40.78979], [-96.72497, 40.78965], [-96.725, 40.78953], [-96.725, 40.78935], [-96.72499, 40.78916], [-96.72499, 40.78882], [-96.72505, 40.78833], [-96.72511, 40.78819]]]}}, {"type": "Feature", "properties": {"tract_id": "31109002701", "name": "Census Tract 27.01", "pct_white_2020": 67.0, "pct_black_2020": 5.8, "pct_hispanic_2020": 14.5, "pct_asian_2020": 3.2, "population_2020": 3037}, "geometry": {"type": "Polygon", "coordinates": [[[-96.66336, 40.77048], [-96.66336, 40.76981], [-96.66079, 40.7698], [-96.65949, 40.76979], [-96.65797, 40.76979], [-96.65681, 40.76978], [-96.65562, 40.76977], [-96.65547, 40.76977], [-96.65408, 40.76977], [-96.65393, 40.76976], [-96.65265, 40.76976], [-96.65234, 40.76976], [-96.65146, 40.76975], [-96.65066, 40.76975], [-96.64932, 40.76975], [-96.64907, 40.76975], [-96.64669, 40.76974], [-96.64437, 40.76972], [-96.64437, 40.7706], [-96.64434, 40.77116], [-96.64434, 40.77176], [-96.64434, 40.77285], [-96.64434, 40.77395], [-96.64434, 40.7745], [-96.64434, 40.77496], [-96.64434, 40.77563], [-96.64434, 40.77598], [-96.64434, 40.77699], [-96.64587, 40.777], [-96.64756, 40.77701], [-96.64926, 40.77702], [-96.6506, 40.77703], [-96.65119, 40.77703], [-96.65228, 40.77704], [-96.6539, 40.77705], [-96.65403, 40.77705], [-96.65542, 40.77705], [-96.65675, 40.77706], [-96.65942, 40.77708], [-96.65964, 40.77708], [-96.66001, 40.77708], [-96.6605, 40.77708], [-96.66332, 40.7771], [-96.66333, 40.77602], [-96.66334, 40.77402], [-96.66334, 40.77348], [-96.66334, 40.77295], [-96.66335, 40.77172], [-96.66336, 40.77048]]]}}, {"type": "Feature", "properties": {"tract_id": "31109002300", "name": "Census Tract 23", "pct_white_2020": 80.1, "pct_black_2020": 1.4, "pct_hispanic_2020": 8.9, "pct_asian_2020": 3.5, "population_2020": 5412}, "geometry": {"type": "Polygon", "coordinates": [[[-96.69682, 40.78534], [-96.69683, 40.78447], [-96.69565, 40.78447], [-96.69376, 40.78446], [-96.69206, 40.78446], [-96.69167, 40.78446], [-96.68967, 40.78445], [-96.6874, 40.78444], [-96.6874, 40.78535], [-96.68739, 40.78551], [-96.68739, 40.78626], [-96.68738, 40.78719], [-96.68737, 40.78807], [-96.68726, 40.78807], [-96.68725, 40.78898], [-96.68724, 40.78988], [-96.68723, 40.79078], [-96.68722, 40.79167], [-96.68722, 40.7917], [-96.68722, 40.79173], [-96.68592, 40.79173], [-96.68542, 40.79172], [-96.68519, 40.79172], [-96.68462, 40.79172], [-96.68332, 40.79172], [-96.68254, 40.79172], [-96.6824, 40.79169], [-96.68003, 40.79168], [-96.6799, 40.79168], [-96.67763, 40.79168], [-96.67555, 40.79167], [-96.67494, 40.79167], [-96.67414, 40.79167], [-96.67414, 40.79201], [-96.67416, 40.79225], [-96.67419, 40.79252], [-96.67424, 40.79278], [-96.67431, 40.79303], [-96.6744, 40.79327], [-96.67451, 40.79351], [-96.67465, 40.79377], [-96.67471, 40.7939], [-96.67475, 40.79403], [-96.67477, 40.79416], [-96.67477, 40.79429], [-96.67475, 40.7944], [-96.67471, 40.79453], [-96.67465, 40.79466], [-96.67456, 40.79479], [-96.67452, 40.79488], [-96.6745, 40.79497], [-96.67449, 40.7953], [-96.67537, 40.7953], [-96.67542, 40.7953], [-96.67552, 40.79532], [-96.67566, 40.79535], [-96.6758, 40.79539], [-96.67581, 40.7954], [-96.67593, 40.79545], [-96.67607, 40.79552], [-96.67619, 40.79561], [-96.6763, 40.79572], [-96.6767, 40.7962], [-96.67671, 40.79623], [-96.67679, 40.79637], [-96.67683, 40.79649], [-96.67685, 40.7966], [-96.67685, 40.79672], [-96.67683, 40.79683], [-96.67679, 40.79694], [-96.67674, 40.79705], [-96.67667, 40.79715], [-96.67658, 40.79725], [-96.67646, 40.79735], [-96.67647, 40.79738], [-96.67652, 40.79747], [-96.67659, 40.79757], [-96.67672, 40.79769], [-96.67677, 40.79776], [-96.6768, 40.79783], [-96.67682, 40.7979], [-96.67682, 40.79798], [-96.67681, 40.79805], [-96.67674, 40.79819], [-96.67671, 40.79833], [-96.67662, 40.79879], [-96.67662, 40.79882], [-96.67661, 40.79885], [-96.67756, 40.79897], [-96.6778, 40.79898], [-96.67802, 40.79898], [-96.67835, 40.79894], [-96.679, 40.79894], [-96.6806, 40.79894], [-96.68235, 40.79894], [-96.68249, 40.79894], [-96.68406, 40.79895], [-96.68538, 40.79895], [-96.68651, 40.79895], [-96.68668, 40.79896], [-96.68798, 40.79896], [-96.68928, 40.79896], [-96.69058, 40.79896], [-96.69151, 40.79897], [-96.69178, 40.79899], [-96.69202, 40.79908], [-96.69211, 40.7991], [-96.69222, 40.79912], [-96.69236, 40.79913], [-96.69264, 40.79914], [-96.69365, 40.79914], [-96.69381, 40.79914], [-96.69395, 40.79912], [-96.69433, 40.79913], [-96.69539, 40.79913], [-96.69665, 40.79913], [-96.69665, 40.79902], [-96.69665, 40.79891], [-96.69666, 40.79803], [-96.69667, 40.79712], [-96.69668, 40.79672], [-96.69668, 40.79621], [-96.69669, 40.79581], [-96.6967, 40.79522], [-96.6967, 40.79491], [-96.69671, 40.79425], [-96.69671, 40.794], [-96.69672, 40.79329], [-96.69673, 40.79309], [-96.69673, 40.7926], [-96.69675, 40.79176], [-96.69675, 40.79173], [-96.69675, 40.7917], [-96.69676, 40.79082], [-96.69677, 40.78992], [-96.69679, 40.7881], [-96.6968, 40.78714], [-96.69681, 40.78642], [-96.69681, 40.78628], [-96.69682, 40.78534]]]}}, {"type": "Feature", "properties": {"tract_id": "31109001200", "name": "Census Tract 12", "pct_white_2020": 86.5, "pct_black_2020": 1.6, "pct_hispanic_2020": 3.1, "pct_asian_2020": 3.1, "population_2020": 6593}, "geometry": {"type": "Polygon", "coordinates": [[[-96.64179, 40.81372], [-96.64182, 40.81347], [-96.64176, 40.81347], [-96.64168, 40.81347], [-96.63833, 40.81346], [-96.63565, 40.81344], [-96.6351, 40.81344], [-96.6329, 40.81343], [-96.63136, 40.81342], [-96.63068, 40.81342], [-96.63062, 40.81342], [-96.63055, 40.81342], [-96.62839, 40.81342], [-96.62796, 40.81341], [-96.62515, 40.81339], [-96.62498, 40.81339], [-96.62428, 40.8134], [-96.62298, 40.8134], [-96.62092, 40.81342], [-96.61776, 40.81343], [-96.61727, 40.81344], [-96.61608, 40.81344], [-96.61321, 40.81346], [-96.60812, 40.81349], [-96.60748, 40.81349], [-96.60609, 40.8135], [-96.60607, 40.81481], [-96.60606, 40.81487], [-96.60605, 40.81494], [-96.60605, 40.81627], [-96.60604, 40.81857], [-96.60604, 40.81988], [-96.60603, 40.82071], [-96.60603, 40.82237], [-96.60602, 40.82319], [-96.60602, 40.8236], [-96.60601, 40.82367], [-96.60598, 40.82436], [-96.60597, 40.82455], [-96.60596, 40.82583], [-96.60596, 40.82629], [-96.60595, 40.82801], [-96.60905, 40.82799], [-96.61135, 40.82798], [-96.61209, 40.82798], [-96.6125, 40.82797], [-96.61318, 40.82797], [-96.61546, 40.82796], [-96.61724, 40.82795], [-96.61814, 40.82794], [-96.6213, 40.82792], [-96.62137, 40.82792], [-96.62368, 40.82791], [-96.62499, 40.8279], [-96.62649, 40.82791], [-96.6278, 40.82792], [-96.62912, 40.82792], [-96.63045, 40.82793], [-96.63046, 40.827], [-96.63056, 40.82693], [-96.63135, 40.82636], [-96.63189, 40.82591], [-96.63204, 40.82579], [-96.63227, 40.82557], [-96.63247, 40.82536], [-96.63267, 40.82513], [-96.63284, 40.8249], [-96.63298, 40.82469], [-96.63306, 40.82455], [-96.63312, 40.82441], [-96.63317, 40.82425], [-96.6332, 40.82408], [-96.6332, 40.8239], [-96.63321, 40.8229], [-96.63323, 40.82276], [-96.63327, 40.82257], [-96.63332, 40.82239], [-96.63339, 40.82224], [-96.63347, 40.82209], [-96.63357, 40.82193], [-96.63369, 40.82178], [-96.63383, 40.82163], [-96.634, 40.82148], [-96.63418, 40.82134], [-96.63421, 40.82133], [-96.63458, 40.82109], [-96.6349, 40.82089], [-96.63507, 40.82078], [-96.63518, 40.82071], [-96.63523, 40.82068], [-96.63527, 40.82066], [-96.63544, 40.82055], [-96.63554, 40.82048], [-96.63771, 40.8191], [-96.63779, 40.81904], [-96.63922, 40.81813], [-96.63929, 40.81808], [-96.63936, 40.81804], [-96.63996, 40.81766], [-96.64021, 40.81748], [-96.64044, 40.8173], [-96.64063, 40.81712], [-96.64069, 40.81707], [-96.64073, 40.81703], [-96.64092, 40.81682], [-96.64108, 40.81662], [-96.64122, 40.81642], [-96.64135, 40.81621], [-96.64147, 40.81598], [-96.64157, 40.81573], [-96.64165, 40.81548], [-96.64167, 40.81544], [-96.64173, 40.81528], [-96.64177, 40.81509], [-96.64179, 40.81493], [-96.6418, 40.81459], [-96.64179, 40.81417], [-96.64179, 40.81372]]]}}, {"type": "Feature", "properties": {"tract_id": "31109983200", "name": "Census Tract 9832", "pct_white_2020": 37.5, "pct_black_2020": 19.2, "pct_hispanic_2020": 22.1, "pct_asian_2020": 0.0, "population_2020": 104}, "geometry": {"type": "Polygon", "coordinates": [[[-96.7873, 40.8476], [-96.78731, 40.84692], [-96.78715, 40.84692], [-96.78581, 40.84692], [-96.78297, 40.84691], [-96.77987, 40.84688], [-96.77991, 40.84672], [-96.77992, 40.84668], [-96.77991, 40.8466], [-96.77985, 40.84623], [-96.77986, 40.84602], [-96.77984, 40.84549], [-96.77984, 40.8453], [-96.77984, 40.84508], [-96.77984, 40.84479], [-96.77982, 40.84471], [-96.77973, 40.84447], [-96.77971, 40.84443], [-96.77964, 40.84437], [-96.77961, 40.84433], [-96.77953, 40.84418], [-96.77947, 40.84411], [-96.77923, 40.84389], [-96.77908, 40.84377], [-96.77874, 40.84356], [-96.77837, 40.8434], [-96.77809, 40.84327], [-96.77791, 40.84318], [-96.77766, 40.84302], [-96.77757, 40.84298], [-96.77747, 40.84294], [-96.77733, 40.84288], [-96.77705, 40.84275], [-96.77666, 40.84252], [-96.77624, 40.84234], [-96.77593, 40.84222], [-96.77581, 40.84217], [-96.77542, 40.84202], [-96.77471, 40.84172], [-96.77456, 40.84167], [-96.77446, 40.84165], [-96.77424, 40.84162], [-96.77403, 40.84162], [-96.77376, 40.84163], [-96.77365, 40.84163], [-96.77311, 40.8416], [-96.77251, 40.84159], [-96.7723, 40.84162], [-96.77208, 40.84162], [-96.77181, 40.84165], [-96.77143, 40.84165], [-96.77127, 40.84167], [-96.77117, 40.8417], [-96.77112, 40.84171], [-96.77101, 40.84171], [-96.7709, 40.8417], [-96.77064, 40.84165], [-96.77053, 40.84164], [-96.77037, 40.84164], [-96.77021, 40.84164], [-96.77005, 40.84167], [-96.76999, 40.84167], [-96.76983, 40.84167], [-96.76972, 40.84166], [-96.76968, 40.84165], [-96.76954, 40.84157], [-96.7694, 40.84152], [-96.7693, 40.84149], [-96.76919, 40.84147], [-96.76915, 40.84144], [-96.76904, 40.84135], [-96.76896, 40.8413], [-96.76886, 40.84125], [-96.76879, 40.84122], [-96.76831, 40.84076], [-96.76737, 40.83987], [-96.76701, 40.83949], [-96.76694, 40.83938], [-96.76691, 40.83901], [-96.76692, 40.83872], [-96.76688, 40.83815], [-96.76689, 40.83798], [-96.76692, 40.83774], [-96.76692, 40.83766], [-96.76689, 40.83749], [-96.76689, 40.83745], [-96.76689, 40.83737], [-96.76689, 40.83729], [-96.76683, 40.837], [-96.76682, 40.83684], [-96.76684, 40.83655], [-96.76683, 40.83626], [-96.76685, 40.83597], [-96.76684, 40.83569], [-96.76689, 40.83528], [-96.7669, 40.83503], [-96.7669, 40.83486], [-96.76692, 40.83454], [-96.76692, 40.83441], [-96.76689, 40.83429], [-96.76692, 40.834], [-96.76693, 40.83363], [-96.76692, 40.83318], [-96.7669, 40.83298], [-96.76689, 40.83289], [-96.76684, 40.83278], [-96.76683, 40.83269], [-96.76683, 40.83257], [-96.76684, 40.83245], [-96.76691, 40.83217], [-96.76692, 40.83204], [-96.76692, 40.83163], [-96.76695, 40.8311], [-96.76695, 40.8306], [-96.76696, 40.83048], [-96.76699, 40.83031], [-96.76699, 40.83023], [-96.76696, 40.83011], [-96.76696, 40.83007], [-96.76698, 40.82995], [-96.76698, 40.82991], [-96.76696, 40.82982], [-96.76694, 40.8297], [-96.76694, 40.82958], [-96.76698, 40.82933], [-96.76698, 40.82921], [-96.76693, 40.82839], [-96.76694, 40.82826], [-96.76696, 40.82814], [-96.76696, 40.82806], [-96.76693, 40.82756], [-96.76693, 40.82707], [-96.76693, 40.82699], [-96.76691, 40.82691], [-96.76688, 40.82683], [-96.76676, 40.82664], [-96.76652, 40.82623], [-96.76646, 40.82607], [-96.76644, 40.82599], [-96.76643, 40.82595], [-96.76638, 40.82588], [-96.76629, 40.82577], [-96.76624, 40.8257], [-96.76618, 40.82563], [-96.76586, 40.82535], [-96.76576, 40.82525], [-96.76564, 40.82512], [-96.76551, 40.82499], [-96.76511, 40.82465], [-96.76499, 40.82451], [-96.76495, 40.82448], [-96.7646, 40.82428], [-96.76448, 40.82421], [-96.76443, 40.82419], [-96.76422, 40.82415], [-96.76407, 40.8241], [-96.7637, 40.82402], [-96.76365, 40.82402], [-96.7636, 40.82402], [-96.76354, 40.82403], [-96.76349, 40.82404], [-96.76322, 40.82403], [-96.76306, 40.82402], [-96.76295, 40.824], [-96.7628, 40.82396], [-96.76264, 40.82393], [-96.76237, 40.82389], [-96.76227, 40.82389], [-96.76189, 40.82394], [-96.76178, 40.82395], [-96.76162, 40.82394], [-96.76119, 40.8239], [-96.76114, 40.8239], [-96.76108, 40.8239], [-96.76071, 40.82396], [-96.76049, 40.82398], [-96.76039, 40.82401], [-96.76035, 40.82403], [-96.76023, 40.82409], [-96.75982, 40.82421], [-96.75956, 40.82426], [-96.75946, 40.82429], [-96.75932, 40.82435], [-96.75904, 40.82448], [-96.75873, 40.82464], [-96.75862, 40.82473], [-96.75828, 40.825], [-96.75814, 40.82512], [-96.75804, 40.82523], [-96.75799, 40.8253], [-96.75766, 40.8259], [-96.75761, 40.82602], [-96.75759, 40.8261], [-96.75757, 40.82643], [-96.75752, 40.82672], [-96.75752, 40.82676], [-96.75754, 40.82688], [-96.75752, 40.82713], [-96.75753, 40.82721], [-96.75761, 40.8277], [-96.75762, 40.82778], [-96.7576, 40.82803], [-96.7576, 40.82807], [-96.75765, 40.82827], [-96.75767, 40.82848], [-96.7577, 40.8286], [-96.75771, 40.82876], [-96.75769, 40.82938], [-96.75767, 40.8295], [-96.75763, 40.82962], [-96.75755, 40.82978], [-96.75754, 40.82982], [-96.75753, 40.82986], [-96.75749, 40.82998], [-96.75738, 40.83024], [-96.75733, 40.83031], [-96.75727, 40.83038], [-96.75696, 40.83061], [-96.7569, 40.83068], [-96.75668, 40.83096], [-96.75638, 40.8314], [-96.75632, 40.83147], [-96.75601, 40.8317], [-96.75562, 40.83204], [-96.75544, 40.8322], [-96.75541, 40.83223], [-96.75518, 40.83235], [-96.75506, 40.83242], [-96.7545, 40.83268], [-96.75436, 40.83274], [-96.75416, 40.8328], [-96.75397, 40.83288], [-96.75381, 40.83291], [-96.7537, 40.83293], [-96.75349, 40.83292], [-96.75327, 40.83292], [-96.75289, 40.83296], [-96.75246, 40.83296], [-96.75143, 40.83298], [-96.75121, 40.83298], [-96.75116, 40.83297], [-96.75101, 40.83292], [-96.75087, 40.83287], [-96.75073, 40.8328], [-96.75068, 40.83279], [-96.75057, 40.83278], [-96.75041, 40.83274], [-96.75036, 40.83274], [-96.75017, 40.83275], [-96.75001, 40.83273], [-96.7499, 40.83271], [-96.74985, 40.83272], [-96.74974, 40.83273], [-96.74958, 40.83274], [-96.74937, 40.8327], [-96.74926, 40.8327], [-96.7491, 40.8327], [-96.74878, 40.83266], [-96.74867, 40.83265], [-96.74856, 40.83266], [-96.74851, 40.83266], [-96.7484, 40.83269], [-96.74803, 40.83274], [-96.74776, 40.83275], [-96.74771, 40.83275], [-96.74755, 40.83273], [-96.74739, 40.83269], [-96.74729, 40.83265], [-96.74702, 40.83253], [-96.74696, 40.83251], [-96.74667, 40.83241], [-96.74662, 40.83239], [-96.74654, 40.83234], [-96.74639, 40.83221], [-96.746, 40.83192], [-96.74585, 40.83182], [-96.74479, 40.83335], [-96.74435, 40.83397], [-96.74388, 40.8346], [-96.74343, 40.83517], [-96.74295, 40.83575], [-96.74245, 40.83632], [-96.74192, 40.8369], [-96.74137, 40.83748], [-96.73973, 40.83913], [-96.7401, 40.83986], [-96.74076, 40.8406], [-96.74149, 40.84144], [-96.74186, 40.84189], [-96.74218, 40.84234], [-96.74236, 40.84262], [-96.7425, 40.84288], [-96.74257, 40.843], [-96.74278, 40.84329], [-96.74315, 40.84407], [-96.74332, 40.84469], [-96.7434, 40.84507], [-96.74351, 40.84556], [-96.74358, 40.84785], [-96.74357, 40.84828], [-96.74376, 40.84983], [-96.74374, 40.8505], [-96.74369, 40.8514], [-96.74372, 40.85739], [-96.74371, 40.85782], [-96.74376, 40.85834], [-96.74386, 40.8589], [-96.74405, 40.85949], [-96.7443, 40.86014], [-96.74466, 40.86073], [-96.74507, 40.86134], [-96.74547, 40.86184], [-96.74568, 40.8621], [-96.74594, 40.86235], [-96.74629, 40.86268], [-96.74643, 40.86279], [-96.74676, 40.86305], [-96.74714, 40.86333], [-96.74761, 40.86364], [-96.74975, 40.865], [-96.75407, 40.8677], [-96.75751, 40.86988], [-96.75846, 40.87045], [-96.75883, 40.87068], [-96.76061, 40.87176], [-96.76138, 40.87222], [-96.76206, 40.87256], [-96.76264, 40.87281], [-96.76488, 40.87344], [-96.76483, 40.87848], [-96.76483, 40.87908], [-96.76483, 40.87939], [-96.76738, 40.87948], [-96.76767, 40.87949], [-96.77319, 40.87966], [-96.77531, 40.87982], [-96.77578, 40.87986], [-96.7762, 40.87992], [-96.77632, 40.87994], [-96.77844, 40.88026], [-96.77911, 40.88039], [-96.7807, 40.88081], [-96.78134, 40.88106], [-96.78136, 40.88106], [-96.78145, 40.8811], [-96.78161, 40.88091], [-96.78198, 40.88046], [-96.78238, 40.87995], [-96.78264, 40.87971], [-96.78294, 40.87945], [-96.78306, 40.87938], [-96.78419, 40.87881], [-96.78439, 40.87871], [-96.78459, 40.87858], [-96.78476, 40.87845], [-96.78489, 40.87832], [-96.78563, 40.87753], [-96.78612, 40.87702], [-96.7863, 40.87682], [-96.78645, 40.87664], [-96.78658, 40.87643], [-96.7867, 40.87622], [-96.7868, 40.876], [-96.78688, 40.87577], [-96.78693, 40.87555], [-96.78696, 40.87534], [-96.787, 40.8718], [-96.787, 40.87168], [-96.78704, 40.86855], [-96.78711, 40.86384], [-96.78711, 40.86374], [-96.78711, 40.86341], [-96.78713, 40.86156], [-96.78714, 40.86079], [-96.78716, 40.8594], [-96.78718, 40.858], [-96.78721, 40.85551], [-96.78724, 40.85262], [-96.78725, 40.85167], [-96.78728, 40.84942], [-96.78729, 40.84851], [-96.7873, 40.8476]]]}}, {"type": "Feature", "properties": {"tract_id": "31109010100", "name": "Census Tract 101", "pct_white_2020": 93.5, "pct_black_2020": 0.0, "pct_hispanic_2020": 4.0, "pct_asian_2020": 0.0, "population_2020": 7377}, "geometry": {"type": "Polygon", "coordinates": [[[-96.68252, 40.89331], [-96.68246, 40.89221], [-96.68233, 40.89003], [-96.68233, 40.88991], [-96.68232, 40.88985], [-96.6823, 40.88941], [-96.68225, 40.88861], [-96.68223, 40.88818], [-96.68213, 40.88643], [-96.68198, 40.88652], [-96.67945, 40.88815], [-96.67919, 40.88831], [-96.67864, 40.88867], [-96.67683, 40.88983], [-96.67263, 40.89252], [-96.67157, 40.89321], [-96.67097, 40.89359], [-96.6699, 40.89428], [-96.66826, 40.89528], [-96.6679, 40.89549], [-96.66716, 40.89587], [-96.66652, 40.89614], [-96.66552, 40.89648], [-96.66472, 40.89669], [-96.66371, 40.89687], [-96.66317, 40.89694], [-96.6628, 40.89699], [-96.65023, 40.89702], [-96.65017, 40.89702], [-96.65003, 40.89702], [-96.64488, 40.89703], [-96.64397, 40.89704], [-96.64358, 40.89704], [-96.64343, 40.89704], [-96.63938, 40.89705], [-96.63527, 40.89705], [-96.63403, 40.89705], [-96.62449, 40.89707], [-96.61501, 40.89715], [-96.61017, 40.89714], [-96.60551, 40.89713], [-96.60537, 40.89713], [-96.60161, 40.89706], [-96.60102, 40.89704], [-96.59827, 40.89699], [-96.59703, 40.89698], [-96.59589, 40.89699], [-96.59465, 40.89702], [-96.5934, 40.89707], [-96.58638, 40.89742], [-96.57523, 40.89777], [-96.57439, 40.89776], [-96.57413, 40.89776], [-96.57359, 40.89772], [-96.57333, 40.8977], [-96.5728, 40.89763], [-96.57229, 40.89755], [-96.57179, 40.89744], [-96.57103, 40.89725], [-96.57077, 40.89717], [-96.57017, 40.89698], [-96.57002, 40.89692], [-96.56823, 40.89624], [-96.56775, 40.89606], [-96.56732, 40.89591], [-96.56714, 40.89584], [-96.5672, 40.89557], [-96.56723, 40.89542], [-96.5674, 40.89459], [-96.56747, 40.89419], [-96.56748, 40.89416], [-96.56748, 40.89395], [-96.56748, 40.8937], [-96.56748, 40.89346], [-96.56744, 40.89157], [-96.56744, 40.89152], [-96.56748, 40.88526], [-96.56751, 40.87086], [-96.56755, 40.85641], [-96.56756, 40.8548], [-96.56756, 40.8541], [-96.5676, 40.84197], [-96.56762, 40.83027], [-96.56763, 40.82749], [-96.56764, 40.82505], [-96.56765, 40.82389], [-96.56766, 40.82277], [-96.56768, 40.82266], [-96.5677, 40.82058], [-96.5677, 40.82028], [-96.5677, 40.81832], [-96.56768, 40.81821], [-96.56769, 40.81682], [-96.56771, 40.81388], [-96.56771, 40.81307], [-96.56774, 40.80747], [-96.56774, 40.80609], [-96.56775, 40.80471], [-96.56776, 40.80224], [-96.56777, 40.79859], [-96.56779, 40.79516], [-96.56779, 40.79481], [-96.56781, 40.79044], [-96.56783, 40.786], [-96.56783, 40.78411], [-96.5658, 40.78411], [-96.56455, 40.78411], [-96.56332, 40.78411], [-96.56308, 40.78411], [-96.56151, 40.78411], [-96.5612, 40.7841], [-96.55896, 40.7841], [-96.55341, 40.78409], [-96.54179, 40.78408], [-96.53994, 40.78408], [-96.53673, 40.78407], [-96.5209, 40.78404], [-96.51341, 40.78403], [-96.51133, 40.78403], [-96.50186, 40.78402], [-96.48501, 40.78399], [-96.48281, 40.78399], [-96.46376, 40.78396], [-96.46376, 40.78555], [-96.46376, 40.78641], [-96.46376, 40.78644], [-96.46376, 40.78686], [-96.46375, 40.79125], [-96.46375, 40.79183], [-96.46375, 40.79231], [-96.46375, 40.79371], [-96.46375, 40.79377], [-96.46375, 40.7946], [-96.46374, 40.79506], [-96.46374, 40.7956], [-96.46374, 40.79567], [-96.46374, 40.79676], [-96.46374, 40.79734], [-96.46374, 40.7974], [-96.46374, 40.79767], [-96.46374, 40.79844], [-96.46374, 40.79846], [-96.46374, 40.79953], [-96.46374, 40.79955], [-96.46374, 40.8], [-96.46374, 40.80014], [-96.46374, 40.80188], [-96.46374, 40.80196], [-96.46374, 40.80219], [-96.46373, 40.8128], [-96.46373, 40.81295], [-96.46373, 40.81358], [-96.46373, 40.81672], [-96.46373, 40.81753], [-96.46373, 40.82025], [-96.46372, 40.82215], [-96.46372, 40.82219], [-96.46372, 40.82318], [-96.46372, 40.82543], [-96.46372, 40.82745], [-96.46372, 40.82747], [-96.46375, 40.83483], [-96.46375, 40.83507], [-96.46372, 40.84195], [-96.46372, 40.84197], [-96.46369, 40.84481], [-96.46369, 40.84483], [-96.46369, 40.84484], [-96.46369, 40.84487], [-96.46369, 40.84489], [-96.46369, 40.84491], [-96.46369, 40.84492], [-96.46369, 40.845], [-96.46369, 40.84547], [-96.46368, 40.84644], [-96.46371, 40.84905], [-96.46371, 40.8493], [-96.46372, 40.84986], [-96.46374, 40.85009], [-96.46374, 40.85015], [-96.46375, 40.85026], [-96.46375, 40.85029], [-96.46375, 40.85031], [-96.46376, 40.85033], [-96.46376, 40.85043], [-96.46377, 40.85054], [-96.46378, 40.85057], [-96.46372, 40.85646], [-96.46372, 40.85647], [-96.46372, 40.85695], [-96.46372, 40.85727], [-96.46372, 40.85999], [-96.46371, 40.86718], [-96.46371, 40.86744], [-96.46371, 40.86791], [-96.46371, 40.86833], [-96.46371, 40.86882], [-96.46371, 40.8692], [-96.46371, 40.86922], [-96.46371, 40.87095], [-96.46371, 40.87096], [-96.46371, 40.87098], [-96.46371, 40.87106], [-96.46371, 40.87208], [-96.46371, 40.87559], [-96.46371, 40.87575], [-96.46371, 40.87772], [-96.46371, 40.87849], [-96.46371, 40.88548], [-96.46371, 40.88563], [-96.46371, 40.88568], [-96.46372, 40.89232], [-96.46372, 40.89378], [-96.46372, 40.89379], [-96.46372, 40.8942], [-96.46372, 40.8943], [-96.46372, 40.89606], [-96.46372, 40.89688], [-96.46372, 40.89714], [-96.46372, 40.89718], [-96.46372, 40.89965], [-96.46372, 40.89966], [-96.46372, 40.89998], [-96.46372, 40.9007], [-96.46372, 40.90312], [-96.46372, 40.90317], [-96.46372, 40.90489], [-96.46372, 40.9049], [-96.46372, 40.90631], [-96.46372, 40.90726], [-96.46372, 40.90982], [-96.46372, 40.90984], [-96.46372, 40.90985], [-96.46372, 40.91087], [-96.46372, 40.91088], [-96.46372, 40.91216], [-96.46373, 40.91374], [-96.46373, 40.91401], [-96.46373, 40.91452], [-96.46373, 40.91648], [-96.46373, 40.9167], [-96.46373, 40.91736], [-96.46373, 40.91775], [-96.46373, 40.91777], [-96.46373, 40.92068], [-96.46373, 40.92069], [-96.46373, 40.92113], [-96.46373, 40.92135], [-96.46373, 40.92167], [-96.46373, 40.92173], [-96.46373, 40.92192], [-96.46373, 40.92196], [-96.46374, 40.92832], [-96.46374, 40.929], [-96.46374, 40.92916], [-96.46374, 40.93093], [-96.46374, 40.93095], [-96.46374, 40.93098], [-96.46374, 40.93101], [-96.46374, 40.93106], [-96.46374, 40.93111], [-96.46374, 40.93115], [-96.46374, 40.93118], [-96.46374, 40.9312], [-96.46374, 40.93121], [-96.46374, 40.93138], [-96.46372, 40.9367], [-96.46373, 40.93989], [-96.46374, 40.94311], [-96.46374, 40.94349], [-96.46374, 40.94411], [-96.46374, 40.94466], [-96.46374, 40.94524], [-96.46375, 40.94653], [-96.46375, 40.94691], [-96.46375, 40.94695], [-96.46375, 40.94725], [-96.46383, 40.95074], [-96.46378, 40.95487], [-96.46377, 40.95567], [-96.46377, 40.95573], [-96.46376, 40.9559], [-96.46376, 40.95592], [-96.46376, 40.95596], [-96.46376, 40.95607], [-96.46374, 40.95788], [-96.46379, 40.95961], [-96.4638, 40.96054], [-96.46381, 40.96519], [-96.46381, 40.96527], [-96.46382, 40.96727], [-96.46382, 40.96952], [-96.46382, 40.96959], [-96.46382, 40.96962], [-96.46382, 40.96964], [-96.46382, 40.96965], [-96.46382, 40.96977], [-96.46383, 40.97194], [-96.46383, 40.97304], [-96.46383, 40.97454], [-96.46383, 40.97455], [-96.46383, 40.97585], [-96.46383, 40.97586], [-96.46383, 40.97616], [-96.46384, 40.97755], [-96.46384, 40.98143], [-96.46384, 40.98182], [-96.46385, 40.98508], [-96.46385, 40.98511], [-96.46385, 40.98705], [-96.46385, 40.99618], [-96.46385, 40.99619], [-96.46385, 40.99663], [-96.46385, 40.99695], [-96.46385, 40.99696], [-96.46385, 40.99757], [-96.46385, 40.99767], [-96.46385, 40.99836], [-96.46385, 40.99843], [-96.46385, 41.00066], [-96.46385, 41.00068], [-96.46385, 41.00156], [-96.46385, 41.01144], [-96.46386, 41.01493], [-96.46386, 41.01499], [-96.46386, 41.01551], [-96.46386, 41.01552], [-96.46386, 41.01554], [-96.46386, 41.01606], [-96.46386, 41.01607], [-96.46387, 41.01871], [-96.46387, 41.02297], [-96.46387, 41.02333], [-96.46387, 41.02909], [-96.46387, 41.03057], [-96.46387, 41.03173], [-96.46388, 41.03295], [-96.46386, 41.03453], [-96.46386, 41.03658], [-96.46386, 41.0374], [-96.46386, 41.03759], [-96.46386, 41.03761], [-96.46386, 41.03852], [-96.46387, 41.03903], [-96.46387, 41.04097], [-96.46387, 41.04228], [-96.46387, 41.04508], [-96.4639, 41.04508], [-96.46743, 41.0451], [-96.47185, 41.0451], [-96.47311, 41.04511], [-96.47313, 41.04511], [-96.47344, 41.04512], [-96.47422, 41.04512], [-96.47564, 41.04513], [-96.4788, 41.04514], [-96.48299, 41.04516], [-96.48599, 41.04518], [-96.48607, 41.04518], [-96.48873, 41.04517], [-96.48879, 41.04518], [-96.49081, 41.04519], [-96.49321, 41.0452], [-96.49322, 41.0452], [-96.49341, 41.0452], [-96.49685, 41.04521], [-96.49817, 41.04522], [-96.49875, 41.04522], [-96.49906, 41.04522], [-96.49953, 41.04522], [-96.49977, 41.04525], [-96.5, 41.04528], [-96.50013, 41.0453], [-96.50017, 41.0453], [-96.5015, 41.04523], [-96.50215, 41.04521], [-96.52134, 41.04525], [-96.52615, 41.04526], [-96.52718, 41.04526], [-96.53348, 41.04528], [-96.53843, 41.04529], [-96.5392, 41.04529], [-96.5405, 41.04529], [-96.54176, 41.04529], [-96.54432, 41.0453], [-96.54655, 41.0453], [-96.54774, 41.04531], [-96.54884, 41.04532], [-96.55089, 41.04531], [-96.55302, 41.04531], [-96.55505, 41.04531], [-96.55567, 41.04532], [-96.55692, 41.04533], [-96.55846, 41.04533], [-96.5606, 41.04533], [-96.5625, 41.04535], [-96.56343, 41.04534], [-96.56347, 41.04534], [-96.56392, 41.04534], [-96.56432, 41.04534], [-96.56446, 41.04534], [-96.56554, 41.04536], [-96.56648, 41.04536], [-96.57041, 41.0454], [-96.57232, 41.04538], [-96.57403, 41.04539], [-96.57508, 41.0454], [-96.57621, 41.0454], [-96.58034, 41.04542], [-96.58135, 41.04541], [-96.58198, 41.04541], [-96.582, 41.04541], [-96.58247, 41.04541], [-96.5829, 41.0454], [-96.58291, 41.0454], [-96.58303, 41.0454], [-96.58316, 41.0454], [-96.58591, 41.0454], [-96.58644, 41.0454], [-96.58645, 41.0454], [-96.58676, 41.0454], [-96.59074, 41.04539], [-96.59224, 41.04539], [-96.59231, 41.04539], [-96.59278, 41.0454], [-96.59519, 41.04543], [-96.59645, 41.04542], [-96.59702, 41.04543], [-96.59915, 41.04545], [-96.60111, 41.04544], [-96.60235, 41.04545], [-96.60241, 41.04545], [-96.60259, 41.04545], [-96.60278, 41.04545], [-96.6029, 41.04545], [-96.60302, 41.04545], [-96.60333, 41.04545], [-96.60341, 41.04545], [-96.60921, 41.04547], [-96.61463, 41.04548], [-96.6148, 41.04549], [-96.61584, 41.04549], [-96.61591, 41.04549], [-96.61691, 41.04549], [-96.61693, 41.04549], [-96.61952, 41.0455], [-96.62026, 41.0455], [-96.62029, 41.0455], [-96.62054, 41.04551], [-96.62146, 41.0455], [-96.62296, 41.04551], [-96.6242, 41.0455], [-96.6246, 41.0455], [-96.625, 41.0455], [-96.62577, 41.04552], [-96.62707, 41.04552], [-96.62716, 41.04552], [-96.63111, 41.04554], [-96.63711, 41.04556], [-96.63809, 41.04557], [-96.6397, 41.04557], [-96.63986, 41.04557], [-96.63991, 41.04557], [-96.64015, 41.04556], [-96.64023, 41.04556], [-96.64031, 41.04556], [-96.64109, 41.04556], [-96.64149, 41.04556], [-96.64273, 41.04556], [-96.6435, 41.04556], [-96.64419, 41.04555], [-96.64474, 41.04556], [-96.64507, 41.04556], [-96.64533, 41.04557], [-96.64534, 41.04557], [-96.64567, 41.04556], [-96.64671, 41.04556], [-96.64867, 41.04556], [-96.64868, 41.04556], [-96.65248, 41.04557], [-96.65301, 41.04558], [-96.65365, 41.04563], [-96.65409, 41.04568], [-96.65478, 41.04569], [-96.65481, 41.04572], [-96.65487, 41.0457], [-96.65546, 41.04557], [-96.65555, 41.04555], [-96.65568, 41.04553], [-96.65596, 41.04547], [-96.65655, 41.04538], [-96.65691, 41.04537], [-96.65728, 41.04539], [-96.65737, 41.04539], [-96.65768, 41.04544], [-96.65801, 41.0455], [-96.65827, 41.04557], [-96.65871, 41.0456], [-96.65924, 41.04561], [-96.65941, 41.04561], [-96.65943, 41.04561], [-96.66051, 41.04561], [-96.66419, 41.04561], [-96.66674, 41.04563], [-96.66819, 41.04563], [-96.67897, 41.04565], [-96.68105, 41.04566], [-96.68139, 41.04566], [-96.6814, 41.04566], [-96.68139, 41.04017], [-96.68139, 41.03825], [-96.68139, 41.03099], [-96.68138, 41.02571], [-96.68138, 41.02133], [-96.68138, 41.01783], [-96.68138, 41.01691], [-96.68138, 41.01649], [-96.68137, 41.00201], [-96.68137, 40.99543], [-96.68137, 40.99492], [-96.68137, 40.99475], [-96.68136, 40.99145], [-96.68136, 40.99115], [-96.68136, 40.98753], [-96.68136, 40.98318], [-96.68135, 40.98028], [-96.68135, 40.98013], [-96.68135, 40.97665], [-96.68135, 40.97658], [-96.68135, 40.97303], [-96.68134, 40.96577], [-96.68134, 40.95861], [-96.68139, 40.94909], [-96.68143, 40.94408], [-96.68146, 40.9377], [-96.68155, 40.92956], [-96.68159, 40.92341], [-96.68165, 40.91507], [-96.68172, 40.90556], [-96.68175, 40.90112], [-96.68105, 40.89663], [-96.68103, 40.89642], [-96.68104, 40.89621], [-96.68131, 40.8933], [-96.68181, 40.8933], [-96.68202, 40.8933], [-96.68237, 40.89331], [-96.68245, 40.89331], [-96.68252, 40.89331]]]}}, {"type": "Feature", "properties": {"tract_id": "31109002400", "name": "Census Tract 24", "pct_white_2020": 94.6, "pct_black_2020": 0.4, "pct_hispanic_2020": 2.4, "pct_asian_2020": 0.3, "population_2020": 3157}, "geometry": {"type": "Polygon", "coordinates": [[[-96.69207, 40.78094], [-96.69207, 40.77731], [-96.68643, 40.77723], [-96.68252, 40.77717], [-96.68129, 40.77717], [-96.68009, 40.77716], [-96.67888, 40.77715], [-96.67764, 40.77715], [-96.67626, 40.77714], [-96.6757, 40.77714], [-96.67412, 40.77713], [-96.67284, 40.77712], [-96.67284, 40.77851], [-96.67283, 40.77922], [-96.67283, 40.77998], [-96.67283, 40.78004], [-96.67281, 40.78004], [-96.6728, 40.78004], [-96.67278, 40.78005], [-96.67276, 40.78005], [-96.67274, 40.78005], [-96.67273, 40.78006], [-96.67271, 40.78007], [-96.6727, 40.78008], [-96.67269, 40.78009], [-96.67268, 40.7801], [-96.67267, 40.78011], [-96.67266, 40.78013], [-96.67266, 40.78014], [-96.67266, 40.78015], [-96.67265, 40.78017], [-96.67265, 40.78019], [-96.67265, 40.7802], [-96.67265, 40.78022], [-96.67266, 40.78023], [-96.67267, 40.78025], [-96.67267, 40.78027], [-96.67268, 40.78028], [-96.67269, 40.78029], [-96.6727, 40.78031], [-96.67271, 40.78032], [-96.67272, 40.78033], [-96.67273, 40.78034], [-96.67275, 40.78035], [-96.67276, 40.78036], [-96.67278, 40.78036], [-96.67279, 40.78037], [-96.67281, 40.78037], [-96.67283, 40.78038], [-96.67283, 40.78078], [-96.67283, 40.78168], [-96.67282, 40.78259], [-96.67282, 40.78441], [-96.67282, 40.7857], [-96.67282, 40.78623], [-96.67282, 40.78805], [-96.67283, 40.78987], [-96.67283, 40.79167], [-96.67414, 40.79167], [-96.67494, 40.79167], [-96.67555, 40.79167], [-96.67763, 40.79168], [-96.6799, 40.79168], [-96.68003, 40.79168], [-96.6824, 40.79169], [-96.68254, 40.79172], [-96.68332, 40.79172], [-96.68462, 40.79172], [-96.68519, 40.79172], [-96.68542, 40.79172], [-96.68592, 40.79173], [-96.68722, 40.79173], [-96.68722, 40.7917], [-96.68722, 40.79167], [-96.68723, 40.79078], [-96.68724, 40.78988], [-96.68725, 40.78898], [-96.68726, 40.78807], [-96.68737, 40.78807], [-96.68738, 40.78719], [-96.68739, 40.78626], [-96.68739, 40.78551], [-96.6874, 40.78535], [-96.6874, 40.78444], [-96.68967, 40.78445], [-96.69167, 40.78446], [-96.69206, 40.78446], [-96.69206, 40.78357], [-96.69206, 40.7827], [-96.69206, 40.78184], [-96.69207, 40.78094]]]}}, {"type": "Feature", "properties": {"tract_id": "31109003604", "name": "Census Tract 36.04", "pct_white_2020": 87.5, "pct_black_2020": 0.0, "pct_hispanic_2020": 3.1, "pct_asian_2020": 5.7, "population_2020": 3560}, "geometry": {"type": "Polygon", "coordinates": [[[-96.79683, 40.70352], [-96.79686, 40.69764], [-96.79567, 40.69764], [-96.79379, 40.69763], [-96.79368, 40.69763], [-96.79004, 40.69762], [-96.7823, 40.6976], [-96.78029, 40.6976], [-96.77781, 40.69759], [-96.76955, 40.69757], [-96.7635, 40.69755], [-96.76343, 40.69755], [-96.76111, 40.69755], [-96.75875, 40.69754], [-96.75625, 40.69754], [-96.75386, 40.69753], [-96.75265, 40.69752], [-96.74916, 40.69751], [-96.743, 40.6975], [-96.74094, 40.69749], [-96.7397, 40.69749], [-96.73923, 40.69749], [-96.73805, 40.69748], [-96.72575, 40.69745], [-96.72343, 40.69744], [-96.72063, 40.69744], [-96.71898, 40.69743], [-96.71637, 40.69742], [-96.71603, 40.69742], [-96.71154, 40.69741], [-96.70782, 40.6974], [-96.70588, 40.6974], [-96.70547, 40.6974], [-96.70518, 40.6974], [-96.70465, 40.6974], [-96.70389, 40.6974], [-96.7034, 40.6974], [-96.70303, 40.6974], [-96.70142, 40.6974], [-96.6999, 40.6974], [-96.69983, 40.6974], [-96.69574, 40.69739], [-96.69366, 40.69739], [-96.69021, 40.69739], [-96.68848, 40.69738], [-96.68835, 40.69738], [-96.68817, 40.69738], [-96.68778, 40.69738], [-96.68583, 40.69738], [-96.6858, 40.69738], [-96.68355, 40.69738], [-96.68274, 40.69738], [-96.68242, 40.69738], [-96.68233, 40.69738], [-96.68147, 40.69738], [-96.68097, 40.69738], [-96.68097, 40.69742], [-96.68097, 40.69758], [-96.68099, 40.69769], [-96.68104, 40.69785], [-96.68107, 40.69793], [-96.68111, 40.69801], [-96.68223, 40.70054], [-96.68229, 40.7007], [-96.68237, 40.70094], [-96.68243, 40.70118], [-96.68247, 40.70142], [-96.6825, 40.70168], [-96.6825, 40.70185], [-96.6825, 40.70463], [-96.6825, 40.70464], [-96.68251, 40.70935], [-96.68251, 40.71008], [-96.68251, 40.71101], [-96.68251, 40.71188], [-96.68251, 40.71214], [-96.68251, 40.71544], [-96.68251, 40.7173], [-96.68251, 40.7185], [-96.68251, 40.7188], [-96.68251, 40.71895], [-96.68251, 40.72034], [-96.68251, 40.72272], [-96.68251, 40.72285], [-96.68252, 40.72462], [-96.68252, 40.7264], [-96.68726, 40.72643], [-96.69138, 40.72634], [-96.69661, 40.72638], [-96.6971, 40.72638], [-96.69715, 40.72638], [-96.69729, 40.7264], [-96.6975, 40.72642], [-96.69773, 40.72647], [-96.69799, 40.72653], [-96.69813, 40.72657], [-96.69833, 40.72665], [-96.69857, 40.72676], [-96.6987, 40.72683], [-96.69888, 40.72694], [-96.69908, 40.72709], [-96.69995, 40.72778], [-96.70007, 40.72787], [-96.7002, 40.72794], [-96.70035, 40.72801], [-96.70051, 40.72806], [-96.70068, 40.7281], [-96.70082, 40.72812], [-96.70097, 40.72813], [-96.70151, 40.72814], [-96.70151, 40.72792], [-96.70151, 40.72756], [-96.7015, 40.72648], [-96.70411, 40.72655], [-96.71033, 40.72653], [-96.71142, 40.72653], [-96.71157, 40.72652], [-96.71181, 40.72651], [-96.71752, 40.72652], [-96.71799, 40.72648], [-96.71852, 40.72643], [-96.71939, 40.72637], [-96.72051, 40.72638], [-96.72052, 40.72735], [-96.72052, 40.72878], [-96.72054, 40.73192], [-96.72054, 40.73237], [-96.72054, 40.73287], [-96.72055, 40.73676], [-96.72056, 40.73699], [-96.72056, 40.73876], [-96.72056, 40.73932], [-96.72025, 40.74082], [-96.72018, 40.74119], [-96.7204, 40.74471], [-96.72049, 40.74603], [-96.72031, 40.74612], [-96.72034, 40.74617], [-96.72036, 40.74622], [-96.72044, 40.74639], [-96.72049, 40.74648], [-96.72065, 40.74683], [-96.72083, 40.74727], [-96.72098, 40.74768], [-96.72111, 40.74809], [-96.72118, 40.74835], [-96.72123, 40.74853], [-96.72134, 40.74899], [-96.72141, 40.7494], [-96.72147, 40.74985], [-96.72162, 40.7517], [-96.72179, 40.75385], [-96.72184, 40.75434], [-96.72192, 40.75479], [-96.722, 40.75524], [-96.7221, 40.75564], [-96.72185, 40.75563], [-96.72075, 40.75562], [-96.72078, 40.76155], [-96.72079, 40.76546], [-96.72079, 40.7666], [-96.72081, 40.77018], [-96.71855, 40.77018], [-96.714, 40.77018], [-96.71361, 40.77018], [-96.71344, 40.77018], [-96.71307, 40.77018], [-96.71003, 40.77018], [-96.70993, 40.77018], [-96.7096, 40.77022], [-96.70937, 40.77026], [-96.70924, 40.77029], [-96.70915, 40.77031], [-96.70893, 40.77038], [-96.70881, 40.77043], [-96.70872, 40.77046], [-96.70852, 40.77055], [-96.70831, 40.77067], [-96.70811, 40.7708], [-96.70793, 40.77095], [-96.70783, 40.77104], [-96.70769, 40.77119], [-96.70757, 40.77134], [-96.70746, 40.7715], [-96.70737, 40.77169], [-96.7073, 40.77187], [-96.70725, 40.77204], [-96.70711, 40.77275], [-96.70706, 40.77293], [-96.70699, 40.77311], [-96.7069, 40.77327], [-96.70677, 40.77346], [-96.70661, 40.7736], [-96.70639, 40.77378], [-96.70625, 40.77388], [-96.70595, 40.77408], [-96.70569, 40.77421], [-96.70503, 40.77456], [-96.70504, 40.77458], [-96.70511, 40.77466], [-96.70585, 40.77569], [-96.70714, 40.77737], [-96.70931, 40.78016], [-96.70971, 40.78071], [-96.70993, 40.78104], [-96.71016, 40.78127], [-96.71037, 40.78148], [-96.71062, 40.78166], [-96.71144, 40.78224], [-96.71331, 40.7834], [-96.71425, 40.78399], [-96.71454, 40.78418], [-96.71475, 40.78435], [-96.71491, 40.7845], [-96.71513, 40.78478], [-96.71527, 40.78497], [-96.71547, 40.78532], [-96.71549, 40.78546], [-96.71555, 40.78547], [-96.71562, 40.7855], [-96.71569, 40.78552], [-96.7159, 40.78558], [-96.71593, 40.78558], [-96.71727, 40.78599], [-96.71806, 40.78622], [-96.71831, 40.7863], [-96.71846, 40.78634], [-96.71873, 40.78642], [-96.7204, 40.78692], [-96.72058, 40.78697], [-96.72068, 40.787], [-96.7236, 40.78786], [-96.724, 40.78796], [-96.7244, 40.78804], [-96.72479, 40.7881], [-96.72502, 40.78814], [-96.72512, 40.78815], [-96.72543, 40.78818], [-96.7258, 40.7882], [-96.72617, 40.78822], [-96.72655, 40.78822], [-96.72692, 40.7882], [-96.72732, 40.78818], [-96.72771, 40.78813], [-96.72805, 40.78808], [-96.72809, 40.78807], [-96.72823, 40.78805], [-96.72878, 40.78794], [-96.72915, 40.78784], [-96.72999, 40.78758], [-96.7301, 40.78754], [-96.73034, 40.78746], [-96.73021, 40.7874], [-96.72956, 40.78697], [-96.72931, 40.78679], [-96.72917, 40.78668], [-96.7291, 40.78662], [-96.72907, 40.7866], [-96.72903, 40.78656], [-96.72895, 40.7865], [-96.72879, 40.78635], [-96.72866, 40.78622], [-96.72858, 40.78614], [-96.72843, 40.78597], [-96.72825, 40.78577], [-96.7281, 40.78556], [-96.72792, 40.78529], [-96.7278, 40.78508], [-96.72775, 40.78499], [-96.72772, 40.78494], [-96.72767, 40.78484], [-96.72756, 40.78457], [-96.72755, 40.78455], [-96.72795, 40.78456], [-96.72812, 40.78456], [-96.72833, 40.78456], [-96.72934, 40.78456], [-96.73026, 40.78456], [-96.73027, 40.78373], [-96.73028, 40.78179], [-96.73029, 40.78072], [-96.73031, 40.77901], [-96.73032, 40.77755], [-96.73211, 40.77757], [-96.73395, 40.77759], [-96.73584, 40.77761], [-96.73631, 40.77761], [-96.73987, 40.77765], [-96.73988, 40.78219], [-96.73982, 40.7845], [-96.73982, 40.78458], [-96.74017, 40.78458], [-96.74068, 40.78458], [-96.74344, 40.78459], [-96.7455, 40.78459], [-96.74651, 40.78459], [-96.74717, 40.78459], [-96.74789, 40.78459], [-96.74935, 40.7846], [-96.74945, 40.7846], [-96.75058, 40.7846], [-96.75262, 40.7846], [-96.75824, 40.78461], [-96.75884, 40.78461], [-96.75895, 40.78461], [-96.75933, 40.78461], [-96.76059, 40.78461], [-96.76216, 40.78461], [-96.76292, 40.78462], [-96.76636, 40.78462], [-96.76656, 40.78462], [-96.76793, 40.78462], [-96.76845, 40.78463], [-96.76852, 40.78463], [-96.7688, 40.78463], [-96.77803, 40.78464], [-96.78229, 40.78464], [-96.78751, 40.78465], [-96.79655, 40.78467], [-96.79658, 40.77739], [-96.79661, 40.77012], [-96.79661, 40.7679], [-96.79662, 40.76753], [-96.79663, 40.76287], [-96.79665, 40.75928], [-96.79666, 40.75562], [-96.79668, 40.75203], [-96.79669, 40.74839], [-96.7967, 40.74747], [-96.79672, 40.7424], [-96.79673, 40.74113], [-96.79674, 40.73873], [-96.79674, 40.73856], [-96.79674, 40.73801], [-96.79674, 40.73795], [-96.79675, 40.73682], [-96.79675, 40.73638], [-96.79676, 40.73384], [-96.79676, 40.73354], [-96.79679, 40.72663], [-96.79679, 40.72372], [-96.79679, 40.71943], [-96.79679, 40.71842], [-96.79679, 40.71692], [-96.7968, 40.71588], [-96.7968, 40.71399], [-96.79681, 40.71214], [-96.79683, 40.70495], [-96.79683, 40.70352]]]}}, {"type": "Feature", "properties": {"tract_id": "31109002500", "name": "Census Tract 25", "pct_white_2020": 89.9, "pct_black_2020": 2.2, "pct_hispanic_2020": 5.6, "pct_asian_2020": 0.6, "population_2020": 5504}, "geometry": {"type": "Polygon", "coordinates": [[[-96.67685, 40.79672], [-96.67685, 40.7966], [-96.67683, 40.79649], [-96.67679, 40.79637], [-96.67671, 40.79623], [-96.6767, 40.7962], [-96.6763, 40.79572], [-96.67619, 40.79561], [-96.67607, 40.79552], [-96.67593, 40.79545], [-96.67581, 40.7954], [-96.6758, 40.79539], [-96.67566, 40.79535], [-96.67552, 40.79532], [-96.67542, 40.7953], [-96.67537, 40.7953], [-96.67449, 40.7953], [-96.6745, 40.79497], [-96.67452, 40.79488], [-96.67456, 40.79479], [-96.67465, 40.79466], [-96.67471, 40.79453], [-96.67475, 40.7944], [-96.67477, 40.79429], [-96.67477, 40.79416], [-96.67475, 40.79403], [-96.67471, 40.7939], [-96.67465, 40.79377], [-96.67451, 40.79351], [-96.6744, 40.79327], [-96.67431, 40.79303], [-96.67424, 40.79278], [-96.67419, 40.79252], [-96.67416, 40.79225], [-96.67414, 40.79201], [-96.67414, 40.79167], [-96.67283, 40.79167], [-96.67283, 40.78987], [-96.67282, 40.78805], [-96.67282, 40.78623], [-96.67282, 40.7857], [-96.67282, 40.78441], [-96.67282, 40.78259], [-96.67283, 40.78168], [-96.67283, 40.78078], [-96.67283, 40.78038], [-96.67281, 40.78037], [-96.67279, 40.78037], [-96.67278, 40.78036], [-96.67276, 40.78036], [-96.67275, 40.78035], [-96.67273, 40.78034], [-96.67272, 40.78033], [-96.67271, 40.78032], [-96.6727, 40.78031], [-96.67269, 40.78029], [-96.67268, 40.78028], [-96.67267, 40.78027], [-96.67267, 40.78025], [-96.67266, 40.78023], [-96.67265, 40.78022], [-96.67265, 40.7802], [-96.67265, 40.78019], [-96.67265, 40.78017], [-96.67266, 40.78015], [-96.67266, 40.78014], [-96.67266, 40.78013], [-96.67267, 40.78011], [-96.67268, 40.7801], [-96.67269, 40.78009], [-96.6727, 40.78008], [-96.67271, 40.78007], [-96.67273, 40.78006], [-96.67274, 40.78005], [-96.67276, 40.78005], [-96.67278, 40.78005], [-96.6728, 40.78004], [-96.67281, 40.78004], [-96.67283, 40.78004], [-96.67283, 40.77998], [-96.67283, 40.77922], [-96.67284, 40.77851], [-96.67284, 40.77712], [-96.6718, 40.77712], [-96.6713, 40.77712], [-96.6705, 40.77712], [-96.66889, 40.77711], [-96.66809, 40.77711], [-96.66749, 40.77711], [-96.66682, 40.77711], [-96.66557, 40.7771], [-96.66451, 40.7771], [-96.66332, 40.7771], [-96.6605, 40.77708], [-96.66001, 40.77708], [-96.65964, 40.77708], [-96.65942, 40.77708], [-96.65675, 40.77706], [-96.65542, 40.77705], [-96.65403, 40.77705], [-96.6539, 40.77705], [-96.65228, 40.77704], [-96.65119, 40.77703], [-96.6506, 40.77703], [-96.64926, 40.77702], [-96.64756, 40.77701], [-96.64587, 40.777], [-96.64434, 40.77699], [-96.6443, 40.77699], [-96.64426, 40.77699], [-96.64425, 40.77756], [-96.64423, 40.7791], [-96.64424, 40.77946], [-96.64429, 40.77978], [-96.6443, 40.77985], [-96.6444, 40.78043], [-96.64444, 40.78075], [-96.64446, 40.78107], [-96.64429, 40.78227], [-96.64413, 40.78342], [-96.64411, 40.78362], [-96.6441, 40.78385], [-96.64415, 40.78385], [-96.64423, 40.78385], [-96.64442, 40.78385], [-96.64453, 40.78385], [-96.64474, 40.7839], [-96.64527, 40.78398], [-96.64574, 40.78407], [-96.64664, 40.78422], [-96.64686, 40.78424], [-96.6475, 40.78428], [-96.64794, 40.78432], [-96.64804, 40.78434], [-96.64814, 40.78438], [-96.64827, 40.78445], [-96.64863, 40.7847], [-96.64886, 40.78488], [-96.649, 40.785], [-96.64919, 40.7852], [-96.64932, 40.78538], [-96.64942, 40.78548], [-96.64956, 40.78561], [-96.64972, 40.78572], [-96.64993, 40.78585], [-96.65002, 40.78589], [-96.65007, 40.78591], [-96.65018, 40.78593], [-96.65028, 40.78594], [-96.65044, 40.78598], [-96.6506, 40.78601], [-96.65108, 40.78604], [-96.65135, 40.78607], [-96.65156, 40.78612], [-96.65177, 40.78617], [-96.65191, 40.78623], [-96.65195, 40.78625], [-96.65199, 40.78628], [-96.65203, 40.78631], [-96.65205, 40.78635], [-96.65214, 40.7865], [-96.65221, 40.78661], [-96.65243, 40.78689], [-96.65261, 40.78714], [-96.6527, 40.78724], [-96.6528, 40.78734], [-96.65292, 40.78742], [-96.65301, 40.78748], [-96.65315, 40.78754], [-96.6533, 40.78759], [-96.65355, 40.78766], [-96.6537, 40.78769], [-96.65376, 40.7877], [-96.65382, 40.78771], [-96.65387, 40.78771], [-96.65484, 40.78776], [-96.655, 40.78775], [-96.65511, 40.78773], [-96.65521, 40.7877], [-96.65535, 40.78764], [-96.6558, 40.78741], [-96.65599, 40.78733], [-96.65609, 40.7873], [-96.65651, 40.78721], [-96.65672, 40.78719], [-96.65694, 40.7872], [-96.65721, 40.78722], [-96.65748, 40.78725], [-96.65816, 40.78738], [-96.65839, 40.7874], [-96.65854, 40.78742], [-96.65956, 40.78749], [-96.65989, 40.78753], [-96.66005, 40.78756], [-96.6602, 40.7876], [-96.66034, 40.78765], [-96.66054, 40.78773], [-96.66076, 40.78784], [-96.6616, 40.7883], [-96.66197, 40.78851], [-96.6622, 40.78865], [-96.66241, 40.78878], [-96.66267, 40.78899], [-96.66296, 40.78917], [-96.66316, 40.78931], [-96.66328, 40.78939], [-96.66333, 40.78942], [-96.66407, 40.78982], [-96.6641, 40.78984], [-96.66412, 40.78986], [-96.66416, 40.78987], [-96.6642, 40.7899], [-96.66447, 40.79004], [-96.66456, 40.79009], [-96.66469, 40.79016], [-96.66497, 40.79029], [-96.6652, 40.79039], [-96.6655, 40.79049], [-96.66555, 40.79051], [-96.6656, 40.79053], [-96.66564, 40.79055], [-96.66567, 40.79056], [-96.66574, 40.79059], [-96.66587, 40.79066], [-96.66652, 40.79104], [-96.66678, 40.79118], [-96.66686, 40.79122], [-96.66696, 40.79127], [-96.66763, 40.79163], [-96.66769, 40.79166], [-96.6678, 40.79172], [-96.6682, 40.79194], [-96.6685, 40.79212], [-96.66853, 40.79215], [-96.66865, 40.79229], [-96.66885, 40.79253], [-96.66888, 40.79257], [-96.66889, 40.79261], [-96.66892, 40.79273], [-96.66894, 40.79277], [-96.66902, 40.79288], [-96.66914, 40.79302], [-96.66932, 40.79324], [-96.66939, 40.79333], [-96.66959, 40.79358], [-96.66988, 40.79388], [-96.66993, 40.79395], [-96.66995, 40.79399], [-96.66998, 40.79406], [-96.67001, 40.79427], [-96.67, 40.79435], [-96.67004, 40.79448], [-96.67008, 40.79455], [-96.67013, 40.79462], [-96.67034, 40.79487], [-96.67045, 40.79501], [-96.67052, 40.79512], [-96.67061, 40.79531], [-96.67067, 40.79542], [-96.67075, 40.79553], [-96.67111, 40.79599], [-96.67119, 40.79608], [-96.67146, 40.79641], [-96.67161, 40.79658], [-96.67174, 40.7967], [-96.67178, 40.79674], [-96.67194, 40.79686], [-96.67206, 40.79694], [-96.6722, 40.797], [-96.67258, 40.79716], [-96.67288, 40.79733], [-96.67309, 40.79743], [-96.67334, 40.79754], [-96.67367, 40.79768], [-96.67381, 40.79775], [-96.67385, 40.79778], [-96.67398, 40.79791], [-96.67402, 40.79794], [-96.67406, 40.79796], [-96.67411, 40.79798], [-96.67452, 40.7981], [-96.67483, 40.79816], [-96.67521, 40.79819], [-96.67553, 40.79823], [-96.67563, 40.79825], [-96.67582, 40.79834], [-96.67591, 40.79838], [-96.67598, 40.79844], [-96.67608, 40.79855], [-96.67616, 40.79865], [-96.67621, 40.79873], [-96.67622, 40.79874], [-96.67623, 40.79876], [-96.67626, 40.7988], [-96.67628, 40.79881], [-96.67661, 40.79885], [-96.67662, 40.79882], [-96.67662, 40.79879], [-96.67671, 40.79833], [-96.67674, 40.79819], [-96.67681, 40.79805], [-96.67682, 40.79798], [-96.67682, 40.7979], [-96.6768, 40.79783], [-96.67677, 40.79776], [-96.67672, 40.79769], [-96.67659, 40.79757], [-96.67652, 40.79747], [-96.67647, 40.79738], [-96.67646, 40.79735], [-96.67658, 40.79725], [-96.67667, 40.79715], [-96.67674, 40.79705], [-96.67679, 40.79694], [-96.67683, 40.79683], [-96.67685, 40.79672]]]}}, {"type": "Feature", "properties": {"tract_id": "31109001900", "name": "Census Tract 19", "pct_white_2020": 84.1, "pct_black_2020": 4.4, "pct_hispanic_2020": 5.4, "pct_asian_2020": 3.6, "population_2020": 1971}, "geometry": {"type": "Polygon", "coordinates": [[[-96.7085, 40.81031], [-96.7085, 40.80921], [-96.70702, 40.80921], [-96.70555, 40.8092], [-96.70407, 40.8092], [-96.70268, 40.8092], [-96.70263, 40.8092], [-96.70256, 40.8092], [-96.70141, 40.8092], [-96.70127, 40.80919], [-96.70118, 40.80919], [-96.69973, 40.80919], [-96.69822, 40.80918], [-96.69677, 40.80918], [-96.69676, 40.81027], [-96.69676, 40.81137], [-96.69675, 40.81247], [-96.69675, 40.81356], [-96.69675, 40.81363], [-96.69674, 40.81472], [-96.69673, 40.81582], [-96.69673, 40.81692], [-96.69711, 40.81692], [-96.69817, 40.81693], [-96.69967, 40.81694], [-96.70113, 40.81693], [-96.7013, 40.81693], [-96.70257, 40.81694], [-96.70401, 40.81694], [-96.70452, 40.81697], [-96.70698, 40.81689], [-96.70712, 40.8169], [-96.70746, 40.81692], [-96.70846, 40.81696], [-96.70847, 40.81587], [-96.70847, 40.81476], [-96.70848, 40.81367], [-96.70848, 40.81364], [-96.70848, 40.81361], [-96.70849, 40.81251], [-96.70849, 40.81141], [-96.7085, 40.81031]]]}}, {"type": "Feature", "properties": {"tract_id": "31109000600", "name": "Census Tract 6", "pct_white_2020": 81.9, "pct_black_2020": 4.7, "pct_hispanic_2020": 5.2, "pct_asian_2020": 4.6, "population_2020": 5863}, "geometry": {"type": "Polygon", "coordinates": [[[-96.70863, 40.82152], [-96.70864, 40.82135], [-96.70856, 40.81981], [-96.70852, 40.8193], [-96.70839, 40.81911], [-96.7077, 40.81808], [-96.70765, 40.818], [-96.70749, 40.81774], [-96.70736, 40.81749], [-96.70723, 40.81721], [-96.70712, 40.8169], [-96.70698, 40.81689], [-96.70452, 40.81697], [-96.70401, 40.81694], [-96.70257, 40.81694], [-96.7013, 40.81693], [-96.70113, 40.81693], [-96.69967, 40.81694], [-96.69817, 40.81693], [-96.69711, 40.81692], [-96.69673, 40.81692], [-96.69673, 40.81582], [-96.69529, 40.81582], [-96.69385, 40.81581], [-96.69378, 40.81639], [-96.69358, 40.81683], [-96.69345, 40.81705], [-96.69304, 40.8176], [-96.69283, 40.81781], [-96.69272, 40.81791], [-96.6925, 40.8182], [-96.69235, 40.81849], [-96.69228, 40.81869], [-96.69224, 40.81891], [-96.69223, 40.81906], [-96.69222, 40.81927], [-96.69222, 40.81967], [-96.69224, 40.81995], [-96.69245, 40.82048], [-96.69259, 40.82076], [-96.69267, 40.82083], [-96.69271, 40.82101], [-96.69272, 40.82104], [-96.69324, 40.82163], [-96.69329, 40.82166], [-96.69349, 40.82184], [-96.69373, 40.82198], [-96.69397, 40.82213], [-96.69421, 40.82229], [-96.69434, 40.82237], [-96.69442, 40.82242], [-96.69469, 40.8226], [-96.69591, 40.8235], [-96.69603, 40.82359], [-96.69606, 40.82362], [-96.69607, 40.82363], [-96.69615, 40.82369], [-96.69652, 40.82401], [-96.69706, 40.8245], [-96.69733, 40.82475], [-96.69785, 40.82551], [-96.69813, 40.82594], [-96.69826, 40.82615], [-96.69843, 40.82642], [-96.69874, 40.82692], [-96.69892, 40.82722], [-96.69899, 40.82727], [-96.69928, 40.82712], [-96.70128, 40.82609], [-96.70216, 40.82562], [-96.70266, 40.82537], [-96.70405, 40.82462], [-96.70544, 40.82391], [-96.70581, 40.82371], [-96.70674, 40.8232], [-96.70718, 40.82293], [-96.70724, 40.82283], [-96.70729, 40.82276], [-96.70745, 40.82253], [-96.70757, 40.82246], [-96.7076, 40.82246], [-96.70762, 40.82246], [-96.70765, 40.82245], [-96.70766, 40.82245], [-96.70767, 40.82244], [-96.70769, 40.82244], [-96.7077, 40.82243], [-96.70772, 40.82242], [-96.70774, 40.82241], [-96.70775, 40.8224], [-96.70776, 40.82239], [-96.70777, 40.82237], [-96.70778, 40.82236], [-96.70779, 40.82235], [-96.70779, 40.82234], [-96.7078, 40.82233], [-96.70794, 40.82224], [-96.70838, 40.82193], [-96.70862, 40.8217], [-96.70849, 40.82181], [-96.70847, 40.8218], [-96.70847, 40.82179], [-96.70846, 40.82178], [-96.70845, 40.82176], [-96.70844, 40.82175], [-96.70843, 40.82174], [-96.70843, 40.82172], [-96.70843, 40.82171], [-96.70843, 40.8217], [-96.70843, 40.82168], [-96.70843, 40.82167], [-96.70843, 40.82165], [-96.70844, 40.82164], [-96.70844, 40.82163], [-96.70845, 40.82162], [-96.70846, 40.82161], [-96.70847, 40.8216], [-96.70848, 40.82159], [-96.70849, 40.82158], [-96.7085, 40.82157], [-96.70851, 40.82157], [-96.70852, 40.82156], [-96.70853, 40.82156], [-96.70855, 40.82155], [-96.70857, 40.82154], [-96.70858, 40.82154], [-96.7086, 40.82153], [-96.70861, 40.82153], [-96.70862, 40.82153], [-96.70863, 40.82153], [-96.70863, 40.82152]]]}}, {"type": "Feature", "properties": {"tract_id": "31109000800", "name": "Census Tract 8", "pct_white_2020": 51.5, "pct_black_2020": 15.7, "pct_hispanic_2020": 19.3, "pct_asian_2020": 8.8, "population_2020": 3882}, "geometry": {"type": "Polygon", "coordinates": [[[-96.6824, 40.81466], [-96.68241, 40.81358], [-96.68226, 40.81358], [-96.68199, 40.81358], [-96.68115, 40.81355], [-96.68087, 40.81355], [-96.68028, 40.81353], [-96.67968, 40.81353], [-96.67941, 40.81353], [-96.67831, 40.81353], [-96.6776, 40.81353], [-96.67663, 40.81353], [-96.67649, 40.81353], [-96.6763, 40.81353], [-96.675, 40.81354], [-96.67463, 40.81354], [-96.67288, 40.81354], [-96.67278, 40.81354], [-96.67151, 40.81354], [-96.67019, 40.81354], [-96.66948, 40.81354], [-96.66948, 40.81445], [-96.66948, 40.81451], [-96.67019, 40.81451], [-96.67019, 40.81502], [-96.66949, 40.81502], [-96.66953, 40.81553], [-96.66887, 40.81553], [-96.66888, 40.81711], [-96.66888, 40.81721], [-96.66888, 40.81762], [-96.66888, 40.81789], [-96.66888, 40.81803], [-96.66886, 40.81811], [-96.66887, 40.81913], [-96.66888, 40.82073], [-96.66888, 40.82076], [-96.66888, 40.82079], [-96.6702, 40.82079], [-96.67021, 40.82176], [-96.67021, 40.82277], [-96.67021, 40.82311], [-96.67271, 40.82309], [-96.67285, 40.82303], [-96.67303, 40.823], [-96.67316, 40.82292], [-96.67322, 40.82292], [-96.67343, 40.823], [-96.67361, 40.82299], [-96.67368, 40.82298], [-96.67378, 40.82296], [-96.67391, 40.82298], [-96.67408, 40.82304], [-96.67426, 40.82307], [-96.67437, 40.82307], [-96.67476, 40.82307], [-96.67513, 40.82303], [-96.67538, 40.82302], [-96.67651, 40.82304], [-96.67672, 40.82303], [-96.67688, 40.823], [-96.67704, 40.823], [-96.67717, 40.82301], [-96.67729, 40.82304], [-96.67743, 40.82309], [-96.67749, 40.82312], [-96.67754, 40.82317], [-96.67756, 40.82326], [-96.67764, 40.82336], [-96.67766, 40.8234], [-96.67771, 40.82347], [-96.67778, 40.8235], [-96.67786, 40.82353], [-96.67804, 40.82352], [-96.67821, 40.8235], [-96.67842, 40.82345], [-96.68002, 40.8235], [-96.68219, 40.82351], [-96.68233, 40.82352], [-96.68235, 40.82278], [-96.68235, 40.82255], [-96.68236, 40.82175], [-96.68238, 40.82079], [-96.68238, 40.82074], [-96.68238, 40.8207], [-96.68238, 40.81909], [-96.68239, 40.81811], [-96.68239, 40.81789], [-96.68239, 40.81709], [-96.68239, 40.81686], [-96.6824, 40.81576], [-96.6824, 40.81466]]]}}, {"type": "Feature", "properties": {"tract_id": "31109000900", "name": "Census Tract 9", "pct_white_2020": 80.9, "pct_black_2020": 7.4, "pct_hispanic_2020": 6.6, "pct_asian_2020": 2.5, "population_2020": 3270}, "geometry": {"type": "Polygon", "coordinates": [[[-96.67286, 40.82802], [-96.67286, 40.82711], [-96.67286, 40.8262], [-96.67286, 40.82529], [-96.67285, 40.82448], [-96.67285, 40.82439], [-96.67285, 40.82422], [-96.67285, 40.82389], [-96.67285, 40.82342], [-96.67285, 40.82331], [-96.67285, 40.82303], [-96.67271, 40.82309], [-96.67021, 40.82311], [-96.67021, 40.82277], [-96.67021, 40.82176], [-96.6702, 40.82079], [-96.66888, 40.82079], [-96.66888, 40.82076], [-96.66888, 40.82073], [-96.66887, 40.81913], [-96.66886, 40.81811], [-96.66888, 40.81803], [-96.66888, 40.81789], [-96.66888, 40.81762], [-96.66888, 40.81721], [-96.66888, 40.81711], [-96.66887, 40.81553], [-96.66953, 40.81553], [-96.66949, 40.81502], [-96.67019, 40.81502], [-96.67019, 40.81451], [-96.66948, 40.81451], [-96.66948, 40.81445], [-96.66948, 40.81354], [-96.66942, 40.81354], [-96.6693, 40.81354], [-96.66813, 40.81354], [-96.66779, 40.81354], [-96.66628, 40.81354], [-96.66475, 40.81353], [-96.66332, 40.81353], [-96.66102, 40.81353], [-96.6609, 40.81353], [-96.65914, 40.81354], [-96.6585, 40.81354], [-96.65727, 40.81354], [-96.65611, 40.81353], [-96.65378, 40.81353], [-96.65363, 40.81353], [-96.65363, 40.81442], [-96.65366, 40.81496], [-96.65366, 40.81711], [-96.65366, 40.81946], [-96.65366, 40.8207], [-96.65366, 40.82075], [-96.65366, 40.8208], [-96.65367, 40.82213], [-96.65367, 40.82224], [-96.65369, 40.82267], [-96.65371, 40.82299], [-96.65371, 40.82319], [-96.65371, 40.82434], [-96.65372, 40.82525], [-96.65372, 40.82569], [-96.65372, 40.82624], [-96.65372, 40.82705], [-96.65373, 40.82796], [-96.65373, 40.82802], [-96.65373, 40.82808], [-96.65372, 40.82935], [-96.65371, 40.83034], [-96.6537, 40.83133], [-96.65369, 40.83315], [-96.65368, 40.8336], [-96.65365, 40.83418], [-96.65365, 40.83429], [-96.65364, 40.8353], [-96.65381, 40.83531], [-96.65381, 40.83536], [-96.65634, 40.83537], [-96.65657, 40.83538], [-96.6568, 40.83541], [-96.65703, 40.83545], [-96.65726, 40.83551], [-96.65747, 40.83558], [-96.65749, 40.83558], [-96.65768, 40.83566], [-96.65786, 40.83575], [-96.65886, 40.83634], [-96.65983, 40.83691], [-96.65999, 40.837], [-96.66017, 40.83708], [-96.66021, 40.8371], [-96.66039, 40.83717], [-96.66047, 40.83719], [-96.6606, 40.83723], [-96.6608, 40.83728], [-96.66092, 40.83729], [-96.66102, 40.83731], [-96.66124, 40.83733], [-96.66146, 40.83734], [-96.66277, 40.83734], [-96.66407, 40.83734], [-96.66537, 40.83734], [-96.66597, 40.83734], [-96.66667, 40.83734], [-96.66797, 40.83734], [-96.66812, 40.83734], [-96.66927, 40.83734], [-96.67059, 40.83734], [-96.67098, 40.83734], [-96.67281, 40.83734], [-96.67281, 40.8373], [-96.67281, 40.83723], [-96.67281, 40.83658], [-96.67281, 40.83529], [-96.67282, 40.83439], [-96.67282, 40.83348], [-96.67283, 40.83257], [-96.67284, 40.83165], [-96.67284, 40.8309], [-96.67285, 40.82996], [-96.67286, 40.82802]]]}}, {"type": "Feature", "properties": {"tract_id": "31109001102", "name": "Census Tract 11.02", "pct_white_2020": 83.2, "pct_black_2020": 3.3, "pct_hispanic_2020": 3.2, "pct_asian_2020": 3.0, "population_2020": 3314}, "geometry": {"type": "Polygon", "coordinates": [[[-96.63044, 40.82895], [-96.63045, 40.82793], [-96.62912, 40.82792], [-96.6278, 40.82792], [-96.62649, 40.82791], [-96.62499, 40.8279], [-96.62368, 40.82791], [-96.62137, 40.82792], [-96.6213, 40.82792], [-96.61814, 40.82794], [-96.61724, 40.82795], [-96.61546, 40.82796], [-96.61318, 40.82797], [-96.6125, 40.82797], [-96.61209, 40.82798], [-96.61135, 40.82798], [-96.60905, 40.82799], [-96.60595, 40.82801], [-96.60595, 40.82823], [-96.60594, 40.83145], [-96.60594, 40.83223], [-96.60594, 40.83331], [-96.60593, 40.83519], [-96.60593, 40.83531], [-96.60772, 40.8353], [-96.60861, 40.83529], [-96.60958, 40.83528], [-96.61118, 40.83527], [-96.61247, 40.83526], [-96.61352, 40.83525], [-96.61544, 40.83524], [-96.6158, 40.83524], [-96.61747, 40.83522], [-96.61782, 40.83522], [-96.61901, 40.83521], [-96.62017, 40.8352], [-96.62072, 40.8352], [-96.62124, 40.8352], [-96.62496, 40.83517], [-96.62642, 40.83518], [-96.62743, 40.83518], [-96.62774, 40.83519], [-96.62822, 40.83519], [-96.62906, 40.83519], [-96.62992, 40.8352], [-96.63038, 40.8352], [-96.63039, 40.83419], [-96.6304, 40.83317], [-96.63041, 40.83238], [-96.63041, 40.8321], [-96.63042, 40.83104], [-96.63043, 40.82996], [-96.63044, 40.82895]]]}}]}