{"type": "FeatureCollection", "features": [{"type": "Feature", "properties": {"tract_id": "37063001301", "name": "Census Tract 13.01", "pct_white_2020": 15.1, "pct_black_2020": 58.5, "pct_hispanic_2020": 21.2, "pct_asian_2020": 0.0, "population_2020": 1876}, "geometry": {"type": "Polygon", "coordinates": [[[-78.90885, 35.98381], [-78.9089, 35.9838], [-78.90863, 35.98325], [-78.90845, 35.98273], [-78.90839, 35.98241], [-78.90836, 35.98225], [-78.90837, 35.9819], [-78.90858, 35.98018], [-78.90865, 35.97962], [-78.90828, 35.97961], [-78.90827, 35.97958], [-78.90826, 35.97955], [-78.90822, 35.97952], [-78.90817, 35.9795], [-78.90737, 35.97937], [-78.9073, 35.97944], [-78.90726, 35.9795], [-78.90717, 35.97963], [-78.90709, 35.97976], [-78.90703, 35.97995], [-78.90695, 35.98032], [-78.90567, 35.97963], [-78.90433, 35.97891], [-78.90405, 35.97876], [-78.90399, 35.97872], [-78.90318, 35.97827], [-78.903, 35.97819], [-78.90292, 35.97817], [-78.9028, 35.97816], [-78.90265, 35.97816], [-78.90166, 35.97807], [-78.90063, 35.97796], [-78.90043, 35.97792], [-78.90062, 35.97739], [-78.90027, 35.97739], [-78.9002, 35.97739], [-78.89955, 35.97739], [-78.89941, 35.97739], [-78.89815, 35.9774], [-78.89698, 35.9774], [-78.89615, 35.97713], [-78.89578, 35.97701], [-78.8954, 35.9769], [-78.89513, 35.97682], [-78.89454, 35.97666], [-78.89304, 35.97627], [-78.89279, 35.97693], [-78.89271, 35.97713], [-78.89242, 35.97789], [-78.89221, 35.97847], [-78.89206, 35.97889], [-78.89181, 35.97941], [-78.89358, 35.97992], [-78.89338, 35.98083], [-78.89318, 35.9818], [-78.89305, 35.98242], [-78.89298, 35.98257], [-78.8929, 35.98276], [-78.89285, 35.98285], [-78.8928, 35.9829], [-78.89266, 35.98315], [-78.89316, 35.98369], [-78.89338, 35.98388], [-78.89355, 35.98359], [-78.89381, 35.98316], [-78.89386, 35.98309], [-78.8939, 35.98302], [-78.89394, 35.98294], [-78.8941, 35.98293], [-78.8944, 35.98293], [-78.89469, 35.98293], [-78.89513, 35.98291], [-78.89621, 35.98283], [-78.8966, 35.98282], [-78.8975, 35.98283], [-78.89871, 35.98283], [-78.89879, 35.98284], [-78.89884, 35.98285], [-78.89891, 35.98287], [-78.89904, 35.98289], [-78.89926, 35.98289], [-78.89967, 35.98287], [-78.90059, 35.98281], [-78.90116, 35.9828], [-78.90162, 35.98275], [-78.90172, 35.98275], [-78.90271, 35.9827], [-78.90318, 35.98268], [-78.90354, 35.98269], [-78.90382, 35.98268], [-78.90435, 35.98264], [-78.90477, 35.9826], [-78.9049, 35.98258], [-78.90499, 35.98258], [-78.90503, 35.98239], [-78.90507, 35.98229], [-78.90514, 35.98216], [-78.9052, 35.98207], [-78.90535, 35.9819], [-78.90558, 35.98169], [-78.90638, 35.98211], [-78.90647, 35.98213], [-78.90656, 35.98213], [-78.90776, 35.98215], [-78.90763, 35.98274], [-78.9074, 35.98364], [-78.90738, 35.98376], [-78.90816, 35.98378], [-78.90833, 35.98379], [-78.90879, 35.98381], [-78.90885, 35.98381]]]}}, {"type": "Feature", "properties": {"tract_id": "37063002300", "name": "Census Tract 23", "pct_white_2020": 29.1, "pct_black_2020": 43.9, "pct_hispanic_2020": 15.7, "pct_asian_2020": 6.6, "population_2020": 2228}, "geometry": {"type": "Polygon", "coordinates": [[[-78.90906, 35.98449], [-78.90906, 35.98437], [-78.90904, 35.98419], [-78.909, 35.98404], [-78.9089, 35.9838], [-78.90885, 35.98381], [-78.90879, 35.98381], [-78.90833, 35.98379], [-78.90816, 35.98378], [-78.90738, 35.98376], [-78.9074, 35.98364], [-78.90763, 35.98274], [-78.90776, 35.98215], [-78.90656, 35.98213], [-78.90647, 35.98213], [-78.90638, 35.98211], [-78.90558, 35.98169], [-78.90535, 35.9819], [-78.9052, 35.98207], [-78.90514, 35.98216], [-78.90507, 35.98229], [-78.90503, 35.98239], [-78.90499, 35.98258], [-78.9049, 35.98258], [-78.90477, 35.9826], [-78.90435, 35.98264], [-78.90382, 35.98268], [-78.90354, 35.98269], [-78.90318, 35.98268], [-78.90271, 35.9827], [-78.90172, 35.98275], [-78.90162, 35.98275], [-78.90116, 35.9828], [-78.90059, 35.98281], [-78.89967, 35.98287], [-78.89926, 35.98289], [-78.89904, 35.98289], [-78.89891, 35.98287], [-78.89884, 35.98285], [-78.89879, 35.98284], [-78.89871, 35.98283], [-78.8975, 35.98283], [-78.8966, 35.98282], [-78.89621, 35.98283], [-78.89513, 35.98291], [-78.89469, 35.98293], [-78.8944, 35.98293], [-78.8941, 35.98293], [-78.89394, 35.98294], [-78.8939, 35.98302], [-78.89386, 35.98309], [-78.89381, 35.98316], [-78.89355, 35.98359], [-78.89338, 35.98388], [-78.89326, 35.98407], [-78.89259, 35.9852], [-78.89253, 35.9853], [-78.89249, 35.9854], [-78.89317, 35.98569], [-78.89354, 35.98585], [-78.89404, 35.98611], [-78.89418, 35.98619], [-78.8943, 35.98627], [-78.89456, 35.98645], [-78.89478, 35.98662], [-78.89508, 35.98686], [-78.89519, 35.98697], [-78.89539, 35.98718], [-78.89569, 35.9875], [-78.89579, 35.98764], [-78.89592, 35.98781], [-78.89605, 35.98802], [-78.89613, 35.98817], [-78.89619, 35.98832], [-78.89622, 35.98842], [-78.89623, 35.98845], [-78.89707, 35.99019], [-78.8972, 35.99045], [-78.89725, 35.99055], [-78.89733, 35.99068], [-78.89737, 35.99074], [-78.89749, 35.99091], [-78.8976, 35.99106], [-78.89789, 35.99148], [-78.89819, 35.99186], [-78.89839, 35.99209], [-78.89859, 35.99231], [-78.89872, 35.99244], [-78.89889, 35.99259], [-78.89916, 35.99283], [-78.89926, 35.99292], [-78.89945, 35.99307], [-78.89969, 35.99324], [-78.89999, 35.99345], [-78.90021, 35.9936], [-78.9004, 35.99371], [-78.90131, 35.99422], [-78.90181, 35.99449], [-78.90251, 35.99488], [-78.90265, 35.9948], [-78.90278, 35.99474], [-78.90287, 35.99467], [-78.90319, 35.99429], [-78.9044, 35.99282], [-78.90497, 35.99214], [-78.9056, 35.99133], [-78.90568, 35.99123], [-78.90573, 35.99114], [-78.90583, 35.99097], [-78.90598, 35.99072], [-78.90608, 35.99053], [-78.9062, 35.99048], [-78.90627, 35.99043], [-78.90636, 35.99027], [-78.90645, 35.99003], [-78.90674, 35.98922], [-78.90687, 35.98876], [-78.90712, 35.98829], [-78.90791, 35.98695], [-78.90792, 35.98693], [-78.90796, 35.98685], [-78.90853, 35.98581], [-78.9087, 35.98552], [-78.90876, 35.98542], [-78.90887, 35.98526], [-78.90892, 35.98514], [-78.909, 35.98487], [-78.90906, 35.98449]]]}}, {"type": "Feature", "properties": {"tract_id": "37063001304", "name": "Census Tract 13.04", "pct_white_2020": 13.8, "pct_black_2020": 58.0, "pct_hispanic_2020": 24.0, "pct_asian_2020": 0.0, "population_2020": 2426}, "geometry": {"type": "Polygon", "coordinates": [[[-78.92168, 35.96741], [-78.92219, 35.96703], [-78.91939, 35.96533], [-78.91797, 35.96449], [-78.91786, 35.96443], [-78.91774, 35.96435], [-78.9176, 35.96425], [-78.91738, 35.96407], [-78.91731, 35.96401], [-78.9171, 35.96379], [-78.91621, 35.96268], [-78.91502, 35.96121], [-78.91496, 35.96113], [-78.91482, 35.961], [-78.91473, 35.96092], [-78.91461, 35.96084], [-78.91446, 35.96076], [-78.91434, 35.9607], [-78.91414, 35.96062], [-78.91394, 35.96056], [-78.91381, 35.96053], [-78.91362, 35.9605], [-78.91306, 35.96042], [-78.91287, 35.96039], [-78.91198, 35.96024], [-78.91095, 35.96007], [-78.91048, 35.95998], [-78.91047, 35.96003], [-78.91042, 35.96015], [-78.91028, 35.96044], [-78.91016, 35.96061], [-78.91008, 35.96071], [-78.90992, 35.9609], [-78.90941, 35.96144], [-78.90863, 35.96228], [-78.90846, 35.96225], [-78.90825, 35.96223], [-78.90801, 35.9622], [-78.90785, 35.96218], [-78.90769, 35.96217], [-78.90758, 35.96215], [-78.90744, 35.96214], [-78.90723, 35.96212], [-78.90712, 35.96212], [-78.90694, 35.96214], [-78.90686, 35.96212], [-78.9068, 35.96212], [-78.90673, 35.9621], [-78.90666, 35.9621], [-78.90661, 35.9621], [-78.9065, 35.96209], [-78.90649, 35.96211], [-78.90645, 35.96212], [-78.90637, 35.96211], [-78.90631, 35.96212], [-78.90625, 35.9621], [-78.90615, 35.96208], [-78.9061, 35.96208], [-78.90598, 35.96207], [-78.90581, 35.9621], [-78.90575, 35.9621], [-78.90565, 35.96211], [-78.90559, 35.96212], [-78.90537, 35.96216], [-78.9053, 35.96217], [-78.905, 35.96212], [-78.90473, 35.9621], [-78.90454, 35.9621], [-78.9044, 35.96211], [-78.90423, 35.96214], [-78.904, 35.96218], [-78.90397, 35.96218], [-78.90371, 35.9622], [-78.9036, 35.96221], [-78.9035, 35.96224], [-78.9034, 35.96227], [-78.90329, 35.96232], [-78.90306, 35.96237], [-78.90292, 35.96241], [-78.90289, 35.96243], [-78.90283, 35.96246], [-78.90277, 35.9625], [-78.90266, 35.96255], [-78.90244, 35.96263], [-78.90226, 35.96267], [-78.90202, 35.96274], [-78.90189, 35.96279], [-78.90185, 35.96281], [-78.9017, 35.96285], [-78.90152, 35.96285], [-78.90136, 35.96287], [-78.90127, 35.96287], [-78.90114, 35.96291], [-78.90107, 35.96294], [-78.90087, 35.96301], [-78.90084, 35.96302], [-78.90077, 35.96305], [-78.9005, 35.96311], [-78.89983, 35.96327], [-78.89964, 35.96334], [-78.89949, 35.96338], [-78.89941, 35.96342], [-78.89933, 35.96347], [-78.89929, 35.9635], [-78.89923, 35.96352], [-78.89915, 35.96354], [-78.89904, 35.96356], [-78.89887, 35.9636], [-78.89858, 35.9637], [-78.89841, 35.96377], [-78.89839, 35.96382], [-78.89832, 35.96385], [-78.89825, 35.96389], [-78.8982, 35.96391], [-78.89806, 35.964], [-78.89795, 35.96407], [-78.89776, 35.9643], [-78.89772, 35.96437], [-78.89765, 35.96443], [-78.89757, 35.96448], [-78.89754, 35.9645], [-78.89751, 35.96452], [-78.89743, 35.96457], [-78.89737, 35.9646], [-78.89731, 35.96463], [-78.8972, 35.96467], [-78.89712, 35.96472], [-78.89707, 35.96479], [-78.8967, 35.96513], [-78.89659, 35.96525], [-78.89656, 35.96528], [-78.8965, 35.96535], [-78.8964, 35.96558], [-78.8964, 35.96567], [-78.89637, 35.96583], [-78.89636, 35.96588], [-78.8963, 35.96602], [-78.89627, 35.9661], [-78.89623, 35.96617], [-78.8962, 35.96625], [-78.89615, 35.96632], [-78.89609, 35.96637], [-78.89603, 35.96645], [-78.89599, 35.9665], [-78.89593, 35.96656], [-78.89586, 35.96659], [-78.89578, 35.96663], [-78.89554, 35.96677], [-78.8954, 35.96684], [-78.8954, 35.96691], [-78.8954, 35.96726], [-78.89572, 35.96725], [-78.89582, 35.96723], [-78.89587, 35.96722], [-78.89594, 35.96719], [-78.89606, 35.96713], [-78.89663, 35.96679], [-78.89697, 35.96659], [-78.89712, 35.96651], [-78.89723, 35.96646], [-78.89736, 35.96641], [-78.89755, 35.96636], [-78.89766, 35.96635], [-78.89793, 35.96634], [-78.89805, 35.96634], [-78.89839, 35.96634], [-78.89862, 35.96636], [-78.89882, 35.9664], [-78.899, 35.96644], [-78.89906, 35.96645], [-78.89932, 35.9665], [-78.89954, 35.96652], [-78.89975, 35.96652], [-78.89996, 35.96648], [-78.90009, 35.96644], [-78.90013, 35.96651], [-78.90022, 35.96667], [-78.90026, 35.96673], [-78.90028, 35.96679], [-78.90041, 35.96683], [-78.90051, 35.96687], [-78.90058, 35.9669], [-78.90228, 35.96742], [-78.90355, 35.96781], [-78.90415, 35.96716], [-78.9046, 35.96666], [-78.90554, 35.96724], [-78.90686, 35.96581], [-78.90742, 35.9652], [-78.90761, 35.96503], [-78.90763, 35.9654], [-78.9076, 35.96561], [-78.9076, 35.96567], [-78.90755, 35.96597], [-78.90744, 35.96623], [-78.90682, 35.96776], [-78.90651, 35.96862], [-78.9064, 35.96903], [-78.90626, 35.96984], [-78.90625, 35.97015], [-78.90632, 35.9705], [-78.90641, 35.9709], [-78.9065, 35.97126], [-78.90667, 35.97164], [-78.90674, 35.97178], [-78.90681, 35.9719], [-78.90724, 35.97245], [-78.90738, 35.97263], [-78.90778, 35.97309], [-78.90808, 35.97348], [-78.90821, 35.97367], [-78.90834, 35.97391], [-78.90853, 35.97434], [-78.90861, 35.97458], [-78.90864, 35.97473], [-78.90867, 35.97497], [-78.90869, 35.97542], [-78.90869, 35.97549], [-78.90869, 35.97559], [-78.9087, 35.97558], [-78.90888, 35.97551], [-78.90916, 35.97541], [-78.90943, 35.9753], [-78.9096, 35.97522], [-78.90973, 35.97516], [-78.91016, 35.97486], [-78.91032, 35.97475], [-78.91055, 35.97459], [-78.9111, 35.97418], [-78.91115, 35.97414], [-78.91127, 35.97406], [-78.9114, 35.97399], [-78.91157, 35.9739], [-78.91188, 35.97376], [-78.91195, 35.97373], [-78.91211, 35.97367], [-78.91239, 35.97359], [-78.91265, 35.97353], [-78.91273, 35.97352], [-78.91286, 35.97349], [-78.9131, 35.97344], [-78.91333, 35.97336], [-78.91346, 35.9733], [-78.91353, 35.97326], [-78.91358, 35.97323], [-78.91368, 35.97317], [-78.91379, 35.97307], [-78.91389, 35.97295], [-78.91413, 35.97266], [-78.91454, 35.97211], [-78.91478, 35.97183], [-78.91488, 35.97169], [-78.915, 35.97151], [-78.91511, 35.97132], [-78.9152, 35.97116], [-78.91527, 35.97102], [-78.91535, 35.97084], [-78.91549, 35.97045], [-78.9156, 35.97008], [-78.91581, 35.96909], [-78.9161, 35.96771], [-78.91614, 35.96758], [-78.91619, 35.96745], [-78.91625, 35.96732], [-78.91636, 35.96715], [-78.91645, 35.96704], [-78.91676, 35.96715], [-78.91685, 35.96718], [-78.91687, 35.96719], [-78.91697, 35.96723], [-78.9171, 35.9673], [-78.91739, 35.96747], [-78.91759, 35.9676], [-78.91836, 35.96817], [-78.91877, 35.96847], [-78.91892, 35.96856], [-78.91907, 35.9686], [-78.91919, 35.96861], [-78.91936, 35.96858], [-78.91946, 35.96854], [-78.92109, 35.96777], [-78.92168, 35.96741]]]}}, {"type": "Feature", "properties": {"tract_id": "37063000301", "name": "Census Tract 3.01", "pct_white_2020": 51.9, "pct_black_2020": 25.5, "pct_hispanic_2020": 11.7, "pct_asian_2020": 0.7, "population_2020": 2917}, "geometry": {"type": "Polygon", "coordinates": [[[-78.91957, 36.01043], [-78.91959, 36.00993], [-78.91897, 36.0099], [-78.9184, 36.00987], [-78.91777, 36.00985], [-78.91718, 36.00983], [-78.91595, 36.00978], [-78.91548, 36.00976], [-78.91535, 36.00975], [-78.91474, 36.00973], [-78.91413, 36.00971], [-78.91374, 36.00969], [-78.91348, 36.00969], [-78.91292, 36.00967], [-78.91242, 36.00965], [-78.91236, 36.00966], [-78.91225, 36.00969], [-78.91212, 36.00972], [-78.91195, 36.00976], [-78.91162, 36.00981], [-78.91145, 36.00984], [-78.91128, 36.00989], [-78.91115, 36.00993], [-78.91109, 36.00994], [-78.91103, 36.01111], [-78.91101, 36.0114], [-78.91097, 36.01229], [-78.91091, 36.01321], [-78.91079, 36.01503], [-78.9107, 36.01647], [-78.91067, 36.01689], [-78.91061, 36.01689], [-78.91016, 36.01692], [-78.90948, 36.01691], [-78.90909, 36.01691], [-78.90829, 36.0169], [-78.90694, 36.01688], [-78.90674, 36.01688], [-78.90561, 36.01691], [-78.90545, 36.0169], [-78.90421, 36.01687], [-78.90388, 36.01686], [-78.90291, 36.01683], [-78.90254, 36.01682], [-78.90172, 36.01682], [-78.90149, 36.01683], [-78.90135, 36.01684], [-78.90101, 36.01689], [-78.90072, 36.01696], [-78.90043, 36.01705], [-78.90012, 36.01718], [-78.8986, 36.01784], [-78.89837, 36.01794], [-78.89932, 36.01833], [-78.9002, 36.01881], [-78.90058, 36.01902], [-78.90109, 36.0193], [-78.90134, 36.01942], [-78.9025, 36.01994], [-78.90348, 36.02027], [-78.90411, 36.02049], [-78.90527, 36.02081], [-78.90571, 36.02093], [-78.90615, 36.02103], [-78.91001, 36.02201], [-78.91018, 36.02205], [-78.91033, 36.0221], [-78.91056, 36.02215], [-78.91118, 36.02234], [-78.9115, 36.02239], [-78.9135, 36.02312], [-78.91463, 36.02384], [-78.91468, 36.02387], [-78.9166, 36.02527], [-78.91674, 36.02516], [-78.91726, 36.02474], [-78.91797, 36.02413], [-78.91863, 36.02357], [-78.91871, 36.02349], [-78.91875, 36.02344], [-78.91879, 36.02338], [-78.91883, 36.02257], [-78.91894, 36.02079], [-78.91905, 36.01899], [-78.91916, 36.01717], [-78.91927, 36.01535], [-78.91938, 36.01355], [-78.91943, 36.01277], [-78.91945, 36.01254], [-78.91949, 36.01175], [-78.91957, 36.01043]]]}}, {"type": "Feature", "properties": {"tract_id": "37063002008", "name": "Census Tract 20.08", "pct_white_2020": 83.6, "pct_black_2020": 5.5, "pct_hispanic_2020": 3.4, "pct_asian_2020": 2.4, "population_2020": 3767}, "geometry": {"type": "Polygon", "coordinates": [[[-78.96894, 35.9484], [-78.96888, 35.94821], [-78.96866, 35.94757], [-78.96858, 35.94731], [-78.96822, 35.94632], [-78.96803, 35.9458], [-78.96801, 35.94576], [-78.96774, 35.94508], [-78.9673, 35.94426], [-78.96719, 35.94404], [-78.96641, 35.94273], [-78.96586, 35.94179], [-78.96563, 35.94139], [-78.96478, 35.93985], [-78.96459, 35.93949], [-78.96453, 35.93939], [-78.96397, 35.93833], [-78.96377, 35.93799], [-78.96298, 35.93683], [-78.96248, 35.93612], [-78.96208, 35.93545], [-78.96184, 35.93502], [-78.96154, 35.93448], [-78.96104, 35.93354], [-78.96097, 35.93343], [-78.96086, 35.93318], [-78.96077, 35.93297], [-78.9607, 35.93274], [-78.96061, 35.93243], [-78.96042, 35.93153], [-78.9604, 35.93139], [-78.96019, 35.93028], [-78.96015, 35.93005], [-78.96013, 35.92985], [-78.96012, 35.92966], [-78.96013, 35.92947], [-78.96014, 35.92934], [-78.96016, 35.92922], [-78.96028, 35.92883], [-78.96032, 35.92872], [-78.96036, 35.92857], [-78.96038, 35.92846], [-78.96042, 35.92839], [-78.96045, 35.92827], [-78.96059, 35.92784], [-78.96061, 35.92776], [-78.96064, 35.92768], [-78.96066, 35.92758], [-78.96071, 35.92713], [-78.96076, 35.92645], [-78.96078, 35.92617], [-78.96081, 35.92592], [-78.96089, 35.92494], [-78.96091, 35.92391], [-78.96093, 35.92224], [-78.9609, 35.92165], [-78.96085, 35.92149], [-78.96078, 35.92133], [-78.9607, 35.92118], [-78.9606, 35.92104], [-78.9605, 35.92092], [-78.96036, 35.92078], [-78.9597, 35.92025], [-78.9586, 35.92117], [-78.95795, 35.92168], [-78.95769, 35.9219], [-78.95749, 35.92206], [-78.95743, 35.9221], [-78.95722, 35.92228], [-78.95701, 35.92251], [-78.95678, 35.92278], [-78.95673, 35.92284], [-78.95641, 35.9233], [-78.95637, 35.92335], [-78.95622, 35.92358], [-78.95609, 35.92378], [-78.95576, 35.92428], [-78.95547, 35.92468], [-78.95531, 35.92491], [-78.95514, 35.92516], [-78.95505, 35.92527], [-78.95489, 35.9255], [-78.95409, 35.92661], [-78.95392, 35.92687], [-78.95371, 35.92718], [-78.95361, 35.92737], [-78.95357, 35.92743], [-78.9535, 35.92759], [-78.95342, 35.92779], [-78.95331, 35.92803], [-78.95327, 35.92813], [-78.95313, 35.92848], [-78.95303, 35.92873], [-78.95278, 35.92934], [-78.95265, 35.92969], [-78.9526, 35.9298], [-78.95247, 35.93012], [-78.95232, 35.93049], [-78.95215, 35.93084], [-78.95206, 35.93098], [-78.95203, 35.93104], [-78.95189, 35.93131], [-78.95187, 35.93133], [-78.95174, 35.93155], [-78.95163, 35.93176], [-78.95151, 35.93198], [-78.95122, 35.93251], [-78.95119, 35.93256], [-78.95112, 35.93268], [-78.95105, 35.93281], [-78.95086, 35.9331], [-78.95072, 35.9333], [-78.95067, 35.93335], [-78.95059, 35.93344], [-78.95048, 35.93356], [-78.95039, 35.93364], [-78.95028, 35.93375], [-78.95014, 35.93387], [-78.94979, 35.93414], [-78.94951, 35.93433], [-78.94908, 35.93461], [-78.94875, 35.93482], [-78.94852, 35.93497], [-78.94834, 35.93508], [-78.94667, 35.93606], [-78.9461, 35.9364], [-78.94587, 35.93656], [-78.94567, 35.93672], [-78.94555, 35.93683], [-78.94536, 35.93705], [-78.94529, 35.93713], [-78.94518, 35.9373], [-78.94508, 35.93747], [-78.94498, 35.9377], [-78.94495, 35.93778], [-78.94491, 35.93791], [-78.94488, 35.93803], [-78.94471, 35.93895], [-78.94464, 35.93932], [-78.94459, 35.93953], [-78.94448, 35.93984], [-78.94444, 35.93994], [-78.94425, 35.94032], [-78.9442, 35.94042], [-78.94411, 35.94062], [-78.944, 35.94089], [-78.94396, 35.94102], [-78.94389, 35.94126], [-78.94373, 35.94217], [-78.94358, 35.94299], [-78.94333, 35.94434], [-78.9433, 35.94446], [-78.94324, 35.94472], [-78.9432, 35.94485], [-78.94315, 35.94497], [-78.94311, 35.94507], [-78.94298, 35.94535], [-78.94296, 35.94539], [-78.94284, 35.94559], [-78.94268, 35.94584], [-78.94258, 35.94597], [-78.9425, 35.94606], [-78.94228, 35.9463], [-78.94215, 35.94642], [-78.94191, 35.94665], [-78.94077, 35.94771], [-78.93966, 35.94873], [-78.93949, 35.9489], [-78.93928, 35.94914], [-78.93909, 35.94941], [-78.93896, 35.9496], [-78.93888, 35.94974], [-78.93815, 35.95109], [-78.93806, 35.95125], [-78.93959, 35.95126], [-78.94091, 35.95128], [-78.94131, 35.95129], [-78.94215, 35.95134], [-78.94384, 35.95131], [-78.94471, 35.95132], [-78.94806, 35.95135], [-78.94861, 35.95133], [-78.94894, 35.95162], [-78.94904, 35.95172], [-78.94912, 35.95178], [-78.94904, 35.9518], [-78.94889, 35.95184], [-78.9488, 35.95188], [-78.94877, 35.95191], [-78.94874, 35.95196], [-78.9487, 35.95214], [-78.94867, 35.95231], [-78.94866, 35.95248], [-78.94863, 35.95338], [-78.94861, 35.95387], [-78.94862, 35.954], [-78.94867, 35.95424], [-78.94879, 35.95462], [-78.94897, 35.95509], [-78.94932, 35.956], [-78.94965, 35.95682], [-78.94968, 35.95695], [-78.94969, 35.95702], [-78.94968, 35.95727], [-78.95106, 35.95717], [-78.9523, 35.95708], [-78.95251, 35.95705], [-78.95281, 35.95698], [-78.95296, 35.95694], [-78.95318, 35.95686], [-78.95343, 35.95675], [-78.95459, 35.95617], [-78.95481, 35.95605], [-78.95495, 35.95596], [-78.95501, 35.95592], [-78.95513, 35.95584], [-78.9553, 35.95571], [-78.95552, 35.95552], [-78.95571, 35.95532], [-78.95579, 35.95524], [-78.95585, 35.95517], [-78.95662, 35.95435], [-78.95694, 35.95405], [-78.95712, 35.95389], [-78.95802, 35.95323], [-78.95945, 35.95217], [-78.95982, 35.95191], [-78.95999, 35.9518], [-78.96028, 35.95167], [-78.96178, 35.95114], [-78.96195, 35.95108], [-78.96219, 35.95102], [-78.96258, 35.95093], [-78.96343, 35.95076], [-78.96422, 35.9506], [-78.96521, 35.9504], [-78.9662, 35.9502], [-78.96638, 35.95018], [-78.96645, 35.95018], [-78.96652, 35.95019], [-78.96659, 35.9502], [-78.96666, 35.95022], [-78.96672, 35.95025], [-78.96701, 35.95041], [-78.9671, 35.95031], [-78.96741, 35.95002], [-78.96752, 35.94992], [-78.96778, 35.94967], [-78.96791, 35.94955], [-78.96799, 35.94948], [-78.96803, 35.94943], [-78.96813, 35.94931], [-78.96848, 35.94886], [-78.96875, 35.94855], [-78.96894, 35.9484]]]}}, {"type": "Feature", "properties": {"tract_id": "37063002013", "name": "Census Tract 20.13", "pct_white_2020": 57.7, "pct_black_2020": 25.6, "pct_hispanic_2020": 7.2, "pct_asian_2020": 3.8, "population_2020": 4948}, "geometry": {"type": "Polygon", "coordinates": [[[-78.92382, 35.89787], [-78.92381, 35.89745], [-78.92381, 35.89714], [-78.92378, 35.897], [-78.92373, 35.89682], [-78.92367, 35.89668], [-78.92359, 35.89651], [-78.92348, 35.89634], [-78.92342, 35.89625], [-78.92331, 35.89612], [-78.9232, 35.89602], [-78.92308, 35.89591], [-78.92295, 35.8958], [-78.92272, 35.89567], [-78.9226, 35.89561], [-78.92225, 35.89545], [-78.9221, 35.89538], [-78.92177, 35.89522], [-78.92158, 35.8951], [-78.92148, 35.89503], [-78.92139, 35.89495], [-78.92131, 35.89488], [-78.92103, 35.89461], [-78.92091, 35.89445], [-78.92059, 35.89405], [-78.91985, 35.89312], [-78.91975, 35.893], [-78.91959, 35.8928], [-78.91953, 35.89271], [-78.91947, 35.89263], [-78.91932, 35.89253], [-78.91905, 35.8923], [-78.91883, 35.89216], [-78.91873, 35.89208], [-78.91859, 35.892], [-78.91837, 35.89184], [-78.91807, 35.8917], [-78.91774, 35.89153], [-78.91691, 35.8911], [-78.9169, 35.8911], [-78.91664, 35.8909], [-78.91659, 35.89086], [-78.91653, 35.89078], [-78.9165, 35.89069], [-78.91646, 35.89057], [-78.91643, 35.8903], [-78.91635, 35.88969], [-78.91626, 35.88896], [-78.91622, 35.88823], [-78.91619, 35.88768], [-78.91613, 35.88674], [-78.91605, 35.88557], [-78.91604, 35.88531], [-78.91603, 35.88526], [-78.91601, 35.88514], [-78.91595, 35.88475], [-78.91589, 35.88456], [-78.91575, 35.88414], [-78.91571, 35.88398], [-78.91566, 35.88384], [-78.91566, 35.88378], [-78.91557, 35.88349], [-78.91545, 35.88309], [-78.91542, 35.88299], [-78.91537, 35.8827], [-78.91534, 35.88241], [-78.91524, 35.88069], [-78.91522, 35.88042], [-78.91519, 35.88009], [-78.91514, 35.87962], [-78.91512, 35.87937], [-78.91509, 35.87915], [-78.91507, 35.879], [-78.91502, 35.87866], [-78.91497, 35.87824], [-78.91493, 35.87785], [-78.91491, 35.87739], [-78.91488, 35.87666], [-78.91484, 35.87614], [-78.91485, 35.87593], [-78.91481, 35.87574], [-78.91475, 35.87556], [-78.9147, 35.87546], [-78.91352, 35.87371], [-78.91348, 35.87366], [-78.91345, 35.87361], [-78.9134, 35.87352], [-78.91336, 35.87345], [-78.91332, 35.87339], [-78.91329, 35.87332], [-78.91321, 35.87313], [-78.91317, 35.87296], [-78.91315, 35.87285], [-78.91314, 35.87263], [-78.91319, 35.87243], [-78.91315, 35.87244], [-78.91305, 35.87244], [-78.91299, 35.87243], [-78.91295, 35.8724], [-78.91293, 35.87235], [-78.91292, 35.87226], [-78.91292, 35.87219], [-78.91292, 35.87212], [-78.91294, 35.87206], [-78.91293, 35.87201], [-78.9129, 35.87198], [-78.91282, 35.87197], [-78.91267, 35.87198], [-78.91245, 35.87207], [-78.91237, 35.87214], [-78.91226, 35.87242], [-78.91222, 35.87244], [-78.91211, 35.87246], [-78.91201, 35.87245], [-78.91191, 35.8724], [-78.91186, 35.87238], [-78.91174, 35.87236], [-78.91162, 35.87236], [-78.91153, 35.87234], [-78.91147, 35.87232], [-78.91138, 35.8723], [-78.91132, 35.87231], [-78.9113, 35.87232], [-78.91122, 35.8724], [-78.91118, 35.87244], [-78.91116, 35.87253], [-78.91116, 35.87268], [-78.91112, 35.87271], [-78.91105, 35.87272], [-78.91098, 35.87274], [-78.91092, 35.87275], [-78.9109, 35.87282], [-78.9109, 35.87287], [-78.91089, 35.87292], [-78.91079, 35.87295], [-78.91065, 35.87304], [-78.91063, 35.87313], [-78.91058, 35.87319], [-78.9105, 35.87322], [-78.91042, 35.8732], [-78.91035, 35.87319], [-78.9103, 35.87318], [-78.91028, 35.87319], [-78.91021, 35.87314], [-78.91015, 35.8731], [-78.91007, 35.87309], [-78.91003, 35.87309], [-78.90998, 35.87313], [-78.90993, 35.87317], [-78.90987, 35.87319], [-78.90977, 35.8732], [-78.90966, 35.87318], [-78.90956, 35.87316], [-78.90946, 35.87316], [-78.90937, 35.87321], [-78.90928, 35.87328], [-78.9092, 35.87333], [-78.90911, 35.8734], [-78.90907, 35.87346], [-78.90904, 35.87353], [-78.90903, 35.87361], [-78.90906, 35.87369], [-78.90913, 35.87377], [-78.9092, 35.87385], [-78.90923, 35.87392], [-78.90925, 35.874], [-78.90919, 35.87405], [-78.90912, 35.87406], [-78.90902, 35.87404], [-78.90894, 35.87399], [-78.90888, 35.87395], [-78.90885, 35.87393], [-78.90878, 35.87394], [-78.90874, 35.87399], [-78.90871, 35.8741], [-78.90871, 35.87432], [-78.9087, 35.87441], [-78.90865, 35.87448], [-78.90857, 35.87453], [-78.90847, 35.87456], [-78.90833, 35.87458], [-78.90819, 35.87459], [-78.90803, 35.87459], [-78.90788, 35.87462], [-78.90777, 35.87465], [-78.90764, 35.87471], [-78.90752, 35.87478], [-78.90739, 35.87487], [-78.9072, 35.87495], [-78.90671, 35.87505], [-78.90648, 35.87512], [-78.90639, 35.87516], [-78.90621, 35.87531], [-78.90615, 35.87533], [-78.90611, 35.87537], [-78.90607, 35.87546], [-78.90606, 35.87564], [-78.90607, 35.87569], [-78.90613, 35.87576], [-78.90605, 35.87574], [-78.90591, 35.87572], [-78.90579, 35.87565], [-78.90557, 35.87541], [-78.90543, 35.8753], [-78.9053, 35.87523], [-78.90522, 35.87521], [-78.90516, 35.87521], [-78.90501, 35.87524], [-78.90491, 35.87525], [-78.90467, 35.87528], [-78.90458, 35.87529], [-78.90451, 35.87527], [-78.90442, 35.87526], [-78.90433, 35.87525], [-78.90426, 35.87524], [-78.90426, 35.8753], [-78.90425, 35.87536], [-78.9042, 35.87544], [-78.90416, 35.8755], [-78.90405, 35.87558], [-78.90389, 35.87568], [-78.90378, 35.87572], [-78.90352, 35.8758], [-78.90327, 35.87581], [-78.90316, 35.87582], [-78.90307, 35.87585], [-78.90273, 35.8761], [-78.90264, 35.87617], [-78.9025, 35.87625], [-78.90243, 35.87628], [-78.90237, 35.87632], [-78.90214, 35.87641], [-78.902, 35.87645], [-78.90176, 35.87648], [-78.90163, 35.8765], [-78.90152, 35.87655], [-78.90149, 35.87656], [-78.90144, 35.87661], [-78.9013, 35.8768], [-78.90125, 35.87689], [-78.90122, 35.87693], [-78.90117, 35.87694], [-78.9011, 35.87695], [-78.901, 35.87693], [-78.9009, 35.87689], [-78.90083, 35.87684], [-78.90077, 35.87673], [-78.90075, 35.87667], [-78.90075, 35.8766], [-78.90077, 35.87654], [-78.90081, 35.87643], [-78.90082, 35.87637], [-78.90082, 35.87628], [-78.90079, 35.8762], [-78.90072, 35.87611], [-78.9006, 35.87605], [-78.90035, 35.87603], [-78.90024, 35.87603], [-78.90014, 35.87605], [-78.90001, 35.87609], [-78.89989, 35.87615], [-78.89979, 35.87649], [-78.89971, 35.87661], [-78.89969, 35.87664], [-78.89962, 35.87667], [-78.89957, 35.87668], [-78.89952, 35.87667], [-78.89945, 35.87665], [-78.89938, 35.87662], [-78.89934, 35.87659], [-78.89924, 35.87656], [-78.89917, 35.87656], [-78.89913, 35.87657], [-78.8991, 35.87658], [-78.89908, 35.8766], [-78.89908, 35.87662], [-78.8991, 35.87667], [-78.89917, 35.87675], [-78.89928, 35.87683], [-78.8993, 35.87686], [-78.89931, 35.87689], [-78.89926, 35.877], [-78.89921, 35.87705], [-78.89917, 35.87708], [-78.89909, 35.87709], [-78.89901, 35.87709], [-78.89893, 35.87708], [-78.89884, 35.87708], [-78.89881, 35.8771], [-78.89868, 35.8774], [-78.89863, 35.87744], [-78.89857, 35.87749], [-78.89841, 35.87763], [-78.89809, 35.87785], [-78.89798, 35.87793], [-78.89791, 35.87803], [-78.89789, 35.87809], [-78.89789, 35.87816], [-78.89791, 35.87822], [-78.89792, 35.87827], [-78.89799, 35.87834], [-78.89807, 35.87841], [-78.89809, 35.87844], [-78.89811, 35.87848], [-78.8981, 35.87853], [-78.89806, 35.87862], [-78.89804, 35.87868], [-78.89802, 35.87873], [-78.89797, 35.87878], [-78.89786, 35.87887], [-78.89784, 35.87891], [-78.89783, 35.87897], [-78.89783, 35.87906], [-78.89777, 35.87943], [-78.89773, 35.87954], [-78.89769, 35.8796], [-78.89763, 35.87965], [-78.89755, 35.87972], [-78.89747, 35.87983], [-78.89744, 35.8799], [-78.89743, 35.87999], [-78.89742, 35.88004], [-78.89738, 35.88006], [-78.89731, 35.88009], [-78.89715, 35.88024], [-78.89711, 35.88027], [-78.89703, 35.88033], [-78.89694, 35.88044], [-78.89682, 35.88055], [-78.89675, 35.88067], [-78.89672, 35.88074], [-78.89663, 35.88086], [-78.89655, 35.88093], [-78.89646, 35.88097], [-78.8964, 35.88099], [-78.89629, 35.88105], [-78.89626, 35.88109], [-78.89622, 35.88122], [-78.8962, 35.88127], [-78.89616, 35.88134], [-78.89611, 35.8814], [-78.89601, 35.88146], [-78.89595, 35.88151], [-78.89593, 35.88155], [-78.8959, 35.88163], [-78.89588, 35.88165], [-78.89599, 35.88165], [-78.89606, 35.88162], [-78.89611, 35.88159], [-78.89619, 35.88157], [-78.89626, 35.88156], [-78.89628, 35.88157], [-78.89631, 35.88158], [-78.89638, 35.88163], [-78.8964, 35.88165], [-78.89642, 35.88172], [-78.89652, 35.88184], [-78.89665, 35.88198], [-78.89676, 35.88206], [-78.89682, 35.88209], [-78.89688, 35.88211], [-78.89691, 35.88207], [-78.89696, 35.88201], [-78.89698, 35.88196], [-78.89701, 35.88189], [-78.89702, 35.88181], [-78.89705, 35.88177], [-78.8971, 35.88173], [-78.89715, 35.88171], [-78.89716, 35.88167], [-78.89716, 35.88162], [-78.89721, 35.88168], [-78.8973, 35.88176], [-78.8974, 35.88184], [-78.8975, 35.88188], [-78.8977, 35.8819], [-78.89779, 35.88188], [-78.8979, 35.88185], [-78.89794, 35.88183], [-78.898, 35.88183], [-78.89809, 35.88181], [-78.89811, 35.88181], [-78.89819, 35.88183], [-78.89823, 35.88184], [-78.89827, 35.88187], [-78.89831, 35.88189], [-78.89833, 35.88198], [-78.89833, 35.88207], [-78.89833, 35.88209], [-78.89839, 35.88216], [-78.89848, 35.8822], [-78.89865, 35.88224], [-78.89871, 35.88224], [-78.89875, 35.88222], [-78.89883, 35.88215], [-78.89891, 35.88211], [-78.899, 35.8821], [-78.89908, 35.8821], [-78.89912, 35.8821], [-78.89921, 35.88212], [-78.89924, 35.88215], [-78.89927, 35.88217], [-78.89933, 35.88226], [-78.89937, 35.88243], [-78.89939, 35.88245], [-78.89941, 35.88246], [-78.89948, 35.88246], [-78.89962, 35.88244], [-78.89968, 35.88243], [-78.89997, 35.8824], [-78.90007, 35.88242], [-78.9001, 35.88243], [-78.90012, 35.88245], [-78.90014, 35.88255], [-78.90012, 35.88267], [-78.90012, 35.88272], [-78.90014, 35.88279], [-78.90009, 35.88284], [-78.89983, 35.88292], [-78.8998, 35.88286], [-78.89963, 35.88281], [-78.89954, 35.88279], [-78.89948, 35.8828], [-78.89945, 35.88283], [-78.89927, 35.88302], [-78.89901, 35.8833], [-78.899, 35.88333], [-78.899, 35.88336], [-78.89903, 35.8834], [-78.89905, 35.88341], [-78.89907, 35.88342], [-78.8991, 35.88342], [-78.89913, 35.88342], [-78.89917, 35.88341], [-78.89922, 35.8834], [-78.89926, 35.8834], [-78.8993, 35.88342], [-78.89934, 35.88345], [-78.89934, 35.88347], [-78.89934, 35.88348], [-78.89931, 35.88354], [-78.8993, 35.88356], [-78.89929, 35.88358], [-78.89929, 35.88359], [-78.89935, 35.88372], [-78.8994, 35.88386], [-78.89941, 35.88389], [-78.89944, 35.88405], [-78.89948, 35.88412], [-78.89923, 35.88411], [-78.89923, 35.88428], [-78.89914, 35.88429], [-78.89906, 35.88432], [-78.89896, 35.88438], [-78.89892, 35.88443], [-78.89889, 35.88451], [-78.89887, 35.88461], [-78.89885, 35.88469], [-78.89872, 35.88498], [-78.89874, 35.88498], [-78.89879, 35.88501], [-78.89882, 35.88507], [-78.8989, 35.88525], [-78.89891, 35.88527], [-78.89893, 35.88555], [-78.89895, 35.88564], [-78.89899, 35.88571], [-78.89904, 35.88574], [-78.89912, 35.88577], [-78.89923, 35.88583], [-78.8993, 35.88586], [-78.89936, 35.88588], [-78.89943, 35.88594], [-78.89947, 35.886], [-78.89951, 35.88608], [-78.89951, 35.88621], [-78.89951, 35.88634], [-78.89953, 35.8864], [-78.89957, 35.88646], [-78.8997, 35.8866], [-78.89976, 35.88665], [-78.89981, 35.88672], [-78.89982, 35.88694], [-78.89988, 35.88704], [-78.8999, 35.8871], [-78.8999, 35.88717], [-78.8999, 35.88721], [-78.89988, 35.88725], [-78.89987, 35.88729], [-78.89981, 35.88735], [-78.89972, 35.8874], [-78.89969, 35.88741], [-78.89968, 35.88743], [-78.89971, 35.8875], [-78.89974, 35.88754], [-78.89986, 35.88765], [-78.89988, 35.88767], [-78.89989, 35.8877], [-78.8999, 35.88812], [-78.89991, 35.88825], [-78.89994, 35.88833], [-78.89996, 35.88836], [-78.90001, 35.88841], [-78.90006, 35.88842], [-78.90012, 35.88841], [-78.90015, 35.88839], [-78.90019, 35.88834], [-78.90028, 35.88827], [-78.90034, 35.88821], [-78.9004, 35.88816], [-78.90046, 35.88814], [-78.90048, 35.88814], [-78.9005, 35.88815], [-78.90052, 35.88816], [-78.90053, 35.88818], [-78.90053, 35.88823], [-78.90052, 35.88827], [-78.90049, 35.88832], [-78.90045, 35.88842], [-78.90045, 35.88844], [-78.90046, 35.88846], [-78.90048, 35.88847], [-78.90052, 35.88848], [-78.90059, 35.88851], [-78.90063, 35.88857], [-78.90066, 35.88859], [-78.90071, 35.8886], [-78.90077, 35.88859], [-78.90079, 35.88858], [-78.90092, 35.88844], [-78.90095, 35.88842], [-78.901, 35.8884], [-78.90103, 35.8884], [-78.90107, 35.88845], [-78.90109, 35.88851], [-78.90114, 35.88862], [-78.90119, 35.88868], [-78.90121, 35.8887], [-78.9015, 35.88881], [-78.90158, 35.88886], [-78.90171, 35.88902], [-78.90176, 35.88919], [-78.9018, 35.88922], [-78.90181, 35.88925], [-78.90181, 35.88928], [-78.90179, 35.88933], [-78.90177, 35.88937], [-78.90169, 35.8894], [-78.90138, 35.88949], [-78.90131, 35.88949], [-78.90123, 35.88948], [-78.90113, 35.88946], [-78.901, 35.88945], [-78.90093, 35.88946], [-78.90088, 35.88947], [-78.90084, 35.8895], [-78.90078, 35.88956], [-78.90073, 35.88963], [-78.90069, 35.88969], [-78.90063, 35.88979], [-78.90042, 35.89017], [-78.90024, 35.89044], [-78.90021, 35.89045], [-78.90017, 35.8905], [-78.90015, 35.89052], [-78.90012, 35.89055], [-78.90009, 35.89057], [-78.90007, 35.8906], [-78.90006, 35.89066], [-78.90008, 35.89074], [-78.90009, 35.89076], [-78.90011, 35.89082], [-78.90011, 35.89085], [-78.90008, 35.89094], [-78.90007, 35.89102], [-78.90007, 35.89121], [-78.90003, 35.89131], [-78.89994, 35.89133], [-78.89984, 35.89133], [-78.89973, 35.89134], [-78.89963, 35.89132], [-78.89957, 35.89133], [-78.89951, 35.89145], [-78.89954, 35.89153], [-78.89951, 35.89158], [-78.89951, 35.89166], [-78.89954, 35.89171], [-78.89954, 35.89177], [-78.89959, 35.89181], [-78.89959, 35.89186], [-78.89958, 35.89193], [-78.89955, 35.892], [-78.8996, 35.89211], [-78.89961, 35.89213], [-78.89962, 35.89215], [-78.89963, 35.89219], [-78.89961, 35.89236], [-78.89963, 35.89263], [-78.89965, 35.89276], [-78.89969, 35.89292], [-78.89968, 35.89302], [-78.89969, 35.89309], [-78.89982, 35.89309], [-78.89997, 35.89302], [-78.90002, 35.89299], [-78.90007, 35.89294], [-78.90009, 35.89289], [-78.90012, 35.89285], [-78.90017, 35.89283], [-78.90023, 35.89282], [-78.9004, 35.89282], [-78.90042, 35.89285], [-78.90046, 35.8929], [-78.90056, 35.89299], [-78.90064, 35.89312], [-78.90065, 35.89321], [-78.90068, 35.89328], [-78.90071, 35.89332], [-78.90077, 35.89336], [-78.90081, 35.89338], [-78.90086, 35.89338], [-78.90089, 35.89338], [-78.90094, 35.89342], [-78.90097, 35.89346], [-78.90104, 35.89363], [-78.90108, 35.89368], [-78.90115, 35.89376], [-78.90125, 35.89383], [-78.90134, 35.89389], [-78.90147, 35.89397], [-78.90151, 35.89401], [-78.90152, 35.89404], [-78.90153, 35.89411], [-78.90153, 35.89432], [-78.90149, 35.89445], [-78.90145, 35.89451], [-78.90141, 35.89458], [-78.90129, 35.89472], [-78.90115, 35.89485], [-78.90108, 35.89505], [-78.90101, 35.89516], [-78.90091, 35.89535], [-78.90087, 35.8954], [-78.90086, 35.89548], [-78.90086, 35.89557], [-78.90091, 35.89563], [-78.901, 35.89569], [-78.90105, 35.89574], [-78.9011, 35.89581], [-78.9011, 35.8959], [-78.9011, 35.89597], [-78.90112, 35.89602], [-78.90118, 35.89611], [-78.90121, 35.89615], [-78.90121, 35.89618], [-78.90115, 35.89635], [-78.90112, 35.89641], [-78.90112, 35.89645], [-78.90115, 35.89649], [-78.9012, 35.89654], [-78.90151, 35.89672], [-78.90156, 35.89676], [-78.90158, 35.89679], [-78.90167, 35.89689], [-78.9017, 35.89697], [-78.90169, 35.89703], [-78.90167, 35.89706], [-78.90163, 35.89711], [-78.9016, 35.89713], [-78.90153, 35.89716], [-78.90151, 35.89718], [-78.90156, 35.89723], [-78.90163, 35.89735], [-78.90172, 35.89745], [-78.90176, 35.89753], [-78.90186, 35.89763], [-78.9019, 35.89772], [-78.90191, 35.89774], [-78.90191, 35.89782], [-78.90198, 35.89801], [-78.90199, 35.8982], [-78.90199, 35.89839], [-78.90197, 35.89857], [-78.90198, 35.89865], [-78.90198, 35.89871], [-78.90197, 35.89877], [-78.90194, 35.89883], [-78.90183, 35.8989], [-78.90176, 35.89899], [-78.9017, 35.89904], [-78.90163, 35.8991], [-78.90156, 35.89917], [-78.90155, 35.89923], [-78.90151, 35.89939], [-78.90149, 35.89943], [-78.90133, 35.89973], [-78.90126, 35.89985], [-78.90126, 35.90009], [-78.90126, 35.90012], [-78.90127, 35.90019], [-78.90126, 35.90027], [-78.90125, 35.9003], [-78.90121, 35.90043], [-78.90109, 35.90067], [-78.90105, 35.90075], [-78.90105, 35.90084], [-78.90103, 35.90091], [-78.90105, 35.90101], [-78.90103, 35.90107], [-78.90107, 35.90117], [-78.90112, 35.90123], [-78.90117, 35.90129], [-78.9012, 35.90134], [-78.90121, 35.9014], [-78.90108, 35.90193], [-78.90097, 35.90226], [-78.90093, 35.90261], [-78.9009, 35.90268], [-78.90264, 35.9027], [-78.90323, 35.90271], [-78.90407, 35.9027], [-78.90486, 35.90269], [-78.90505, 35.90269], [-78.90549, 35.90269], [-78.90631, 35.90269], [-78.90734, 35.90271], [-78.9079, 35.9028], [-78.90808, 35.90283], [-78.90854, 35.90291], [-78.90906, 35.90306], [-78.90969, 35.90325], [-78.91076, 35.90358], [-78.91137, 35.90376], [-78.91203, 35.90395], [-78.9121, 35.90397], [-78.91217, 35.904], [-78.91241, 35.90408], [-78.91312, 35.90429], [-78.91375, 35.90448], [-78.91436, 35.90466], [-78.9144, 35.90467], [-78.91454, 35.90472], [-78.91558, 35.90502], [-78.91722, 35.90552], [-78.91743, 35.90531], [-78.91754, 35.90523], [-78.91764, 35.90517], [-78.91781, 35.90505], [-78.91802, 35.90494], [-78.91815, 35.90489], [-78.91839, 35.90482], [-78.9185, 35.90479], [-78.91865, 35.90474], [-78.91874, 35.90473], [-78.91877, 35.90472], [-78.91893, 35.90469], [-78.919, 35.90467], [-78.9191, 35.90465], [-78.91934, 35.90458], [-78.91943, 35.90456], [-78.91966, 35.90447], [-78.91982, 35.90443], [-78.92002, 35.90432], [-78.92023, 35.90421], [-78.92044, 35.90402], [-78.92063, 35.9039], [-78.92071, 35.90385], [-78.92086, 35.90378], [-78.92094, 35.90373], [-78.92105, 35.90368], [-78.92118, 35.90365], [-78.92132, 35.90359], [-78.92143, 35.90356], [-78.92191, 35.90346], [-78.92223, 35.9034], [-78.92251, 35.90333], [-78.92282, 35.90328], [-78.92315, 35.90322], [-78.92345, 35.90315], [-78.92369, 35.90311], [-78.92372, 35.90217], [-78.92376, 35.90071], [-78.92378, 35.90021], [-78.92378, 35.89962], [-78.92381, 35.89825], [-78.92382, 35.89787]]]}}, {"type": "Feature", "properties": {"tract_id": "37063002015", "name": "Census Tract 20.15", "pct_white_2020": 44.9, "pct_black_2020": 18.5, "pct_hispanic_2020": 28.7, "pct_asian_2020": 4.1, "population_2020": 5044}, "geometry": {"type": "Polygon", "coordinates": [[[-78.96344, 35.96819], [-78.96352, 35.96805], [-78.96332, 35.96812], [-78.9626, 35.96832], [-78.96249, 35.96835], [-78.96229, 35.96841], [-78.96143, 35.96863], [-78.96132, 35.96804], [-78.96092, 35.96584], [-78.96083, 35.96548], [-78.9608, 35.96531], [-78.96077, 35.96521], [-78.96071, 35.96507], [-78.96055, 35.9648], [-78.96041, 35.96457], [-78.96032, 35.96447], [-78.96015, 35.96429], [-78.96004, 35.96419], [-78.95988, 35.96407], [-78.95942, 35.96375], [-78.9588, 35.96438], [-78.95875, 35.96445], [-78.95865, 35.96455], [-78.95862, 35.96458], [-78.95845, 35.96473], [-78.95831, 35.96485], [-78.95801, 35.96507], [-78.95781, 35.96519], [-78.95742, 35.96539], [-78.95718, 35.9655], [-78.95688, 35.96562], [-78.95669, 35.96568], [-78.95641, 35.96575], [-78.956, 35.96583], [-78.95509, 35.96601], [-78.95509, 35.96592], [-78.9551, 35.96578], [-78.95512, 35.96567], [-78.95517, 35.96551], [-78.95532, 35.96514], [-78.9554, 35.96502], [-78.95572, 35.96443], [-78.95601, 35.96394], [-78.95603, 35.96389], [-78.95609, 35.96377], [-78.95621, 35.96351], [-78.95625, 35.96338], [-78.95635, 35.96272], [-78.95637, 35.96256], [-78.95638, 35.96226], [-78.95637, 35.96216], [-78.95634, 35.96208], [-78.95628, 35.96192], [-78.95619, 35.96175], [-78.95612, 35.96165], [-78.95607, 35.96159], [-78.95553, 35.96086], [-78.95533, 35.96059], [-78.95501, 35.96014], [-78.95491, 35.96], [-78.95486, 35.9599], [-78.95481, 35.95979], [-78.95478, 35.9597], [-78.95476, 35.95965], [-78.95475, 35.95952], [-78.95475, 35.95945], [-78.95475, 35.95924], [-78.95482, 35.95897], [-78.95514, 35.95794], [-78.95543, 35.95683], [-78.95545, 35.95669], [-78.95545, 35.95658], [-78.95543, 35.95648], [-78.95539, 35.95639], [-78.95537, 35.95633], [-78.95531, 35.95624], [-78.95523, 35.95616], [-78.95501, 35.95592], [-78.95495, 35.95596], [-78.95481, 35.95605], [-78.95459, 35.95617], [-78.95343, 35.95675], [-78.95318, 35.95686], [-78.95296, 35.95694], [-78.95281, 35.95698], [-78.95251, 35.95705], [-78.9523, 35.95708], [-78.95106, 35.95717], [-78.94968, 35.95727], [-78.94913, 35.95732], [-78.94907, 35.95733], [-78.94873, 35.9574], [-78.9486, 35.95744], [-78.94854, 35.95746], [-78.94839, 35.95753], [-78.94823, 35.95762], [-78.94814, 35.95768], [-78.94796, 35.95784], [-78.94791, 35.95788], [-78.94787, 35.95794], [-78.94778, 35.95807], [-78.94772, 35.95816], [-78.94767, 35.9583], [-78.94765, 35.95836], [-78.94764, 35.95843], [-78.94762, 35.95862], [-78.94759, 35.95998], [-78.94757, 35.96113], [-78.94684, 35.96111], [-78.94611, 35.9611], [-78.94503, 35.96107], [-78.94449, 35.96104], [-78.94433, 35.96105], [-78.94382, 35.96107], [-78.94369, 35.96104], [-78.94335, 35.96098], [-78.94314, 35.96096], [-78.9426, 35.96095], [-78.94238, 35.96095], [-78.94222, 35.96094], [-78.94152, 35.96089], [-78.94145, 35.96088], [-78.94137, 35.96089], [-78.9413, 35.9609], [-78.941, 35.96092], [-78.94086, 35.96092], [-78.94026, 35.96089], [-78.94022, 35.96145], [-78.94021, 35.96168], [-78.94017, 35.96279], [-78.94013, 35.96349], [-78.94006, 35.96495], [-78.93888, 35.96487], [-78.93821, 35.96482], [-78.93716, 35.96476], [-78.93665, 35.96473], [-78.93664, 35.96495], [-78.93659, 35.96609], [-78.93573, 35.96606], [-78.93508, 35.96603], [-78.93508, 35.96652], [-78.93507, 35.96666], [-78.93506, 35.96686], [-78.93389, 35.96684], [-78.93301, 35.96682], [-78.93251, 35.9668], [-78.93245, 35.96827], [-78.93243, 35.96893], [-78.93243, 35.96902], [-78.93242, 35.97016], [-78.93225, 35.97021], [-78.92982, 35.97076], [-78.92927, 35.97089], [-78.92885, 35.97099], [-78.92982, 35.9715], [-78.93185, 35.97259], [-78.93198, 35.97264], [-78.93309, 35.97322], [-78.93355, 35.97345], [-78.93382, 35.97357], [-78.93403, 35.97365], [-78.93407, 35.97365], [-78.93475, 35.97385], [-78.93504, 35.97393], [-78.93687, 35.9745], [-78.93685, 35.97472], [-78.93684, 35.9748], [-78.93682, 35.97497], [-78.93679, 35.97512], [-78.9369, 35.97518], [-78.93725, 35.97535], [-78.9373, 35.97538], [-78.9375, 35.97548], [-78.93874, 35.97613], [-78.93928, 35.97642], [-78.93973, 35.97667], [-78.94007, 35.97682], [-78.94029, 35.9769], [-78.94139, 35.97725], [-78.94245, 35.97758], [-78.94248, 35.97725], [-78.94252, 35.9768], [-78.94261, 35.97595], [-78.94267, 35.97558], [-78.94407, 35.97541], [-78.94422, 35.9754], [-78.9444, 35.97539], [-78.94453, 35.9754], [-78.94479, 35.97544], [-78.94501, 35.97549], [-78.94514, 35.97552], [-78.94568, 35.9757], [-78.94599, 35.97578], [-78.94617, 35.97582], [-78.94623, 35.97583], [-78.94641, 35.97584], [-78.94662, 35.97585], [-78.94678, 35.97584], [-78.94693, 35.97582], [-78.94718, 35.97577], [-78.94735, 35.97572], [-78.94763, 35.97564], [-78.9489, 35.9752], [-78.94931, 35.97505], [-78.94942, 35.97505], [-78.94974, 35.97491], [-78.9502, 35.97479], [-78.9504, 35.97475], [-78.95057, 35.97472], [-78.95075, 35.9747], [-78.95102, 35.97469], [-78.95122, 35.9747], [-78.95189, 35.97474], [-78.95211, 35.97474], [-78.95241, 35.97472], [-78.95247, 35.97471], [-78.95258, 35.9747], [-78.95277, 35.97465], [-78.95296, 35.9746], [-78.95316, 35.97453], [-78.95326, 35.97448], [-78.95333, 35.97444], [-78.95349, 35.97435], [-78.95425, 35.97388], [-78.9545, 35.97374], [-78.95472, 35.97364], [-78.95486, 35.9736], [-78.95508, 35.97354], [-78.95526, 35.97351], [-78.9554, 35.97349], [-78.95551, 35.97348], [-78.95572, 35.97348], [-78.9579, 35.97353], [-78.9582, 35.97354], [-78.95874, 35.97361], [-78.95902, 35.97364], [-78.95929, 35.97368], [-78.95955, 35.97375], [-78.95982, 35.97382], [-78.9603, 35.97398], [-78.96034, 35.974], [-78.96051, 35.97405], [-78.96077, 35.97344], [-78.96125, 35.97234], [-78.96136, 35.9721], [-78.96156, 35.97166], [-78.96204, 35.97065], [-78.96238, 35.96996], [-78.96271, 35.96934], [-78.96306, 35.96877], [-78.96344, 35.96819]]]}}, {"type": "Feature", "properties": {"tract_id": "37063001001", "name": "Census Tract 10.01", "pct_white_2020": 25.4, "pct_black_2020": 37.2, "pct_hispanic_2020": 32.2, "pct_asian_2020": 1.5, "population_2020": 3378}, "geometry": {"type": "Polygon", "coordinates": [[[-78.88618, 35.99051], [-78.88621, 35.99041], [-78.88493, 35.98993], [-78.88525, 35.98937], [-78.88554, 35.9889], [-78.88579, 35.98846], [-78.88609, 35.98794], [-78.88528, 35.98763], [-78.88517, 35.98759], [-78.88487, 35.98748], [-78.88459, 35.98736], [-78.88415, 35.98719], [-78.88407, 35.98716], [-78.88275, 35.98666], [-78.88266, 35.98664], [-78.88265, 35.98536], [-78.88265, 35.98424], [-78.88266, 35.98417], [-78.88267, 35.98413], [-78.88271, 35.98405], [-78.88262, 35.98402], [-78.88281, 35.98349], [-78.88303, 35.98301], [-78.88339, 35.98219], [-78.88362, 35.98181], [-78.88369, 35.98169], [-78.87924, 35.97982], [-78.87601, 35.97846], [-78.87536, 35.97803], [-78.87397, 35.97715], [-78.87352, 35.97684], [-78.87328, 35.97667], [-78.87308, 35.97652], [-78.8729, 35.97636], [-78.87274, 35.97619], [-78.87268, 35.97613], [-78.87258, 35.97608], [-78.87233, 35.97585], [-78.8721, 35.97561], [-78.87194, 35.97541], [-78.87181, 35.97523], [-78.87139, 35.97468], [-78.87132, 35.97458], [-78.87116, 35.97433], [-78.87098, 35.974], [-78.87092, 35.97387], [-78.87078, 35.97358], [-78.87069, 35.97337], [-78.87059, 35.97309], [-78.87055, 35.97298], [-78.87048, 35.97278], [-78.87039, 35.97246], [-78.87036, 35.9723], [-78.87029, 35.97222], [-78.86932, 35.97092], [-78.86898, 35.97044], [-78.86874, 35.97007], [-78.86849, 35.96966], [-78.86837, 35.96994], [-78.86832, 35.97002], [-78.86758, 35.97142], [-78.86739, 35.97176], [-78.86722, 35.97203], [-78.86715, 35.97213], [-78.86698, 35.97235], [-78.86684, 35.97252], [-78.86698, 35.97262], [-78.86722, 35.97278], [-78.86749, 35.97297], [-78.86752, 35.97304], [-78.86759, 35.9731], [-78.86823, 35.97364], [-78.86845, 35.97387], [-78.86853, 35.97396], [-78.86862, 35.9741], [-78.86871, 35.9743], [-78.8688, 35.97449], [-78.86903, 35.97511], [-78.86916, 35.97547], [-78.86921, 35.97571], [-78.86927, 35.97607], [-78.86928, 35.97622], [-78.86927, 35.97636], [-78.86924, 35.97647], [-78.86922, 35.97656], [-78.86914, 35.97682], [-78.86908, 35.97698], [-78.86901, 35.97711], [-78.86892, 35.97725], [-78.86881, 35.9774], [-78.86867, 35.97756], [-78.86852, 35.9777], [-78.86837, 35.97782], [-78.86804, 35.97803], [-78.86789, 35.97812], [-78.8675, 35.97828], [-78.86741, 35.97832], [-78.86734, 35.97833], [-78.86717, 35.97839], [-78.86684, 35.97848], [-78.86667, 35.97853], [-78.86624, 35.9787], [-78.86606, 35.97878], [-78.86588, 35.97886], [-78.86569, 35.97896], [-78.86529, 35.97919], [-78.86514, 35.97928], [-78.86497, 35.97939], [-78.86469, 35.9796], [-78.86458, 35.97969], [-78.86431, 35.97994], [-78.86419, 35.98005], [-78.86374, 35.98055], [-78.8636, 35.98071], [-78.86345, 35.9809], [-78.86331, 35.98109], [-78.86301, 35.98151], [-78.86311, 35.98152], [-78.86328, 35.98155], [-78.86349, 35.98157], [-78.86367, 35.98157], [-78.86383, 35.98155], [-78.8643, 35.98155], [-78.86585, 35.98154], [-78.86597, 35.98154], [-78.86618, 35.98155], [-78.86719, 35.98156], [-78.86925, 35.98159], [-78.86919, 35.98196], [-78.86913, 35.98223], [-78.86902, 35.98282], [-78.86894, 35.98348], [-78.86874, 35.98522], [-78.86874, 35.98527], [-78.86871, 35.98656], [-78.86937, 35.98634], [-78.86963, 35.98626], [-78.86978, 35.98622], [-78.86993, 35.98619], [-78.87019, 35.98616], [-78.87046, 35.98613], [-78.87048, 35.98613], [-78.87062, 35.98613], [-78.87074, 35.98613], [-78.87084, 35.98613], [-78.87106, 35.98613], [-78.87107, 35.98685], [-78.87105, 35.98704], [-78.87103, 35.98716], [-78.87101, 35.98727], [-78.87095, 35.98742], [-78.87092, 35.98754], [-78.87088, 35.98774], [-78.87087, 35.98789], [-78.87085, 35.98862], [-78.87186, 35.9886], [-78.87221, 35.98861], [-78.87261, 35.98864], [-78.87277, 35.98867], [-78.87332, 35.98872], [-78.8749, 35.98888], [-78.87634, 35.98888], [-78.87835, 35.98887], [-78.87853, 35.99039], [-78.87857, 35.99075], [-78.87874, 35.99245], [-78.87816, 35.99241], [-78.87812, 35.99343], [-78.87807, 35.99443], [-78.87802, 35.99532], [-78.87798, 35.99625], [-78.87886, 35.99627], [-78.88003, 35.99628], [-78.88118, 35.9963], [-78.88172, 35.99629], [-78.88275, 35.9963], [-78.8838, 35.99631], [-78.8838, 35.99569], [-78.88383, 35.9945], [-78.88456, 35.99451], [-78.88596, 35.99452], [-78.88599, 35.99352], [-78.88603, 35.99274], [-78.88607, 35.99188], [-78.88613, 35.99082], [-78.88615, 35.99064], [-78.88618, 35.99051]]]}}, {"type": "Feature", "properties": {"tract_id": "37063000600", "name": "Census Tract 6", "pct_white_2020": 62.5, "pct_black_2020": 13.2, "pct_hispanic_2020": 6.8, "pct_asian_2020": 5.2, "population_2020": 4724}, "geometry": {"type": "Polygon", "coordinates": [[[-78.95831, 35.99871], [-78.95828, 35.99647], [-78.95823, 35.99366], [-78.9582, 35.99202], [-78.95817, 35.98854], [-78.95813, 35.98644], [-78.95809, 35.98383], [-78.9579, 35.98373], [-78.95726, 35.9834], [-78.95688, 35.9832], [-78.95647, 35.98298], [-78.95625, 35.98286], [-78.95569, 35.98258], [-78.95537, 35.98243], [-78.95502, 35.98227], [-78.95457, 35.98207], [-78.95419, 35.9819], [-78.95212, 35.981], [-78.9519, 35.9809], [-78.95065, 35.98035], [-78.94997, 35.98005], [-78.94961, 35.9799], [-78.9488, 35.97958], [-78.94837, 35.97944], [-78.94724, 35.97909], [-78.94638, 35.97882], [-78.94556, 35.97856], [-78.94514, 35.97843], [-78.94441, 35.9782], [-78.94401, 35.97808], [-78.94245, 35.97758], [-78.94139, 35.97725], [-78.94029, 35.9769], [-78.94007, 35.97682], [-78.93973, 35.97667], [-78.93928, 35.97642], [-78.93874, 35.97613], [-78.9375, 35.97548], [-78.9373, 35.97538], [-78.93725, 35.97535], [-78.9369, 35.97518], [-78.93679, 35.97512], [-78.93682, 35.97497], [-78.93684, 35.9748], [-78.93685, 35.97472], [-78.93687, 35.9745], [-78.93504, 35.97393], [-78.93475, 35.97385], [-78.93407, 35.97365], [-78.93403, 35.97365], [-78.93382, 35.97357], [-78.93355, 35.97345], [-78.93309, 35.97322], [-78.93198, 35.97264], [-78.93185, 35.97259], [-78.92982, 35.9715], [-78.92885, 35.97099], [-78.92691, 35.97146], [-78.92676, 35.9715], [-78.92661, 35.97155], [-78.92644, 35.97161], [-78.9263, 35.97168], [-78.92617, 35.97175], [-78.92608, 35.97181], [-78.92588, 35.97197], [-78.92583, 35.97202], [-78.92578, 35.97207], [-78.92571, 35.97216], [-78.92565, 35.97225], [-78.92488, 35.97361], [-78.92484, 35.97369], [-78.92471, 35.97388], [-78.92468, 35.97392], [-78.92458, 35.97405], [-78.92449, 35.97415], [-78.92438, 35.97426], [-78.92425, 35.97438], [-78.92414, 35.97448], [-78.92388, 35.97466], [-78.9238, 35.97472], [-78.92374, 35.97476], [-78.92312, 35.97514], [-78.9229, 35.97527], [-78.92271, 35.9754], [-78.92264, 35.97542], [-78.92225, 35.97566], [-78.9217, 35.976], [-78.92154, 35.97609], [-78.92136, 35.97619], [-78.92097, 35.97639], [-78.92078, 35.97643], [-78.92065, 35.9776], [-78.92054, 35.97856], [-78.92043, 35.97946], [-78.9203, 35.98053], [-78.92028, 35.98075], [-78.92028, 35.98086], [-78.92029, 35.98123], [-78.9203, 35.98205], [-78.92031, 35.98268], [-78.92031, 35.98314], [-78.9203, 35.98462], [-78.92028, 35.98595], [-78.92026, 35.9864], [-78.92108, 35.98645], [-78.92167, 35.98649], [-78.92191, 35.98651], [-78.9222, 35.98652], [-78.92353, 35.9866], [-78.9242, 35.98664], [-78.92443, 35.98666], [-78.92531, 35.98674], [-78.92593, 35.98681], [-78.92612, 35.98683], [-78.92618, 35.98686], [-78.92622, 35.98689], [-78.92642, 35.9871], [-78.9265, 35.98719], [-78.92638, 35.98727], [-78.92623, 35.98739], [-78.92597, 35.98762], [-78.92578, 35.98781], [-78.92573, 35.98786], [-78.92562, 35.988], [-78.92534, 35.98844], [-78.92516, 35.98869], [-78.92497, 35.98895], [-78.92482, 35.98916], [-78.92449, 35.98965], [-78.92429, 35.98994], [-78.92397, 35.99038], [-78.92378, 35.99061], [-78.92362, 35.99078], [-78.92305, 35.99129], [-78.92272, 35.9916], [-78.92239, 35.99186], [-78.92232, 35.99191], [-78.92225, 35.99197], [-78.92217, 35.99206], [-78.92213, 35.99212], [-78.9221, 35.99218], [-78.9218, 35.99295], [-78.92166, 35.99331], [-78.92159, 35.9935], [-78.92157, 35.99359], [-78.92325, 35.99359], [-78.92341, 35.99358], [-78.92441, 35.99357], [-78.9248, 35.99357], [-78.92497, 35.99358], [-78.92415, 35.99517], [-78.92398, 35.99544], [-78.92329, 35.99671], [-78.92314, 35.99694], [-78.92346, 35.99699], [-78.9243, 35.99721], [-78.92395, 35.99826], [-78.92356, 35.99944], [-78.92343, 35.99983], [-78.92338, 36.0], [-78.92345, 36.0], [-78.92442, 36.00019], [-78.92521, 36.00034], [-78.92542, 36.00036], [-78.92559, 36.00037], [-78.92563, 36.00038], [-78.92583, 36.00038], [-78.926, 36.00036], [-78.92617, 36.00034], [-78.92638, 36.0003], [-78.92674, 36.00022], [-78.92734, 36.00004], [-78.92751, 36.0], [-78.92754, 36.0], [-78.9278, 35.99994], [-78.92802, 35.99991], [-78.92832, 35.99988], [-78.92852, 35.99988], [-78.92873, 35.99988], [-78.9289, 35.99988], [-78.92905, 35.9999], [-78.92953, 35.99996], [-78.93021, 36.00005], [-78.93025, 35.99923], [-78.93031, 35.99839], [-78.9305, 35.99837], [-78.93069, 35.99834], [-78.93088, 35.99829], [-78.93127, 35.99817], [-78.93155, 35.99808], [-78.93177, 35.99799], [-78.93197, 35.99791], [-78.93318, 35.99745], [-78.9344, 35.99699], [-78.93492, 35.99676], [-78.93506, 35.99669], [-78.93538, 35.9965], [-78.93558, 35.99635], [-78.93562, 35.99632], [-78.93589, 35.99607], [-78.93621, 35.99567], [-78.93668, 35.99509], [-78.9372, 35.99441], [-78.93729, 35.99431], [-78.93755, 35.99407], [-78.93761, 35.99402], [-78.93765, 35.994], [-78.93775, 35.99394], [-78.93785, 35.99388], [-78.93804, 35.9938], [-78.93814, 35.99376], [-78.93868, 35.99358], [-78.93875, 35.99355], [-78.93897, 35.99346], [-78.93922, 35.99333], [-78.93932, 35.99325], [-78.93943, 35.99315], [-78.93961, 35.99294], [-78.94005, 35.99224], [-78.94027, 35.99195], [-78.94065, 35.99151], [-78.94073, 35.99156], [-78.94083, 35.99162], [-78.94093, 35.99166], [-78.94172, 35.99194], [-78.94186, 35.99199], [-78.94253, 35.99222], [-78.94305, 35.99242], [-78.94328, 35.99252], [-78.94352, 35.99264], [-78.94386, 35.99282], [-78.94421, 35.99305], [-78.94427, 35.99309], [-78.94456, 35.99328], [-78.94626, 35.99449], [-78.94687, 35.99494], [-78.94704, 35.99505], [-78.94753, 35.9954], [-78.94782, 35.99561], [-78.94802, 35.99576], [-78.94833, 35.99597], [-78.94862, 35.99613], [-78.94915, 35.99638], [-78.94938, 35.99647], [-78.94973, 35.99661], [-78.9501, 35.99674], [-78.95089, 35.99698], [-78.95173, 35.99725], [-78.95243, 35.99746], [-78.95258, 35.9975], [-78.95283, 35.99756], [-78.95332, 35.99767], [-78.95396, 35.9978], [-78.95414, 35.99783], [-78.95442, 35.9979], [-78.95506, 35.99804], [-78.95757, 35.99856], [-78.95813, 35.99867], [-78.95831, 35.99871]]]}}, {"type": "Feature", "properties": {"tract_id": "37063000302", "name": "Census Tract 3.02", "pct_white_2020": 70.0, "pct_black_2020": 6.0, "pct_hispanic_2020": 14.0, "pct_asian_2020": 3.2, "population_2020": 3662}, "geometry": {"type": "Polygon", "coordinates": [[[-78.91246, 36.00396], [-78.91249, 36.00345], [-78.91117, 36.00344], [-78.9104, 36.00343], [-78.90937, 36.00343], [-78.90828, 36.00342], [-78.90828, 36.00394], [-78.90827, 36.00446], [-78.90566, 36.00445], [-78.90408, 36.00445], [-78.90381, 36.00445], [-78.90342, 36.00497], [-78.90332, 36.00512], [-78.90323, 36.00525], [-78.9031, 36.0055], [-78.90299, 36.00574], [-78.90253, 36.00687], [-78.90241, 36.00711], [-78.90234, 36.00722], [-78.90222, 36.00738], [-78.90211, 36.00752], [-78.90198, 36.00766], [-78.90178, 36.00784], [-78.90167, 36.00792], [-78.90146, 36.00808], [-78.90124, 36.0082], [-78.90106, 36.00829], [-78.9008, 36.00839], [-78.90054, 36.00848], [-78.90034, 36.00853], [-78.90006, 36.00859], [-78.89978, 36.00863], [-78.89869, 36.00873], [-78.89812, 36.00878], [-78.89763, 36.00883], [-78.89703, 36.00888], [-78.89648, 36.00892], [-78.89632, 36.00893], [-78.89598, 36.00892], [-78.89597, 36.01017], [-78.89597, 36.011], [-78.89597, 36.0118], [-78.89596, 36.01276], [-78.89595, 36.01454], [-78.89593, 36.01659], [-78.89599, 36.01677], [-78.89606, 36.01699], [-78.89708, 36.0174], [-78.8975, 36.01758], [-78.89809, 36.01783], [-78.89837, 36.01794], [-78.8986, 36.01784], [-78.90012, 36.01718], [-78.90043, 36.01705], [-78.90072, 36.01696], [-78.90101, 36.01689], [-78.90135, 36.01684], [-78.90149, 36.01683], [-78.90172, 36.01682], [-78.90254, 36.01682], [-78.90291, 36.01683], [-78.90388, 36.01686], [-78.90421, 36.01687], [-78.90545, 36.0169], [-78.90561, 36.01691], [-78.90674, 36.01688], [-78.90694, 36.01688], [-78.90829, 36.0169], [-78.90909, 36.01691], [-78.90948, 36.01691], [-78.91016, 36.01692], [-78.91061, 36.01689], [-78.91067, 36.01689], [-78.9107, 36.01647], [-78.91079, 36.01503], [-78.91091, 36.01321], [-78.91097, 36.01229], [-78.91101, 36.0114], [-78.91103, 36.01111], [-78.91109, 36.00994], [-78.91115, 36.00993], [-78.91128, 36.00989], [-78.91145, 36.00984], [-78.91162, 36.00981], [-78.91195, 36.00976], [-78.91212, 36.00972], [-78.91225, 36.00969], [-78.91236, 36.00966], [-78.91237, 36.00958], [-78.91241, 36.00916], [-78.91241, 36.00894], [-78.91241, 36.00885], [-78.91239, 36.00873], [-78.91234, 36.00854], [-78.91228, 36.00837], [-78.91225, 36.00828], [-78.91223, 36.00818], [-78.91222, 36.00809], [-78.9122, 36.00791], [-78.91221, 36.00768], [-78.91224, 36.00716], [-78.91228, 36.00665], [-78.91236, 36.00553], [-78.91239, 36.00499], [-78.91243, 36.00448], [-78.91246, 36.00396]]]}}, {"type": "Feature", "properties": {"tract_id": "37063000401", "name": "Census Tract 4.01", "pct_white_2020": 80.8, "pct_black_2020": 3.4, "pct_hispanic_2020": 9.6, "pct_asian_2020": 2.6, "population_2020": 2551}, "geometry": {"type": "Polygon", "coordinates": [[[-78.94999, 36.01874], [-78.95009, 36.0185], [-78.94993, 36.0184], [-78.94975, 36.01835], [-78.94945, 36.01823], [-78.94928, 36.01817], [-78.94872, 36.01801], [-78.94833, 36.01792], [-78.94766, 36.01779], [-78.9472, 36.0177], [-78.94612, 36.0175], [-78.94586, 36.01744], [-78.94555, 36.01738], [-78.94548, 36.01737], [-78.94543, 36.01739], [-78.94528, 36.01733], [-78.94516, 36.01731], [-78.94373, 36.01702], [-78.94281, 36.01685], [-78.94215, 36.01672], [-78.94209, 36.01671], [-78.94142, 36.01659], [-78.94106, 36.01652], [-78.94097, 36.01649], [-78.94079, 36.01646], [-78.94064, 36.01644], [-78.94059, 36.0164], [-78.94049, 36.01641], [-78.94042, 36.0164], [-78.94029, 36.01638], [-78.94017, 36.01636], [-78.93986, 36.01632], [-78.93898, 36.01615], [-78.93825, 36.01599], [-78.93789, 36.0159], [-78.9376, 36.0158], [-78.93729, 36.01569], [-78.93676, 36.01547], [-78.93646, 36.01532], [-78.93631, 36.01523], [-78.93618, 36.01518], [-78.93612, 36.01515], [-78.93612, 36.01519], [-78.93613, 36.01541], [-78.93615, 36.01571], [-78.93582, 36.01557], [-78.93537, 36.01541], [-78.935, 36.01529], [-78.93488, 36.01563], [-78.93474, 36.01601], [-78.93466, 36.01615], [-78.93307, 36.01609], [-78.93238, 36.01607], [-78.93189, 36.01604], [-78.92984, 36.01594], [-78.92896, 36.0159], [-78.92777, 36.01585], [-78.92659, 36.01581], [-78.92547, 36.01576], [-78.9243, 36.01571], [-78.92313, 36.01567], [-78.92168, 36.0156], [-78.92168, 36.01546], [-78.92108, 36.01543], [-78.92048, 36.01541], [-78.91987, 36.01538], [-78.91927, 36.01535], [-78.91916, 36.01717], [-78.91905, 36.01899], [-78.91894, 36.02079], [-78.91883, 36.02257], [-78.91879, 36.02338], [-78.91875, 36.02344], [-78.91871, 36.02349], [-78.91863, 36.02357], [-78.91797, 36.02413], [-78.91726, 36.02474], [-78.91674, 36.02516], [-78.9166, 36.02527], [-78.91861, 36.02683], [-78.91938, 36.02743], [-78.91966, 36.02763], [-78.91986, 36.02777], [-78.91999, 36.02785], [-78.92011, 36.02792], [-78.92022, 36.02798], [-78.92054, 36.02814], [-78.92075, 36.02823], [-78.92094, 36.0283], [-78.92152, 36.02849], [-78.9221, 36.02859], [-78.92288, 36.02867], [-78.92551, 36.02869], [-78.92659, 36.0287], [-78.92812, 36.02873], [-78.92817, 36.02873], [-78.92924, 36.02874], [-78.92949, 36.02875], [-78.9307, 36.02877], [-78.93101, 36.02877], [-78.93146, 36.02878], [-78.93193, 36.02878], [-78.93276, 36.02879], [-78.93332, 36.0288], [-78.93452, 36.02882], [-78.93484, 36.02882], [-78.93524, 36.02881], [-78.93551, 36.02879], [-78.93585, 36.02876], [-78.93602, 36.02873], [-78.9363, 36.02868], [-78.93659, 36.02862], [-78.93677, 36.02858], [-78.93715, 36.02847], [-78.9373, 36.02842], [-78.93754, 36.02834], [-78.93809, 36.02812], [-78.93852, 36.02794], [-78.93898, 36.02776], [-78.9402, 36.02722], [-78.94041, 36.02712], [-78.94062, 36.02704], [-78.94107, 36.02683], [-78.94178, 36.02654], [-78.94198, 36.02645], [-78.94266, 36.02616], [-78.9433, 36.0259], [-78.94346, 36.02585], [-78.94443, 36.02542], [-78.94544, 36.02505], [-78.94626, 36.02484], [-78.94693, 36.02471], [-78.94738, 36.02465], [-78.94768, 36.02444], [-78.94794, 36.02422], [-78.9483, 36.02376], [-78.94849, 36.02347], [-78.94853, 36.02343], [-78.94868, 36.02293], [-78.94886, 36.02244], [-78.94896, 36.02212], [-78.94898, 36.02208], [-78.94901, 36.02196], [-78.94904, 36.0218], [-78.94906, 36.02173], [-78.94932, 36.02091], [-78.9494, 36.02065], [-78.94947, 36.02041], [-78.94974, 36.01949], [-78.94999, 36.01874]]]}}, {"type": "Feature", "properties": {"tract_id": "37063000700", "name": "Census Tract 7", "pct_white_2020": 66.5, "pct_black_2020": 19.4, "pct_hispanic_2020": 5.3, "pct_asian_2020": 2.5, "population_2020": 3965}, "geometry": {"type": "Polygon", "coordinates": [[[-78.92885, 35.97099], [-78.92739, 35.97022], [-78.92733, 35.97018], [-78.92585, 35.9693], [-78.92549, 35.96909], [-78.9246, 35.96853], [-78.92346, 35.96781], [-78.92219, 35.96703], [-78.92168, 35.96741], [-78.92109, 35.96777], [-78.91946, 35.96854], [-78.91936, 35.96858], [-78.91919, 35.96861], [-78.91907, 35.9686], [-78.91892, 35.96856], [-78.91877, 35.96847], [-78.91836, 35.96817], [-78.91759, 35.9676], [-78.91739, 35.96747], [-78.9171, 35.9673], [-78.91697, 35.96723], [-78.91687, 35.96719], [-78.91685, 35.96718], [-78.91676, 35.96715], [-78.91645, 35.96704], [-78.91636, 35.96715], [-78.91625, 35.96732], [-78.91619, 35.96745], [-78.91614, 35.96758], [-78.9161, 35.96771], [-78.91581, 35.96909], [-78.9156, 35.97008], [-78.91549, 35.97045], [-78.91535, 35.97084], [-78.91527, 35.97102], [-78.9152, 35.97116], [-78.91511, 35.97132], [-78.915, 35.97151], [-78.91488, 35.97169], [-78.91478, 35.97183], [-78.91454, 35.97211], [-78.91413, 35.97266], [-78.91389, 35.97295], [-78.91379, 35.97307], [-78.91368, 35.97317], [-78.91358, 35.97323], [-78.91353, 35.97326], [-78.91346, 35.9733], [-78.91333, 35.97336], [-78.9131, 35.97344], [-78.91286, 35.97349], [-78.91273, 35.97352], [-78.91265, 35.97353], [-78.91239, 35.97359], [-78.91211, 35.97367], [-78.91195, 35.97373], [-78.91188, 35.97376], [-78.91157, 35.9739], [-78.9114, 35.97399], [-78.91127, 35.97406], [-78.91115, 35.97414], [-78.9111, 35.97418], [-78.91055, 35.97459], [-78.91032, 35.97475], [-78.91016, 35.97486], [-78.90973, 35.97516], [-78.9096, 35.97522], [-78.90943, 35.9753], [-78.90916, 35.97541], [-78.90888, 35.97551], [-78.9087, 35.97558], [-78.90869, 35.97559], [-78.9087, 35.97637], [-78.90874, 35.9785], [-78.90873, 35.979], [-78.9087, 35.9793], [-78.90865, 35.97962], [-78.90858, 35.98018], [-78.90837, 35.9819], [-78.90836, 35.98225], [-78.90839, 35.98241], [-78.90845, 35.98273], [-78.90863, 35.98325], [-78.9089, 35.9838], [-78.909, 35.98404], [-78.90904, 35.98419], [-78.90906, 35.98437], [-78.90906, 35.98449], [-78.909, 35.98487], [-78.90892, 35.98514], [-78.90887, 35.98526], [-78.90876, 35.98542], [-78.9087, 35.98552], [-78.90853, 35.98581], [-78.90796, 35.98685], [-78.90792, 35.98693], [-78.90791, 35.98695], [-78.90712, 35.98829], [-78.90687, 35.98876], [-78.90674, 35.98922], [-78.90645, 35.99003], [-78.90636, 35.99027], [-78.90627, 35.99043], [-78.9062, 35.99048], [-78.90608, 35.99053], [-78.90598, 35.99072], [-78.90583, 35.99097], [-78.90573, 35.99114], [-78.90568, 35.99123], [-78.9056, 35.99133], [-78.90497, 35.99214], [-78.9044, 35.99282], [-78.90319, 35.99429], [-78.90287, 35.99467], [-78.90278, 35.99474], [-78.90265, 35.9948], [-78.90251, 35.99488], [-78.9026, 35.99493], [-78.90351, 35.99543], [-78.90393, 35.99567], [-78.90419, 35.99581], [-78.90436, 35.99592], [-78.90444, 35.99597], [-78.90455, 35.99605], [-78.90469, 35.9961], [-78.90477, 35.99616], [-78.90497, 35.99624], [-78.9063, 35.99698], [-78.90659, 35.99714], [-78.90879, 35.99836], [-78.91013, 35.9991], [-78.91065, 35.99938], [-78.91115, 35.99971], [-78.91142, 35.99991], [-78.91176, 36.00018], [-78.91195, 36.00034], [-78.91207, 36.00045], [-78.91252, 36.0009], [-78.91336, 36.00178], [-78.91338, 36.0017], [-78.91364, 36.00095], [-78.91393, 36.00009], [-78.91401, 35.99987], [-78.91418, 35.99937], [-78.91459, 35.99816], [-78.91488, 35.99728], [-78.91503, 35.99685], [-78.91433, 35.99686], [-78.91431, 35.99551], [-78.9143, 35.99479], [-78.9143, 35.99403], [-78.91431, 35.99292], [-78.91431, 35.99169], [-78.9143, 35.99048], [-78.9143, 35.99037], [-78.91434, 35.98926], [-78.91472, 35.98927], [-78.91576, 35.9893], [-78.91584, 35.98906], [-78.91597, 35.98879], [-78.91618, 35.98834], [-78.91629, 35.98811], [-78.91657, 35.98744], [-78.91668, 35.98722], [-78.91674, 35.9872], [-78.91683, 35.98717], [-78.91691, 35.98713], [-78.91729, 35.98692], [-78.91787, 35.98664], [-78.91816, 35.98648], [-78.91829, 35.98643], [-78.91838, 35.9864], [-78.91848, 35.9864], [-78.91856, 35.98635], [-78.91872, 35.98633], [-78.91882, 35.98633], [-78.91925, 35.98634], [-78.91946, 35.98635], [-78.9196, 35.98637], [-78.92004, 35.98638], [-78.92026, 35.9864], [-78.92028, 35.98595], [-78.9203, 35.98462], [-78.92031, 35.98314], [-78.92031, 35.98268], [-78.9203, 35.98205], [-78.92029, 35.98123], [-78.92028, 35.98086], [-78.92028, 35.98075], [-78.9203, 35.98053], [-78.92043, 35.97946], [-78.92054, 35.97856], [-78.92065, 35.9776], [-78.92078, 35.97643], [-78.92097, 35.97639], [-78.92136, 35.97619], [-78.92154, 35.97609], [-78.9217, 35.976], [-78.92225, 35.97566], [-78.92264, 35.97542], [-78.92271, 35.9754], [-78.9229, 35.97527], [-78.92312, 35.97514], [-78.92374, 35.97476], [-78.9238, 35.97472], [-78.92388, 35.97466], [-78.92414, 35.97448], [-78.92425, 35.97438], [-78.92438, 35.97426], [-78.92449, 35.97415], [-78.92458, 35.97405], [-78.92468, 35.97392], [-78.92471, 35.97388], [-78.92484, 35.97369], [-78.92488, 35.97361], [-78.92565, 35.97225], [-78.92571, 35.97216], [-78.92578, 35.97207], [-78.92583, 35.97202], [-78.92588, 35.97197], [-78.92608, 35.97181], [-78.92617, 35.97175], [-78.9263, 35.97168], [-78.92644, 35.97161], [-78.92661, 35.97155], [-78.92676, 35.9715], [-78.92691, 35.97146], [-78.92885, 35.97099]]]}}, {"type": "Feature", "properties": {"tract_id": "37063000900", "name": "Census Tract 9", "pct_white_2020": 16.0, "pct_black_2020": 39.0, "pct_hispanic_2020": 36.4, "pct_asian_2020": 1.2, "population_2020": 1853}, "geometry": {"type": "Polygon", "coordinates": [[[-78.89438, 35.99865], [-78.89441, 35.99857], [-78.89379, 35.99856], [-78.89339, 35.99856], [-78.89206, 35.99858], [-78.89185, 35.99857], [-78.8919, 35.99805], [-78.89193, 35.99778], [-78.89197, 35.99747], [-78.89066, 35.99742], [-78.88944, 35.99737], [-78.88959, 35.99586], [-78.88908, 35.99584], [-78.88737, 35.99577], [-78.88726, 35.99577], [-78.88594, 35.9958], [-78.88596, 35.99452], [-78.88456, 35.99451], [-78.88383, 35.9945], [-78.8838, 35.99569], [-78.8838, 35.99631], [-78.88275, 35.9963], [-78.88172, 35.99629], [-78.88118, 35.9963], [-78.88003, 35.99628], [-78.88002, 35.99693], [-78.88001, 35.99751], [-78.87999, 35.99874], [-78.8807, 35.99874], [-78.87985, 36.00017], [-78.8795, 36.00073], [-78.87941, 36.00086], [-78.87925, 36.00105], [-78.8791, 36.0012], [-78.87859, 36.00168], [-78.87824, 36.00199], [-78.87777, 36.00242], [-78.87781, 36.00255], [-78.87794, 36.00288], [-78.87765, 36.00297], [-78.878, 36.00331], [-78.87833, 36.00364], [-78.87851, 36.00362], [-78.87891, 36.00361], [-78.8792, 36.00362], [-78.87959, 36.00365], [-78.88058, 36.00369], [-78.88118, 36.00372], [-78.88152, 36.00373], [-78.88274, 36.00376], [-78.88314, 36.00374], [-78.88339, 36.00373], [-78.88394, 36.00372], [-78.88427, 36.00372], [-78.8851, 36.00367], [-78.88604, 36.00361], [-78.88829, 36.00345], [-78.89021, 36.00331], [-78.89073, 36.00328], [-78.89143, 36.00325], [-78.89153, 36.00324], [-78.89185, 36.00323], [-78.892, 36.00323], [-78.89242, 36.0033], [-78.89305, 36.00342], [-78.89317, 36.00298], [-78.89346, 36.00198], [-78.89351, 36.00183], [-78.89361, 36.00144], [-78.89367, 36.00122], [-78.89388, 36.00032], [-78.89396, 36.0], [-78.89407, 35.9996], [-78.89418, 35.99918], [-78.89424, 35.99895], [-78.89427, 35.99888], [-78.89432, 35.99877], [-78.89438, 35.99865]]]}}, {"type": "Feature", "properties": {"tract_id": "37063000200", "name": "Census Tract 2", "pct_white_2020": 41.7, "pct_black_2020": 24.5, "pct_hispanic_2020": 25.1, "pct_asian_2020": 2.9, "population_2020": 3381}, "geometry": {"type": "Polygon", "coordinates": [[[-78.90299, 36.00574], [-78.9031, 36.0055], [-78.90282, 36.0055], [-78.90234, 36.0055], [-78.90199, 36.00549], [-78.90241, 36.00482], [-78.90308, 36.00375], [-78.90185, 36.00377], [-78.9014, 36.00377], [-78.90073, 36.00377], [-78.90004, 36.00378], [-78.8991, 36.00378], [-78.89793, 36.0038], [-78.89709, 36.00381], [-78.89602, 36.00382], [-78.89513, 36.00382], [-78.89477, 36.00381], [-78.89463, 36.00379], [-78.89425, 36.00368], [-78.89387, 36.00358], [-78.89305, 36.00342], [-78.89242, 36.0033], [-78.892, 36.00323], [-78.89185, 36.00323], [-78.89153, 36.00324], [-78.89143, 36.00325], [-78.89073, 36.00328], [-78.89021, 36.00331], [-78.88829, 36.00345], [-78.88604, 36.00361], [-78.8851, 36.00367], [-78.88427, 36.00372], [-78.88394, 36.00372], [-78.88339, 36.00373], [-78.88314, 36.00374], [-78.88274, 36.00376], [-78.88152, 36.00373], [-78.88118, 36.00372], [-78.88058, 36.00369], [-78.87959, 36.00365], [-78.8792, 36.00362], [-78.87891, 36.00361], [-78.87851, 36.00362], [-78.87833, 36.00364], [-78.87785, 36.00369], [-78.87772, 36.0037], [-78.87738, 36.00376], [-78.87714, 36.00381], [-78.87665, 36.00394], [-78.87648, 36.004], [-78.87619, 36.0041], [-78.87596, 36.00419], [-78.87556, 36.00439], [-78.87538, 36.00448], [-78.87532, 36.00454], [-78.87521, 36.00458], [-78.87496, 36.00472], [-78.87403, 36.00534], [-78.87301, 36.00602], [-78.87198, 36.00671], [-78.86992, 36.00809], [-78.86962, 36.0083], [-78.86926, 36.00855], [-78.86898, 36.00875], [-78.86848, 36.00916], [-78.86819, 36.00942], [-78.8681, 36.00951], [-78.86755, 36.01004], [-78.86752, 36.01007], [-78.86739, 36.0102], [-78.86791, 36.01101], [-78.86853, 36.01191], [-78.86874, 36.01221], [-78.86892, 36.01239], [-78.86905, 36.01252], [-78.86915, 36.0126], [-78.8693, 36.01272], [-78.86942, 36.01281], [-78.86967, 36.01297], [-78.86988, 36.01309], [-78.87021, 36.01324], [-78.87024, 36.01326], [-78.87048, 36.01335], [-78.87063, 36.0134], [-78.87082, 36.01346], [-78.87087, 36.01347], [-78.87113, 36.01354], [-78.87127, 36.01357], [-78.87143, 36.01359], [-78.87167, 36.01362], [-78.87186, 36.01364], [-78.87204, 36.01365], [-78.87221, 36.01365], [-78.87226, 36.01366], [-78.87266, 36.01364], [-78.87373, 36.01355], [-78.87427, 36.01353], [-78.87453, 36.01352], [-78.87487, 36.01353], [-78.87546, 36.01357], [-78.87573, 36.01358], [-78.87675, 36.0136], [-78.87712, 36.0136], [-78.87723, 36.01356], [-78.87794, 36.01361], [-78.8839, 36.01406], [-78.88458, 36.01411], [-78.88736, 36.01429], [-78.88757, 36.0143], [-78.88787, 36.01433], [-78.88822, 36.01436], [-78.88857, 36.0144], [-78.88904, 36.01447], [-78.88929, 36.01451], [-78.88949, 36.01455], [-78.88989, 36.01464], [-78.89, 36.01467], [-78.89047, 36.0148], [-78.89078, 36.0149], [-78.891, 36.01496], [-78.89137, 36.01509], [-78.89372, 36.01604], [-78.89441, 36.01632], [-78.8951, 36.0166], [-78.89606, 36.01699], [-78.89599, 36.01677], [-78.89593, 36.01659], [-78.89595, 36.01454], [-78.89596, 36.01276], [-78.89597, 36.0118], [-78.89597, 36.011], [-78.89597, 36.01017], [-78.89598, 36.00892], [-78.89632, 36.00893], [-78.89648, 36.00892], [-78.89703, 36.00888], [-78.89763, 36.00883], [-78.89812, 36.00878], [-78.89869, 36.00873], [-78.89978, 36.00863], [-78.90006, 36.00859], [-78.90034, 36.00853], [-78.90054, 36.00848], [-78.9008, 36.00839], [-78.90106, 36.00829], [-78.90124, 36.0082], [-78.90146, 36.00808], [-78.90167, 36.00792], [-78.90178, 36.00784], [-78.90198, 36.00766], [-78.90211, 36.00752], [-78.90222, 36.00738], [-78.90234, 36.00722], [-78.90241, 36.00711], [-78.90253, 36.00687], [-78.90299, 36.00574]]]}}, {"type": "Feature", "properties": {"tract_id": "37063000500", "name": "Census Tract 5", "pct_white_2020": 37.3, "pct_black_2020": 41.2, "pct_hispanic_2020": 11.1, "pct_asian_2020": 7.2, "population_2020": 4432}, "geometry": {"type": "Polygon", "coordinates": [[[-78.93017, 36.00084], [-78.93021, 36.00005], [-78.92953, 35.99996], [-78.92905, 35.9999], [-78.9289, 35.99988], [-78.92873, 35.99988], [-78.92852, 35.99988], [-78.92832, 35.99988], [-78.92802, 35.99991], [-78.9278, 35.99994], [-78.92754, 36.0], [-78.92751, 36.0], [-78.92734, 36.00004], [-78.92674, 36.00022], [-78.92638, 36.0003], [-78.92617, 36.00034], [-78.926, 36.00036], [-78.92583, 36.00038], [-78.92563, 36.00038], [-78.92559, 36.00037], [-78.92542, 36.00036], [-78.92521, 36.00034], [-78.92442, 36.00019], [-78.92345, 36.0], [-78.92338, 36.0], [-78.92343, 35.99983], [-78.92356, 35.99944], [-78.92395, 35.99826], [-78.9243, 35.99721], [-78.92346, 35.99699], [-78.92314, 35.99694], [-78.92329, 35.99671], [-78.92398, 35.99544], [-78.92415, 35.99517], [-78.92497, 35.99358], [-78.9248, 35.99357], [-78.92441, 35.99357], [-78.92341, 35.99358], [-78.92325, 35.99359], [-78.92157, 35.99359], [-78.92159, 35.9935], [-78.92166, 35.99331], [-78.9218, 35.99295], [-78.9221, 35.99218], [-78.92213, 35.99212], [-78.92217, 35.99206], [-78.92225, 35.99197], [-78.92232, 35.99191], [-78.92239, 35.99186], [-78.92272, 35.9916], [-78.92305, 35.99129], [-78.92362, 35.99078], [-78.92378, 35.99061], [-78.92397, 35.99038], [-78.92429, 35.98994], [-78.92449, 35.98965], [-78.92482, 35.98916], [-78.92497, 35.98895], [-78.92516, 35.98869], [-78.92534, 35.98844], [-78.92562, 35.988], [-78.92573, 35.98786], [-78.92578, 35.98781], [-78.92597, 35.98762], [-78.92623, 35.98739], [-78.92638, 35.98727], [-78.9265, 35.98719], [-78.92642, 35.9871], [-78.92622, 35.98689], [-78.92618, 35.98686], [-78.92612, 35.98683], [-78.92593, 35.98681], [-78.92531, 35.98674], [-78.92443, 35.98666], [-78.9242, 35.98664], [-78.92353, 35.9866], [-78.9222, 35.98652], [-78.92191, 35.98651], [-78.92167, 35.98649], [-78.92108, 35.98645], [-78.92026, 35.9864], [-78.92004, 35.98638], [-78.9196, 35.98637], [-78.91946, 35.98635], [-78.91925, 35.98634], [-78.91882, 35.98633], [-78.91872, 35.98633], [-78.91856, 35.98635], [-78.91848, 35.9864], [-78.91838, 35.9864], [-78.91829, 35.98643], [-78.91816, 35.98648], [-78.91787, 35.98664], [-78.91729, 35.98692], [-78.91691, 35.98713], [-78.91683, 35.98717], [-78.91674, 35.9872], [-78.91668, 35.98722], [-78.91657, 35.98744], [-78.91629, 35.98811], [-78.91618, 35.98834], [-78.91597, 35.98879], [-78.91584, 35.98906], [-78.91576, 35.9893], [-78.91472, 35.98927], [-78.91434, 35.98926], [-78.9143, 35.99037], [-78.9143, 35.99048], [-78.91431, 35.99169], [-78.91431, 35.99292], [-78.9143, 35.99403], [-78.9143, 35.99479], [-78.91431, 35.99551], [-78.91433, 35.99686], [-78.91503, 35.99685], [-78.91488, 35.99728], [-78.91459, 35.99816], [-78.91418, 35.99937], [-78.91401, 35.99987], [-78.91393, 36.00009], [-78.91364, 36.00095], [-78.91338, 36.0017], [-78.91336, 36.00178], [-78.91349, 36.00192], [-78.91385, 36.00228], [-78.91398, 36.0024], [-78.91426, 36.00263], [-78.91446, 36.00279], [-78.91464, 36.00292], [-78.9148, 36.003], [-78.91523, 36.00325], [-78.91659, 36.00396], [-78.91667, 36.00401], [-78.91677, 36.00405], [-78.91858, 36.00499], [-78.91922, 36.00531], [-78.91957, 36.00547], [-78.91984, 36.00558], [-78.92043, 36.0058], [-78.92101, 36.00598], [-78.92137, 36.00607], [-78.92188, 36.00618], [-78.92228, 36.00625], [-78.92248, 36.00628], [-78.92344, 36.00642], [-78.9241, 36.00652], [-78.92463, 36.0066], [-78.92543, 36.00673], [-78.92593, 36.00681], [-78.92623, 36.00687], [-78.92665, 36.00697], [-78.92714, 36.00709], [-78.92763, 36.00725], [-78.92799, 36.00737], [-78.92847, 36.00758], [-78.9288, 36.00773], [-78.92927, 36.00796], [-78.92931, 36.00801], [-78.92954, 36.00743], [-78.92956, 36.00736], [-78.9296, 36.00729], [-78.92962, 36.00723], [-78.92968, 36.00706], [-78.92978, 36.00675], [-78.92979, 36.0067], [-78.92988, 36.00616], [-78.92989, 36.00605], [-78.92993, 36.00522], [-78.93, 36.00412], [-78.93002, 36.00372], [-78.93005, 36.00318], [-78.9301, 36.00214], [-78.93013, 36.00163], [-78.93017, 36.00084]]]}}, {"type": "Feature", "properties": {"tract_id": "37063000402", "name": "Census Tract 4.02", "pct_white_2020": 64.7, "pct_black_2020": 5.1, "pct_hispanic_2020": 8.9, "pct_asian_2020": 13.4, "population_2020": 2653}, "geometry": {"type": "Polygon", "coordinates": [[[-78.93615, 36.01571], [-78.93613, 36.01541], [-78.93612, 36.01519], [-78.93612, 36.01515], [-78.93609, 36.01513], [-78.93602, 36.01509], [-78.93588, 36.01498], [-78.93574, 36.01487], [-78.93512, 36.01433], [-78.935, 36.01422], [-78.9349, 36.0141], [-78.9346, 36.01375], [-78.93445, 36.01357], [-78.93401, 36.01296], [-78.93373, 36.01256], [-78.93331, 36.01201], [-78.93326, 36.01193], [-78.93319, 36.01182], [-78.93314, 36.01178], [-78.93297, 36.01152], [-78.93227, 36.01057], [-78.93204, 36.01026], [-78.93187, 36.01005], [-78.93155, 36.00969], [-78.93119, 36.00934], [-78.93099, 36.00915], [-78.93075, 36.00895], [-78.9304, 36.00867], [-78.93015, 36.0085], [-78.92981, 36.00828], [-78.92948, 36.00808], [-78.92936, 36.00801], [-78.92931, 36.00801], [-78.92927, 36.00796], [-78.9288, 36.00773], [-78.92847, 36.00758], [-78.92799, 36.00737], [-78.92763, 36.00725], [-78.92714, 36.00709], [-78.92665, 36.00697], [-78.92623, 36.00687], [-78.92593, 36.00681], [-78.92543, 36.00673], [-78.92463, 36.0066], [-78.9241, 36.00652], [-78.92344, 36.00642], [-78.92248, 36.00628], [-78.92228, 36.00625], [-78.92188, 36.00618], [-78.92137, 36.00607], [-78.92101, 36.00598], [-78.92043, 36.0058], [-78.91984, 36.00558], [-78.91982, 36.00594], [-78.91974, 36.00746], [-78.91968, 36.00853], [-78.91961, 36.00957], [-78.91959, 36.00993], [-78.91957, 36.01043], [-78.91949, 36.01175], [-78.91945, 36.01254], [-78.91943, 36.01277], [-78.91938, 36.01355], [-78.91927, 36.01535], [-78.91987, 36.01538], [-78.92048, 36.01541], [-78.92108, 36.01543], [-78.92168, 36.01546], [-78.92168, 36.0156], [-78.92313, 36.01567], [-78.9243, 36.01571], [-78.92547, 36.01576], [-78.92659, 36.01581], [-78.92777, 36.01585], [-78.92896, 36.0159], [-78.92984, 36.01594], [-78.93189, 36.01604], [-78.93238, 36.01607], [-78.93307, 36.01609], [-78.93466, 36.01615], [-78.93474, 36.01601], [-78.93488, 36.01563], [-78.935, 36.01529], [-78.93537, 36.01541], [-78.93582, 36.01557], [-78.93615, 36.01571]]]}}, {"type": "Feature", "properties": {"tract_id": "37063001900", "name": "Census Tract 19", "pct_white_2020": 72.9, "pct_black_2020": 11.7, "pct_hispanic_2020": 8.3, "pct_asian_2020": 5.8, "population_2020": 6157}, "geometry": {"type": "Polygon", "coordinates": [[[-78.81326, 35.93525], [-78.81337, 35.93513], [-78.81266, 35.93462], [-78.8123, 35.93436], [-78.81166, 35.93389], [-78.81085, 35.93331], [-78.81012, 35.9328], [-78.80994, 35.93267], [-78.80958, 35.93241], [-78.80938, 35.93227], [-78.80862, 35.93171], [-78.80805, 35.93131], [-78.80674, 35.93036], [-78.80661, 35.93026], [-78.80656, 35.93022], [-78.80602, 35.92984], [-78.80594, 35.92977], [-78.80585, 35.92971], [-78.80551, 35.92947], [-78.80545, 35.92942], [-78.80538, 35.92937], [-78.80525, 35.92928], [-78.80518, 35.92922], [-78.80438, 35.92866], [-78.80397, 35.92837], [-78.80362, 35.92813], [-78.80239, 35.92727], [-78.8021, 35.92706], [-78.80201, 35.927], [-78.80197, 35.92697], [-78.80176, 35.92693], [-78.80122, 35.92682], [-78.80103, 35.92678], [-78.80087, 35.92675], [-78.80069, 35.92672], [-78.80053, 35.92668], [-78.80039, 35.92666], [-78.80023, 35.92662], [-78.80005, 35.92659], [-78.79986, 35.92655], [-78.79971, 35.92652], [-78.79963, 35.9265], [-78.79958, 35.92649], [-78.79955, 35.92649], [-78.79946, 35.92647], [-78.79941, 35.92646], [-78.79928, 35.92643], [-78.79919, 35.92642], [-78.7991, 35.9264], [-78.79903, 35.92638], [-78.799, 35.92638], [-78.79895, 35.92637], [-78.79889, 35.92636], [-78.79883, 35.92634], [-78.79876, 35.92633], [-78.79868, 35.92631], [-78.7986, 35.9263], [-78.79856, 35.92629], [-78.7985, 35.92628], [-78.7984, 35.92626], [-78.79833, 35.92624], [-78.79826, 35.92623], [-78.79823, 35.92622], [-78.79821, 35.92622], [-78.79814, 35.92621], [-78.7981, 35.9262], [-78.79801, 35.92618], [-78.79794, 35.92617], [-78.7979, 35.92616], [-78.79789, 35.92616], [-78.79787, 35.92615], [-78.79773, 35.92612], [-78.7976, 35.9261], [-78.79746, 35.92607], [-78.79736, 35.92605], [-78.79728, 35.92603], [-78.79721, 35.92602], [-78.79555, 35.92567], [-78.79509, 35.92559], [-78.79375, 35.92533], [-78.79275, 35.92513], [-78.79167, 35.92491], [-78.79078, 35.92473], [-78.79037, 35.92465], [-78.7895, 35.92448], [-78.78837, 35.92425], [-78.78786, 35.92415], [-78.78746, 35.92407], [-78.787, 35.92398], [-78.78561, 35.9237], [-78.78508, 35.9236], [-78.78442, 35.92346], [-78.78292, 35.92316], [-78.78284, 35.92315], [-78.78148, 35.92287], [-78.78111, 35.9228], [-78.78099, 35.92277], [-78.78046, 35.92267], [-78.78013, 35.92261], [-78.77926, 35.92243], [-78.77828, 35.92223], [-78.77798, 35.92217], [-78.77569, 35.92171], [-78.77541, 35.92166], [-78.77537, 35.92165], [-78.77503, 35.92158], [-78.77386, 35.92135], [-78.77251, 35.92108], [-78.77239, 35.92106], [-78.77211, 35.921], [-78.772, 35.92098], [-78.76962, 35.9205], [-78.76897, 35.92037], [-78.76785, 35.92014], [-78.76689, 35.91995], [-78.76537, 35.91965], [-78.76441, 35.91946], [-78.76431, 35.91944], [-78.7629, 35.91915], [-78.76286, 35.91915], [-78.76167, 35.91891], [-78.76041, 35.91865], [-78.75948, 35.91847], [-78.7593, 35.91843], [-78.75914, 35.9184], [-78.7591, 35.91839], [-78.75908, 35.91849], [-78.75905, 35.91859], [-78.75896, 35.91892], [-78.75873, 35.91973], [-78.75863, 35.92011], [-78.75854, 35.92039], [-78.75853, 35.92044], [-78.7585, 35.92051], [-78.75847, 35.92068], [-78.75838, 35.92098], [-78.75834, 35.92111], [-78.7583, 35.92125], [-78.75823, 35.92154], [-78.75821, 35.92156], [-78.75804, 35.92179], [-78.75785, 35.92204], [-78.75776, 35.92216], [-78.75764, 35.92233], [-78.75756, 35.92242], [-78.7575, 35.92251], [-78.75742, 35.92262], [-78.75737, 35.92268], [-78.75731, 35.92276], [-78.75721, 35.9229], [-78.75712, 35.92302], [-78.75709, 35.92305], [-78.75703, 35.92314], [-78.75698, 35.9232], [-78.7569, 35.92331], [-78.75685, 35.92337], [-78.75671, 35.92356], [-78.7566, 35.92368], [-78.75651, 35.92373], [-78.75645, 35.92382], [-78.75643, 35.92385], [-78.75643, 35.92399], [-78.75639, 35.92405], [-78.75631, 35.92415], [-78.75626, 35.92419], [-78.75621, 35.92424], [-78.75613, 35.92433], [-78.75604, 35.92443], [-78.75597, 35.9245], [-78.75592, 35.92455], [-78.75583, 35.92471], [-78.7558, 35.92483], [-78.75577, 35.9249], [-78.75564, 35.92501], [-78.75551, 35.92508], [-78.75548, 35.92519], [-78.75541, 35.92527], [-78.75538, 35.9253], [-78.75531, 35.92537], [-78.75524, 35.92543], [-78.75523, 35.92544], [-78.75518, 35.92547], [-78.75515, 35.9255], [-78.75511, 35.92553], [-78.75506, 35.92556], [-78.75504, 35.92559], [-78.75498, 35.92563], [-78.75494, 35.92566], [-78.75491, 35.92569], [-78.75482, 35.92577], [-78.75473, 35.92584], [-78.7547, 35.92586], [-78.75468, 35.92588], [-78.75466, 35.9259], [-78.75464, 35.92592], [-78.75455, 35.926], [-78.75448, 35.92608], [-78.75441, 35.92615], [-78.7543, 35.92622], [-78.75426, 35.9263], [-78.75421, 35.92638], [-78.75414, 35.92645], [-78.75408, 35.92652], [-78.75407, 35.92661], [-78.75401, 35.92679], [-78.75396, 35.92694], [-78.75389, 35.92711], [-78.75384, 35.92721], [-78.75381, 35.92728], [-78.75376, 35.92738], [-78.75366, 35.92757], [-78.75362, 35.92763], [-78.75342, 35.92782], [-78.75335, 35.92788], [-78.75331, 35.92795], [-78.75329, 35.92796], [-78.75323, 35.92804], [-78.75318, 35.92811], [-78.75309, 35.92822], [-78.75297, 35.92838], [-78.75286, 35.92852], [-78.75278, 35.92862], [-78.75262, 35.92882], [-78.75201, 35.92961], [-78.75191, 35.92979], [-78.75158, 35.93036], [-78.75143, 35.93062], [-78.75129, 35.93086], [-78.75116, 35.93101], [-78.75103, 35.93132], [-78.75089, 35.93163], [-78.75075, 35.93186], [-78.75043, 35.93223], [-78.75017, 35.93257], [-78.75012, 35.93264], [-78.7499, 35.93293], [-78.74978, 35.93304], [-78.74946, 35.93329], [-78.749, 35.93348], [-78.74889, 35.9335], [-78.74885, 35.93351], [-78.74876, 35.93353], [-78.74871, 35.93354], [-78.74858, 35.93354], [-78.74834, 35.93355], [-78.74811, 35.93352], [-78.74779, 35.93347], [-78.7475, 35.93344], [-78.74724, 35.93339], [-78.74705, 35.93335], [-78.74688, 35.93332], [-78.74683, 35.93331], [-78.74644, 35.93331], [-78.74628, 35.93334], [-78.7461, 35.93337], [-78.746, 35.93339], [-78.74555, 35.93365], [-78.74509, 35.93375], [-78.7444, 35.93376], [-78.744, 35.9338], [-78.74359, 35.93386], [-78.74341, 35.93388], [-78.74318, 35.93391], [-78.74215, 35.93391], [-78.74193, 35.93391], [-78.74171, 35.93391], [-78.74131, 35.93435], [-78.73863, 35.93732], [-78.73829, 35.93769], [-78.73809, 35.93791], [-78.73789, 35.93814], [-78.73719, 35.93891], [-78.73701, 35.93911], [-78.73684, 35.9393], [-78.73651, 35.93967], [-78.73554, 35.94074], [-78.7355, 35.94079], [-78.7354, 35.94089], [-78.73485, 35.94151], [-78.73414, 35.94229], [-78.7337, 35.94278], [-78.73339, 35.94312], [-78.73292, 35.94365], [-78.73279, 35.94379], [-78.7321, 35.94455], [-78.73095, 35.94583], [-78.73051, 35.94631], [-78.73007, 35.9468], [-78.72961, 35.94731], [-78.72909, 35.94789], [-78.72815, 35.94893], [-78.72777, 35.94937], [-78.72761, 35.94956], [-78.72711, 35.95014], [-78.72671, 35.95059], [-78.72636, 35.95092], [-78.72435, 35.95313], [-78.72401, 35.95352], [-78.7235, 35.95408], [-78.72262, 35.95505], [-78.72166, 35.95612], [-78.72053, 35.95737], [-78.71927, 35.95876], [-78.7185, 35.95962], [-78.7184, 35.95973], [-78.71838, 35.95975], [-78.71812, 35.96004], [-78.71804, 35.96013], [-78.71701, 35.96126], [-78.71649, 35.96272], [-78.71563, 35.96512], [-78.71529, 35.96606], [-78.71499, 35.96698], [-78.71343, 35.96893], [-78.71341, 35.96895], [-78.71341, 35.96897], [-78.7133, 35.96927], [-78.71298, 35.97024], [-78.71278, 35.97082], [-78.71256, 35.97148], [-78.71236, 35.97209], [-78.71223, 35.97248], [-78.71202, 35.97313], [-78.71184, 35.97365], [-78.71158, 35.97444], [-78.71138, 35.97505], [-78.71111, 35.97585], [-78.71083, 35.97669], [-78.7107, 35.97707], [-78.70937, 35.9811], [-78.70863, 35.98334], [-78.7083, 35.98434], [-78.70825, 35.98448], [-78.70809, 35.98496], [-78.70765, 35.98628], [-78.70694, 35.98844], [-78.70688, 35.9886], [-78.70659, 35.98949], [-78.70597, 35.99137], [-78.70557, 35.99256], [-78.70526, 35.99351], [-78.70499, 35.99431], [-78.70479, 35.99492], [-78.70413, 35.99691], [-78.70362, 35.99845], [-78.70315, 35.99988], [-78.70269, 36.00126], [-78.70246, 36.00195], [-78.70229, 36.00248], [-78.70131, 36.00544], [-78.70039, 36.00825], [-78.70011, 36.00904], [-78.69973, 36.01021], [-78.69932, 36.01145], [-78.69985, 36.01143], [-78.70036, 36.0114], [-78.70076, 36.01139], [-78.70141, 36.01136], [-78.70235, 36.01132], [-78.70624, 36.01116], [-78.70744, 36.01111], [-78.7076, 36.01135], [-78.70774, 36.01155], [-78.70898, 36.01339], [-78.70922, 36.01374], [-78.70944, 36.01406], [-78.7108, 36.01607], [-78.71108, 36.01649], [-78.71132, 36.01683], [-78.71236, 36.01838], [-78.71381, 36.02052], [-78.7165, 36.02449], [-78.71788, 36.02652], [-78.71907, 36.02829], [-78.71964, 36.02913], [-78.71982, 36.0294], [-78.71995, 36.02959], [-78.72157, 36.02911], [-78.73032, 36.0265], [-78.73229, 36.02591], [-78.73447, 36.02527], [-78.73491, 36.02513], [-78.73531, 36.02501], [-78.73655, 36.02464], [-78.74001, 36.02361], [-78.74019, 36.02356], [-78.74536, 36.02657], [-78.74833, 36.0283], [-78.74839, 36.02833], [-78.75053, 36.02958], [-78.75139, 36.03008], [-78.75361, 36.03138], [-78.75377, 36.03752], [-78.75378, 36.03789], [-78.7538, 36.03864], [-78.7539, 36.04223], [-78.75391, 36.04259], [-78.75392, 36.04302], [-78.75396, 36.04435], [-78.75403, 36.04731], [-78.75404, 36.04762], [-78.75403, 36.04781], [-78.75443, 36.0476], [-78.75478, 36.04735], [-78.75542, 36.04686], [-78.75643, 36.04605], [-78.75759, 36.04511], [-78.7583, 36.04455], [-78.75853, 36.04435], [-78.75897, 36.044], [-78.75923, 36.04381], [-78.75944, 36.04367], [-78.75956, 36.04359], [-78.7601, 36.04325], [-78.76024, 36.04318], [-78.76039, 36.04311], [-78.76051, 36.04307], [-78.76132, 36.04281], [-78.76173, 36.04267], [-78.76224, 36.04247], [-78.76243, 36.04237], [-78.76325, 36.04193], [-78.76354, 36.04176], [-78.76365, 36.04167], [-78.76377, 36.04154], [-78.76402, 36.04125], [-78.76413, 36.0411], [-78.76418, 36.04103], [-78.76426, 36.04091], [-78.76432, 36.0408], [-78.76437, 36.04069], [-78.76444, 36.04048], [-78.76449, 36.04031], [-78.76452, 36.04012], [-78.76453, 36.03994], [-78.76454, 36.0395], [-78.7642, 36.03514], [-78.76418, 36.03489], [-78.76419, 36.03475], [-78.76423, 36.03435], [-78.76426, 36.03423], [-78.76432, 36.03408], [-78.76444, 36.03383], [-78.76455, 36.03365], [-78.76478, 36.03333], [-78.76495, 36.03312], [-78.76502, 36.03304], [-78.7651, 36.03296], [-78.76519, 36.03288], [-78.76558, 36.03257], [-78.76589, 36.03237], [-78.76617, 36.03219], [-78.76603, 36.03166], [-78.76589, 36.03093], [-78.76587, 36.03079], [-78.76555, 36.02883], [-78.76554, 36.02868], [-78.7655, 36.02852], [-78.76543, 36.02835], [-78.76536, 36.02822], [-78.76524, 36.02802], [-78.76518, 36.02794], [-78.76509, 36.02784], [-78.76498, 36.02773], [-78.76485, 36.02762], [-78.76473, 36.02753], [-78.76457, 36.02745], [-78.76421, 36.02727], [-78.76411, 36.02723], [-78.76396, 36.02717], [-78.76379, 36.02712], [-78.7636, 36.02707], [-78.76327, 36.02699], [-78.76244, 36.02678], [-78.76125, 36.02647], [-78.76064, 36.02632], [-78.7604, 36.02626], [-78.76025, 36.02621], [-78.75995, 36.02611], [-78.75979, 36.02604], [-78.75963, 36.02597], [-78.75945, 36.02587], [-78.75916, 36.02571], [-78.75904, 36.02563], [-78.75889, 36.02552], [-78.75875, 36.0254], [-78.7587, 36.02534], [-78.75864, 36.02526], [-78.75859, 36.02517], [-78.75855, 36.0251], [-78.75845, 36.02485], [-78.75839, 36.02465], [-78.75837, 36.02455], [-78.75837, 36.02443], [-78.75839, 36.0243], [-78.7584, 36.0242], [-78.75853, 36.02354], [-78.75924, 36.02009], [-78.75935, 36.01975], [-78.76027, 36.01702], [-78.76044, 36.01595], [-78.7605, 36.01573], [-78.76066, 36.0152], [-78.76106, 36.01453], [-78.76199, 36.01304], [-78.76238, 36.01259], [-78.76271, 36.0123], [-78.76316, 36.0118], [-78.76341, 36.01147], [-78.76366, 36.01125], [-78.76377, 36.01114], [-78.76399, 36.01089], [-78.76419, 36.01068], [-78.76434, 36.0105], [-78.76446, 36.01034], [-78.76465, 36.01007], [-78.76478, 36.00986], [-78.76487, 36.0097], [-78.76523, 36.00914], [-78.76526, 36.00908], [-78.76626, 36.00755], [-78.76678, 36.00671], [-78.76684, 36.00659], [-78.76699, 36.00626], [-78.76708, 36.00602], [-78.76747, 36.00473], [-78.76762, 36.00428], [-78.76794, 36.00333], [-78.76845, 36.00224], [-78.76882, 36.00152], [-78.76923, 36.00066], [-78.76929, 36.00052], [-78.76934, 36.00038], [-78.76939, 36.00014], [-78.76943, 35.99994], [-78.76947, 35.99957], [-78.76953, 35.99875], [-78.76957, 35.99832], [-78.76964, 35.99768], [-78.76969, 35.99701], [-78.76975, 35.99644], [-78.76983, 35.99586], [-78.76994, 35.99516], [-78.76998, 35.99478], [-78.76999, 35.99447], [-78.77, 35.99438], [-78.76999, 35.99425], [-78.76997, 35.99412], [-78.76993, 35.99397], [-78.7699, 35.99384], [-78.76985, 35.9937], [-78.76977, 35.99351], [-78.76972, 35.99338], [-78.76967, 35.99328], [-78.76943, 35.99287], [-78.76911, 35.99223], [-78.76902, 35.99202], [-78.76897, 35.99191], [-78.76893, 35.99181], [-78.7689, 35.99171], [-78.76888, 35.99161], [-78.76887, 35.9915], [-78.76886, 35.9913], [-78.76887, 35.99121], [-78.76888, 35.99112], [-78.76893, 35.9908], [-78.76896, 35.99072], [-78.76902, 35.99056], [-78.76938, 35.9899], [-78.76966, 35.9894], [-78.76994, 35.98888], [-78.77048, 35.98782], [-78.7706, 35.98755], [-78.77071, 35.98727], [-78.77079, 35.98707], [-78.77092, 35.98676], [-78.77128, 35.98589], [-78.7715, 35.98533], [-78.77157, 35.98516], [-78.7716, 35.98509], [-78.7718, 35.98467], [-78.77188, 35.98449], [-78.77194, 35.9844], [-78.77217, 35.98413], [-78.77241, 35.9839], [-78.77267, 35.98366], [-78.77273, 35.98361], [-78.7728, 35.98356], [-78.77349, 35.98295], [-78.77373, 35.98275], [-78.77384, 35.98267], [-78.77397, 35.98259], [-78.77411, 35.9825], [-78.7742, 35.98245], [-78.77424, 35.98244], [-78.77436, 35.98237], [-78.77483, 35.98217], [-78.77505, 35.98209], [-78.7754, 35.98199], [-78.77609, 35.98181], [-78.77637, 35.98173], [-78.77638, 35.98172], [-78.7767, 35.98161], [-78.77706, 35.98148], [-78.77714, 35.98144], [-78.77732, 35.98137], [-78.77746, 35.9813], [-78.77758, 35.98123], [-78.7777, 35.98115], [-78.77814, 35.98083], [-78.77831, 35.9807], [-78.77834, 35.98066], [-78.77877, 35.98029], [-78.77917, 35.97993], [-78.77927, 35.97985], [-78.7794, 35.97972], [-78.77953, 35.97961], [-78.77987, 35.97926], [-78.78013, 35.97897], [-78.78026, 35.9788], [-78.7804, 35.9786], [-78.78051, 35.97841], [-78.78056, 35.97831], [-78.78065, 35.9781], [-78.78067, 35.97803], [-78.78072, 35.97771], [-78.78077, 35.97744], [-78.78078, 35.97726], [-78.78079, 35.97692], [-78.78078, 35.97677], [-78.78074, 35.97645], [-78.78219, 35.97623], [-78.78371, 35.97602], [-78.78429, 35.97594], [-78.78599, 35.97573], [-78.78591, 35.97535], [-78.78588, 35.97521], [-78.78584, 35.97514], [-78.78579, 35.97507], [-78.78571, 35.97499], [-78.78561, 35.97491], [-78.78548, 35.9748], [-78.78544, 35.97476], [-78.78538, 35.97471], [-78.78518, 35.97451], [-78.78505, 35.97437], [-78.78503, 35.9743], [-78.78496, 35.97415], [-78.78486, 35.97397], [-78.78482, 35.97388], [-78.78479, 35.97382], [-78.78471, 35.97353], [-78.78469, 35.97341], [-78.78467, 35.97323], [-78.78466, 35.97122], [-78.78469, 35.9709], [-78.78471, 35.97061], [-78.78472, 35.97043], [-78.78473, 35.96998], [-78.78473, 35.96984], [-78.78472, 35.96974], [-78.78468, 35.9694], [-78.78465, 35.96927], [-78.78454, 35.96884], [-78.78438, 35.96827], [-78.78431, 35.96811], [-78.7842, 35.96788], [-78.78415, 35.96779], [-78.7841, 35.96771], [-78.78401, 35.9676], [-78.78378, 35.96733], [-78.7835, 35.96698], [-78.78338, 35.96684], [-78.78336, 35.96682], [-78.78333, 35.96679], [-78.7833, 35.96674], [-78.78322, 35.96665], [-78.7831, 35.96647], [-78.783, 35.96629], [-78.7829, 35.96606], [-78.78285, 35.96595], [-78.78283, 35.96585], [-78.78278, 35.96552], [-78.7827, 35.96496], [-78.7827, 35.96489], [-78.78264, 35.96446], [-78.78261, 35.96427], [-78.7826, 35.96417], [-78.78257, 35.96404], [-78.78254, 35.96389], [-78.78253, 35.96386], [-78.7825, 35.96373], [-78.78249, 35.96372], [-78.78248, 35.9636], [-78.78247, 35.96349], [-78.78248, 35.96335], [-78.78249, 35.96322], [-78.7825, 35.96316], [-78.78252, 35.96308], [-78.78255, 35.96298], [-78.78259, 35.96281], [-78.78267, 35.96276], [-78.78289, 35.96266], [-78.78337, 35.96245], [-78.78364, 35.96234], [-78.784, 35.96222], [-78.78432, 35.96213], [-78.78459, 35.96205], [-78.78474, 35.96201], [-78.78478, 35.962], [-78.78522, 35.96188], [-78.78538, 35.96183], [-78.78547, 35.9618], [-78.7862, 35.96161], [-78.78642, 35.96154], [-78.78669, 35.96144], [-78.78728, 35.96121], [-78.78789, 35.96099], [-78.78805, 35.96093], [-78.78853, 35.96077], [-78.78866, 35.96072], [-78.78926, 35.96049], [-78.78983, 35.96025], [-78.79022, 35.96006], [-78.79042, 35.95995], [-78.79052, 35.95989], [-78.79063, 35.95981], [-78.79073, 35.95974], [-78.79082, 35.95966], [-78.79094, 35.95954], [-78.79107, 35.9594], [-78.79152, 35.95881], [-78.79198, 35.95822], [-78.79201, 35.95818], [-78.79243, 35.95764], [-78.7926, 35.9574], [-78.79263, 35.95736], [-78.79266, 35.95731], [-78.79272, 35.95719], [-78.79278, 35.95707], [-78.79287, 35.9568], [-78.79293, 35.95658], [-78.79298, 35.95638], [-78.79298, 35.9563], [-78.79296, 35.95588], [-78.79294, 35.95572], [-78.79292, 35.95555], [-78.79289, 35.95538], [-78.79287, 35.9552], [-78.7928, 35.9545], [-78.79279, 35.95444], [-78.79279, 35.95423], [-78.79279, 35.9541], [-78.7928, 35.95399], [-78.79281, 35.95394], [-78.79282, 35.95387], [-78.79288, 35.95365], [-78.79294, 35.95343], [-78.79305, 35.95313], [-78.79311, 35.95294], [-78.79321, 35.95268], [-78.79334, 35.95231], [-78.79341, 35.95212], [-78.79357, 35.95167], [-78.79363, 35.95152], [-78.79371, 35.95128], [-78.79396, 35.9506], [-78.79401, 35.95049], [-78.79403, 35.95045], [-78.79409, 35.9503], [-78.79414, 35.95013], [-78.79417, 35.94998], [-78.79421, 35.94972], [-78.79421, 35.94964], [-78.7942, 35.94942], [-78.79419, 35.94932], [-78.79417, 35.94924], [-78.79415, 35.94915], [-78.79409, 35.94902], [-78.79397, 35.9488], [-78.79394, 35.94874], [-78.79386, 35.94861], [-78.79352, 35.94807], [-78.79327, 35.94769], [-78.79306, 35.94724], [-78.79303, 35.94714], [-78.79301, 35.94704], [-78.793, 35.94688], [-78.793, 35.94664], [-78.79301, 35.9465], [-78.79303, 35.94633], [-78.79307, 35.94614], [-78.79313, 35.94594], [-78.79338, 35.94523], [-78.79345, 35.94502], [-78.79347, 35.94494], [-78.7936, 35.9445], [-78.79368, 35.94425], [-78.79374, 35.94412], [-78.79378, 35.94401], [-78.79386, 35.94383], [-78.79394, 35.94366], [-78.79405, 35.94348], [-78.7943, 35.94306], [-78.79431, 35.94303], [-78.79435, 35.94298], [-78.79438, 35.94294], [-78.7945, 35.94276], [-78.79458, 35.94262], [-78.79462, 35.94257], [-78.79473, 35.94236], [-78.79478, 35.94225], [-78.79482, 35.94214], [-78.79486, 35.94201], [-78.79493, 35.9418], [-78.79512, 35.94114], [-78.79525, 35.94118], [-78.79731, 35.94185], [-78.79757, 35.94193], [-78.79757, 35.9419], [-78.79758, 35.94147], [-78.79758, 35.94139], [-78.79695, 35.94137], [-78.79698, 35.9408], [-78.79699, 35.94073], [-78.79699, 35.94064], [-78.79755, 35.94062], [-78.79902, 35.94048], [-78.79927, 35.94044], [-78.79939, 35.94042], [-78.79947, 35.9404], [-78.79952, 35.94039], [-78.79956, 35.94038], [-78.79965, 35.94033], [-78.79975, 35.94028], [-78.79981, 35.94022], [-78.79988, 35.94015], [-78.79996, 35.94004], [-78.80002, 35.93993], [-78.80062, 35.93886], [-78.80078, 35.93856], [-78.80083, 35.93846], [-78.80096, 35.93826], [-78.80105, 35.93814], [-78.80118, 35.938], [-78.80131, 35.93789], [-78.8014, 35.93784], [-78.80146, 35.93781], [-78.80162, 35.93774], [-78.80182, 35.93765], [-78.80195, 35.93761], [-78.80197, 35.9376], [-78.80208, 35.93756], [-78.80221, 35.93753], [-78.80245, 35.93747], [-78.80251, 35.93746], [-78.80264, 35.93743], [-78.80276, 35.93742], [-78.803, 35.93741], [-78.80313, 35.93741], [-78.80326, 35.93741], [-78.80387, 35.93749], [-78.80414, 35.93753], [-78.80478, 35.93763], [-78.80496, 35.93765], [-78.8051, 35.93766], [-78.80541, 35.93767], [-78.8056, 35.93766], [-78.80575, 35.93764], [-78.8059, 35.9376], [-78.80616, 35.93753], [-78.80629, 35.93749], [-78.80643, 35.93743], [-78.80657, 35.93736], [-78.8071, 35.93708], [-78.8073, 35.937], [-78.80741, 35.93697], [-78.80752, 35.93694], [-78.80777, 35.9369], [-78.80793, 35.93688], [-78.80832, 35.93687], [-78.80847, 35.93687], [-78.80884, 35.93683], [-78.80898, 35.93681], [-78.80917, 35.93677], [-78.80932, 35.93673], [-78.81017, 35.93646], [-78.81083, 35.93625], [-78.81212, 35.93584], [-78.81249, 35.93572], [-78.81264, 35.93565], [-78.81289, 35.93552], [-78.81297, 35.93547], [-78.81317, 35.93533], [-78.81326, 35.93525]]]}}, {"type": "Feature", "properties": {"tract_id": "37063001709", "name": "Census Tract 17.09", "pct_white_2020": 7.0, "pct_black_2020": 61.8, "pct_hispanic_2020": 24.9, "pct_asian_2020": 0.7, "population_2020": 8069}, "geometry": {"type": "Polygon", "coordinates": [[[-78.9036, 36.05173], [-78.90361, 36.05146], [-78.90359, 36.05108], [-78.90358, 36.05099], [-78.90357, 36.05086], [-78.90344, 36.04895], [-78.90337, 36.04842], [-78.90333, 36.04819], [-78.90318, 36.04757], [-78.90298, 36.04688], [-78.90279, 36.0463], [-78.90267, 36.04601], [-78.9026, 36.04584], [-78.9025, 36.04563], [-78.90238, 36.04538], [-78.90142, 36.04391], [-78.9012, 36.04359], [-78.90105, 36.04335], [-78.90084, 36.043], [-78.9008, 36.04293], [-78.90078, 36.04289], [-78.90074, 36.04282], [-78.90003, 36.04138], [-78.89941, 36.04012], [-78.89905, 36.03938], [-78.89894, 36.03918], [-78.89878, 36.03893], [-78.89866, 36.03878], [-78.89853, 36.03863], [-78.89832, 36.03839], [-78.8981, 36.0382], [-78.89787, 36.03802], [-78.89784, 36.03799], [-78.89766, 36.03786], [-78.89674, 36.03724], [-78.89629, 36.03694], [-78.8961, 36.03682], [-78.89604, 36.03679], [-78.89576, 36.03666], [-78.89542, 36.03652], [-78.89437, 36.03611], [-78.89407, 36.03598], [-78.89379, 36.03585], [-78.89357, 36.03573], [-78.89339, 36.03562], [-78.89232, 36.03489], [-78.89154, 36.03516], [-78.89119, 36.03528], [-78.89028, 36.03559], [-78.88987, 36.03572], [-78.88978, 36.03556], [-78.88972, 36.03549], [-78.88967, 36.03545], [-78.88961, 36.03543], [-78.88954, 36.03541], [-78.88946, 36.0354], [-78.88939, 36.0354], [-78.88923, 36.0354], [-78.88755, 36.0354], [-78.88696, 36.03541], [-78.88546, 36.03543], [-78.88515, 36.0354], [-78.88351, 36.03524], [-78.8837, 36.03397], [-78.88113, 36.03372], [-78.88072, 36.03368], [-78.87977, 36.03359], [-78.87854, 36.03347], [-78.87801, 36.03342], [-78.87819, 36.03218], [-78.87823, 36.03195], [-78.87826, 36.0317], [-78.87827, 36.03158], [-78.87827, 36.03138], [-78.87824, 36.03128], [-78.87822, 36.03123], [-78.87817, 36.03114], [-78.87807, 36.031], [-78.87789, 36.03078], [-78.87785, 36.03072], [-78.87781, 36.03064], [-78.87779, 36.03057], [-78.87776, 36.03046], [-78.87775, 36.03036], [-78.87776, 36.03025], [-78.87777, 36.0302], [-78.87779, 36.03014], [-78.87787, 36.02997], [-78.8779, 36.02993], [-78.87795, 36.02987], [-78.87812, 36.02971], [-78.87869, 36.02919], [-78.87884, 36.02905], [-78.87887, 36.029], [-78.8789, 36.02894], [-78.87893, 36.02888], [-78.87895, 36.02883], [-78.87902, 36.02872], [-78.87908, 36.02849], [-78.87913, 36.02828], [-78.87906, 36.02825], [-78.87894, 36.02817], [-78.87889, 36.02813], [-78.87884, 36.02807], [-78.87879, 36.02801], [-78.87877, 36.02797], [-78.87872, 36.0279], [-78.87871, 36.02785], [-78.87867, 36.02773], [-78.87541, 36.02654], [-78.87366, 36.0259], [-78.87315, 36.02863], [-78.87276, 36.03073], [-78.87276, 36.03074], [-78.87275, 36.03082], [-78.87268, 36.03116], [-78.87247, 36.03237], [-78.87245, 36.03254], [-78.87243, 36.03284], [-78.87244, 36.03296], [-78.87246, 36.03312], [-78.87249, 36.03323], [-78.87233, 36.0332], [-78.87228, 36.0332], [-78.87219, 36.03319], [-78.87212, 36.03316], [-78.8719, 36.033], [-78.87173, 36.03289], [-78.87169, 36.03285], [-78.87163, 36.03277], [-78.87156, 36.03273], [-78.87146, 36.0327], [-78.87138, 36.03269], [-78.87129, 36.0327], [-78.87126, 36.03271], [-78.87114, 36.03271], [-78.87105, 36.03268], [-78.87091, 36.03263], [-78.87079, 36.03259], [-78.87062, 36.03255], [-78.87056, 36.03253], [-78.87042, 36.03245], [-78.87032, 36.03242], [-78.8702, 36.03238], [-78.87015, 36.03237], [-78.87013, 36.03244], [-78.87008, 36.03257], [-78.87001, 36.03271], [-78.86994, 36.03282], [-78.86985, 36.03293], [-78.8697, 36.03308], [-78.86957, 36.03319], [-78.86947, 36.03328], [-78.86899, 36.03312], [-78.86891, 36.0331], [-78.86882, 36.03308], [-78.86867, 36.03306], [-78.86856, 36.03306], [-78.86836, 36.03307], [-78.86828, 36.03307], [-78.86811, 36.03311], [-78.86797, 36.03315], [-78.86761, 36.03327], [-78.86706, 36.03336], [-78.8663, 36.03348], [-78.86624, 36.03349], [-78.86618, 36.0335], [-78.86611, 36.03352], [-78.86601, 36.03357], [-78.86598, 36.0336], [-78.86592, 36.03367], [-78.86587, 36.03373], [-78.86585, 36.03382], [-78.86586, 36.03391], [-78.86597, 36.03435], [-78.86606, 36.0347], [-78.86613, 36.03483], [-78.86619, 36.03488], [-78.86626, 36.03491], [-78.86639, 36.03495], [-78.86647, 36.03496], [-78.86652, 36.03495], [-78.8666, 36.03493], [-78.86716, 36.03478], [-78.86747, 36.03471], [-78.86759, 36.0347], [-78.86768, 36.0347], [-78.86782, 36.03472], [-78.86797, 36.03476], [-78.8679, 36.03494], [-78.86788, 36.03503], [-78.86787, 36.03511], [-78.86787, 36.03517], [-78.86788, 36.03524], [-78.86789, 36.03533], [-78.86793, 36.03542], [-78.86797, 36.03549], [-78.86835, 36.03594], [-78.86853, 36.03615], [-78.86861, 36.03623], [-78.86868, 36.0363], [-78.86891, 36.03648], [-78.86908, 36.03659], [-78.86919, 36.03665], [-78.86933, 36.03673], [-78.86947, 36.0368], [-78.8696, 36.03685], [-78.86988, 36.03695], [-78.87002, 36.03699], [-78.87014, 36.03702], [-78.87027, 36.03705], [-78.87152, 36.03725], [-78.87152, 36.03781], [-78.87152, 36.03789], [-78.87153, 36.03824], [-78.87155, 36.03945], [-78.87157, 36.04047], [-78.87157, 36.0406], [-78.87158, 36.04173], [-78.87267, 36.04171], [-78.87337, 36.04171], [-78.87343, 36.04169], [-78.87349, 36.04167], [-78.87375, 36.04172], [-78.87402, 36.04179], [-78.87419, 36.04183], [-78.87403, 36.04229], [-78.87398, 36.04246], [-78.87379, 36.04304], [-78.87377, 36.0431], [-78.87325, 36.0447], [-78.87292, 36.04572], [-78.87282, 36.04602], [-78.87266, 36.04649], [-78.87236, 36.04744], [-78.87193, 36.04875], [-78.87153, 36.04994], [-78.87061, 36.05274], [-78.8705, 36.05306], [-78.87036, 36.05338], [-78.87027, 36.05356], [-78.87018, 36.0537], [-78.8698, 36.05427], [-78.8667, 36.05867], [-78.86602, 36.05965], [-78.86472, 36.06149], [-78.8637, 36.06294], [-78.86315, 36.06374], [-78.86261, 36.06452], [-78.86252, 36.06467], [-78.86235, 36.06496], [-78.86229, 36.06508], [-78.86216, 36.06539], [-78.86207, 36.06563], [-78.86202, 36.06577], [-78.86198, 36.06592], [-78.86194, 36.0661], [-78.86186, 36.06657], [-78.86163, 36.06795], [-78.86159, 36.0682], [-78.86145, 36.06889], [-78.86135, 36.06926], [-78.86128, 36.06945], [-78.86122, 36.06963], [-78.86115, 36.06979], [-78.86094, 36.07024], [-78.86025, 36.0716], [-78.86019, 36.07171], [-78.86012, 36.07184], [-78.86009, 36.07189], [-78.86027, 36.07189], [-78.86038, 36.07198], [-78.86079, 36.07192], [-78.86149, 36.07216], [-78.86275, 36.07263], [-78.86279, 36.07255], [-78.86285, 36.07242], [-78.86338, 36.07125], [-78.86371, 36.07044], [-78.86618, 36.06464], [-78.8667, 36.06341], [-78.86712, 36.06241], [-78.86846, 36.05927], [-78.86859, 36.05895], [-78.86875, 36.05895], [-78.8688, 36.05896], [-78.86885, 36.05896], [-78.86895, 36.05896], [-78.86942, 36.05896], [-78.87097, 36.05898], [-78.87104, 36.05898], [-78.87117, 36.05898], [-78.872, 36.05899], [-78.87289, 36.059], [-78.87296, 36.059], [-78.87461, 36.05901], [-78.87666, 36.05903], [-78.87731, 36.05903], [-78.87788, 36.05903], [-78.87834, 36.05904], [-78.87841, 36.05903], [-78.87849, 36.05903], [-78.8792, 36.05902], [-78.87958, 36.05902], [-78.88009, 36.05901], [-78.88066, 36.05901], [-78.88109, 36.05901], [-78.88166, 36.05901], [-78.88181, 36.05901], [-78.88261, 36.05901], [-78.88374, 36.05901], [-78.88442, 36.05902], [-78.88517, 36.05904], [-78.8852, 36.05904], [-78.88524, 36.05904], [-78.88561, 36.05906], [-78.8863, 36.05907], [-78.88648, 36.05907], [-78.88873, 36.05912], [-78.88999, 36.05915], [-78.89016, 36.05915], [-78.89112, 36.05917], [-78.89142, 36.05917], [-78.89186, 36.05918], [-78.89334, 36.0592], [-78.89369, 36.0592], [-78.8951, 36.0592], [-78.89536, 36.05921], [-78.8967, 36.05923], [-78.89684, 36.05911], [-78.89697, 36.05898], [-78.89707, 36.05885], [-78.89752, 36.05823], [-78.89758, 36.05814], [-78.89774, 36.05791], [-78.89851, 36.05808], [-78.89994, 36.05838], [-78.90146, 36.05871], [-78.90205, 36.05883], [-78.90319, 36.05907], [-78.90316, 36.05621], [-78.90325, 36.05571], [-78.90325, 36.0557], [-78.90339, 36.05527], [-78.90342, 36.05522], [-78.90328, 36.05498], [-78.90325, 36.05489], [-78.9032, 36.0547], [-78.90319, 36.05457], [-78.90322, 36.05421], [-78.90326, 36.05391], [-78.90334, 36.05338], [-78.90353, 36.05238], [-78.90357, 36.05207], [-78.9036, 36.05173]]]}}, {"type": "Feature", "properties": {"tract_id": "37063001601", "name": "Census Tract 16.01", "pct_white_2020": 53.1, "pct_black_2020": 31.9, "pct_hispanic_2020": 4.7, "pct_asian_2020": 3.5, "population_2020": 5395}, "geometry": {"type": "Polygon", "coordinates": [[[-78.91105, 36.08172], [-78.91105, 36.08157], [-78.91104, 36.08139], [-78.91102, 36.08124], [-78.91098, 36.08102], [-78.91086, 36.08044], [-78.9106, 36.07932], [-78.91033, 36.07837], [-78.91002, 36.07729], [-78.90981, 36.0765], [-78.90959, 36.07568], [-78.90946, 36.07517], [-78.90927, 36.07442], [-78.90872, 36.07243], [-78.90864, 36.07212], [-78.90861, 36.07203], [-78.90858, 36.07205], [-78.90839, 36.07213], [-78.90766, 36.0728], [-78.90738, 36.07325], [-78.90713, 36.07346], [-78.90683, 36.0737], [-78.90661, 36.07379], [-78.90605, 36.07379], [-78.90533, 36.07361], [-78.90439, 36.07307], [-78.90361, 36.07275], [-78.90295, 36.07275], [-78.9028, 36.07286], [-78.90266, 36.07295], [-78.90253, 36.07304], [-78.90228, 36.07397], [-78.90189, 36.0746], [-78.90183, 36.07491], [-78.90117, 36.07618], [-78.90125, 36.07628], [-78.9005, 36.0769], [-78.89967, 36.07726], [-78.89911, 36.07726], [-78.89867, 36.07708], [-78.89761, 36.07689], [-78.89606, 36.07689], [-78.8959, 36.07673], [-78.89578, 36.07644], [-78.89578, 36.07604], [-78.89595, 36.07536], [-78.896, 36.07392], [-78.89573, 36.07333], [-78.89529, 36.07311], [-78.89496, 36.07309], [-78.89423, 36.07306], [-78.89412, 36.07302], [-78.89412, 36.07309], [-78.8929, 36.07271], [-78.89246, 36.07257], [-78.89233, 36.07254], [-78.89202, 36.07254], [-78.89196, 36.07254], [-78.89155, 36.07277], [-78.8913, 36.07295], [-78.89102, 36.07325], [-78.89053, 36.07381], [-78.89029, 36.074], [-78.88952, 36.07463], [-78.88895, 36.07508], [-78.88885, 36.07515], [-78.88833, 36.07548], [-78.88818, 36.07558], [-78.88756, 36.07607], [-78.88756, 36.07611], [-78.88751, 36.07634], [-78.88707, 36.07666], [-78.8866, 36.07678], [-78.88652, 36.0768], [-78.88646, 36.0768], [-78.8864, 36.07675], [-78.88623, 36.07682], [-78.88597, 36.07694], [-78.88544, 36.07717], [-78.8855, 36.07726], [-78.88565, 36.07749], [-78.88495, 36.07779], [-78.8849, 36.07781], [-78.88453, 36.07796], [-78.88415, 36.07806], [-78.88397, 36.07806], [-78.88393, 36.07807], [-78.88358, 36.07809], [-78.88353, 36.07809], [-78.88311, 36.07812], [-78.88203, 36.07805], [-78.88155, 36.07809], [-78.881, 36.07828], [-78.88041, 36.07847], [-78.87914, 36.0793], [-78.87873, 36.07948], [-78.87822, 36.07955], [-78.87811, 36.07954], [-78.87769, 36.0795], [-78.87704, 36.07901], [-78.87683, 36.07871], [-78.87674, 36.07847], [-78.87663, 36.07782], [-78.8766, 36.07754], [-78.8766, 36.07728], [-78.87625, 36.07666], [-78.87587, 36.07661], [-78.87485, 36.07665], [-78.87452, 36.07675], [-78.87428, 36.07683], [-78.87393, 36.07687], [-78.87358, 36.07678], [-78.8729, 36.07632], [-78.87218, 36.07596], [-78.87163, 36.07625], [-78.87137, 36.07634], [-78.87091, 36.07635], [-78.87069, 36.0763], [-78.87049, 36.07626], [-78.87044, 36.07625], [-78.87041, 36.07624], [-78.86942, 36.07603], [-78.869, 36.07583], [-78.86897, 36.07582], [-78.86842, 36.07556], [-78.86783, 36.07515], [-78.86781, 36.07514], [-78.86801, 36.07516], [-78.86814, 36.07517], [-78.86821, 36.07518], [-78.86834, 36.07519], [-78.86841, 36.0752], [-78.86815, 36.07496], [-78.8682, 36.07429], [-78.86821, 36.07424], [-78.86887, 36.07316], [-78.86899, 36.07276], [-78.86926, 36.07231], [-78.86943, 36.07168], [-78.86988, 36.07109], [-78.86988, 36.07091], [-78.87004, 36.07073], [-78.8711, 36.06879], [-78.87099, 36.06803], [-78.87049, 36.06713], [-78.86994, 36.0665], [-78.86961, 36.06649], [-78.86888, 36.06681], [-78.86839, 36.0669], [-78.868, 36.06708], [-78.86633, 36.06852], [-78.86611, 36.06897], [-78.86611, 36.06937], [-78.86616, 36.06974], [-78.86644, 36.07019], [-78.8666, 36.07068], [-78.86666, 36.07122], [-78.8661, 36.07217], [-78.86538, 36.07284], [-78.86521, 36.07293], [-78.86477, 36.07298], [-78.86388, 36.07289], [-78.86349, 36.0728], [-78.86338, 36.07271], [-78.86282, 36.07266], [-78.86275, 36.07263], [-78.86149, 36.07216], [-78.86079, 36.07192], [-78.86038, 36.07198], [-78.86027, 36.07189], [-78.86009, 36.07189], [-78.85961, 36.07189], [-78.8595, 36.0718], [-78.856, 36.0718], [-78.85561, 36.07171], [-78.85461, 36.07089], [-78.85361, 36.07067], [-78.85334, 36.07049], [-78.85328, 36.06945], [-78.85323, 36.06931], [-78.85273, 36.06891], [-78.85201, 36.06855], [-78.85129, 36.06837], [-78.85084, 36.06841], [-78.85075, 36.06848], [-78.85051, 36.06868], [-78.8499, 36.06994], [-78.84945, 36.0703], [-78.84873, 36.07057], [-78.8484, 36.07057], [-78.84779, 36.07075], [-78.84718, 36.07079], [-78.8454, 36.07079], [-78.84479, 36.07066], [-78.84464, 36.07066], [-78.84429, 36.07065], [-78.84396, 36.07092], [-78.8439, 36.07133], [-78.84398, 36.07158], [-78.84423, 36.07174], [-78.84429, 36.07205], [-78.84468, 36.07232], [-78.84517, 36.07228], [-78.8454, 36.0721], [-78.84568, 36.07151], [-78.8459, 36.07138], [-78.84634, 36.07142], [-78.84756, 36.07201], [-78.84778, 36.07219], [-78.84778, 36.0726], [-78.84745, 36.07336], [-78.84745, 36.07377], [-78.84767, 36.07404], [-78.84784, 36.07404], [-78.84811, 36.07386], [-78.8485, 36.07332], [-78.84889, 36.073], [-78.849, 36.07296], [-78.84956, 36.07301], [-78.85, 36.07332], [-78.85011, 36.0735], [-78.85011, 36.07386], [-78.85022, 36.07404], [-78.85028, 36.07445], [-78.85061, 36.0749], [-78.85116, 36.07535], [-78.85172, 36.07562], [-78.85211, 36.07562], [-78.85272, 36.07535], [-78.85322, 36.07531], [-78.85355, 36.07517], [-78.85387, 36.0752], [-78.85405, 36.07522], [-78.8546, 36.07553], [-78.85488, 36.07576], [-78.8551, 36.07621], [-78.85516, 36.07657], [-78.85555, 36.07698], [-78.8556, 36.07761], [-78.85538, 36.07812], [-78.85527, 36.07837], [-78.85538, 36.07896], [-78.85521, 36.07909], [-78.85493, 36.07914], [-78.85489, 36.07917], [-78.85465, 36.07937], [-78.85443, 36.07981], [-78.8541, 36.08022], [-78.85404, 36.08083], [-78.85408, 36.08091], [-78.8541, 36.08101], [-78.85415, 36.08112], [-78.85443, 36.08171], [-78.85454, 36.08185], [-78.85465, 36.08198], [-78.85492, 36.0827], [-78.85531, 36.08311], [-78.8562, 36.0832], [-78.85726, 36.08275], [-78.85742, 36.08275], [-78.85765, 36.08279], [-78.8577, 36.08284], [-78.85792, 36.08302], [-78.85803, 36.08329], [-78.85798, 36.08369], [-78.85775, 36.08387], [-78.85703, 36.08401], [-78.85631, 36.08446], [-78.85625, 36.08455], [-78.85631, 36.08491], [-78.8564, 36.08502], [-78.85646, 36.08506], [-78.85664, 36.08518], [-78.85681, 36.08523], [-78.85808, 36.08518], [-78.85836, 36.08509], [-78.85936, 36.085], [-78.85997, 36.08482], [-78.86075, 36.08446], [-78.86097, 36.08446], [-78.86114, 36.08456], [-78.86136, 36.08478], [-78.86153, 36.08519], [-78.86175, 36.08546], [-78.86175, 36.08559], [-78.86258, 36.08695], [-78.86258, 36.0874], [-78.86236, 36.08757], [-78.86186, 36.08775], [-78.86158, 36.08798], [-78.86152, 36.08816], [-78.86052, 36.08929], [-78.86041, 36.08956], [-78.86046, 36.08983], [-78.86135, 36.09055], [-78.86156, 36.0911], [-78.86096, 36.09158], [-78.8599, 36.09208], [-78.85929, 36.09208], [-78.85885, 36.09181], [-78.85846, 36.09181], [-78.85829, 36.09194], [-78.85807, 36.09226], [-78.8574, 36.09379], [-78.85696, 36.09451], [-78.85596, 36.09577], [-78.85446, 36.09698], [-78.85446, 36.09725], [-78.85479, 36.09761], [-78.85545, 36.09888], [-78.85606, 36.09969], [-78.85595, 36.09974], [-78.85645, 36.10077], [-78.85645, 36.10127], [-78.85633, 36.10136], [-78.85633, 36.10181], [-78.85611, 36.10257], [-78.85605, 36.10338], [-78.85594, 36.10352], [-78.85594, 36.10438], [-78.85556, 36.10482], [-78.85554, 36.10483], [-78.855, 36.10505], [-78.85466, 36.10528], [-78.8546, 36.10645], [-78.85449, 36.10654], [-78.85416, 36.10735], [-78.85371, 36.10766], [-78.8521, 36.10753], [-78.85183, 36.10775], [-78.85183, 36.10798], [-78.85205, 36.10834], [-78.85277, 36.10892], [-78.85406, 36.10978], [-78.85549, 36.11023], [-78.85571, 36.11041], [-78.85571, 36.11096], [-78.85632, 36.11159], [-78.85709, 36.11159], [-78.85798, 36.11181], [-78.85848, 36.11208], [-78.85965, 36.11303], [-78.8597, 36.11308], [-78.85974, 36.11311], [-78.85983, 36.1132], [-78.8599, 36.11326], [-78.8617, 36.11416], [-78.86259, 36.11479], [-78.86303, 36.11493], [-78.86331, 36.11493], [-78.86384, 36.11481], [-78.86414, 36.11475], [-78.86464, 36.11457], [-78.8652, 36.11425], [-78.86603, 36.11358], [-78.86664, 36.11281], [-78.86666, 36.11275], [-78.8667, 36.11259], [-78.86687, 36.11245], [-78.86842, 36.11234], [-78.8687, 36.11232], [-78.86987, 36.11232], [-78.87137, 36.11291], [-78.8731, 36.11373], [-78.87328, 36.11381], [-78.87414, 36.11421], [-78.87425, 36.11426], [-78.87464, 36.1144], [-78.875, 36.1144], [-78.87604, 36.11424], [-78.87629, 36.11432], [-78.8764, 36.11441], [-78.87668, 36.11441], [-78.87735, 36.11473], [-78.87818, 36.11482], [-78.8784, 36.11504], [-78.8784, 36.11576], [-78.87818, 36.11662], [-78.87757, 36.11707], [-78.87701, 36.11716], [-78.87673, 36.11739], [-78.87629, 36.11792], [-78.87618, 36.11824], [-78.87612, 36.11892], [-78.87567, 36.12018], [-78.87551, 36.12162], [-78.87534, 36.12221], [-78.87534, 36.12275], [-78.87567, 36.12329], [-78.87561, 36.12491], [-78.87564, 36.125], [-78.87556, 36.12565], [-78.87542, 36.12617], [-78.87528, 36.12648], [-78.875, 36.12686], [-78.87468, 36.12728], [-78.874, 36.12788], [-78.87386, 36.12801], [-78.87362, 36.12822], [-78.87312, 36.12895], [-78.87312, 36.12922], [-78.87329, 36.12958], [-78.87391, 36.13018], [-78.87445, 36.13039], [-78.87473, 36.13039], [-78.8749, 36.13046], [-78.875, 36.13051], [-78.87549, 36.13063], [-78.87565, 36.13067], [-78.87619, 36.13079], [-78.87754, 36.13099], [-78.87899, 36.13129], [-78.87969, 36.13145], [-78.88037, 36.13149], [-78.88175, 36.13146], [-78.88212, 36.13142], [-78.88245, 36.13162], [-78.88261, 36.13199], [-78.8826, 36.132], [-78.8826, 36.13236], [-78.88238, 36.1329], [-78.88204, 36.1333], [-78.88143, 36.1338], [-78.88087, 36.13456], [-78.88076, 36.13488], [-78.88076, 36.13537], [-78.88121, 36.13583], [-78.88176, 36.1361], [-78.88309, 36.1361], [-78.88615, 36.13606], [-78.88643, 36.13601], [-78.88693, 36.13578], [-78.8872, 36.13556], [-78.88798, 36.13516], [-78.88854, 36.13502], [-78.89034, 36.13499], [-78.89048, 36.13498], [-78.89126, 36.13502], [-78.89193, 36.13525], [-78.89254, 36.13561], [-78.89287, 36.1357], [-78.8947, 36.13575], [-78.89498, 36.13566], [-78.89543, 36.1353], [-78.89587, 36.13507], [-78.89732, 36.13395], [-78.89804, 36.13386], [-78.89843, 36.13408], [-78.89948, 36.13498], [-78.90031, 36.13539], [-78.90104, 36.13598], [-78.90115, 36.13638], [-78.90126, 36.13647], [-78.9017, 36.13661], [-78.90198, 36.13661], [-78.9027, 36.1372], [-78.90451, 36.13852], [-78.90548, 36.139], [-78.90575, 36.13901], [-78.90574, 36.13894], [-78.9057, 36.13871], [-78.90556, 36.13766], [-78.90542, 36.13675], [-78.90536, 36.13629], [-78.90533, 36.13608], [-78.90529, 36.13573], [-78.90526, 36.13559], [-78.90521, 36.13526], [-78.90518, 36.13505], [-78.90508, 36.13451], [-78.905, 36.1341], [-78.90498, 36.13403], [-78.90488, 36.13375], [-78.9047, 36.13333], [-78.90465, 36.13322], [-78.90459, 36.13311], [-78.90439, 36.1327], [-78.90417, 36.13232], [-78.90401, 36.13202], [-78.90369, 36.13144], [-78.90351, 36.13115], [-78.90343, 36.131], [-78.9027, 36.1297], [-78.90249, 36.12933], [-78.90217, 36.12874], [-78.90205, 36.12855], [-78.90152, 36.12759], [-78.90131, 36.12716], [-78.90123, 36.12698], [-78.90103, 36.12643], [-78.90095, 36.12615], [-78.90086, 36.1258], [-78.90079, 36.12544], [-78.90075, 36.12515], [-78.90073, 36.12482], [-78.90071, 36.12453], [-78.90071, 36.12432], [-78.90072, 36.12423], [-78.90072, 36.12409], [-78.90075, 36.12367], [-78.90081, 36.12322], [-78.90088, 36.12286], [-78.90092, 36.12273], [-78.90106, 36.12228], [-78.90111, 36.12214], [-78.90126, 36.12174], [-78.90131, 36.12163], [-78.90147, 36.12124], [-78.90158, 36.12097], [-78.9017, 36.1207], [-78.90249, 36.11886], [-78.90271, 36.11835], [-78.90294, 36.11786], [-78.90308, 36.11759], [-78.90326, 36.11729], [-78.90332, 36.11718], [-78.90341, 36.11702], [-78.90365, 36.11656], [-78.90374, 36.11641], [-78.90384, 36.11621], [-78.90399, 36.11595], [-78.9042, 36.11554], [-78.90428, 36.11537], [-78.90433, 36.11528], [-78.90437, 36.1152], [-78.90446, 36.11503], [-78.90453, 36.11487], [-78.90466, 36.11455], [-78.90531, 36.11294], [-78.9055, 36.11242], [-78.90554, 36.11233], [-78.90558, 36.11226], [-78.9056, 36.11219], [-78.90563, 36.1121], [-78.9058, 36.11178], [-78.90596, 36.11152], [-78.90615, 36.11123], [-78.90621, 36.11116], [-78.90633, 36.11099], [-78.90642, 36.1109], [-78.90649, 36.1108], [-78.90705, 36.11018], [-78.9072, 36.11003], [-78.90736, 36.10985], [-78.90749, 36.10972], [-78.90756, 36.10965], [-78.90764, 36.10958], [-78.90778, 36.10939], [-78.90789, 36.1093], [-78.90793, 36.10926], [-78.90809, 36.10907], [-78.90822, 36.10891], [-78.90841, 36.10859], [-78.90862, 36.10816], [-78.90873, 36.10781], [-78.90894, 36.10702], [-78.90898, 36.10689], [-78.90986, 36.10374], [-78.9099, 36.10364], [-78.91001, 36.10337], [-78.91016, 36.10289], [-78.91023, 36.10253], [-78.91027, 36.10207], [-78.91027, 36.10185], [-78.91025, 36.10166], [-78.91023, 36.10149], [-78.91019, 36.10132], [-78.91012, 36.10043], [-78.91006, 36.09979], [-78.91, 36.09914], [-78.90996, 36.09884], [-78.90992, 36.09843], [-78.90991, 36.09826], [-78.90985, 36.09701], [-78.90984, 36.09682], [-78.90985, 36.09672], [-78.90987, 36.09654], [-78.90988, 36.09648], [-78.90988, 36.09634], [-78.90987, 36.09611], [-78.90989, 36.09571], [-78.90992, 36.09556], [-78.90998, 36.09527], [-78.91006, 36.09493], [-78.9101, 36.09476], [-78.91036, 36.09375], [-78.91049, 36.0933], [-78.91056, 36.09293], [-78.9106, 36.0927], [-78.91065, 36.09218], [-78.9107, 36.09114], [-78.91073, 36.09055], [-78.91074, 36.09031], [-78.91079, 36.08956], [-78.91091, 36.086], [-78.91093, 36.08533], [-78.91097, 36.08407], [-78.91104, 36.08216], [-78.91105, 36.08172]]]}}, {"type": "Feature", "properties": {"tract_id": "37063001603", "name": "Census Tract 16.03", "pct_white_2020": 71.2, "pct_black_2020": 17.7, "pct_hispanic_2020": 4.5, "pct_asian_2020": 1.2, "population_2020": 7310}, "geometry": {"type": "Polygon", "coordinates": [[[-78.97144, 36.12061], [-78.97079, 36.12051], [-78.97006, 36.12043], [-78.9696, 36.12039], [-78.96925, 36.12041], [-78.96771, 36.12079], [-78.96634, 36.12105], [-78.96521, 36.12127], [-78.96197, 36.12179], [-78.96022, 36.12206], [-78.95813, 36.1224], [-78.95752, 36.12249], [-78.95708, 36.12255], [-78.95681, 36.12257], [-78.95649, 36.12258], [-78.95611, 36.12257], [-78.95566, 36.12254], [-78.95317, 36.12235], [-78.95197, 36.12226], [-78.95165, 36.12226], [-78.95111, 36.12228], [-78.94974, 36.12234], [-78.9486, 36.1224], [-78.94813, 36.12245], [-78.94774, 36.12252], [-78.94734, 36.12262], [-78.94692, 36.12279], [-78.94591, 36.12334], [-78.94505, 36.1238], [-78.94475, 36.12395], [-78.94434, 36.12413], [-78.94416, 36.12418], [-78.94388, 36.12425], [-78.94326, 36.12439], [-78.94242, 36.12453], [-78.94216, 36.12457], [-78.94101, 36.12384], [-78.9383, 36.12192], [-78.93749, 36.12135], [-78.93721, 36.12117], [-78.9368, 36.12098], [-78.93655, 36.12091], [-78.93627, 36.12085], [-78.9357, 36.12079], [-78.93374, 36.12063], [-78.93352, 36.12059], [-78.93329, 36.12053], [-78.93302, 36.1204], [-78.93263, 36.1202], [-78.93229, 36.11995], [-78.93218, 36.11987], [-78.93092, 36.11899], [-78.93002, 36.11834], [-78.92961, 36.11802], [-78.9294, 36.1178], [-78.92926, 36.11758], [-78.92913, 36.11728], [-78.92888, 36.11655], [-78.92854, 36.11558], [-78.92789, 36.1137], [-78.92768, 36.11304], [-78.92767, 36.11289], [-78.92766, 36.11279], [-78.92768, 36.11253], [-78.92775, 36.11227], [-78.92785, 36.11204], [-78.92798, 36.11184], [-78.92821, 36.11156], [-78.92872, 36.11101], [-78.92905, 36.11065], [-78.92934, 36.11032], [-78.92953, 36.11007], [-78.92966, 36.10983], [-78.92975, 36.10963], [-78.92982, 36.10944], [-78.92986, 36.10924], [-78.92989, 36.10898], [-78.92993, 36.10852], [-78.92995, 36.10803], [-78.92998, 36.10755], [-78.93007, 36.10667], [-78.93009, 36.10658], [-78.93018, 36.10628], [-78.93047, 36.10532], [-78.93102, 36.1036], [-78.93145, 36.10226], [-78.93152, 36.10201], [-78.93157, 36.1018], [-78.93159, 36.10164], [-78.93159, 36.10145], [-78.93158, 36.10122], [-78.93156, 36.1011], [-78.93152, 36.10083], [-78.93146, 36.10051], [-78.93139, 36.10008], [-78.93136, 36.09976], [-78.93136, 36.09955], [-78.93138, 36.09937], [-78.93145, 36.09899], [-78.93188, 36.09701], [-78.93201, 36.0964], [-78.9321, 36.09598], [-78.93215, 36.09573], [-78.93235, 36.09482], [-78.93271, 36.09313], [-78.93276, 36.0929], [-78.9329, 36.09225], [-78.93323, 36.09076], [-78.93325, 36.09064], [-78.93334, 36.09025], [-78.93344, 36.0898], [-78.93364, 36.08886], [-78.9337, 36.08852], [-78.93374, 36.08823], [-78.93374, 36.08822], [-78.93374, 36.0881], [-78.93375, 36.08785], [-78.93372, 36.08747], [-78.93367, 36.08716], [-78.93362, 36.08692], [-78.93354, 36.08663], [-78.93348, 36.08645], [-78.93335, 36.08613], [-78.93324, 36.08589], [-78.93309, 36.08561], [-78.93206, 36.08387], [-78.93168, 36.08322], [-78.93164, 36.08316], [-78.93159, 36.08309], [-78.93146, 36.08288], [-78.93127, 36.08257], [-78.93085, 36.08186], [-78.93074, 36.08167], [-78.93065, 36.08147], [-78.93047, 36.08108], [-78.93041, 36.08092], [-78.93036, 36.08074], [-78.93031, 36.0805], [-78.93027, 36.08032], [-78.93027, 36.08021], [-78.93029, 36.07978], [-78.9303, 36.07964], [-78.93033, 36.07949], [-78.93036, 36.07933], [-78.93046, 36.07897], [-78.93051, 36.07883], [-78.93057, 36.07868], [-78.93066, 36.07849], [-78.93076, 36.0783], [-78.93089, 36.07811], [-78.93093, 36.07804], [-78.93173, 36.07682], [-78.93278, 36.07522], [-78.93346, 36.07417], [-78.93445, 36.07257], [-78.93464, 36.07227], [-78.93467, 36.07222], [-78.93479, 36.07204], [-78.93486, 36.07192], [-78.93454, 36.07182], [-78.93414, 36.07169], [-78.93397, 36.07158], [-78.93356, 36.07134], [-78.93298, 36.07106], [-78.93192, 36.07083], [-78.93131, 36.07052], [-78.93108, 36.07052], [-78.93098, 36.07052], [-78.93074, 36.07064], [-78.9307, 36.0707], [-78.93031, 36.0707], [-78.9299, 36.0708], [-78.92943, 36.07092], [-78.92906, 36.07104], [-78.92887, 36.0711], [-78.92781, 36.07115], [-78.92733, 36.07104], [-78.92704, 36.07097], [-78.92626, 36.07097], [-78.92593, 36.07088], [-78.92471, 36.0702], [-78.9243, 36.07005], [-78.92417, 36.07004], [-78.9241, 36.07009], [-78.92404, 36.06997], [-78.92338, 36.07002], [-78.9232, 36.07001], [-78.92249, 36.06997], [-78.92154, 36.06966], [-78.92104, 36.06934], [-78.91977, 36.06934], [-78.91921, 36.06925], [-78.91877, 36.06902], [-78.91827, 36.06889], [-78.91766, 36.06893], [-78.91716, 36.06916], [-78.91544, 36.06916], [-78.91488, 36.06866], [-78.91427, 36.06848], [-78.91344, 36.06852], [-78.91272, 36.0697], [-78.91172, 36.07073], [-78.91166, 36.071], [-78.91144, 36.07118], [-78.91142, 36.07118], [-78.91088, 36.07118], [-78.91073, 36.07124], [-78.91056, 36.07132], [-78.91039, 36.0714], [-78.9103, 36.07142], [-78.91021, 36.07149], [-78.91004, 36.07156], [-78.90961, 36.07172], [-78.90933, 36.07176], [-78.90922, 36.07195], [-78.90872, 36.07199], [-78.90861, 36.07203], [-78.90864, 36.07212], [-78.90872, 36.07243], [-78.90927, 36.07442], [-78.90946, 36.07517], [-78.90959, 36.07568], [-78.90981, 36.0765], [-78.91002, 36.07729], [-78.91033, 36.07837], [-78.9106, 36.07932], [-78.91086, 36.08044], [-78.91098, 36.08102], [-78.91102, 36.08124], [-78.91104, 36.08139], [-78.91105, 36.08157], [-78.91105, 36.08172], [-78.91104, 36.08216], [-78.91097, 36.08407], [-78.91093, 36.08533], [-78.91091, 36.086], [-78.91079, 36.08956], [-78.91074, 36.09031], [-78.91073, 36.09055], [-78.9107, 36.09114], [-78.91065, 36.09218], [-78.9106, 36.0927], [-78.91056, 36.09293], [-78.91049, 36.0933], [-78.91036, 36.09375], [-78.9101, 36.09476], [-78.91006, 36.09493], [-78.90998, 36.09527], [-78.90992, 36.09556], [-78.90989, 36.09571], [-78.90987, 36.09611], [-78.90988, 36.09634], [-78.90988, 36.09648], [-78.90987, 36.09654], [-78.90985, 36.09672], [-78.90984, 36.09682], [-78.90985, 36.09701], [-78.90991, 36.09826], [-78.90992, 36.09843], [-78.90996, 36.09884], [-78.91, 36.09914], [-78.91006, 36.09979], [-78.91012, 36.10043], [-78.91019, 36.10132], [-78.91023, 36.10149], [-78.91025, 36.10166], [-78.91027, 36.10185], [-78.91027, 36.10207], [-78.91023, 36.10253], [-78.91016, 36.10289], [-78.91001, 36.10337], [-78.9099, 36.10364], [-78.90986, 36.10374], [-78.90898, 36.10689], [-78.90894, 36.10702], [-78.90873, 36.10781], [-78.90862, 36.10816], [-78.90841, 36.10859], [-78.90822, 36.10891], [-78.90809, 36.10907], [-78.90793, 36.10926], [-78.90789, 36.1093], [-78.90778, 36.10939], [-78.90764, 36.10958], [-78.90756, 36.10965], [-78.90749, 36.10972], [-78.90736, 36.10985], [-78.9072, 36.11003], [-78.90705, 36.11018], [-78.90649, 36.1108], [-78.90642, 36.1109], [-78.90633, 36.11099], [-78.90621, 36.11116], [-78.90615, 36.11123], [-78.90596, 36.11152], [-78.9058, 36.11178], [-78.90563, 36.1121], [-78.9056, 36.11219], [-78.90558, 36.11226], [-78.90554, 36.11233], [-78.9055, 36.11242], [-78.90531, 36.11294], [-78.90466, 36.11455], [-78.90453, 36.11487], [-78.90446, 36.11503], [-78.90437, 36.1152], [-78.90433, 36.11528], [-78.90428, 36.11537], [-78.9042, 36.11554], [-78.90399, 36.11595], [-78.90384, 36.11621], [-78.90374, 36.11641], [-78.90365, 36.11656], [-78.90341, 36.11702], [-78.90332, 36.11718], [-78.90326, 36.11729], [-78.90308, 36.11759], [-78.90294, 36.11786], [-78.90271, 36.11835], [-78.90249, 36.11886], [-78.9017, 36.1207], [-78.90158, 36.12097], [-78.90147, 36.12124], [-78.90131, 36.12163], [-78.90126, 36.12174], [-78.90111, 36.12214], [-78.90106, 36.12228], [-78.90092, 36.12273], [-78.90088, 36.12286], [-78.90081, 36.12322], [-78.90075, 36.12367], [-78.90072, 36.12409], [-78.90072, 36.12423], [-78.90071, 36.12432], [-78.90071, 36.12453], [-78.90073, 36.12482], [-78.90075, 36.12515], [-78.90079, 36.12544], [-78.90086, 36.1258], [-78.90095, 36.12615], [-78.90103, 36.12643], [-78.90123, 36.12698], [-78.90131, 36.12716], [-78.90152, 36.12759], [-78.90205, 36.12855], [-78.90217, 36.12874], [-78.90249, 36.12933], [-78.9027, 36.1297], [-78.90343, 36.131], [-78.90351, 36.13115], [-78.90369, 36.13144], [-78.90401, 36.13202], [-78.90417, 36.13232], [-78.90439, 36.1327], [-78.90459, 36.13311], [-78.90465, 36.13322], [-78.9047, 36.13333], [-78.90488, 36.13375], [-78.90498, 36.13403], [-78.905, 36.1341], [-78.90508, 36.13451], [-78.90518, 36.13505], [-78.90521, 36.13526], [-78.90526, 36.13559], [-78.90529, 36.13573], [-78.90533, 36.13608], [-78.90536, 36.13629], [-78.90542, 36.13675], [-78.90556, 36.13766], [-78.9057, 36.13871], [-78.90574, 36.13894], [-78.90575, 36.13901], [-78.90659, 36.13905], [-78.90714, 36.13914], [-78.90842, 36.13909], [-78.90892, 36.13923], [-78.91005, 36.13912], [-78.91136, 36.13919], [-78.9122, 36.13928], [-78.91242, 36.13919], [-78.91325, 36.13851], [-78.91381, 36.13819], [-78.9152, 36.13838], [-78.91531, 36.13847], [-78.91564, 36.13847], [-78.91598, 36.1386], [-78.91659, 36.13914], [-78.91714, 36.14081], [-78.91725, 36.14099], [-78.91792, 36.14153], [-78.91925, 36.14162], [-78.91938, 36.14165], [-78.91964, 36.14171], [-78.9207, 36.14171], [-78.92114, 36.14189], [-78.92124, 36.14189], [-78.92131, 36.1419], [-78.92247, 36.1423], [-78.92269, 36.1423], [-78.92342, 36.14257], [-78.92392, 36.14266], [-78.92492, 36.14235], [-78.92681, 36.14203], [-78.92692, 36.14194], [-78.92856, 36.14156], [-78.92864, 36.14154], [-78.92892, 36.14131], [-78.92936, 36.14064], [-78.93031, 36.13996], [-78.93053, 36.13992], [-78.93175, 36.13996], [-78.93224, 36.14019], [-78.93259, 36.14014], [-78.93303, 36.14037], [-78.93331, 36.14042], [-78.93364, 36.14033], [-78.93408, 36.14001], [-78.93392, 36.13897], [-78.93342, 36.13816], [-78.93342, 36.13794], [-78.93386, 36.13762], [-78.93464, 36.13749], [-78.93675, 36.13771], [-78.93686, 36.1378], [-78.93727, 36.13779], [-78.93764, 36.13821], [-78.93775, 36.13848], [-78.93775, 36.13947], [-78.93786, 36.1397], [-78.93936, 36.14091], [-78.94097, 36.14151], [-78.94108, 36.14155], [-78.94158, 36.14155], [-78.94247, 36.14191], [-78.94292, 36.14231], [-78.94286, 36.14263], [-78.94225, 36.14303], [-78.94207, 36.14335], [-78.94175, 36.14394], [-78.94164, 36.14439], [-78.94136, 36.14488], [-78.94136, 36.14506], [-78.94108, 36.14565], [-78.94097, 36.14623], [-78.94086, 36.14632], [-78.94086, 36.14659], [-78.94069, 36.14695], [-78.94075, 36.14804], [-78.94108, 36.14975], [-78.94119, 36.14984], [-78.94135, 36.15051], [-78.94152, 36.15078], [-78.9418, 36.15105], [-78.94196, 36.15111], [-78.94199, 36.15116], [-78.94208, 36.15114], [-78.94235, 36.15106], [-78.9431, 36.15047], [-78.94372, 36.15005], [-78.94378, 36.15002], [-78.94388, 36.14997], [-78.94396, 36.14994], [-78.94401, 36.14993], [-78.94408, 36.14993], [-78.94452, 36.14997], [-78.94491, 36.14988], [-78.94541, 36.14988], [-78.94627, 36.14999], [-78.94639, 36.15], [-78.94642, 36.15002], [-78.94643, 36.15008], [-78.94647, 36.15003], [-78.9473, 36.14984], [-78.94775, 36.14966], [-78.94825, 36.1493], [-78.94914, 36.14913], [-78.94919, 36.14912], [-78.94929, 36.1492], [-78.94963, 36.14948], [-78.94986, 36.15002], [-78.95019, 36.15025], [-78.95091, 36.15043], [-78.95208, 36.15047], [-78.95219, 36.15056], [-78.95241, 36.15056], [-78.95408, 36.1512], [-78.95502, 36.15129], [-78.95541, 36.15127], [-78.95565, 36.15126], [-78.95586, 36.15124], [-78.95624, 36.15093], [-78.95641, 36.15047], [-78.95715, 36.15007], [-78.9583, 36.14953], [-78.95897, 36.14908], [-78.95958, 36.14885], [-78.95991, 36.14845], [-78.95997, 36.14827], [-78.9608, 36.14782], [-78.96208, 36.14606], [-78.96235, 36.14548], [-78.96247, 36.1452], [-78.96247, 36.14498], [-78.9628, 36.14466], [-78.96303, 36.14421], [-78.96331, 36.14399], [-78.96364, 36.14385], [-78.96419, 36.14367], [-78.96478, 36.14353], [-78.96497, 36.14367], [-78.96608, 36.14376], [-78.96669, 36.14381], [-78.96679, 36.14373], [-78.96692, 36.14363], [-78.96697, 36.14345], [-78.96709, 36.14337], [-78.96716, 36.14332], [-78.9673, 36.14322], [-78.96737, 36.14322], [-78.96745, 36.14322], [-78.96746, 36.14313], [-78.96757, 36.14254], [-78.96781, 36.14115], [-78.96805, 36.1398], [-78.96829, 36.13844], [-78.96846, 36.13744], [-78.96862, 36.13651], [-78.96885, 36.1352], [-78.96898, 36.13445], [-78.969, 36.13438], [-78.96905, 36.13404], [-78.97018, 36.12762], [-78.97022, 36.12736], [-78.97067, 36.12502], [-78.97075, 36.12458], [-78.97144, 36.12061]]]}}, {"type": "Feature", "properties": {"tract_id": "37063001604", "name": "Census Tract 16.04", "pct_white_2020": 55.7, "pct_black_2020": 24.9, "pct_hispanic_2020": 11.6, "pct_asian_2020": 0.2, "population_2020": 6722}, "geometry": {"type": "Polygon", "coordinates": [[[-78.98262, 36.05661], [-78.98263, 36.05654], [-78.98251, 36.05656], [-78.98249, 36.05657], [-78.9821, 36.05657], [-78.98182, 36.05634], [-78.98165, 36.05602], [-78.98144, 36.05562], [-78.98138, 36.05521], [-78.9816, 36.05486], [-78.9816, 36.05458], [-78.98138, 36.0544], [-78.98049, 36.05418], [-78.97977, 36.05418], [-78.979, 36.05431], [-78.97855, 36.05449], [-78.97805, 36.05494], [-78.97805, 36.05531], [-78.97833, 36.05576], [-78.97833, 36.05624], [-78.97833, 36.0576], [-78.97844, 36.05783], [-78.97844, 36.05828], [-78.97805, 36.05932], [-78.97804, 36.05933], [-78.97783, 36.0595], [-78.97661, 36.05967], [-78.97589, 36.05967], [-78.97539, 36.05954], [-78.97468, 36.05939], [-78.97411, 36.05959], [-78.97383, 36.05981], [-78.97378, 36.06008], [-78.97361, 36.06026], [-78.97367, 36.06085], [-78.97378, 36.06107], [-78.97378, 36.06193], [-78.97367, 36.06202], [-78.97381, 36.06219], [-78.97339, 36.06265], [-78.97261, 36.06323], [-78.97228, 36.06337], [-78.97183, 36.06342], [-78.97128, 36.06341], [-78.97039, 36.06323], [-78.97, 36.06305], [-78.96978, 36.06305], [-78.96939, 36.06283], [-78.96911, 36.06278], [-78.96884, 36.06256], [-78.9685, 36.06247], [-78.96834, 36.06233], [-78.96773, 36.0622], [-78.96712, 36.0622], [-78.96673, 36.06233], [-78.96606, 36.06233], [-78.9649, 36.06211], [-78.96423, 36.06211], [-78.96384, 36.06224], [-78.96368, 36.06238], [-78.96317, 36.06251], [-78.96268, 36.06242], [-78.96259, 36.06229], [-78.9619, 36.06238], [-78.96157, 36.06265], [-78.96112, 36.06323], [-78.96112, 36.06368], [-78.96129, 36.06427], [-78.96123, 36.06611], [-78.96084, 36.06661], [-78.96029, 36.06675], [-78.95997, 36.06662], [-78.95968, 36.06684], [-78.95896, 36.06688], [-78.95835, 36.0671], [-78.95824, 36.06713], [-78.95819, 36.06715], [-78.95807, 36.0672], [-78.95801, 36.06721], [-78.95801, 36.06729], [-78.95794, 36.06731], [-78.95785, 36.06734], [-78.95754, 36.06743], [-78.95733, 36.06749], [-78.95699, 36.0676], [-78.95685, 36.06764], [-78.95676, 36.06765], [-78.95663, 36.06769], [-78.9565, 36.0677], [-78.9563, 36.0677], [-78.95577, 36.0677], [-78.9554, 36.06767], [-78.95527, 36.06766], [-78.95494, 36.06764], [-78.95472, 36.06762], [-78.95462, 36.06761], [-78.95457, 36.0676], [-78.95414, 36.0675], [-78.95392, 36.0675], [-78.9539, 36.0675], [-78.9538, 36.0675], [-78.95369, 36.0675], [-78.95359, 36.0675], [-78.95352, 36.0675], [-78.95342, 36.06763], [-78.95342, 36.06764], [-78.95339, 36.06768], [-78.95339, 36.06776], [-78.95337, 36.06786], [-78.95339, 36.06793], [-78.9534, 36.06806], [-78.95342, 36.06817], [-78.95342, 36.06826], [-78.95342, 36.06837], [-78.95345, 36.06843], [-78.95353, 36.0685], [-78.95361, 36.06855], [-78.95367, 36.06861], [-78.95377, 36.06869], [-78.95388, 36.06878], [-78.95388, 36.06879], [-78.95401, 36.06913], [-78.95396, 36.06976], [-78.95383, 36.06986], [-78.95358, 36.07004], [-78.95352, 36.07008], [-78.95346, 36.07012], [-78.95321, 36.07013], [-78.95224, 36.07017], [-78.95096, 36.06994], [-78.94907, 36.06981], [-78.94896, 36.06972], [-78.94724, 36.06981], [-78.94652, 36.06985], [-78.94641, 36.06985], [-78.94613, 36.07007], [-78.94597, 36.07034], [-78.94541, 36.07075], [-78.94485, 36.07093], [-78.94441, 36.07098], [-78.94325, 36.07093], [-78.94252, 36.07079], [-78.94169, 36.07021], [-78.94155, 36.07015], [-78.94147, 36.07012], [-78.94103, 36.07016], [-78.94047, 36.07057], [-78.93997, 36.07129], [-78.93969, 36.07201], [-78.93925, 36.0724], [-78.93897, 36.07264], [-78.93853, 36.07282], [-78.9383, 36.07282], [-78.93792, 36.07255], [-78.93714, 36.07255], [-78.93686, 36.07273], [-78.93647, 36.07276], [-78.93619, 36.07273], [-78.93581, 36.0725], [-78.93538, 36.07251], [-78.93535, 36.07241], [-78.93521, 36.0722], [-78.935, 36.072], [-78.93486, 36.07192], [-78.93479, 36.07204], [-78.93467, 36.07222], [-78.93464, 36.07227], [-78.93445, 36.07257], [-78.93346, 36.07417], [-78.93278, 36.07522], [-78.93173, 36.07682], [-78.93093, 36.07804], [-78.93089, 36.07811], [-78.93076, 36.0783], [-78.93066, 36.07849], [-78.93057, 36.07868], [-78.93051, 36.07883], [-78.93046, 36.07897], [-78.93036, 36.07933], [-78.93033, 36.07949], [-78.9303, 36.07964], [-78.93029, 36.07978], [-78.93027, 36.08021], [-78.93027, 36.08032], [-78.93031, 36.0805], [-78.93036, 36.08074], [-78.93041, 36.08092], [-78.93047, 36.08108], [-78.93065, 36.08147], [-78.93074, 36.08167], [-78.93085, 36.08186], [-78.93127, 36.08257], [-78.93146, 36.08288], [-78.93159, 36.08309], [-78.93164, 36.08316], [-78.93168, 36.08322], [-78.93206, 36.08387], [-78.93309, 36.08561], [-78.93324, 36.08589], [-78.93335, 36.08613], [-78.93348, 36.08645], [-78.93354, 36.08663], [-78.93362, 36.08692], [-78.93367, 36.08716], [-78.93372, 36.08747], [-78.93375, 36.08785], [-78.93374, 36.0881], [-78.93374, 36.08822], [-78.93374, 36.08823], [-78.9337, 36.08852], [-78.93364, 36.08886], [-78.93344, 36.0898], [-78.93334, 36.09025], [-78.93325, 36.09064], [-78.93323, 36.09076], [-78.9329, 36.09225], [-78.93276, 36.0929], [-78.93271, 36.09313], [-78.93235, 36.09482], [-78.93215, 36.09573], [-78.9321, 36.09598], [-78.93201, 36.0964], [-78.93188, 36.09701], [-78.93145, 36.09899], [-78.93138, 36.09937], [-78.93136, 36.09955], [-78.93136, 36.09976], [-78.93139, 36.10008], [-78.93146, 36.10051], [-78.93152, 36.10083], [-78.93156, 36.1011], [-78.93158, 36.10122], [-78.93159, 36.10145], [-78.93159, 36.10164], [-78.93157, 36.1018], [-78.93152, 36.10201], [-78.93145, 36.10226], [-78.93102, 36.1036], [-78.93047, 36.10532], [-78.93018, 36.10628], [-78.93009, 36.10658], [-78.93007, 36.10667], [-78.92998, 36.10755], [-78.92995, 36.10803], [-78.92993, 36.10852], [-78.92989, 36.10898], [-78.92986, 36.10924], [-78.92982, 36.10944], [-78.92975, 36.10963], [-78.92966, 36.10983], [-78.92953, 36.11007], [-78.92934, 36.11032], [-78.92905, 36.11065], [-78.92872, 36.11101], [-78.92821, 36.11156], [-78.92798, 36.11184], [-78.92785, 36.11204], [-78.92775, 36.11227], [-78.92768, 36.11253], [-78.92766, 36.11279], [-78.92767, 36.11289], [-78.92768, 36.11304], [-78.92789, 36.1137], [-78.92854, 36.11558], [-78.92888, 36.11655], [-78.92913, 36.11728], [-78.92926, 36.11758], [-78.9294, 36.1178], [-78.92961, 36.11802], [-78.93002, 36.11834], [-78.93092, 36.11899], [-78.93218, 36.11987], [-78.93229, 36.11995], [-78.93263, 36.1202], [-78.93302, 36.1204], [-78.93329, 36.12053], [-78.93352, 36.12059], [-78.93374, 36.12063], [-78.9357, 36.12079], [-78.93627, 36.12085], [-78.93655, 36.12091], [-78.9368, 36.12098], [-78.93721, 36.12117], [-78.93749, 36.12135], [-78.9383, 36.12192], [-78.94101, 36.12384], [-78.94216, 36.12457], [-78.94242, 36.12453], [-78.94326, 36.12439], [-78.94388, 36.12425], [-78.94416, 36.12418], [-78.94434, 36.12413], [-78.94475, 36.12395], [-78.94505, 36.1238], [-78.94591, 36.12334], [-78.94692, 36.12279], [-78.94734, 36.12262], [-78.94774, 36.12252], [-78.94813, 36.12245], [-78.9486, 36.1224], [-78.94974, 36.12234], [-78.95111, 36.12228], [-78.95165, 36.12226], [-78.95197, 36.12226], [-78.95317, 36.12235], [-78.95566, 36.12254], [-78.95611, 36.12257], [-78.95649, 36.12258], [-78.95681, 36.12257], [-78.95708, 36.12255], [-78.95752, 36.12249], [-78.95813, 36.1224], [-78.96022, 36.12206], [-78.96197, 36.12179], [-78.96521, 36.12127], [-78.96634, 36.12105], [-78.96771, 36.12079], [-78.96925, 36.12041], [-78.9696, 36.12039], [-78.97006, 36.12043], [-78.97079, 36.12051], [-78.97144, 36.12061], [-78.97162, 36.11946], [-78.97231, 36.11533], [-78.97277, 36.11261], [-78.97352, 36.10823], [-78.97421, 36.10417], [-78.97429, 36.10368], [-78.97429, 36.10366], [-78.97432, 36.10347], [-78.97446, 36.10265], [-78.9749, 36.1001], [-78.97521, 36.09836], [-78.9753, 36.09783], [-78.97535, 36.09755], [-78.97543, 36.09711], [-78.97555, 36.09639], [-78.97603, 36.09375], [-78.97616, 36.09301], [-78.9764, 36.09168], [-78.97651, 36.091], [-78.97654, 36.09084], [-78.97658, 36.09063], [-78.9767, 36.08995], [-78.97678, 36.08948], [-78.97737, 36.08627], [-78.97746, 36.08575], [-78.97755, 36.08523], [-78.9777, 36.08431], [-78.97795, 36.08295], [-78.97812, 36.08198], [-78.97834, 36.08075], [-78.97843, 36.08023], [-78.97873, 36.07853], [-78.97881, 36.07808], [-78.97896, 36.07724], [-78.97905, 36.07671], [-78.97934, 36.0751], [-78.9802, 36.07031], [-78.98072, 36.06734], [-78.98116, 36.06491], [-78.98153, 36.06282], [-78.98162, 36.06228], [-78.98172, 36.06174], [-78.982, 36.06015], [-78.98255, 36.05702], [-78.98258, 36.05683], [-78.98261, 36.05666], [-78.98262, 36.05661]]]}}, {"type": "Feature", "properties": {"tract_id": "37063001705", "name": "Census Tract 17.05", "pct_white_2020": 48.6, "pct_black_2020": 22.6, "pct_hispanic_2020": 21.6, "pct_asian_2020": 0.5, "population_2020": 5745}, "geometry": {"type": "Polygon", "coordinates": [[[-78.95765, 36.04095], [-78.95773, 36.04081], [-78.95764, 36.04076], [-78.95751, 36.04068], [-78.95739, 36.0406], [-78.95728, 36.0405], [-78.95716, 36.04038], [-78.95695, 36.04015], [-78.9568, 36.03996], [-78.95673, 36.03986], [-78.95667, 36.03974], [-78.95661, 36.0396], [-78.95657, 36.03947], [-78.95653, 36.03935], [-78.95649, 36.03915], [-78.95644, 36.03895], [-78.95634, 36.03868], [-78.95627, 36.03853], [-78.95616, 36.03832], [-78.95601, 36.03808], [-78.95595, 36.03799], [-78.95582, 36.0378], [-78.95563, 36.03756], [-78.95518, 36.03699], [-78.95489, 36.03661], [-78.95441, 36.03592], [-78.95428, 36.03575], [-78.95347, 36.03469], [-78.95295, 36.034], [-78.95286, 36.03387], [-78.95277, 36.0337], [-78.95267, 36.03353], [-78.95254, 36.03323], [-78.95242, 36.03296], [-78.95231, 36.03265], [-78.95222, 36.03237], [-78.95218, 36.0322], [-78.95218, 36.03214], [-78.95217, 36.0321], [-78.95217, 36.03193], [-78.95218, 36.03171], [-78.95221, 36.0315], [-78.95225, 36.03129], [-78.95232, 36.03104], [-78.95239, 36.03082], [-78.95245, 36.03067], [-78.95268, 36.03005], [-78.95302, 36.02908], [-78.95319, 36.02856], [-78.95334, 36.02812], [-78.95348, 36.02772], [-78.95358, 36.02743], [-78.95364, 36.02727], [-78.95369, 36.02712], [-78.95372, 36.02702], [-78.95378, 36.0268], [-78.95378, 36.02675], [-78.9538, 36.02666], [-78.95379, 36.02641], [-78.95376, 36.02621], [-78.95373, 36.02607], [-78.95366, 36.02569], [-78.95341, 36.02557], [-78.95313, 36.02545], [-78.95269, 36.02528], [-78.95245, 36.0252], [-78.95234, 36.02516], [-78.95205, 36.02506], [-78.95194, 36.02504], [-78.9518, 36.025], [-78.9512, 36.02485], [-78.95088, 36.0248], [-78.95065, 36.02476], [-78.95017, 36.02469], [-78.95001, 36.02468], [-78.94933, 36.02459], [-78.94826, 36.02458], [-78.94738, 36.02465], [-78.94693, 36.02471], [-78.94626, 36.02484], [-78.94544, 36.02505], [-78.94443, 36.02542], [-78.94346, 36.02585], [-78.9433, 36.0259], [-78.94266, 36.02616], [-78.94198, 36.02645], [-78.94178, 36.02654], [-78.94107, 36.02683], [-78.94062, 36.02704], [-78.94041, 36.02712], [-78.9402, 36.02722], [-78.93898, 36.02776], [-78.93852, 36.02794], [-78.93809, 36.02812], [-78.93754, 36.02834], [-78.9373, 36.02842], [-78.93715, 36.02847], [-78.93677, 36.02858], [-78.93659, 36.02862], [-78.9363, 36.02868], [-78.93602, 36.02873], [-78.93585, 36.02876], [-78.93551, 36.02879], [-78.93524, 36.02881], [-78.93484, 36.02882], [-78.93452, 36.02882], [-78.93332, 36.0288], [-78.93276, 36.02879], [-78.93193, 36.02878], [-78.93146, 36.02878], [-78.93101, 36.02877], [-78.9307, 36.02877], [-78.92949, 36.02875], [-78.92924, 36.02874], [-78.92817, 36.02873], [-78.92812, 36.02873], [-78.92659, 36.0287], [-78.92551, 36.02869], [-78.92288, 36.02867], [-78.9221, 36.02859], [-78.92152, 36.02849], [-78.92094, 36.0283], [-78.92075, 36.02823], [-78.92054, 36.02814], [-78.92022, 36.02798], [-78.92011, 36.02792], [-78.91999, 36.02785], [-78.91986, 36.02777], [-78.91966, 36.02763], [-78.91938, 36.02743], [-78.91861, 36.02683], [-78.9166, 36.02527], [-78.91655, 36.02532], [-78.91635, 36.0255], [-78.91609, 36.02573], [-78.91536, 36.02635], [-78.91425, 36.02729], [-78.91412, 36.02742], [-78.91374, 36.0278], [-78.91292, 36.02862], [-78.91251, 36.02904], [-78.91135, 36.03021], [-78.91129, 36.03028], [-78.91118, 36.03045], [-78.91113, 36.03052], [-78.9111, 36.03059], [-78.91103, 36.03077], [-78.911, 36.03089], [-78.91098, 36.03097], [-78.91095, 36.03144], [-78.91094, 36.03166], [-78.91091, 36.03216], [-78.91089, 36.0324], [-78.91085, 36.03273], [-78.91082, 36.03285], [-78.91081, 36.03292], [-78.91076, 36.03312], [-78.91074, 36.03317], [-78.91071, 36.03326], [-78.91063, 36.03347], [-78.91055, 36.03364], [-78.91048, 36.03376], [-78.91031, 36.03405], [-78.91006, 36.03449], [-78.90982, 36.0349], [-78.9095, 36.03544], [-78.90927, 36.03585], [-78.909, 36.03629], [-78.90852, 36.03711], [-78.90849, 36.03718], [-78.90837, 36.03744], [-78.90829, 36.03767], [-78.90825, 36.0378], [-78.90822, 36.03798], [-78.90821, 36.03813], [-78.9082, 36.03849], [-78.90823, 36.03885], [-78.90823, 36.03888], [-78.90827, 36.03918], [-78.9084, 36.04003], [-78.90844, 36.04021], [-78.90853, 36.04051], [-78.90862, 36.04076], [-78.90864, 36.04086], [-78.9087, 36.04116], [-78.90873, 36.04141], [-78.90874, 36.04156], [-78.90874, 36.04172], [-78.90873, 36.04294], [-78.90731, 36.04293], [-78.90586, 36.04292], [-78.90435, 36.04291], [-78.90395, 36.04291], [-78.90337, 36.04291], [-78.9023, 36.04289], [-78.90136, 36.04289], [-78.90078, 36.04289], [-78.9008, 36.04293], [-78.90084, 36.043], [-78.90105, 36.04335], [-78.9012, 36.04359], [-78.90142, 36.04391], [-78.90238, 36.04538], [-78.9025, 36.04563], [-78.9026, 36.04584], [-78.90267, 36.04601], [-78.90279, 36.0463], [-78.90298, 36.04688], [-78.90318, 36.04757], [-78.90335, 36.04754], [-78.90472, 36.04749], [-78.90581, 36.04746], [-78.90582, 36.04934], [-78.90582, 36.04948], [-78.90608, 36.04925], [-78.90652, 36.04886], [-78.90748, 36.04803], [-78.90799, 36.04758], [-78.90815, 36.04744], [-78.90857, 36.04701], [-78.90917, 36.04634], [-78.91025, 36.04699], [-78.91044, 36.04709], [-78.91048, 36.04699], [-78.91052, 36.04693], [-78.9106, 36.04687], [-78.91071, 36.04687], [-78.91092, 36.04688], [-78.9113, 36.04693], [-78.91169, 36.04698], [-78.91189, 36.04695], [-78.91206, 36.04694], [-78.9122, 36.04692], [-78.91229, 36.0469], [-78.91236, 36.04688], [-78.91244, 36.04683], [-78.91254, 36.04676], [-78.9126, 36.04673], [-78.91272, 36.04669], [-78.91302, 36.04665], [-78.91312, 36.04662], [-78.91325, 36.04658], [-78.91337, 36.04653], [-78.91347, 36.04647], [-78.9137, 36.0463], [-78.91377, 36.04624], [-78.91395, 36.04604], [-78.91404, 36.04596], [-78.9141, 36.04593], [-78.91416, 36.04591], [-78.91419, 36.0459], [-78.91433, 36.04589], [-78.91442, 36.04587], [-78.91452, 36.04584], [-78.91463, 36.04582], [-78.91488, 36.04577], [-78.91501, 36.04574], [-78.9153, 36.04567], [-78.91569, 36.04558], [-78.91602, 36.04551], [-78.91632, 36.04545], [-78.91644, 36.0454], [-78.9165, 36.04538], [-78.91657, 36.04537], [-78.91663, 36.04537], [-78.91677, 36.04538], [-78.9169, 36.0454], [-78.91709, 36.04544], [-78.91716, 36.04545], [-78.9174, 36.04549], [-78.9176, 36.0455], [-78.9177, 36.0455], [-78.91777, 36.04552], [-78.91795, 36.04559], [-78.91808, 36.04562], [-78.91814, 36.04564], [-78.91817, 36.04566], [-78.91819, 36.04568], [-78.91824, 36.04575], [-78.9183, 36.04573], [-78.91834, 36.04573], [-78.9185, 36.04572], [-78.91861, 36.04573], [-78.91863, 36.04573], [-78.9187, 36.04575], [-78.91873, 36.04577], [-78.91881, 36.04582], [-78.9189, 36.0459], [-78.919, 36.04598], [-78.91909, 36.04606], [-78.91926, 36.04626], [-78.91942, 36.04644], [-78.91954, 36.04654], [-78.91967, 36.04663], [-78.91975, 36.04667], [-78.91981, 36.04669], [-78.91991, 36.04672], [-78.92005, 36.04673], [-78.92021, 36.04671], [-78.92028, 36.0467], [-78.92041, 36.04673], [-78.92086, 36.04685], [-78.92124, 36.04698], [-78.92143, 36.04702], [-78.92149, 36.04705], [-78.92154, 36.04708], [-78.92163, 36.04716], [-78.92173, 36.04728], [-78.92182, 36.04742], [-78.92185, 36.04746], [-78.92203, 36.04771], [-78.92213, 36.04785], [-78.92223, 36.04808], [-78.92228, 36.04816], [-78.92235, 36.04822], [-78.92296, 36.04869], [-78.92304, 36.04875], [-78.92313, 36.04878], [-78.92323, 36.0488], [-78.92333, 36.0488], [-78.92339, 36.04878], [-78.92342, 36.04876], [-78.92344, 36.04874], [-78.92348, 36.04863], [-78.92352, 36.04859], [-78.92363, 36.04848], [-78.92379, 36.04837], [-78.9239, 36.04832], [-78.92396, 36.0483], [-78.92406, 36.04829], [-78.92413, 36.0483], [-78.92416, 36.04832], [-78.92424, 36.04841], [-78.92433, 36.04849], [-78.92436, 36.04868], [-78.92439, 36.04875], [-78.92446, 36.04888], [-78.92454, 36.04897], [-78.92464, 36.04907], [-78.92532, 36.04909], [-78.92542, 36.04909], [-78.9278, 36.04914], [-78.92778, 36.04981], [-78.92773, 36.05166], [-78.9293, 36.05169], [-78.9293, 36.05126], [-78.92931, 36.05071], [-78.92933, 36.05018], [-78.92941, 36.04688], [-78.92946, 36.04513], [-78.92948, 36.04429], [-78.92948, 36.04409], [-78.92977, 36.04409], [-78.9299, 36.0441], [-78.93005, 36.04412], [-78.93013, 36.04413], [-78.93019, 36.04415], [-78.93033, 36.0442], [-78.9304, 36.04423], [-78.93052, 36.0443], [-78.93063, 36.04438], [-78.93077, 36.04452], [-78.93082, 36.04459], [-78.93085, 36.04464], [-78.93089, 36.04472], [-78.93096, 36.04488], [-78.93102, 36.04504], [-78.93106, 36.04514], [-78.93112, 36.04527], [-78.9312, 36.04538], [-78.93128, 36.04547], [-78.93135, 36.04553], [-78.93149, 36.04562], [-78.93159, 36.04568], [-78.93169, 36.04572], [-78.93181, 36.04576], [-78.93207, 36.04585], [-78.93224, 36.04591], [-78.93234, 36.04596], [-78.93252, 36.04608], [-78.9326, 36.04614], [-78.93266, 36.0462], [-78.93271, 36.04625], [-78.93275, 36.04631], [-78.93288, 36.04623], [-78.93299, 36.04618], [-78.93322, 36.04611], [-78.93364, 36.04605], [-78.93391, 36.04599], [-78.934, 36.04595], [-78.93413, 36.04589], [-78.93423, 36.04585], [-78.93429, 36.04581], [-78.93435, 36.04577], [-78.93442, 36.04571], [-78.93448, 36.04564], [-78.93454, 36.04557], [-78.93459, 36.0455], [-78.93462, 36.04543], [-78.93465, 36.04535], [-78.93466, 36.04524], [-78.93467, 36.04512], [-78.93467, 36.04496], [-78.93466, 36.04478], [-78.93462, 36.04424], [-78.93488, 36.04424], [-78.93522, 36.0442], [-78.93535, 36.04418], [-78.93529, 36.04403], [-78.93528, 36.04389], [-78.93528, 36.04372], [-78.93529, 36.04358], [-78.93534, 36.04262], [-78.93536, 36.04233], [-78.9354, 36.04138], [-78.93541, 36.04099], [-78.93547, 36.03866], [-78.93551, 36.03755], [-78.93637, 36.03746], [-78.93699, 36.03738], [-78.93787, 36.03725], [-78.93848, 36.03716], [-78.93903, 36.03706], [-78.93942, 36.03697], [-78.93999, 36.03684], [-78.94019, 36.0368], [-78.94034, 36.03677], [-78.94065, 36.03673], [-78.94089, 36.03672], [-78.94115, 36.0367], [-78.94131, 36.0367], [-78.94151, 36.03671], [-78.9417, 36.03672], [-78.94185, 36.03674], [-78.94231, 36.03682], [-78.94246, 36.03685], [-78.94259, 36.03689], [-78.94273, 36.03693], [-78.94356, 36.03721], [-78.94448, 36.03755], [-78.94534, 36.03785], [-78.94668, 36.03835], [-78.94692, 36.03843], [-78.94695, 36.03844], [-78.94704, 36.03847], [-78.94715, 36.0385], [-78.94739, 36.03854], [-78.94777, 36.03859], [-78.94815, 36.03863], [-78.94871, 36.03867], [-78.94957, 36.03875], [-78.94975, 36.03877], [-78.94994, 36.0388], [-78.95009, 36.03883], [-78.95022, 36.03886], [-78.95033, 36.03889], [-78.95045, 36.03893], [-78.95076, 36.03906], [-78.9509, 36.03914], [-78.95103, 36.0392], [-78.9513, 36.03938], [-78.95151, 36.03953], [-78.95155, 36.03957], [-78.95165, 36.03965], [-78.95178, 36.0398], [-78.95193, 36.03998], [-78.95205, 36.04013], [-78.95216, 36.0403], [-78.95222, 36.0404], [-78.95227, 36.0405], [-78.95237, 36.04074], [-78.95246, 36.04089], [-78.95256, 36.04104], [-78.95265, 36.04115], [-78.95299, 36.04151], [-78.95329, 36.04183], [-78.95342, 36.04197], [-78.95357, 36.04209], [-78.9537, 36.04218], [-78.95383, 36.04226], [-78.95396, 36.04233], [-78.95409, 36.04239], [-78.95419, 36.04243], [-78.95443, 36.04251], [-78.95459, 36.04255], [-78.95466, 36.04257], [-78.95474, 36.04259], [-78.95482, 36.0426], [-78.95498, 36.04262], [-78.95542, 36.04264], [-78.95573, 36.04266], [-78.95724, 36.0427], [-78.95725, 36.04255], [-78.95735, 36.04188], [-78.95738, 36.04177], [-78.95748, 36.04134], [-78.95756, 36.04115], [-78.95765, 36.04095]]]}}, {"type": "Feature", "properties": {"tract_id": "37063002033", "name": "Census Tract 20.33", "pct_white_2020": 78.6, "pct_black_2020": 10.2, "pct_hispanic_2020": 3.3, "pct_asian_2020": 2.9, "population_2020": 4266}, "geometry": {"type": "Polygon", "coordinates": [[[-79.0094, 35.90299], [-79.0095, 35.9024], [-79.00921, 35.9022], [-79.00916, 35.90218], [-79.00889, 35.90207], [-79.00862, 35.90198], [-79.00841, 35.90192], [-79.00823, 35.90189], [-79.00819, 35.90188], [-79.0081, 35.90186], [-79.00793, 35.90183], [-79.00758, 35.90177], [-79.00734, 35.90175], [-79.0072, 35.90174], [-79.00703, 35.90173], [-79.00678, 35.90171], [-79.00651, 35.90172], [-79.00581, 35.90181], [-79.00563, 35.90184], [-79.0055, 35.90188], [-79.00505, 35.902], [-79.00454, 35.90214], [-79.00373, 35.90238], [-79.00366, 35.9024], [-79.00311, 35.90256], [-79.00225, 35.90282], [-79.0019, 35.90294], [-79.00112, 35.90321], [-79.00088, 35.90329], [-79.00071, 35.90336], [-79.0007, 35.90375], [-79.00048, 35.90383], [-79.00043, 35.90387], [-79.00031, 35.90394], [-79.00021, 35.90401], [-79.00002, 35.90414], [-78.99986, 35.90423], [-78.99935, 35.90453], [-78.99701, 35.90595], [-78.99596, 35.90658], [-78.99583, 35.90665], [-78.99576, 35.9067], [-78.99527, 35.90699], [-78.99503, 35.90716], [-78.99439, 35.90761], [-78.99435, 35.90762], [-78.99427, 35.90765], [-78.99426, 35.9076], [-78.99424, 35.90741], [-78.99422, 35.90728], [-78.9942, 35.90714], [-78.9939, 35.9073], [-78.99348, 35.90751], [-78.99341, 35.90754], [-78.99308, 35.90771], [-78.99261, 35.90792], [-78.99218, 35.90811], [-78.99179, 35.90828], [-78.9913, 35.90849], [-78.99067, 35.90876], [-78.99051, 35.90882], [-78.99033, 35.9089], [-78.98986, 35.9091], [-78.98932, 35.90933], [-78.98885, 35.90953], [-78.98867, 35.9096], [-78.98823, 35.9098], [-78.9879, 35.90994], [-78.98751, 35.9101], [-78.98719, 35.91025], [-78.98693, 35.91036], [-78.98661, 35.91049], [-78.9864, 35.91057], [-78.98624, 35.91064], [-78.98566, 35.91092], [-78.98534, 35.91109], [-78.98512, 35.91122], [-78.98487, 35.91134], [-78.98473, 35.91142], [-78.98444, 35.91155], [-78.98433, 35.91161], [-78.98415, 35.91174], [-78.98394, 35.91187], [-78.98349, 35.91229], [-78.98324, 35.91245], [-78.98306, 35.91257], [-78.9822, 35.91314], [-78.98199, 35.91328], [-78.98204, 35.91334], [-78.98208, 35.91339], [-78.98217, 35.91351], [-78.98318, 35.91495], [-78.98358, 35.9156], [-78.98369, 35.91579], [-78.98397, 35.9163], [-78.9843, 35.91701], [-78.98439, 35.91723], [-78.9846, 35.91772], [-78.98487, 35.91846], [-78.98512, 35.91937], [-78.98529, 35.92019], [-78.98536, 35.92061], [-78.98547, 35.92128], [-78.98576, 35.92311], [-78.98618, 35.9256], [-78.98619, 35.92567], [-78.98659, 35.92742], [-78.98702, 35.92863], [-78.98737, 35.92959], [-78.98742, 35.92973], [-78.98852, 35.93236], [-78.98892, 35.93331], [-78.98904, 35.93355], [-78.99029, 35.9365], [-78.99081, 35.93775], [-78.99136, 35.93902], [-78.99263, 35.94204], [-78.99287, 35.94256], [-78.99306, 35.94296], [-78.99324, 35.94331], [-78.99368, 35.94412], [-78.99392, 35.94455], [-78.99411, 35.94488], [-78.9942, 35.94503], [-78.99465, 35.94575], [-78.99502, 35.94632], [-78.99528, 35.9467], [-78.99552, 35.94703], [-78.99612, 35.94785], [-78.99643, 35.94825], [-78.99668, 35.94857], [-78.99747, 35.94948], [-78.99801, 35.95008], [-78.9984, 35.9505], [-78.99866, 35.95077], [-78.99882, 35.95093], [-78.99905, 35.95083], [-78.99981, 35.95049], [-79.00005, 35.95038], [-79.00009, 35.95036], [-79.00025, 35.95029], [-79.00029, 35.95027], [-79.00044, 35.9502], [-79.00074, 35.95004], [-79.00124, 35.9498], [-79.00126, 35.94966], [-79.00128, 35.94958], [-79.00129, 35.94948], [-79.00136, 35.94905], [-79.00156, 35.94796], [-79.00174, 35.94694], [-79.00176, 35.94681], [-79.00181, 35.94651], [-79.00193, 35.94585], [-79.002, 35.94542], [-79.00213, 35.94462], [-79.0022, 35.94422], [-79.00254, 35.94231], [-79.00261, 35.94193], [-79.00325, 35.93823], [-79.00329, 35.938], [-79.00339, 35.93745], [-79.00356, 35.93649], [-79.00366, 35.9359], [-79.00378, 35.93524], [-79.00383, 35.93489], [-79.00399, 35.93395], [-79.0042, 35.93264], [-79.00439, 35.9315], [-79.00451, 35.93085], [-79.00458, 35.93042], [-79.0046, 35.9303], [-79.00465, 35.93002], [-79.00479, 35.92919], [-79.00494, 35.92836], [-79.00518, 35.92698], [-79.00532, 35.92615], [-79.00561, 35.92449], [-79.00582, 35.92324], [-79.00599, 35.92229], [-79.00605, 35.92192], [-79.00609, 35.92174], [-79.00614, 35.92147], [-79.00618, 35.92119], [-79.00623, 35.92092], [-79.00633, 35.92037], [-79.00638, 35.9201], [-79.00641, 35.91994], [-79.00643, 35.91983], [-79.00689, 35.9172], [-79.00703, 35.91639], [-79.00746, 35.91398], [-79.00758, 35.91326], [-79.00764, 35.91299], [-79.00802, 35.91089], [-79.00831, 35.90916], [-79.00851, 35.9082], [-79.00854, 35.90784], [-79.00864, 35.90723], [-79.0088, 35.90637], [-79.00884, 35.90615], [-79.00886, 35.90603], [-79.00889, 35.90588], [-79.00889, 35.90582], [-79.00891, 35.90572], [-79.00898, 35.90533], [-79.00904, 35.90503], [-79.00908, 35.90479], [-79.00914, 35.90447], [-79.00917, 35.90429], [-79.00927, 35.90369], [-79.0094, 35.90299]]]}}, {"type": "Feature", "properties": {"tract_id": "37063002031", "name": "Census Tract 20.31", "pct_white_2020": 30.5, "pct_black_2020": 38.3, "pct_hispanic_2020": 19.2, "pct_asian_2020": 7.9, "population_2020": 2292}, "geometry": {"type": "Polygon", "coordinates": [[[-78.9695, 35.96486], [-78.96954, 35.96468], [-78.9692, 35.96467], [-78.96898, 35.96467], [-78.96895, 35.96467], [-78.96881, 35.96465], [-78.96864, 35.96462], [-78.9685, 35.96457], [-78.96818, 35.96443], [-78.96811, 35.9644], [-78.96803, 35.96437], [-78.96794, 35.96435], [-78.96782, 35.96433], [-78.96767, 35.96432], [-78.96696, 35.96431], [-78.96676, 35.9643], [-78.96662, 35.96427], [-78.96647, 35.96424], [-78.96628, 35.96417], [-78.96619, 35.96413], [-78.96613, 35.96409], [-78.96599, 35.964], [-78.96586, 35.96389], [-78.96571, 35.96373], [-78.96564, 35.96364], [-78.96559, 35.96357], [-78.96551, 35.96342], [-78.96547, 35.96333], [-78.96545, 35.96326], [-78.96542, 35.96309], [-78.96542, 35.96301], [-78.96542, 35.96263], [-78.96543, 35.96256], [-78.96544, 35.96247], [-78.96544, 35.96229], [-78.96543, 35.9621], [-78.96538, 35.96184], [-78.96536, 35.96177], [-78.96531, 35.96168], [-78.9652, 35.96151], [-78.96515, 35.96145], [-78.96508, 35.9614], [-78.96499, 35.96133], [-78.96482, 35.96123], [-78.96472, 35.96118], [-78.96466, 35.96116], [-78.9648, 35.96096], [-78.96528, 35.96027], [-78.96517, 35.96024], [-78.96487, 35.96014], [-78.96476, 35.9601], [-78.96467, 35.96005], [-78.96462, 35.96001], [-78.96456, 35.95994], [-78.9645, 35.95983], [-78.96442, 35.95971], [-78.9643, 35.95956], [-78.96465, 35.9594], [-78.96487, 35.95928], [-78.96496, 35.95922], [-78.96506, 35.95916], [-78.96519, 35.95907], [-78.96536, 35.9589], [-78.96556, 35.95868], [-78.96558, 35.95865], [-78.96569, 35.95851], [-78.9658, 35.95832], [-78.96589, 35.95815], [-78.96602, 35.9578], [-78.96606, 35.95759], [-78.96609, 35.95739], [-78.96609, 35.95738], [-78.96609, 35.95725], [-78.96609, 35.95723], [-78.96609, 35.95718], [-78.96615, 35.95482], [-78.96615, 35.9544], [-78.9662, 35.95256], [-78.9662, 35.95247], [-78.96622, 35.95227], [-78.96625, 35.95203], [-78.96626, 35.95193], [-78.96637, 35.95157], [-78.96647, 35.95128], [-78.9665, 35.95121], [-78.9666, 35.95103], [-78.96685, 35.95062], [-78.96701, 35.95041], [-78.96672, 35.95025], [-78.96666, 35.95022], [-78.96659, 35.9502], [-78.96652, 35.95019], [-78.96645, 35.95018], [-78.96638, 35.95018], [-78.9662, 35.9502], [-78.96521, 35.9504], [-78.96422, 35.9506], [-78.96343, 35.95076], [-78.96258, 35.95093], [-78.96219, 35.95102], [-78.96195, 35.95108], [-78.96178, 35.95114], [-78.96028, 35.95167], [-78.95999, 35.9518], [-78.95982, 35.95191], [-78.95945, 35.95217], [-78.95802, 35.95323], [-78.95712, 35.95389], [-78.95694, 35.95405], [-78.95662, 35.95435], [-78.95585, 35.95517], [-78.95579, 35.95524], [-78.95571, 35.95532], [-78.95552, 35.95552], [-78.9553, 35.95571], [-78.95513, 35.95584], [-78.95501, 35.95592], [-78.95523, 35.95616], [-78.95531, 35.95624], [-78.95537, 35.95633], [-78.95539, 35.95639], [-78.95543, 35.95648], [-78.95545, 35.95658], [-78.95545, 35.95669], [-78.95543, 35.95683], [-78.95514, 35.95794], [-78.95482, 35.95897], [-78.95475, 35.95924], [-78.95475, 35.95945], [-78.95475, 35.95952], [-78.95476, 35.95965], [-78.95478, 35.9597], [-78.95481, 35.95979], [-78.95486, 35.9599], [-78.95491, 35.96], [-78.95501, 35.96014], [-78.95533, 35.96059], [-78.95553, 35.96086], [-78.95607, 35.96159], [-78.95612, 35.96165], [-78.95619, 35.96175], [-78.95628, 35.96192], [-78.95634, 35.96208], [-78.95637, 35.96216], [-78.95638, 35.96226], [-78.95637, 35.96256], [-78.95635, 35.96272], [-78.95625, 35.96338], [-78.95621, 35.96351], [-78.95609, 35.96377], [-78.95603, 35.96389], [-78.95601, 35.96394], [-78.95572, 35.96443], [-78.9554, 35.96502], [-78.95532, 35.96514], [-78.95517, 35.96551], [-78.95512, 35.96567], [-78.9551, 35.96578], [-78.95509, 35.96592], [-78.95509, 35.96601], [-78.956, 35.96583], [-78.95641, 35.96575], [-78.95669, 35.96568], [-78.95688, 35.96562], [-78.95718, 35.9655], [-78.95742, 35.96539], [-78.95781, 35.96519], [-78.95801, 35.96507], [-78.95831, 35.96485], [-78.95845, 35.96473], [-78.95862, 35.96458], [-78.95865, 35.96455], [-78.95875, 35.96445], [-78.9588, 35.96438], [-78.95942, 35.96375], [-78.95988, 35.96407], [-78.96004, 35.96419], [-78.96015, 35.96429], [-78.96032, 35.96447], [-78.96041, 35.96457], [-78.96055, 35.9648], [-78.96071, 35.96507], [-78.96077, 35.96521], [-78.9608, 35.96531], [-78.96083, 35.96548], [-78.96092, 35.96584], [-78.96132, 35.96804], [-78.96143, 35.96863], [-78.96229, 35.96841], [-78.96249, 35.96835], [-78.9626, 35.96832], [-78.96332, 35.96812], [-78.96352, 35.96805], [-78.9643, 35.96779], [-78.96521, 35.96744], [-78.96641, 35.96695], [-78.9668, 35.96678], [-78.96758, 35.96645], [-78.96772, 35.96639], [-78.9687, 35.96593], [-78.96873, 35.96592], [-78.96952, 35.96553], [-78.9694, 35.96534], [-78.96936, 35.96523], [-78.96936, 35.96514], [-78.96942, 35.965], [-78.9695, 35.96486]]]}}, {"type": "Feature", "properties": {"tract_id": "37063001810", "name": "Census Tract 18.10", "pct_white_2020": 10.5, "pct_black_2020": 45.5, "pct_hispanic_2020": 35.5, "pct_asian_2020": 0.2, "population_2020": 4487}, "geometry": {"type": "Polygon", "coordinates": [[[-78.85149, 35.96592], [-78.85155, 35.96536], [-78.85131, 35.96542], [-78.8511, 35.96547], [-78.85078, 35.96552], [-78.85048, 35.96556], [-78.85022, 35.96557], [-78.85002, 35.96558], [-78.84978, 35.96559], [-78.84932, 35.9656], [-78.84885, 35.9656], [-78.84865, 35.9656], [-78.84723, 35.9656], [-78.8472, 35.9656], [-78.84685, 35.96561], [-78.84645, 35.96563], [-78.84617, 35.96564], [-78.84601, 35.96566], [-78.84537, 35.96574], [-78.84523, 35.96577], [-78.8451, 35.96581], [-78.84508, 35.96582], [-78.84503, 35.96584], [-78.84486, 35.9659], [-78.84447, 35.96607], [-78.84418, 35.96619], [-78.84403, 35.96626], [-78.84265, 35.96689], [-78.84242, 35.967], [-78.84142, 35.96747], [-78.84079, 35.96777], [-78.8401, 35.96805], [-78.8399, 35.96811], [-78.83981, 35.96813], [-78.83973, 35.96815], [-78.83966, 35.96816], [-78.83959, 35.96816], [-78.8395, 35.96817], [-78.83934, 35.96819], [-78.83907, 35.96819], [-78.83901, 35.96819], [-78.83882, 35.96818], [-78.83869, 35.96817], [-78.83836, 35.96816], [-78.83795, 35.96815], [-78.83779, 35.96814], [-78.83752, 35.96814], [-78.83721, 35.96813], [-78.83648, 35.96809], [-78.83643, 35.96809], [-78.83565, 35.96805], [-78.8348, 35.96801], [-78.83447, 35.968], [-78.83449, 35.96807], [-78.83449, 35.96817], [-78.83448, 35.96832], [-78.83447, 35.96838], [-78.83445, 35.96843], [-78.83441, 35.96848], [-78.83431, 35.9686], [-78.83421, 35.9687], [-78.83415, 35.96875], [-78.83407, 35.96879], [-78.83399, 35.96883], [-78.83391, 35.96884], [-78.83374, 35.96888], [-78.83338, 35.96895], [-78.83309, 35.96903], [-78.83218, 35.96929], [-78.83167, 35.96945], [-78.83136, 35.96955], [-78.83119, 35.96962], [-78.83107, 35.96968], [-78.83094, 35.96974], [-78.8307, 35.9699], [-78.83059, 35.96997], [-78.83052, 35.97004], [-78.83026, 35.97036], [-78.83011, 35.97059], [-78.82995, 35.97089], [-78.82982, 35.97118], [-78.82974, 35.97139], [-78.82968, 35.97154], [-78.82963, 35.97165], [-78.82937, 35.97216], [-78.82926, 35.97235], [-78.82907, 35.97264], [-78.829, 35.97275], [-78.8289, 35.97289], [-78.82802, 35.97399], [-78.82788, 35.97417], [-78.82777, 35.97434], [-78.82754, 35.97468], [-78.82737, 35.97488], [-78.82717, 35.97514], [-78.8269, 35.97548], [-78.82686, 35.97553], [-78.8268, 35.97559], [-78.82665, 35.9757], [-78.82653, 35.97579], [-78.82622, 35.97597], [-78.82572, 35.97621], [-78.82552, 35.97629], [-78.8254, 35.97634], [-78.82531, 35.97637], [-78.82485, 35.97651], [-78.82438, 35.97665], [-78.82344, 35.97694], [-78.8233, 35.977], [-78.82315, 35.97707], [-78.82285, 35.97724], [-78.82271, 35.97732], [-78.82249, 35.97748], [-78.8224, 35.97756], [-78.82218, 35.97776], [-78.82209, 35.97786], [-78.82196, 35.97804], [-78.82171, 35.97841], [-78.82153, 35.97871], [-78.8213, 35.97915], [-78.82122, 35.97933], [-78.82117, 35.97948], [-78.82115, 35.97953], [-78.82112, 35.97975], [-78.82104, 35.98067], [-78.821, 35.98142], [-78.8227, 35.98183], [-78.82418, 35.98217], [-78.82444, 35.98223], [-78.82453, 35.98225], [-78.82572, 35.98253], [-78.82607, 35.98262], [-78.82613, 35.98263], [-78.83014, 35.98357], [-78.83107, 35.98379], [-78.83332, 35.98432], [-78.83347, 35.98436], [-78.83379, 35.98443], [-78.83477, 35.98466], [-78.83491, 35.9847], [-78.83561, 35.98486], [-78.83572, 35.98488], [-78.83609, 35.98497], [-78.8365, 35.98507], [-78.83655, 35.98508], [-78.83669, 35.98511], [-78.83749, 35.9853], [-78.83798, 35.98542], [-78.83949, 35.98578], [-78.84001, 35.9859], [-78.84192, 35.98635], [-78.84368, 35.9868], [-78.84349, 35.98618], [-78.8433, 35.98558], [-78.8431, 35.98501], [-78.84291, 35.98454], [-78.8427, 35.98404], [-78.84247, 35.98346], [-78.84209, 35.98247], [-78.84205, 35.98235], [-78.84199, 35.98222], [-78.84192, 35.98206], [-78.8418, 35.98176], [-78.84158, 35.98129], [-78.84151, 35.98114], [-78.8414, 35.98087], [-78.84136, 35.98072], [-78.84127, 35.98036], [-78.84123, 35.98018], [-78.84118, 35.97986], [-78.84115, 35.97961], [-78.84114, 35.97936], [-78.84114, 35.97909], [-78.84115, 35.97897], [-78.84119, 35.97877], [-78.84125, 35.97858], [-78.84128, 35.9785], [-78.84133, 35.97839], [-78.84149, 35.97807], [-78.84154, 35.97798], [-78.8419, 35.97741], [-78.84198, 35.97728], [-78.84216, 35.97693], [-78.84274, 35.97572], [-78.84325, 35.9747], [-78.84332, 35.97453], [-78.8434, 35.97436], [-78.84351, 35.97419], [-78.84362, 35.97406], [-78.84369, 35.97401], [-78.84383, 35.97398], [-78.84405, 35.97396], [-78.84458, 35.97398], [-78.84493, 35.97399], [-78.84524, 35.97399], [-78.84552, 35.974], [-78.8459, 35.97402], [-78.84607, 35.97402], [-78.84623, 35.97401], [-78.84643, 35.97399], [-78.84679, 35.97394], [-78.84688, 35.97391], [-78.84697, 35.97388], [-78.84735, 35.9737], [-78.84748, 35.97364], [-78.84764, 35.97353], [-78.84771, 35.97347], [-78.84776, 35.97342], [-78.84782, 35.97334], [-78.84786, 35.97328], [-78.8479, 35.97323], [-78.84792, 35.97317], [-78.84794, 35.9731], [-78.84797, 35.97296], [-78.84801, 35.97266], [-78.84803, 35.97233], [-78.84807, 35.97182], [-78.84808, 35.97164], [-78.84806, 35.97124], [-78.84807, 35.97117], [-78.84808, 35.9711], [-78.84813, 35.97093], [-78.84818, 35.97083], [-78.8482, 35.97079], [-78.84823, 35.97075], [-78.84835, 35.9706], [-78.8485, 35.97044], [-78.84861, 35.97034], [-78.84903, 35.97001], [-78.84908, 35.96998], [-78.84912, 35.96995], [-78.84943, 35.96972], [-78.84971, 35.96952], [-78.85029, 35.96915], [-78.85042, 35.96905], [-78.85054, 35.96894], [-78.85061, 35.96887], [-78.85082, 35.96857], [-78.85088, 35.96849], [-78.85094, 35.96839], [-78.8513, 35.96768], [-78.85133, 35.9676], [-78.85138, 35.9674], [-78.8514, 35.96727], [-78.85141, 35.96716], [-78.85141, 35.96706], [-78.85144, 35.96652], [-78.85146, 35.96625], [-78.85149, 35.96592]]]}}, {"type": "Feature", "properties": {"tract_id": "37063002032", "name": "Census Tract 20.32", "pct_white_2020": 24.6, "pct_black_2020": 31.2, "pct_hispanic_2020": 36.3, "pct_asian_2020": 2.6, "population_2020": 2500}, "geometry": {"type": "Polygon", "coordinates": [[[-78.98151, 35.95917], [-78.98149, 35.95915], [-78.98146, 35.9591], [-78.9814, 35.95898], [-78.98133, 35.95889], [-78.9811, 35.95873], [-78.98104, 35.9587], [-78.98094, 35.95861], [-78.98087, 35.95855], [-78.98063, 35.95829], [-78.98043, 35.95812], [-78.98035, 35.95807], [-78.9803, 35.95806], [-78.98026, 35.95806], [-78.98021, 35.95806], [-78.98017, 35.95808], [-78.98011, 35.95813], [-78.98004, 35.95818], [-78.97996, 35.95822], [-78.9799, 35.95826], [-78.97983, 35.95826], [-78.97976, 35.95826], [-78.9797, 35.95826], [-78.97965, 35.95825], [-78.9796, 35.95822], [-78.97954, 35.95818], [-78.97948, 35.95811], [-78.97945, 35.95807], [-78.9794, 35.95798], [-78.97929, 35.9576], [-78.97925, 35.9575], [-78.97906, 35.95718], [-78.97884, 35.95693], [-78.97873, 35.95679], [-78.97863, 35.95668], [-78.97852, 35.95656], [-78.97846, 35.95645], [-78.9784, 35.95637], [-78.97834, 35.95626], [-78.97821, 35.95604], [-78.97815, 35.95587], [-78.97808, 35.95572], [-78.97802, 35.95564], [-78.97793, 35.95557], [-78.97782, 35.95544], [-78.97778, 35.95538], [-78.97776, 35.95533], [-78.97775, 35.95521], [-78.97772, 35.95516], [-78.97762, 35.95513], [-78.97749, 35.95506], [-78.97747, 35.95503], [-78.97746, 35.95496], [-78.97746, 35.95477], [-78.97738, 35.95471], [-78.9773, 35.95468], [-78.97721, 35.95465], [-78.97712, 35.95463], [-78.97698, 35.95462], [-78.97662, 35.95459], [-78.97624, 35.95454], [-78.97609, 35.9545], [-78.9759, 35.95441], [-78.97583, 35.95435], [-78.97577, 35.95432], [-78.97578, 35.95435], [-78.97578, 35.95443], [-78.97575, 35.9545], [-78.97568, 35.95458], [-78.97527, 35.9548], [-78.97514, 35.95484], [-78.97495, 35.9549], [-78.97484, 35.95492], [-78.97455, 35.95503], [-78.97428, 35.95517], [-78.97415, 35.95523], [-78.97417, 35.95532], [-78.9742, 35.95537], [-78.97428, 35.95548], [-78.97437, 35.95562], [-78.97444, 35.95573], [-78.97444, 35.95582], [-78.97442, 35.95587], [-78.97437, 35.9559], [-78.97433, 35.95595], [-78.97432, 35.95598], [-78.9743, 35.95604], [-78.97428, 35.95607], [-78.97423, 35.95609], [-78.9742, 35.95613], [-78.97418, 35.95617], [-78.97417, 35.9562], [-78.97423, 35.95646], [-78.97423, 35.95652], [-78.97421, 35.95659], [-78.97408, 35.95679], [-78.97402, 35.95686], [-78.97391, 35.95694], [-78.97377, 35.95699], [-78.97299, 35.95529], [-78.97284, 35.95497], [-78.97271, 35.9547], [-78.97241, 35.95415], [-78.97202, 35.95352], [-78.97073, 35.95163], [-78.96995, 35.95046], [-78.96983, 35.95029], [-78.96944, 35.94961], [-78.96936, 35.94946], [-78.96925, 35.94922], [-78.96903, 35.94866], [-78.96894, 35.9484], [-78.96875, 35.94855], [-78.96848, 35.94886], [-78.96813, 35.94931], [-78.96803, 35.94943], [-78.96799, 35.94948], [-78.96791, 35.94955], [-78.96778, 35.94967], [-78.96752, 35.94992], [-78.96741, 35.95002], [-78.9671, 35.95031], [-78.96701, 35.95041], [-78.96685, 35.95062], [-78.9666, 35.95103], [-78.9665, 35.95121], [-78.96647, 35.95128], [-78.96637, 35.95157], [-78.96626, 35.95193], [-78.96625, 35.95203], [-78.96622, 35.95227], [-78.9662, 35.95247], [-78.9662, 35.95256], [-78.96615, 35.9544], [-78.96615, 35.95482], [-78.96609, 35.95718], [-78.96609, 35.95723], [-78.96609, 35.95725], [-78.96609, 35.95738], [-78.96609, 35.95739], [-78.96606, 35.95759], [-78.96602, 35.9578], [-78.96589, 35.95815], [-78.9658, 35.95832], [-78.96569, 35.95851], [-78.96558, 35.95865], [-78.96556, 35.95868], [-78.96536, 35.9589], [-78.96519, 35.95907], [-78.96506, 35.95916], [-78.96496, 35.95922], [-78.96487, 35.95928], [-78.96465, 35.9594], [-78.9643, 35.95956], [-78.96442, 35.95971], [-78.9645, 35.95983], [-78.96456, 35.95994], [-78.96462, 35.96001], [-78.96467, 35.96005], [-78.96476, 35.9601], [-78.96487, 35.96014], [-78.96517, 35.96024], [-78.96528, 35.96027], [-78.9648, 35.96096], [-78.96466, 35.96116], [-78.96472, 35.96118], [-78.96482, 35.96123], [-78.96499, 35.96133], [-78.96508, 35.9614], [-78.96515, 35.96145], [-78.9652, 35.96151], [-78.96531, 35.96168], [-78.96536, 35.96177], [-78.96538, 35.96184], [-78.96543, 35.9621], [-78.96544, 35.96229], [-78.96544, 35.96247], [-78.96543, 35.96256], [-78.96542, 35.96263], [-78.96542, 35.96301], [-78.96542, 35.96309], [-78.96545, 35.96326], [-78.96547, 35.96333], [-78.96551, 35.96342], [-78.96559, 35.96357], [-78.96564, 35.96364], [-78.96571, 35.96373], [-78.96586, 35.96389], [-78.96599, 35.964], [-78.96613, 35.96409], [-78.96619, 35.96413], [-78.96628, 35.96417], [-78.96647, 35.96424], [-78.96662, 35.96427], [-78.96676, 35.9643], [-78.96696, 35.96431], [-78.96767, 35.96432], [-78.96782, 35.96433], [-78.96794, 35.96435], [-78.96803, 35.96437], [-78.96811, 35.9644], [-78.96818, 35.96443], [-78.9685, 35.96457], [-78.96864, 35.96462], [-78.96881, 35.96465], [-78.96895, 35.96467], [-78.96898, 35.96467], [-78.9692, 35.96467], [-78.96954, 35.96468], [-78.9695, 35.96486], [-78.96942, 35.965], [-78.96936, 35.96514], [-78.96936, 35.96523], [-78.9694, 35.96534], [-78.96952, 35.96553], [-78.96981, 35.96539], [-78.97029, 35.96514], [-78.97198, 35.96424], [-78.97306, 35.96365], [-78.97368, 35.96333], [-78.97639, 35.96189], [-78.97697, 35.96158], [-78.97743, 35.96135], [-78.97941, 35.96029], [-78.98151, 35.95917]]]}}, {"type": "Feature", "properties": {"tract_id": "37063001713", "name": "Census Tract 17.13", "pct_white_2020": 75.2, "pct_black_2020": 10.5, "pct_hispanic_2020": 5.6, "pct_asian_2020": 0.8, "population_2020": 3344}, "geometry": {"type": "Polygon", "coordinates": [[[-78.98732, 36.02956], [-78.98735, 36.02935], [-78.98712, 36.02931], [-78.98624, 36.02913], [-78.98556, 36.029], [-78.98499, 36.02888], [-78.98407, 36.02868], [-78.98326, 36.0285], [-78.98235, 36.0283], [-78.98166, 36.02816], [-78.98123, 36.02808], [-78.98053, 36.02795], [-78.9789, 36.02766], [-78.97836, 36.02755], [-78.97777, 36.02744], [-78.97701, 36.02729], [-78.97579, 36.02706], [-78.97548, 36.02701], [-78.97525, 36.02698], [-78.97445, 36.02692], [-78.97413, 36.0269], [-78.97376, 36.02691], [-78.97343, 36.02693], [-78.97336, 36.02693], [-78.9729, 36.02697], [-78.97228, 36.02704], [-78.97196, 36.02708], [-78.9716, 36.02714], [-78.97122, 36.02723], [-78.97078, 36.02736], [-78.9703, 36.02751], [-78.97024, 36.02752], [-78.97018, 36.02754], [-78.97009, 36.02757], [-78.96982, 36.02766], [-78.96949, 36.02779], [-78.96912, 36.02796], [-78.96876, 36.02814], [-78.96819, 36.02847], [-78.96766, 36.0288], [-78.96716, 36.02914], [-78.96666, 36.02944], [-78.96657, 36.02948], [-78.96602, 36.02972], [-78.96587, 36.02979], [-78.9657, 36.02985], [-78.96554, 36.02989], [-78.9654, 36.02993], [-78.96523, 36.02997], [-78.96474, 36.03006], [-78.9646, 36.03008], [-78.96445, 36.0301], [-78.96429, 36.03011], [-78.96409, 36.03012], [-78.96391, 36.03012], [-78.96369, 36.03009], [-78.96327, 36.03007], [-78.96274, 36.02998], [-78.96262, 36.02995], [-78.9621, 36.0298], [-78.962, 36.02977], [-78.96181, 36.0297], [-78.96143, 36.02953], [-78.96128, 36.02945], [-78.96082, 36.02917], [-78.96057, 36.02898], [-78.96047, 36.0289], [-78.96036, 36.02881], [-78.96021, 36.02867], [-78.96013, 36.02858], [-78.96, 36.02846], [-78.95988, 36.0283], [-78.95954, 36.02783], [-78.95878, 36.02654], [-78.95835, 36.02584], [-78.958, 36.02526], [-78.9577, 36.02473], [-78.95745, 36.02429], [-78.95716, 36.02383], [-78.95678, 36.02321], [-78.95659, 36.02295], [-78.95644, 36.02278], [-78.95628, 36.02259], [-78.95599, 36.0223], [-78.9558, 36.02213], [-78.95556, 36.02195], [-78.95507, 36.02161], [-78.95365, 36.0207], [-78.95245, 36.01993], [-78.95199, 36.01965], [-78.95128, 36.01917], [-78.95094, 36.01897], [-78.95069, 36.01882], [-78.95038, 36.01865], [-78.95027, 36.01859], [-78.95009, 36.0185], [-78.94999, 36.01874], [-78.94974, 36.01949], [-78.94947, 36.02041], [-78.9494, 36.02065], [-78.94932, 36.02091], [-78.94906, 36.02173], [-78.94904, 36.0218], [-78.94901, 36.02196], [-78.94898, 36.02208], [-78.94896, 36.02212], [-78.94886, 36.02244], [-78.94868, 36.02293], [-78.94853, 36.02343], [-78.94849, 36.02347], [-78.9483, 36.02376], [-78.94794, 36.02422], [-78.94768, 36.02444], [-78.94738, 36.02465], [-78.94826, 36.02458], [-78.94933, 36.02459], [-78.95001, 36.02468], [-78.95017, 36.02469], [-78.95065, 36.02476], [-78.95088, 36.0248], [-78.9512, 36.02485], [-78.9518, 36.025], [-78.95194, 36.02504], [-78.95205, 36.02506], [-78.95234, 36.02516], [-78.95245, 36.0252], [-78.95269, 36.02528], [-78.95313, 36.02545], [-78.95341, 36.02557], [-78.95366, 36.02569], [-78.95373, 36.02607], [-78.95376, 36.02621], [-78.95379, 36.02641], [-78.9538, 36.02666], [-78.95378, 36.02675], [-78.95378, 36.0268], [-78.95372, 36.02702], [-78.95369, 36.02712], [-78.95364, 36.02727], [-78.95358, 36.02743], [-78.95348, 36.02772], [-78.95334, 36.02812], [-78.95319, 36.02856], [-78.95302, 36.02908], [-78.95268, 36.03005], [-78.95245, 36.03067], [-78.95239, 36.03082], [-78.95232, 36.03104], [-78.95225, 36.03129], [-78.95221, 36.0315], [-78.95218, 36.03171], [-78.95217, 36.03193], [-78.95217, 36.0321], [-78.95218, 36.03214], [-78.95218, 36.0322], [-78.95222, 36.03237], [-78.95231, 36.03265], [-78.95242, 36.03296], [-78.95254, 36.03323], [-78.95267, 36.03353], [-78.95277, 36.0337], [-78.95286, 36.03387], [-78.95295, 36.034], [-78.95347, 36.03469], [-78.95428, 36.03575], [-78.95441, 36.03592], [-78.95489, 36.03661], [-78.95518, 36.03699], [-78.95563, 36.03756], [-78.95582, 36.0378], [-78.95595, 36.03799], [-78.95601, 36.03808], [-78.95616, 36.03832], [-78.95627, 36.03853], [-78.95634, 36.03868], [-78.95644, 36.03895], [-78.95649, 36.03915], [-78.95653, 36.03935], [-78.95657, 36.03947], [-78.95661, 36.0396], [-78.95667, 36.03974], [-78.95673, 36.03986], [-78.9568, 36.03996], [-78.95695, 36.04015], [-78.95716, 36.04038], [-78.95728, 36.0405], [-78.95739, 36.0406], [-78.95751, 36.04068], [-78.95764, 36.04076], [-78.95773, 36.04081], [-78.95784, 36.04087], [-78.95794, 36.04092], [-78.95802, 36.04096], [-78.95814, 36.04099], [-78.95874, 36.04114], [-78.9591, 36.04121], [-78.95944, 36.04128], [-78.9596, 36.04131], [-78.95973, 36.04135], [-78.96002, 36.04147], [-78.96019, 36.04155], [-78.96034, 36.04163], [-78.9606, 36.04177], [-78.96146, 36.04223], [-78.96202, 36.04254], [-78.96242, 36.04276], [-78.96272, 36.04293], [-78.96322, 36.04324], [-78.96339, 36.04336], [-78.9635, 36.04345], [-78.96355, 36.0435], [-78.96399, 36.04386], [-78.96451, 36.04426], [-78.96481, 36.04448], [-78.96494, 36.04456], [-78.9651, 36.04466], [-78.96523, 36.04473], [-78.96555, 36.04487], [-78.96605, 36.04507], [-78.96639, 36.04519], [-78.96681, 36.04535], [-78.96709, 36.04544], [-78.96738, 36.04556], [-78.96759, 36.04566], [-78.96766, 36.04571], [-78.96788, 36.04586], [-78.96807, 36.046], [-78.96815, 36.04607], [-78.9683, 36.04624], [-78.96878, 36.0468], [-78.96929, 36.0474], [-78.96989, 36.04812], [-78.97009, 36.04837], [-78.97047, 36.04885], [-78.97066, 36.04911], [-78.97086, 36.04938], [-78.97089, 36.04942], [-78.97117, 36.04985], [-78.97161, 36.05051], [-78.9718, 36.05079], [-78.97209, 36.0512], [-78.97256, 36.05189], [-78.97312, 36.0527], [-78.97335, 36.05305], [-78.97359, 36.0534], [-78.97368, 36.05353], [-78.9739, 36.05387], [-78.974, 36.05402], [-78.97411, 36.0542], [-78.97437, 36.0546], [-78.97467, 36.05507], [-78.97489, 36.05543], [-78.97504, 36.0557], [-78.97518, 36.05598], [-78.97538, 36.05637], [-78.97563, 36.05682], [-78.97574, 36.057], [-78.97585, 36.05715], [-78.97602, 36.05738], [-78.97624, 36.05765], [-78.97628, 36.05769], [-78.97647, 36.05791], [-78.97681, 36.05825], [-78.97701, 36.05844], [-78.97744, 36.05881], [-78.97763, 36.05897], [-78.97793, 36.05923], [-78.97804, 36.05933], [-78.97805, 36.05932], [-78.97844, 36.05828], [-78.97844, 36.05783], [-78.97833, 36.0576], [-78.97833, 36.05624], [-78.97833, 36.05576], [-78.97805, 36.05531], [-78.97805, 36.05494], [-78.97855, 36.05449], [-78.979, 36.05431], [-78.97977, 36.05418], [-78.98049, 36.05418], [-78.98138, 36.0544], [-78.9816, 36.05458], [-78.9816, 36.05486], [-78.98138, 36.05521], [-78.98144, 36.05562], [-78.98165, 36.05602], [-78.98182, 36.05634], [-78.9821, 36.05657], [-78.98249, 36.05657], [-78.98251, 36.05656], [-78.98263, 36.05654], [-78.98264, 36.0565], [-78.98265, 36.05643], [-78.98345, 36.05193], [-78.98399, 36.04883], [-78.98399, 36.04881], [-78.984, 36.04879], [-78.98403, 36.04863], [-78.98478, 36.04431], [-78.98493, 36.04344], [-78.98497, 36.04321], [-78.9851, 36.04249], [-78.98517, 36.04208], [-78.98525, 36.04163], [-78.98535, 36.04104], [-78.9854, 36.04076], [-78.98553, 36.04002], [-78.98565, 36.03933], [-78.98566, 36.03929], [-78.98566, 36.03928], [-78.98566, 36.03927], [-78.98567, 36.03925], [-78.98568, 36.03917], [-78.98571, 36.03901], [-78.98578, 36.03858], [-78.98584, 36.0382], [-78.98584, 36.03816], [-78.98589, 36.038], [-78.98589, 36.03794], [-78.98592, 36.03774], [-78.98605, 36.03702], [-78.98606, 36.03697], [-78.98611, 36.03665], [-78.9863, 36.03552], [-78.98637, 36.03514], [-78.98657, 36.03396], [-78.98685, 36.0323], [-78.98687, 36.03218], [-78.98689, 36.03208], [-78.98691, 36.03197], [-78.98694, 36.03175], [-78.9871, 36.03082], [-78.98729, 36.0297], [-78.9873, 36.02964], [-78.98732, 36.02956]]]}}, {"type": "Feature", "properties": {"tract_id": "37063002030", "name": "Census Tract 20.30", "pct_white_2020": 72.5, "pct_black_2020": 8.7, "pct_hispanic_2020": 1.1, "pct_asian_2020": 12.2, "population_2020": 4295}, "geometry": {"type": "Polygon", "coordinates": [[[-78.99611, 35.97922], [-78.99614, 35.97903], [-78.9961, 35.97901], [-78.99606, 35.97898], [-78.99547, 35.97856], [-78.99529, 35.97843], [-78.99506, 35.97825], [-78.99453, 35.97782], [-78.99432, 35.97764], [-78.99411, 35.97744], [-78.99354, 35.9769], [-78.99346, 35.97683], [-78.9933, 35.97668], [-78.99288, 35.97629], [-78.99274, 35.97618], [-78.99263, 35.97611], [-78.99255, 35.97606], [-78.99239, 35.97604], [-78.99232, 35.97603], [-78.99203, 35.97602], [-78.99024, 35.97599], [-78.98976, 35.97597], [-78.98963, 35.97594], [-78.98934, 35.97588], [-78.98924, 35.97585], [-78.98904, 35.97576], [-78.98846, 35.97549], [-78.98819, 35.97539], [-78.988, 35.97534], [-78.98788, 35.97531], [-78.98752, 35.97526], [-78.98732, 35.97524], [-78.98721, 35.97523], [-78.98684, 35.97522], [-78.98666, 35.97522], [-78.98524, 35.97523], [-78.9845, 35.97522], [-78.98437, 35.97522], [-78.98311, 35.97522], [-78.98178, 35.97522], [-78.98168, 35.97522], [-78.98121, 35.97522], [-78.98099, 35.97523], [-78.98045, 35.97522], [-78.98024, 35.97523], [-78.98003, 35.97524], [-78.97993, 35.97525], [-78.97886, 35.97537], [-78.97758, 35.97551], [-78.97751, 35.97551], [-78.97723, 35.97553], [-78.9771, 35.97554], [-78.97703, 35.97554], [-78.97659, 35.97555], [-78.97653, 35.97555], [-78.97641, 35.97555], [-78.9757, 35.97555], [-78.97565, 35.97555], [-78.97547, 35.97556], [-78.97493, 35.97558], [-78.97485, 35.97555], [-78.97411, 35.97555], [-78.97262, 35.97555], [-78.96998, 35.97555], [-78.96788, 35.97557], [-78.96625, 35.97557], [-78.96536, 35.97557], [-78.96524, 35.97556], [-78.96512, 35.97555], [-78.96509, 35.97555], [-78.96492, 35.97552], [-78.96467, 35.97547], [-78.96439, 35.9754], [-78.96419, 35.97534], [-78.96372, 35.97518], [-78.96332, 35.97502], [-78.96278, 35.97481], [-78.96249, 35.97469], [-78.96119, 35.97425], [-78.96108, 35.97421], [-78.96051, 35.97405], [-78.96034, 35.974], [-78.9603, 35.97398], [-78.95982, 35.97382], [-78.95955, 35.97375], [-78.95929, 35.97368], [-78.95902, 35.97364], [-78.95874, 35.97361], [-78.9582, 35.97354], [-78.9579, 35.97353], [-78.95572, 35.97348], [-78.95551, 35.97348], [-78.9554, 35.97349], [-78.95526, 35.97351], [-78.95508, 35.97354], [-78.95486, 35.9736], [-78.95472, 35.97364], [-78.9545, 35.97374], [-78.95425, 35.97388], [-78.95349, 35.97435], [-78.95333, 35.97444], [-78.95326, 35.97448], [-78.95316, 35.97453], [-78.95296, 35.9746], [-78.95277, 35.97465], [-78.95258, 35.9747], [-78.95247, 35.97471], [-78.95241, 35.97472], [-78.95211, 35.97474], [-78.95189, 35.97474], [-78.95122, 35.9747], [-78.95102, 35.97469], [-78.95075, 35.9747], [-78.95057, 35.97472], [-78.9504, 35.97475], [-78.9502, 35.97479], [-78.94974, 35.97491], [-78.94942, 35.97505], [-78.94931, 35.97505], [-78.9489, 35.9752], [-78.94763, 35.97564], [-78.94735, 35.97572], [-78.94718, 35.97577], [-78.94693, 35.97582], [-78.94678, 35.97584], [-78.94662, 35.97585], [-78.94641, 35.97584], [-78.94623, 35.97583], [-78.94617, 35.97582], [-78.94599, 35.97578], [-78.94568, 35.9757], [-78.94514, 35.97552], [-78.94501, 35.97549], [-78.94479, 35.97544], [-78.94453, 35.9754], [-78.9444, 35.97539], [-78.94422, 35.9754], [-78.94407, 35.97541], [-78.94267, 35.97558], [-78.94261, 35.97595], [-78.94252, 35.9768], [-78.94248, 35.97725], [-78.94245, 35.97758], [-78.94401, 35.97808], [-78.94441, 35.9782], [-78.94514, 35.97843], [-78.94556, 35.97856], [-78.94638, 35.97882], [-78.94724, 35.97909], [-78.94837, 35.97944], [-78.9488, 35.97958], [-78.94961, 35.9799], [-78.94997, 35.98005], [-78.95065, 35.98035], [-78.9519, 35.9809], [-78.95212, 35.981], [-78.95419, 35.9819], [-78.95457, 35.98207], [-78.95502, 35.98227], [-78.95537, 35.98243], [-78.95569, 35.98258], [-78.95625, 35.98286], [-78.95647, 35.98298], [-78.95688, 35.9832], [-78.95726, 35.9834], [-78.9579, 35.98373], [-78.95809, 35.98383], [-78.95813, 35.98644], [-78.95817, 35.98854], [-78.9582, 35.99202], [-78.95823, 35.99366], [-78.95828, 35.99647], [-78.95831, 35.99871], [-78.95879, 35.9988], [-78.95888, 35.99882], [-78.95935, 35.99893], [-78.95953, 35.99898], [-78.95969, 35.99903], [-78.95985, 35.9991], [-78.95999, 35.99916], [-78.96021, 35.99927], [-78.96048, 35.99942], [-78.9606, 35.9995], [-78.96071, 35.99959], [-78.96111, 35.99998], [-78.96144, 36.00024], [-78.96155, 36.00034], [-78.96176, 36.00054], [-78.96209, 36.00082], [-78.96219, 36.00091], [-78.96249, 36.00122], [-78.96265, 36.00138], [-78.96273, 36.00146], [-78.96283, 36.00158], [-78.96292, 36.0017], [-78.96385, 36.00314], [-78.96429, 36.00388], [-78.96456, 36.00441], [-78.96464, 36.0046], [-78.96473, 36.00486], [-78.9648, 36.0051], [-78.96496, 36.0056], [-78.96507, 36.00589], [-78.96511, 36.00597], [-78.96521, 36.00618], [-78.96527, 36.00629], [-78.96541, 36.00649], [-78.9655, 36.00662], [-78.9656, 36.00674], [-78.96569, 36.00684], [-78.96595, 36.00709], [-78.96686, 36.00793], [-78.96724, 36.00826], [-78.96739, 36.00839], [-78.96755, 36.0085], [-78.9677, 36.00859], [-78.96802, 36.00877], [-78.96815, 36.00883], [-78.9682, 36.00886], [-78.96836, 36.00893], [-78.96929, 36.00931], [-78.96997, 36.00957], [-78.97097, 36.00994], [-78.97123, 36.01004], [-78.97142, 36.01013], [-78.97178, 36.01031], [-78.97202, 36.01045], [-78.97217, 36.01054], [-78.97235, 36.01065], [-78.97249, 36.01076], [-78.97328, 36.01146], [-78.97414, 36.01222], [-78.97426, 36.01233], [-78.97438, 36.01242], [-78.97452, 36.01251], [-78.97466, 36.0126], [-78.97479, 36.01268], [-78.97494, 36.01276], [-78.97512, 36.01284], [-78.97534, 36.01293], [-78.97552, 36.013], [-78.97606, 36.01316], [-78.97626, 36.01323], [-78.97642, 36.0133], [-78.97682, 36.01347], [-78.97701, 36.01357], [-78.97718, 36.01365], [-78.97734, 36.01374], [-78.97763, 36.01392], [-78.97791, 36.0141], [-78.97824, 36.01432], [-78.97858, 36.01454], [-78.97876, 36.01464], [-78.97892, 36.01472], [-78.97925, 36.01488], [-78.97999, 36.01519], [-78.98068, 36.01547], [-78.98093, 36.01558], [-78.98101, 36.01563], [-78.98131, 36.01582], [-78.9814, 36.01589], [-78.98149, 36.01595], [-78.98168, 36.01613], [-78.98179, 36.01624], [-78.98192, 36.0164], [-78.98208, 36.01662], [-78.98222, 36.01681], [-78.98232, 36.01698], [-78.98241, 36.01714], [-78.98275, 36.01766], [-78.98402, 36.01961], [-78.98417, 36.01978], [-78.98431, 36.01992], [-78.98447, 36.02006], [-78.98457, 36.02015], [-78.98467, 36.02022], [-78.98488, 36.02036], [-78.985, 36.02043], [-78.98509, 36.02048], [-78.98575, 36.02074], [-78.98666, 36.02108], [-78.98682, 36.02115], [-78.98708, 36.0213], [-78.98725, 36.0214], [-78.98736, 36.02147], [-78.98745, 36.02155], [-78.98766, 36.02173], [-78.98777, 36.02184], [-78.98785, 36.02193], [-78.98806, 36.0222], [-78.98814, 36.02231], [-78.98827, 36.02248], [-78.98835, 36.02257], [-78.9885, 36.02277], [-78.98862, 36.0221], [-78.98872, 36.02154], [-78.98882, 36.02094], [-78.98915, 36.0191], [-78.98953, 36.01692], [-78.99, 36.01419], [-78.99069, 36.01023], [-78.99071, 36.01011], [-78.99075, 36.00993], [-78.99081, 36.00956], [-78.99092, 36.00894], [-78.99098, 36.0086], [-78.99101, 36.00841], [-78.99105, 36.0082], [-78.99119, 36.00739], [-78.99128, 36.00684], [-78.99133, 36.00657], [-78.99147, 36.00575], [-78.99153, 36.00543], [-78.99157, 36.00521], [-78.99163, 36.00487], [-78.99164, 36.00478], [-78.99171, 36.00439], [-78.99196, 36.00294], [-78.99197, 36.00291], [-78.99219, 36.00167], [-78.99228, 36.00114], [-78.99262, 35.99922], [-78.99266, 35.99895], [-78.99271, 35.99867], [-78.99276, 35.9984], [-78.99278, 35.99827], [-78.99293, 35.99742], [-78.99327, 35.99548], [-78.99334, 35.99505], [-78.99347, 35.99432], [-78.99366, 35.99323], [-78.9938, 35.99241], [-78.9939, 35.99187], [-78.99395, 35.99159], [-78.99402, 35.99118], [-78.99408, 35.99082], [-78.99419, 35.99021], [-78.99423, 35.98996], [-78.99428, 35.98969], [-78.99431, 35.98951], [-78.99435, 35.98928], [-78.99472, 35.98715], [-78.99523, 35.98424], [-78.99528, 35.98397], [-78.99532, 35.98375], [-78.99541, 35.98318], [-78.99558, 35.98224], [-78.99576, 35.98118], [-78.99589, 35.98042], [-78.99603, 35.97967], [-78.99607, 35.9794], [-78.99609, 35.97934], [-78.99611, 35.97922]]]}}, {"type": "Feature", "properties": {"tract_id": "37063002035", "name": "Census Tract 20.35", "pct_white_2020": 38.6, "pct_black_2020": 41.7, "pct_hispanic_2020": 8.0, "pct_asian_2020": 8.5, "population_2020": 6561}, "geometry": {"type": "Polygon", "coordinates": [[[-78.91748, 35.91503], [-78.91747, 35.91473], [-78.91745, 35.91463], [-78.91736, 35.91407], [-78.91728, 35.91351], [-78.91722, 35.91308], [-78.9172, 35.91297], [-78.91718, 35.91289], [-78.91713, 35.91261], [-78.91701, 35.91191], [-78.91691, 35.91126], [-78.91688, 35.91111], [-78.91681, 35.91075], [-78.9168, 35.91071], [-78.91658, 35.90957], [-78.91648, 35.90912], [-78.91645, 35.90896], [-78.91641, 35.90875], [-78.91599, 35.90871], [-78.91558, 35.90866], [-78.91395, 35.90855], [-78.90889, 35.90806], [-78.90793, 35.90798], [-78.90501, 35.90771], [-78.90412, 35.90763], [-78.90182, 35.90742], [-78.89933, 35.90719], [-78.8987, 35.90712], [-78.89799, 35.90705], [-78.89554, 35.90683], [-78.89492, 35.9068], [-78.89424, 35.90673], [-78.89252, 35.90657], [-78.89166, 35.90648], [-78.89074, 35.90637], [-78.89013, 35.90628], [-78.88922, 35.90611], [-78.88882, 35.90601], [-78.88862, 35.90596], [-78.88821, 35.90583], [-78.88815, 35.90581], [-78.88813, 35.9058], [-78.88758, 35.90561], [-78.88754, 35.90583], [-78.88708, 35.90567], [-78.88242, 35.90395], [-78.88182, 35.90373], [-78.88103, 35.90336], [-78.88102, 35.90351], [-78.88098, 35.90383], [-78.88078, 35.90568], [-78.88076, 35.90662], [-78.88075, 35.90664], [-78.8807, 35.90842], [-78.88068, 35.90906], [-78.88066, 35.90988], [-78.88064, 35.9109], [-78.88063, 35.91143], [-78.88058, 35.91331], [-78.88055, 35.91382], [-78.88426, 35.91394], [-78.88467, 35.91395], [-78.88667, 35.91402], [-78.88679, 35.91402], [-78.88674, 35.91482], [-78.88607, 35.91479], [-78.88605, 35.91535], [-78.88527, 35.91531], [-78.88505, 35.91811], [-78.88165, 35.91807], [-78.88161, 35.91849], [-78.88161, 35.91862], [-78.88147, 35.91926], [-78.88109, 35.92107], [-78.8821, 35.9219], [-78.88243, 35.92217], [-78.88238, 35.92231], [-78.88233, 35.92247], [-78.88183, 35.92393], [-78.88179, 35.92406], [-78.88169, 35.92416], [-78.88165, 35.9242], [-78.88069, 35.92396], [-78.87995, 35.92378], [-78.87927, 35.92361], [-78.8791, 35.92357], [-78.87894, 35.92353], [-78.87876, 35.92348], [-78.8786, 35.92342], [-78.87846, 35.92338], [-78.87833, 35.92333], [-78.8782, 35.92327], [-78.87801, 35.9232], [-78.87761, 35.92299], [-78.87742, 35.92289], [-78.87718, 35.92276], [-78.87693, 35.925], [-78.87686, 35.92562], [-78.8786, 35.92565], [-78.87839, 35.92872], [-78.87944, 35.92871], [-78.87943, 35.92937], [-78.87941, 35.93021], [-78.8794, 35.93111], [-78.87939, 35.93144], [-78.87937, 35.93252], [-78.87936, 35.9328], [-78.87934, 35.93313], [-78.87933, 35.93348], [-78.87931, 35.93446], [-78.8793, 35.93515], [-78.8793, 35.93618], [-78.87928, 35.93756], [-78.87924, 35.93855], [-78.87924, 35.93937], [-78.87923, 35.93998], [-78.87924, 35.9405], [-78.87907, 35.94033], [-78.87882, 35.94009], [-78.87856, 35.93986], [-78.87838, 35.93976], [-78.87793, 35.93953], [-78.87768, 35.93983], [-78.87752, 35.94002], [-78.87741, 35.94016], [-78.87601, 35.94162], [-78.8752, 35.94246], [-78.87506, 35.94261], [-78.87488, 35.94279], [-78.8748, 35.94271], [-78.87467, 35.94178], [-78.87465, 35.94168], [-78.87262, 35.94167], [-78.87248, 35.94167], [-78.8724, 35.94167], [-78.8724, 35.94215], [-78.8724, 35.94254], [-78.8724, 35.94258], [-78.8724, 35.94262], [-78.8724, 35.94366], [-78.8719, 35.94365], [-78.87068, 35.94364], [-78.86968, 35.94363], [-78.86885, 35.94364], [-78.86832, 35.94362], [-78.86802, 35.94359], [-78.86769, 35.94352], [-78.86718, 35.94335], [-78.86709, 35.94351], [-78.86706, 35.94357], [-78.867, 35.94367], [-78.86694, 35.9438], [-78.86692, 35.94404], [-78.86695, 35.94422], [-78.86726, 35.94491], [-78.86737, 35.94517], [-78.8676, 35.94578], [-78.86768, 35.94598], [-78.86774, 35.94663], [-78.86757, 35.94701], [-78.86697, 35.94814], [-78.86665, 35.94889], [-78.86624, 35.94985], [-78.86613, 35.9501], [-78.86593, 35.95057], [-78.86549, 35.95161], [-78.86517, 35.95168], [-78.86504, 35.95262], [-78.8643, 35.95398], [-78.86396, 35.95458], [-78.86368, 35.95501], [-78.86377, 35.95536], [-78.86351, 35.95611], [-78.86344, 35.95631], [-78.86325, 35.95691], [-78.8632, 35.95713], [-78.86305, 35.95755], [-78.86286, 35.95798], [-78.85981, 35.9663], [-78.85972, 35.96655], [-78.85968, 35.96663], [-78.85965, 35.96672], [-78.85962, 35.96681], [-78.85945, 35.96691], [-78.85974, 35.96726], [-78.86043, 35.9681], [-78.86072, 35.96844], [-78.86095, 35.9687], [-78.86117, 35.96891], [-78.8614, 35.96913], [-78.86147, 35.96919], [-78.86159, 35.96929], [-78.8617, 35.96939], [-78.86177, 35.96945], [-78.86192, 35.96957], [-78.8623, 35.96984], [-78.86303, 35.97035], [-78.8635, 35.97066], [-78.86384, 35.97089], [-78.86444, 35.9713], [-78.86538, 35.97193], [-78.86574, 35.97219], [-78.86577, 35.97191], [-78.86582, 35.97194], [-78.86601, 35.97202], [-78.8661, 35.97206], [-78.86622, 35.97211], [-78.86629, 35.97216], [-78.86684, 35.97252], [-78.86698, 35.97235], [-78.86715, 35.97213], [-78.86722, 35.97203], [-78.86739, 35.97176], [-78.86758, 35.97142], [-78.86832, 35.97002], [-78.86837, 35.96994], [-78.86849, 35.96966], [-78.86874, 35.97007], [-78.86898, 35.97044], [-78.86932, 35.97092], [-78.87029, 35.97222], [-78.87036, 35.9723], [-78.87032, 35.97209], [-78.87025, 35.97157], [-78.87023, 35.97127], [-78.87022, 35.97093], [-78.87022, 35.97076], [-78.87023, 35.97057], [-78.87028, 35.97005], [-78.8703, 35.96991], [-78.87038, 35.96951], [-78.8712, 35.96624], [-78.8718, 35.96382], [-78.87189, 35.96356], [-78.87203, 35.96322], [-78.87219, 35.96292], [-78.87238, 35.9626], [-78.87269, 35.96218], [-78.87294, 35.9619], [-78.87337, 35.96149], [-78.87416, 35.96075], [-78.87564, 35.95939], [-78.87569, 35.95935], [-78.87663, 35.9585], [-78.87692, 35.95824], [-78.87733, 35.95785], [-78.87752, 35.95768], [-78.87824, 35.95699], [-78.87844, 35.9568], [-78.87905, 35.95624], [-78.87918, 35.95612], [-78.87928, 35.95602], [-78.87935, 35.95592], [-78.87957, 35.95561], [-78.87977, 35.95529], [-78.87993, 35.95504], [-78.87997, 35.95495], [-78.88006, 35.95476], [-78.88022, 35.95433], [-78.88057, 35.95334], [-78.88086, 35.95238], [-78.88116, 35.95137], [-78.88154, 35.95011], [-78.88239, 35.94738], [-78.88299, 35.94543], [-78.88311, 35.94506], [-78.88429, 35.94124], [-78.8847, 35.9399], [-78.8855, 35.93729], [-78.8864, 35.93435], [-78.88639, 35.9343], [-78.88653, 35.93394], [-78.88708, 35.9321], [-78.88757, 35.93051], [-78.88774, 35.92995], [-78.88787, 35.9295], [-78.88838, 35.9278], [-78.88857, 35.92718], [-78.88864, 35.92695], [-78.88904, 35.92564], [-78.88927, 35.92472], [-78.8894, 35.92395], [-78.88964, 35.92262], [-78.88999, 35.92056], [-78.89026, 35.91909], [-78.89098, 35.91527], [-78.89154, 35.91529], [-78.89349, 35.91537], [-78.89433, 35.9154], [-78.89566, 35.91545], [-78.89657, 35.9155], [-78.89799, 35.91553], [-78.89883, 35.91556], [-78.89945, 35.91558], [-78.90079, 35.91561], [-78.90099, 35.91562], [-78.90122, 35.91565], [-78.9014, 35.9157], [-78.90163, 35.91576], [-78.90208, 35.91594], [-78.90222, 35.91598], [-78.90238, 35.91601], [-78.90255, 35.91604], [-78.90255, 35.91613], [-78.90256, 35.9162], [-78.90258, 35.91627], [-78.90261, 35.91633], [-78.90271, 35.91649], [-78.90335, 35.91716], [-78.90384, 35.91767], [-78.90405, 35.91789], [-78.90476, 35.91862], [-78.90491, 35.91878], [-78.90499, 35.91882], [-78.90517, 35.91895], [-78.90532, 35.91904], [-78.90559, 35.91918], [-78.90592, 35.91931], [-78.90631, 35.91949], [-78.90666, 35.91967], [-78.90701, 35.91987], [-78.90709, 35.91994], [-78.90724, 35.92004], [-78.90744, 35.92024], [-78.90809, 35.92083], [-78.90852, 35.92129], [-78.90867, 35.92146], [-78.90878, 35.9216], [-78.90893, 35.92191], [-78.909, 35.92209], [-78.90904, 35.9222], [-78.90905, 35.92226], [-78.90907, 35.92232], [-78.9091, 35.92246], [-78.90923, 35.92312], [-78.90943, 35.9241], [-78.9095, 35.92433], [-78.90952, 35.92438], [-78.90957, 35.92449], [-78.90967, 35.92465], [-78.90986, 35.92491], [-78.9099, 35.92497], [-78.90997, 35.92503], [-78.91016, 35.92518], [-78.91023, 35.92522], [-78.91063, 35.92551], [-78.91089, 35.92565], [-78.9109, 35.92552], [-78.91094, 35.92532], [-78.91099, 35.92514], [-78.91103, 35.92504], [-78.91109, 35.92492], [-78.91111, 35.92486], [-78.91124, 35.92467], [-78.91143, 35.92446], [-78.91161, 35.9243], [-78.91179, 35.92415], [-78.91214, 35.9239], [-78.91237, 35.92375], [-78.91245, 35.92369], [-78.91254, 35.9236], [-78.91271, 35.92341], [-78.91291, 35.92314], [-78.91297, 35.92304], [-78.91311, 35.92277], [-78.91317, 35.92266], [-78.91326, 35.92251], [-78.91332, 35.92238], [-78.91338, 35.92227], [-78.9134, 35.92219], [-78.9134, 35.92218], [-78.91347, 35.92202], [-78.91353, 35.9218], [-78.91358, 35.92161], [-78.9136, 35.92156], [-78.91363, 35.92144], [-78.91375, 35.92107], [-78.91377, 35.92099], [-78.9138, 35.92089], [-78.9139, 35.92068], [-78.91397, 35.92058], [-78.91399, 35.92054], [-78.91405, 35.92042], [-78.91491, 35.91891], [-78.91557, 35.91777], [-78.91583, 35.91738], [-78.91587, 35.91733], [-78.9159, 35.91729], [-78.91619, 35.91699], [-78.91661, 35.91661], [-78.91697, 35.91624], [-78.91708, 35.91612], [-78.91722, 35.9159], [-78.91729, 35.91577], [-78.91734, 35.91568], [-78.9174, 35.91549], [-78.91743, 35.91538], [-78.91745, 35.91528], [-78.91748, 35.91503]]]}}, {"type": "Feature", "properties": {"tract_id": "37063001802", "name": "Census Tract 18.02", "pct_white_2020": 9.5, "pct_black_2020": 46.5, "pct_hispanic_2020": 39.0, "pct_asian_2020": 0.9, "population_2020": 6965}, "geometry": {"type": "Polygon", "coordinates": [[[-78.86928, 35.97622], [-78.86927, 35.97607], [-78.86921, 35.97571], [-78.86916, 35.97547], [-78.86903, 35.97511], [-78.8688, 35.97449], [-78.86871, 35.9743], [-78.86862, 35.9741], [-78.86853, 35.97396], [-78.86845, 35.97387], [-78.86823, 35.97364], [-78.86759, 35.9731], [-78.86752, 35.97304], [-78.86749, 35.97297], [-78.86722, 35.97278], [-78.86698, 35.97262], [-78.86684, 35.97252], [-78.86629, 35.97216], [-78.86622, 35.97211], [-78.8661, 35.97206], [-78.86601, 35.97202], [-78.86582, 35.97194], [-78.86577, 35.97191], [-78.86574, 35.97219], [-78.86538, 35.97193], [-78.86444, 35.9713], [-78.86384, 35.97089], [-78.8635, 35.97066], [-78.86303, 35.97035], [-78.8623, 35.96984], [-78.86192, 35.96957], [-78.86177, 35.96945], [-78.8617, 35.96939], [-78.86159, 35.96929], [-78.86147, 35.96919], [-78.8614, 35.96913], [-78.86117, 35.96891], [-78.86095, 35.9687], [-78.86072, 35.96844], [-78.86043, 35.9681], [-78.85974, 35.96726], [-78.85945, 35.96691], [-78.85938, 35.96683], [-78.85813, 35.96534], [-78.85769, 35.96482], [-78.85683, 35.96375], [-78.85509, 35.9638], [-78.85493, 35.96381], [-78.85485, 35.96383], [-78.85469, 35.96386], [-78.85463, 35.96389], [-78.85454, 35.96393], [-78.85446, 35.964], [-78.85437, 35.96408], [-78.85424, 35.96421], [-78.85416, 35.96427], [-78.85401, 35.96437], [-78.85393, 35.96442], [-78.85384, 35.96446], [-78.85319, 35.96473], [-78.85282, 35.96488], [-78.85217, 35.96514], [-78.85173, 35.9653], [-78.85155, 35.96536], [-78.85149, 35.96592], [-78.85146, 35.96625], [-78.85144, 35.96652], [-78.85141, 35.96706], [-78.85141, 35.96716], [-78.8514, 35.96727], [-78.85138, 35.9674], [-78.85133, 35.9676], [-78.8513, 35.96768], [-78.85094, 35.96839], [-78.85088, 35.96849], [-78.85082, 35.96857], [-78.85061, 35.96887], [-78.85054, 35.96894], [-78.85042, 35.96905], [-78.85029, 35.96915], [-78.84971, 35.96952], [-78.84943, 35.96972], [-78.84912, 35.96995], [-78.84908, 35.96998], [-78.84903, 35.97001], [-78.84861, 35.97034], [-78.8485, 35.97044], [-78.84835, 35.9706], [-78.84823, 35.97075], [-78.8482, 35.97079], [-78.84818, 35.97083], [-78.84813, 35.97093], [-78.84808, 35.9711], [-78.84807, 35.97117], [-78.84806, 35.97124], [-78.84808, 35.97164], [-78.84807, 35.97182], [-78.84803, 35.97233], [-78.84801, 35.97266], [-78.84797, 35.97296], [-78.84794, 35.9731], [-78.84792, 35.97317], [-78.8479, 35.97323], [-78.84786, 35.97328], [-78.84782, 35.97334], [-78.84776, 35.97342], [-78.84771, 35.97347], [-78.84764, 35.97353], [-78.84748, 35.97364], [-78.84735, 35.9737], [-78.84697, 35.97388], [-78.84688, 35.97391], [-78.84679, 35.97394], [-78.84643, 35.97399], [-78.84623, 35.97401], [-78.84607, 35.97402], [-78.8459, 35.97402], [-78.84552, 35.974], [-78.84524, 35.97399], [-78.84493, 35.97399], [-78.84458, 35.97398], [-78.84405, 35.97396], [-78.84383, 35.97398], [-78.84369, 35.97401], [-78.84362, 35.97406], [-78.84351, 35.97419], [-78.8434, 35.97436], [-78.84332, 35.97453], [-78.84325, 35.9747], [-78.84274, 35.97572], [-78.84216, 35.97693], [-78.84198, 35.97728], [-78.8419, 35.97741], [-78.84154, 35.97798], [-78.84149, 35.97807], [-78.84133, 35.97839], [-78.84128, 35.9785], [-78.84125, 35.97858], [-78.84119, 35.97877], [-78.84115, 35.97897], [-78.84114, 35.97909], [-78.84114, 35.97936], [-78.84115, 35.97961], [-78.84118, 35.97986], [-78.84123, 35.98018], [-78.84127, 35.98036], [-78.84136, 35.98072], [-78.8414, 35.98087], [-78.84151, 35.98114], [-78.84158, 35.98129], [-78.8418, 35.98176], [-78.84192, 35.98206], [-78.84199, 35.98222], [-78.84205, 35.98235], [-78.84209, 35.98247], [-78.84247, 35.98346], [-78.8427, 35.98404], [-78.84291, 35.98454], [-78.8431, 35.98501], [-78.8433, 35.98558], [-78.84349, 35.98618], [-78.84368, 35.9868], [-78.84192, 35.98635], [-78.84001, 35.9859], [-78.83981, 35.98682], [-78.83975, 35.98715], [-78.8397, 35.98737], [-78.83961, 35.98772], [-78.83955, 35.98793], [-78.83946, 35.98815], [-78.83938, 35.98833], [-78.83936, 35.98837], [-78.83926, 35.98857], [-78.8391, 35.98903], [-78.83893, 35.98946], [-78.83874, 35.98989], [-78.83864, 35.99008], [-78.8386, 35.9902], [-78.83855, 35.99041], [-78.83853, 35.99047], [-78.83843, 35.99092], [-78.83833, 35.99145], [-78.83826, 35.9919], [-78.83815, 35.99237], [-78.83813, 35.99245], [-78.83809, 35.99255], [-78.83806, 35.99262], [-78.83798, 35.99275], [-78.8379, 35.99284], [-78.83752, 35.99331], [-78.83728, 35.9936], [-78.83704, 35.99386], [-78.83689, 35.99401], [-78.83684, 35.99405], [-78.83678, 35.99409], [-78.83671, 35.99413], [-78.8366, 35.99416], [-78.83652, 35.99419], [-78.83647, 35.99421], [-78.83642, 35.99422], [-78.83616, 35.99423], [-78.83594, 35.99425], [-78.83574, 35.99426], [-78.83556, 35.99427], [-78.83536, 35.99429], [-78.83527, 35.99431], [-78.83501, 35.99437], [-78.83484, 35.99442], [-78.83468, 35.99447], [-78.83431, 35.99462], [-78.83376, 35.99485], [-78.83324, 35.99506], [-78.83234, 35.99542], [-78.83096, 35.99598], [-78.83088, 35.99633], [-78.83065, 35.99706], [-78.83062, 35.99714], [-78.83059, 35.99727], [-78.83052, 35.99757], [-78.8305, 35.99769], [-78.83049, 35.99777], [-78.83049, 35.99785], [-78.8305, 35.99793], [-78.83051, 35.99798], [-78.83053, 35.99806], [-78.83055, 35.9981], [-78.83058, 35.99819], [-78.83061, 35.99826], [-78.83065, 35.99835], [-78.83067, 35.99838], [-78.83098, 35.99913], [-78.83107, 35.99931], [-78.83118, 35.99954], [-78.83129, 35.99975], [-78.83139, 35.99992], [-78.83244, 36.0016], [-78.83255, 36.00178], [-78.83274, 36.00209], [-78.83282, 36.0022], [-78.83289, 36.00229], [-78.83297, 36.00235], [-78.83302, 36.00238], [-78.83309, 36.00242], [-78.83315, 36.00246], [-78.83321, 36.00249], [-78.83327, 36.00251], [-78.83334, 36.00253], [-78.8334, 36.00255], [-78.83349, 36.00258], [-78.83361, 36.0026], [-78.83394, 36.00267], [-78.83399, 36.00268], [-78.83413, 36.00271], [-78.83428, 36.00275], [-78.83442, 36.00279], [-78.83454, 36.00283], [-78.8346, 36.00285], [-78.83467, 36.00287], [-78.83481, 36.00293], [-78.83495, 36.003], [-78.83508, 36.00307], [-78.8352, 36.00314], [-78.83533, 36.00321], [-78.8354, 36.00325], [-78.83562, 36.00338], [-78.83575, 36.00345], [-78.83582, 36.00349], [-78.83599, 36.00358], [-78.83609, 36.00363], [-78.8361, 36.00364], [-78.83613, 36.00365], [-78.83616, 36.00366], [-78.83624, 36.00369], [-78.83637, 36.00374], [-78.83648, 36.00379], [-78.83669, 36.00387], [-78.83671, 36.00387], [-78.83702, 36.00397], [-78.83716, 36.00403], [-78.83722, 36.00406], [-78.83723, 36.00406], [-78.83729, 36.0041], [-78.83742, 36.00418], [-78.83751, 36.00426], [-78.83759, 36.00434], [-78.83767, 36.00446], [-78.83775, 36.00459], [-78.83777, 36.00464], [-78.8378, 36.00471], [-78.83782, 36.00482], [-78.83784, 36.00494], [-78.83788, 36.00513], [-78.83793, 36.00531], [-78.83799, 36.00544], [-78.83813, 36.00571], [-78.83819, 36.0058], [-78.83824, 36.00587], [-78.8383, 36.00594], [-78.83864, 36.00627], [-78.83865, 36.00629], [-78.83876, 36.0064], [-78.83892, 36.00659], [-78.83912, 36.00681], [-78.83924, 36.00695], [-78.8393, 36.00702], [-78.83962, 36.00686], [-78.83995, 36.00671], [-78.84027, 36.00657], [-78.84066, 36.00643], [-78.84088, 36.00636], [-78.84105, 36.00631], [-78.84182, 36.00614], [-78.84201, 36.0061], [-78.84236, 36.00602], [-78.84242, 36.00601], [-78.8426, 36.00598], [-78.84307, 36.00591], [-78.84326, 36.0059], [-78.8434, 36.0059], [-78.84396, 36.00593], [-78.84483, 36.00602], [-78.84627, 36.00615], [-78.84646, 36.00617], [-78.84665, 36.00616], [-78.8468, 36.00615], [-78.84693, 36.00613], [-78.84704, 36.00612], [-78.84731, 36.00608], [-78.84748, 36.00604], [-78.84762, 36.006], [-78.84833, 36.00575], [-78.84845, 36.00571], [-78.84875, 36.0056], [-78.85024, 36.00503], [-78.85079, 36.00483], [-78.85103, 36.00475], [-78.85123, 36.00469], [-78.8514, 36.00465], [-78.85159, 36.00461], [-78.85182, 36.00457], [-78.85205, 36.00455], [-78.85215, 36.00455], [-78.85229, 36.00455], [-78.85327, 36.00458], [-78.85391, 36.00459], [-78.85426, 36.00459], [-78.8547, 36.00458], [-78.85521, 36.00454], [-78.85577, 36.0045], [-78.85613, 36.00449], [-78.85647, 36.00448], [-78.8567, 36.00448], [-78.85694, 36.00449], [-78.85714, 36.0045], [-78.85724, 36.00451], [-78.85757, 36.00454], [-78.85783, 36.00458], [-78.85912, 36.00483], [-78.8594, 36.00489], [-78.85979, 36.00497], [-78.86002, 36.00503], [-78.8603, 36.00511], [-78.86074, 36.00525], [-78.86117, 36.00537], [-78.86145, 36.00542], [-78.86161, 36.00545], [-78.86181, 36.00548], [-78.86198, 36.00551], [-78.86243, 36.00554], [-78.8626, 36.00554], [-78.86277, 36.00555], [-78.86317, 36.00553], [-78.86343, 36.00551], [-78.86433, 36.00539], [-78.86428, 36.0053], [-78.86409, 36.00496], [-78.86398, 36.00475], [-78.8638, 36.00433], [-78.86358, 36.00376], [-78.86349, 36.00349], [-78.86339, 36.00315], [-78.86335, 36.00294], [-78.86329, 36.00266], [-78.8632, 36.00217], [-78.86318, 36.00209], [-78.86315, 36.00193], [-78.86312, 36.00164], [-78.8631, 36.00125], [-78.86307, 36.00058], [-78.86304, 35.99914], [-78.86303, 35.99885], [-78.86294, 35.99596], [-78.86292, 35.99532], [-78.8629, 35.99444], [-78.86286, 35.99312], [-78.86285, 35.99284], [-78.86284, 35.99272], [-78.86282, 35.99265], [-78.86282, 35.9924], [-78.8628, 35.99166], [-78.8628, 35.99156], [-78.8628, 35.99151], [-78.86279, 35.99122], [-78.86279, 35.99103], [-78.86278, 35.99017], [-78.86277, 35.98997], [-78.86276, 35.98987], [-78.86274, 35.98959], [-78.86273, 35.98949], [-78.86267, 35.98904], [-78.86262, 35.98885], [-78.86253, 35.98851], [-78.86245, 35.9883], [-78.86234, 35.98798], [-78.86228, 35.98786], [-78.86219, 35.98771], [-78.86198, 35.98739], [-78.86188, 35.98724], [-78.86176, 35.98708], [-78.86162, 35.98691], [-78.86125, 35.9865], [-78.86121, 35.98646], [-78.86071, 35.98591], [-78.86076, 35.98581], [-78.86082, 35.9857], [-78.86091, 35.98551], [-78.86099, 35.98537], [-78.8613, 35.98466], [-78.86141, 35.98449], [-78.86147, 35.98433], [-78.86154, 35.98422], [-78.86162, 35.9841], [-78.86171, 35.98389], [-78.86178, 35.98375], [-78.8619, 35.98354], [-78.86225, 35.98291], [-78.86279, 35.98187], [-78.86296, 35.98159], [-78.86301, 35.98151], [-78.86331, 35.98109], [-78.86345, 35.9809], [-78.8636, 35.98071], [-78.86374, 35.98055], [-78.86419, 35.98005], [-78.86431, 35.97994], [-78.86458, 35.97969], [-78.86469, 35.9796], [-78.86497, 35.97939], [-78.86514, 35.97928], [-78.86529, 35.97919], [-78.86569, 35.97896], [-78.86588, 35.97886], [-78.86606, 35.97878], [-78.86624, 35.9787], [-78.86667, 35.97853], [-78.86684, 35.97848], [-78.86717, 35.97839], [-78.86734, 35.97833], [-78.86741, 35.97832], [-78.8675, 35.97828], [-78.86789, 35.97812], [-78.86804, 35.97803], [-78.86837, 35.97782], [-78.86852, 35.9777], [-78.86867, 35.97756], [-78.86881, 35.9774], [-78.86892, 35.97725], [-78.86901, 35.97711], [-78.86908, 35.97698], [-78.86914, 35.97682], [-78.86922, 35.97656], [-78.86924, 35.97647], [-78.86927, 35.97636], [-78.86928, 35.97622]]]}}, {"type": "Feature", "properties": {"tract_id": "37063002100", "name": "Census Tract 21", "pct_white_2020": 63.3, "pct_black_2020": 25.9, "pct_hispanic_2020": 8.3, "pct_asian_2020": 0.4, "population_2020": 9548}, "geometry": {"type": "Polygon", "coordinates": [[[-78.96743, 36.14331], [-78.96745, 36.14322], [-78.96737, 36.14322], [-78.9673, 36.14322], [-78.96716, 36.14332], [-78.96709, 36.14337], [-78.96697, 36.14345], [-78.96692, 36.14363], [-78.96679, 36.14373], [-78.96669, 36.14381], [-78.96608, 36.14376], [-78.96497, 36.14367], [-78.96478, 36.14353], [-78.96419, 36.14367], [-78.96364, 36.14385], [-78.96331, 36.14399], [-78.96303, 36.14421], [-78.9628, 36.14466], [-78.96247, 36.14498], [-78.96247, 36.1452], [-78.96235, 36.14548], [-78.96208, 36.14606], [-78.9608, 36.14782], [-78.95997, 36.14827], [-78.95991, 36.14845], [-78.95958, 36.14885], [-78.95897, 36.14908], [-78.9583, 36.14953], [-78.95715, 36.15007], [-78.95641, 36.15047], [-78.95624, 36.15093], [-78.95586, 36.15124], [-78.95565, 36.15126], [-78.95541, 36.15127], [-78.95502, 36.15129], [-78.95408, 36.1512], [-78.95241, 36.15056], [-78.95219, 36.15056], [-78.95208, 36.15047], [-78.95091, 36.15043], [-78.95019, 36.15025], [-78.94986, 36.15002], [-78.94963, 36.14948], [-78.94929, 36.1492], [-78.94919, 36.14912], [-78.94914, 36.14913], [-78.94825, 36.1493], [-78.94775, 36.14966], [-78.9473, 36.14984], [-78.94647, 36.15003], [-78.94643, 36.15008], [-78.94642, 36.15002], [-78.94639, 36.15], [-78.94627, 36.14999], [-78.94541, 36.14988], [-78.94491, 36.14988], [-78.94452, 36.14997], [-78.94408, 36.14993], [-78.94401, 36.14993], [-78.94396, 36.14994], [-78.94388, 36.14997], [-78.94378, 36.15002], [-78.94372, 36.15005], [-78.9431, 36.15047], [-78.94235, 36.15106], [-78.94208, 36.15114], [-78.94199, 36.15116], [-78.94196, 36.15111], [-78.9418, 36.15105], [-78.94152, 36.15078], [-78.94135, 36.15051], [-78.94119, 36.14984], [-78.94108, 36.14975], [-78.94075, 36.14804], [-78.94069, 36.14695], [-78.94086, 36.14659], [-78.94086, 36.14632], [-78.94097, 36.14623], [-78.94108, 36.14565], [-78.94136, 36.14506], [-78.94136, 36.14488], [-78.94164, 36.14439], [-78.94175, 36.14394], [-78.94207, 36.14335], [-78.94225, 36.14303], [-78.94286, 36.14263], [-78.94292, 36.14231], [-78.94247, 36.14191], [-78.94158, 36.14155], [-78.94108, 36.14155], [-78.94097, 36.14151], [-78.93936, 36.14091], [-78.93786, 36.1397], [-78.93775, 36.13947], [-78.93775, 36.13848], [-78.93764, 36.13821], [-78.93727, 36.13779], [-78.93686, 36.1378], [-78.93675, 36.13771], [-78.93464, 36.13749], [-78.93386, 36.13762], [-78.93342, 36.13794], [-78.93342, 36.13816], [-78.93392, 36.13897], [-78.93408, 36.14001], [-78.93364, 36.14033], [-78.93331, 36.14042], [-78.93303, 36.14037], [-78.93259, 36.14014], [-78.93224, 36.14019], [-78.93175, 36.13996], [-78.93053, 36.13992], [-78.93031, 36.13996], [-78.92936, 36.14064], [-78.92892, 36.14131], [-78.92864, 36.14154], [-78.92856, 36.14156], [-78.92692, 36.14194], [-78.92681, 36.14203], [-78.92492, 36.14235], [-78.92392, 36.14266], [-78.92342, 36.14257], [-78.92269, 36.1423], [-78.92247, 36.1423], [-78.92131, 36.1419], [-78.92124, 36.14189], [-78.92114, 36.14189], [-78.9207, 36.14171], [-78.91964, 36.14171], [-78.91938, 36.14165], [-78.91925, 36.14162], [-78.91792, 36.14153], [-78.91725, 36.14099], [-78.91714, 36.14081], [-78.91659, 36.13914], [-78.91598, 36.1386], [-78.91564, 36.13847], [-78.91531, 36.13847], [-78.9152, 36.13838], [-78.91381, 36.13819], [-78.91325, 36.13851], [-78.91242, 36.13919], [-78.9122, 36.13928], [-78.91136, 36.13919], [-78.91005, 36.13912], [-78.90892, 36.13923], [-78.90842, 36.13909], [-78.90714, 36.13914], [-78.90659, 36.13905], [-78.90575, 36.13901], [-78.90548, 36.139], [-78.90451, 36.13852], [-78.9027, 36.1372], [-78.90198, 36.13661], [-78.9017, 36.13661], [-78.90126, 36.13647], [-78.90115, 36.13638], [-78.90104, 36.13598], [-78.90031, 36.13539], [-78.89948, 36.13498], [-78.89843, 36.13408], [-78.89804, 36.13386], [-78.89732, 36.13395], [-78.89587, 36.13507], [-78.89543, 36.1353], [-78.89498, 36.13566], [-78.8947, 36.13575], [-78.89287, 36.1357], [-78.89254, 36.13561], [-78.89193, 36.13525], [-78.89126, 36.13502], [-78.89048, 36.13498], [-78.89034, 36.13499], [-78.88854, 36.13502], [-78.88798, 36.13516], [-78.8872, 36.13556], [-78.88693, 36.13578], [-78.88643, 36.13601], [-78.88615, 36.13606], [-78.88309, 36.1361], [-78.88176, 36.1361], [-78.88121, 36.13583], [-78.88076, 36.13537], [-78.88076, 36.13488], [-78.88087, 36.13456], [-78.88143, 36.1338], [-78.88204, 36.1333], [-78.88238, 36.1329], [-78.8826, 36.13236], [-78.8826, 36.132], [-78.88261, 36.13199], [-78.88245, 36.13162], [-78.88212, 36.13142], [-78.88175, 36.13146], [-78.88037, 36.13149], [-78.87969, 36.13145], [-78.87899, 36.13129], [-78.87754, 36.13099], [-78.87619, 36.13079], [-78.87565, 36.13067], [-78.87549, 36.13063], [-78.875, 36.13051], [-78.8749, 36.13046], [-78.87473, 36.13039], [-78.87445, 36.13039], [-78.87391, 36.13018], [-78.87329, 36.12958], [-78.87312, 36.12922], [-78.87312, 36.12895], [-78.87362, 36.12822], [-78.87386, 36.12801], [-78.874, 36.12788], [-78.87468, 36.12728], [-78.875, 36.12686], [-78.87528, 36.12648], [-78.87542, 36.12617], [-78.87556, 36.12565], [-78.87564, 36.125], [-78.87561, 36.12491], [-78.87567, 36.12329], [-78.87534, 36.12275], [-78.87534, 36.12221], [-78.87551, 36.12162], [-78.87567, 36.12018], [-78.87612, 36.11892], [-78.87618, 36.11824], [-78.87629, 36.11792], [-78.87673, 36.11739], [-78.87701, 36.11716], [-78.87757, 36.11707], [-78.87818, 36.11662], [-78.8784, 36.11576], [-78.8784, 36.11504], [-78.87818, 36.11482], [-78.87735, 36.11473], [-78.87668, 36.11441], [-78.8764, 36.11441], [-78.87629, 36.11432], [-78.87604, 36.11424], [-78.875, 36.1144], [-78.87464, 36.1144], [-78.87425, 36.11426], [-78.87414, 36.11421], [-78.87328, 36.11381], [-78.8731, 36.11373], [-78.87137, 36.11291], [-78.86987, 36.11232], [-78.8687, 36.11232], [-78.86842, 36.11234], [-78.86687, 36.11245], [-78.8667, 36.11259], [-78.86666, 36.11275], [-78.86664, 36.11281], [-78.86603, 36.11358], [-78.8652, 36.11425], [-78.86464, 36.11457], [-78.86414, 36.11475], [-78.86384, 36.11481], [-78.86331, 36.11493], [-78.86303, 36.11493], [-78.86259, 36.11479], [-78.8617, 36.11416], [-78.8599, 36.11326], [-78.85983, 36.1132], [-78.85974, 36.11311], [-78.8597, 36.11308], [-78.85965, 36.11303], [-78.85848, 36.11208], [-78.85798, 36.11181], [-78.85709, 36.11159], [-78.85632, 36.11159], [-78.85571, 36.11096], [-78.85571, 36.11041], [-78.85549, 36.11023], [-78.85406, 36.10978], [-78.85277, 36.10892], [-78.85205, 36.10834], [-78.85183, 36.10798], [-78.85183, 36.10775], [-78.8521, 36.10753], [-78.85371, 36.10766], [-78.85416, 36.10735], [-78.85449, 36.10654], [-78.8546, 36.10645], [-78.85466, 36.10528], [-78.855, 36.10505], [-78.85554, 36.10483], [-78.85556, 36.10482], [-78.85594, 36.10438], [-78.85594, 36.10352], [-78.85605, 36.10338], [-78.85611, 36.10257], [-78.85633, 36.10181], [-78.85633, 36.10136], [-78.85645, 36.10127], [-78.85645, 36.10077], [-78.85595, 36.09974], [-78.85606, 36.09969], [-78.85545, 36.09888], [-78.85479, 36.09761], [-78.85446, 36.09725], [-78.85446, 36.09698], [-78.85596, 36.09577], [-78.85696, 36.09451], [-78.8574, 36.09379], [-78.85807, 36.09226], [-78.85829, 36.09194], [-78.85846, 36.09181], [-78.85885, 36.09181], [-78.85929, 36.09208], [-78.8599, 36.09208], [-78.86096, 36.09158], [-78.86156, 36.0911], [-78.86135, 36.09055], [-78.86046, 36.08983], [-78.86041, 36.08956], [-78.86052, 36.08929], [-78.86152, 36.08816], [-78.86158, 36.08798], [-78.86186, 36.08775], [-78.86236, 36.08757], [-78.86258, 36.0874], [-78.86258, 36.08695], [-78.86175, 36.08559], [-78.86175, 36.08546], [-78.86153, 36.08519], [-78.86136, 36.08478], [-78.86114, 36.08456], [-78.86097, 36.08446], [-78.86075, 36.08446], [-78.85997, 36.08482], [-78.85936, 36.085], [-78.85836, 36.08509], [-78.85808, 36.08518], [-78.85681, 36.08523], [-78.85664, 36.08518], [-78.85646, 36.08506], [-78.8564, 36.08502], [-78.85631, 36.08491], [-78.85625, 36.08455], [-78.85631, 36.08446], [-78.85703, 36.08401], [-78.85775, 36.08387], [-78.85798, 36.08369], [-78.85803, 36.08329], [-78.85792, 36.08302], [-78.8577, 36.08284], [-78.85765, 36.08279], [-78.85742, 36.08275], [-78.85726, 36.08275], [-78.8562, 36.0832], [-78.85531, 36.08311], [-78.85492, 36.0827], [-78.85465, 36.08198], [-78.85454, 36.08185], [-78.85443, 36.08171], [-78.85415, 36.08112], [-78.8541, 36.08101], [-78.85408, 36.08091], [-78.85404, 36.08083], [-78.8541, 36.08022], [-78.85443, 36.07981], [-78.85465, 36.07937], [-78.85489, 36.07917], [-78.85493, 36.07914], [-78.85521, 36.07909], [-78.85538, 36.07896], [-78.85527, 36.07837], [-78.85538, 36.07812], [-78.8556, 36.07761], [-78.85555, 36.07698], [-78.85516, 36.07657], [-78.8551, 36.07621], [-78.85488, 36.07576], [-78.8546, 36.07553], [-78.85405, 36.07522], [-78.85387, 36.0752], [-78.85355, 36.07517], [-78.85322, 36.07531], [-78.85272, 36.07535], [-78.85211, 36.07562], [-78.85172, 36.07562], [-78.85116, 36.07535], [-78.85061, 36.0749], [-78.85028, 36.07445], [-78.85022, 36.07404], [-78.85011, 36.07386], [-78.85011, 36.0735], [-78.85, 36.07332], [-78.84956, 36.07301], [-78.849, 36.07296], [-78.84889, 36.073], [-78.8485, 36.07332], [-78.84811, 36.07386], [-78.84784, 36.07404], [-78.84767, 36.07404], [-78.84745, 36.07377], [-78.84745, 36.07336], [-78.84778, 36.0726], [-78.84778, 36.07219], [-78.84756, 36.07201], [-78.84634, 36.07142], [-78.8459, 36.07138], [-78.84568, 36.07151], [-78.8454, 36.0721], [-78.84517, 36.07228], [-78.84468, 36.07232], [-78.84429, 36.07205], [-78.84423, 36.07174], [-78.84398, 36.07158], [-78.84384, 36.07169], [-78.84373, 36.07196], [-78.84367, 36.07293], [-78.84362, 36.07385], [-78.84328, 36.07444], [-78.84273, 36.07489], [-78.84178, 36.07547], [-78.84089, 36.07583], [-78.84062, 36.07588], [-78.83912, 36.07583], [-78.83806, 36.07542], [-78.83673, 36.07551], [-78.83618, 36.07569], [-78.8359, 36.07592], [-78.83562, 36.07637], [-78.83556, 36.07704], [-78.83573, 36.07727], [-78.83667, 36.07808], [-78.83706, 36.07871], [-78.83756, 36.07907], [-78.83839, 36.07903], [-78.83983, 36.07858], [-78.84039, 36.07858], [-78.84078, 36.0789], [-78.84066, 36.08002], [-78.84091, 36.08022], [-78.84105, 36.08034], [-78.84133, 36.08043], [-78.84205, 36.08102], [-78.84205, 36.08165], [-78.84141, 36.08221], [-78.84082, 36.08237], [-78.83949, 36.08245], [-78.83883, 36.08268], [-78.83833, 36.083], [-78.83744, 36.08304], [-78.83733, 36.08313], [-78.83705, 36.08313], [-78.83649, 36.08358], [-78.83644, 36.08439], [-78.83582, 36.08484], [-78.83471, 36.08502], [-78.83099, 36.08492], [-78.83033, 36.08519], [-78.83016, 36.08519], [-78.82949, 36.08551], [-78.82888, 36.0856], [-78.82855, 36.08587], [-78.82849, 36.08686], [-78.8286, 36.08731], [-78.82805, 36.08776], [-78.82755, 36.08803], [-78.82718, 36.08814], [-78.82582, 36.08856], [-78.82466, 36.08861], [-78.82405, 36.08847], [-78.82338, 36.08811], [-78.8226, 36.08815], [-78.82233, 36.08838], [-78.82227, 36.08852], [-78.82227, 36.08892], [-78.82249, 36.08937], [-78.82249, 36.08991], [-78.82215, 36.09059], [-78.8221, 36.09126], [-78.82226, 36.0914], [-78.82304, 36.0914], [-78.82388, 36.09104], [-78.8246, 36.09104], [-78.82493, 36.09131], [-78.82487, 36.09172], [-78.82423, 36.09236], [-78.82393, 36.09266], [-78.82348, 36.09347], [-78.82231, 36.09451], [-78.82198, 36.09455], [-78.82159, 36.09487], [-78.8212, 36.09487], [-78.82093, 36.09487], [-78.82076, 36.09487], [-78.82031, 36.09523], [-78.8193, 36.09526], [-78.81898, 36.09527], [-78.81886, 36.09526], [-78.81837, 36.09522], [-78.81787, 36.09518], [-78.8162, 36.09517], [-78.81442, 36.09512], [-78.81328, 36.09509], [-78.81284, 36.09507], [-78.81149, 36.09503], [-78.81032, 36.09485], [-78.80997, 36.0947], [-78.8094, 36.09445], [-78.80902, 36.09428], [-78.80888, 36.09422], [-78.80838, 36.09395], [-78.80738, 36.09313], [-78.80737, 36.09312], [-78.80539, 36.0922], [-78.8049, 36.09198], [-78.80497, 36.09223], [-78.80499, 36.09231], [-78.80504, 36.09258], [-78.80508, 36.09283], [-78.80513, 36.09307], [-78.80518, 36.09336], [-78.80524, 36.09367], [-78.80527, 36.09377], [-78.80531, 36.09389], [-78.80531, 36.0939], [-78.80532, 36.09392], [-78.80511, 36.09403], [-78.80499, 36.09409], [-78.80487, 36.0942], [-78.80484, 36.09423], [-78.8048, 36.0943], [-78.80477, 36.09437], [-78.80475, 36.09441], [-78.80473, 36.09446], [-78.80469, 36.09455], [-78.80468, 36.09496], [-78.80463, 36.09787], [-78.80439, 36.11064], [-78.80435, 36.11268], [-78.80433, 36.11367], [-78.80431, 36.11476], [-78.80429, 36.11576], [-78.80427, 36.11674], [-78.80426, 36.1176], [-78.80424, 36.11864], [-78.80422, 36.11964], [-78.8042, 36.12058], [-78.80419, 36.12154], [-78.80417, 36.12246], [-78.80415, 36.12384], [-78.80414, 36.12425], [-78.80411, 36.12552], [-78.80411, 36.1257], [-78.80409, 36.12691], [-78.80396, 36.13331], [-78.80396, 36.13376], [-78.80392, 36.13558], [-78.8039, 36.1364], [-78.80388, 36.1375], [-78.80388, 36.13779], [-78.80385, 36.13904], [-78.80379, 36.14164], [-78.8038, 36.14197], [-78.80377, 36.14367], [-78.80374, 36.14491], [-78.80373, 36.1457], [-78.80368, 36.14824], [-78.80364, 36.15077], [-78.80363, 36.15096], [-78.80361, 36.15211], [-78.80357, 36.15375], [-78.80352, 36.1564], [-78.80349, 36.15796], [-78.80349, 36.15799], [-78.80346, 36.15956], [-78.80343, 36.16155], [-78.80339, 36.16358], [-78.80335, 36.16575], [-78.80331, 36.16753], [-78.80323, 36.1718], [-78.80312, 36.17716], [-78.80309, 36.17898], [-78.80307, 36.1803], [-78.80303, 36.1824], [-78.80302, 36.1828], [-78.80301, 36.18364], [-78.80299, 36.1847], [-78.80297, 36.18574], [-78.80295, 36.18659], [-78.80294, 36.18695], [-78.80293, 36.18769], [-78.80292, 36.18848], [-78.80291, 36.18971], [-78.80289, 36.19078], [-78.80284, 36.19486], [-78.80283, 36.1952], [-78.80282, 36.19654], [-78.80271, 36.20398], [-78.80271, 36.2047], [-78.80264, 36.20831], [-78.80252, 36.21349], [-78.8025, 36.21403], [-78.80242, 36.21774], [-78.80238, 36.21938], [-78.80236, 36.22024], [-78.80235, 36.22073], [-78.80234, 36.22524], [-78.80234, 36.22638], [-78.80234, 36.22799], [-78.80234, 36.2304], [-78.80234, 36.23077], [-78.80234, 36.23325], [-78.80234, 36.23406], [-78.80233, 36.23579], [-78.80352, 36.23584], [-78.80645, 36.23595], [-78.8074, 36.23598], [-78.81057, 36.2361], [-78.81209, 36.23615], [-78.81324, 36.2362], [-78.816, 36.2363], [-78.8162, 36.23631], [-78.81694, 36.23633], [-78.81854, 36.2364], [-78.8191, 36.23642], [-78.81936, 36.23642], [-78.81961, 36.23643], [-78.82331, 36.23657], [-78.82595, 36.23666], [-78.82683, 36.2367], [-78.82807, 36.23674], [-78.82929, 36.23678], [-78.83139, 36.23683], [-78.83197, 36.23682], [-78.83205, 36.23682], [-78.83214, 36.23682], [-78.83281, 36.23683], [-78.8334, 36.23684], [-78.83577, 36.23689], [-78.83869, 36.23694], [-78.84267, 36.23701], [-78.84381, 36.23704], [-78.84698, 36.2371], [-78.85091, 36.23717], [-78.85181, 36.23719], [-78.85654, 36.23728], [-78.85792, 36.23731], [-78.86007, 36.23736], [-78.86187, 36.2374], [-78.86358, 36.23745], [-78.86386, 36.23745], [-78.86713, 36.23753], [-78.86838, 36.23756], [-78.86887, 36.23757], [-78.87041, 36.23761], [-78.87198, 36.23764], [-78.87261, 36.23766], [-78.8746, 36.23771], [-78.87473, 36.23771], [-78.87495, 36.23772], [-78.8754, 36.23773], [-78.87575, 36.23773], [-78.87581, 36.23774], [-78.87611, 36.23774], [-78.87675, 36.23776], [-78.87743, 36.23777], [-78.87806, 36.23779], [-78.87869, 36.2378], [-78.87919, 36.23782], [-78.87938, 36.23782], [-78.87974, 36.23783], [-78.88023, 36.23784], [-78.88099, 36.23786], [-78.88105, 36.23786], [-78.88147, 36.23787], [-78.88233, 36.23789], [-78.8829, 36.2379], [-78.88295, 36.2379], [-78.88337, 36.23792], [-78.88384, 36.23793], [-78.88453, 36.23794], [-78.885, 36.23795], [-78.88567, 36.23797], [-78.88848, 36.23803], [-78.88861, 36.23804], [-78.88868, 36.23804], [-78.88871, 36.23804], [-78.88906, 36.23805], [-78.8892, 36.23805], [-78.8896, 36.23806], [-78.89002, 36.23807], [-78.89045, 36.23808], [-78.89079, 36.23809], [-78.89104, 36.2381], [-78.8913, 36.2381], [-78.89156, 36.23811], [-78.8918, 36.23811], [-78.89183, 36.23811], [-78.89305, 36.23814], [-78.90523, 36.23843], [-78.90549, 36.23843], [-78.90571, 36.23844], [-78.90587, 36.23844], [-78.90614, 36.23846], [-78.90646, 36.23846], [-78.90853, 36.2385], [-78.91161, 36.23856], [-78.91319, 36.23859], [-78.9182, 36.23869], [-78.91887, 36.2387], [-78.91966, 36.23872], [-78.92126, 36.23875], [-78.92282, 36.23878], [-78.92458, 36.23881], [-78.92736, 36.23886], [-78.92908, 36.2389], [-78.93003, 36.23892], [-78.93253, 36.23897], [-78.93259, 36.23897], [-78.93294, 36.23898], [-78.93392, 36.239], [-78.93397, 36.23901], [-78.9346, 36.23903], [-78.93661, 36.23908], [-78.93708, 36.23909], [-78.93843, 36.23911], [-78.93867, 36.23911], [-78.93939, 36.23912], [-78.94034, 36.23913], [-78.94136, 36.23915], [-78.94209, 36.23916], [-78.94408, 36.23919], [-78.94465, 36.2392], [-78.94522, 36.2392], [-78.94582, 36.23923], [-78.94855, 36.23928], [-78.94925, 36.23929], [-78.9506, 36.23932], [-78.95064, 36.23905], [-78.95075, 36.2384], [-78.95082, 36.238], [-78.95122, 36.23578], [-78.95216, 36.23041], [-78.95229, 36.22969], [-78.9525, 36.22851], [-78.95262, 36.2278], [-78.95275, 36.22707], [-78.95283, 36.22664], [-78.95298, 36.22576], [-78.95304, 36.22546], [-78.95306, 36.2253], [-78.95323, 36.22435], [-78.95372, 36.22155], [-78.95427, 36.21847], [-78.95431, 36.21823], [-78.95597, 36.20887], [-78.95672, 36.20455], [-78.95757, 36.19976], [-78.95773, 36.19888], [-78.95806, 36.19698], [-78.95813, 36.19642], [-78.95991, 36.18626], [-78.96044, 36.18325], [-78.96131, 36.17824], [-78.96368, 36.16474], [-78.96394, 36.16322], [-78.96436, 36.16087], [-78.96454, 36.15977], [-78.9653, 36.15551], [-78.96605, 36.1512], [-78.96617, 36.15057], [-78.96628, 36.14988], [-78.96637, 36.14941], [-78.96692, 36.14623], [-78.96743, 36.14331]]]}}, {"type": "Feature", "properties": {"tract_id": "37063001503", "name": "Census Tract 15.03", "pct_white_2020": 48.7, "pct_black_2020": 12.4, "pct_hispanic_2020": 8.2, "pct_asian_2020": 28.4, "population_2020": 1750}, "geometry": {"type": "Polygon", "coordinates": [[[-78.91982, 36.00594], [-78.91984, 36.00558], [-78.91957, 36.00547], [-78.91922, 36.00531], [-78.91858, 36.00499], [-78.91677, 36.00405], [-78.91667, 36.00401], [-78.91659, 36.00396], [-78.91523, 36.00325], [-78.9148, 36.003], [-78.91464, 36.00292], [-78.91446, 36.00279], [-78.91426, 36.00263], [-78.91398, 36.0024], [-78.91385, 36.00228], [-78.91349, 36.00192], [-78.91336, 36.00178], [-78.91332, 36.00187], [-78.91329, 36.00193], [-78.91321, 36.00203], [-78.91293, 36.00233], [-78.91281, 36.00245], [-78.91274, 36.00254], [-78.91267, 36.00264], [-78.91262, 36.00274], [-78.91261, 36.00275], [-78.91257, 36.00286], [-78.91253, 36.00297], [-78.91251, 36.00309], [-78.91249, 36.00345], [-78.91246, 36.00396], [-78.91243, 36.00448], [-78.91239, 36.00499], [-78.91236, 36.00553], [-78.91228, 36.00665], [-78.91224, 36.00716], [-78.91221, 36.00768], [-78.9122, 36.00791], [-78.91222, 36.00809], [-78.91223, 36.00818], [-78.91225, 36.00828], [-78.91228, 36.00837], [-78.91234, 36.00854], [-78.91239, 36.00873], [-78.91241, 36.00885], [-78.91241, 36.00894], [-78.91241, 36.00916], [-78.91237, 36.00958], [-78.91236, 36.00966], [-78.91242, 36.00965], [-78.91292, 36.00967], [-78.91348, 36.00969], [-78.91374, 36.00969], [-78.91413, 36.00971], [-78.91474, 36.00973], [-78.91535, 36.00975], [-78.91548, 36.00976], [-78.91595, 36.00978], [-78.91718, 36.00983], [-78.91777, 36.00985], [-78.9184, 36.00987], [-78.91897, 36.0099], [-78.91959, 36.00993], [-78.91961, 36.00957], [-78.91968, 36.00853], [-78.91974, 36.00746], [-78.91982, 36.00594]]]}}, {"type": "Feature", "properties": {"tract_id": "37063000101", "name": "Census Tract 1.01", "pct_white_2020": 31.4, "pct_black_2020": 54.0, "pct_hispanic_2020": 10.3, "pct_asian_2020": 0.6, "population_2020": 3845}, "geometry": {"type": "Polygon", "coordinates": [[[-78.89489, 36.02991], [-78.89481, 36.02953], [-78.89466, 36.02898], [-78.89461, 36.02873], [-78.89318, 36.02893], [-78.89311, 36.02856], [-78.89302, 36.02814], [-78.893, 36.02789], [-78.89298, 36.02759], [-78.8929, 36.02647], [-78.89282, 36.02523], [-78.89281, 36.02512], [-78.89273, 36.02475], [-78.89255, 36.02387], [-78.89251, 36.02351], [-78.89253, 36.02319], [-78.89254, 36.02264], [-78.89256, 36.02215], [-78.89258, 36.02164], [-78.89263, 36.01975], [-78.89268, 36.01857], [-78.89225, 36.01856], [-78.89228, 36.01809], [-78.89229, 36.01747], [-78.89232, 36.01636], [-78.89191, 36.01636], [-78.89124, 36.01635], [-78.89031, 36.01632], [-78.8901, 36.01631], [-78.89021, 36.01588], [-78.89025, 36.01574], [-78.89032, 36.01545], [-78.89039, 36.01516], [-78.89042, 36.01502], [-78.89047, 36.0148], [-78.89, 36.01467], [-78.88989, 36.01464], [-78.88949, 36.01455], [-78.88929, 36.01451], [-78.88904, 36.01447], [-78.88857, 36.0144], [-78.88822, 36.01436], [-78.88787, 36.01433], [-78.88757, 36.0143], [-78.88736, 36.01429], [-78.88458, 36.01411], [-78.8839, 36.01406], [-78.87794, 36.01361], [-78.87723, 36.01356], [-78.87712, 36.0136], [-78.87675, 36.0136], [-78.87573, 36.01358], [-78.87546, 36.01357], [-78.8755, 36.01421], [-78.87552, 36.01446], [-78.87554, 36.01475], [-78.87556, 36.01514], [-78.87557, 36.0155], [-78.87555, 36.01575], [-78.87552, 36.01598], [-78.87538, 36.01679], [-78.87512, 36.01816], [-78.87493, 36.01913], [-78.87484, 36.01961], [-78.87469, 36.02044], [-78.87417, 36.02316], [-78.87411, 36.02348], [-78.87389, 36.02466], [-78.87366, 36.0259], [-78.87541, 36.02654], [-78.87867, 36.02773], [-78.87871, 36.02785], [-78.87872, 36.0279], [-78.87877, 36.02797], [-78.87879, 36.02801], [-78.87884, 36.02807], [-78.87889, 36.02813], [-78.87894, 36.02817], [-78.87906, 36.02825], [-78.87913, 36.02828], [-78.87908, 36.02849], [-78.87902, 36.02872], [-78.87895, 36.02883], [-78.87893, 36.02888], [-78.8789, 36.02894], [-78.87887, 36.029], [-78.87884, 36.02905], [-78.87869, 36.02919], [-78.87812, 36.02971], [-78.87795, 36.02987], [-78.8779, 36.02993], [-78.87787, 36.02997], [-78.87779, 36.03014], [-78.87777, 36.0302], [-78.87776, 36.03025], [-78.87775, 36.03036], [-78.87776, 36.03046], [-78.87779, 36.03057], [-78.87781, 36.03064], [-78.87785, 36.03072], [-78.87789, 36.03078], [-78.87807, 36.031], [-78.87817, 36.03114], [-78.87822, 36.03123], [-78.87824, 36.03128], [-78.87827, 36.03138], [-78.87827, 36.03158], [-78.87826, 36.0317], [-78.87823, 36.03195], [-78.87819, 36.03218], [-78.87801, 36.03342], [-78.87854, 36.03347], [-78.87977, 36.03359], [-78.88072, 36.03368], [-78.88113, 36.03372], [-78.8837, 36.03397], [-78.88351, 36.03524], [-78.88515, 36.0354], [-78.88546, 36.03543], [-78.88696, 36.03541], [-78.88755, 36.0354], [-78.88923, 36.0354], [-78.88939, 36.0354], [-78.88946, 36.0354], [-78.88954, 36.03541], [-78.88961, 36.03543], [-78.88967, 36.03545], [-78.88972, 36.03549], [-78.88978, 36.03556], [-78.88987, 36.03572], [-78.89028, 36.03559], [-78.89119, 36.03528], [-78.89154, 36.03516], [-78.89232, 36.03489], [-78.89208, 36.03471], [-78.89195, 36.03462], [-78.89186, 36.03453], [-78.89175, 36.03442], [-78.89168, 36.03434], [-78.89154, 36.03417], [-78.89146, 36.03407], [-78.89131, 36.03383], [-78.89126, 36.03374], [-78.89114, 36.03336], [-78.89103, 36.03285], [-78.89078, 36.03169], [-78.89143, 36.03159], [-78.89223, 36.03148], [-78.89283, 36.0314], [-78.89364, 36.03128], [-78.89366, 36.03121], [-78.89358, 36.03086], [-78.89343, 36.03011], [-78.89489, 36.02991]]]}}, {"type": "Feature", "properties": {"tract_id": "37063002007", "name": "Census Tract 20.07", "pct_white_2020": 55.9, "pct_black_2020": 36.0, "pct_hispanic_2020": 6.6, "pct_asian_2020": 0.9, "population_2020": 5036}, "geometry": {"type": "Polygon", "coordinates": [[[-78.96129, 35.91895], [-78.96136, 35.91887], [-78.9609, 35.91895], [-78.9603, 35.91907], [-78.96007, 35.91913], [-78.95997, 35.91915], [-78.95962, 35.91922], [-78.95938, 35.91927], [-78.95883, 35.91938], [-78.95863, 35.91942], [-78.95841, 35.91945], [-78.95816, 35.91949], [-78.95769, 35.91954], [-78.95758, 35.91954], [-78.95745, 35.91955], [-78.95728, 35.91954], [-78.95706, 35.91949], [-78.95679, 35.91945], [-78.9564, 35.91935], [-78.95629, 35.91932], [-78.95614, 35.91926], [-78.95591, 35.91919], [-78.95565, 35.91908], [-78.95548, 35.919], [-78.95535, 35.91892], [-78.9551, 35.91879], [-78.95472, 35.91859], [-78.9547, 35.91864], [-78.95455, 35.91897], [-78.95441, 35.91921], [-78.95423, 35.91959], [-78.95416, 35.9197], [-78.95405, 35.91985], [-78.95403, 35.91987], [-78.95393, 35.92004], [-78.95389, 35.92016], [-78.95376, 35.92041], [-78.9536, 35.9206], [-78.95334, 35.92103], [-78.953, 35.92154], [-78.95291, 35.92167], [-78.95287, 35.92177], [-78.95286, 35.92198], [-78.95281, 35.92207], [-78.95269, 35.92216], [-78.95265, 35.92221], [-78.95262, 35.92227], [-78.95259, 35.92237], [-78.95256, 35.92241], [-78.95254, 35.92248], [-78.95245, 35.92258], [-78.95244, 35.9226], [-78.9524, 35.92261], [-78.95234, 35.92265], [-78.95231, 35.92267], [-78.95226, 35.92267], [-78.95221, 35.92269], [-78.95202, 35.92266], [-78.95194, 35.92269], [-78.95186, 35.9227], [-78.95179, 35.92273], [-78.95156, 35.92277], [-78.95142, 35.92275], [-78.95111, 35.92273], [-78.95093, 35.92273], [-78.95074, 35.92272], [-78.95038, 35.92272], [-78.9502, 35.92273], [-78.94975, 35.92277], [-78.94963, 35.92279], [-78.94902, 35.92296], [-78.94869, 35.92308], [-78.94849, 35.92317], [-78.94841, 35.92322], [-78.94838, 35.92324], [-78.94811, 35.92341], [-78.948, 35.92346], [-78.94791, 35.92354], [-78.94784, 35.92361], [-78.94774, 35.92372], [-78.94758, 35.92397], [-78.94748, 35.92413], [-78.94748, 35.92415], [-78.9475, 35.92416], [-78.94759, 35.92419], [-78.94766, 35.92422], [-78.94767, 35.92425], [-78.94768, 35.92428], [-78.94768, 35.92432], [-78.94767, 35.92437], [-78.94765, 35.92445], [-78.94759, 35.92459], [-78.94749, 35.92489], [-78.94736, 35.92511], [-78.94729, 35.92516], [-78.94721, 35.92521], [-78.94717, 35.92523], [-78.94713, 35.92523], [-78.94704, 35.92531], [-78.94701, 35.92535], [-78.947, 35.92538], [-78.947, 35.9254], [-78.94701, 35.92542], [-78.94703, 35.92545], [-78.94715, 35.92552], [-78.94723, 35.92558], [-78.94731, 35.9257], [-78.94734, 35.92577], [-78.94736, 35.92588], [-78.94734, 35.92608], [-78.94728, 35.92614], [-78.94723, 35.92615], [-78.94627, 35.92658], [-78.94603, 35.92669], [-78.9454, 35.92705], [-78.94511, 35.9272], [-78.94503, 35.92724], [-78.94485, 35.92732], [-78.94476, 35.92738], [-78.94474, 35.92757], [-78.94471, 35.92767], [-78.94472, 35.92776], [-78.94472, 35.92785], [-78.94475, 35.92805], [-78.94474, 35.92814], [-78.94472, 35.92823], [-78.94472, 35.92837], [-78.94463, 35.92868], [-78.94462, 35.92879], [-78.94449, 35.92923], [-78.94445, 35.92932], [-78.9444, 35.92946], [-78.94437, 35.92959], [-78.94437, 35.92977], [-78.94434, 35.92983], [-78.94427, 35.92992], [-78.94421, 35.93001], [-78.94419, 35.93011], [-78.94418, 35.93021], [-78.94411, 35.93046], [-78.94405, 35.93063], [-78.94395, 35.93085], [-78.94387, 35.93096], [-78.94378, 35.93128], [-78.94377, 35.93142], [-78.94373, 35.93154], [-78.94359, 35.93183], [-78.94346, 35.93216], [-78.94334, 35.93235], [-78.9433, 35.93243], [-78.94324, 35.93242], [-78.94314, 35.93238], [-78.94295, 35.93226], [-78.94285, 35.93222], [-78.94276, 35.93218], [-78.94273, 35.93218], [-78.9427, 35.93219], [-78.94257, 35.93225], [-78.94252, 35.93229], [-78.94247, 35.93236], [-78.94244, 35.93241], [-78.94242, 35.93247], [-78.94242, 35.93254], [-78.94243, 35.93257], [-78.94248, 35.9327], [-78.94251, 35.9328], [-78.9425, 35.93284], [-78.94247, 35.93292], [-78.94238, 35.93303], [-78.94236, 35.93309], [-78.94235, 35.93316], [-78.94237, 35.93329], [-78.94231, 35.93337], [-78.94223, 35.93339], [-78.94215, 35.93342], [-78.94211, 35.93345], [-78.94207, 35.93354], [-78.94208, 35.93358], [-78.9421, 35.93366], [-78.94215, 35.93383], [-78.94224, 35.93405], [-78.94228, 35.93408], [-78.94234, 35.93411], [-78.94241, 35.93411], [-78.94249, 35.93416], [-78.94253, 35.93422], [-78.94257, 35.93428], [-78.94262, 35.93434], [-78.94264, 35.93438], [-78.94266, 35.9344], [-78.9427, 35.93441], [-78.94277, 35.93442], [-78.94282, 35.93444], [-78.94285, 35.93449], [-78.94285, 35.93455], [-78.94285, 35.9346], [-78.9428, 35.9347], [-78.94277, 35.93479], [-78.94274, 35.93486], [-78.9427, 35.93493], [-78.94267, 35.93498], [-78.94255, 35.93521], [-78.9425, 35.93531], [-78.9424, 35.93547], [-78.94228, 35.93567], [-78.94219, 35.93583], [-78.94208, 35.9361], [-78.942, 35.93621], [-78.94195, 35.93627], [-78.94189, 35.93629], [-78.94187, 35.93629], [-78.94183, 35.93627], [-78.94179, 35.93621], [-78.94178, 35.93618], [-78.94174, 35.93606], [-78.94168, 35.93601], [-78.94166, 35.93599], [-78.94163, 35.93597], [-78.94158, 35.93597], [-78.94154, 35.93601], [-78.94153, 35.93603], [-78.94152, 35.93607], [-78.94151, 35.9361], [-78.94148, 35.93617], [-78.94138, 35.93626], [-78.94136, 35.93628], [-78.94136, 35.93631], [-78.94137, 35.93634], [-78.94141, 35.93639], [-78.94148, 35.93645], [-78.94152, 35.9365], [-78.94153, 35.93653], [-78.94151, 35.93657], [-78.94148, 35.93661], [-78.94145, 35.93663], [-78.94142, 35.93664], [-78.94131, 35.93666], [-78.94114, 35.93668], [-78.94108, 35.9367], [-78.94104, 35.93672], [-78.94101, 35.93674], [-78.94099, 35.93676], [-78.94097, 35.93679], [-78.94095, 35.93683], [-78.94094, 35.93685], [-78.94094, 35.93688], [-78.94097, 35.93695], [-78.94103, 35.93708], [-78.94105, 35.93712], [-78.94107, 35.93726], [-78.94108, 35.93728], [-78.94107, 35.93731], [-78.94101, 35.93732], [-78.94093, 35.93733], [-78.9409, 35.93733], [-78.94068, 35.93735], [-78.94064, 35.93737], [-78.9406, 35.9374], [-78.9406, 35.93744], [-78.94061, 35.93751], [-78.94067, 35.93763], [-78.94069, 35.93772], [-78.9407, 35.93781], [-78.9407, 35.93789], [-78.94068, 35.93793], [-78.94051, 35.93807], [-78.94043, 35.93812], [-78.94003, 35.93845], [-78.93997, 35.93849], [-78.93986, 35.93858], [-78.93936, 35.93893], [-78.93921, 35.93908], [-78.93916, 35.9392], [-78.93916, 35.93927], [-78.93918, 35.93933], [-78.93927, 35.9395], [-78.93934, 35.9397], [-78.93934, 35.93977], [-78.93933, 35.93981], [-78.93931, 35.93984], [-78.93928, 35.93987], [-78.93923, 35.9399], [-78.93915, 35.93995], [-78.93905, 35.94003], [-78.93899, 35.94008], [-78.93882, 35.94023], [-78.93866, 35.94034], [-78.93848, 35.94042], [-78.93839, 35.94048], [-78.93837, 35.94049], [-78.93831, 35.94055], [-78.93822, 35.9406], [-78.93816, 35.94066], [-78.93805, 35.9408], [-78.93797, 35.9409], [-78.93792, 35.94094], [-78.93774, 35.94102], [-78.93763, 35.94105], [-78.93718, 35.94108], [-78.93703, 35.94112], [-78.93695, 35.94118], [-78.93693, 35.94121], [-78.93686, 35.94139], [-78.93683, 35.94143], [-78.93679, 35.94153], [-78.93673, 35.94162], [-78.93668, 35.94166], [-78.93662, 35.94169], [-78.93651, 35.94172], [-78.93641, 35.94173], [-78.9363, 35.94177], [-78.93621, 35.9418], [-78.93616, 35.94184], [-78.93611, 35.94189], [-78.93608, 35.94193], [-78.93603, 35.94208], [-78.93602, 35.94213], [-78.93602, 35.94219], [-78.93601, 35.94225], [-78.93602, 35.9423], [-78.93599, 35.94253], [-78.93597, 35.9426], [-78.93595, 35.94262], [-78.93589, 35.94268], [-78.93575, 35.94274], [-78.93554, 35.94291], [-78.93541, 35.943], [-78.93531, 35.94307], [-78.93526, 35.94313], [-78.93514, 35.94333], [-78.93504, 35.94348], [-78.93488, 35.94366], [-78.93478, 35.94381], [-78.9347, 35.94389], [-78.9346, 35.94396], [-78.93445, 35.94404], [-78.93406, 35.94422], [-78.93394, 35.94428], [-78.93382, 35.94435], [-78.93375, 35.94441], [-78.93329, 35.94474], [-78.93319, 35.9448], [-78.9331, 35.94484], [-78.93299, 35.94489], [-78.93291, 35.94493], [-78.93285, 35.94496], [-78.93274, 35.945], [-78.93254, 35.94507], [-78.93245, 35.94513], [-78.93238, 35.94519], [-78.93234, 35.94524], [-78.93227, 35.94529], [-78.93212, 35.94545], [-78.93191, 35.94562], [-78.93183, 35.94571], [-78.93159, 35.94592], [-78.9315, 35.94597], [-78.93136, 35.94602], [-78.93121, 35.94606], [-78.93106, 35.94611], [-78.93097, 35.94613], [-78.93089, 35.94618], [-78.93081, 35.94622], [-78.9307, 35.94628], [-78.93048, 35.94644], [-78.93034, 35.94653], [-78.93023, 35.94656], [-78.93014, 35.94658], [-78.92986, 35.94665], [-78.92971, 35.94669], [-78.9296, 35.94675], [-78.92952, 35.94681], [-78.92948, 35.94685], [-78.92946, 35.94688], [-78.92948, 35.94689], [-78.9295, 35.94691], [-78.92965, 35.94696], [-78.92968, 35.94699], [-78.9297, 35.94704], [-78.92969, 35.94706], [-78.92968, 35.94708], [-78.92965, 35.94712], [-78.92962, 35.94714], [-78.92959, 35.94717], [-78.92954, 35.9472], [-78.92945, 35.94726], [-78.9293, 35.9474], [-78.92918, 35.94753], [-78.92905, 35.94767], [-78.92891, 35.94785], [-78.9288, 35.94796], [-78.92875, 35.94803], [-78.92871, 35.94809], [-78.92866, 35.94824], [-78.92858, 35.94843], [-78.92852, 35.9485], [-78.92851, 35.94852], [-78.92846, 35.94858], [-78.92842, 35.94866], [-78.9284, 35.94873], [-78.92839, 35.94884], [-78.92839, 35.94886], [-78.92839, 35.94896], [-78.92837, 35.94907], [-78.92834, 35.94915], [-78.92828, 35.94927], [-78.9282, 35.94936], [-78.92815, 35.94943], [-78.9281, 35.94957], [-78.92807, 35.94963], [-78.92802, 35.94967], [-78.92787, 35.94974], [-78.92783, 35.94978], [-78.9278, 35.94982], [-78.9278, 35.94985], [-78.92776, 35.95011], [-78.92773, 35.95016], [-78.92769, 35.95021], [-78.92766, 35.95024], [-78.92762, 35.95027], [-78.92754, 35.95036], [-78.92751, 35.95041], [-78.92748, 35.95048], [-78.92745, 35.95051], [-78.92736, 35.95067], [-78.92729, 35.95082], [-78.92728, 35.95087], [-78.92722, 35.95098], [-78.92716, 35.95105], [-78.92709, 35.95114], [-78.92702, 35.95119], [-78.9268, 35.95136], [-78.92664, 35.95151], [-78.92647, 35.9516], [-78.92632, 35.95169], [-78.92603, 35.95183], [-78.92593, 35.95187], [-78.9256, 35.95202], [-78.92523, 35.95213], [-78.92499, 35.95214], [-78.9248, 35.95214], [-78.92441, 35.95217], [-78.92426, 35.9522], [-78.92407, 35.95226], [-78.92395, 35.95231], [-78.92383, 35.95237], [-78.9237, 35.95245], [-78.92362, 35.95252], [-78.92358, 35.95258], [-78.92351, 35.95268], [-78.92347, 35.95276], [-78.92341, 35.95302], [-78.92341, 35.95331], [-78.92343, 35.95347], [-78.92351, 35.9538], [-78.92351, 35.95382], [-78.92368, 35.95394], [-78.92376, 35.95404], [-78.92384, 35.95419], [-78.92386, 35.95425], [-78.92386, 35.95433], [-78.92386, 35.95439], [-78.92382, 35.95448], [-78.9237, 35.95475], [-78.92365, 35.9549], [-78.92362, 35.95504], [-78.92362, 35.95552], [-78.92363, 35.95567], [-78.92371, 35.95605], [-78.92378, 35.9563], [-78.92386, 35.95649], [-78.92397, 35.95676], [-78.92411, 35.95708], [-78.9243, 35.95757], [-78.92451, 35.95823], [-78.92455, 35.95837], [-78.92462, 35.95856], [-78.92466, 35.95869], [-78.9247, 35.95878], [-78.92472, 35.95884], [-78.92476, 35.95892], [-78.92487, 35.95905], [-78.92478, 35.9591], [-78.92474, 35.95913], [-78.92469, 35.95917], [-78.92464, 35.95922], [-78.9246, 35.95926], [-78.92468, 35.95947], [-78.92478, 35.95973], [-78.92492, 35.96034], [-78.92505, 35.96099], [-78.92536, 35.96276], [-78.92559, 35.96401], [-78.92548, 35.96402], [-78.92482, 35.96411], [-78.92292, 35.96409], [-78.92293, 35.96426], [-78.92292, 35.96434], [-78.92282, 35.96475], [-78.92241, 35.96643], [-78.9223, 35.96688], [-78.92227, 35.96694], [-78.92223, 35.967], [-78.92219, 35.96703], [-78.92346, 35.96781], [-78.9246, 35.96853], [-78.92549, 35.96909], [-78.92585, 35.9693], [-78.92733, 35.97018], [-78.92739, 35.97022], [-78.92885, 35.97099], [-78.92927, 35.97089], [-78.92982, 35.97076], [-78.93225, 35.97021], [-78.93242, 35.97016], [-78.93243, 35.96902], [-78.93243, 35.96893], [-78.93245, 35.96827], [-78.93251, 35.9668], [-78.93301, 35.96682], [-78.93389, 35.96684], [-78.93506, 35.96686], [-78.93507, 35.96666], [-78.93508, 35.96652], [-78.93508, 35.96603], [-78.93573, 35.96606], [-78.93659, 35.96609], [-78.93664, 35.96495], [-78.93665, 35.96473], [-78.93716, 35.96476], [-78.93821, 35.96482], [-78.93888, 35.96487], [-78.94006, 35.96495], [-78.94013, 35.96349], [-78.94017, 35.96279], [-78.94021, 35.96168], [-78.94022, 35.96145], [-78.94026, 35.96089], [-78.94086, 35.96092], [-78.941, 35.96092], [-78.9413, 35.9609], [-78.94137, 35.96089], [-78.94145, 35.96088], [-78.94152, 35.96089], [-78.94222, 35.96094], [-78.94238, 35.96095], [-78.9426, 35.96095], [-78.94314, 35.96096], [-78.94335, 35.96098], [-78.94369, 35.96104], [-78.94382, 35.96107], [-78.94433, 35.96105], [-78.94449, 35.96104], [-78.94503, 35.96107], [-78.94611, 35.9611], [-78.94684, 35.96111], [-78.94757, 35.96113], [-78.94759, 35.95998], [-78.94762, 35.95862], [-78.94764, 35.95843], [-78.94765, 35.95836], [-78.94767, 35.9583], [-78.94772, 35.95816], [-78.94778, 35.95807], [-78.94787, 35.95794], [-78.94791, 35.95788], [-78.94796, 35.95784], [-78.94814, 35.95768], [-78.94823, 35.95762], [-78.94839, 35.95753], [-78.94854, 35.95746], [-78.9486, 35.95744], [-78.94873, 35.9574], [-78.94907, 35.95733], [-78.94913, 35.95732], [-78.94968, 35.95727], [-78.94969, 35.95702], [-78.94968, 35.95695], [-78.94965, 35.95682], [-78.94932, 35.956], [-78.94897, 35.95509], [-78.94879, 35.95462], [-78.94867, 35.95424], [-78.94862, 35.954], [-78.94861, 35.95387], [-78.94863, 35.95338], [-78.94866, 35.95248], [-78.94867, 35.95231], [-78.9487, 35.95214], [-78.94874, 35.95196], [-78.94877, 35.95191], [-78.9488, 35.95188], [-78.94889, 35.95184], [-78.94904, 35.9518], [-78.94912, 35.95178], [-78.94904, 35.95172], [-78.94894, 35.95162], [-78.94861, 35.95133], [-78.94806, 35.95135], [-78.94471, 35.95132], [-78.94384, 35.95131], [-78.94215, 35.95134], [-78.94131, 35.95129], [-78.94091, 35.95128], [-78.93959, 35.95126], [-78.93806, 35.95125], [-78.93815, 35.95109], [-78.93888, 35.94974], [-78.93896, 35.9496], [-78.93909, 35.94941], [-78.93928, 35.94914], [-78.93949, 35.9489], [-78.93966, 35.94873], [-78.94077, 35.94771], [-78.94191, 35.94665], [-78.94215, 35.94642], [-78.94228, 35.9463], [-78.9425, 35.94606], [-78.94258, 35.94597], [-78.94268, 35.94584], [-78.94284, 35.94559], [-78.94296, 35.94539], [-78.94298, 35.94535], [-78.94311, 35.94507], [-78.94315, 35.94497], [-78.9432, 35.94485], [-78.94324, 35.94472], [-78.9433, 35.94446], [-78.94333, 35.94434], [-78.94358, 35.94299], [-78.94373, 35.94217], [-78.94389, 35.94126], [-78.94396, 35.94102], [-78.944, 35.94089], [-78.94411, 35.94062], [-78.9442, 35.94042], [-78.94425, 35.94032], [-78.94444, 35.93994], [-78.94448, 35.93984], [-78.94459, 35.93953], [-78.94464, 35.93932], [-78.94471, 35.93895], [-78.94488, 35.93803], [-78.94491, 35.93791], [-78.94495, 35.93778], [-78.94498, 35.9377], [-78.94508, 35.93747], [-78.94518, 35.9373], [-78.94529, 35.93713], [-78.94536, 35.93705], [-78.94555, 35.93683], [-78.94567, 35.93672], [-78.94587, 35.93656], [-78.9461, 35.9364], [-78.94667, 35.93606], [-78.94834, 35.93508], [-78.94852, 35.93497], [-78.94875, 35.93482], [-78.94908, 35.93461], [-78.94951, 35.93433], [-78.94979, 35.93414], [-78.95014, 35.93387], [-78.95028, 35.93375], [-78.95039, 35.93364], [-78.95048, 35.93356], [-78.95059, 35.93344], [-78.95067, 35.93335], [-78.95072, 35.9333], [-78.95086, 35.9331], [-78.95105, 35.93281], [-78.95112, 35.93268], [-78.95119, 35.93256], [-78.95122, 35.93251], [-78.95151, 35.93198], [-78.95163, 35.93176], [-78.95174, 35.93155], [-78.95187, 35.93133], [-78.95189, 35.93131], [-78.95203, 35.93104], [-78.95206, 35.93098], [-78.95215, 35.93084], [-78.95232, 35.93049], [-78.95247, 35.93012], [-78.9526, 35.9298], [-78.95265, 35.92969], [-78.95278, 35.92934], [-78.95303, 35.92873], [-78.95313, 35.92848], [-78.95327, 35.92813], [-78.95331, 35.92803], [-78.95342, 35.92779], [-78.9535, 35.92759], [-78.95357, 35.92743], [-78.95361, 35.92737], [-78.95371, 35.92718], [-78.95392, 35.92687], [-78.95409, 35.92661], [-78.95489, 35.9255], [-78.95505, 35.92527], [-78.95514, 35.92516], [-78.95531, 35.92491], [-78.95547, 35.92468], [-78.95576, 35.92428], [-78.95609, 35.92378], [-78.95622, 35.92358], [-78.95637, 35.92335], [-78.95641, 35.9233], [-78.95673, 35.92284], [-78.95678, 35.92278], [-78.95701, 35.92251], [-78.95722, 35.92228], [-78.95743, 35.9221], [-78.95749, 35.92206], [-78.95769, 35.9219], [-78.95795, 35.92168], [-78.9586, 35.92117], [-78.9597, 35.92025], [-78.96066, 35.91946], [-78.96097, 35.91922], [-78.96129, 35.91895]]]}}, {"type": "Feature", "properties": {"tract_id": "37063002009", "name": "Census Tract 20.09", "pct_white_2020": 4.0, "pct_black_2020": 71.3, "pct_hispanic_2020": 18.1, "pct_asian_2020": 0.7, "population_2020": 4943}, "geometry": {"type": "Polygon", "coordinates": [[[-78.92871, 35.94809], [-78.92875, 35.94803], [-78.92851, 35.94811], [-78.9282, 35.94818], [-78.92799, 35.94821], [-78.92781, 35.94823], [-78.92756, 35.94824], [-78.92743, 35.94826], [-78.92712, 35.94826], [-78.92688, 35.94823], [-78.92666, 35.94818], [-78.92645, 35.94813], [-78.92601, 35.94804], [-78.92573, 35.94795], [-78.92566, 35.94793], [-78.92556, 35.9479], [-78.92536, 35.94785], [-78.92516, 35.94775], [-78.92498, 35.94768], [-78.9248, 35.94759], [-78.92455, 35.94744], [-78.92435, 35.9473], [-78.92414, 35.94712], [-78.92396, 35.94696], [-78.92377, 35.94676], [-78.92368, 35.94668], [-78.92358, 35.94661], [-78.92351, 35.94655], [-78.92332, 35.9464], [-78.92287, 35.94605], [-78.9226, 35.94593], [-78.9225, 35.9459], [-78.92237, 35.94587], [-78.92213, 35.94582], [-78.92207, 35.94579], [-78.92196, 35.94575], [-78.92193, 35.94574], [-78.92169, 35.94599], [-78.92158, 35.94611], [-78.92127, 35.94643], [-78.92109, 35.94663], [-78.92105, 35.94668], [-78.92083, 35.94698], [-78.9206, 35.9473], [-78.92026, 35.94784], [-78.92002, 35.94818], [-78.91998, 35.94824], [-78.91982, 35.94838], [-78.91975, 35.94842], [-78.91968, 35.94846], [-78.91954, 35.94852], [-78.91925, 35.9486], [-78.91806, 35.94893], [-78.917, 35.94924], [-78.91683, 35.9493], [-78.91661, 35.94941], [-78.91644, 35.94951], [-78.9164, 35.94954], [-78.91636, 35.94958], [-78.91632, 35.94962], [-78.9163, 35.94964], [-78.9162, 35.94974], [-78.91578, 35.9501], [-78.91563, 35.95022], [-78.91543, 35.9504], [-78.91526, 35.95054], [-78.91516, 35.95062], [-78.91512, 35.95067], [-78.91505, 35.95072], [-78.91499, 35.95076], [-78.91483, 35.95086], [-78.91464, 35.95094], [-78.91446, 35.95101], [-78.91414, 35.9511], [-78.91394, 35.95114], [-78.91384, 35.95116], [-78.91357, 35.95117], [-78.91326, 35.95116], [-78.91281, 35.95112], [-78.91246, 35.95111], [-78.91232, 35.95111], [-78.9121, 35.95113], [-78.91183, 35.95117], [-78.91169, 35.9512], [-78.91147, 35.95127], [-78.91136, 35.95131], [-78.91095, 35.95148], [-78.91077, 35.95158], [-78.91038, 35.95175], [-78.91001, 35.9519], [-78.90967, 35.95201], [-78.90947, 35.95207], [-78.9093, 35.9521], [-78.90896, 35.95216], [-78.90879, 35.95218], [-78.90672, 35.95246], [-78.90535, 35.95263], [-78.90501, 35.95207], [-78.90478, 35.95171], [-78.90426, 35.95095], [-78.90414, 35.95074], [-78.90393, 35.95036], [-78.9039, 35.95031], [-78.90386, 35.95016], [-78.90382, 35.94997], [-78.9038, 35.94976], [-78.90379, 35.94971], [-78.90379, 35.94948], [-78.90332, 35.94957], [-78.90286, 35.94975], [-78.90235, 35.95], [-78.90182, 35.95037], [-78.90146, 35.95063], [-78.90108, 35.95086], [-78.90104, 35.95089], [-78.90081, 35.95101], [-78.90068, 35.95106], [-78.90044, 35.95115], [-78.90016, 35.95123], [-78.89861, 35.95163], [-78.89839, 35.9517], [-78.89826, 35.95175], [-78.89813, 35.95182], [-78.89785, 35.95201], [-78.89764, 35.95218], [-78.8971, 35.95265], [-78.89614, 35.95347], [-78.896, 35.95358], [-78.89563, 35.9539], [-78.89531, 35.95417], [-78.89463, 35.95477], [-78.89449, 35.9549], [-78.89433, 35.95503], [-78.89393, 35.95531], [-78.89381, 35.95538], [-78.89364, 35.95548], [-78.89355, 35.95553], [-78.89335, 35.95562], [-78.89323, 35.95567], [-78.89303, 35.95573], [-78.89292, 35.95576], [-78.89246, 35.95586], [-78.89232, 35.95588], [-78.89208, 35.95591], [-78.89163, 35.95594], [-78.89035, 35.95603], [-78.88852, 35.95621], [-78.88761, 35.95629], [-78.88328, 35.95665], [-78.8823, 35.95674], [-78.88155, 35.95682], [-78.88134, 35.95684], [-78.8808, 35.95692], [-78.88036, 35.95698], [-78.8799, 35.95706], [-78.87973, 35.95709], [-78.87937, 35.95718], [-78.87917, 35.95724], [-78.87899, 35.95729], [-78.87866, 35.9574], [-78.87848, 35.95746], [-78.87803, 35.95764], [-78.87783, 35.95771], [-78.87765, 35.95777], [-78.87746, 35.95782], [-78.87733, 35.95785], [-78.87692, 35.95824], [-78.87663, 35.9585], [-78.87569, 35.95935], [-78.87564, 35.95939], [-78.87416, 35.96075], [-78.87337, 35.96149], [-78.87294, 35.9619], [-78.87269, 35.96218], [-78.87238, 35.9626], [-78.87219, 35.96292], [-78.87203, 35.96322], [-78.87189, 35.96356], [-78.8718, 35.96382], [-78.8712, 35.96624], [-78.87038, 35.96951], [-78.8703, 35.96991], [-78.87028, 35.97005], [-78.87023, 35.97057], [-78.87022, 35.97076], [-78.87022, 35.97093], [-78.87023, 35.97127], [-78.87025, 35.97157], [-78.87032, 35.97209], [-78.87036, 35.9723], [-78.8706, 35.97261], [-78.871, 35.97305], [-78.87131, 35.97338], [-78.87162, 35.97369], [-78.87173, 35.9738], [-78.87201, 35.97392], [-78.87228, 35.97408], [-78.87237, 35.97413], [-78.87249, 35.97418], [-78.87263, 35.97424], [-78.87292, 35.97433], [-78.87303, 35.97436], [-78.87324, 35.97439], [-78.87357, 35.97442], [-78.87382, 35.97441], [-78.87502, 35.97433], [-78.87617, 35.97425], [-78.8769, 35.97427], [-78.88077, 35.97433], [-78.88313, 35.97436], [-78.88337, 35.97435], [-78.88369, 35.97435], [-78.88429, 35.97429], [-78.88497, 35.9742], [-78.88497, 35.97381], [-78.88504, 35.97208], [-78.88515, 35.96941], [-78.8852, 35.96816], [-78.88526, 35.96818], [-78.88536, 35.96821], [-78.88548, 35.96825], [-78.88556, 35.96827], [-78.88573, 35.96833], [-78.88605, 35.9684], [-78.8862, 35.96844], [-78.88635, 35.96845], [-78.88648, 35.96847], [-78.88686, 35.96852], [-78.88701, 35.96855], [-78.88714, 35.96857], [-78.88789, 35.96871], [-78.88887, 35.9689], [-78.88898, 35.96894], [-78.88906, 35.96894], [-78.88938, 35.96896], [-78.88951, 35.96898], [-78.88963, 35.969], [-78.88975, 35.96903], [-78.88992, 35.96909], [-78.89008, 35.96921], [-78.89016, 35.96924], [-78.89047, 35.96945], [-78.89071, 35.96959], [-78.89079, 35.96965], [-78.89091, 35.9697], [-78.89101, 35.96973], [-78.89112, 35.96976], [-78.89121, 35.96979], [-78.89132, 35.96982], [-78.89151, 35.96988], [-78.89178, 35.96999], [-78.8919, 35.97009], [-78.89198, 35.97015], [-78.89222, 35.97026], [-78.89237, 35.97031], [-78.89244, 35.97032], [-78.89255, 35.97032], [-78.89262, 35.97035], [-78.89274, 35.97033], [-78.89288, 35.9703], [-78.89296, 35.97026], [-78.89302, 35.97022], [-78.8932, 35.97014], [-78.89346, 35.97], [-78.89358, 35.96994], [-78.89362, 35.96991], [-78.89381, 35.96978], [-78.89389, 35.96971], [-78.89396, 35.96968], [-78.89413, 35.96949], [-78.89421, 35.96944], [-78.89421, 35.96938], [-78.89423, 35.96931], [-78.89427, 35.96924], [-78.89432, 35.96923], [-78.89442, 35.9691], [-78.89446, 35.96906], [-78.89455, 35.96897], [-78.8946, 35.96891], [-78.89465, 35.96884], [-78.89471, 35.96875], [-78.89476, 35.96868], [-78.8948, 35.9686], [-78.89482, 35.96852], [-78.89484, 35.9684], [-78.89482, 35.96831], [-78.89482, 35.96824], [-78.89482, 35.96815], [-78.89482, 35.96807], [-78.89482, 35.96798], [-78.89482, 35.96793], [-78.89484, 35.96789], [-78.89486, 35.96782], [-78.89488, 35.96777], [-78.89492, 35.96769], [-78.89503, 35.96747], [-78.89506, 35.96732], [-78.89505, 35.96726], [-78.89505, 35.96714], [-78.89507, 35.96703], [-78.8951, 35.967], [-78.89513, 35.96697], [-78.89517, 35.96695], [-78.8954, 35.96684], [-78.89554, 35.96677], [-78.89578, 35.96663], [-78.89586, 35.96659], [-78.89593, 35.96656], [-78.89599, 35.9665], [-78.89603, 35.96645], [-78.89609, 35.96637], [-78.89615, 35.96632], [-78.8962, 35.96625], [-78.89623, 35.96617], [-78.89627, 35.9661], [-78.8963, 35.96602], [-78.89636, 35.96588], [-78.89637, 35.96583], [-78.8964, 35.96567], [-78.8964, 35.96558], [-78.8965, 35.96535], [-78.89656, 35.96528], [-78.89659, 35.96525], [-78.8967, 35.96513], [-78.89707, 35.96479], [-78.89712, 35.96472], [-78.8972, 35.96467], [-78.89731, 35.96463], [-78.89737, 35.9646], [-78.89743, 35.96457], [-78.89751, 35.96452], [-78.89754, 35.9645], [-78.89757, 35.96448], [-78.89765, 35.96443], [-78.89772, 35.96437], [-78.89776, 35.9643], [-78.89795, 35.96407], [-78.89806, 35.964], [-78.8982, 35.96391], [-78.89825, 35.96389], [-78.89832, 35.96385], [-78.89839, 35.96382], [-78.89841, 35.96377], [-78.89858, 35.9637], [-78.89887, 35.9636], [-78.89904, 35.96356], [-78.89915, 35.96354], [-78.89923, 35.96352], [-78.89929, 35.9635], [-78.89933, 35.96347], [-78.89941, 35.96342], [-78.89949, 35.96338], [-78.89964, 35.96334], [-78.89983, 35.96327], [-78.9005, 35.96311], [-78.90077, 35.96305], [-78.90084, 35.96302], [-78.90087, 35.96301], [-78.90107, 35.96294], [-78.90114, 35.96291], [-78.90127, 35.96287], [-78.90136, 35.96287], [-78.90152, 35.96285], [-78.9017, 35.96285], [-78.90185, 35.96281], [-78.90189, 35.96279], [-78.90202, 35.96274], [-78.90226, 35.96267], [-78.90244, 35.96263], [-78.90266, 35.96255], [-78.90277, 35.9625], [-78.90283, 35.96246], [-78.90289, 35.96243], [-78.90292, 35.96241], [-78.90306, 35.96237], [-78.90329, 35.96232], [-78.9034, 35.96227], [-78.9035, 35.96224], [-78.9036, 35.96221], [-78.90371, 35.9622], [-78.90397, 35.96218], [-78.904, 35.96218], [-78.90423, 35.96214], [-78.9044, 35.96211], [-78.90454, 35.9621], [-78.90473, 35.9621], [-78.905, 35.96212], [-78.9053, 35.96217], [-78.90537, 35.96216], [-78.90559, 35.96212], [-78.90565, 35.96211], [-78.90575, 35.9621], [-78.90581, 35.9621], [-78.90598, 35.96207], [-78.9061, 35.96208], [-78.90615, 35.96208], [-78.90625, 35.9621], [-78.90631, 35.96212], [-78.90637, 35.96211], [-78.90645, 35.96212], [-78.90649, 35.96211], [-78.9065, 35.96209], [-78.90661, 35.9621], [-78.90666, 35.9621], [-78.90673, 35.9621], [-78.9068, 35.96212], [-78.90686, 35.96212], [-78.90694, 35.96214], [-78.90712, 35.96212], [-78.90723, 35.96212], [-78.90744, 35.96214], [-78.90758, 35.96215], [-78.90769, 35.96217], [-78.90785, 35.96218], [-78.90801, 35.9622], [-78.90825, 35.96223], [-78.90846, 35.96225], [-78.90863, 35.96228], [-78.90941, 35.96144], [-78.90992, 35.9609], [-78.91008, 35.96071], [-78.91016, 35.96061], [-78.91028, 35.96044], [-78.91042, 35.96015], [-78.91047, 35.96003], [-78.91048, 35.95998], [-78.91095, 35.96007], [-78.91198, 35.96024], [-78.91287, 35.96039], [-78.91306, 35.96042], [-78.91362, 35.9605], [-78.91381, 35.96053], [-78.91394, 35.96056], [-78.91414, 35.96062], [-78.91434, 35.9607], [-78.91446, 35.96076], [-78.91461, 35.96084], [-78.91473, 35.96092], [-78.91482, 35.961], [-78.91496, 35.96113], [-78.91502, 35.96121], [-78.91621, 35.96268], [-78.9171, 35.96379], [-78.91731, 35.96401], [-78.91738, 35.96407], [-78.9176, 35.96425], [-78.91774, 35.96435], [-78.91786, 35.96443], [-78.91797, 35.96449], [-78.91939, 35.96533], [-78.92219, 35.96703], [-78.92223, 35.967], [-78.92227, 35.96694], [-78.9223, 35.96688], [-78.92241, 35.96643], [-78.92282, 35.96475], [-78.92292, 35.96434], [-78.92293, 35.96426], [-78.92292, 35.96409], [-78.92482, 35.96411], [-78.92548, 35.96402], [-78.92559, 35.96401], [-78.92536, 35.96276], [-78.92505, 35.96099], [-78.92492, 35.96034], [-78.92478, 35.95973], [-78.92468, 35.95947], [-78.9246, 35.95926], [-78.92464, 35.95922], [-78.92469, 35.95917], [-78.92474, 35.95913], [-78.92478, 35.9591], [-78.92487, 35.95905], [-78.92476, 35.95892], [-78.92472, 35.95884], [-78.9247, 35.95878], [-78.92466, 35.95869], [-78.92462, 35.95856], [-78.92455, 35.95837], [-78.92451, 35.95823], [-78.9243, 35.95757], [-78.92411, 35.95708], [-78.92397, 35.95676], [-78.92386, 35.95649], [-78.92378, 35.9563], [-78.92371, 35.95605], [-78.92363, 35.95567], [-78.92362, 35.95552], [-78.92362, 35.95504], [-78.92365, 35.9549], [-78.9237, 35.95475], [-78.92382, 35.95448], [-78.92386, 35.95439], [-78.92386, 35.95433], [-78.92386, 35.95425], [-78.92384, 35.95419], [-78.92376, 35.95404], [-78.92368, 35.95394], [-78.92351, 35.95382], [-78.92351, 35.9538], [-78.92343, 35.95347], [-78.92341, 35.95331], [-78.92341, 35.95302], [-78.92347, 35.95276], [-78.92351, 35.95268], [-78.92358, 35.95258], [-78.92362, 35.95252], [-78.9237, 35.95245], [-78.92383, 35.95237], [-78.92395, 35.95231], [-78.92407, 35.95226], [-78.92426, 35.9522], [-78.92441, 35.95217], [-78.9248, 35.95214], [-78.92499, 35.95214], [-78.92523, 35.95213], [-78.9256, 35.95202], [-78.92593, 35.95187], [-78.92603, 35.95183], [-78.92632, 35.95169], [-78.92647, 35.9516], [-78.92664, 35.95151], [-78.9268, 35.95136], [-78.92702, 35.95119], [-78.92709, 35.95114], [-78.92716, 35.95105], [-78.92722, 35.95098], [-78.92728, 35.95087], [-78.92729, 35.95082], [-78.92736, 35.95067], [-78.92745, 35.95051], [-78.92748, 35.95048], [-78.92751, 35.95041], [-78.92754, 35.95036], [-78.92762, 35.95027], [-78.92766, 35.95024], [-78.92769, 35.95021], [-78.92773, 35.95016], [-78.92776, 35.95011], [-78.9278, 35.94985], [-78.9278, 35.94982], [-78.92783, 35.94978], [-78.92787, 35.94974], [-78.92802, 35.94967], [-78.92807, 35.94963], [-78.9281, 35.94957], [-78.92815, 35.94943], [-78.9282, 35.94936], [-78.92828, 35.94927], [-78.92834, 35.94915], [-78.92837, 35.94907], [-78.92839, 35.94896], [-78.92839, 35.94886], [-78.92839, 35.94884], [-78.9284, 35.94873], [-78.92842, 35.94866], [-78.92846, 35.94858], [-78.92851, 35.94852], [-78.92852, 35.9485], [-78.92858, 35.94843], [-78.92866, 35.94824], [-78.92871, 35.94809]]]}}, {"type": "Feature", "properties": {"tract_id": "37063001710", "name": "Census Tract 17.10", "pct_white_2020": 24.4, "pct_black_2020": 47.8, "pct_hispanic_2020": 15.4, "pct_asian_2020": 8.2, "population_2020": 4864}, "geometry": {"type": "Polygon", "coordinates": [[[-78.92685, 36.05932], [-78.92685, 36.05922], [-78.92684, 36.05911], [-78.92684, 36.05908], [-78.92671, 36.05885], [-78.92669, 36.05866], [-78.9267, 36.05847], [-78.92671, 36.05839], [-78.9267, 36.05831], [-78.92663, 36.05793], [-78.92659, 36.05782], [-78.92654, 36.05772], [-78.92646, 36.0576], [-78.92641, 36.05748], [-78.92612, 36.05748], [-78.92512, 36.0575], [-78.92496, 36.0575], [-78.92464, 36.05751], [-78.92462, 36.05751], [-78.92459, 36.05751], [-78.92341, 36.05753], [-78.92258, 36.05755], [-78.92222, 36.05755], [-78.92202, 36.05754], [-78.92188, 36.05753], [-78.92162, 36.05751], [-78.92147, 36.05748], [-78.92125, 36.05742], [-78.92115, 36.05739], [-78.9209, 36.05729], [-78.92075, 36.05722], [-78.92064, 36.05715], [-78.92047, 36.05703], [-78.92031, 36.0569], [-78.91985, 36.05648], [-78.91953, 36.05618], [-78.91941, 36.05606], [-78.91903, 36.05573], [-78.91909, 36.05567], [-78.91916, 36.05559], [-78.91923, 36.05549], [-78.91931, 36.05534], [-78.9194, 36.05517], [-78.91947, 36.05498], [-78.91955, 36.0547], [-78.91958, 36.05452], [-78.91959, 36.05431], [-78.91962, 36.05321], [-78.91964, 36.05133], [-78.91964, 36.05111], [-78.91962, 36.05088], [-78.9196, 36.05069], [-78.91955, 36.05049], [-78.9195, 36.05031], [-78.91944, 36.05016], [-78.91936, 36.04997], [-78.91931, 36.04984], [-78.91924, 36.04959], [-78.9192, 36.0494], [-78.91917, 36.04918], [-78.91917, 36.04904], [-78.91917, 36.04885], [-78.91917, 36.04864], [-78.91919, 36.04732], [-78.91918, 36.04715], [-78.91916, 36.04695], [-78.91911, 36.04672], [-78.91908, 36.04659], [-78.919, 36.04639], [-78.91888, 36.04614], [-78.91863, 36.04573], [-78.91861, 36.04573], [-78.9185, 36.04572], [-78.91834, 36.04573], [-78.9183, 36.04573], [-78.91824, 36.04575], [-78.91819, 36.04568], [-78.91817, 36.04566], [-78.91814, 36.04564], [-78.91808, 36.04562], [-78.91795, 36.04559], [-78.91777, 36.04552], [-78.9177, 36.0455], [-78.9176, 36.0455], [-78.9174, 36.04549], [-78.91716, 36.04545], [-78.91709, 36.04544], [-78.9169, 36.0454], [-78.91677, 36.04538], [-78.91663, 36.04537], [-78.91657, 36.04537], [-78.9165, 36.04538], [-78.91644, 36.0454], [-78.91632, 36.04545], [-78.91602, 36.04551], [-78.91569, 36.04558], [-78.9153, 36.04567], [-78.91501, 36.04574], [-78.91488, 36.04577], [-78.91463, 36.04582], [-78.91452, 36.04584], [-78.91442, 36.04587], [-78.91433, 36.04589], [-78.91419, 36.0459], [-78.91416, 36.04591], [-78.9141, 36.04593], [-78.91404, 36.04596], [-78.91395, 36.04604], [-78.91377, 36.04624], [-78.9137, 36.0463], [-78.91347, 36.04647], [-78.91337, 36.04653], [-78.91325, 36.04658], [-78.91312, 36.04662], [-78.91302, 36.04665], [-78.91272, 36.04669], [-78.9126, 36.04673], [-78.91254, 36.04676], [-78.91244, 36.04683], [-78.91236, 36.04688], [-78.91229, 36.0469], [-78.9122, 36.04692], [-78.91206, 36.04694], [-78.91189, 36.04695], [-78.91169, 36.04698], [-78.9113, 36.04693], [-78.91092, 36.04688], [-78.91071, 36.04687], [-78.9106, 36.04687], [-78.91052, 36.04693], [-78.91048, 36.04699], [-78.91044, 36.04709], [-78.91025, 36.04699], [-78.90917, 36.04634], [-78.90857, 36.04701], [-78.90815, 36.04744], [-78.90799, 36.04758], [-78.90748, 36.04803], [-78.90652, 36.04886], [-78.90608, 36.04925], [-78.90582, 36.04948], [-78.90582, 36.04934], [-78.90581, 36.04746], [-78.90472, 36.04749], [-78.90335, 36.04754], [-78.90318, 36.04757], [-78.90333, 36.04819], [-78.90337, 36.04842], [-78.90344, 36.04895], [-78.90357, 36.05086], [-78.90358, 36.05099], [-78.90359, 36.05108], [-78.90361, 36.05146], [-78.9036, 36.05173], [-78.90357, 36.05207], [-78.90353, 36.05238], [-78.90334, 36.05338], [-78.90326, 36.05391], [-78.90322, 36.05421], [-78.90319, 36.05457], [-78.9032, 36.0547], [-78.90325, 36.05489], [-78.90328, 36.05498], [-78.90342, 36.05522], [-78.90339, 36.05527], [-78.90325, 36.0557], [-78.90325, 36.05571], [-78.90316, 36.05621], [-78.90319, 36.05907], [-78.90318, 36.05944], [-78.90318, 36.05957], [-78.90321, 36.0599], [-78.90322, 36.06003], [-78.90324, 36.06015], [-78.90325, 36.06021], [-78.9033, 36.06041], [-78.90335, 36.06056], [-78.90339, 36.06069], [-78.9035, 36.06101], [-78.90413, 36.06281], [-78.90431, 36.0633], [-78.90443, 36.06364], [-78.90467, 36.06417], [-78.90472, 36.06428], [-78.9048, 36.06443], [-78.90492, 36.06462], [-78.90517, 36.06502], [-78.90518, 36.06504], [-78.90527, 36.06518], [-78.90556, 36.06558], [-78.90643, 36.06674], [-78.90668, 36.06709], [-78.90696, 36.06749], [-78.9072, 36.06786], [-78.90726, 36.06796], [-78.90738, 36.06817], [-78.90752, 36.06846], [-78.90765, 36.06875], [-78.90776, 36.069], [-78.90787, 36.06927], [-78.90797, 36.06961], [-78.90827, 36.07071], [-78.9086, 36.07197], [-78.90861, 36.07203], [-78.90872, 36.07199], [-78.90922, 36.07195], [-78.90933, 36.07176], [-78.90961, 36.07172], [-78.91004, 36.07156], [-78.91021, 36.07149], [-78.9103, 36.07142], [-78.91039, 36.0714], [-78.91056, 36.07132], [-78.91073, 36.07124], [-78.91088, 36.07118], [-78.91142, 36.07118], [-78.91144, 36.07118], [-78.91166, 36.071], [-78.91172, 36.07073], [-78.91272, 36.0697], [-78.91344, 36.06852], [-78.91427, 36.06848], [-78.91488, 36.06866], [-78.91498, 36.06858], [-78.915, 36.06856], [-78.91505, 36.0683], [-78.91512, 36.06823], [-78.9153, 36.06815], [-78.91554, 36.06811], [-78.91584, 36.06808], [-78.91627, 36.06809], [-78.91641, 36.06807], [-78.91677, 36.06803], [-78.91705, 36.06767], [-78.9172, 36.0671], [-78.91724, 36.06706], [-78.91727, 36.06704], [-78.91782, 36.06693], [-78.91802, 36.0669], [-78.91819, 36.06689], [-78.91829, 36.06689], [-78.91839, 36.0669], [-78.91849, 36.06692], [-78.91855, 36.06695], [-78.91858, 36.06695], [-78.91862, 36.06695], [-78.91872, 36.06694], [-78.91877, 36.06691], [-78.91888, 36.0668], [-78.91891, 36.06679], [-78.91923, 36.0667], [-78.91951, 36.06661], [-78.9196, 36.06657], [-78.91969, 36.06653], [-78.91976, 36.06652], [-78.91982, 36.0665], [-78.91996, 36.0665], [-78.92009, 36.06651], [-78.92016, 36.06649], [-78.92022, 36.06647], [-78.92026, 36.06642], [-78.92036, 36.06628], [-78.92038, 36.06626], [-78.92041, 36.06625], [-78.92048, 36.06623], [-78.92068, 36.06621], [-78.92078, 36.06621], [-78.9209, 36.06625], [-78.92097, 36.06625], [-78.921, 36.06625], [-78.92132, 36.06616], [-78.92136, 36.06615], [-78.92139, 36.06616], [-78.92145, 36.06618], [-78.92156, 36.06624], [-78.9216, 36.06624], [-78.92163, 36.06623], [-78.92165, 36.06621], [-78.92169, 36.06617], [-78.92171, 36.06611], [-78.92172, 36.066], [-78.92172, 36.06592], [-78.92169, 36.06579], [-78.92166, 36.06568], [-78.92161, 36.06558], [-78.92154, 36.06548], [-78.92132, 36.06502], [-78.92121, 36.06479], [-78.92116, 36.06466], [-78.92114, 36.06452], [-78.92111, 36.0642], [-78.9211, 36.06403], [-78.92111, 36.06378], [-78.92114, 36.06357], [-78.92117, 36.06339], [-78.92121, 36.06329], [-78.92126, 36.06321], [-78.9213, 36.06317], [-78.92137, 36.06312], [-78.92145, 36.06307], [-78.92155, 36.06299], [-78.92168, 36.06286], [-78.92183, 36.06271], [-78.92195, 36.06262], [-78.92241, 36.06229], [-78.92333, 36.0616], [-78.9241, 36.06103], [-78.92449, 36.06072], [-78.92474, 36.06053], [-78.92484, 36.06046], [-78.92496, 36.06041], [-78.92553, 36.06017], [-78.92578, 36.06002], [-78.92583, 36.06], [-78.9261, 36.05987], [-78.92646, 36.05967], [-78.92662, 36.05957], [-78.92675, 36.05948], [-78.92684, 36.0594], [-78.92684, 36.05937], [-78.92685, 36.05932]]]}}, {"type": "Feature", "properties": {"tract_id": "37063001711", "name": "Census Tract 17.11", "pct_white_2020": 32.5, "pct_black_2020": 48.9, "pct_hispanic_2020": 16.7, "pct_asian_2020": 0.7, "population_2020": 4649}, "geometry": {"type": "Polygon", "coordinates": [[[-78.94648, 36.06184], [-78.94644, 36.06177], [-78.94627, 36.06164], [-78.94573, 36.06127], [-78.94506, 36.06082], [-78.94413, 36.06026], [-78.94285, 36.05951], [-78.94254, 36.05934], [-78.94146, 36.05874], [-78.94129, 36.05864], [-78.94089, 36.05838], [-78.94066, 36.05825], [-78.94036, 36.05809], [-78.94016, 36.05798], [-78.94009, 36.05792], [-78.93997, 36.05781], [-78.93981, 36.05769], [-78.93968, 36.05761], [-78.93954, 36.05754], [-78.93941, 36.05749], [-78.93919, 36.05744], [-78.93885, 36.05734], [-78.93869, 36.05731], [-78.93852, 36.0573], [-78.93814, 36.05728], [-78.93769, 36.05725], [-78.93749, 36.05725], [-78.93736, 36.05726], [-78.9372, 36.05728], [-78.9369, 36.05692], [-78.93685, 36.05685], [-78.93636, 36.05629], [-78.93592, 36.05576], [-78.93578, 36.0556], [-78.93568, 36.05548], [-78.93521, 36.05497], [-78.93505, 36.05479], [-78.93495, 36.05465], [-78.93487, 36.05453], [-78.93481, 36.05438], [-78.93475, 36.05417], [-78.93474, 36.05406], [-78.93477, 36.0538], [-78.9348, 36.05366], [-78.93502, 36.05287], [-78.93523, 36.05201], [-78.93539, 36.05148], [-78.93554, 36.05098], [-78.93563, 36.05062], [-78.93582, 36.04985], [-78.93614, 36.04866], [-78.93627, 36.04811], [-78.93627, 36.04806], [-78.93628, 36.04803], [-78.93628, 36.04792], [-78.93626, 36.04769], [-78.93619, 36.04707], [-78.93616, 36.04669], [-78.93615, 36.04662], [-78.93613, 36.04642], [-78.93608, 36.04617], [-78.93604, 36.04605], [-78.936, 36.04592], [-78.93585, 36.0455], [-78.93568, 36.04501], [-78.93561, 36.04481], [-78.93557, 36.04471], [-78.93544, 36.04441], [-78.93535, 36.04418], [-78.93522, 36.0442], [-78.93488, 36.04424], [-78.93462, 36.04424], [-78.93466, 36.04478], [-78.93467, 36.04496], [-78.93467, 36.04512], [-78.93466, 36.04524], [-78.93465, 36.04535], [-78.93462, 36.04543], [-78.93459, 36.0455], [-78.93454, 36.04557], [-78.93448, 36.04564], [-78.93442, 36.04571], [-78.93435, 36.04577], [-78.93429, 36.04581], [-78.93423, 36.04585], [-78.93413, 36.04589], [-78.934, 36.04595], [-78.93391, 36.04599], [-78.93364, 36.04605], [-78.93322, 36.04611], [-78.93299, 36.04618], [-78.93288, 36.04623], [-78.93275, 36.04631], [-78.93271, 36.04625], [-78.93266, 36.0462], [-78.9326, 36.04614], [-78.93252, 36.04608], [-78.93234, 36.04596], [-78.93224, 36.04591], [-78.93207, 36.04585], [-78.93181, 36.04576], [-78.93169, 36.04572], [-78.93159, 36.04568], [-78.93149, 36.04562], [-78.93135, 36.04553], [-78.93128, 36.04547], [-78.9312, 36.04538], [-78.93112, 36.04527], [-78.93106, 36.04514], [-78.93102, 36.04504], [-78.93096, 36.04488], [-78.93089, 36.04472], [-78.93085, 36.04464], [-78.93082, 36.04459], [-78.93077, 36.04452], [-78.93063, 36.04438], [-78.93052, 36.0443], [-78.9304, 36.04423], [-78.93033, 36.0442], [-78.93019, 36.04415], [-78.93013, 36.04413], [-78.93005, 36.04412], [-78.9299, 36.0441], [-78.92977, 36.04409], [-78.92948, 36.04409], [-78.92948, 36.04429], [-78.92946, 36.04513], [-78.92941, 36.04688], [-78.92933, 36.05018], [-78.92931, 36.05071], [-78.9293, 36.05126], [-78.9293, 36.05169], [-78.92773, 36.05166], [-78.92778, 36.04981], [-78.9278, 36.04914], [-78.92542, 36.04909], [-78.92532, 36.04909], [-78.92464, 36.04907], [-78.92454, 36.04897], [-78.92446, 36.04888], [-78.92439, 36.04875], [-78.92436, 36.04868], [-78.92433, 36.04849], [-78.92424, 36.04841], [-78.92416, 36.04832], [-78.92413, 36.0483], [-78.92406, 36.04829], [-78.92396, 36.0483], [-78.9239, 36.04832], [-78.92379, 36.04837], [-78.92363, 36.04848], [-78.92352, 36.04859], [-78.92348, 36.04863], [-78.92344, 36.04874], [-78.92342, 36.04876], [-78.92339, 36.04878], [-78.92333, 36.0488], [-78.92323, 36.0488], [-78.92313, 36.04878], [-78.92304, 36.04875], [-78.92296, 36.04869], [-78.92235, 36.04822], [-78.92228, 36.04816], [-78.92223, 36.04808], [-78.92213, 36.04785], [-78.92203, 36.04771], [-78.92185, 36.04746], [-78.92182, 36.04742], [-78.92173, 36.04728], [-78.92163, 36.04716], [-78.92154, 36.04708], [-78.92149, 36.04705], [-78.92143, 36.04702], [-78.92124, 36.04698], [-78.92086, 36.04685], [-78.92041, 36.04673], [-78.92028, 36.0467], [-78.92021, 36.04671], [-78.92005, 36.04673], [-78.91991, 36.04672], [-78.91981, 36.04669], [-78.91975, 36.04667], [-78.91967, 36.04663], [-78.91954, 36.04654], [-78.91942, 36.04644], [-78.91926, 36.04626], [-78.91909, 36.04606], [-78.919, 36.04598], [-78.9189, 36.0459], [-78.91881, 36.04582], [-78.91873, 36.04577], [-78.9187, 36.04575], [-78.91863, 36.04573], [-78.91888, 36.04614], [-78.919, 36.04639], [-78.91908, 36.04659], [-78.91911, 36.04672], [-78.91916, 36.04695], [-78.91918, 36.04715], [-78.91919, 36.04732], [-78.91917, 36.04864], [-78.91917, 36.04885], [-78.91917, 36.04904], [-78.91917, 36.04918], [-78.9192, 36.0494], [-78.91924, 36.04959], [-78.91931, 36.04984], [-78.91936, 36.04997], [-78.91944, 36.05016], [-78.9195, 36.05031], [-78.91955, 36.05049], [-78.9196, 36.05069], [-78.91962, 36.05088], [-78.91964, 36.05111], [-78.91964, 36.05133], [-78.91962, 36.05321], [-78.91959, 36.05431], [-78.91958, 36.05452], [-78.91955, 36.0547], [-78.91947, 36.05498], [-78.9194, 36.05517], [-78.91931, 36.05534], [-78.91923, 36.05549], [-78.91916, 36.05559], [-78.91909, 36.05567], [-78.91903, 36.05573], [-78.91941, 36.05606], [-78.91953, 36.05618], [-78.91985, 36.05648], [-78.92031, 36.0569], [-78.92047, 36.05703], [-78.92064, 36.05715], [-78.92075, 36.05722], [-78.9209, 36.05729], [-78.92115, 36.05739], [-78.92125, 36.05742], [-78.92147, 36.05748], [-78.92162, 36.05751], [-78.92188, 36.05753], [-78.92202, 36.05754], [-78.92222, 36.05755], [-78.92258, 36.05755], [-78.92341, 36.05753], [-78.92459, 36.05751], [-78.92462, 36.05751], [-78.92464, 36.05751], [-78.92496, 36.0575], [-78.92512, 36.0575], [-78.92612, 36.05748], [-78.92641, 36.05748], [-78.92646, 36.0576], [-78.92654, 36.05772], [-78.92659, 36.05782], [-78.92663, 36.05793], [-78.9267, 36.05831], [-78.92671, 36.05839], [-78.9267, 36.05847], [-78.92669, 36.05866], [-78.92671, 36.05885], [-78.92684, 36.05908], [-78.92684, 36.05911], [-78.92685, 36.05922], [-78.92685, 36.05932], [-78.92684, 36.05937], [-78.92684, 36.0594], [-78.92675, 36.05948], [-78.92662, 36.05957], [-78.92646, 36.05967], [-78.9261, 36.05987], [-78.92583, 36.06], [-78.92578, 36.06002], [-78.92553, 36.06017], [-78.92496, 36.06041], [-78.92484, 36.06046], [-78.92474, 36.06053], [-78.92449, 36.06072], [-78.9241, 36.06103], [-78.92333, 36.0616], [-78.92241, 36.06229], [-78.92195, 36.06262], [-78.92183, 36.06271], [-78.92168, 36.06286], [-78.92155, 36.06299], [-78.92145, 36.06307], [-78.92137, 36.06312], [-78.9213, 36.06317], [-78.92126, 36.06321], [-78.92121, 36.06329], [-78.92117, 36.06339], [-78.92114, 36.06357], [-78.92111, 36.06378], [-78.9211, 36.06403], [-78.92111, 36.0642], [-78.92114, 36.06452], [-78.92116, 36.06466], [-78.92121, 36.06479], [-78.92132, 36.06502], [-78.92154, 36.06548], [-78.92161, 36.06558], [-78.92166, 36.06568], [-78.92169, 36.06579], [-78.92172, 36.06592], [-78.92172, 36.066], [-78.92171, 36.06611], [-78.92169, 36.06617], [-78.92165, 36.06621], [-78.92163, 36.06623], [-78.9216, 36.06624], [-78.92156, 36.06624], [-78.92145, 36.06618], [-78.92139, 36.06616], [-78.92136, 36.06615], [-78.92132, 36.06616], [-78.921, 36.06625], [-78.92097, 36.06625], [-78.9209, 36.06625], [-78.92078, 36.06621], [-78.92068, 36.06621], [-78.92048, 36.06623], [-78.92041, 36.06625], [-78.92038, 36.06626], [-78.92036, 36.06628], [-78.92026, 36.06642], [-78.92022, 36.06647], [-78.92016, 36.06649], [-78.92009, 36.06651], [-78.91996, 36.0665], [-78.91982, 36.0665], [-78.91976, 36.06652], [-78.91969, 36.06653], [-78.9196, 36.06657], [-78.91951, 36.06661], [-78.91923, 36.0667], [-78.91891, 36.06679], [-78.91888, 36.0668], [-78.91877, 36.06691], [-78.91872, 36.06694], [-78.91862, 36.06695], [-78.91858, 36.06695], [-78.91855, 36.06695], [-78.91849, 36.06692], [-78.91839, 36.0669], [-78.91829, 36.06689], [-78.91819, 36.06689], [-78.91802, 36.0669], [-78.91782, 36.06693], [-78.91727, 36.06704], [-78.91724, 36.06706], [-78.9172, 36.0671], [-78.91705, 36.06767], [-78.91677, 36.06803], [-78.91641, 36.06807], [-78.91627, 36.06809], [-78.91584, 36.06808], [-78.91554, 36.06811], [-78.9153, 36.06815], [-78.91512, 36.06823], [-78.91505, 36.0683], [-78.915, 36.06856], [-78.91498, 36.06858], [-78.91488, 36.06866], [-78.91544, 36.06916], [-78.91716, 36.06916], [-78.91766, 36.06893], [-78.91827, 36.06889], [-78.91877, 36.06902], [-78.91921, 36.06925], [-78.91977, 36.06934], [-78.92104, 36.06934], [-78.92154, 36.06966], [-78.92249, 36.06997], [-78.9232, 36.07001], [-78.92338, 36.07002], [-78.92404, 36.06997], [-78.9241, 36.07009], [-78.92417, 36.07004], [-78.9243, 36.07005], [-78.92471, 36.0702], [-78.92593, 36.07088], [-78.92626, 36.07097], [-78.92704, 36.07097], [-78.92733, 36.07104], [-78.92781, 36.07115], [-78.92887, 36.0711], [-78.92906, 36.07104], [-78.92943, 36.07092], [-78.9299, 36.0708], [-78.93031, 36.0707], [-78.9307, 36.0707], [-78.93074, 36.07064], [-78.93098, 36.07052], [-78.93108, 36.07052], [-78.93131, 36.07052], [-78.93192, 36.07083], [-78.93298, 36.07106], [-78.93356, 36.07134], [-78.93397, 36.07158], [-78.93414, 36.07169], [-78.93454, 36.07182], [-78.93486, 36.07192], [-78.93497, 36.07175], [-78.93508, 36.07157], [-78.93522, 36.07133], [-78.93531, 36.07117], [-78.93555, 36.07071], [-78.93558, 36.07063], [-78.9356, 36.07058], [-78.93561, 36.07053], [-78.93566, 36.07032], [-78.93569, 36.07019], [-78.9357, 36.07007], [-78.9357, 36.06995], [-78.93569, 36.06983], [-78.93563, 36.06942], [-78.93562, 36.06931], [-78.9356, 36.0692], [-78.93554, 36.06906], [-78.93546, 36.06891], [-78.93537, 36.06876], [-78.93523, 36.06856], [-78.93509, 36.06839], [-78.93494, 36.06822], [-78.93434, 36.06759], [-78.93389, 36.06712], [-78.93366, 36.06688], [-78.933, 36.06615], [-78.93262, 36.06572], [-78.93316, 36.0656], [-78.93356, 36.06552], [-78.93406, 36.06543], [-78.93474, 36.0653], [-78.93494, 36.06526], [-78.93642, 36.06497], [-78.93819, 36.06463], [-78.93837, 36.06459], [-78.93856, 36.06455], [-78.93874, 36.06449], [-78.93893, 36.06442], [-78.93913, 36.06435], [-78.93931, 36.06427], [-78.93954, 36.06416], [-78.94011, 36.06385], [-78.94055, 36.06359], [-78.9415, 36.06304], [-78.94179, 36.06288], [-78.94197, 36.06279], [-78.94213, 36.06271], [-78.94242, 36.0626], [-78.94268, 36.06251], [-78.94294, 36.06243], [-78.94331, 36.06235], [-78.9434, 36.06237], [-78.9435, 36.06232], [-78.94381, 36.06226], [-78.94513, 36.06209], [-78.94547, 36.06204], [-78.94596, 36.06196], [-78.94623, 36.0619], [-78.94648, 36.06184]]]}}, {"type": "Feature", "properties": {"tract_id": "37063001801", "name": "Census Tract 18.01", "pct_white_2020": 24.7, "pct_black_2020": 40.3, "pct_hispanic_2020": 32.0, "pct_asian_2020": 0.0, "population_2020": 8934}, "geometry": {"type": "Polygon", "coordinates": [[[-78.87557, 36.0155], [-78.87556, 36.01514], [-78.87554, 36.01475], [-78.87552, 36.01446], [-78.8755, 36.01421], [-78.87546, 36.01357], [-78.87487, 36.01353], [-78.87453, 36.01352], [-78.87427, 36.01353], [-78.87373, 36.01355], [-78.87266, 36.01364], [-78.87226, 36.01366], [-78.87221, 36.01365], [-78.87204, 36.01365], [-78.87186, 36.01364], [-78.87167, 36.01362], [-78.87143, 36.01359], [-78.87127, 36.01357], [-78.87113, 36.01354], [-78.87087, 36.01347], [-78.87082, 36.01346], [-78.87063, 36.0134], [-78.87048, 36.01335], [-78.87024, 36.01326], [-78.87021, 36.01324], [-78.86988, 36.01309], [-78.86967, 36.01297], [-78.86942, 36.01281], [-78.8693, 36.01272], [-78.86915, 36.0126], [-78.86905, 36.01252], [-78.86892, 36.01239], [-78.86874, 36.01221], [-78.86853, 36.01191], [-78.86791, 36.01101], [-78.86739, 36.0102], [-78.86722, 36.00993], [-78.86717, 36.00986], [-78.8665, 36.00881], [-78.86571, 36.00757], [-78.86472, 36.00603], [-78.86433, 36.00539], [-78.86343, 36.00551], [-78.86317, 36.00553], [-78.86277, 36.00555], [-78.8626, 36.00554], [-78.86243, 36.00554], [-78.86198, 36.00551], [-78.86181, 36.00548], [-78.86161, 36.00545], [-78.86145, 36.00542], [-78.86117, 36.00537], [-78.86074, 36.00525], [-78.8603, 36.00511], [-78.86002, 36.00503], [-78.85979, 36.00497], [-78.8594, 36.00489], [-78.85912, 36.00483], [-78.85783, 36.00458], [-78.85757, 36.00454], [-78.85724, 36.00451], [-78.85714, 36.0045], [-78.85694, 36.00449], [-78.8567, 36.00448], [-78.85647, 36.00448], [-78.85613, 36.00449], [-78.85577, 36.0045], [-78.85521, 36.00454], [-78.8547, 36.00458], [-78.85426, 36.00459], [-78.85391, 36.00459], [-78.85327, 36.00458], [-78.85229, 36.00455], [-78.85215, 36.00455], [-78.85205, 36.00455], [-78.85182, 36.00457], [-78.85159, 36.00461], [-78.8514, 36.00465], [-78.85123, 36.00469], [-78.85103, 36.00475], [-78.85079, 36.00483], [-78.85024, 36.00503], [-78.84875, 36.0056], [-78.84845, 36.00571], [-78.84833, 36.00575], [-78.84762, 36.006], [-78.84748, 36.00604], [-78.84731, 36.00608], [-78.84704, 36.00612], [-78.84693, 36.00613], [-78.8468, 36.00615], [-78.84665, 36.00616], [-78.84646, 36.00617], [-78.84627, 36.00615], [-78.84483, 36.00602], [-78.84396, 36.00593], [-78.8434, 36.0059], [-78.84326, 36.0059], [-78.84307, 36.00591], [-78.8426, 36.00598], [-78.84242, 36.00601], [-78.84236, 36.00602], [-78.84225, 36.00626], [-78.84207, 36.00663], [-78.84201, 36.00676], [-78.84195, 36.00696], [-78.84192, 36.00708], [-78.84191, 36.00719], [-78.84186, 36.00868], [-78.84184, 36.00929], [-78.84183, 36.00958], [-78.84183, 36.00978], [-78.84182, 36.00994], [-78.8418, 36.01026], [-78.84177, 36.01041], [-78.84171, 36.01067], [-78.84167, 36.01081], [-78.84136, 36.0116], [-78.84083, 36.01318], [-78.84081, 36.01326], [-78.84074, 36.01348], [-78.84071, 36.01358], [-78.84063, 36.01389], [-78.8406, 36.01404], [-78.84057, 36.01423], [-78.84048, 36.01523], [-78.84047, 36.01539], [-78.84048, 36.01556], [-78.8405, 36.01572], [-78.84052, 36.01587], [-78.84053, 36.01601], [-78.84055, 36.0163], [-78.84063, 36.0172], [-78.84066, 36.01759], [-78.84066, 36.01763], [-78.84072, 36.0184], [-78.84072, 36.01881], [-78.84073, 36.01933], [-78.84075, 36.02063], [-78.84077, 36.0212], [-78.84078, 36.02167], [-78.84082, 36.02204], [-78.84083, 36.02212], [-78.84083, 36.02213], [-78.84089, 36.02254], [-78.84102, 36.02339], [-78.84106, 36.02381], [-78.84107, 36.02399], [-78.84107, 36.02411], [-78.84106, 36.02431], [-78.84087, 36.02428], [-78.84069, 36.02425], [-78.84042, 36.02421], [-78.83961, 36.02408], [-78.83933, 36.02405], [-78.83907, 36.02403], [-78.83891, 36.02401], [-78.83886, 36.02401], [-78.83864, 36.02399], [-78.83842, 36.02399], [-78.83819, 36.02398], [-78.83777, 36.024], [-78.83744, 36.02402], [-78.83705, 36.02405], [-78.83657, 36.02407], [-78.8363, 36.02408], [-78.83614, 36.0241], [-78.83591, 36.02413], [-78.83566, 36.02418], [-78.83539, 36.02424], [-78.83507, 36.02434], [-78.83479, 36.02444], [-78.83456, 36.02454], [-78.83397, 36.02481], [-78.83374, 36.02492], [-78.83367, 36.02495], [-78.83346, 36.02507], [-78.83332, 36.02515], [-78.83327, 36.02518], [-78.83277, 36.02517], [-78.83068, 36.02521], [-78.83006, 36.02522], [-78.82873, 36.02524], [-78.82823, 36.02525], [-78.82749, 36.02525], [-78.82747, 36.02539], [-78.82743, 36.02554], [-78.82741, 36.02574], [-78.82737, 36.02611], [-78.82733, 36.02628], [-78.82726, 36.0264], [-78.82714, 36.02652], [-78.82704, 36.02661], [-78.82697, 36.02668], [-78.82691, 36.02676], [-78.82673, 36.02694], [-78.82667, 36.02697], [-78.82664, 36.02699], [-78.82659, 36.027], [-78.82654, 36.027], [-78.8265, 36.02701], [-78.82644, 36.02702], [-78.82636, 36.02702], [-78.82628, 36.02705], [-78.82624, 36.0271], [-78.82613, 36.02727], [-78.82611, 36.02733], [-78.82606, 36.02739], [-78.82595, 36.02761], [-78.82586, 36.02779], [-78.82569, 36.02806], [-78.82561, 36.02818], [-78.8255, 36.02834], [-78.82533, 36.02855], [-78.82524, 36.02863], [-78.82516, 36.02869], [-78.82503, 36.02879], [-78.8249, 36.02886], [-78.82477, 36.02896], [-78.82463, 36.02902], [-78.82402, 36.02929], [-78.82388, 36.0293], [-78.82374, 36.0293], [-78.82356, 36.02929], [-78.82325, 36.02925], [-78.82321, 36.02924], [-78.823, 36.02922], [-78.82281, 36.02919], [-78.82272, 36.02917], [-78.8225, 36.02914], [-78.82233, 36.02913], [-78.82197, 36.02913], [-78.82177, 36.02912], [-78.82166, 36.02911], [-78.82152, 36.02911], [-78.82133, 36.02913], [-78.82129, 36.02914], [-78.82119, 36.02919], [-78.82117, 36.02921], [-78.82101, 36.02931], [-78.82096, 36.02935], [-78.82093, 36.02936], [-78.82077, 36.02938], [-78.82072, 36.0294], [-78.82068, 36.02943], [-78.82066, 36.02945], [-78.82062, 36.02948], [-78.82061, 36.02949], [-78.82057, 36.02948], [-78.82052, 36.02947], [-78.82049, 36.02947], [-78.82045, 36.02947], [-78.82041, 36.02948], [-78.82033, 36.02955], [-78.82022, 36.02954], [-78.82013, 36.02954], [-78.81997, 36.02955], [-78.81995, 36.02955], [-78.81982, 36.02955], [-78.81973, 36.02956], [-78.81936, 36.02954], [-78.81923, 36.02951], [-78.8192, 36.0295], [-78.81917, 36.0295], [-78.81914, 36.0295], [-78.81907, 36.02951], [-78.81901, 36.02953], [-78.81891, 36.02958], [-78.81876, 36.0297], [-78.81862, 36.02983], [-78.81859, 36.02986], [-78.81852, 36.02992], [-78.81838, 36.03003], [-78.8183, 36.03011], [-78.81822, 36.03019], [-78.81794, 36.03038], [-78.81784, 36.03043], [-78.81746, 36.03062], [-78.81709, 36.03083], [-78.81667, 36.03106], [-78.81655, 36.03113], [-78.81612, 36.03138], [-78.81595, 36.03145], [-78.81549, 36.03171], [-78.81538, 36.03177], [-78.81531, 36.03179], [-78.81523, 36.0318], [-78.81513, 36.03179], [-78.81502, 36.03174], [-78.81493, 36.0317], [-78.81484, 36.03167], [-78.81472, 36.03166], [-78.81466, 36.03166], [-78.8146, 36.03164], [-78.81455, 36.03163], [-78.81452, 36.03161], [-78.81439, 36.03153], [-78.81431, 36.03149], [-78.81429, 36.03149], [-78.81425, 36.03148], [-78.81421, 36.03148], [-78.81419, 36.03149], [-78.81416, 36.0315], [-78.81413, 36.03152], [-78.81407, 36.0316], [-78.81404, 36.03162], [-78.814, 36.03164], [-78.81396, 36.03164], [-78.81393, 36.03164], [-78.8139, 36.03164], [-78.81379, 36.03164], [-78.81374, 36.03164], [-78.81371, 36.03166], [-78.81365, 36.03168], [-78.81357, 36.03173], [-78.81351, 36.03178], [-78.81344, 36.03185], [-78.81341, 36.0319], [-78.81334, 36.03196], [-78.81334, 36.03213], [-78.81333, 36.03227], [-78.81332, 36.03229], [-78.81327, 36.03234], [-78.81324, 36.03239], [-78.81319, 36.03242], [-78.81317, 36.03246], [-78.81315, 36.03252], [-78.81314, 36.03258], [-78.81314, 36.03264], [-78.81313, 36.03274], [-78.81311, 36.03278], [-78.81299, 36.0329], [-78.81293, 36.03293], [-78.81288, 36.03299], [-78.81285, 36.03306], [-78.8128, 36.03324], [-78.81272, 36.03339], [-78.81268, 36.03347], [-78.81261, 36.03355], [-78.81251, 36.03369], [-78.81247, 36.03375], [-78.81245, 36.03378], [-78.81243, 36.0338], [-78.81237, 36.03383], [-78.81232, 36.03384], [-78.81226, 36.03388], [-78.81223, 36.0339], [-78.8122, 36.03394], [-78.81211, 36.03407], [-78.81205, 36.03415], [-78.812, 36.03417], [-78.81191, 36.0342], [-78.81185, 36.03422], [-78.81176, 36.03423], [-78.81173, 36.03424], [-78.8117, 36.03425], [-78.81166, 36.0343], [-78.81163, 36.03434], [-78.81163, 36.03437], [-78.81161, 36.0344], [-78.81159, 36.03441], [-78.81155, 36.03442], [-78.81144, 36.03442], [-78.81134, 36.03442], [-78.81131, 36.03442], [-78.81124, 36.03445], [-78.81119, 36.03448], [-78.81115, 36.03452], [-78.81109, 36.0346], [-78.81094, 36.03478], [-78.81078, 36.035], [-78.81073, 36.03504], [-78.81067, 36.03507], [-78.81057, 36.03512], [-78.81018, 36.0353], [-78.81008, 36.03536], [-78.81002, 36.03542], [-78.80994, 36.03558], [-78.80993, 36.03559], [-78.8099, 36.03564], [-78.80986, 36.03567], [-78.80979, 36.0357], [-78.80975, 36.03571], [-78.80968, 36.03571], [-78.8096, 36.0357], [-78.80951, 36.0357], [-78.8094, 36.03572], [-78.80937, 36.03574], [-78.80933, 36.03578], [-78.80931, 36.03578], [-78.80922, 36.03578], [-78.80912, 36.03579], [-78.8089, 36.03586], [-78.80881, 36.03589], [-78.80871, 36.03589], [-78.8085, 36.03586], [-78.80841, 36.03585], [-78.80831, 36.03586], [-78.80822, 36.03589], [-78.80814, 36.03594], [-78.80806, 36.036], [-78.808, 36.03604], [-78.80792, 36.03609], [-78.80784, 36.03609], [-78.80777, 36.03609], [-78.80766, 36.0361], [-78.80762, 36.03612], [-78.80758, 36.0362], [-78.80756, 36.03625], [-78.80752, 36.03631], [-78.8075, 36.03633], [-78.80745, 36.03635], [-78.80735, 36.03638], [-78.80733, 36.03639], [-78.80705, 36.03653], [-78.80693, 36.03659], [-78.80687, 36.03662], [-78.80677, 36.03668], [-78.80675, 36.03668], [-78.80652, 36.03687], [-78.80649, 36.03689], [-78.80647, 36.03688], [-78.80643, 36.03691], [-78.8064, 36.03691], [-78.80632, 36.03695], [-78.8062, 36.03701], [-78.80619, 36.03702], [-78.80612, 36.03704], [-78.80605, 36.03709], [-78.806, 36.03716], [-78.80597, 36.03718], [-78.80593, 36.03719], [-78.80591, 36.0372], [-78.8059, 36.03721], [-78.80585, 36.03722], [-78.80581, 36.03722], [-78.80578, 36.03721], [-78.80576, 36.0372], [-78.80576, 36.03717], [-78.80574, 36.03715], [-78.80571, 36.03714], [-78.80567, 36.03714], [-78.80564, 36.03715], [-78.80561, 36.03715], [-78.80559, 36.03716], [-78.80551, 36.03717], [-78.80549, 36.03717], [-78.80546, 36.03718], [-78.80542, 36.03718], [-78.80539, 36.03719], [-78.80532, 36.03722], [-78.80526, 36.03724], [-78.80523, 36.03724], [-78.80521, 36.03723], [-78.80517, 36.03721], [-78.80515, 36.03719], [-78.80514, 36.03717], [-78.80515, 36.03715], [-78.80515, 36.03714], [-78.80516, 36.03713], [-78.80518, 36.03711], [-78.8052, 36.0371], [-78.80523, 36.03709], [-78.80527, 36.03709], [-78.8053, 36.03707], [-78.80531, 36.03706], [-78.80533, 36.03704], [-78.80533, 36.03702], [-78.80532, 36.03701], [-78.8053, 36.03699], [-78.80526, 36.03697], [-78.80517, 36.03694], [-78.80513, 36.03694], [-78.80509, 36.03694], [-78.80506, 36.03695], [-78.80502, 36.037], [-78.80496, 36.03704], [-78.80495, 36.03706], [-78.80493, 36.03708], [-78.80491, 36.0371], [-78.80489, 36.03712], [-78.80486, 36.03713], [-78.80483, 36.03714], [-78.80479, 36.03714], [-78.80476, 36.03713], [-78.80471, 36.03711], [-78.80464, 36.03708], [-78.8046, 36.03707], [-78.80457, 36.03707], [-78.80453, 36.03708], [-78.80451, 36.0371], [-78.80449, 36.03711], [-78.80445, 36.03717], [-78.80444, 36.03718], [-78.8044, 36.0372], [-78.80437, 36.0372], [-78.80435, 36.0372], [-78.80423, 36.03719], [-78.80419, 36.03717], [-78.80415, 36.03717], [-78.80411, 36.03716], [-78.80408, 36.03716], [-78.80405, 36.03718], [-78.80403, 36.0372], [-78.80402, 36.03722], [-78.80401, 36.03723], [-78.80399, 36.03725], [-78.80395, 36.03727], [-78.80392, 36.03729], [-78.80388, 36.03729], [-78.80385, 36.03731], [-78.80383, 36.03734], [-78.80381, 36.03736], [-78.8038, 36.03739], [-78.8038, 36.03745], [-78.80379, 36.03747], [-78.80374, 36.0375], [-78.80372, 36.03753], [-78.8037, 36.03755], [-78.80365, 36.03759], [-78.80361, 36.03763], [-78.80358, 36.03765], [-78.80355, 36.03767], [-78.80354, 36.03769], [-78.80351, 36.03772], [-78.80349, 36.03773], [-78.80347, 36.03775], [-78.80345, 36.03777], [-78.80343, 36.03779], [-78.80341, 36.03781], [-78.80335, 36.03785], [-78.80334, 36.03786], [-78.80332, 36.03787], [-78.80328, 36.03788], [-78.80325, 36.03789], [-78.80321, 36.03788], [-78.80318, 36.03788], [-78.80314, 36.03788], [-78.80311, 36.03788], [-78.80307, 36.0379], [-78.80305, 36.03791], [-78.80305, 36.03792], [-78.80303, 36.03796], [-78.80299, 36.03801], [-78.80296, 36.03803], [-78.80293, 36.03805], [-78.80289, 36.03806], [-78.80285, 36.03807], [-78.80278, 36.03805], [-78.80274, 36.03803], [-78.80272, 36.038], [-78.8027, 36.03798], [-78.80268, 36.03797], [-78.80266, 36.03797], [-78.80264, 36.03797], [-78.80262, 36.038], [-78.80262, 36.03804], [-78.80263, 36.03807], [-78.80265, 36.0381], [-78.80267, 36.03812], [-78.80271, 36.03816], [-78.80272, 36.03818], [-78.80274, 36.03821], [-78.80278, 36.03826], [-78.80282, 36.03831], [-78.80284, 36.03835], [-78.80284, 36.03837], [-78.80283, 36.0384], [-78.80279, 36.03843], [-78.80275, 36.03845], [-78.80272, 36.03847], [-78.80268, 36.03848], [-78.80265, 36.03848], [-78.80261, 36.03848], [-78.80258, 36.03847], [-78.80251, 36.03845], [-78.80247, 36.03843], [-78.80244, 36.03841], [-78.80241, 36.0384], [-78.80239, 36.03839], [-78.80235, 36.03839], [-78.80232, 36.03839], [-78.8023, 36.03839], [-78.80228, 36.0384], [-78.80227, 36.03842], [-78.80224, 36.03844], [-78.80223, 36.03847], [-78.80221, 36.0385], [-78.80218, 36.03852], [-78.80214, 36.03854], [-78.80211, 36.03854], [-78.80208, 36.03855], [-78.80204, 36.03856], [-78.80201, 36.03857], [-78.80197, 36.03857], [-78.8019, 36.03858], [-78.8018, 36.03857], [-78.80165, 36.03844], [-78.80161, 36.03842], [-78.80155, 36.03843], [-78.80152, 36.03847], [-78.80149, 36.0385], [-78.80145, 36.03851], [-78.80142, 36.03852], [-78.80124, 36.03852], [-78.8012, 36.03855], [-78.80116, 36.03859], [-78.80111, 36.03864], [-78.80104, 36.03871], [-78.80094, 36.03878], [-78.80085, 36.03882], [-78.80071, 36.03885], [-78.80059, 36.03887], [-78.80051, 36.0389], [-78.80037, 36.03897], [-78.80034, 36.03898], [-78.80025, 36.03899], [-78.80015, 36.03899], [-78.79999, 36.03898], [-78.79993, 36.03899], [-78.79982, 36.03902], [-78.79976, 36.03906], [-78.79974, 36.03908], [-78.79973, 36.03913], [-78.79971, 36.03918], [-78.79968, 36.03934], [-78.79964, 36.03941], [-78.79961, 36.03945], [-78.79958, 36.03954], [-78.79957, 36.03959], [-78.79959, 36.03964], [-78.79968, 36.03975], [-78.79968, 36.03977], [-78.79968, 36.03983], [-78.79966, 36.03986], [-78.79962, 36.03989], [-78.79954, 36.03995], [-78.79941, 36.04001], [-78.79929, 36.04009], [-78.79915, 36.04026], [-78.79912, 36.04031], [-78.79911, 36.04037], [-78.7991, 36.04044], [-78.79909, 36.04048], [-78.79905, 36.04054], [-78.79903, 36.04055], [-78.79899, 36.04055], [-78.79875, 36.04055], [-78.79872, 36.04056], [-78.79865, 36.04056], [-78.79859, 36.04056], [-78.79853, 36.04056], [-78.79849, 36.04055], [-78.7984, 36.04052], [-78.79834, 36.04049], [-78.7983, 36.04045], [-78.79815, 36.04031], [-78.79812, 36.04029], [-78.79807, 36.04026], [-78.79801, 36.04024], [-78.79795, 36.04024], [-78.79784, 36.04024], [-78.79779, 36.04023], [-78.79765, 36.04015], [-78.79762, 36.04015], [-78.79757, 36.04015], [-78.79755, 36.04015], [-78.79744, 36.0402], [-78.7974, 36.04021], [-78.79723, 36.04031], [-78.79695, 36.04049], [-78.79677, 36.04063], [-78.79665, 36.04076], [-78.7966, 36.04084], [-78.79655, 36.0409], [-78.7965, 36.04093], [-78.79647, 36.04093], [-78.79643, 36.04093], [-78.79636, 36.04095], [-78.79631, 36.04097], [-78.79629, 36.04099], [-78.79628, 36.04103], [-78.79627, 36.04115], [-78.79625, 36.04122], [-78.7962, 36.04127], [-78.7961, 36.04132], [-78.79598, 36.0414], [-78.79582, 36.04148], [-78.79549, 36.04164], [-78.79535, 36.04169], [-78.79524, 36.04169], [-78.79516, 36.04167], [-78.79499, 36.0416], [-78.79491, 36.04155], [-78.79475, 36.04147], [-78.79464, 36.04142], [-78.79447, 36.04137], [-78.79439, 36.04136], [-78.7943, 36.04137], [-78.79416, 36.04139], [-78.7941, 36.04142], [-78.79405, 36.04149], [-78.79404, 36.04153], [-78.79403, 36.04159], [-78.79403, 36.04175], [-78.79401, 36.04179], [-78.794, 36.04181], [-78.79394, 36.04185], [-78.79391, 36.04186], [-78.79382, 36.04187], [-78.79376, 36.04188], [-78.79372, 36.04189], [-78.79368, 36.04192], [-78.79368, 36.04194], [-78.79368, 36.04199], [-78.7937, 36.04204], [-78.79374, 36.04208], [-78.79375, 36.04211], [-78.79376, 36.04214], [-78.79375, 36.04216], [-78.79372, 36.04219], [-78.79368, 36.0422], [-78.79364, 36.0422], [-78.79359, 36.0422], [-78.79354, 36.04219], [-78.79344, 36.04213], [-78.79339, 36.0421], [-78.79333, 36.04209], [-78.79324, 36.04209], [-78.79315, 36.0421], [-78.79301, 36.04211], [-78.79271, 36.04212], [-78.79261, 36.0421], [-78.79255, 36.04208], [-78.79248, 36.04205], [-78.79242, 36.04202], [-78.79239, 36.042], [-78.79236, 36.04199], [-78.79231, 36.04198], [-78.79224, 36.04199], [-78.79222, 36.04202], [-78.79221, 36.04203], [-78.79223, 36.04219], [-78.79221, 36.04224], [-78.79219, 36.04227], [-78.79215, 36.04229], [-78.7921, 36.04231], [-78.79202, 36.04232], [-78.79192, 36.04232], [-78.79182, 36.04229], [-78.79149, 36.04217], [-78.7914, 36.04213], [-78.79127, 36.04209], [-78.79101, 36.04203], [-78.79089, 36.04202], [-78.7906, 36.04205], [-78.79051, 36.04207], [-78.79038, 36.04212], [-78.79033, 36.04214], [-78.79027, 36.04218], [-78.79024, 36.04221], [-78.7901, 36.04238], [-78.79006, 36.04245], [-78.79003, 36.04249], [-78.78991, 36.04274], [-78.78985, 36.04295], [-78.78983, 36.043], [-78.78971, 36.04327], [-78.78966, 36.04332], [-78.78962, 36.04336], [-78.7895, 36.04341], [-78.7894, 36.04345], [-78.78933, 36.0435], [-78.78931, 36.04352], [-78.78928, 36.04354], [-78.78925, 36.04355], [-78.78921, 36.04355], [-78.78916, 36.04354], [-78.78909, 36.04354], [-78.78903, 36.04355], [-78.78895, 36.04359], [-78.78889, 36.04361], [-78.78882, 36.04367], [-78.78841, 36.0439], [-78.78827, 36.04396], [-78.78821, 36.04398], [-78.78815, 36.04399], [-78.78808, 36.04399], [-78.78791, 36.04395], [-78.78781, 36.04391], [-78.78771, 36.04389], [-78.78753, 36.04389], [-78.78746, 36.04389], [-78.78739, 36.04389], [-78.78732, 36.04387], [-78.78729, 36.04385], [-78.78728, 36.04383], [-78.78728, 36.0438], [-78.7873, 36.04377], [-78.78738, 36.0437], [-78.78742, 36.04364], [-78.78742, 36.04361], [-78.78742, 36.04359], [-78.78739, 36.04356], [-78.78736, 36.04355], [-78.78733, 36.04355], [-78.7873, 36.04355], [-78.78717, 36.04359], [-78.7871, 36.04363], [-78.78659, 36.04401], [-78.78651, 36.04407], [-78.78643, 36.04418], [-78.7864, 36.04423], [-78.78623, 36.04453], [-78.7862, 36.04456], [-78.78618, 36.04456], [-78.78613, 36.04455], [-78.78602, 36.04448], [-78.78596, 36.04447], [-78.78591, 36.04448], [-78.78587, 36.0445], [-78.78584, 36.04451], [-78.78584, 36.04452], [-78.78586, 36.04461], [-78.78563, 36.04479], [-78.78519, 36.04501], [-78.7838, 36.04546], [-78.78252, 36.0465], [-78.78152, 36.04695], [-78.7808, 36.04708], [-78.78052, 36.04722], [-78.78042, 36.04722], [-78.78002, 36.04726], [-78.77947, 36.04757], [-78.7793, 36.04757], [-78.77869, 36.04784], [-78.77847, 36.04793], [-78.77819, 36.04793], [-78.77797, 36.04811], [-78.77697, 36.0491], [-78.77563, 36.05009], [-78.77519, 36.05054], [-78.77505, 36.05114], [-78.77465, 36.05147], [-78.77492, 36.05157], [-78.77474, 36.05171], [-78.77468, 36.05198], [-78.77428, 36.05253], [-78.77413, 36.05275], [-78.77325, 36.0545], [-78.77167, 36.05547], [-78.77032, 36.05576], [-78.76913, 36.05564], [-78.76843, 36.05557], [-78.76336, 36.05336], [-78.76352, 36.05444], [-78.76369, 36.05484], [-78.76429, 36.05575], [-78.77265, 36.06257], [-78.77268, 36.06261], [-78.77313, 36.06328], [-78.77274, 36.06367], [-78.77241, 36.0643], [-78.77162, 36.06492], [-78.77113, 36.06566], [-78.77006, 36.0667], [-78.7692, 36.06738], [-78.76841, 36.06808], [-78.76786, 36.06875], [-78.76706, 36.06969], [-78.76659, 36.0704], [-78.7664, 36.07122], [-78.76722, 36.07124], [-78.77025, 36.07132], [-78.77333, 36.0714], [-78.77624, 36.07147], [-78.777, 36.07149], [-78.77706, 36.07149], [-78.77728, 36.0715], [-78.77746, 36.0715], [-78.77914, 36.07155], [-78.77946, 36.07198], [-78.77955, 36.07209], [-78.77974, 36.07224], [-78.77996, 36.07231], [-78.78016, 36.07232], [-78.78041, 36.07232], [-78.78059, 36.07232], [-78.78076, 36.0723], [-78.78088, 36.07228], [-78.78103, 36.07223], [-78.78112, 36.0722], [-78.78126, 36.07213], [-78.78138, 36.07204], [-78.78152, 36.07187], [-78.78166, 36.07162], [-78.78173, 36.07146], [-78.78177, 36.07134], [-78.78182, 36.07113], [-78.78187, 36.07095], [-78.78198, 36.07066], [-78.78205, 36.07052], [-78.78217, 36.07036], [-78.78236, 36.07019], [-78.78244, 36.07014], [-78.7826, 36.07007], [-78.78271, 36.07002], [-78.78284, 36.06997], [-78.783, 36.06994], [-78.78317, 36.06994], [-78.78337, 36.06994], [-78.78366, 36.06998], [-78.7838, 36.07002], [-78.784, 36.07012], [-78.78416, 36.07024], [-78.78442, 36.07046], [-78.78455, 36.07059], [-78.78467, 36.07071], [-78.78477, 36.07082], [-78.78497, 36.07099], [-78.78515, 36.07111], [-78.78545, 36.07128], [-78.78571, 36.0714], [-78.78595, 36.07151], [-78.78612, 36.07154], [-78.78647, 36.07156], [-78.7868, 36.07156], [-78.78697, 36.07159], [-78.78722, 36.07165], [-78.78741, 36.07172], [-78.78755, 36.0718], [-78.78763, 36.07186], [-78.7878, 36.07206], [-78.78788, 36.0722], [-78.78797, 36.07241], [-78.78802, 36.07252], [-78.78808, 36.07278], [-78.78811, 36.07292], [-78.78816, 36.07325], [-78.78814, 36.07346], [-78.78809, 36.0737], [-78.78801, 36.07389], [-78.78795, 36.07401], [-78.7879, 36.07408], [-78.7877, 36.07432], [-78.78749, 36.07452], [-78.78712, 36.07487], [-78.78685, 36.0751], [-78.78656, 36.07531], [-78.78631, 36.07547], [-78.7861, 36.07559], [-78.78588, 36.0757], [-78.78568, 36.07579], [-78.78547, 36.07587], [-78.7852, 36.07598], [-78.78496, 36.0761], [-78.78483, 36.07619], [-78.78475, 36.0763], [-78.78471, 36.07637], [-78.78473, 36.07651], [-78.78489, 36.07673], [-78.78517, 36.07693], [-78.78548, 36.07705], [-78.78626, 36.0773], [-78.78637, 36.07734], [-78.78648, 36.07738], [-78.78677, 36.07751], [-78.78706, 36.07767], [-78.78725, 36.07779], [-78.78746, 36.07795], [-78.78768, 36.07812], [-78.78795, 36.07831], [-78.78827, 36.0785], [-78.78859, 36.07865], [-78.78872, 36.0787], [-78.78884, 36.07873], [-78.78896, 36.07876], [-78.78909, 36.07879], [-78.78923, 36.07882], [-78.78933, 36.07883], [-78.78958, 36.07885], [-78.78972, 36.07885], [-78.78982, 36.07885], [-78.7899, 36.07884], [-78.79005, 36.07878], [-78.79023, 36.07865], [-78.7903, 36.07858], [-78.79044, 36.07842], [-78.79053, 36.07832], [-78.79067, 36.07814], [-78.79088, 36.0779], [-78.79095, 36.07783], [-78.79104, 36.07776], [-78.79112, 36.0777], [-78.79131, 36.0776], [-78.7915, 36.07752], [-78.79167, 36.07746], [-78.79177, 36.07743], [-78.79188, 36.07742], [-78.79208, 36.0774], [-78.79239, 36.07738], [-78.79256, 36.07738], [-78.79269, 36.0774], [-78.79279, 36.07744], [-78.79287, 36.07747], [-78.79299, 36.07755], [-78.79309, 36.07769], [-78.79315, 36.07787], [-78.79314, 36.07795], [-78.79306, 36.07811], [-78.79295, 36.07826], [-78.79259, 36.07868], [-78.79231, 36.07901], [-78.7919, 36.07949], [-78.79169, 36.07974], [-78.79151, 36.07997], [-78.79134, 36.08018], [-78.79113, 36.08045], [-78.79097, 36.08065], [-78.79087, 36.08086], [-78.79081, 36.0811], [-78.7908, 36.08171], [-78.79083, 36.08186], [-78.79088, 36.08201], [-78.79097, 36.08222], [-78.79103, 36.08233], [-78.7911, 36.08242], [-78.79118, 36.08252], [-78.79129, 36.08265], [-78.79141, 36.08278], [-78.79157, 36.08293], [-78.7916, 36.08296], [-78.79166, 36.08303], [-78.79173, 36.0831], [-78.79179, 36.08319], [-78.79186, 36.08326], [-78.79193, 36.08336], [-78.79196, 36.0834], [-78.79202, 36.08349], [-78.79206, 36.08356], [-78.79209, 36.08366], [-78.79211, 36.08373], [-78.79211, 36.08376], [-78.79212, 36.08391], [-78.79212, 36.08394], [-78.7921, 36.08414], [-78.79204, 36.08443], [-78.79199, 36.08475], [-78.79202, 36.08501], [-78.79209, 36.08532], [-78.79212, 36.08539], [-78.79219, 36.0855], [-78.79225, 36.08563], [-78.79233, 36.08573], [-78.79239, 36.08581], [-78.79258, 36.08597], [-78.79286, 36.08613], [-78.79323, 36.08632], [-78.79343, 36.08641], [-78.7936, 36.08644], [-78.79381, 36.08642], [-78.794, 36.08641], [-78.79421, 36.08636], [-78.79436, 36.08633], [-78.79476, 36.08622], [-78.79548, 36.08592], [-78.79642, 36.08535], [-78.79675, 36.08513], [-78.79725, 36.08483], [-78.79761, 36.08467], [-78.79781, 36.08461], [-78.79812, 36.0846], [-78.79831, 36.08461], [-78.79851, 36.08465], [-78.7987, 36.08472], [-78.79907, 36.08489], [-78.79948, 36.08509], [-78.79982, 36.08523], [-78.80019, 36.08536], [-78.80035, 36.08541], [-78.80077, 36.08555], [-78.80121, 36.08568], [-78.80159, 36.08579], [-78.80215, 36.08594], [-78.80242, 36.08601], [-78.80273, 36.08606], [-78.80334, 36.08617], [-78.80364, 36.08623], [-78.80417, 36.08633], [-78.80437, 36.08638], [-78.80465, 36.08645], [-78.80493, 36.08653], [-78.80503, 36.08656], [-78.80519, 36.0866], [-78.80528, 36.08663], [-78.80541, 36.08666], [-78.80575, 36.08676], [-78.80595, 36.0868], [-78.80615, 36.08683], [-78.80631, 36.08686], [-78.80645, 36.08688], [-78.80661, 36.08691], [-78.80684, 36.08698], [-78.80694, 36.08701], [-78.807, 36.08703], [-78.80714, 36.08708], [-78.80723, 36.08712], [-78.80732, 36.08717], [-78.8074, 36.08723], [-78.80748, 36.08729], [-78.80754, 36.08737], [-78.80758, 36.08745], [-78.80761, 36.08757], [-78.80762, 36.08769], [-78.80762, 36.08771], [-78.80762, 36.08774], [-78.80761, 36.0878], [-78.80761, 36.08782], [-78.80761, 36.08783], [-78.8076, 36.08788], [-78.80758, 36.08796], [-78.80754, 36.08803], [-78.80751, 36.08809], [-78.80749, 36.08813], [-78.80745, 36.08819], [-78.80742, 36.08821], [-78.8074, 36.08824], [-78.80738, 36.08826], [-78.80729, 36.08834], [-78.80712, 36.08842], [-78.80701, 36.08846], [-78.80681, 36.08851], [-78.80678, 36.08852], [-78.80672, 36.08853], [-78.80658, 36.08855], [-78.80649, 36.08856], [-78.80645, 36.08857], [-78.80633, 36.08857], [-78.80631, 36.08858], [-78.80617, 36.08857], [-78.80599, 36.08853], [-78.80589, 36.0885], [-78.80583, 36.08847], [-78.80576, 36.08845], [-78.80566, 36.08843], [-78.80552, 36.08843], [-78.80548, 36.08843], [-78.80531, 36.08845], [-78.80507, 36.08847], [-78.8049, 36.08849], [-78.8048, 36.0885], [-78.80477, 36.0885], [-78.80463, 36.08853], [-78.80449, 36.08858], [-78.80433, 36.08862], [-78.80427, 36.08864], [-78.80424, 36.08865], [-78.80418, 36.08868], [-78.80409, 36.08871], [-78.80405, 36.08873], [-78.80399, 36.08875], [-78.80392, 36.08878], [-78.80383, 36.08881], [-78.80375, 36.08885], [-78.80362, 36.0889], [-78.8036, 36.08891], [-78.8035, 36.08896], [-78.80338, 36.08903], [-78.80328, 36.08909], [-78.80322, 36.08915], [-78.80313, 36.08929], [-78.80309, 36.08939], [-78.80307, 36.08949], [-78.80306, 36.08956], [-78.80307, 36.08971], [-78.80307, 36.08976], [-78.8031, 36.08989], [-78.80312, 36.08996], [-78.80314, 36.09005], [-78.80318, 36.09014], [-78.80322, 36.0902], [-78.80328, 36.09028], [-78.80335, 36.09036], [-78.80348, 36.0905], [-78.80354, 36.09057], [-78.80356, 36.09059], [-78.80363, 36.09065], [-78.80376, 36.09074], [-78.80387, 36.09082], [-78.804, 36.09092], [-78.80402, 36.09093], [-78.80415, 36.09103], [-78.80434, 36.09122], [-78.80447, 36.09135], [-78.80455, 36.09144], [-78.80466, 36.09155], [-78.8047, 36.09163], [-78.80476, 36.09174], [-78.80484, 36.09188], [-78.8049, 36.09198], [-78.80539, 36.0922], [-78.80737, 36.09312], [-78.80738, 36.09313], [-78.80838, 36.09395], [-78.80888, 36.09422], [-78.80902, 36.09428], [-78.8094, 36.09445], [-78.80997, 36.0947], [-78.81032, 36.09485], [-78.81149, 36.09503], [-78.81284, 36.09507], [-78.81328, 36.09509], [-78.81442, 36.09512], [-78.8162, 36.09517], [-78.81787, 36.09518], [-78.81837, 36.09522], [-78.81886, 36.09526], [-78.81898, 36.09527], [-78.8193, 36.09526], [-78.82031, 36.09523], [-78.82076, 36.09487], [-78.82093, 36.09487], [-78.8212, 36.09487], [-78.82159, 36.09487], [-78.82198, 36.09455], [-78.82231, 36.09451], [-78.82348, 36.09347], [-78.82393, 36.09266], [-78.82423, 36.09236], [-78.82487, 36.09172], [-78.82493, 36.09131], [-78.8246, 36.09104], [-78.82388, 36.09104], [-78.82304, 36.0914], [-78.82226, 36.0914], [-78.8221, 36.09126], [-78.82215, 36.09059], [-78.82249, 36.08991], [-78.82249, 36.08937], [-78.82227, 36.08892], [-78.82227, 36.08852], [-78.82233, 36.08838], [-78.8226, 36.08815], [-78.82338, 36.08811], [-78.82405, 36.08847], [-78.82466, 36.08861], [-78.82582, 36.08856], [-78.82718, 36.08814], [-78.82755, 36.08803], [-78.82805, 36.08776], [-78.8286, 36.08731], [-78.82849, 36.08686], [-78.82855, 36.08587], [-78.82888, 36.0856], [-78.82949, 36.08551], [-78.83016, 36.08519], [-78.83033, 36.08519], [-78.83099, 36.08492], [-78.83471, 36.08502], [-78.83582, 36.08484], [-78.83644, 36.08439], [-78.83649, 36.08358], [-78.83705, 36.08313], [-78.83733, 36.08313], [-78.83744, 36.08304], [-78.83833, 36.083], [-78.83883, 36.08268], [-78.83949, 36.08245], [-78.84082, 36.08237], [-78.84141, 36.08221], [-78.84205, 36.08165], [-78.84205, 36.08102], [-78.84133, 36.08043], [-78.84105, 36.08034], [-78.84091, 36.08022], [-78.84066, 36.08002], [-78.84078, 36.0789], [-78.84039, 36.07858], [-78.83983, 36.07858], [-78.83839, 36.07903], [-78.83756, 36.07907], [-78.83706, 36.07871], [-78.83667, 36.07808], [-78.83573, 36.07727], [-78.83556, 36.07704], [-78.83562, 36.07637], [-78.8359, 36.07592], [-78.83618, 36.07569], [-78.83673, 36.07551], [-78.83806, 36.07542], [-78.83912, 36.07583], [-78.84062, 36.07588], [-78.84089, 36.07583], [-78.84178, 36.07547], [-78.84273, 36.07489], [-78.84328, 36.07444], [-78.84362, 36.07385], [-78.84367, 36.07293], [-78.84373, 36.07196], [-78.84384, 36.07169], [-78.84398, 36.07158], [-78.8439, 36.07133], [-78.84396, 36.07092], [-78.84429, 36.07065], [-78.84464, 36.07066], [-78.84479, 36.07066], [-78.8454, 36.07079], [-78.84718, 36.07079], [-78.84779, 36.07075], [-78.8484, 36.07057], [-78.84873, 36.07057], [-78.84945, 36.0703], [-78.8499, 36.06994], [-78.85051, 36.06868], [-78.85075, 36.06848], [-78.85084, 36.06841], [-78.85129, 36.06837], [-78.85201, 36.06855], [-78.85273, 36.06891], [-78.85323, 36.06931], [-78.85328, 36.06945], [-78.85334, 36.07049], [-78.85361, 36.07067], [-78.85461, 36.07089], [-78.85561, 36.07171], [-78.856, 36.0718], [-78.8595, 36.0718], [-78.85961, 36.07189], [-78.86009, 36.07189], [-78.86012, 36.07184], [-78.86019, 36.07171], [-78.86025, 36.0716], [-78.86094, 36.07024], [-78.86115, 36.06979], [-78.86122, 36.06963], [-78.86128, 36.06945], [-78.86135, 36.06926], [-78.86145, 36.06889], [-78.86159, 36.0682], [-78.86163, 36.06795], [-78.86186, 36.06657], [-78.86194, 36.0661], [-78.86198, 36.06592], [-78.86202, 36.06577], [-78.86207, 36.06563], [-78.86216, 36.06539], [-78.86229, 36.06508], [-78.86235, 36.06496], [-78.86252, 36.06467], [-78.86261, 36.06452], [-78.86315, 36.06374], [-78.8637, 36.06294], [-78.86472, 36.06149], [-78.86602, 36.05965], [-78.8667, 36.05867], [-78.8698, 36.05427], [-78.87018, 36.0537], [-78.87027, 36.05356], [-78.87036, 36.05338], [-78.8705, 36.05306], [-78.87061, 36.05274], [-78.87153, 36.04994], [-78.87193, 36.04875], [-78.87236, 36.04744], [-78.87266, 36.04649], [-78.87282, 36.04602], [-78.87292, 36.04572], [-78.87325, 36.0447], [-78.87377, 36.0431], [-78.87379, 36.04304], [-78.87398, 36.04246], [-78.87403, 36.04229], [-78.87419, 36.04183], [-78.87402, 36.04179], [-78.87375, 36.04172], [-78.87349, 36.04167], [-78.87343, 36.04169], [-78.87337, 36.04171], [-78.87267, 36.04171], [-78.87158, 36.04173], [-78.87157, 36.0406], [-78.87157, 36.04047], [-78.87155, 36.03945], [-78.87153, 36.03824], [-78.87152, 36.03789], [-78.87152, 36.03781], [-78.87152, 36.03725], [-78.87027, 36.03705], [-78.87014, 36.03702], [-78.87002, 36.03699], [-78.86988, 36.03695], [-78.8696, 36.03685], [-78.86947, 36.0368], [-78.86933, 36.03673], [-78.86919, 36.03665], [-78.86908, 36.03659], [-78.86891, 36.03648], [-78.86868, 36.0363], [-78.86861, 36.03623], [-78.86853, 36.03615], [-78.86835, 36.03594], [-78.86797, 36.03549], [-78.86793, 36.03542], [-78.86789, 36.03533], [-78.86788, 36.03524], [-78.86787, 36.03517], [-78.86787, 36.03511], [-78.86788, 36.03503], [-78.8679, 36.03494], [-78.86797, 36.03476], [-78.86782, 36.03472], [-78.86768, 36.0347], [-78.86759, 36.0347], [-78.86747, 36.03471], [-78.86716, 36.03478], [-78.8666, 36.03493], [-78.86652, 36.03495], [-78.86647, 36.03496], [-78.86639, 36.03495], [-78.86626, 36.03491], [-78.86619, 36.03488], [-78.86613, 36.03483], [-78.86606, 36.0347], [-78.86597, 36.03435], [-78.86586, 36.03391], [-78.86585, 36.03382], [-78.86587, 36.03373], [-78.86592, 36.03367], [-78.86598, 36.0336], [-78.86601, 36.03357], [-78.86611, 36.03352], [-78.86618, 36.0335], [-78.86624, 36.03349], [-78.8663, 36.03348], [-78.86706, 36.03336], [-78.86761, 36.03327], [-78.86797, 36.03315], [-78.86811, 36.03311], [-78.86828, 36.03307], [-78.86836, 36.03307], [-78.86856, 36.03306], [-78.86867, 36.03306], [-78.86882, 36.03308], [-78.86891, 36.0331], [-78.86899, 36.03312], [-78.86947, 36.03328], [-78.86957, 36.03319], [-78.8697, 36.03308], [-78.86985, 36.03293], [-78.86994, 36.03282], [-78.87001, 36.03271], [-78.87008, 36.03257], [-78.87013, 36.03244], [-78.87015, 36.03237], [-78.8702, 36.03238], [-78.87032, 36.03242], [-78.87042, 36.03245], [-78.87056, 36.03253], [-78.87062, 36.03255], [-78.87079, 36.03259], [-78.87091, 36.03263], [-78.87105, 36.03268], [-78.87114, 36.03271], [-78.87126, 36.03271], [-78.87129, 36.0327], [-78.87138, 36.03269], [-78.87146, 36.0327], [-78.87156, 36.03273], [-78.87163, 36.03277], [-78.87169, 36.03285], [-78.87173, 36.03289], [-78.8719, 36.033], [-78.87212, 36.03316], [-78.87219, 36.03319], [-78.87228, 36.0332], [-78.87233, 36.0332], [-78.87249, 36.03323], [-78.87246, 36.03312], [-78.87244, 36.03296], [-78.87243, 36.03284], [-78.87245, 36.03254], [-78.87247, 36.03237], [-78.87268, 36.03116], [-78.87275, 36.03082], [-78.87276, 36.03074], [-78.87276, 36.03073], [-78.87315, 36.02863], [-78.87366, 36.0259], [-78.87389, 36.02466], [-78.87411, 36.02348], [-78.87417, 36.02316], [-78.87469, 36.02044], [-78.87484, 36.01961], [-78.87493, 36.01913], [-78.87512, 36.01816], [-78.87538, 36.01679], [-78.87552, 36.01598], [-78.87555, 36.01575], [-78.87557, 36.0155]]]}}, {"type": "Feature", "properties": {"tract_id": "37063002025", "name": "Census Tract 20.25", "pct_white_2020": 26.9, "pct_black_2020": 48.5, "pct_hispanic_2020": 10.7, "pct_asian_2020": 10.1, "population_2020": 6443}, "geometry": {"type": "Polygon", "coordinates": [[[-78.92534, 35.9385], [-78.92542, 35.93828], [-78.92524, 35.93823], [-78.92505, 35.93816], [-78.92488, 35.93808], [-78.92473, 35.93799], [-78.92458, 35.93788], [-78.92444, 35.93776], [-78.92394, 35.93723], [-78.92344, 35.9367], [-78.92323, 35.9365], [-78.92303, 35.93634], [-78.92279, 35.93617], [-78.92252, 35.936], [-78.92236, 35.93592], [-78.92244, 35.93581], [-78.9225, 35.9357], [-78.92255, 35.93558], [-78.92257, 35.93546], [-78.92257, 35.93536], [-78.92256, 35.93521], [-78.92254, 35.93508], [-78.92249, 35.93467], [-78.92238, 35.93388], [-78.92233, 35.9337], [-78.9223, 35.93366], [-78.92228, 35.93361], [-78.92224, 35.93355], [-78.92182, 35.93314], [-78.92177, 35.93307], [-78.92172, 35.93298], [-78.9217, 35.93291], [-78.92169, 35.93286], [-78.92169, 35.93277], [-78.92172, 35.93264], [-78.92206, 35.93177], [-78.92226, 35.93127], [-78.92243, 35.93083], [-78.92243, 35.93071], [-78.92239, 35.93056], [-78.92238, 35.9305], [-78.92235, 35.93042], [-78.92231, 35.93035], [-78.92226, 35.93026], [-78.92185, 35.92969], [-78.92177, 35.9296], [-78.92166, 35.9295], [-78.92161, 35.92947], [-78.92154, 35.92943], [-78.92139, 35.92939], [-78.92013, 35.92909], [-78.9199, 35.92903], [-78.92031, 35.92862], [-78.92045, 35.92849], [-78.92099, 35.92806], [-78.92315, 35.92656], [-78.92308, 35.92652], [-78.92301, 35.9265], [-78.92226, 35.92647], [-78.91896, 35.92641], [-78.91674, 35.92637], [-78.91462, 35.92634], [-78.91422, 35.92633], [-78.91089, 35.92624], [-78.91089, 35.92593], [-78.91089, 35.92588], [-78.91089, 35.92565], [-78.91063, 35.92551], [-78.91023, 35.92522], [-78.91016, 35.92518], [-78.90997, 35.92503], [-78.9099, 35.92497], [-78.90986, 35.92491], [-78.90967, 35.92465], [-78.90957, 35.92449], [-78.90952, 35.92438], [-78.9095, 35.92433], [-78.90943, 35.9241], [-78.90923, 35.92312], [-78.9091, 35.92246], [-78.90907, 35.92232], [-78.90905, 35.92226], [-78.90904, 35.9222], [-78.909, 35.92209], [-78.90893, 35.92191], [-78.90878, 35.9216], [-78.90867, 35.92146], [-78.90852, 35.92129], [-78.90809, 35.92083], [-78.90744, 35.92024], [-78.90724, 35.92004], [-78.90709, 35.91994], [-78.90701, 35.91987], [-78.90666, 35.91967], [-78.90631, 35.91949], [-78.90592, 35.91931], [-78.90559, 35.91918], [-78.90532, 35.91904], [-78.90517, 35.91895], [-78.90499, 35.91882], [-78.90491, 35.91878], [-78.90476, 35.91862], [-78.90405, 35.91789], [-78.90384, 35.91767], [-78.90335, 35.91716], [-78.90271, 35.91649], [-78.90261, 35.91633], [-78.90258, 35.91627], [-78.90256, 35.9162], [-78.90255, 35.91613], [-78.90255, 35.91604], [-78.90238, 35.91601], [-78.90222, 35.91598], [-78.90208, 35.91594], [-78.90163, 35.91576], [-78.9014, 35.9157], [-78.90122, 35.91565], [-78.90099, 35.91562], [-78.90079, 35.91561], [-78.89945, 35.91558], [-78.89883, 35.91556], [-78.89799, 35.91553], [-78.89657, 35.9155], [-78.89566, 35.91545], [-78.89433, 35.9154], [-78.89349, 35.91537], [-78.89154, 35.91529], [-78.89098, 35.91527], [-78.89026, 35.91909], [-78.88999, 35.92056], [-78.88964, 35.92262], [-78.8894, 35.92395], [-78.88927, 35.92472], [-78.88904, 35.92564], [-78.88864, 35.92695], [-78.88857, 35.92718], [-78.88838, 35.9278], [-78.88787, 35.9295], [-78.88774, 35.92995], [-78.88757, 35.93051], [-78.88708, 35.9321], [-78.88726, 35.93238], [-78.88788, 35.93334], [-78.88795, 35.93343], [-78.88804, 35.93352], [-78.88815, 35.93361], [-78.88819, 35.93343], [-78.88828, 35.93286], [-78.88828, 35.93239], [-78.88848, 35.93119], [-78.88939, 35.93129], [-78.88966, 35.93134], [-78.88993, 35.9314], [-78.89013, 35.93146], [-78.89019, 35.93147], [-78.89133, 35.93181], [-78.89154, 35.93188], [-78.89166, 35.93192], [-78.89198, 35.93205], [-78.89231, 35.93221], [-78.8926, 35.93235], [-78.89289, 35.93252], [-78.89315, 35.93269], [-78.89331, 35.9328], [-78.89561, 35.93445], [-78.89933, 35.93716], [-78.90014, 35.93776], [-78.90064, 35.93811], [-78.90084, 35.93824], [-78.90106, 35.93836], [-78.9012, 35.93842], [-78.90142, 35.93851], [-78.90165, 35.93859], [-78.90191, 35.93866], [-78.90214, 35.93871], [-78.90229, 35.93873], [-78.90298, 35.93882], [-78.90415, 35.93899], [-78.90473, 35.93908], [-78.90532, 35.93919], [-78.90591, 35.93932], [-78.9063, 35.93941], [-78.90695, 35.93956], [-78.90876, 35.94], [-78.90907, 35.94008], [-78.90917, 35.94011], [-78.90941, 35.94018], [-78.9099, 35.94034], [-78.9104, 35.94052], [-78.91087, 35.94071], [-78.91101, 35.94078], [-78.9113, 35.9409], [-78.91172, 35.94108], [-78.91192, 35.94114], [-78.91215, 35.94122], [-78.91257, 35.94133], [-78.91279, 35.94138], [-78.91321, 35.94145], [-78.9158, 35.94181], [-78.91626, 35.94188], [-78.91709, 35.94199], [-78.91775, 35.94208], [-78.91798, 35.94213], [-78.91823, 35.94219], [-78.91845, 35.94226], [-78.91869, 35.94235], [-78.91896, 35.94246], [-78.91902, 35.9425], [-78.91907, 35.94252], [-78.91921, 35.94259], [-78.91939, 35.94271], [-78.9196, 35.94285], [-78.91982, 35.94302], [-78.91992, 35.94311], [-78.92006, 35.94326], [-78.92026, 35.94348], [-78.92036, 35.94363], [-78.92046, 35.94377], [-78.9206, 35.94402], [-78.92066, 35.94415], [-78.92071, 35.94428], [-78.92075, 35.94441], [-78.92087, 35.94484], [-78.92092, 35.94501], [-78.92098, 35.94515], [-78.92106, 35.94528], [-78.92107, 35.9453], [-78.92116, 35.94545], [-78.92125, 35.94557], [-78.92134, 35.94566], [-78.92147, 35.9458], [-78.92158, 35.9459], [-78.92169, 35.94599], [-78.92193, 35.94574], [-78.92248, 35.94517], [-78.92253, 35.9451], [-78.92258, 35.94504], [-78.92263, 35.94492], [-78.92266, 35.94488], [-78.92267, 35.94482], [-78.92268, 35.94473], [-78.92265, 35.94439], [-78.92265, 35.94414], [-78.92268, 35.94386], [-78.92274, 35.94363], [-78.92275, 35.94358], [-78.92283, 35.94346], [-78.92289, 35.94337], [-78.923, 35.94327], [-78.92311, 35.94317], [-78.92316, 35.94314], [-78.92322, 35.9431], [-78.92339, 35.94301], [-78.92359, 35.94294], [-78.92382, 35.94283], [-78.92387, 35.94281], [-78.92401, 35.94272], [-78.9241, 35.94265], [-78.92425, 35.94251], [-78.92499, 35.94176], [-78.92508, 35.94166], [-78.92512, 35.94161], [-78.92517, 35.9415], [-78.9252, 35.94141], [-78.92522, 35.9413], [-78.92522, 35.9411], [-78.9252, 35.94019], [-78.92518, 35.93948], [-78.9252, 35.93925], [-78.92521, 35.93912], [-78.92527, 35.93873], [-78.9253, 35.93861], [-78.92534, 35.9385]]]}}, {"type": "Feature", "properties": {"tract_id": "37063001809", "name": "Census Tract 18.09", "pct_white_2020": 51.2, "pct_black_2020": 30.3, "pct_hispanic_2020": 7.4, "pct_asian_2020": 5.8, "population_2020": 6732}, "geometry": {"type": "Polygon", "coordinates": [[[-78.86774, 35.94663], [-78.86768, 35.94598], [-78.8676, 35.94578], [-78.86737, 35.94517], [-78.86726, 35.94491], [-78.86695, 35.94422], [-78.86692, 35.94404], [-78.86694, 35.9438], [-78.867, 35.94367], [-78.86706, 35.94357], [-78.86709, 35.94351], [-78.86718, 35.94335], [-78.86697, 35.94327], [-78.86665, 35.9431], [-78.86636, 35.94291], [-78.86618, 35.94275], [-78.86603, 35.94261], [-78.86586, 35.9424], [-78.8655, 35.94182], [-78.86533, 35.94152], [-78.86519, 35.94126], [-78.86501, 35.94096], [-78.86498, 35.94092], [-78.86482, 35.94067], [-78.86474, 35.94057], [-78.86465, 35.94047], [-78.86454, 35.94037], [-78.86441, 35.94028], [-78.86421, 35.94014], [-78.86414, 35.9401], [-78.86407, 35.94007], [-78.8639, 35.93999], [-78.86388, 35.93998], [-78.8638, 35.93995], [-78.86374, 35.93993], [-78.86362, 35.93989], [-78.86352, 35.93986], [-78.86322, 35.93979], [-78.86312, 35.93978], [-78.86295, 35.93975], [-78.86251, 35.93971], [-78.86189, 35.93966], [-78.86183, 35.93966], [-78.86106, 35.93959], [-78.86025, 35.93957], [-78.86015, 35.93957], [-78.85962, 35.93955], [-78.8593, 35.93954], [-78.85925, 35.93938], [-78.8592, 35.93919], [-78.8591, 35.93886], [-78.85909, 35.93882], [-78.85894, 35.93823], [-78.85881, 35.93762], [-78.85871, 35.93705], [-78.85871, 35.93703], [-78.85868, 35.93681], [-78.85852, 35.93678], [-78.85729, 35.93683], [-78.85694, 35.93683], [-78.85688, 35.93684], [-78.85684, 35.93683], [-78.85612, 35.93684], [-78.85587, 35.93868], [-78.85585, 35.93884], [-78.85576, 35.93947], [-78.85496, 35.93945], [-78.85477, 35.93945], [-78.85456, 35.93944], [-78.85443, 35.93943], [-78.85431, 35.93941], [-78.854, 35.93936], [-78.85388, 35.93933], [-78.85375, 35.93929], [-78.85368, 35.93926], [-78.85361, 35.93924], [-78.85349, 35.93919], [-78.85334, 35.93911], [-78.85253, 35.93867], [-78.85233, 35.93856], [-78.85204, 35.93843], [-78.85205, 35.93752], [-78.85208, 35.93615], [-78.85209, 35.93544], [-78.85211, 35.93469], [-78.85168, 35.93467], [-78.85042, 35.93464], [-78.85111, 35.93318], [-78.85117, 35.93304], [-78.85124, 35.9329], [-78.85144, 35.93242], [-78.85146, 35.93237], [-78.85163, 35.93191], [-78.85176, 35.93149], [-78.85177, 35.93145], [-78.85195, 35.9308], [-78.85198, 35.93069], [-78.8521, 35.93023], [-78.85215, 35.92997], [-78.85222, 35.92954], [-78.85224, 35.9294], [-78.85223, 35.92935], [-78.85225, 35.92924], [-78.8523, 35.92889], [-78.85233, 35.92854], [-78.85236, 35.92798], [-78.85241, 35.92467], [-78.8521, 35.9247], [-78.85161, 35.92474], [-78.8514, 35.92475], [-78.85117, 35.92476], [-78.85108, 35.92475], [-78.85072, 35.92474], [-78.85048, 35.92473], [-78.85031, 35.92472], [-78.85012, 35.92469], [-78.84801, 35.92436], [-78.84752, 35.92427], [-78.84671, 35.9241], [-78.84646, 35.92459], [-78.84577, 35.92598], [-78.8453, 35.927], [-78.84445, 35.92883], [-78.84422, 35.92933], [-78.84363, 35.9306], [-78.84361, 35.93065], [-78.84245, 35.9306], [-78.84126, 35.93057], [-78.84047, 35.93055], [-78.83959, 35.93042], [-78.838, 35.93002], [-78.83731, 35.92985], [-78.83644, 35.92961], [-78.83608, 35.92952], [-78.83547, 35.92931], [-78.83497, 35.9291], [-78.83425, 35.92876], [-78.83349, 35.92839], [-78.83291, 35.92819], [-78.83262, 35.92811], [-78.8319, 35.92798], [-78.83036, 35.92771], [-78.82879, 35.92743], [-78.82877, 35.92743], [-78.82756, 35.92723], [-78.82734, 35.92719], [-78.82724, 35.92716], [-78.82711, 35.92713], [-78.82645, 35.92695], [-78.82601, 35.92682], [-78.82506, 35.92656], [-78.82483, 35.92649], [-78.82404, 35.92627], [-78.82335, 35.92607], [-78.82305, 35.926], [-78.82285, 35.92596], [-78.82243, 35.92588], [-78.82225, 35.92585], [-78.82206, 35.92583], [-78.82183, 35.92582], [-78.82162, 35.92583], [-78.82147, 35.92583], [-78.82032, 35.92588], [-78.82012, 35.92589], [-78.8199, 35.92589], [-78.8195, 35.9259], [-78.81803, 35.92595], [-78.81758, 35.92596], [-78.81744, 35.92596], [-78.81664, 35.92598], [-78.8162, 35.92599], [-78.81583, 35.926], [-78.81493, 35.92601], [-78.81446, 35.92601], [-78.81286, 35.92601], [-78.81224, 35.92601], [-78.8113, 35.92602], [-78.81109, 35.926], [-78.81096, 35.92599], [-78.81071, 35.92595], [-78.8106, 35.92593], [-78.81047, 35.9259], [-78.81016, 35.92579], [-78.81006, 35.92576], [-78.80995, 35.92571], [-78.80991, 35.92569], [-78.80983, 35.92565], [-78.80979, 35.92562], [-78.80969, 35.92557], [-78.80957, 35.92549], [-78.80941, 35.92538], [-78.80925, 35.92526], [-78.80919, 35.92521], [-78.80906, 35.92509], [-78.80877, 35.92481], [-78.80854, 35.92459], [-78.80781, 35.92384], [-78.80765, 35.92368], [-78.80764, 35.92367], [-78.80761, 35.92364], [-78.80719, 35.92329], [-78.80716, 35.92327], [-78.80676, 35.92293], [-78.80498, 35.92722], [-78.80484, 35.92755], [-78.80469, 35.92752], [-78.80422, 35.92742], [-78.80329, 35.92724], [-78.80278, 35.92713], [-78.80258, 35.92709], [-78.80234, 35.92704], [-78.80197, 35.92697], [-78.80201, 35.927], [-78.8021, 35.92706], [-78.80239, 35.92727], [-78.80362, 35.92813], [-78.80397, 35.92837], [-78.80438, 35.92866], [-78.80518, 35.92922], [-78.80525, 35.92928], [-78.80538, 35.92937], [-78.80545, 35.92942], [-78.80551, 35.92947], [-78.80585, 35.92971], [-78.80594, 35.92977], [-78.80602, 35.92984], [-78.80656, 35.93022], [-78.80661, 35.93026], [-78.80674, 35.93036], [-78.80805, 35.93131], [-78.80862, 35.93171], [-78.80938, 35.93227], [-78.80958, 35.93241], [-78.80994, 35.93267], [-78.81012, 35.9328], [-78.81085, 35.93331], [-78.81166, 35.93389], [-78.8123, 35.93436], [-78.81266, 35.93462], [-78.81337, 35.93513], [-78.81559, 35.93674], [-78.81631, 35.93725], [-78.81702, 35.93778], [-78.81734, 35.93801], [-78.81742, 35.93807], [-78.81793, 35.93842], [-78.81801, 35.93848], [-78.81803, 35.93849], [-78.81829, 35.93867], [-78.81855, 35.93883], [-78.81885, 35.93902], [-78.81945, 35.93937], [-78.82087, 35.94014], [-78.82236, 35.94093], [-78.82281, 35.94024], [-78.82312, 35.94033], [-78.82334, 35.9404], [-78.82362, 35.94048], [-78.82395, 35.94057], [-78.82453, 35.94074], [-78.82505, 35.94087], [-78.82565, 35.94105], [-78.82472, 35.94219], [-78.82533, 35.94252], [-78.82544, 35.94258], [-78.82571, 35.94272], [-78.82613, 35.94294], [-78.82637, 35.94308], [-78.82647, 35.94313], [-78.8268, 35.9433], [-78.82797, 35.94392], [-78.82805, 35.94397], [-78.82867, 35.9443], [-78.82926, 35.94461], [-78.82966, 35.94482], [-78.83007, 35.94503], [-78.8302, 35.94511], [-78.83107, 35.94557], [-78.83122, 35.94565], [-78.83156, 35.94584], [-78.83201, 35.94608], [-78.83295, 35.94658], [-78.83331, 35.94676], [-78.8348, 35.94756], [-78.83507, 35.9477], [-78.83537, 35.94786], [-78.83642, 35.94841], [-78.83661, 35.9485], [-78.83669, 35.94855], [-78.83678, 35.9486], [-78.83695, 35.9487], [-78.8371, 35.94879], [-78.83744, 35.94904], [-78.83751, 35.94912], [-78.83757, 35.9492], [-78.83764, 35.94926], [-78.83778, 35.94942], [-78.83784, 35.94951], [-78.83801, 35.94978], [-78.83814, 35.95004], [-78.83849, 35.9509], [-78.83864, 35.95128], [-78.83873, 35.95149], [-78.83899, 35.95205], [-78.83906, 35.95219], [-78.83916, 35.95237], [-78.83981, 35.95346], [-78.83988, 35.95359], [-78.84037, 35.9544], [-78.84048, 35.95459], [-78.84065, 35.95487], [-78.84071, 35.95497], [-78.84087, 35.95525], [-78.84094, 35.95537], [-78.84127, 35.95591], [-78.84228, 35.95762], [-78.84231, 35.95767], [-78.8425, 35.95798], [-78.8425, 35.958], [-78.84303, 35.95888], [-78.84347, 35.95962], [-78.84396, 35.96045], [-78.84425, 35.96095], [-78.84462, 35.96155], [-78.84527, 35.96263], [-78.84551, 35.96305], [-78.84559, 35.96319], [-78.84562, 35.96324], [-78.84581, 35.96358], [-78.84593, 35.96381], [-78.84605, 35.96405], [-78.84618, 35.96429], [-78.8462, 35.96434], [-78.84685, 35.96561], [-78.8472, 35.9656], [-78.84723, 35.9656], [-78.84865, 35.9656], [-78.84885, 35.9656], [-78.84932, 35.9656], [-78.84978, 35.96559], [-78.85002, 35.96558], [-78.85022, 35.96557], [-78.85048, 35.96556], [-78.85078, 35.96552], [-78.8511, 35.96547], [-78.85131, 35.96542], [-78.85155, 35.96536], [-78.85173, 35.9653], [-78.85217, 35.96514], [-78.85282, 35.96488], [-78.85319, 35.96473], [-78.85384, 35.96446], [-78.85393, 35.96442], [-78.85401, 35.96437], [-78.85416, 35.96427], [-78.85424, 35.96421], [-78.85437, 35.96408], [-78.85446, 35.964], [-78.85454, 35.96393], [-78.85463, 35.96389], [-78.85469, 35.96386], [-78.85485, 35.96383], [-78.85493, 35.96381], [-78.85509, 35.9638], [-78.85683, 35.96375], [-78.85769, 35.96482], [-78.85813, 35.96534], [-78.85938, 35.96683], [-78.85945, 35.96691], [-78.85962, 35.96681], [-78.85965, 35.96672], [-78.85968, 35.96663], [-78.85972, 35.96655], [-78.85981, 35.9663], [-78.86286, 35.95798], [-78.86305, 35.95755], [-78.8632, 35.95713], [-78.86325, 35.95691], [-78.86344, 35.95631], [-78.86351, 35.95611], [-78.86377, 35.95536], [-78.86368, 35.95501], [-78.86396, 35.95458], [-78.8643, 35.95398], [-78.86504, 35.95262], [-78.86517, 35.95168], [-78.86549, 35.95161], [-78.86593, 35.95057], [-78.86613, 35.9501], [-78.86624, 35.94985], [-78.86665, 35.94889], [-78.86697, 35.94814], [-78.86757, 35.94701], [-78.86774, 35.94663]]]}}, {"type": "Feature", "properties": {"tract_id": "37063002019", "name": "Census Tract 20.19", "pct_white_2020": 76.2, "pct_black_2020": 9.8, "pct_hispanic_2020": 0.6, "pct_asian_2020": 11.8, "population_2020": 4752}, "geometry": {"type": "Polygon", "coordinates": [[[-79.01631, 35.86321], [-79.01628, 35.86321], [-79.01588, 35.86323], [-79.0154, 35.86325], [-79.01428, 35.8633], [-79.01316, 35.86335], [-79.01248, 35.86338], [-79.01164, 35.86342], [-79.01148, 35.86342], [-79.0112, 35.86344], [-79.01086, 35.86345], [-79.01059, 35.86347], [-79.00937, 35.86352], [-79.00787, 35.86359], [-79.00709, 35.86362], [-79.00685, 35.86363], [-79.00662, 35.86365], [-79.00613, 35.86366], [-79.005, 35.86372], [-79.00441, 35.86374], [-79.00407, 35.86376], [-79.0035, 35.86378], [-79.00232, 35.86383], [-79.00163, 35.86386], [-78.99971, 35.86395], [-78.99903, 35.86398], [-78.99728, 35.86406], [-78.99707, 35.86407], [-78.99488, 35.86417], [-78.98918, 35.86442], [-78.98479, 35.86461], [-78.98399, 35.86465], [-78.98313, 35.86469], [-78.98239, 35.86472], [-78.98187, 35.86474], [-78.98158, 35.86476], [-78.98139, 35.86477], [-78.98106, 35.86478], [-78.98011, 35.86482], [-78.97864, 35.86489], [-78.97825, 35.8649], [-78.97849, 35.86682], [-78.97764, 35.86706], [-78.97356, 35.86791], [-78.9734, 35.86796], [-78.97279, 35.86846], [-78.97257, 35.8689], [-78.97229, 35.86913], [-78.97196, 35.86972], [-78.97179, 35.86981], [-78.97135, 35.86981], [-78.97116, 35.8699], [-78.97108, 35.86992], [-78.97101, 35.86995], [-78.97094, 35.86995], [-78.97092, 35.8699], [-78.97087, 35.86984], [-78.97082, 35.86982], [-78.97076, 35.86983], [-78.97074, 35.86987], [-78.97071, 35.86994], [-78.97065, 35.86994], [-78.97059, 35.86991], [-78.97053, 35.86984], [-78.97046, 35.86972], [-78.9704, 35.86962], [-78.97032, 35.86958], [-78.97023, 35.86958], [-78.97016, 35.86961], [-78.97015, 35.86969], [-78.97011, 35.86976], [-78.97007, 35.86983], [-78.96999, 35.86988], [-78.96988, 35.86989], [-78.96973, 35.8699], [-78.96959, 35.86993], [-78.96945, 35.86996], [-78.96934, 35.87002], [-78.96916, 35.87018], [-78.96908, 35.87028], [-78.96903, 35.8704], [-78.96898, 35.87053], [-78.96893, 35.87058], [-78.96887, 35.8706], [-78.96876, 35.87058], [-78.96851, 35.87047], [-78.96838, 35.87038], [-78.96811, 35.87016], [-78.96802, 35.87009], [-78.96786, 35.87009], [-78.9677, 35.87008], [-78.9676, 35.87003], [-78.96755, 35.86998], [-78.96752, 35.86989], [-78.96751, 35.86982], [-78.9675, 35.86975], [-78.96749, 35.86967], [-78.96743, 35.86961], [-78.96735, 35.86959], [-78.96724, 35.86957], [-78.96707, 35.86958], [-78.96695, 35.8696], [-78.96686, 35.86964], [-78.96674, 35.86968], [-78.96671, 35.86972], [-78.96671, 35.86977], [-78.96674, 35.86984], [-78.96683, 35.86997], [-78.96684, 35.87004], [-78.96679, 35.87008], [-78.96673, 35.8701], [-78.96663, 35.8701], [-78.9663, 35.87003], [-78.96618, 35.87003], [-78.96606, 35.87004], [-78.96603, 35.87008], [-78.96601, 35.87016], [-78.96604, 35.87026], [-78.96605, 35.87033], [-78.96602, 35.87036], [-78.96594, 35.87037], [-78.96591, 35.87036], [-78.96587, 35.87034], [-78.96563, 35.87011], [-78.96552, 35.87008], [-78.96536, 35.87005], [-78.96504, 35.87008], [-78.96498, 35.87012], [-78.96495, 35.87018], [-78.96482, 35.8704], [-78.96474, 35.87046], [-78.96463, 35.8705], [-78.96444, 35.87052], [-78.96415, 35.87051], [-78.96397, 35.87048], [-78.96383, 35.87046], [-78.96363, 35.87045], [-78.96348, 35.87046], [-78.9634, 35.87051], [-78.96336, 35.87062], [-78.96332, 35.87071], [-78.96329, 35.87081], [-78.96329, 35.87091], [-78.96324, 35.87098], [-78.96314, 35.87104], [-78.96296, 35.87114], [-78.96284, 35.87118], [-78.96271, 35.8712], [-78.96247, 35.8712], [-78.96234, 35.87121], [-78.96225, 35.87124], [-78.96223, 35.87129], [-78.96222, 35.87135], [-78.96224, 35.8714], [-78.96228, 35.87148], [-78.96235, 35.87157], [-78.96237, 35.87176], [-78.96239, 35.8719], [-78.96238, 35.87201], [-78.96235, 35.8721], [-78.96227, 35.87217], [-78.96221, 35.87219], [-78.96211, 35.87227], [-78.96203, 35.87234], [-78.96191, 35.87246], [-78.96179, 35.87255], [-78.96173, 35.87262], [-78.96171, 35.87271], [-78.9617, 35.87282], [-78.96169, 35.87301], [-78.96165, 35.87324], [-78.96152, 35.8735], [-78.96136, 35.87367], [-78.96126, 35.87375], [-78.96117, 35.8738], [-78.96099, 35.87385], [-78.96088, 35.87387], [-78.96069, 35.87395], [-78.96065, 35.87397], [-78.96061, 35.87407], [-78.9606, 35.87418], [-78.96057, 35.87429], [-78.96057, 35.87438], [-78.96061, 35.87458], [-78.96061, 35.87468], [-78.96061, 35.8749], [-78.96056, 35.87503], [-78.96041, 35.8752], [-78.96039, 35.87526], [-78.96039, 35.87533], [-78.96042, 35.87536], [-78.96045, 35.8754], [-78.9605, 35.87543], [-78.96053, 35.87545], [-78.96078, 35.87562], [-78.96099, 35.87574], [-78.9612, 35.87583], [-78.9614, 35.87592], [-78.96147, 35.87595], [-78.96153, 35.87599], [-78.96156, 35.87604], [-78.96164, 35.87614], [-78.96182, 35.87619], [-78.96186, 35.87619], [-78.96208, 35.87615], [-78.96231, 35.87608], [-78.96239, 35.87605], [-78.96238, 35.87602], [-78.96229, 35.87556], [-78.96229, 35.8755], [-78.9623, 35.8754], [-78.9623, 35.87532], [-78.96233, 35.87523], [-78.96236, 35.87516], [-78.96329, 35.87524], [-78.96336, 35.87539], [-78.96344, 35.8755], [-78.9635, 35.87556], [-78.96356, 35.87561], [-78.96363, 35.87565], [-78.96364, 35.87567], [-78.96365, 35.8757], [-78.96366, 35.87576], [-78.96365, 35.87578], [-78.96356, 35.87587], [-78.96346, 35.87595], [-78.96342, 35.87598], [-78.9634, 35.87601], [-78.9634, 35.87605], [-78.96342, 35.8761], [-78.96344, 35.87613], [-78.96348, 35.87615], [-78.9638, 35.87631], [-78.964, 35.87645], [-78.96401, 35.87646], [-78.96405, 35.87652], [-78.96407, 35.87659], [-78.96411, 35.87689], [-78.96413, 35.87694], [-78.96415, 35.87696], [-78.96419, 35.87701], [-78.96425, 35.87707], [-78.96435, 35.87713], [-78.9645, 35.87725], [-78.96457, 35.87732], [-78.96462, 35.87739], [-78.96466, 35.87746], [-78.96469, 35.87752], [-78.96471, 35.8776], [-78.96473, 35.8777], [-78.96473, 35.87775], [-78.96477, 35.87787], [-78.96486, 35.87825], [-78.96493, 35.87841], [-78.96493, 35.87848], [-78.96494, 35.87853], [-78.96496, 35.87868], [-78.96501, 35.87892], [-78.96509, 35.87909], [-78.96521, 35.87928], [-78.96527, 35.8794], [-78.96531, 35.87947], [-78.96533, 35.87957], [-78.96535, 35.8797], [-78.96544, 35.87988], [-78.96546, 35.87997], [-78.96551, 35.88009], [-78.96552, 35.88019], [-78.96551, 35.88035], [-78.96549, 35.88044], [-78.96544, 35.88061], [-78.96543, 35.88069], [-78.96543, 35.88077], [-78.96546, 35.88104], [-78.96557, 35.88131], [-78.96559, 35.88141], [-78.9656, 35.88152], [-78.96559, 35.88159], [-78.96555, 35.88169], [-78.96552, 35.88176], [-78.96544, 35.88185], [-78.96536, 35.88193], [-78.9653, 35.882], [-78.96523, 35.88207], [-78.96515, 35.88218], [-78.96511, 35.88222], [-78.96507, 35.88231], [-78.96501, 35.88258], [-78.96493, 35.88273], [-78.96488, 35.88286], [-78.96475, 35.88309], [-78.96463, 35.88324], [-78.96461, 35.88327], [-78.96451, 35.88334], [-78.9644, 35.88342], [-78.96426, 35.88353], [-78.96425, 35.88354], [-78.96423, 35.88382], [-78.96426, 35.88383], [-78.9643, 35.88385], [-78.96439, 35.88387], [-78.96448, 35.88387], [-78.96451, 35.88386], [-78.96457, 35.88385], [-78.96479, 35.88387], [-78.96484, 35.8839], [-78.96491, 35.88391], [-78.96498, 35.88392], [-78.96509, 35.88393], [-78.96528, 35.88396], [-78.96546, 35.884], [-78.96554, 35.88403], [-78.9656, 35.88406], [-78.96566, 35.88416], [-78.96568, 35.88423], [-78.96568, 35.88431], [-78.96567, 35.88438], [-78.96569, 35.88448], [-78.96569, 35.88461], [-78.96567, 35.88468], [-78.96566, 35.88473], [-78.96566, 35.88488], [-78.96567, 35.88494], [-78.96567, 35.885], [-78.96565, 35.88507], [-78.96556, 35.88528], [-78.96551, 35.88536], [-78.96545, 35.88549], [-78.96538, 35.8857], [-78.96531, 35.88587], [-78.96528, 35.88592], [-78.96528, 35.88601], [-78.96526, 35.8861], [-78.96528, 35.88624], [-78.9653, 35.88627], [-78.9655, 35.8863], [-78.96559, 35.88631], [-78.96564, 35.8863], [-78.96568, 35.8863], [-78.96578, 35.88625], [-78.96588, 35.88618], [-78.966, 35.88604], [-78.96601, 35.88594], [-78.96603, 35.88588], [-78.96601, 35.88581], [-78.966, 35.88554], [-78.96601, 35.88548], [-78.96605, 35.88544], [-78.96622, 35.8853], [-78.96629, 35.88522], [-78.96634, 35.88514], [-78.96638, 35.885], [-78.9664, 35.88491], [-78.96643, 35.88481], [-78.96648, 35.88475], [-78.96655, 35.88471], [-78.9666, 35.8847], [-78.96665, 35.88469], [-78.96671, 35.88468], [-78.9668, 35.88471], [-78.96684, 35.88475], [-78.96687, 35.88478], [-78.96692, 35.88485], [-78.96698, 35.88501], [-78.96706, 35.88529], [-78.96709, 35.88554], [-78.96711, 35.88557], [-78.96712, 35.88563], [-78.96715, 35.88569], [-78.96719, 35.88575], [-78.96725, 35.88577], [-78.96732, 35.88577], [-78.9674, 35.88579], [-78.96752, 35.88579], [-78.96759, 35.88577], [-78.9677, 35.88572], [-78.96778, 35.88565], [-78.968, 35.88553], [-78.96807, 35.88549], [-78.96815, 35.88546], [-78.9682, 35.88546], [-78.96826, 35.88546], [-78.96831, 35.88548], [-78.96836, 35.88551], [-78.96837, 35.88555], [-78.96836, 35.88565], [-78.96834, 35.8857], [-78.96834, 35.8858], [-78.96837, 35.88589], [-78.96839, 35.88593], [-78.96841, 35.88601], [-78.96841, 35.88619], [-78.96843, 35.88623], [-78.96846, 35.88627], [-78.9685, 35.88633], [-78.96855, 35.88636], [-78.96857, 35.88641], [-78.96865, 35.88649], [-78.96868, 35.88654], [-78.96871, 35.88662], [-78.96872, 35.88678], [-78.96871, 35.88682], [-78.96869, 35.88683], [-78.96867, 35.88686], [-78.96862, 35.88693], [-78.9686, 35.88697], [-78.9686, 35.88702], [-78.96861, 35.88708], [-78.96865, 35.88713], [-78.96869, 35.88718], [-78.96872, 35.88722], [-78.96879, 35.88727], [-78.96897, 35.88736], [-78.9691, 35.88739], [-78.96925, 35.88744], [-78.96931, 35.8875], [-78.96933, 35.88753], [-78.96937, 35.88755], [-78.96944, 35.88758], [-78.96956, 35.88756], [-78.96961, 35.88755], [-78.96966, 35.88753], [-78.96969, 35.8875], [-78.96978, 35.88743], [-78.96983, 35.88737], [-78.96989, 35.88735], [-78.96994, 35.88735], [-78.96996, 35.88736], [-78.97, 35.88738], [-78.97026, 35.88747], [-78.97029, 35.88749], [-78.97032, 35.88754], [-78.97035, 35.88766], [-78.97033, 35.88771], [-78.97033, 35.88776], [-78.97039, 35.88789], [-78.97043, 35.88793], [-78.97052, 35.88799], [-78.9706, 35.88804], [-78.97068, 35.88813], [-78.97098, 35.88859], [-78.97103, 35.88864], [-78.97108, 35.88867], [-78.97118, 35.88876], [-78.97121, 35.88882], [-78.97123, 35.88887], [-78.97123, 35.88893], [-78.9712, 35.889], [-78.97117, 35.88905], [-78.97113, 35.8891], [-78.97108, 35.88913], [-78.97102, 35.88919], [-78.97094, 35.8893], [-78.9709, 35.88937], [-78.97087, 35.88942], [-78.97082, 35.88947], [-78.97079, 35.88949], [-78.97076, 35.88952], [-78.97074, 35.88957], [-78.97073, 35.88962], [-78.97073, 35.88967], [-78.97074, 35.8897], [-78.97076, 35.88975], [-78.97078, 35.88977], [-78.97087, 35.88989], [-78.9709, 35.88995], [-78.97094, 35.89003], [-78.97096, 35.89011], [-78.97095, 35.89014], [-78.97092, 35.89016], [-78.97089, 35.89016], [-78.97085, 35.89015], [-78.9708, 35.8901], [-78.97075, 35.89007], [-78.97065, 35.89004], [-78.9706, 35.89003], [-78.9705, 35.89004], [-78.97035, 35.89008], [-78.9702, 35.89013], [-78.96998, 35.89019], [-78.96958, 35.89036], [-78.96956, 35.89038], [-78.96955, 35.89041], [-78.96956, 35.89043], [-78.96959, 35.89044], [-78.96972, 35.89045], [-78.9698, 35.89047], [-78.96992, 35.89048], [-78.9702, 35.89047], [-78.97029, 35.89047], [-78.97036, 35.89049], [-78.97046, 35.89054], [-78.97048, 35.89057], [-78.9705, 35.89062], [-78.97052, 35.89073], [-78.9705, 35.89079], [-78.97048, 35.89083], [-78.97045, 35.89087], [-78.97041, 35.8909], [-78.97034, 35.89093], [-78.97025, 35.89094], [-78.97004, 35.89094], [-78.96995, 35.89093], [-78.96986, 35.89092], [-78.96963, 35.89088], [-78.96954, 35.89086], [-78.9693, 35.89084], [-78.96923, 35.89087], [-78.96913, 35.89098], [-78.9691, 35.8911], [-78.96909, 35.89116], [-78.96909, 35.89124], [-78.9691, 35.89131], [-78.9691, 35.89139], [-78.96911, 35.89146], [-78.96913, 35.89151], [-78.96921, 35.89157], [-78.96945, 35.89164], [-78.96954, 35.89165], [-78.96957, 35.89164], [-78.9696, 35.89161], [-78.96962, 35.89157], [-78.96963, 35.89151], [-78.96966, 35.89143], [-78.96973, 35.89133], [-78.96978, 35.8913], [-78.96984, 35.89127], [-78.96993, 35.89125], [-78.97002, 35.89125], [-78.97013, 35.89127], [-78.97017, 35.89128], [-78.97022, 35.89137], [-78.97025, 35.89145], [-78.97023, 35.89162], [-78.97021, 35.89167], [-78.97007, 35.89188], [-78.96999, 35.89194], [-78.96991, 35.892], [-78.96973, 35.89209], [-78.96965, 35.89211], [-78.96963, 35.89211], [-78.96963, 35.8922], [-78.96966, 35.89229], [-78.96969, 35.89234], [-78.96978, 35.89246], [-78.96982, 35.89258], [-78.96985, 35.89264], [-78.96986, 35.89273], [-78.9699, 35.89283], [-78.96994, 35.89292], [-78.97, 35.893], [-78.97004, 35.89305], [-78.97008, 35.8931], [-78.9702, 35.89328], [-78.97023, 35.89329], [-78.9703, 35.89334], [-78.97032, 35.89336], [-78.97038, 35.89351], [-78.97042, 35.89366], [-78.97042, 35.89371], [-78.97041, 35.89376], [-78.97031, 35.89379], [-78.97021, 35.89381], [-78.97011, 35.89382], [-78.96976, 35.89388], [-78.9693, 35.89395], [-78.96874, 35.89401], [-78.96857, 35.89406], [-78.96847, 35.8941], [-78.96838, 35.89415], [-78.96833, 35.89419], [-78.96826, 35.89426], [-78.96816, 35.89436], [-78.96813, 35.89443], [-78.96812, 35.8945], [-78.96813, 35.89457], [-78.96816, 35.89461], [-78.96821, 35.89464], [-78.96838, 35.89469], [-78.96847, 35.89471], [-78.9687, 35.89474], [-78.96882, 35.89478], [-78.96889, 35.89483], [-78.96898, 35.8949], [-78.96903, 35.89493], [-78.96909, 35.89496], [-78.96911, 35.89498], [-78.96916, 35.89496], [-78.96933, 35.89481], [-78.96938, 35.89476], [-78.96949, 35.89468], [-78.96964, 35.89459], [-78.96974, 35.89452], [-78.96989, 35.89439], [-78.96997, 35.89435], [-78.97006, 35.89431], [-78.97026, 35.89428], [-78.97047, 35.89433], [-78.97059, 35.89438], [-78.97068, 35.89444], [-78.97076, 35.89452], [-78.97087, 35.89461], [-78.97094, 35.89468], [-78.97103, 35.8948], [-78.97107, 35.89494], [-78.97109, 35.89508], [-78.9711, 35.89528], [-78.9711, 35.89543], [-78.97108, 35.89549], [-78.97103, 35.89558], [-78.97095, 35.89569], [-78.97082, 35.89578], [-78.97074, 35.8958], [-78.97067, 35.8958], [-78.97045, 35.89579], [-78.97024, 35.89575], [-78.97015, 35.89572], [-78.97003, 35.8957], [-78.96993, 35.89573], [-78.96989, 35.89575], [-78.96986, 35.8958], [-78.96985, 35.89588], [-78.96987, 35.896], [-78.96991, 35.89608], [-78.96999, 35.89623], [-78.97002, 35.89628], [-78.97005, 35.89633], [-78.97006, 35.89638], [-78.97005, 35.89647], [-78.97003, 35.89654], [-78.96999, 35.89662], [-78.96977, 35.89687], [-78.96971, 35.89695], [-78.96964, 35.89706], [-78.96949, 35.89722], [-78.96935, 35.89732], [-78.96927, 35.89739], [-78.96926, 35.89745], [-78.96925, 35.89754], [-78.96928, 35.8976], [-78.96935, 35.89767], [-78.96941, 35.89772], [-78.96946, 35.89775], [-78.96953, 35.89777], [-78.9696, 35.89777], [-78.96968, 35.89774], [-78.96976, 35.89773], [-78.96984, 35.89774], [-78.97005, 35.89768], [-78.97008, 35.89767], [-78.97018, 35.89765], [-78.9702, 35.89765], [-78.97024, 35.89769], [-78.97025, 35.89773], [-78.97025, 35.89783], [-78.97028, 35.89789], [-78.97031, 35.89794], [-78.97036, 35.89799], [-78.97037, 35.89802], [-78.97037, 35.89805], [-78.97036, 35.8981], [-78.97033, 35.89812], [-78.97015, 35.89815], [-78.97013, 35.89816], [-78.97013, 35.8982], [-78.97014, 35.89823], [-78.97027, 35.89834], [-78.97032, 35.89835], [-78.97033, 35.89838], [-78.97036, 35.89845], [-78.97034, 35.8985], [-78.97032, 35.89851], [-78.97024, 35.89852], [-78.97017, 35.8985], [-78.97011, 35.89847], [-78.97007, 35.89846], [-78.97003, 35.89846], [-78.97, 35.89847], [-78.96997, 35.89849], [-78.96995, 35.89857], [-78.96993, 35.89882], [-78.96995, 35.89897], [-78.96994, 35.89906], [-78.96993, 35.89914], [-78.96993, 35.89923], [-78.96994, 35.89932], [-78.96999, 35.8994], [-78.97027, 35.89965], [-78.97046, 35.89983], [-78.97057, 35.89996], [-78.97061, 35.90002], [-78.97066, 35.9001], [-78.97068, 35.90017], [-78.97069, 35.90018], [-78.9707, 35.90021], [-78.9707, 35.90024], [-78.97069, 35.90026], [-78.97065, 35.90029], [-78.97057, 35.90031], [-78.97046, 35.90033], [-78.97042, 35.90035], [-78.97038, 35.90039], [-78.97034, 35.90045], [-78.97025, 35.90054], [-78.97004, 35.9007], [-78.96995, 35.90075], [-78.96987, 35.90077], [-78.96983, 35.90077], [-78.96978, 35.90079], [-78.96976, 35.9008], [-78.96976, 35.90081], [-78.96973, 35.90085], [-78.96967, 35.901], [-78.96967, 35.90108], [-78.96968, 35.90116], [-78.96975, 35.90136], [-78.96975, 35.90146], [-78.96975, 35.90152], [-78.96975, 35.90154], [-78.96973, 35.90161], [-78.96967, 35.90173], [-78.96953, 35.90192], [-78.96942, 35.90203], [-78.96919, 35.90224], [-78.96908, 35.90232], [-78.96895, 35.90243], [-78.96881, 35.90254], [-78.96873, 35.90265], [-78.96869, 35.90271], [-78.96864, 35.90283], [-78.96862, 35.90291], [-78.96861, 35.90296], [-78.96862, 35.90302], [-78.96864, 35.90308], [-78.96866, 35.9031], [-78.96869, 35.90312], [-78.96873, 35.90312], [-78.96877, 35.90312], [-78.96879, 35.9031], [-78.96881, 35.90306], [-78.96883, 35.90303], [-78.96886, 35.90302], [-78.9689, 35.90301], [-78.96894, 35.90302], [-78.96902, 35.90305], [-78.96906, 35.90309], [-78.9691, 35.90312], [-78.96939, 35.90326], [-78.9694, 35.90328], [-78.96939, 35.90337], [-78.96934, 35.90357], [-78.96927, 35.90369], [-78.96919, 35.90377], [-78.96911, 35.90382], [-78.96896, 35.90387], [-78.96887, 35.90389], [-78.96869, 35.90389], [-78.96851, 35.90386], [-78.96835, 35.9038], [-78.96828, 35.90375], [-78.96819, 35.9037], [-78.96813, 35.90368], [-78.96806, 35.90368], [-78.96802, 35.9037], [-78.96801, 35.90373], [-78.96797, 35.90377], [-78.96794, 35.90382], [-78.96792, 35.90384], [-78.96787, 35.90388], [-78.96776, 35.90398], [-78.96737, 35.90391], [-78.96676, 35.90384], [-78.96501, 35.90367], [-78.96461, 35.90368], [-78.96421, 35.90366], [-78.96406, 35.90366], [-78.9637, 35.90365], [-78.9633, 35.90366], [-78.96296, 35.90367], [-78.96261, 35.90368], [-78.96179, 35.90374], [-78.96117, 35.9038], [-78.96037, 35.9039], [-78.95999, 35.90396], [-78.96, 35.90408], [-78.96, 35.90416], [-78.96002, 35.9045], [-78.96011, 35.90521], [-78.96013, 35.90537], [-78.96015, 35.90555], [-78.96017, 35.9058], [-78.96038, 35.90764], [-78.96044, 35.90825], [-78.96075, 35.91112], [-78.96076, 35.91122], [-78.96082, 35.91171], [-78.96094, 35.91279], [-78.96102, 35.91351], [-78.96111, 35.91441], [-78.96149, 35.91786], [-78.96155, 35.9184], [-78.96155, 35.91857], [-78.9615, 35.91867], [-78.96145, 35.91875], [-78.96136, 35.91887], [-78.96175, 35.91879], [-78.96212, 35.91871], [-78.96247, 35.91865], [-78.9628, 35.91857], [-78.9633, 35.91847], [-78.96345, 35.91844], [-78.96353, 35.91842], [-78.96389, 35.91834], [-78.9643, 35.91826], [-78.96482, 35.91813], [-78.96512, 35.91806], [-78.96547, 35.91797], [-78.96562, 35.91794], [-78.96593, 35.91787], [-78.96629, 35.91777], [-78.96682, 35.91764], [-78.97041, 35.91678], [-78.97044, 35.91677], [-78.9705, 35.91676], [-78.97148, 35.91652], [-78.97263, 35.91624], [-78.97345, 35.91605], [-78.97374, 35.91597], [-78.97693, 35.91521], [-78.97735, 35.9151], [-78.97905, 35.9147], [-78.97918, 35.91466], [-78.97924, 35.91464], [-78.97977, 35.91448], [-78.98004, 35.91437], [-78.98023, 35.91428], [-78.98046, 35.91415], [-78.98066, 35.91403], [-78.98184, 35.91337], [-78.98199, 35.91328], [-78.9822, 35.91314], [-78.98306, 35.91257], [-78.98324, 35.91245], [-78.98349, 35.91229], [-78.98394, 35.91187], [-78.98415, 35.91174], [-78.98433, 35.91161], [-78.98444, 35.91155], [-78.98473, 35.91142], [-78.98487, 35.91134], [-78.98512, 35.91122], [-78.98534, 35.91109], [-78.98566, 35.91092], [-78.98624, 35.91064], [-78.9864, 35.91057], [-78.98661, 35.91049], [-78.98693, 35.91036], [-78.98719, 35.91025], [-78.98751, 35.9101], [-78.9879, 35.90994], [-78.98823, 35.9098], [-78.98867, 35.9096], [-78.98885, 35.90953], [-78.98932, 35.90933], [-78.98986, 35.9091], [-78.99033, 35.9089], [-78.99051, 35.90882], [-78.99067, 35.90876], [-78.9913, 35.90849], [-78.99179, 35.90828], [-78.99218, 35.90811], [-78.99261, 35.90792], [-78.99308, 35.90771], [-78.99341, 35.90754], [-78.99348, 35.90751], [-78.9939, 35.9073], [-78.9942, 35.90714], [-78.99422, 35.90728], [-78.99424, 35.90741], [-78.99426, 35.9076], [-78.99427, 35.90765], [-78.99435, 35.90762], [-78.99439, 35.90761], [-78.99503, 35.90716], [-78.99527, 35.90699], [-78.99576, 35.9067], [-78.99583, 35.90665], [-78.99596, 35.90658], [-78.99701, 35.90595], [-78.99935, 35.90453], [-78.99986, 35.90423], [-79.00002, 35.90414], [-79.00021, 35.90401], [-79.00031, 35.90394], [-79.00043, 35.90387], [-79.00048, 35.90383], [-79.0007, 35.90375], [-79.00071, 35.90336], [-79.00088, 35.90329], [-79.00112, 35.90321], [-79.0019, 35.90294], [-79.00225, 35.90282], [-79.00311, 35.90256], [-79.00366, 35.9024], [-79.00373, 35.90238], [-79.00454, 35.90214], [-79.00505, 35.902], [-79.0055, 35.90188], [-79.00563, 35.90184], [-79.00581, 35.90181], [-79.00651, 35.90172], [-79.00678, 35.90171], [-79.00703, 35.90173], [-79.0072, 35.90174], [-79.00734, 35.90175], [-79.00758, 35.90177], [-79.00793, 35.90183], [-79.0081, 35.90186], [-79.00819, 35.90188], [-79.00823, 35.90189], [-79.00841, 35.90192], [-79.00862, 35.90198], [-79.00889, 35.90207], [-79.00916, 35.90218], [-79.00921, 35.9022], [-79.0095, 35.9024], [-79.00953, 35.90221], [-79.00956, 35.90205], [-79.00959, 35.90187], [-79.0097, 35.90123], [-79.0098, 35.90069], [-79.00985, 35.90041], [-79.00987, 35.90026], [-79.00989, 35.90014], [-79.0099, 35.90013], [-79.01004, 35.89932], [-79.01008, 35.89904], [-79.0101, 35.89893], [-79.01013, 35.89881], [-79.01018, 35.8985], [-79.01023, 35.89822], [-79.01029, 35.89788], [-79.01042, 35.89713], [-79.01062, 35.89596], [-79.0108, 35.89494], [-79.01118, 35.89275], [-79.01158, 35.89045], [-79.01184, 35.88892], [-79.01207, 35.88753], [-79.01209, 35.88743], [-79.01257, 35.88478], [-79.01308, 35.88173], [-79.0133, 35.88051], [-79.01385, 35.87739], [-79.01388, 35.87718], [-79.01397, 35.87664], [-79.01408, 35.87602], [-79.01409, 35.87597], [-79.0141, 35.87586], [-79.01412, 35.8758], [-79.01414, 35.87566], [-79.01417, 35.87552], [-79.01423, 35.87514], [-79.01431, 35.8747], [-79.01448, 35.87371], [-79.01465, 35.87275], [-79.01479, 35.8719], [-79.01489, 35.87132], [-79.01505, 35.87043], [-79.01526, 35.86919], [-79.01543, 35.8682], [-79.01562, 35.86716], [-79.01588, 35.86566], [-79.01631, 35.86321]]]}}, {"type": "Feature", "properties": {"tract_id": "37063002020", "name": "Census Tract 20.20", "pct_white_2020": 53.9, "pct_black_2020": 28.6, "pct_hispanic_2020": 1.7, "pct_asian_2020": 10.4, "population_2020": 9920}, "geometry": {"type": "Polygon", "coordinates": [[[-78.97849, 35.86682], [-78.97825, 35.8649], [-78.97786, 35.86492], [-78.97423, 35.86508], [-78.97402, 35.86509], [-78.97358, 35.86512], [-78.97274, 35.86515], [-78.9687, 35.86533], [-78.96663, 35.86542], [-78.9638, 35.86555], [-78.96244, 35.8656], [-78.96222, 35.86562], [-78.96219, 35.86562], [-78.96217, 35.86562], [-78.96201, 35.86562], [-78.96177, 35.86564], [-78.96159, 35.86564], [-78.96154, 35.86565], [-78.96136, 35.86565], [-78.96116, 35.86566], [-78.96099, 35.86567], [-78.96037, 35.8657], [-78.95991, 35.86572], [-78.9595, 35.86574], [-78.95938, 35.86574], [-78.95927, 35.86574], [-78.9592, 35.86575], [-78.95909, 35.86575], [-78.95829, 35.86579], [-78.95792, 35.8658], [-78.95786, 35.86581], [-78.95782, 35.86581], [-78.95761, 35.86582], [-78.95677, 35.86586], [-78.95349, 35.866], [-78.9534, 35.86601], [-78.95327, 35.86601], [-78.95299, 35.86602], [-78.95261, 35.86604], [-78.95197, 35.86607], [-78.95054, 35.86613], [-78.94857, 35.86622], [-78.94833, 35.86623], [-78.94819, 35.86624], [-78.94811, 35.86624], [-78.94758, 35.86626], [-78.94745, 35.86627], [-78.9473, 35.86627], [-78.9467, 35.8663], [-78.94394, 35.86642], [-78.94373, 35.86643], [-78.94312, 35.86646], [-78.94205, 35.86651], [-78.94069, 35.86657], [-78.94039, 35.86658], [-78.94018, 35.86659], [-78.9401, 35.86659], [-78.94002, 35.8666], [-78.93995, 35.8666], [-78.93984, 35.8666], [-78.93958, 35.86661], [-78.9394, 35.86662], [-78.93871, 35.86665], [-78.93847, 35.86666], [-78.9377, 35.8667], [-78.93632, 35.86676], [-78.93629, 35.86676], [-78.93608, 35.86677], [-78.93567, 35.86679], [-78.93561, 35.86679], [-78.93544, 35.8668], [-78.93531, 35.8668], [-78.93514, 35.86681], [-78.93506, 35.86681], [-78.93497, 35.86682], [-78.93468, 35.86683], [-78.93441, 35.86684], [-78.93421, 35.86685], [-78.93397, 35.86686], [-78.93379, 35.86687], [-78.93362, 35.86688], [-78.93344, 35.86688], [-78.93334, 35.86689], [-78.93312, 35.8669], [-78.933, 35.8669], [-78.93268, 35.86692], [-78.9325, 35.86693], [-78.93246, 35.86693], [-78.93233, 35.86693], [-78.93214, 35.86694], [-78.93191, 35.86695], [-78.93175, 35.86696], [-78.93158, 35.86697], [-78.9315, 35.86697], [-78.93146, 35.86697], [-78.93133, 35.86698], [-78.93112, 35.86699], [-78.93091, 35.867], [-78.92957, 35.86705], [-78.92916, 35.86707], [-78.92851, 35.8671], [-78.92819, 35.86712], [-78.92773, 35.86714], [-78.92739, 35.86715], [-78.92735, 35.86715], [-78.92679, 35.86718], [-78.9264, 35.86719], [-78.92617, 35.8672], [-78.92613, 35.86721], [-78.92608, 35.86721], [-78.926, 35.86721], [-78.92479, 35.86727], [-78.92365, 35.86732], [-78.92324, 35.86733], [-78.92294, 35.86735], [-78.92283, 35.86735], [-78.92272, 35.86736], [-78.92249, 35.86737], [-78.92183, 35.8674], [-78.92152, 35.86741], [-78.92142, 35.86741], [-78.92124, 35.86742], [-78.92027, 35.86746], [-78.91997, 35.86748], [-78.91774, 35.86757], [-78.91746, 35.86759], [-78.91723, 35.8676], [-78.91625, 35.86764], [-78.91581, 35.86766], [-78.91498, 35.8677], [-78.91476, 35.8677], [-78.91476, 35.86774], [-78.91476, 35.86778], [-78.91476, 35.86802], [-78.91476, 35.86856], [-78.91475, 35.86881], [-78.91469, 35.86911], [-78.91462, 35.86931], [-78.9146, 35.86939], [-78.91449, 35.86965], [-78.91423, 35.87016], [-78.91409, 35.87042], [-78.91351, 35.87153], [-78.91334, 35.87192], [-78.91327, 35.8721], [-78.91319, 35.87243], [-78.91314, 35.87263], [-78.91315, 35.87285], [-78.91317, 35.87296], [-78.91321, 35.87313], [-78.91329, 35.87332], [-78.91332, 35.87339], [-78.91336, 35.87345], [-78.9134, 35.87352], [-78.91345, 35.87361], [-78.91348, 35.87366], [-78.91352, 35.87371], [-78.9147, 35.87546], [-78.91475, 35.87556], [-78.91481, 35.87574], [-78.91485, 35.87593], [-78.91484, 35.87614], [-78.91488, 35.87666], [-78.91491, 35.87739], [-78.91493, 35.87785], [-78.91497, 35.87824], [-78.91502, 35.87866], [-78.91507, 35.879], [-78.91509, 35.87915], [-78.91512, 35.87937], [-78.91514, 35.87962], [-78.91519, 35.88009], [-78.91522, 35.88042], [-78.91524, 35.88069], [-78.91534, 35.88241], [-78.91537, 35.8827], [-78.91542, 35.88299], [-78.91545, 35.88309], [-78.91557, 35.88349], [-78.91566, 35.88378], [-78.91566, 35.88384], [-78.91571, 35.88398], [-78.91575, 35.88414], [-78.91589, 35.88456], [-78.91595, 35.88475], [-78.91601, 35.88514], [-78.91603, 35.88526], [-78.91604, 35.88531], [-78.91605, 35.88557], [-78.91613, 35.88674], [-78.91619, 35.88768], [-78.91622, 35.88823], [-78.91626, 35.88896], [-78.91635, 35.88969], [-78.91643, 35.8903], [-78.91646, 35.89057], [-78.9165, 35.89069], [-78.91653, 35.89078], [-78.91659, 35.89086], [-78.91664, 35.8909], [-78.9169, 35.8911], [-78.91691, 35.8911], [-78.91774, 35.89153], [-78.91807, 35.8917], [-78.91837, 35.89184], [-78.91859, 35.892], [-78.91873, 35.89208], [-78.91883, 35.89216], [-78.91905, 35.8923], [-78.91932, 35.89253], [-78.91947, 35.89263], [-78.91953, 35.89271], [-78.91959, 35.8928], [-78.91975, 35.893], [-78.91985, 35.89312], [-78.92059, 35.89405], [-78.92091, 35.89445], [-78.92103, 35.89461], [-78.92131, 35.89488], [-78.92139, 35.89495], [-78.92148, 35.89503], [-78.92158, 35.8951], [-78.92177, 35.89522], [-78.9221, 35.89538], [-78.92225, 35.89545], [-78.9226, 35.89561], [-78.92272, 35.89567], [-78.92295, 35.8958], [-78.92308, 35.89591], [-78.9232, 35.89602], [-78.92331, 35.89612], [-78.92342, 35.89625], [-78.92348, 35.89634], [-78.92359, 35.89651], [-78.92367, 35.89668], [-78.92373, 35.89682], [-78.92378, 35.897], [-78.92381, 35.89714], [-78.92381, 35.89745], [-78.92382, 35.89787], [-78.92381, 35.89825], [-78.92378, 35.89962], [-78.92378, 35.90021], [-78.92376, 35.90071], [-78.9239, 35.90094], [-78.92412, 35.90124], [-78.92425, 35.9014], [-78.92451, 35.90166], [-78.92465, 35.90178], [-78.92476, 35.90187], [-78.92489, 35.90195], [-78.92498, 35.90201], [-78.92509, 35.90207], [-78.92545, 35.90222], [-78.92571, 35.90231], [-78.92597, 35.90237], [-78.92609, 35.9024], [-78.92634, 35.90246], [-78.9265, 35.90253], [-78.92701, 35.9025], [-78.92722, 35.90248], [-78.92742, 35.90249], [-78.92759, 35.90249], [-78.92771, 35.9025], [-78.92776, 35.90245], [-78.92793, 35.9024], [-78.92814, 35.90231], [-78.92828, 35.90224], [-78.9284, 35.90217], [-78.92853, 35.90208], [-78.92869, 35.90194], [-78.92905, 35.90168], [-78.92926, 35.90154], [-78.92957, 35.90138], [-78.92991, 35.90125], [-78.93137, 35.90077], [-78.93161, 35.90069], [-78.93184, 35.90061], [-78.93202, 35.90056], [-78.93225, 35.90047], [-78.9324, 35.90043], [-78.93247, 35.9004], [-78.93298, 35.90024], [-78.93326, 35.90014], [-78.93365, 35.90001], [-78.93415, 35.89983], [-78.93463, 35.89964], [-78.93498, 35.89949], [-78.93535, 35.89933], [-78.93622, 35.89892], [-78.93637, 35.89885], [-78.93664, 35.89872], [-78.93677, 35.89866], [-78.93705, 35.8985], [-78.93733, 35.89832], [-78.93743, 35.89826], [-78.93778, 35.89797], [-78.93781, 35.89793], [-78.93795, 35.89779], [-78.93811, 35.89765], [-78.93822, 35.89754], [-78.93832, 35.89746], [-78.93846, 35.89736], [-78.9385, 35.89735], [-78.9387, 35.89723], [-78.93899, 35.89712], [-78.93942, 35.89697], [-78.93997, 35.89679], [-78.94052, 35.89664], [-78.9406, 35.89662], [-78.94077, 35.89657], [-78.94163, 35.89635], [-78.94172, 35.89634], [-78.94178, 35.89622], [-78.94191, 35.89589], [-78.94207, 35.89546], [-78.94224, 35.89545], [-78.94244, 35.89546], [-78.94299, 35.89547], [-78.94529, 35.89544], [-78.94552, 35.89543], [-78.9456, 35.89543], [-78.9461, 35.89542], [-78.94708, 35.89539], [-78.94753, 35.89537], [-78.94789, 35.89536], [-78.94801, 35.89536], [-78.9481, 35.89535], [-78.94848, 35.89535], [-78.94856, 35.89535], [-78.94866, 35.89535], [-78.9488, 35.89535], [-78.94899, 35.89535], [-78.9491, 35.89534], [-78.94914, 35.89534], [-78.95099, 35.89528], [-78.95147, 35.89525], [-78.95178, 35.89521], [-78.95205, 35.89515], [-78.95246, 35.89504], [-78.95267, 35.89498], [-78.953, 35.89485], [-78.95319, 35.89477], [-78.95332, 35.89471], [-78.95374, 35.89449], [-78.95402, 35.89435], [-78.95423, 35.89423], [-78.95455, 35.89407], [-78.95474, 35.89399], [-78.95495, 35.89391], [-78.95518, 35.89383], [-78.95551, 35.89375], [-78.9558, 35.8937], [-78.95605, 35.89366], [-78.95637, 35.89362], [-78.95709, 35.89355], [-78.95767, 35.89349], [-78.95797, 35.89346], [-78.95806, 35.89346], [-78.95811, 35.89348], [-78.95816, 35.89349], [-78.95822, 35.89354], [-78.95824, 35.89362], [-78.95845, 35.89473], [-78.95858, 35.89542], [-78.95859, 35.89546], [-78.95866, 35.89585], [-78.95883, 35.89677], [-78.95885, 35.8969], [-78.95922, 35.89886], [-78.95924, 35.89896], [-78.95935, 35.89955], [-78.95941, 35.89989], [-78.9595, 35.90037], [-78.95961, 35.90103], [-78.95974, 35.90186], [-78.95983, 35.90268], [-78.95988, 35.90294], [-78.95999, 35.90396], [-78.96037, 35.9039], [-78.96117, 35.9038], [-78.96179, 35.90374], [-78.96261, 35.90368], [-78.96296, 35.90367], [-78.9633, 35.90366], [-78.9637, 35.90365], [-78.96406, 35.90366], [-78.96421, 35.90366], [-78.96461, 35.90368], [-78.96501, 35.90367], [-78.96676, 35.90384], [-78.96737, 35.90391], [-78.96776, 35.90398], [-78.96787, 35.90388], [-78.96792, 35.90384], [-78.96794, 35.90382], [-78.96797, 35.90377], [-78.96801, 35.90373], [-78.96802, 35.9037], [-78.96806, 35.90368], [-78.96813, 35.90368], [-78.96819, 35.9037], [-78.96828, 35.90375], [-78.96835, 35.9038], [-78.96851, 35.90386], [-78.96869, 35.90389], [-78.96887, 35.90389], [-78.96896, 35.90387], [-78.96911, 35.90382], [-78.96919, 35.90377], [-78.96927, 35.90369], [-78.96934, 35.90357], [-78.96939, 35.90337], [-78.9694, 35.90328], [-78.96939, 35.90326], [-78.9691, 35.90312], [-78.96906, 35.90309], [-78.96902, 35.90305], [-78.96894, 35.90302], [-78.9689, 35.90301], [-78.96886, 35.90302], [-78.96883, 35.90303], [-78.96881, 35.90306], [-78.96879, 35.9031], [-78.96877, 35.90312], [-78.96873, 35.90312], [-78.96869, 35.90312], [-78.96866, 35.9031], [-78.96864, 35.90308], [-78.96862, 35.90302], [-78.96861, 35.90296], [-78.96862, 35.90291], [-78.96864, 35.90283], [-78.96869, 35.90271], [-78.96873, 35.90265], [-78.96881, 35.90254], [-78.96895, 35.90243], [-78.96908, 35.90232], [-78.96919, 35.90224], [-78.96942, 35.90203], [-78.96953, 35.90192], [-78.96967, 35.90173], [-78.96973, 35.90161], [-78.96975, 35.90154], [-78.96975, 35.90152], [-78.96975, 35.90146], [-78.96975, 35.90136], [-78.96968, 35.90116], [-78.96967, 35.90108], [-78.96967, 35.901], [-78.96973, 35.90085], [-78.96976, 35.90081], [-78.96976, 35.9008], [-78.96978, 35.90079], [-78.96983, 35.90077], [-78.96987, 35.90077], [-78.96995, 35.90075], [-78.97004, 35.9007], [-78.97025, 35.90054], [-78.97034, 35.90045], [-78.97038, 35.90039], [-78.97042, 35.90035], [-78.97046, 35.90033], [-78.97057, 35.90031], [-78.97065, 35.90029], [-78.97069, 35.90026], [-78.9707, 35.90024], [-78.9707, 35.90021], [-78.97069, 35.90018], [-78.97068, 35.90017], [-78.97066, 35.9001], [-78.97061, 35.90002], [-78.97057, 35.89996], [-78.97046, 35.89983], [-78.97027, 35.89965], [-78.96999, 35.8994], [-78.96994, 35.89932], [-78.96993, 35.89923], [-78.96993, 35.89914], [-78.96994, 35.89906], [-78.96995, 35.89897], [-78.96993, 35.89882], [-78.96995, 35.89857], [-78.96997, 35.89849], [-78.97, 35.89847], [-78.97003, 35.89846], [-78.97007, 35.89846], [-78.97011, 35.89847], [-78.97017, 35.8985], [-78.97024, 35.89852], [-78.97032, 35.89851], [-78.97034, 35.8985], [-78.97036, 35.89845], [-78.97033, 35.89838], [-78.97032, 35.89835], [-78.97027, 35.89834], [-78.97014, 35.89823], [-78.97013, 35.8982], [-78.97013, 35.89816], [-78.97015, 35.89815], [-78.97033, 35.89812], [-78.97036, 35.8981], [-78.97037, 35.89805], [-78.97037, 35.89802], [-78.97036, 35.89799], [-78.97031, 35.89794], [-78.97028, 35.89789], [-78.97025, 35.89783], [-78.97025, 35.89773], [-78.97024, 35.89769], [-78.9702, 35.89765], [-78.97018, 35.89765], [-78.97008, 35.89767], [-78.97005, 35.89768], [-78.96984, 35.89774], [-78.96976, 35.89773], [-78.96968, 35.89774], [-78.9696, 35.89777], [-78.96953, 35.89777], [-78.96946, 35.89775], [-78.96941, 35.89772], [-78.96935, 35.89767], [-78.96928, 35.8976], [-78.96925, 35.89754], [-78.96926, 35.89745], [-78.96927, 35.89739], [-78.96935, 35.89732], [-78.96949, 35.89722], [-78.96964, 35.89706], [-78.96971, 35.89695], [-78.96977, 35.89687], [-78.96999, 35.89662], [-78.97003, 35.89654], [-78.97005, 35.89647], [-78.97006, 35.89638], [-78.97005, 35.89633], [-78.97002, 35.89628], [-78.96999, 35.89623], [-78.96991, 35.89608], [-78.96987, 35.896], [-78.96985, 35.89588], [-78.96986, 35.8958], [-78.96989, 35.89575], [-78.96993, 35.89573], [-78.97003, 35.8957], [-78.97015, 35.89572], [-78.97024, 35.89575], [-78.97045, 35.89579], [-78.97067, 35.8958], [-78.97074, 35.8958], [-78.97082, 35.89578], [-78.97095, 35.89569], [-78.97103, 35.89558], [-78.97108, 35.89549], [-78.9711, 35.89543], [-78.9711, 35.89528], [-78.97109, 35.89508], [-78.97107, 35.89494], [-78.97103, 35.8948], [-78.97094, 35.89468], [-78.97087, 35.89461], [-78.97076, 35.89452], [-78.97068, 35.89444], [-78.97059, 35.89438], [-78.97047, 35.89433], [-78.97026, 35.89428], [-78.97006, 35.89431], [-78.96997, 35.89435], [-78.96989, 35.89439], [-78.96974, 35.89452], [-78.96964, 35.89459], [-78.96949, 35.89468], [-78.96938, 35.89476], [-78.96933, 35.89481], [-78.96916, 35.89496], [-78.96911, 35.89498], [-78.96909, 35.89496], [-78.96903, 35.89493], [-78.96898, 35.8949], [-78.96889, 35.89483], [-78.96882, 35.89478], [-78.9687, 35.89474], [-78.96847, 35.89471], [-78.96838, 35.89469], [-78.96821, 35.89464], [-78.96816, 35.89461], [-78.96813, 35.89457], [-78.96812, 35.8945], [-78.96813, 35.89443], [-78.96816, 35.89436], [-78.96826, 35.89426], [-78.96833, 35.89419], [-78.96838, 35.89415], [-78.96847, 35.8941], [-78.96857, 35.89406], [-78.96874, 35.89401], [-78.9693, 35.89395], [-78.96976, 35.89388], [-78.97011, 35.89382], [-78.97021, 35.89381], [-78.97031, 35.89379], [-78.97041, 35.89376], [-78.97042, 35.89371], [-78.97042, 35.89366], [-78.97038, 35.89351], [-78.97032, 35.89336], [-78.9703, 35.89334], [-78.97023, 35.89329], [-78.9702, 35.89328], [-78.97008, 35.8931], [-78.97004, 35.89305], [-78.97, 35.893], [-78.96994, 35.89292], [-78.9699, 35.89283], [-78.96986, 35.89273], [-78.96985, 35.89264], [-78.96982, 35.89258], [-78.96978, 35.89246], [-78.96969, 35.89234], [-78.96966, 35.89229], [-78.96963, 35.8922], [-78.96963, 35.89211], [-78.96965, 35.89211], [-78.96973, 35.89209], [-78.96991, 35.892], [-78.96999, 35.89194], [-78.97007, 35.89188], [-78.97021, 35.89167], [-78.97023, 35.89162], [-78.97025, 35.89145], [-78.97022, 35.89137], [-78.97017, 35.89128], [-78.97013, 35.89127], [-78.97002, 35.89125], [-78.96993, 35.89125], [-78.96984, 35.89127], [-78.96978, 35.8913], [-78.96973, 35.89133], [-78.96966, 35.89143], [-78.96963, 35.89151], [-78.96962, 35.89157], [-78.9696, 35.89161], [-78.96957, 35.89164], [-78.96954, 35.89165], [-78.96945, 35.89164], [-78.96921, 35.89157], [-78.96913, 35.89151], [-78.96911, 35.89146], [-78.9691, 35.89139], [-78.9691, 35.89131], [-78.96909, 35.89124], [-78.96909, 35.89116], [-78.9691, 35.8911], [-78.96913, 35.89098], [-78.96923, 35.89087], [-78.9693, 35.89084], [-78.96954, 35.89086], [-78.96963, 35.89088], [-78.96986, 35.89092], [-78.96995, 35.89093], [-78.97004, 35.89094], [-78.97025, 35.89094], [-78.97034, 35.89093], [-78.97041, 35.8909], [-78.97045, 35.89087], [-78.97048, 35.89083], [-78.9705, 35.89079], [-78.97052, 35.89073], [-78.9705, 35.89062], [-78.97048, 35.89057], [-78.97046, 35.89054], [-78.97036, 35.89049], [-78.97029, 35.89047], [-78.9702, 35.89047], [-78.96992, 35.89048], [-78.9698, 35.89047], [-78.96972, 35.89045], [-78.96959, 35.89044], [-78.96956, 35.89043], [-78.96955, 35.89041], [-78.96956, 35.89038], [-78.96958, 35.89036], [-78.96998, 35.89019], [-78.9702, 35.89013], [-78.97035, 35.89008], [-78.9705, 35.89004], [-78.9706, 35.89003], [-78.97065, 35.89004], [-78.97075, 35.89007], [-78.9708, 35.8901], [-78.97085, 35.89015], [-78.97089, 35.89016], [-78.97092, 35.89016], [-78.97095, 35.89014], [-78.97096, 35.89011], [-78.97094, 35.89003], [-78.9709, 35.88995], [-78.97087, 35.88989], [-78.97078, 35.88977], [-78.97076, 35.88975], [-78.97074, 35.8897], [-78.97073, 35.88967], [-78.97073, 35.88962], [-78.97074, 35.88957], [-78.97076, 35.88952], [-78.97079, 35.88949], [-78.97082, 35.88947], [-78.97087, 35.88942], [-78.9709, 35.88937], [-78.97094, 35.8893], [-78.97102, 35.88919], [-78.97108, 35.88913], [-78.97113, 35.8891], [-78.97117, 35.88905], [-78.9712, 35.889], [-78.97123, 35.88893], [-78.97123, 35.88887], [-78.97121, 35.88882], [-78.97118, 35.88876], [-78.97108, 35.88867], [-78.97103, 35.88864], [-78.97098, 35.88859], [-78.97068, 35.88813], [-78.9706, 35.88804], [-78.97052, 35.88799], [-78.97043, 35.88793], [-78.97039, 35.88789], [-78.97033, 35.88776], [-78.97033, 35.88771], [-78.97035, 35.88766], [-78.97032, 35.88754], [-78.97029, 35.88749], [-78.97026, 35.88747], [-78.97, 35.88738], [-78.96996, 35.88736], [-78.96994, 35.88735], [-78.96989, 35.88735], [-78.96983, 35.88737], [-78.96978, 35.88743], [-78.96969, 35.8875], [-78.96966, 35.88753], [-78.96961, 35.88755], [-78.96956, 35.88756], [-78.96944, 35.88758], [-78.96937, 35.88755], [-78.96933, 35.88753], [-78.96931, 35.8875], [-78.96925, 35.88744], [-78.9691, 35.88739], [-78.96897, 35.88736], [-78.96879, 35.88727], [-78.96872, 35.88722], [-78.96869, 35.88718], [-78.96865, 35.88713], [-78.96861, 35.88708], [-78.9686, 35.88702], [-78.9686, 35.88697], [-78.96862, 35.88693], [-78.96867, 35.88686], [-78.96869, 35.88683], [-78.96871, 35.88682], [-78.96872, 35.88678], [-78.96871, 35.88662], [-78.96868, 35.88654], [-78.96865, 35.88649], [-78.96857, 35.88641], [-78.96855, 35.88636], [-78.9685, 35.88633], [-78.96846, 35.88627], [-78.96843, 35.88623], [-78.96841, 35.88619], [-78.96841, 35.88601], [-78.96839, 35.88593], [-78.96837, 35.88589], [-78.96834, 35.8858], [-78.96834, 35.8857], [-78.96836, 35.88565], [-78.96837, 35.88555], [-78.96836, 35.88551], [-78.96831, 35.88548], [-78.96826, 35.88546], [-78.9682, 35.88546], [-78.96815, 35.88546], [-78.96807, 35.88549], [-78.968, 35.88553], [-78.96778, 35.88565], [-78.9677, 35.88572], [-78.96759, 35.88577], [-78.96752, 35.88579], [-78.9674, 35.88579], [-78.96732, 35.88577], [-78.96725, 35.88577], [-78.96719, 35.88575], [-78.96715, 35.88569], [-78.96712, 35.88563], [-78.96711, 35.88557], [-78.96709, 35.88554], [-78.96706, 35.88529], [-78.96698, 35.88501], [-78.96692, 35.88485], [-78.96687, 35.88478], [-78.96684, 35.88475], [-78.9668, 35.88471], [-78.96671, 35.88468], [-78.96665, 35.88469], [-78.9666, 35.8847], [-78.96655, 35.88471], [-78.96648, 35.88475], [-78.96643, 35.88481], [-78.9664, 35.88491], [-78.96638, 35.885], [-78.96634, 35.88514], [-78.96629, 35.88522], [-78.96622, 35.8853], [-78.96605, 35.88544], [-78.96601, 35.88548], [-78.966, 35.88554], [-78.96601, 35.88581], [-78.96603, 35.88588], [-78.96601, 35.88594], [-78.966, 35.88604], [-78.96588, 35.88618], [-78.96578, 35.88625], [-78.96568, 35.8863], [-78.96564, 35.8863], [-78.96559, 35.88631], [-78.9655, 35.8863], [-78.9653, 35.88627], [-78.96528, 35.88624], [-78.96526, 35.8861], [-78.96528, 35.88601], [-78.96528, 35.88592], [-78.96531, 35.88587], [-78.96538, 35.8857], [-78.96545, 35.88549], [-78.96551, 35.88536], [-78.96556, 35.88528], [-78.96565, 35.88507], [-78.96567, 35.885], [-78.96567, 35.88494], [-78.96566, 35.88488], [-78.96566, 35.88473], [-78.96567, 35.88468], [-78.96569, 35.88461], [-78.96569, 35.88448], [-78.96567, 35.88438], [-78.96568, 35.88431], [-78.96568, 35.88423], [-78.96566, 35.88416], [-78.9656, 35.88406], [-78.96554, 35.88403], [-78.96546, 35.884], [-78.96528, 35.88396], [-78.96509, 35.88393], [-78.96498, 35.88392], [-78.96491, 35.88391], [-78.96484, 35.8839], [-78.96479, 35.88387], [-78.96457, 35.88385], [-78.96451, 35.88386], [-78.96448, 35.88387], [-78.96439, 35.88387], [-78.9643, 35.88385], [-78.96426, 35.88383], [-78.96423, 35.88382], [-78.96425, 35.88354], [-78.96426, 35.88353], [-78.9644, 35.88342], [-78.96451, 35.88334], [-78.96461, 35.88327], [-78.96463, 35.88324], [-78.96475, 35.88309], [-78.96488, 35.88286], [-78.96493, 35.88273], [-78.96501, 35.88258], [-78.96507, 35.88231], [-78.96511, 35.88222], [-78.96515, 35.88218], [-78.96523, 35.88207], [-78.9653, 35.882], [-78.96536, 35.88193], [-78.96544, 35.88185], [-78.96552, 35.88176], [-78.96555, 35.88169], [-78.96559, 35.88159], [-78.9656, 35.88152], [-78.96559, 35.88141], [-78.96557, 35.88131], [-78.96546, 35.88104], [-78.96543, 35.88077], [-78.96543, 35.88069], [-78.96544, 35.88061], [-78.96549, 35.88044], [-78.96551, 35.88035], [-78.96552, 35.88019], [-78.96551, 35.88009], [-78.96546, 35.87997], [-78.96544, 35.87988], [-78.96535, 35.8797], [-78.96533, 35.87957], [-78.96531, 35.87947], [-78.96527, 35.8794], [-78.96521, 35.87928], [-78.96509, 35.87909], [-78.96501, 35.87892], [-78.96496, 35.87868], [-78.96494, 35.87853], [-78.96493, 35.87848], [-78.96493, 35.87841], [-78.96486, 35.87825], [-78.96477, 35.87787], [-78.96473, 35.87775], [-78.96473, 35.8777], [-78.96471, 35.8776], [-78.96469, 35.87752], [-78.96466, 35.87746], [-78.96462, 35.87739], [-78.96457, 35.87732], [-78.9645, 35.87725], [-78.96435, 35.87713], [-78.96425, 35.87707], [-78.96419, 35.87701], [-78.96415, 35.87696], [-78.96413, 35.87694], [-78.96411, 35.87689], [-78.96407, 35.87659], [-78.96405, 35.87652], [-78.96401, 35.87646], [-78.964, 35.87645], [-78.9638, 35.87631], [-78.96348, 35.87615], [-78.96344, 35.87613], [-78.96342, 35.8761], [-78.9634, 35.87605], [-78.9634, 35.87601], [-78.96342, 35.87598], [-78.96346, 35.87595], [-78.96356, 35.87587], [-78.96365, 35.87578], [-78.96366, 35.87576], [-78.96365, 35.8757], [-78.96364, 35.87567], [-78.96363, 35.87565], [-78.96356, 35.87561], [-78.9635, 35.87556], [-78.96344, 35.8755], [-78.96336, 35.87539], [-78.96329, 35.87524], [-78.96236, 35.87516], [-78.96233, 35.87523], [-78.9623, 35.87532], [-78.9623, 35.8754], [-78.96229, 35.8755], [-78.96229, 35.87556], [-78.96238, 35.87602], [-78.96239, 35.87605], [-78.96231, 35.87608], [-78.96208, 35.87615], [-78.96186, 35.87619], [-78.96182, 35.87619], [-78.96164, 35.87614], [-78.96156, 35.87604], [-78.96153, 35.87599], [-78.96147, 35.87595], [-78.9614, 35.87592], [-78.9612, 35.87583], [-78.96099, 35.87574], [-78.96078, 35.87562], [-78.96053, 35.87545], [-78.9605, 35.87543], [-78.96045, 35.8754], [-78.96042, 35.87536], [-78.96039, 35.87533], [-78.96039, 35.87526], [-78.96041, 35.8752], [-78.96056, 35.87503], [-78.96061, 35.8749], [-78.96061, 35.87468], [-78.96061, 35.87458], [-78.96057, 35.87438], [-78.96057, 35.87429], [-78.9606, 35.87418], [-78.96061, 35.87407], [-78.96065, 35.87397], [-78.96069, 35.87395], [-78.96088, 35.87387], [-78.96099, 35.87385], [-78.96117, 35.8738], [-78.96126, 35.87375], [-78.96136, 35.87367], [-78.96152, 35.8735], [-78.96165, 35.87324], [-78.96169, 35.87301], [-78.9617, 35.87282], [-78.96171, 35.87271], [-78.96173, 35.87262], [-78.96179, 35.87255], [-78.96191, 35.87246], [-78.96203, 35.87234], [-78.96211, 35.87227], [-78.96221, 35.87219], [-78.96227, 35.87217], [-78.96235, 35.8721], [-78.96238, 35.87201], [-78.96239, 35.8719], [-78.96237, 35.87176], [-78.96235, 35.87157], [-78.96228, 35.87148], [-78.96224, 35.8714], [-78.96222, 35.87135], [-78.96223, 35.87129], [-78.96225, 35.87124], [-78.96234, 35.87121], [-78.96247, 35.8712], [-78.96271, 35.8712], [-78.96284, 35.87118], [-78.96296, 35.87114], [-78.96314, 35.87104], [-78.96324, 35.87098], [-78.96329, 35.87091], [-78.96329, 35.87081], [-78.96332, 35.87071], [-78.96336, 35.87062], [-78.9634, 35.87051], [-78.96348, 35.87046], [-78.96363, 35.87045], [-78.96383, 35.87046], [-78.96397, 35.87048], [-78.96415, 35.87051], [-78.96444, 35.87052], [-78.96463, 35.8705], [-78.96474, 35.87046], [-78.96482, 35.8704], [-78.96495, 35.87018], [-78.96498, 35.87012], [-78.96504, 35.87008], [-78.96536, 35.87005], [-78.96552, 35.87008], [-78.96563, 35.87011], [-78.96587, 35.87034], [-78.96591, 35.87036], [-78.96594, 35.87037], [-78.96602, 35.87036], [-78.96605, 35.87033], [-78.96604, 35.87026], [-78.96601, 35.87016], [-78.96603, 35.87008], [-78.96606, 35.87004], [-78.96618, 35.87003], [-78.9663, 35.87003], [-78.96663, 35.8701], [-78.96673, 35.8701], [-78.96679, 35.87008], [-78.96684, 35.87004], [-78.96683, 35.86997], [-78.96674, 35.86984], [-78.96671, 35.86977], [-78.96671, 35.86972], [-78.96674, 35.86968], [-78.96686, 35.86964], [-78.96695, 35.8696], [-78.96707, 35.86958], [-78.96724, 35.86957], [-78.96735, 35.86959], [-78.96743, 35.86961], [-78.96749, 35.86967], [-78.9675, 35.86975], [-78.96751, 35.86982], [-78.96752, 35.86989], [-78.96755, 35.86998], [-78.9676, 35.87003], [-78.9677, 35.87008], [-78.96786, 35.87009], [-78.96802, 35.87009], [-78.96811, 35.87016], [-78.96838, 35.87038], [-78.96851, 35.87047], [-78.96876, 35.87058], [-78.96887, 35.8706], [-78.96893, 35.87058], [-78.96898, 35.87053], [-78.96903, 35.8704], [-78.96908, 35.87028], [-78.96916, 35.87018], [-78.96934, 35.87002], [-78.96945, 35.86996], [-78.96959, 35.86993], [-78.96973, 35.8699], [-78.96988, 35.86989], [-78.96999, 35.86988], [-78.97007, 35.86983], [-78.97011, 35.86976], [-78.97015, 35.86969], [-78.97016, 35.86961], [-78.97023, 35.86958], [-78.97032, 35.86958], [-78.9704, 35.86962], [-78.97046, 35.86972], [-78.97053, 35.86984], [-78.97059, 35.86991], [-78.97065, 35.86994], [-78.97071, 35.86994], [-78.97074, 35.86987], [-78.97076, 35.86983], [-78.97082, 35.86982], [-78.97087, 35.86984], [-78.97092, 35.8699], [-78.97094, 35.86995], [-78.97101, 35.86995], [-78.97108, 35.86992], [-78.97116, 35.8699], [-78.97135, 35.86981], [-78.97179, 35.86981], [-78.97196, 35.86972], [-78.97229, 35.86913], [-78.97257, 35.8689], [-78.97279, 35.86846], [-78.9734, 35.86796], [-78.97356, 35.86791], [-78.97764, 35.86706], [-78.97849, 35.86682]]]}}, {"type": "Feature", "properties": {"tract_id": "37063001806", "name": "Census Tract 18.06", "pct_white_2020": 24.5, "pct_black_2020": 52.9, "pct_hispanic_2020": 16.6, "pct_asian_2020": 0.2, "population_2020": 7620}, "geometry": {"type": "Polygon", "coordinates": [[[-78.84225, 36.00626], [-78.84236, 36.00602], [-78.84201, 36.0061], [-78.84182, 36.00614], [-78.84105, 36.00631], [-78.84088, 36.00636], [-78.84066, 36.00643], [-78.84027, 36.00657], [-78.83995, 36.00671], [-78.83962, 36.00686], [-78.8393, 36.00702], [-78.83924, 36.00695], [-78.83912, 36.00681], [-78.83892, 36.00659], [-78.83876, 36.0064], [-78.83865, 36.00629], [-78.83864, 36.00627], [-78.8383, 36.00594], [-78.83824, 36.00587], [-78.83819, 36.0058], [-78.83813, 36.00571], [-78.83799, 36.00544], [-78.83793, 36.00531], [-78.83788, 36.00513], [-78.83784, 36.00494], [-78.83782, 36.00482], [-78.8378, 36.00471], [-78.83777, 36.00464], [-78.83775, 36.00459], [-78.83767, 36.00446], [-78.83759, 36.00434], [-78.83751, 36.00426], [-78.83742, 36.00418], [-78.83729, 36.0041], [-78.83723, 36.00406], [-78.83722, 36.00406], [-78.83716, 36.00403], [-78.83702, 36.00397], [-78.83671, 36.00387], [-78.83669, 36.00387], [-78.83648, 36.00379], [-78.83637, 36.00374], [-78.83624, 36.00369], [-78.83616, 36.00366], [-78.83613, 36.00365], [-78.8361, 36.00364], [-78.83609, 36.00363], [-78.83599, 36.00358], [-78.83582, 36.00349], [-78.83575, 36.00345], [-78.83562, 36.00338], [-78.8354, 36.00325], [-78.83533, 36.00321], [-78.8352, 36.00314], [-78.83508, 36.00307], [-78.83495, 36.003], [-78.83481, 36.00293], [-78.83467, 36.00287], [-78.8346, 36.00285], [-78.83454, 36.00283], [-78.83442, 36.00279], [-78.83428, 36.00275], [-78.83413, 36.00271], [-78.83399, 36.00268], [-78.83394, 36.00267], [-78.83361, 36.0026], [-78.83349, 36.00258], [-78.8334, 36.00255], [-78.83334, 36.00253], [-78.83327, 36.00251], [-78.83321, 36.00249], [-78.83315, 36.00246], [-78.83309, 36.00242], [-78.83302, 36.00238], [-78.83297, 36.00235], [-78.83289, 36.00229], [-78.83282, 36.0022], [-78.83274, 36.00209], [-78.83255, 36.00178], [-78.83244, 36.0016], [-78.83139, 35.99992], [-78.83129, 35.99975], [-78.83118, 35.99954], [-78.83107, 35.99931], [-78.83098, 35.99913], [-78.83067, 35.99838], [-78.83065, 35.99835], [-78.83061, 35.99826], [-78.83058, 35.99819], [-78.83055, 35.9981], [-78.83053, 35.99806], [-78.83051, 35.99798], [-78.8305, 35.99793], [-78.83018, 35.99785], [-78.82928, 35.99764], [-78.82904, 35.99758], [-78.82884, 35.99754], [-78.82862, 35.99751], [-78.8283, 35.99746], [-78.82774, 35.99741], [-78.82751, 35.9974], [-78.82731, 35.99738], [-78.82709, 35.99735], [-78.82703, 35.99734], [-78.82666, 35.9973], [-78.82633, 35.99727], [-78.82621, 35.99727], [-78.82609, 35.99727], [-78.82594, 35.99724], [-78.8258, 35.9972], [-78.82571, 35.99717], [-78.82546, 35.99707], [-78.82542, 35.99705], [-78.82521, 35.99695], [-78.82505, 35.99687], [-78.82503, 35.99686], [-78.82486, 35.99676], [-78.82457, 35.99661], [-78.82446, 35.99655], [-78.82432, 35.99648], [-78.82417, 35.99642], [-78.82406, 35.99638], [-78.82381, 35.99631], [-78.82369, 35.99628], [-78.82357, 35.99627], [-78.82341, 35.99625], [-78.82293, 35.99622], [-78.82221, 35.99619], [-78.82184, 35.99617], [-78.82157, 35.99616], [-78.82114, 35.99615], [-78.8207, 35.99614], [-78.82013, 35.99611], [-78.82, 35.9961], [-78.81971, 35.99608], [-78.8194, 35.99603], [-78.81926, 35.996], [-78.81923, 35.996], [-78.81858, 35.99587], [-78.81848, 35.99585], [-78.81839, 35.99583], [-78.81812, 35.99578], [-78.81786, 35.99573], [-78.81761, 35.99568], [-78.81741, 35.99564], [-78.81718, 35.9956], [-78.81702, 35.99558], [-78.81685, 35.99555], [-78.81666, 35.9955], [-78.81636, 35.9954], [-78.81611, 35.99531], [-78.81597, 35.99525], [-78.81582, 35.99519], [-78.81579, 35.99517], [-78.81578, 35.99517], [-78.81576, 35.99515], [-78.81567, 35.99511], [-78.81553, 35.995], [-78.81538, 35.99488], [-78.81501, 35.99456], [-78.81479, 35.99465], [-78.81438, 35.99479], [-78.81391, 35.99493], [-78.81377, 35.99497], [-78.81354, 35.99506], [-78.81323, 35.99518], [-78.81255, 35.99549], [-78.81239, 35.99557], [-78.81207, 35.99572], [-78.8118, 35.99583], [-78.81154, 35.99591], [-78.81116, 35.99603], [-78.81091, 35.99611], [-78.8108, 35.99614], [-78.81063, 35.9962], [-78.81044, 35.99627], [-78.81036, 35.99629], [-78.8102, 35.99635], [-78.81018, 35.99636], [-78.81016, 35.99637], [-78.81003, 35.99643], [-78.80972, 35.99661], [-78.80968, 35.99663], [-78.80943, 35.99678], [-78.80931, 35.99686], [-78.80918, 35.99695], [-78.80908, 35.99702], [-78.80889, 35.99715], [-78.8086, 35.99735], [-78.80841, 35.99747], [-78.80832, 35.99753], [-78.80826, 35.99758], [-78.8081, 35.99768], [-78.8079, 35.99782], [-78.80747, 35.99811], [-78.80739, 35.99816], [-78.80733, 35.9982], [-78.80659, 35.9987], [-78.80642, 35.99882], [-78.80622, 35.999], [-78.80549, 35.99973], [-78.8053, 35.9999], [-78.80517, 35.99999], [-78.80504, 36.00006], [-78.80484, 36.00016], [-78.80433, 36.00036], [-78.80039, 36.00197], [-78.80042, 36.00189], [-78.8005, 36.00166], [-78.80076, 36.00076], [-78.80174, 35.99746], [-78.80186, 35.99707], [-78.80193, 35.99677], [-78.80199, 35.99638], [-78.802, 35.99612], [-78.802, 35.99585], [-78.80197, 35.99548], [-78.80192, 35.99504], [-78.80184, 35.99441], [-78.80179, 35.99407], [-78.80168, 35.9932], [-78.80166, 35.99298], [-78.80159, 35.99249], [-78.8014, 35.99095], [-78.80137, 35.99074], [-78.80134, 35.99062], [-78.80129, 35.99043], [-78.80125, 35.9903], [-78.80116, 35.99009], [-78.80109, 35.98992], [-78.80104, 35.98984], [-78.8009, 35.98963], [-78.80033, 35.9889], [-78.80024, 35.98878], [-78.80021, 35.98874], [-78.80012, 35.98861], [-78.80001, 35.98846], [-78.79986, 35.98823], [-78.79972, 35.98799], [-78.7996, 35.98776], [-78.79912, 35.98671], [-78.7991, 35.98668], [-78.79888, 35.9862], [-78.79875, 35.98594], [-78.79867, 35.98578], [-78.79862, 35.98571], [-78.79856, 35.98561], [-78.79849, 35.98549], [-78.79846, 35.98545], [-78.79839, 35.98536], [-78.79828, 35.98524], [-78.79815, 35.98511], [-78.79794, 35.98492], [-78.79733, 35.98436], [-78.79683, 35.9839], [-78.79675, 35.98382], [-78.79666, 35.98371], [-78.79664, 35.98369], [-78.79655, 35.98354], [-78.7965, 35.98346], [-78.79646, 35.98339], [-78.79621, 35.98277], [-78.79581, 35.98169], [-78.79564, 35.98125], [-78.79552, 35.98096], [-78.79548, 35.98086], [-78.7954, 35.98067], [-78.79535, 35.98055], [-78.79525, 35.98035], [-78.79507, 35.98003], [-78.79492, 35.97977], [-78.79473, 35.97945], [-78.79464, 35.97931], [-78.79439, 35.97893], [-78.7939, 35.97814], [-78.79389, 35.97813], [-78.79384, 35.97805], [-78.79374, 35.97793], [-78.79364, 35.97781], [-78.79339, 35.97757], [-78.79324, 35.97746], [-78.79271, 35.97708], [-78.79314, 35.97663], [-78.79257, 35.97655], [-78.79166, 35.9764], [-78.7907, 35.97626], [-78.79037, 35.9762], [-78.78936, 35.97604], [-78.78882, 35.97596], [-78.78784, 35.9758], [-78.78739, 35.97575], [-78.7867, 35.9757], [-78.78599, 35.97573], [-78.78429, 35.97594], [-78.78371, 35.97602], [-78.78219, 35.97623], [-78.78074, 35.97645], [-78.78078, 35.97677], [-78.78079, 35.97692], [-78.78078, 35.97726], [-78.78077, 35.97744], [-78.78072, 35.97771], [-78.78067, 35.97803], [-78.78065, 35.9781], [-78.78056, 35.97831], [-78.78051, 35.97841], [-78.7804, 35.9786], [-78.78026, 35.9788], [-78.78013, 35.97897], [-78.77987, 35.97926], [-78.77953, 35.97961], [-78.7794, 35.97972], [-78.77927, 35.97985], [-78.77917, 35.97993], [-78.77877, 35.98029], [-78.77834, 35.98066], [-78.77831, 35.9807], [-78.77814, 35.98083], [-78.7777, 35.98115], [-78.77758, 35.98123], [-78.77746, 35.9813], [-78.77732, 35.98137], [-78.77714, 35.98144], [-78.77706, 35.98148], [-78.7767, 35.98161], [-78.77638, 35.98172], [-78.77637, 35.98173], [-78.77609, 35.98181], [-78.7754, 35.98199], [-78.77505, 35.98209], [-78.77483, 35.98217], [-78.77436, 35.98237], [-78.77424, 35.98244], [-78.7742, 35.98245], [-78.77411, 35.9825], [-78.77397, 35.98259], [-78.77384, 35.98267], [-78.77373, 35.98275], [-78.77349, 35.98295], [-78.7728, 35.98356], [-78.77273, 35.98361], [-78.77267, 35.98366], [-78.77241, 35.9839], [-78.77217, 35.98413], [-78.77194, 35.9844], [-78.77188, 35.98449], [-78.7718, 35.98467], [-78.7716, 35.98509], [-78.77157, 35.98516], [-78.7715, 35.98533], [-78.77128, 35.98589], [-78.77092, 35.98676], [-78.77079, 35.98707], [-78.77071, 35.98727], [-78.7706, 35.98755], [-78.77048, 35.98782], [-78.76994, 35.98888], [-78.76966, 35.9894], [-78.76938, 35.9899], [-78.76902, 35.99056], [-78.76896, 35.99072], [-78.76893, 35.9908], [-78.76888, 35.99112], [-78.76887, 35.99121], [-78.76886, 35.9913], [-78.76887, 35.9915], [-78.76888, 35.99161], [-78.7689, 35.99171], [-78.76893, 35.99181], [-78.76897, 35.99191], [-78.76902, 35.99202], [-78.76911, 35.99223], [-78.76943, 35.99287], [-78.76967, 35.99328], [-78.76972, 35.99338], [-78.76977, 35.99351], [-78.76985, 35.9937], [-78.7699, 35.99384], [-78.76993, 35.99397], [-78.76997, 35.99412], [-78.76999, 35.99425], [-78.77, 35.99438], [-78.76999, 35.99447], [-78.76998, 35.99478], [-78.76994, 35.99516], [-78.76983, 35.99586], [-78.76975, 35.99644], [-78.76969, 35.99701], [-78.76964, 35.99768], [-78.76957, 35.99832], [-78.76953, 35.99875], [-78.76947, 35.99957], [-78.76943, 35.99994], [-78.76939, 36.00014], [-78.76934, 36.00038], [-78.76929, 36.00052], [-78.76923, 36.00066], [-78.76882, 36.00152], [-78.76845, 36.00224], [-78.76794, 36.00333], [-78.76762, 36.00428], [-78.76747, 36.00473], [-78.76708, 36.00602], [-78.76699, 36.00626], [-78.76684, 36.00659], [-78.76678, 36.00671], [-78.76626, 36.00755], [-78.76526, 36.00908], [-78.76523, 36.00914], [-78.76487, 36.0097], [-78.76478, 36.00986], [-78.76465, 36.01007], [-78.76446, 36.01034], [-78.76434, 36.0105], [-78.76419, 36.01068], [-78.76399, 36.01089], [-78.76377, 36.01114], [-78.76366, 36.01125], [-78.76341, 36.01147], [-78.76316, 36.0118], [-78.76271, 36.0123], [-78.76238, 36.01259], [-78.76199, 36.01304], [-78.76106, 36.01453], [-78.76066, 36.0152], [-78.7605, 36.01573], [-78.76044, 36.01595], [-78.76027, 36.01702], [-78.75935, 36.01975], [-78.75924, 36.02009], [-78.75853, 36.02354], [-78.7584, 36.0242], [-78.75839, 36.0243], [-78.75837, 36.02443], [-78.75837, 36.02455], [-78.75839, 36.02465], [-78.75845, 36.02485], [-78.75855, 36.0251], [-78.75859, 36.02517], [-78.75864, 36.02526], [-78.7587, 36.02534], [-78.75875, 36.0254], [-78.75889, 36.02552], [-78.75904, 36.02563], [-78.75916, 36.02571], [-78.75945, 36.02587], [-78.75963, 36.02597], [-78.75979, 36.02604], [-78.75995, 36.02611], [-78.76025, 36.02621], [-78.7604, 36.02626], [-78.76064, 36.02632], [-78.76125, 36.02647], [-78.76244, 36.02678], [-78.76327, 36.02699], [-78.7636, 36.02707], [-78.76379, 36.02712], [-78.76396, 36.02717], [-78.76411, 36.02723], [-78.76421, 36.02727], [-78.76457, 36.02745], [-78.76473, 36.02753], [-78.76485, 36.02762], [-78.76498, 36.02773], [-78.76509, 36.02784], [-78.76518, 36.02794], [-78.76524, 36.02802], [-78.76536, 36.02822], [-78.76543, 36.02835], [-78.7655, 36.02852], [-78.76554, 36.02868], [-78.76555, 36.02883], [-78.76587, 36.03079], [-78.76589, 36.03093], [-78.76603, 36.03166], [-78.76617, 36.03219], [-78.76589, 36.03237], [-78.76558, 36.03257], [-78.76519, 36.03288], [-78.7651, 36.03296], [-78.76502, 36.03304], [-78.76495, 36.03312], [-78.76478, 36.03333], [-78.76455, 36.03365], [-78.76444, 36.03383], [-78.76432, 36.03408], [-78.76426, 36.03423], [-78.76423, 36.03435], [-78.76419, 36.03475], [-78.76418, 36.03489], [-78.7642, 36.03514], [-78.76454, 36.0395], [-78.76453, 36.03994], [-78.76452, 36.04012], [-78.76449, 36.04031], [-78.76444, 36.04048], [-78.76437, 36.04069], [-78.76432, 36.0408], [-78.76426, 36.04091], [-78.76418, 36.04103], [-78.76413, 36.0411], [-78.76402, 36.04125], [-78.76377, 36.04154], [-78.76365, 36.04167], [-78.76354, 36.04176], [-78.76325, 36.04193], [-78.76243, 36.04237], [-78.76224, 36.04247], [-78.76173, 36.04267], [-78.76132, 36.04281], [-78.76051, 36.04307], [-78.76039, 36.04311], [-78.76024, 36.04318], [-78.7601, 36.04325], [-78.75956, 36.04359], [-78.75944, 36.04367], [-78.75923, 36.04381], [-78.75897, 36.044], [-78.75853, 36.04435], [-78.7583, 36.04455], [-78.75759, 36.04511], [-78.75643, 36.04605], [-78.75542, 36.04686], [-78.75478, 36.04735], [-78.75443, 36.0476], [-78.75403, 36.04781], [-78.75409, 36.04921], [-78.75412, 36.05024], [-78.75417, 36.05207], [-78.75418, 36.05247], [-78.75426, 36.05538], [-78.75428, 36.05634], [-78.75421, 36.05682], [-78.75353, 36.06028], [-78.75219, 36.06657], [-78.75167, 36.06886], [-78.75127, 36.07083], [-78.75162, 36.07084], [-78.75301, 36.07088], [-78.75894, 36.07103], [-78.76092, 36.07108], [-78.7621, 36.07111], [-78.7636, 36.07115], [-78.76408, 36.07116], [-78.76444, 36.07117], [-78.76489, 36.07118], [-78.7664, 36.07122], [-78.76659, 36.0704], [-78.76706, 36.06969], [-78.76786, 36.06875], [-78.76841, 36.06808], [-78.7692, 36.06738], [-78.77006, 36.0667], [-78.77113, 36.06566], [-78.77162, 36.06492], [-78.77241, 36.0643], [-78.77274, 36.06367], [-78.77313, 36.06328], [-78.77268, 36.06261], [-78.77265, 36.06257], [-78.76429, 36.05575], [-78.76369, 36.05484], [-78.76352, 36.05444], [-78.76336, 36.05336], [-78.76843, 36.05557], [-78.76913, 36.05564], [-78.77032, 36.05576], [-78.77167, 36.05547], [-78.77325, 36.0545], [-78.77413, 36.05275], [-78.77428, 36.05253], [-78.77468, 36.05198], [-78.77474, 36.05171], [-78.77492, 36.05157], [-78.77465, 36.05147], [-78.77505, 36.05114], [-78.77519, 36.05054], [-78.77563, 36.05009], [-78.77697, 36.0491], [-78.77797, 36.04811], [-78.77819, 36.04793], [-78.77847, 36.04793], [-78.77869, 36.04784], [-78.7793, 36.04757], [-78.77947, 36.04757], [-78.78002, 36.04726], [-78.78042, 36.04722], [-78.78052, 36.04722], [-78.7808, 36.04708], [-78.78152, 36.04695], [-78.78252, 36.0465], [-78.7838, 36.04546], [-78.78519, 36.04501], [-78.78563, 36.04479], [-78.78586, 36.04461], [-78.78584, 36.04452], [-78.78584, 36.04451], [-78.78587, 36.0445], [-78.78591, 36.04448], [-78.78596, 36.04447], [-78.78602, 36.04448], [-78.78613, 36.04455], [-78.78618, 36.04456], [-78.7862, 36.04456], [-78.78623, 36.04453], [-78.7864, 36.04423], [-78.78643, 36.04418], [-78.78651, 36.04407], [-78.78659, 36.04401], [-78.7871, 36.04363], [-78.78717, 36.04359], [-78.7873, 36.04355], [-78.78733, 36.04355], [-78.78736, 36.04355], [-78.78739, 36.04356], [-78.78742, 36.04359], [-78.78742, 36.04361], [-78.78742, 36.04364], [-78.78738, 36.0437], [-78.7873, 36.04377], [-78.78728, 36.0438], [-78.78728, 36.04383], [-78.78729, 36.04385], [-78.78732, 36.04387], [-78.78739, 36.04389], [-78.78746, 36.04389], [-78.78753, 36.04389], [-78.78771, 36.04389], [-78.78781, 36.04391], [-78.78791, 36.04395], [-78.78808, 36.04399], [-78.78815, 36.04399], [-78.78821, 36.04398], [-78.78827, 36.04396], [-78.78841, 36.0439], [-78.78882, 36.04367], [-78.78889, 36.04361], [-78.78895, 36.04359], [-78.78903, 36.04355], [-78.78909, 36.04354], [-78.78916, 36.04354], [-78.78921, 36.04355], [-78.78925, 36.04355], [-78.78928, 36.04354], [-78.78931, 36.04352], [-78.78933, 36.0435], [-78.7894, 36.04345], [-78.7895, 36.04341], [-78.78962, 36.04336], [-78.78966, 36.04332], [-78.78971, 36.04327], [-78.78983, 36.043], [-78.78985, 36.04295], [-78.78991, 36.04274], [-78.79003, 36.04249], [-78.79006, 36.04245], [-78.7901, 36.04238], [-78.79024, 36.04221], [-78.79027, 36.04218], [-78.79033, 36.04214], [-78.79038, 36.04212], [-78.79051, 36.04207], [-78.7906, 36.04205], [-78.79089, 36.04202], [-78.79101, 36.04203], [-78.79127, 36.04209], [-78.7914, 36.04213], [-78.79149, 36.04217], [-78.79182, 36.04229], [-78.79192, 36.04232], [-78.79202, 36.04232], [-78.7921, 36.04231], [-78.79215, 36.04229], [-78.79219, 36.04227], [-78.79221, 36.04224], [-78.79223, 36.04219], [-78.79221, 36.04203], [-78.79222, 36.04202], [-78.79224, 36.04199], [-78.79231, 36.04198], [-78.79236, 36.04199], [-78.79239, 36.042], [-78.79242, 36.04202], [-78.79248, 36.04205], [-78.79255, 36.04208], [-78.79261, 36.0421], [-78.79271, 36.04212], [-78.79301, 36.04211], [-78.79315, 36.0421], [-78.79324, 36.04209], [-78.79333, 36.04209], [-78.79339, 36.0421], [-78.79344, 36.04213], [-78.79354, 36.04219], [-78.79359, 36.0422], [-78.79364, 36.0422], [-78.79368, 36.0422], [-78.79372, 36.04219], [-78.79375, 36.04216], [-78.79376, 36.04214], [-78.79375, 36.04211], [-78.79374, 36.04208], [-78.7937, 36.04204], [-78.79368, 36.04199], [-78.79368, 36.04194], [-78.79368, 36.04192], [-78.79372, 36.04189], [-78.79376, 36.04188], [-78.79382, 36.04187], [-78.79391, 36.04186], [-78.79394, 36.04185], [-78.794, 36.04181], [-78.79401, 36.04179], [-78.79403, 36.04175], [-78.79403, 36.04159], [-78.79404, 36.04153], [-78.79405, 36.04149], [-78.7941, 36.04142], [-78.79416, 36.04139], [-78.7943, 36.04137], [-78.79439, 36.04136], [-78.79447, 36.04137], [-78.79464, 36.04142], [-78.79475, 36.04147], [-78.79491, 36.04155], [-78.79499, 36.0416], [-78.79516, 36.04167], [-78.79524, 36.04169], [-78.79535, 36.04169], [-78.79549, 36.04164], [-78.79582, 36.04148], [-78.79598, 36.0414], [-78.7961, 36.04132], [-78.7962, 36.04127], [-78.79625, 36.04122], [-78.79627, 36.04115], [-78.79628, 36.04103], [-78.79629, 36.04099], [-78.79631, 36.04097], [-78.79636, 36.04095], [-78.79643, 36.04093], [-78.79647, 36.04093], [-78.7965, 36.04093], [-78.79655, 36.0409], [-78.7966, 36.04084], [-78.79665, 36.04076], [-78.79677, 36.04063], [-78.79695, 36.04049], [-78.79723, 36.04031], [-78.7974, 36.04021], [-78.79744, 36.0402], [-78.79755, 36.04015], [-78.79757, 36.04015], [-78.79762, 36.04015], [-78.79765, 36.04015], [-78.79779, 36.04023], [-78.79784, 36.04024], [-78.79795, 36.04024], [-78.79801, 36.04024], [-78.79807, 36.04026], [-78.79812, 36.04029], [-78.79815, 36.04031], [-78.7983, 36.04045], [-78.79834, 36.04049], [-78.7984, 36.04052], [-78.79849, 36.04055], [-78.79853, 36.04056], [-78.79859, 36.04056], [-78.79865, 36.04056], [-78.79872, 36.04056], [-78.79875, 36.04055], [-78.79899, 36.04055], [-78.79903, 36.04055], [-78.79905, 36.04054], [-78.79909, 36.04048], [-78.7991, 36.04044], [-78.79911, 36.04037], [-78.79912, 36.04031], [-78.79915, 36.04026], [-78.79929, 36.04009], [-78.79941, 36.04001], [-78.79954, 36.03995], [-78.79962, 36.03989], [-78.79966, 36.03986], [-78.79968, 36.03983], [-78.79968, 36.03977], [-78.79968, 36.03975], [-78.79959, 36.03964], [-78.79957, 36.03959], [-78.79958, 36.03954], [-78.79961, 36.03945], [-78.79964, 36.03941], [-78.79968, 36.03934], [-78.79971, 36.03918], [-78.79973, 36.03913], [-78.79974, 36.03908], [-78.79976, 36.03906], [-78.79982, 36.03902], [-78.79993, 36.03899], [-78.79999, 36.03898], [-78.80015, 36.03899], [-78.80025, 36.03899], [-78.80034, 36.03898], [-78.80037, 36.03897], [-78.80051, 36.0389], [-78.80059, 36.03887], [-78.80071, 36.03885], [-78.80085, 36.03882], [-78.80094, 36.03878], [-78.80104, 36.03871], [-78.80111, 36.03864], [-78.80116, 36.03859], [-78.8012, 36.03855], [-78.80124, 36.03852], [-78.80142, 36.03852], [-78.80145, 36.03851], [-78.80149, 36.0385], [-78.80152, 36.03847], [-78.80155, 36.03843], [-78.80161, 36.03842], [-78.80165, 36.03844], [-78.8018, 36.03857], [-78.8019, 36.03858], [-78.80197, 36.03857], [-78.80201, 36.03857], [-78.80204, 36.03856], [-78.80208, 36.03855], [-78.80211, 36.03854], [-78.80214, 36.03854], [-78.80218, 36.03852], [-78.80221, 36.0385], [-78.80223, 36.03847], [-78.80224, 36.03844], [-78.80227, 36.03842], [-78.80228, 36.0384], [-78.8023, 36.03839], [-78.80232, 36.03839], [-78.80235, 36.03839], [-78.80239, 36.03839], [-78.80241, 36.0384], [-78.80244, 36.03841], [-78.80247, 36.03843], [-78.80251, 36.03845], [-78.80258, 36.03847], [-78.80261, 36.03848], [-78.80265, 36.03848], [-78.80268, 36.03848], [-78.80272, 36.03847], [-78.80275, 36.03845], [-78.80279, 36.03843], [-78.80283, 36.0384], [-78.80284, 36.03837], [-78.80284, 36.03835], [-78.80282, 36.03831], [-78.80278, 36.03826], [-78.80274, 36.03821], [-78.80272, 36.03818], [-78.80271, 36.03816], [-78.80267, 36.03812], [-78.80265, 36.0381], [-78.80263, 36.03807], [-78.80262, 36.03804], [-78.80262, 36.038], [-78.80264, 36.03797], [-78.80266, 36.03797], [-78.80268, 36.03797], [-78.8027, 36.03798], [-78.80272, 36.038], [-78.80274, 36.03803], [-78.80278, 36.03805], [-78.80285, 36.03807], [-78.80289, 36.03806], [-78.80293, 36.03805], [-78.80296, 36.03803], [-78.80299, 36.03801], [-78.80303, 36.03796], [-78.80305, 36.03792], [-78.80305, 36.03791], [-78.80307, 36.0379], [-78.80311, 36.03788], [-78.80314, 36.03788], [-78.80318, 36.03788], [-78.80321, 36.03788], [-78.80325, 36.03789], [-78.80328, 36.03788], [-78.80332, 36.03787], [-78.80334, 36.03786], [-78.80335, 36.03785], [-78.80341, 36.03781], [-78.80343, 36.03779], [-78.80345, 36.03777], [-78.80347, 36.03775], [-78.80349, 36.03773], [-78.80351, 36.03772], [-78.80354, 36.03769], [-78.80355, 36.03767], [-78.80358, 36.03765], [-78.80361, 36.03763], [-78.80365, 36.03759], [-78.8037, 36.03755], [-78.80372, 36.03753], [-78.80374, 36.0375], [-78.80379, 36.03747], [-78.8038, 36.03745], [-78.8038, 36.03739], [-78.80381, 36.03736], [-78.80383, 36.03734], [-78.80385, 36.03731], [-78.80388, 36.03729], [-78.80392, 36.03729], [-78.80395, 36.03727], [-78.80399, 36.03725], [-78.80401, 36.03723], [-78.80402, 36.03722], [-78.80403, 36.0372], [-78.80405, 36.03718], [-78.80408, 36.03716], [-78.80411, 36.03716], [-78.80415, 36.03717], [-78.80419, 36.03717], [-78.80423, 36.03719], [-78.80435, 36.0372], [-78.80437, 36.0372], [-78.8044, 36.0372], [-78.80444, 36.03718], [-78.80445, 36.03717], [-78.80449, 36.03711], [-78.80451, 36.0371], [-78.80453, 36.03708], [-78.80457, 36.03707], [-78.8046, 36.03707], [-78.80464, 36.03708], [-78.80471, 36.03711], [-78.80476, 36.03713], [-78.80479, 36.03714], [-78.80483, 36.03714], [-78.80486, 36.03713], [-78.80489, 36.03712], [-78.80491, 36.0371], [-78.80493, 36.03708], [-78.80495, 36.03706], [-78.80496, 36.03704], [-78.80502, 36.037], [-78.80506, 36.03695], [-78.80509, 36.03694], [-78.80513, 36.03694], [-78.80517, 36.03694], [-78.80526, 36.03697], [-78.8053, 36.03699], [-78.80532, 36.03701], [-78.80533, 36.03702], [-78.80533, 36.03704], [-78.80531, 36.03706], [-78.8053, 36.03707], [-78.80527, 36.03709], [-78.80523, 36.03709], [-78.8052, 36.0371], [-78.80518, 36.03711], [-78.80516, 36.03713], [-78.80515, 36.03714], [-78.80515, 36.03715], [-78.80514, 36.03717], [-78.80515, 36.03719], [-78.80517, 36.03721], [-78.80521, 36.03723], [-78.80523, 36.03724], [-78.80526, 36.03724], [-78.80532, 36.03722], [-78.80539, 36.03719], [-78.80542, 36.03718], [-78.80546, 36.03718], [-78.80549, 36.03717], [-78.80551, 36.03717], [-78.80559, 36.03716], [-78.80561, 36.03715], [-78.80564, 36.03715], [-78.80567, 36.03714], [-78.80571, 36.03714], [-78.80574, 36.03715], [-78.80576, 36.03717], [-78.80576, 36.0372], [-78.80578, 36.03721], [-78.80581, 36.03722], [-78.80585, 36.03722], [-78.8059, 36.03721], [-78.80591, 36.0372], [-78.80593, 36.03719], [-78.80597, 36.03718], [-78.806, 36.03716], [-78.80605, 36.03709], [-78.80612, 36.03704], [-78.80619, 36.03702], [-78.8062, 36.03701], [-78.80632, 36.03695], [-78.8064, 36.03691], [-78.80643, 36.03691], [-78.80647, 36.03688], [-78.80649, 36.03689], [-78.80652, 36.03687], [-78.80675, 36.03668], [-78.80677, 36.03668], [-78.80687, 36.03662], [-78.80693, 36.03659], [-78.80705, 36.03653], [-78.80733, 36.03639], [-78.80735, 36.03638], [-78.80745, 36.03635], [-78.8075, 36.03633], [-78.80752, 36.03631], [-78.80756, 36.03625], [-78.80758, 36.0362], [-78.80762, 36.03612], [-78.80766, 36.0361], [-78.80777, 36.03609], [-78.80784, 36.03609], [-78.80792, 36.03609], [-78.808, 36.03604], [-78.80806, 36.036], [-78.80814, 36.03594], [-78.80822, 36.03589], [-78.80831, 36.03586], [-78.80841, 36.03585], [-78.8085, 36.03586], [-78.80871, 36.03589], [-78.80881, 36.03589], [-78.8089, 36.03586], [-78.80912, 36.03579], [-78.80922, 36.03578], [-78.80931, 36.03578], [-78.80933, 36.03578], [-78.80937, 36.03574], [-78.8094, 36.03572], [-78.80951, 36.0357], [-78.8096, 36.0357], [-78.80968, 36.03571], [-78.80975, 36.03571], [-78.80979, 36.0357], [-78.80986, 36.03567], [-78.8099, 36.03564], [-78.80993, 36.03559], [-78.80994, 36.03558], [-78.81002, 36.03542], [-78.81008, 36.03536], [-78.81018, 36.0353], [-78.81057, 36.03512], [-78.81067, 36.03507], [-78.81073, 36.03504], [-78.81078, 36.035], [-78.81094, 36.03478], [-78.81109, 36.0346], [-78.81115, 36.03452], [-78.81119, 36.03448], [-78.81124, 36.03445], [-78.81131, 36.03442], [-78.81134, 36.03442], [-78.81144, 36.03442], [-78.81155, 36.03442], [-78.81159, 36.03441], [-78.81161, 36.0344], [-78.81163, 36.03437], [-78.81163, 36.03434], [-78.81166, 36.0343], [-78.8117, 36.03425], [-78.81173, 36.03424], [-78.81176, 36.03423], [-78.81185, 36.03422], [-78.81191, 36.0342], [-78.812, 36.03417], [-78.81205, 36.03415], [-78.81211, 36.03407], [-78.8122, 36.03394], [-78.81223, 36.0339], [-78.81226, 36.03388], [-78.81232, 36.03384], [-78.81237, 36.03383], [-78.81243, 36.0338], [-78.81245, 36.03378], [-78.81247, 36.03375], [-78.81251, 36.03369], [-78.81261, 36.03355], [-78.81268, 36.03347], [-78.81272, 36.03339], [-78.8128, 36.03324], [-78.81285, 36.03306], [-78.81288, 36.03299], [-78.81293, 36.03293], [-78.81299, 36.0329], [-78.81311, 36.03278], [-78.81313, 36.03274], [-78.81314, 36.03264], [-78.81314, 36.03258], [-78.81315, 36.03252], [-78.81317, 36.03246], [-78.81319, 36.03242], [-78.81324, 36.03239], [-78.81327, 36.03234], [-78.81332, 36.03229], [-78.81333, 36.03227], [-78.81334, 36.03213], [-78.81334, 36.03196], [-78.81341, 36.0319], [-78.81344, 36.03185], [-78.81351, 36.03178], [-78.81357, 36.03173], [-78.81365, 36.03168], [-78.81371, 36.03166], [-78.81374, 36.03164], [-78.81379, 36.03164], [-78.8139, 36.03164], [-78.81393, 36.03164], [-78.81396, 36.03164], [-78.814, 36.03164], [-78.81404, 36.03162], [-78.81407, 36.0316], [-78.81413, 36.03152], [-78.81416, 36.0315], [-78.81419, 36.03149], [-78.81421, 36.03148], [-78.81425, 36.03148], [-78.81429, 36.03149], [-78.81431, 36.03149], [-78.81439, 36.03153], [-78.81452, 36.03161], [-78.81455, 36.03163], [-78.8146, 36.03164], [-78.81466, 36.03166], [-78.81472, 36.03166], [-78.81484, 36.03167], [-78.81493, 36.0317], [-78.81502, 36.03174], [-78.81513, 36.03179], [-78.81523, 36.0318], [-78.81531, 36.03179], [-78.81538, 36.03177], [-78.81549, 36.03171], [-78.81595, 36.03145], [-78.81612, 36.03138], [-78.81655, 36.03113], [-78.81667, 36.03106], [-78.81709, 36.03083], [-78.81746, 36.03062], [-78.81784, 36.03043], [-78.81794, 36.03038], [-78.81822, 36.03019], [-78.8183, 36.03011], [-78.81838, 36.03003], [-78.81852, 36.02992], [-78.81859, 36.02986], [-78.81862, 36.02983], [-78.81876, 36.0297], [-78.81891, 36.02958], [-78.81901, 36.02953], [-78.81907, 36.02951], [-78.81914, 36.0295], [-78.81917, 36.0295], [-78.8192, 36.0295], [-78.81923, 36.02951], [-78.81936, 36.02954], [-78.81973, 36.02956], [-78.81982, 36.02955], [-78.81995, 36.02955], [-78.81997, 36.02955], [-78.82013, 36.02954], [-78.82022, 36.02954], [-78.82033, 36.02955], [-78.82041, 36.02948], [-78.82045, 36.02947], [-78.82049, 36.02947], [-78.82052, 36.02947], [-78.82057, 36.02948], [-78.82061, 36.02949], [-78.82062, 36.02948], [-78.82066, 36.02945], [-78.82068, 36.02943], [-78.82072, 36.0294], [-78.82077, 36.02938], [-78.82093, 36.02936], [-78.82096, 36.02935], [-78.82101, 36.02931], [-78.82117, 36.02921], [-78.82119, 36.02919], [-78.82129, 36.02914], [-78.82133, 36.02913], [-78.82152, 36.02911], [-78.82166, 36.02911], [-78.82177, 36.02912], [-78.82197, 36.02913], [-78.82233, 36.02913], [-78.8225, 36.02914], [-78.82272, 36.02917], [-78.82281, 36.02919], [-78.823, 36.02922], [-78.82321, 36.02924], [-78.82325, 36.02925], [-78.82356, 36.02929], [-78.82374, 36.0293], [-78.82388, 36.0293], [-78.82402, 36.02929], [-78.82463, 36.02902], [-78.82477, 36.02896], [-78.8249, 36.02886], [-78.82503, 36.02879], [-78.82516, 36.02869], [-78.82524, 36.02863], [-78.82533, 36.02855], [-78.8255, 36.02834], [-78.82561, 36.02818], [-78.82569, 36.02806], [-78.82586, 36.02779], [-78.82595, 36.02761], [-78.82606, 36.02739], [-78.82611, 36.02733], [-78.82613, 36.02727], [-78.82624, 36.0271], [-78.82628, 36.02705], [-78.82636, 36.02702], [-78.82644, 36.02702], [-78.8265, 36.02701], [-78.82654, 36.027], [-78.82659, 36.027], [-78.82664, 36.02699], [-78.82667, 36.02697], [-78.82673, 36.02694], [-78.82691, 36.02676], [-78.82697, 36.02668], [-78.82704, 36.02661], [-78.82714, 36.02652], [-78.82726, 36.0264], [-78.82733, 36.02628], [-78.82737, 36.02611], [-78.82741, 36.02574], [-78.82743, 36.02554], [-78.82747, 36.02539], [-78.82749, 36.02525], [-78.82823, 36.02525], [-78.82873, 36.02524], [-78.83006, 36.02522], [-78.83068, 36.02521], [-78.83277, 36.02517], [-78.83327, 36.02518], [-78.83332, 36.02515], [-78.83346, 36.02507], [-78.83367, 36.02495], [-78.83374, 36.02492], [-78.83397, 36.02481], [-78.83456, 36.02454], [-78.83479, 36.02444], [-78.83507, 36.02434], [-78.83539, 36.02424], [-78.83566, 36.02418], [-78.83591, 36.02413], [-78.83614, 36.0241], [-78.8363, 36.02408], [-78.83657, 36.02407], [-78.83705, 36.02405], [-78.83744, 36.02402], [-78.83777, 36.024], [-78.83819, 36.02398], [-78.83842, 36.02399], [-78.83864, 36.02399], [-78.83886, 36.02401], [-78.83891, 36.02401], [-78.83907, 36.02403], [-78.83933, 36.02405], [-78.83961, 36.02408], [-78.84042, 36.02421], [-78.84069, 36.02425], [-78.84087, 36.02428], [-78.84106, 36.02431], [-78.84107, 36.02411], [-78.84107, 36.02399], [-78.84106, 36.02381], [-78.84102, 36.02339], [-78.84089, 36.02254], [-78.84083, 36.02213], [-78.84083, 36.02212], [-78.84082, 36.02204], [-78.84078, 36.02167], [-78.84077, 36.0212], [-78.84075, 36.02063], [-78.84073, 36.01933], [-78.84072, 36.01881], [-78.84072, 36.0184], [-78.84066, 36.01763], [-78.84066, 36.01759], [-78.84063, 36.0172], [-78.84055, 36.0163], [-78.84053, 36.01601], [-78.84052, 36.01587], [-78.8405, 36.01572], [-78.84048, 36.01556], [-78.84047, 36.01539], [-78.84048, 36.01523], [-78.84057, 36.01423], [-78.8406, 36.01404], [-78.84063, 36.01389], [-78.84071, 36.01358], [-78.84074, 36.01348], [-78.84081, 36.01326], [-78.84083, 36.01318], [-78.84136, 36.0116], [-78.84167, 36.01081], [-78.84171, 36.01067], [-78.84177, 36.01041], [-78.8418, 36.01026], [-78.84182, 36.00994], [-78.84183, 36.00978], [-78.84183, 36.00958], [-78.84184, 36.00929], [-78.84186, 36.00868], [-78.84191, 36.00719], [-78.84192, 36.00708], [-78.84195, 36.00696], [-78.84201, 36.00676], [-78.84207, 36.00663], [-78.84225, 36.00626]]]}}, {"type": "Feature", "properties": {"tract_id": "37063001002", "name": "Census Tract 10.02", "pct_white_2020": 12.0, "pct_black_2020": 30.8, "pct_hispanic_2020": 49.3, "pct_asian_2020": 0.9, "population_2020": 5501}, "geometry": {"type": "Polygon", "coordinates": [[[-78.8807, 35.99874], [-78.87999, 35.99874], [-78.88001, 35.99751], [-78.88002, 35.99693], [-78.88003, 35.99628], [-78.87886, 35.99627], [-78.87798, 35.99625], [-78.87802, 35.99532], [-78.87807, 35.99443], [-78.87812, 35.99343], [-78.87816, 35.99241], [-78.87874, 35.99245], [-78.87857, 35.99075], [-78.87853, 35.99039], [-78.87835, 35.98887], [-78.87634, 35.98888], [-78.8749, 35.98888], [-78.87332, 35.98872], [-78.87277, 35.98867], [-78.87261, 35.98864], [-78.87221, 35.98861], [-78.87186, 35.9886], [-78.87085, 35.98862], [-78.87087, 35.98789], [-78.87088, 35.98774], [-78.87092, 35.98754], [-78.87095, 35.98742], [-78.87101, 35.98727], [-78.87103, 35.98716], [-78.87105, 35.98704], [-78.87107, 35.98685], [-78.87106, 35.98613], [-78.87084, 35.98613], [-78.87074, 35.98613], [-78.87062, 35.98613], [-78.87048, 35.98613], [-78.87046, 35.98613], [-78.87019, 35.98616], [-78.86993, 35.98619], [-78.86978, 35.98622], [-78.86963, 35.98626], [-78.86937, 35.98634], [-78.86871, 35.98656], [-78.86874, 35.98527], [-78.86874, 35.98522], [-78.86894, 35.98348], [-78.86902, 35.98282], [-78.86913, 35.98223], [-78.86919, 35.98196], [-78.86925, 35.98159], [-78.86719, 35.98156], [-78.86618, 35.98155], [-78.86597, 35.98154], [-78.86585, 35.98154], [-78.8643, 35.98155], [-78.86383, 35.98155], [-78.86367, 35.98157], [-78.86349, 35.98157], [-78.86328, 35.98155], [-78.86311, 35.98152], [-78.86301, 35.98151], [-78.86296, 35.98159], [-78.86279, 35.98187], [-78.86225, 35.98291], [-78.8619, 35.98354], [-78.86178, 35.98375], [-78.86171, 35.98389], [-78.86162, 35.9841], [-78.86154, 35.98422], [-78.86147, 35.98433], [-78.86141, 35.98449], [-78.8613, 35.98466], [-78.86099, 35.98537], [-78.86091, 35.98551], [-78.86082, 35.9857], [-78.86076, 35.98581], [-78.86071, 35.98591], [-78.86121, 35.98646], [-78.86125, 35.9865], [-78.86162, 35.98691], [-78.86176, 35.98708], [-78.86188, 35.98724], [-78.86198, 35.98739], [-78.86219, 35.98771], [-78.86228, 35.98786], [-78.86234, 35.98798], [-78.86245, 35.9883], [-78.86253, 35.98851], [-78.86262, 35.98885], [-78.86267, 35.98904], [-78.86273, 35.98949], [-78.86274, 35.98959], [-78.86276, 35.98987], [-78.86277, 35.98997], [-78.86278, 35.99017], [-78.86279, 35.99103], [-78.86279, 35.99122], [-78.8628, 35.99151], [-78.8628, 35.99156], [-78.8628, 35.99166], [-78.86282, 35.9924], [-78.86282, 35.99265], [-78.86284, 35.99272], [-78.86285, 35.99284], [-78.86286, 35.99312], [-78.8629, 35.99444], [-78.86292, 35.99532], [-78.86294, 35.99596], [-78.86303, 35.99885], [-78.86304, 35.99914], [-78.86307, 36.00058], [-78.8631, 36.00125], [-78.86312, 36.00164], [-78.86315, 36.00193], [-78.86318, 36.00209], [-78.8632, 36.00217], [-78.86329, 36.00266], [-78.86335, 36.00294], [-78.86339, 36.00315], [-78.86349, 36.00349], [-78.86358, 36.00376], [-78.8638, 36.00433], [-78.86398, 36.00475], [-78.86409, 36.00496], [-78.86428, 36.0053], [-78.86433, 36.00539], [-78.86472, 36.00603], [-78.86571, 36.00757], [-78.8665, 36.00881], [-78.86717, 36.00986], [-78.86722, 36.00993], [-78.86739, 36.0102], [-78.86752, 36.01007], [-78.86755, 36.01004], [-78.8681, 36.00951], [-78.86819, 36.00942], [-78.86848, 36.00916], [-78.86898, 36.00875], [-78.86926, 36.00855], [-78.86962, 36.0083], [-78.86992, 36.00809], [-78.87198, 36.00671], [-78.87301, 36.00602], [-78.87403, 36.00534], [-78.87496, 36.00472], [-78.87521, 36.00458], [-78.87532, 36.00454], [-78.87538, 36.00448], [-78.87556, 36.00439], [-78.87596, 36.00419], [-78.87619, 36.0041], [-78.87648, 36.004], [-78.87665, 36.00394], [-78.87714, 36.00381], [-78.87738, 36.00376], [-78.87772, 36.0037], [-78.87785, 36.00369], [-78.87833, 36.00364], [-78.878, 36.00331], [-78.87765, 36.00297], [-78.87794, 36.00288], [-78.87781, 36.00255], [-78.87777, 36.00242], [-78.87824, 36.00199], [-78.87859, 36.00168], [-78.8791, 36.0012], [-78.87925, 36.00105], [-78.87941, 36.00086], [-78.8795, 36.00073], [-78.87985, 36.00017], [-78.8807, 35.99874]]]}}, {"type": "Feature", "properties": {"tract_id": "37063002024", "name": "Census Tract 20.24", "pct_white_2020": 68.1, "pct_black_2020": 18.2, "pct_hispanic_2020": 4.4, "pct_asian_2020": 4.6, "population_2020": 6115}, "geometry": {"type": "Polygon", "coordinates": [[[-78.95244, 35.9226], [-78.95245, 35.92258], [-78.9524, 35.92256], [-78.95208, 35.92241], [-78.95192, 35.92233], [-78.95166, 35.92221], [-78.95141, 35.9221], [-78.95115, 35.92201], [-78.95071, 35.9219], [-78.95055, 35.92188], [-78.95026, 35.92184], [-78.95006, 35.92182], [-78.94965, 35.92181], [-78.94934, 35.92178], [-78.94869, 35.92176], [-78.94856, 35.92176], [-78.94795, 35.92183], [-78.94754, 35.92196], [-78.94713, 35.92217], [-78.94677, 35.92243], [-78.9464, 35.92274], [-78.94602, 35.92302], [-78.9456, 35.92326], [-78.94517, 35.92346], [-78.94467, 35.92362], [-78.94456, 35.92366], [-78.94412, 35.92374], [-78.94379, 35.92383], [-78.94363, 35.92384], [-78.94347, 35.92386], [-78.94322, 35.92387], [-78.94296, 35.92389], [-78.94275, 35.92387], [-78.9425, 35.92385], [-78.94229, 35.92382], [-78.94203, 35.92376], [-78.94179, 35.92369], [-78.94149, 35.92355], [-78.94123, 35.92347], [-78.94055, 35.92322], [-78.94035, 35.92316], [-78.94026, 35.92313], [-78.93987, 35.92304], [-78.93925, 35.92295], [-78.93898, 35.92294], [-78.93872, 35.92293], [-78.93833, 35.92294], [-78.9379, 35.92292], [-78.93728, 35.92278], [-78.93702, 35.92269], [-78.93687, 35.92262], [-78.93674, 35.92255], [-78.93656, 35.92245], [-78.93637, 35.92233], [-78.93617, 35.9222], [-78.93564, 35.92189], [-78.93542, 35.92178], [-78.93529, 35.92172], [-78.93505, 35.9216], [-78.93488, 35.92155], [-78.93461, 35.92144], [-78.93443, 35.9214], [-78.93376, 35.9213], [-78.93337, 35.92132], [-78.93325, 35.92134], [-78.93302, 35.92139], [-78.93262, 35.92153], [-78.93242, 35.92163], [-78.93236, 35.92167], [-78.93231, 35.9217], [-78.93227, 35.92175], [-78.93214, 35.92184], [-78.93199, 35.92199], [-78.93188, 35.92211], [-78.93177, 35.92222], [-78.9315, 35.9225], [-78.93103, 35.92299], [-78.93087, 35.92315], [-78.93072, 35.92326], [-78.93055, 35.92339], [-78.93047, 35.92343], [-78.93039, 35.92349], [-78.93018, 35.92359], [-78.93005, 35.92365], [-78.92992, 35.9237], [-78.92987, 35.92372], [-78.92972, 35.92377], [-78.9295, 35.92382], [-78.92938, 35.92384], [-78.92925, 35.92387], [-78.92921, 35.92387], [-78.92909, 35.92389], [-78.92882, 35.92391], [-78.9286, 35.9239], [-78.92849, 35.92392], [-78.92844, 35.92391], [-78.92788, 35.92379], [-78.9275, 35.92367], [-78.92732, 35.92359], [-78.92714, 35.92349], [-78.92699, 35.92342], [-78.92688, 35.92336], [-78.92655, 35.92377], [-78.92636, 35.92399], [-78.92602, 35.92433], [-78.92548, 35.92483], [-78.92533, 35.92498], [-78.92515, 35.92514], [-78.92502, 35.92524], [-78.92444, 35.92567], [-78.92393, 35.92601], [-78.92315, 35.92656], [-78.92099, 35.92806], [-78.92045, 35.92849], [-78.92031, 35.92862], [-78.9199, 35.92903], [-78.92013, 35.92909], [-78.92139, 35.92939], [-78.92154, 35.92943], [-78.92161, 35.92947], [-78.92166, 35.9295], [-78.92177, 35.9296], [-78.92185, 35.92969], [-78.92226, 35.93026], [-78.92231, 35.93035], [-78.92235, 35.93042], [-78.92238, 35.9305], [-78.92239, 35.93056], [-78.92243, 35.93071], [-78.92243, 35.93083], [-78.92226, 35.93127], [-78.92206, 35.93177], [-78.92172, 35.93264], [-78.92169, 35.93277], [-78.92169, 35.93286], [-78.9217, 35.93291], [-78.92172, 35.93298], [-78.92177, 35.93307], [-78.92182, 35.93314], [-78.92224, 35.93355], [-78.92228, 35.93361], [-78.9223, 35.93366], [-78.92233, 35.9337], [-78.92238, 35.93388], [-78.92249, 35.93467], [-78.92254, 35.93508], [-78.92256, 35.93521], [-78.92257, 35.93536], [-78.92257, 35.93546], [-78.92255, 35.93558], [-78.9225, 35.9357], [-78.92244, 35.93581], [-78.92236, 35.93592], [-78.92252, 35.936], [-78.92279, 35.93617], [-78.92303, 35.93634], [-78.92323, 35.9365], [-78.92344, 35.9367], [-78.92394, 35.93723], [-78.92444, 35.93776], [-78.92458, 35.93788], [-78.92473, 35.93799], [-78.92488, 35.93808], [-78.92505, 35.93816], [-78.92524, 35.93823], [-78.92542, 35.93828], [-78.92534, 35.9385], [-78.9253, 35.93861], [-78.92527, 35.93873], [-78.92521, 35.93912], [-78.9252, 35.93925], [-78.92518, 35.93948], [-78.9252, 35.94019], [-78.92522, 35.9411], [-78.92522, 35.9413], [-78.9252, 35.94141], [-78.92517, 35.9415], [-78.92512, 35.94161], [-78.92508, 35.94166], [-78.92499, 35.94176], [-78.92425, 35.94251], [-78.9241, 35.94265], [-78.92401, 35.94272], [-78.92387, 35.94281], [-78.92382, 35.94283], [-78.92359, 35.94294], [-78.92339, 35.94301], [-78.92322, 35.9431], [-78.92316, 35.94314], [-78.92311, 35.94317], [-78.923, 35.94327], [-78.92289, 35.94337], [-78.92283, 35.94346], [-78.92275, 35.94358], [-78.92274, 35.94363], [-78.92268, 35.94386], [-78.92265, 35.94414], [-78.92265, 35.94439], [-78.92268, 35.94473], [-78.92267, 35.94482], [-78.92266, 35.94488], [-78.92263, 35.94492], [-78.92258, 35.94504], [-78.92253, 35.9451], [-78.92248, 35.94517], [-78.92193, 35.94574], [-78.92196, 35.94575], [-78.92207, 35.94579], [-78.92213, 35.94582], [-78.92237, 35.94587], [-78.9225, 35.9459], [-78.9226, 35.94593], [-78.92287, 35.94605], [-78.92332, 35.9464], [-78.92351, 35.94655], [-78.92358, 35.94661], [-78.92368, 35.94668], [-78.92377, 35.94676], [-78.92396, 35.94696], [-78.92414, 35.94712], [-78.92435, 35.9473], [-78.92455, 35.94744], [-78.9248, 35.94759], [-78.92498, 35.94768], [-78.92516, 35.94775], [-78.92536, 35.94785], [-78.92556, 35.9479], [-78.92566, 35.94793], [-78.92573, 35.94795], [-78.92601, 35.94804], [-78.92645, 35.94813], [-78.92666, 35.94818], [-78.92688, 35.94823], [-78.92712, 35.94826], [-78.92743, 35.94826], [-78.92756, 35.94824], [-78.92781, 35.94823], [-78.92799, 35.94821], [-78.9282, 35.94818], [-78.92851, 35.94811], [-78.92875, 35.94803], [-78.9288, 35.94796], [-78.92891, 35.94785], [-78.92905, 35.94767], [-78.92918, 35.94753], [-78.9293, 35.9474], [-78.92945, 35.94726], [-78.92954, 35.9472], [-78.92959, 35.94717], [-78.92962, 35.94714], [-78.92965, 35.94712], [-78.92968, 35.94708], [-78.92969, 35.94706], [-78.9297, 35.94704], [-78.92968, 35.94699], [-78.92965, 35.94696], [-78.9295, 35.94691], [-78.92948, 35.94689], [-78.92946, 35.94688], [-78.92948, 35.94685], [-78.92952, 35.94681], [-78.9296, 35.94675], [-78.92971, 35.94669], [-78.92986, 35.94665], [-78.93014, 35.94658], [-78.93023, 35.94656], [-78.93034, 35.94653], [-78.93048, 35.94644], [-78.9307, 35.94628], [-78.93081, 35.94622], [-78.93089, 35.94618], [-78.93097, 35.94613], [-78.93106, 35.94611], [-78.93121, 35.94606], [-78.93136, 35.94602], [-78.9315, 35.94597], [-78.93159, 35.94592], [-78.93183, 35.94571], [-78.93191, 35.94562], [-78.93212, 35.94545], [-78.93227, 35.94529], [-78.93234, 35.94524], [-78.93238, 35.94519], [-78.93245, 35.94513], [-78.93254, 35.94507], [-78.93274, 35.945], [-78.93285, 35.94496], [-78.93291, 35.94493], [-78.93299, 35.94489], [-78.9331, 35.94484], [-78.93319, 35.9448], [-78.93329, 35.94474], [-78.93375, 35.94441], [-78.93382, 35.94435], [-78.93394, 35.94428], [-78.93406, 35.94422], [-78.93445, 35.94404], [-78.9346, 35.94396], [-78.9347, 35.94389], [-78.93478, 35.94381], [-78.93488, 35.94366], [-78.93504, 35.94348], [-78.93514, 35.94333], [-78.93526, 35.94313], [-78.93531, 35.94307], [-78.93541, 35.943], [-78.93554, 35.94291], [-78.93575, 35.94274], [-78.93589, 35.94268], [-78.93595, 35.94262], [-78.93597, 35.9426], [-78.93599, 35.94253], [-78.93602, 35.9423], [-78.93601, 35.94225], [-78.93602, 35.94219], [-78.93602, 35.94213], [-78.93603, 35.94208], [-78.93608, 35.94193], [-78.93611, 35.94189], [-78.93616, 35.94184], [-78.93621, 35.9418], [-78.9363, 35.94177], [-78.93641, 35.94173], [-78.93651, 35.94172], [-78.93662, 35.94169], [-78.93668, 35.94166], [-78.93673, 35.94162], [-78.93679, 35.94153], [-78.93683, 35.94143], [-78.93686, 35.94139], [-78.93693, 35.94121], [-78.93695, 35.94118], [-78.93703, 35.94112], [-78.93718, 35.94108], [-78.93763, 35.94105], [-78.93774, 35.94102], [-78.93792, 35.94094], [-78.93797, 35.9409], [-78.93805, 35.9408], [-78.93816, 35.94066], [-78.93822, 35.9406], [-78.93831, 35.94055], [-78.93837, 35.94049], [-78.93839, 35.94048], [-78.93848, 35.94042], [-78.93866, 35.94034], [-78.93882, 35.94023], [-78.93899, 35.94008], [-78.93905, 35.94003], [-78.93915, 35.93995], [-78.93923, 35.9399], [-78.93928, 35.93987], [-78.93931, 35.93984], [-78.93933, 35.93981], [-78.93934, 35.93977], [-78.93934, 35.9397], [-78.93927, 35.9395], [-78.93918, 35.93933], [-78.93916, 35.93927], [-78.93916, 35.9392], [-78.93921, 35.93908], [-78.93936, 35.93893], [-78.93986, 35.93858], [-78.93997, 35.93849], [-78.94003, 35.93845], [-78.94043, 35.93812], [-78.94051, 35.93807], [-78.94068, 35.93793], [-78.9407, 35.93789], [-78.9407, 35.93781], [-78.94069, 35.93772], [-78.94067, 35.93763], [-78.94061, 35.93751], [-78.9406, 35.93744], [-78.9406, 35.9374], [-78.94064, 35.93737], [-78.94068, 35.93735], [-78.9409, 35.93733], [-78.94093, 35.93733], [-78.94101, 35.93732], [-78.94107, 35.93731], [-78.94108, 35.93728], [-78.94107, 35.93726], [-78.94105, 35.93712], [-78.94103, 35.93708], [-78.94097, 35.93695], [-78.94094, 35.93688], [-78.94094, 35.93685], [-78.94095, 35.93683], [-78.94097, 35.93679], [-78.94099, 35.93676], [-78.94101, 35.93674], [-78.94104, 35.93672], [-78.94108, 35.9367], [-78.94114, 35.93668], [-78.94131, 35.93666], [-78.94142, 35.93664], [-78.94145, 35.93663], [-78.94148, 35.93661], [-78.94151, 35.93657], [-78.94153, 35.93653], [-78.94152, 35.9365], [-78.94148, 35.93645], [-78.94141, 35.93639], [-78.94137, 35.93634], [-78.94136, 35.93631], [-78.94136, 35.93628], [-78.94138, 35.93626], [-78.94148, 35.93617], [-78.94151, 35.9361], [-78.94152, 35.93607], [-78.94153, 35.93603], [-78.94154, 35.93601], [-78.94158, 35.93597], [-78.94163, 35.93597], [-78.94166, 35.93599], [-78.94168, 35.93601], [-78.94174, 35.93606], [-78.94178, 35.93618], [-78.94179, 35.93621], [-78.94183, 35.93627], [-78.94187, 35.93629], [-78.94189, 35.93629], [-78.94195, 35.93627], [-78.942, 35.93621], [-78.94208, 35.9361], [-78.94219, 35.93583], [-78.94228, 35.93567], [-78.9424, 35.93547], [-78.9425, 35.93531], [-78.94255, 35.93521], [-78.94267, 35.93498], [-78.9427, 35.93493], [-78.94274, 35.93486], [-78.94277, 35.93479], [-78.9428, 35.9347], [-78.94285, 35.9346], [-78.94285, 35.93455], [-78.94285, 35.93449], [-78.94282, 35.93444], [-78.94277, 35.93442], [-78.9427, 35.93441], [-78.94266, 35.9344], [-78.94264, 35.93438], [-78.94262, 35.93434], [-78.94257, 35.93428], [-78.94253, 35.93422], [-78.94249, 35.93416], [-78.94241, 35.93411], [-78.94234, 35.93411], [-78.94228, 35.93408], [-78.94224, 35.93405], [-78.94215, 35.93383], [-78.9421, 35.93366], [-78.94208, 35.93358], [-78.94207, 35.93354], [-78.94211, 35.93345], [-78.94215, 35.93342], [-78.94223, 35.93339], [-78.94231, 35.93337], [-78.94237, 35.93329], [-78.94235, 35.93316], [-78.94236, 35.93309], [-78.94238, 35.93303], [-78.94247, 35.93292], [-78.9425, 35.93284], [-78.94251, 35.9328], [-78.94248, 35.9327], [-78.94243, 35.93257], [-78.94242, 35.93254], [-78.94242, 35.93247], [-78.94244, 35.93241], [-78.94247, 35.93236], [-78.94252, 35.93229], [-78.94257, 35.93225], [-78.9427, 35.93219], [-78.94273, 35.93218], [-78.94276, 35.93218], [-78.94285, 35.93222], [-78.94295, 35.93226], [-78.94314, 35.93238], [-78.94324, 35.93242], [-78.9433, 35.93243], [-78.94334, 35.93235], [-78.94346, 35.93216], [-78.94359, 35.93183], [-78.94373, 35.93154], [-78.94377, 35.93142], [-78.94378, 35.93128], [-78.94387, 35.93096], [-78.94395, 35.93085], [-78.94405, 35.93063], [-78.94411, 35.93046], [-78.94418, 35.93021], [-78.94419, 35.93011], [-78.94421, 35.93001], [-78.94427, 35.92992], [-78.94434, 35.92983], [-78.94437, 35.92977], [-78.94437, 35.92959], [-78.9444, 35.92946], [-78.94445, 35.92932], [-78.94449, 35.92923], [-78.94462, 35.92879], [-78.94463, 35.92868], [-78.94472, 35.92837], [-78.94472, 35.92823], [-78.94474, 35.92814], [-78.94475, 35.92805], [-78.94472, 35.92785], [-78.94472, 35.92776], [-78.94471, 35.92767], [-78.94474, 35.92757], [-78.94476, 35.92738], [-78.94485, 35.92732], [-78.94503, 35.92724], [-78.94511, 35.9272], [-78.9454, 35.92705], [-78.94603, 35.92669], [-78.94627, 35.92658], [-78.94723, 35.92615], [-78.94728, 35.92614], [-78.94734, 35.92608], [-78.94736, 35.92588], [-78.94734, 35.92577], [-78.94731, 35.9257], [-78.94723, 35.92558], [-78.94715, 35.92552], [-78.94703, 35.92545], [-78.94701, 35.92542], [-78.947, 35.9254], [-78.947, 35.92538], [-78.94701, 35.92535], [-78.94704, 35.92531], [-78.94713, 35.92523], [-78.94717, 35.92523], [-78.94721, 35.92521], [-78.94729, 35.92516], [-78.94736, 35.92511], [-78.94749, 35.92489], [-78.94759, 35.92459], [-78.94765, 35.92445], [-78.94767, 35.92437], [-78.94768, 35.92432], [-78.94768, 35.92428], [-78.94767, 35.92425], [-78.94766, 35.92422], [-78.94759, 35.92419], [-78.9475, 35.92416], [-78.94748, 35.92415], [-78.94748, 35.92413], [-78.94758, 35.92397], [-78.94774, 35.92372], [-78.94784, 35.92361], [-78.94791, 35.92354], [-78.948, 35.92346], [-78.94811, 35.92341], [-78.94838, 35.92324], [-78.94841, 35.92322], [-78.94849, 35.92317], [-78.94869, 35.92308], [-78.94902, 35.92296], [-78.94963, 35.92279], [-78.94975, 35.92277], [-78.9502, 35.92273], [-78.95038, 35.92272], [-78.95074, 35.92272], [-78.95093, 35.92273], [-78.95111, 35.92273], [-78.95142, 35.92275], [-78.95156, 35.92277], [-78.95179, 35.92273], [-78.95186, 35.9227], [-78.95194, 35.92269], [-78.95202, 35.92266], [-78.95221, 35.92269], [-78.95226, 35.92267], [-78.95231, 35.92267], [-78.95234, 35.92265], [-78.9524, 35.92261], [-78.95244, 35.9226]]]}}, {"type": "Feature", "properties": {"tract_id": "37063980100", "name": "Census Tract 9801", "pct_white_2020": null, "pct_black_2020": null, "pct_hispanic_2020": null, "pct_asian_2020": null, "population_2020": 0, "dominant_group_2020": null, "diversity_index_2020": null}, "geometry": {"type": "Polygon", "coordinates": [[[-78.89049, 35.86787], [-78.89044, 35.86787], [-78.89039, 35.86787], [-78.89028, 35.86787], [-78.89022, 35.86787], [-78.88977, 35.86786], [-78.88906, 35.86785], [-78.8887, 35.86785], [-78.88811, 35.86784], [-78.88764, 35.86783], [-78.88723, 35.86783], [-78.88641, 35.86781], [-78.88469, 35.86779], [-78.88383, 35.86778], [-78.87631, 35.86767], [-78.87454, 35.86764], [-78.87051, 35.86758], [-78.87039, 35.86756], [-78.8703, 35.86756], [-78.86807, 35.86755], [-78.86776, 35.86754], [-78.86708, 35.86753], [-78.86693, 35.86753], [-78.86545, 35.86751], [-78.86515, 35.86751], [-78.86489, 35.8675], [-78.86484, 35.8675], [-78.86483, 35.8684], [-78.86473, 35.8684], [-78.86473, 35.86853], [-78.86467, 35.86881], [-78.86453, 35.86955], [-78.86438, 35.87013], [-78.86437, 35.87044], [-78.8644, 35.87078], [-78.8645, 35.87111], [-78.86495, 35.87221], [-78.86521, 35.87301], [-78.86544, 35.87365], [-78.86548, 35.87406], [-78.86554, 35.87462], [-78.86556, 35.8749], [-78.86554, 35.87523], [-78.86548, 35.87555], [-78.86548, 35.87559], [-78.86587, 35.87575], [-78.86605, 35.87583], [-78.86606, 35.87637], [-78.86606, 35.87644], [-78.86616, 35.8767], [-78.86624, 35.8769], [-78.86631, 35.87774], [-78.86633, 35.8778], [-78.86631, 35.87805], [-78.86627, 35.87825], [-78.86626, 35.87833], [-78.86625, 35.87842], [-78.86624, 35.87882], [-78.86638, 35.87904], [-78.86643, 35.87914], [-78.86669, 35.87963], [-78.86679, 35.87984], [-78.867, 35.88026], [-78.86715, 35.88054], [-78.86722, 35.88067], [-78.86741, 35.88104], [-78.86765, 35.88153], [-78.8678, 35.8818], [-78.86798, 35.88224], [-78.86712, 35.88286], [-78.86685, 35.88306], [-78.86652, 35.8833], [-78.86651, 35.88331], [-78.86643, 35.88336], [-78.86609, 35.88363], [-78.86597, 35.8837], [-78.86558, 35.8837], [-78.86544, 35.88369], [-78.86498, 35.88368], [-78.86469, 35.88368], [-78.86456, 35.88367], [-78.86406, 35.88367], [-78.864, 35.88366], [-78.86376, 35.88366], [-78.86368, 35.88365], [-78.86343, 35.8836], [-78.86326, 35.88357], [-78.86324, 35.88356], [-78.86294, 35.8835], [-78.86273, 35.88346], [-78.86246, 35.88341], [-78.86246, 35.88343], [-78.86243, 35.88342], [-78.86166, 35.88328], [-78.85982, 35.88295], [-78.8593, 35.88286], [-78.85749, 35.88255], [-78.85679, 35.88245], [-78.85674, 35.88243], [-78.85655, 35.88233], [-78.8565, 35.8823], [-78.85646, 35.88228], [-78.85605, 35.88225], [-78.85559, 35.882], [-78.85518, 35.88182], [-78.85498, 35.88178], [-78.85462, 35.8817], [-78.85455, 35.88169], [-78.85447, 35.88168], [-78.85432, 35.88166], [-78.85425, 35.88166], [-78.85398, 35.88163], [-78.85298, 35.88151], [-78.85261, 35.88147], [-78.85249, 35.88144], [-78.85223, 35.88149], [-78.8517, 35.88247], [-78.8514, 35.88304], [-78.85133, 35.88316], [-78.85126, 35.88328], [-78.85104, 35.88372], [-78.8509, 35.88405], [-78.85082, 35.88422], [-78.85066, 35.88471], [-78.8506, 35.88489], [-78.85054, 35.88518], [-78.85047, 35.8855], [-78.85043, 35.88574], [-78.85039, 35.88626], [-78.85038, 35.88671], [-78.85039, 35.88685], [-78.8504, 35.88703], [-78.85042, 35.88721], [-78.85044, 35.88748], [-78.85045, 35.88761], [-78.85045, 35.88768], [-78.85045, 35.88769], [-78.85047, 35.88794], [-78.85047, 35.88836], [-78.85046, 35.8886], [-78.85044, 35.88886], [-78.8504, 35.88911], [-78.85038, 35.88931], [-78.85025, 35.88986], [-78.85005, 35.89064], [-78.85001, 35.89081], [-78.84985, 35.89133], [-78.8498, 35.89155], [-78.84977, 35.89165], [-78.84972, 35.89189], [-78.84965, 35.89229], [-78.84963, 35.89247], [-78.84957, 35.893], [-78.84956, 35.89328], [-78.84956, 35.89337], [-78.84956, 35.89344], [-78.84956, 35.89362], [-78.84957, 35.8938], [-78.84959, 35.89405], [-78.84963, 35.89434], [-78.84976, 35.8949], [-78.84977, 35.89496], [-78.84987, 35.89531], [-78.84996, 35.89555], [-78.85037, 35.89654], [-78.85038, 35.89657], [-78.85051, 35.89684], [-78.85058, 35.89699], [-78.85059, 35.89701], [-78.85069, 35.89725], [-78.85087, 35.89767], [-78.85097, 35.8979], [-78.85226, 35.90084], [-78.85239, 35.90117], [-78.85254, 35.90162], [-78.85256, 35.90171], [-78.8526, 35.90182], [-78.85263, 35.90198], [-78.85265, 35.90204], [-78.85269, 35.90226], [-78.85273, 35.90248], [-78.85277, 35.9029], [-78.85279, 35.90321], [-78.85279, 35.90356], [-78.85278, 35.90443], [-78.85277, 35.90471], [-78.85274, 35.90642], [-78.85274, 35.90663], [-78.8527, 35.90897], [-78.85267, 35.91054], [-78.85265, 35.91144], [-78.85264, 35.91204], [-78.8526, 35.91407], [-78.85257, 35.91559], [-78.85257, 35.91569], [-78.85251, 35.91864], [-78.85251, 35.91877], [-78.8525, 35.91917], [-78.8525, 35.91924], [-78.8525, 35.91992], [-78.85249, 35.92052], [-78.85241, 35.92467], [-78.85236, 35.92798], [-78.85233, 35.92854], [-78.8523, 35.92889], [-78.85225, 35.92924], [-78.85223, 35.92935], [-78.85224, 35.9294], [-78.85222, 35.92954], [-78.85215, 35.92997], [-78.8521, 35.93023], [-78.85198, 35.93069], [-78.85195, 35.9308], [-78.85177, 35.93145], [-78.85176, 35.93149], [-78.85163, 35.93191], [-78.85146, 35.93237], [-78.85144, 35.93242], [-78.85124, 35.9329], [-78.85117, 35.93304], [-78.85111, 35.93318], [-78.85042, 35.93464], [-78.85168, 35.93467], [-78.85211, 35.93469], [-78.85209, 35.93544], [-78.85208, 35.93615], [-78.85205, 35.93752], [-78.85204, 35.93843], [-78.85233, 35.93856], [-78.85253, 35.93867], [-78.85334, 35.93911], [-78.85349, 35.93919], [-78.85361, 35.93924], [-78.85368, 35.93926], [-78.85375, 35.93929], [-78.85388, 35.93933], [-78.854, 35.93936], [-78.85431, 35.93941], [-78.85443, 35.93943], [-78.85456, 35.93944], [-78.85477, 35.93945], [-78.85496, 35.93945], [-78.85576, 35.93947], [-78.85585, 35.93884], [-78.85587, 35.93868], [-78.85612, 35.93684], [-78.85684, 35.93683], [-78.85688, 35.93684], [-78.85694, 35.93683], [-78.85729, 35.93683], [-78.85852, 35.93678], [-78.85868, 35.93681], [-78.85871, 35.93703], [-78.85871, 35.93705], [-78.85881, 35.93762], [-78.85894, 35.93823], [-78.85909, 35.93882], [-78.8591, 35.93886], [-78.8592, 35.93919], [-78.85925, 35.93938], [-78.8593, 35.93954], [-78.85962, 35.93955], [-78.86015, 35.93957], [-78.86025, 35.93957], [-78.86106, 35.93959], [-78.86183, 35.93966], [-78.86189, 35.93966], [-78.86251, 35.93971], [-78.86295, 35.93975], [-78.86312, 35.93978], [-78.86322, 35.93979], [-78.86352, 35.93986], [-78.86362, 35.93989], [-78.86374, 35.93993], [-78.8638, 35.93995], [-78.86388, 35.93998], [-78.8639, 35.93999], [-78.86407, 35.94007], [-78.86414, 35.9401], [-78.86421, 35.94014], [-78.86441, 35.94028], [-78.86454, 35.94037], [-78.86465, 35.94047], [-78.86474, 35.94057], [-78.86482, 35.94067], [-78.86498, 35.94092], [-78.86501, 35.94096], [-78.86519, 35.94126], [-78.86533, 35.94152], [-78.8655, 35.94182], [-78.86586, 35.9424], [-78.86603, 35.94261], [-78.86618, 35.94275], [-78.86636, 35.94291], [-78.86665, 35.9431], [-78.86697, 35.94327], [-78.86718, 35.94335], [-78.86769, 35.94352], [-78.86802, 35.94359], [-78.86832, 35.94362], [-78.86885, 35.94364], [-78.86968, 35.94363], [-78.87068, 35.94364], [-78.8719, 35.94365], [-78.8724, 35.94366], [-78.8724, 35.94262], [-78.8724, 35.94258], [-78.8724, 35.94254], [-78.8724, 35.94215], [-78.8724, 35.94167], [-78.87248, 35.94167], [-78.87262, 35.94167], [-78.87465, 35.94168], [-78.87467, 35.94178], [-78.8748, 35.94271], [-78.87488, 35.94279], [-78.87506, 35.94261], [-78.8752, 35.94246], [-78.87601, 35.94162], [-78.87741, 35.94016], [-78.87752, 35.94002], [-78.87768, 35.93983], [-78.87793, 35.93953], [-78.87838, 35.93976], [-78.87856, 35.93986], [-78.87882, 35.94009], [-78.87907, 35.94033], [-78.87924, 35.9405], [-78.87923, 35.93998], [-78.87924, 35.93937], [-78.87924, 35.93855], [-78.87928, 35.93756], [-78.8793, 35.93618], [-78.8793, 35.93515], [-78.87931, 35.93446], [-78.87933, 35.93348], [-78.87934, 35.93313], [-78.87936, 35.9328], [-78.87937, 35.93252], [-78.87939, 35.93144], [-78.8794, 35.93111], [-78.87941, 35.93021], [-78.87943, 35.92937], [-78.87944, 35.92871], [-78.87839, 35.92872], [-78.8786, 35.92565], [-78.87686, 35.92562], [-78.87693, 35.925], [-78.87718, 35.92276], [-78.87742, 35.92289], [-78.87761, 35.92299], [-78.87801, 35.9232], [-78.8782, 35.92327], [-78.87833, 35.92333], [-78.87846, 35.92338], [-78.8786, 35.92342], [-78.87876, 35.92348], [-78.87894, 35.92353], [-78.8791, 35.92357], [-78.87927, 35.92361], [-78.87995, 35.92378], [-78.88069, 35.92396], [-78.88165, 35.9242], [-78.88169, 35.92416], [-78.88179, 35.92406], [-78.88183, 35.92393], [-78.88233, 35.92247], [-78.88238, 35.92231], [-78.88243, 35.92217], [-78.8821, 35.9219], [-78.88109, 35.92107], [-78.88147, 35.91926], [-78.88161, 35.91862], [-78.88161, 35.91849], [-78.88165, 35.91807], [-78.88505, 35.91811], [-78.88527, 35.91531], [-78.88605, 35.91535], [-78.88607, 35.91479], [-78.88674, 35.91482], [-78.88679, 35.91402], [-78.88667, 35.91402], [-78.88467, 35.91395], [-78.88426, 35.91394], [-78.88055, 35.91382], [-78.88058, 35.91331], [-78.88063, 35.91143], [-78.88064, 35.9109], [-78.88066, 35.90988], [-78.88068, 35.90906], [-78.8807, 35.90842], [-78.88075, 35.90664], [-78.88076, 35.90662], [-78.88078, 35.90568], [-78.88098, 35.90383], [-78.88102, 35.90351], [-78.88103, 35.90336], [-78.88182, 35.90373], [-78.88242, 35.90395], [-78.88708, 35.90567], [-78.88754, 35.90583], [-78.88758, 35.90561], [-78.88813, 35.9058], [-78.88815, 35.90581], [-78.88815, 35.90552], [-78.88815, 35.90517], [-78.88815, 35.90462], [-78.88815, 35.90448], [-78.88816, 35.90421], [-78.88779, 35.90421], [-78.88641, 35.9042], [-78.88641, 35.90401], [-78.88642, 35.9037], [-78.88642, 35.90361], [-78.88642, 35.90359], [-78.8864, 35.90359], [-78.88628, 35.9036], [-78.88508, 35.9037], [-78.88502, 35.90372], [-78.88492, 35.90374], [-78.88457, 35.90384], [-78.88459, 35.90095], [-78.88459, 35.90084], [-78.88472, 35.90086], [-78.88512, 35.90098], [-78.88533, 35.90049], [-78.88556, 35.90043], [-78.88573, 35.90038], [-78.88595, 35.89987], [-78.88627, 35.89997], [-78.88639, 35.89967], [-78.88701, 35.89967], [-78.887, 35.90023], [-78.88751, 35.90021], [-78.88751, 35.90023], [-78.88817, 35.90023], [-78.88819, 35.90023], [-78.88819, 35.89913], [-78.88821, 35.89858], [-78.88854, 35.89858], [-78.88872, 35.89858], [-78.88886, 35.89858], [-78.88889, 35.89496], [-78.8889, 35.89467], [-78.8889, 35.89464], [-78.88882, 35.89463], [-78.88861, 35.89463], [-78.88824, 35.89462], [-78.88824, 35.89428], [-78.88824, 35.89421], [-78.88825, 35.893], [-78.88517, 35.89299], [-78.88208, 35.89297], [-78.88212, 35.892], [-78.88213, 35.89195], [-78.88213, 35.89184], [-78.88217, 35.891], [-78.88219, 35.89048], [-78.88221, 35.88997], [-78.88222, 35.88957], [-78.88227, 35.88822], [-78.8823, 35.88714], [-78.88232, 35.88659], [-78.88233, 35.88617], [-78.88234, 35.88599], [-78.88274, 35.886], [-78.88285, 35.88601], [-78.88308, 35.88601], [-78.88332, 35.88602], [-78.88512, 35.88608], [-78.88525, 35.88608], [-78.88536, 35.88608], [-78.88547, 35.88608], [-78.8856, 35.88561], [-78.88595, 35.88402], [-78.886, 35.88377], [-78.88602, 35.88366], [-78.88587, 35.88368], [-78.88591, 35.88338], [-78.886, 35.8826], [-78.88599, 35.8825], [-78.88596, 35.88206], [-78.88593, 35.88184], [-78.88586, 35.88159], [-78.88578, 35.88135], [-78.8861, 35.8813], [-78.88615, 35.88125], [-78.88619, 35.88106], [-78.88623, 35.8809], [-78.88634, 35.88059], [-78.88644, 35.88036], [-78.88648, 35.8803], [-78.88651, 35.88021], [-78.88652, 35.88017], [-78.88651, 35.88011], [-78.88646, 35.88004], [-78.8864, 35.88001], [-78.88645, 35.87998], [-78.88653, 35.87993], [-78.88662, 35.87984], [-78.8867, 35.87975], [-78.88675, 35.87969], [-78.88681, 35.87955], [-78.88691, 35.87936], [-78.88696, 35.87926], [-78.887, 35.87912], [-78.88706, 35.87901], [-78.8871, 35.87892], [-78.88726, 35.87864], [-78.8873, 35.87858], [-78.88736, 35.87849], [-78.88751, 35.8783], [-78.8876, 35.87823], [-78.8876, 35.87819], [-78.88763, 35.87801], [-78.88771, 35.87758], [-78.88786, 35.87704], [-78.88888, 35.87349], [-78.88948, 35.87139], [-78.88988, 35.86998], [-78.89049, 35.86787]]]}}, {"type": "Feature", "properties": {"tract_id": "37063001100", "name": "Census Tract 11", "pct_white_2020": 15.3, "pct_black_2020": 61.3, "pct_hispanic_2020": 21.3, "pct_asian_2020": 1.3, "population_2020": 3191}, "geometry": {"type": "Polygon", "coordinates": [[[-78.89712, 35.9905], [-78.8972, 35.99045], [-78.89707, 35.99019], [-78.89623, 35.98845], [-78.89622, 35.98842], [-78.89619, 35.98832], [-78.89613, 35.98817], [-78.89605, 35.98802], [-78.89592, 35.98781], [-78.89579, 35.98764], [-78.89569, 35.9875], [-78.89539, 35.98718], [-78.89519, 35.98697], [-78.89508, 35.98686], [-78.89478, 35.98662], [-78.89456, 35.98645], [-78.8943, 35.98627], [-78.89418, 35.98619], [-78.89404, 35.98611], [-78.89354, 35.98585], [-78.89317, 35.98569], [-78.89249, 35.9854], [-78.88947, 35.98413], [-78.88702, 35.9831], [-78.88491, 35.9822], [-78.88369, 35.98169], [-78.88362, 35.98181], [-78.88339, 35.98219], [-78.88303, 35.98301], [-78.88281, 35.98349], [-78.88262, 35.98402], [-78.88271, 35.98405], [-78.88267, 35.98413], [-78.88266, 35.98417], [-78.88265, 35.98424], [-78.88265, 35.98536], [-78.88266, 35.98664], [-78.88275, 35.98666], [-78.88407, 35.98716], [-78.88415, 35.98719], [-78.88459, 35.98736], [-78.88487, 35.98748], [-78.88517, 35.98759], [-78.88528, 35.98763], [-78.88609, 35.98794], [-78.88579, 35.98846], [-78.88554, 35.9889], [-78.88525, 35.98937], [-78.88493, 35.98993], [-78.88621, 35.99041], [-78.88618, 35.99051], [-78.88615, 35.99064], [-78.88613, 35.99082], [-78.88607, 35.99188], [-78.88603, 35.99274], [-78.88599, 35.99352], [-78.88596, 35.99452], [-78.88594, 35.9958], [-78.88726, 35.99577], [-78.88737, 35.99577], [-78.88908, 35.99584], [-78.88959, 35.99586], [-78.88944, 35.99737], [-78.89066, 35.99742], [-78.89197, 35.99747], [-78.89193, 35.99778], [-78.8919, 35.99805], [-78.89185, 35.99857], [-78.89206, 35.99858], [-78.89339, 35.99856], [-78.89379, 35.99856], [-78.89441, 35.99857], [-78.89449, 35.9985], [-78.89473, 35.99821], [-78.89502, 35.99784], [-78.89544, 35.99729], [-78.89561, 35.99709], [-78.89669, 35.99575], [-78.89685, 35.99557], [-78.8952, 35.99498], [-78.89413, 35.9946], [-78.89399, 35.99455], [-78.89383, 35.99452], [-78.89371, 35.99449], [-78.89479, 35.99322], [-78.8957, 35.99216], [-78.89599, 35.99182], [-78.89631, 35.99145], [-78.89661, 35.99109], [-78.89697, 35.99067], [-78.89702, 35.99062], [-78.89711, 35.99051], [-78.89712, 35.9905]]]}}, {"type": "Feature", "properties": {"tract_id": "37063001303", "name": "Census Tract 13.03", "pct_white_2020": 21.8, "pct_black_2020": 59.3, "pct_hispanic_2020": 9.5, "pct_asian_2020": 5.9, "population_2020": 4495}, "geometry": {"type": "Polygon", "coordinates": [[[-78.90873, 35.979], [-78.90874, 35.9785], [-78.9087, 35.97637], [-78.90869, 35.97559], [-78.90869, 35.97549], [-78.90869, 35.97542], [-78.90867, 35.97497], [-78.90864, 35.97473], [-78.90861, 35.97458], [-78.90853, 35.97434], [-78.90834, 35.97391], [-78.90821, 35.97367], [-78.90808, 35.97348], [-78.90778, 35.97309], [-78.90738, 35.97263], [-78.90724, 35.97245], [-78.90681, 35.9719], [-78.90674, 35.97178], [-78.90667, 35.97164], [-78.9065, 35.97126], [-78.90641, 35.9709], [-78.90632, 35.9705], [-78.90625, 35.97015], [-78.90626, 35.96984], [-78.9064, 35.96903], [-78.90651, 35.96862], [-78.90682, 35.96776], [-78.90744, 35.96623], [-78.90755, 35.96597], [-78.9076, 35.96567], [-78.9076, 35.96561], [-78.90763, 35.9654], [-78.90761, 35.96503], [-78.90742, 35.9652], [-78.90686, 35.96581], [-78.90554, 35.96724], [-78.9046, 35.96666], [-78.90415, 35.96716], [-78.90355, 35.96781], [-78.90228, 35.96742], [-78.90058, 35.9669], [-78.90051, 35.96687], [-78.90041, 35.96683], [-78.90028, 35.96679], [-78.90026, 35.96673], [-78.90022, 35.96667], [-78.90013, 35.96651], [-78.90009, 35.96644], [-78.89996, 35.96648], [-78.89975, 35.96652], [-78.89954, 35.96652], [-78.89932, 35.9665], [-78.89906, 35.96645], [-78.899, 35.96644], [-78.89882, 35.9664], [-78.89862, 35.96636], [-78.89839, 35.96634], [-78.89805, 35.96634], [-78.89793, 35.96634], [-78.89766, 35.96635], [-78.89755, 35.96636], [-78.89736, 35.96641], [-78.89723, 35.96646], [-78.89712, 35.96651], [-78.89697, 35.96659], [-78.89663, 35.96679], [-78.89606, 35.96713], [-78.89594, 35.96719], [-78.89587, 35.96722], [-78.89582, 35.96723], [-78.89572, 35.96725], [-78.8954, 35.96726], [-78.8954, 35.96691], [-78.8954, 35.96684], [-78.89517, 35.96695], [-78.89513, 35.96697], [-78.8951, 35.967], [-78.89507, 35.96703], [-78.89505, 35.96714], [-78.89505, 35.96726], [-78.89506, 35.96732], [-78.89503, 35.96747], [-78.89492, 35.96769], [-78.89488, 35.96777], [-78.89486, 35.96782], [-78.89484, 35.96789], [-78.89482, 35.96793], [-78.89482, 35.96798], [-78.89482, 35.96807], [-78.89482, 35.96815], [-78.89482, 35.96824], [-78.89482, 35.96831], [-78.89484, 35.9684], [-78.89482, 35.96852], [-78.8948, 35.9686], [-78.89476, 35.96868], [-78.89471, 35.96875], [-78.89465, 35.96884], [-78.8946, 35.96891], [-78.89455, 35.96897], [-78.89446, 35.96906], [-78.89442, 35.9691], [-78.89432, 35.96923], [-78.89427, 35.96924], [-78.89423, 35.96931], [-78.89421, 35.96938], [-78.89421, 35.96944], [-78.89413, 35.96949], [-78.89396, 35.96968], [-78.89389, 35.96971], [-78.89381, 35.96978], [-78.89362, 35.96991], [-78.89358, 35.96994], [-78.89366, 35.97009], [-78.89383, 35.97038], [-78.89404, 35.97078], [-78.89407, 35.97085], [-78.89458, 35.97182], [-78.89436, 35.97248], [-78.89391, 35.97382], [-78.89348, 35.97511], [-78.89343, 35.97525], [-78.89333, 35.97549], [-78.89304, 35.97627], [-78.89454, 35.97666], [-78.89513, 35.97682], [-78.8954, 35.9769], [-78.89578, 35.97701], [-78.89615, 35.97713], [-78.89698, 35.9774], [-78.89815, 35.9774], [-78.89941, 35.97739], [-78.89955, 35.97739], [-78.9002, 35.97739], [-78.90027, 35.97739], [-78.90062, 35.97739], [-78.90043, 35.97792], [-78.90063, 35.97796], [-78.90166, 35.97807], [-78.90265, 35.97816], [-78.9028, 35.97816], [-78.90292, 35.97817], [-78.903, 35.97819], [-78.90318, 35.97827], [-78.90399, 35.97872], [-78.90405, 35.97876], [-78.90433, 35.97891], [-78.90567, 35.97963], [-78.90695, 35.98032], [-78.90703, 35.97995], [-78.90709, 35.97976], [-78.90717, 35.97963], [-78.90726, 35.9795], [-78.9073, 35.97944], [-78.90737, 35.97937], [-78.90817, 35.9795], [-78.90822, 35.97952], [-78.90826, 35.97955], [-78.90827, 35.97958], [-78.90828, 35.97961], [-78.90865, 35.97962], [-78.9087, 35.9793], [-78.90873, 35.979]]]}}, {"type": "Feature", "properties": {"tract_id": "37063001501", "name": "Census Tract 15.01", "pct_white_2020": 45.6, "pct_black_2020": 19.0, "pct_hispanic_2020": 10.5, "pct_asian_2020": 23.0, "population_2020": 3304}, "geometry": {"type": "Polygon", "coordinates": [[[-78.95315, 35.99813], [-78.95332, 35.99767], [-78.95283, 35.99756], [-78.95258, 35.9975], [-78.95243, 35.99746], [-78.95173, 35.99725], [-78.95089, 35.99698], [-78.9501, 35.99674], [-78.94973, 35.99661], [-78.94938, 35.99647], [-78.94915, 35.99638], [-78.94862, 35.99613], [-78.94833, 35.99597], [-78.94802, 35.99576], [-78.94782, 35.99561], [-78.94753, 35.9954], [-78.94704, 35.99505], [-78.94687, 35.99494], [-78.94626, 35.99449], [-78.94456, 35.99328], [-78.94427, 35.99309], [-78.94421, 35.99305], [-78.94386, 35.99282], [-78.94352, 35.99264], [-78.94328, 35.99252], [-78.94305, 35.99242], [-78.94253, 35.99222], [-78.94186, 35.99199], [-78.94172, 35.99194], [-78.94093, 35.99166], [-78.94083, 35.99162], [-78.94073, 35.99156], [-78.94065, 35.99151], [-78.94027, 35.99195], [-78.94005, 35.99224], [-78.93961, 35.99294], [-78.93943, 35.99315], [-78.93932, 35.99325], [-78.93922, 35.99333], [-78.93897, 35.99346], [-78.93875, 35.99355], [-78.93868, 35.99358], [-78.93814, 35.99376], [-78.93804, 35.9938], [-78.93785, 35.99388], [-78.93775, 35.99394], [-78.93765, 35.994], [-78.93761, 35.99402], [-78.93755, 35.99407], [-78.93729, 35.99431], [-78.9372, 35.99441], [-78.93668, 35.99509], [-78.93621, 35.99567], [-78.93589, 35.99607], [-78.93562, 35.99632], [-78.93558, 35.99635], [-78.93538, 35.9965], [-78.93506, 35.99669], [-78.93492, 35.99676], [-78.9344, 35.99699], [-78.93318, 35.99745], [-78.93197, 35.99791], [-78.93177, 35.99799], [-78.93155, 35.99808], [-78.93127, 35.99817], [-78.93088, 35.99829], [-78.93069, 35.99834], [-78.9305, 35.99837], [-78.93031, 35.99839], [-78.93025, 35.99923], [-78.93021, 36.00005], [-78.93017, 36.00084], [-78.93013, 36.00163], [-78.9301, 36.00214], [-78.93005, 36.00318], [-78.93002, 36.00372], [-78.93, 36.00412], [-78.92993, 36.00522], [-78.92989, 36.00605], [-78.92988, 36.00616], [-78.92979, 36.0067], [-78.93011, 36.00684], [-78.93096, 36.00724], [-78.93137, 36.00742], [-78.93162, 36.00752], [-78.93181, 36.00758], [-78.93211, 36.00765], [-78.93228, 36.00768], [-78.93269, 36.00773], [-78.93332, 36.0078], [-78.93399, 36.00787], [-78.93377, 36.00838], [-78.93353, 36.00903], [-78.93352, 36.00905], [-78.9335, 36.00908], [-78.93347, 36.00916], [-78.93343, 36.00921], [-78.93372, 36.0092], [-78.93402, 36.00921], [-78.93418, 36.00921], [-78.93419, 36.00918], [-78.93437, 36.0092], [-78.93498, 36.0092], [-78.93539, 36.00921], [-78.93601, 36.00921], [-78.93668, 36.00922], [-78.93727, 36.00922], [-78.93728, 36.00854], [-78.9373, 36.00818], [-78.93883, 36.00831], [-78.93922, 36.00836], [-78.93968, 36.00842], [-78.94, 36.00848], [-78.94009, 36.00849], [-78.94034, 36.00855], [-78.94082, 36.00868], [-78.941, 36.00872], [-78.94127, 36.00876], [-78.94154, 36.00879], [-78.94162, 36.0088], [-78.94199, 36.00882], [-78.9423, 36.00883], [-78.94264, 36.00882], [-78.94308, 36.00879], [-78.94409, 36.00872], [-78.94426, 36.0087], [-78.94446, 36.00866], [-78.94466, 36.00862], [-78.94497, 36.00851], [-78.94515, 36.00843], [-78.94537, 36.0083], [-78.94553, 36.00818], [-78.94581, 36.00794], [-78.94625, 36.00751], [-78.94671, 36.0071], [-78.94696, 36.00687], [-78.94782, 36.00608], [-78.94893, 36.00503], [-78.94913, 36.00485], [-78.94947, 36.00461], [-78.94982, 36.00436], [-78.95032, 36.00401], [-78.95046, 36.00392], [-78.95077, 36.00374], [-78.9509, 36.00365], [-78.95099, 36.00359], [-78.95114, 36.00345], [-78.95125, 36.00332], [-78.95141, 36.00312], [-78.9515, 36.00299], [-78.95157, 36.00287], [-78.95162, 36.00278], [-78.95165, 36.00267], [-78.95184, 36.00193], [-78.95185, 36.00189], [-78.95199, 36.0013], [-78.95202, 36.00115], [-78.95206, 36.00102], [-78.95217, 36.00064], [-78.95231, 36.00021], [-78.95239, 36.0], [-78.95252, 35.99967], [-78.95277, 35.9991], [-78.95288, 35.99884], [-78.95315, 35.99813]]]}}, {"type": "Feature", "properties": {"tract_id": "37063001400", "name": "Census Tract 14", "pct_white_2020": 8.8, "pct_black_2020": 72.3, "pct_hispanic_2020": 18.9, "pct_asian_2020": 0.0, "population_2020": 2984}, "geometry": {"type": "Polygon", "coordinates": [[[-78.89436, 35.97248], [-78.89458, 35.97182], [-78.89407, 35.97085], [-78.89404, 35.97078], [-78.89383, 35.97038], [-78.89366, 35.97009], [-78.89358, 35.96994], [-78.89346, 35.97], [-78.8932, 35.97014], [-78.89302, 35.97022], [-78.89296, 35.97026], [-78.89288, 35.9703], [-78.89274, 35.97033], [-78.89262, 35.97035], [-78.89255, 35.97032], [-78.89244, 35.97032], [-78.89237, 35.97031], [-78.89222, 35.97026], [-78.89198, 35.97015], [-78.8919, 35.97009], [-78.89178, 35.96999], [-78.89151, 35.96988], [-78.89132, 35.96982], [-78.89121, 35.96979], [-78.89112, 35.96976], [-78.89101, 35.96973], [-78.89091, 35.9697], [-78.89079, 35.96965], [-78.89071, 35.96959], [-78.89047, 35.96945], [-78.89016, 35.96924], [-78.89008, 35.96921], [-78.88992, 35.96909], [-78.88975, 35.96903], [-78.88963, 35.969], [-78.88951, 35.96898], [-78.88938, 35.96896], [-78.88906, 35.96894], [-78.88898, 35.96894], [-78.88887, 35.9689], [-78.88789, 35.96871], [-78.88714, 35.96857], [-78.88701, 35.96855], [-78.88686, 35.96852], [-78.88648, 35.96847], [-78.88635, 35.96845], [-78.8862, 35.96844], [-78.88605, 35.9684], [-78.88573, 35.96833], [-78.88556, 35.96827], [-78.88548, 35.96825], [-78.88536, 35.96821], [-78.88526, 35.96818], [-78.8852, 35.96816], [-78.88515, 35.96941], [-78.88504, 35.97208], [-78.88497, 35.97381], [-78.88497, 35.9742], [-78.88429, 35.97429], [-78.88369, 35.97435], [-78.88337, 35.97435], [-78.88313, 35.97436], [-78.88077, 35.97433], [-78.8769, 35.97427], [-78.87617, 35.97425], [-78.87502, 35.97433], [-78.87382, 35.97441], [-78.87357, 35.97442], [-78.87324, 35.97439], [-78.87303, 35.97436], [-78.87292, 35.97433], [-78.87263, 35.97424], [-78.87249, 35.97418], [-78.87237, 35.97413], [-78.87228, 35.97408], [-78.87201, 35.97392], [-78.87173, 35.9738], [-78.87162, 35.97369], [-78.87131, 35.97338], [-78.871, 35.97305], [-78.8706, 35.97261], [-78.87036, 35.9723], [-78.87039, 35.97246], [-78.87048, 35.97278], [-78.87055, 35.97298], [-78.87059, 35.97309], [-78.87069, 35.97337], [-78.87078, 35.97358], [-78.87092, 35.97387], [-78.87098, 35.974], [-78.87116, 35.97433], [-78.87132, 35.97458], [-78.87139, 35.97468], [-78.87181, 35.97523], [-78.87194, 35.97541], [-78.8721, 35.97561], [-78.87233, 35.97585], [-78.87258, 35.97608], [-78.87268, 35.97613], [-78.87274, 35.97619], [-78.8729, 35.97636], [-78.87308, 35.97652], [-78.87328, 35.97667], [-78.87352, 35.97684], [-78.87397, 35.97715], [-78.87536, 35.97803], [-78.87601, 35.97846], [-78.87924, 35.97982], [-78.88369, 35.98169], [-78.88491, 35.9822], [-78.88702, 35.9831], [-78.88947, 35.98413], [-78.89249, 35.9854], [-78.89253, 35.9853], [-78.89259, 35.9852], [-78.89326, 35.98407], [-78.89338, 35.98388], [-78.89316, 35.98369], [-78.89266, 35.98315], [-78.8928, 35.9829], [-78.89285, 35.98285], [-78.8929, 35.98276], [-78.89298, 35.98257], [-78.89305, 35.98242], [-78.89318, 35.9818], [-78.89338, 35.98083], [-78.89358, 35.97992], [-78.89181, 35.97941], [-78.89206, 35.97889], [-78.89221, 35.97847], [-78.89242, 35.97789], [-78.89271, 35.97713], [-78.89279, 35.97693], [-78.89304, 35.97627], [-78.89333, 35.97549], [-78.89343, 35.97525], [-78.89348, 35.97511], [-78.89391, 35.97382], [-78.89436, 35.97248]]]}}, {"type": "Feature", "properties": {"tract_id": "37063001808", "name": "Census Tract 18.08", "pct_white_2020": 48.0, "pct_black_2020": 34.6, "pct_hispanic_2020": 7.7, "pct_asian_2020": 8.1, "population_2020": 11342}, "geometry": {"type": "Polygon", "coordinates": [[[-78.84645, 35.96563], [-78.84685, 35.96561], [-78.8462, 35.96434], [-78.84618, 35.96429], [-78.84605, 35.96405], [-78.84593, 35.96381], [-78.84581, 35.96358], [-78.84562, 35.96324], [-78.84559, 35.96319], [-78.84551, 35.96305], [-78.84527, 35.96263], [-78.84462, 35.96155], [-78.84425, 35.96095], [-78.84396, 35.96045], [-78.84347, 35.95962], [-78.84303, 35.95888], [-78.8425, 35.958], [-78.8425, 35.95798], [-78.84231, 35.95767], [-78.84228, 35.95762], [-78.84127, 35.95591], [-78.84094, 35.95537], [-78.84087, 35.95525], [-78.84071, 35.95497], [-78.84065, 35.95487], [-78.84048, 35.95459], [-78.84037, 35.9544], [-78.83988, 35.95359], [-78.83981, 35.95346], [-78.83916, 35.95237], [-78.83906, 35.95219], [-78.83899, 35.95205], [-78.83873, 35.95149], [-78.83864, 35.95128], [-78.83849, 35.9509], [-78.83814, 35.95004], [-78.83801, 35.94978], [-78.83784, 35.94951], [-78.83778, 35.94942], [-78.83764, 35.94926], [-78.83757, 35.9492], [-78.83751, 35.94912], [-78.83744, 35.94904], [-78.8371, 35.94879], [-78.83695, 35.9487], [-78.83678, 35.9486], [-78.83669, 35.94855], [-78.83661, 35.9485], [-78.83642, 35.94841], [-78.83537, 35.94786], [-78.83507, 35.9477], [-78.8348, 35.94756], [-78.83331, 35.94676], [-78.83295, 35.94658], [-78.83201, 35.94608], [-78.83156, 35.94584], [-78.83122, 35.94565], [-78.83107, 35.94557], [-78.8302, 35.94511], [-78.83007, 35.94503], [-78.82966, 35.94482], [-78.82926, 35.94461], [-78.82867, 35.9443], [-78.82805, 35.94397], [-78.82797, 35.94392], [-78.8268, 35.9433], [-78.82647, 35.94313], [-78.82637, 35.94308], [-78.82613, 35.94294], [-78.82571, 35.94272], [-78.82544, 35.94258], [-78.82533, 35.94252], [-78.82472, 35.94219], [-78.82565, 35.94105], [-78.82505, 35.94087], [-78.82453, 35.94074], [-78.82395, 35.94057], [-78.82362, 35.94048], [-78.82334, 35.9404], [-78.82312, 35.94033], [-78.82281, 35.94024], [-78.82236, 35.94093], [-78.82087, 35.94014], [-78.81945, 35.93937], [-78.81885, 35.93902], [-78.81855, 35.93883], [-78.81829, 35.93867], [-78.81803, 35.93849], [-78.81801, 35.93848], [-78.81793, 35.93842], [-78.81742, 35.93807], [-78.81734, 35.93801], [-78.81702, 35.93778], [-78.81631, 35.93725], [-78.81559, 35.93674], [-78.81337, 35.93513], [-78.81326, 35.93525], [-78.81317, 35.93533], [-78.81297, 35.93547], [-78.81289, 35.93552], [-78.81264, 35.93565], [-78.81249, 35.93572], [-78.81212, 35.93584], [-78.81083, 35.93625], [-78.81017, 35.93646], [-78.80932, 35.93673], [-78.80917, 35.93677], [-78.80898, 35.93681], [-78.80884, 35.93683], [-78.80847, 35.93687], [-78.80832, 35.93687], [-78.80793, 35.93688], [-78.80777, 35.9369], [-78.80752, 35.93694], [-78.80741, 35.93697], [-78.8073, 35.937], [-78.8071, 35.93708], [-78.80657, 35.93736], [-78.80643, 35.93743], [-78.80629, 35.93749], [-78.80616, 35.93753], [-78.8059, 35.9376], [-78.80575, 35.93764], [-78.8056, 35.93766], [-78.80541, 35.93767], [-78.8051, 35.93766], [-78.80496, 35.93765], [-78.80478, 35.93763], [-78.80414, 35.93753], [-78.80387, 35.93749], [-78.80326, 35.93741], [-78.80313, 35.93741], [-78.803, 35.93741], [-78.80276, 35.93742], [-78.80264, 35.93743], [-78.80251, 35.93746], [-78.80245, 35.93747], [-78.80221, 35.93753], [-78.80208, 35.93756], [-78.80197, 35.9376], [-78.80195, 35.93761], [-78.80182, 35.93765], [-78.80162, 35.93774], [-78.80146, 35.93781], [-78.8014, 35.93784], [-78.80131, 35.93789], [-78.80118, 35.938], [-78.80105, 35.93814], [-78.80096, 35.93826], [-78.80083, 35.93846], [-78.80078, 35.93856], [-78.80062, 35.93886], [-78.80002, 35.93993], [-78.79996, 35.94004], [-78.79988, 35.94015], [-78.79981, 35.94022], [-78.79975, 35.94028], [-78.79965, 35.94033], [-78.79956, 35.94038], [-78.79952, 35.94039], [-78.79947, 35.9404], [-78.79939, 35.94042], [-78.79927, 35.94044], [-78.79902, 35.94048], [-78.79755, 35.94062], [-78.79699, 35.94064], [-78.79699, 35.94073], [-78.79698, 35.9408], [-78.79695, 35.94137], [-78.79758, 35.94139], [-78.79758, 35.94147], [-78.79757, 35.9419], [-78.79757, 35.94193], [-78.79731, 35.94185], [-78.79525, 35.94118], [-78.79512, 35.94114], [-78.79493, 35.9418], [-78.79486, 35.94201], [-78.79482, 35.94214], [-78.79478, 35.94225], [-78.79473, 35.94236], [-78.79462, 35.94257], [-78.79458, 35.94262], [-78.7945, 35.94276], [-78.79438, 35.94294], [-78.79435, 35.94298], [-78.79431, 35.94303], [-78.7943, 35.94306], [-78.79405, 35.94348], [-78.79394, 35.94366], [-78.79386, 35.94383], [-78.79378, 35.94401], [-78.79374, 35.94412], [-78.79368, 35.94425], [-78.7936, 35.9445], [-78.79347, 35.94494], [-78.79345, 35.94502], [-78.79338, 35.94523], [-78.79313, 35.94594], [-78.79307, 35.94614], [-78.79303, 35.94633], [-78.79301, 35.9465], [-78.793, 35.94664], [-78.793, 35.94688], [-78.79301, 35.94704], [-78.79303, 35.94714], [-78.79306, 35.94724], [-78.79327, 35.94769], [-78.79352, 35.94807], [-78.79386, 35.94861], [-78.79394, 35.94874], [-78.79397, 35.9488], [-78.79409, 35.94902], [-78.79415, 35.94915], [-78.79417, 35.94924], [-78.79419, 35.94932], [-78.7942, 35.94942], [-78.79421, 35.94964], [-78.79421, 35.94972], [-78.79417, 35.94998], [-78.79414, 35.95013], [-78.79409, 35.9503], [-78.79403, 35.95045], [-78.79401, 35.95049], [-78.79396, 35.9506], [-78.79371, 35.95128], [-78.79363, 35.95152], [-78.79357, 35.95167], [-78.79341, 35.95212], [-78.79334, 35.95231], [-78.79321, 35.95268], [-78.79311, 35.95294], [-78.79305, 35.95313], [-78.79294, 35.95343], [-78.79288, 35.95365], [-78.79282, 35.95387], [-78.79281, 35.95394], [-78.7928, 35.95399], [-78.79279, 35.9541], [-78.79279, 35.95423], [-78.79279, 35.95444], [-78.7928, 35.9545], [-78.79287, 35.9552], [-78.79289, 35.95538], [-78.79292, 35.95555], [-78.79294, 35.95572], [-78.79296, 35.95588], [-78.79298, 35.9563], [-78.79298, 35.95638], [-78.79293, 35.95658], [-78.79287, 35.9568], [-78.79278, 35.95707], [-78.79272, 35.95719], [-78.79266, 35.95731], [-78.79263, 35.95736], [-78.7926, 35.9574], [-78.79243, 35.95764], [-78.79201, 35.95818], [-78.79198, 35.95822], [-78.79152, 35.95881], [-78.79107, 35.9594], [-78.79094, 35.95954], [-78.79082, 35.95966], [-78.79073, 35.95974], [-78.79063, 35.95981], [-78.79052, 35.95989], [-78.79042, 35.95995], [-78.79022, 35.96006], [-78.78983, 35.96025], [-78.78926, 35.96049], [-78.78866, 35.96072], [-78.78853, 35.96077], [-78.78805, 35.96093], [-78.78789, 35.96099], [-78.78728, 35.96121], [-78.78669, 35.96144], [-78.78642, 35.96154], [-78.7862, 35.96161], [-78.78547, 35.9618], [-78.78538, 35.96183], [-78.78522, 35.96188], [-78.78478, 35.962], [-78.78474, 35.96201], [-78.78459, 35.96205], [-78.78432, 35.96213], [-78.784, 35.96222], [-78.78364, 35.96234], [-78.78337, 35.96245], [-78.78289, 35.96266], [-78.78267, 35.96276], [-78.78259, 35.96281], [-78.78255, 35.96298], [-78.78252, 35.96308], [-78.7825, 35.96316], [-78.78249, 35.96322], [-78.78248, 35.96335], [-78.78247, 35.96349], [-78.78248, 35.9636], [-78.78249, 35.96372], [-78.7825, 35.96373], [-78.78253, 35.96386], [-78.78254, 35.96389], [-78.78257, 35.96404], [-78.7826, 35.96417], [-78.78261, 35.96427], [-78.78264, 35.96446], [-78.7827, 35.96489], [-78.7827, 35.96496], [-78.78278, 35.96552], [-78.78283, 35.96585], [-78.78285, 35.96595], [-78.7829, 35.96606], [-78.783, 35.96629], [-78.7831, 35.96647], [-78.78322, 35.96665], [-78.7833, 35.96674], [-78.78333, 35.96679], [-78.78336, 35.96682], [-78.78338, 35.96684], [-78.7835, 35.96698], [-78.78378, 35.96733], [-78.78401, 35.9676], [-78.7841, 35.96771], [-78.78415, 35.96779], [-78.7842, 35.96788], [-78.78431, 35.96811], [-78.78438, 35.96827], [-78.78454, 35.96884], [-78.78465, 35.96927], [-78.78468, 35.9694], [-78.78472, 35.96974], [-78.78473, 35.96984], [-78.78473, 35.96998], [-78.78472, 35.97043], [-78.78471, 35.97061], [-78.78469, 35.9709], [-78.78466, 35.97122], [-78.78467, 35.97323], [-78.78469, 35.97341], [-78.78471, 35.97353], [-78.78479, 35.97382], [-78.78482, 35.97388], [-78.78486, 35.97397], [-78.78496, 35.97415], [-78.78503, 35.9743], [-78.78505, 35.97437], [-78.78518, 35.97451], [-78.78538, 35.97471], [-78.78544, 35.97476], [-78.78548, 35.9748], [-78.78561, 35.97491], [-78.78571, 35.97499], [-78.78579, 35.97507], [-78.78584, 35.97514], [-78.78588, 35.97521], [-78.78591, 35.97535], [-78.78599, 35.97573], [-78.7867, 35.9757], [-78.78739, 35.97575], [-78.78784, 35.9758], [-78.78882, 35.97596], [-78.78936, 35.97604], [-78.79037, 35.9762], [-78.7907, 35.97626], [-78.79166, 35.9764], [-78.79257, 35.97655], [-78.79314, 35.97663], [-78.79364, 35.9767], [-78.794, 35.97676], [-78.79464, 35.97687], [-78.79491, 35.97691], [-78.79503, 35.97693], [-78.79623, 35.97714], [-78.79661, 35.9772], [-78.79824, 35.97746], [-78.79827, 35.97746], [-78.7988, 35.97754], [-78.79882, 35.97755], [-78.80046, 35.97781], [-78.80245, 35.97812], [-78.80265, 35.97815], [-78.80374, 35.97832], [-78.80411, 35.97837], [-78.80558, 35.97858], [-78.80668, 35.97873], [-78.80791, 35.97889], [-78.80792, 35.97889], [-78.80858, 35.97898], [-78.81132, 35.97933], [-78.81207, 35.97944], [-78.81305, 35.97957], [-78.81314, 35.97958], [-78.81326, 35.9796], [-78.81362, 35.97967], [-78.81373, 35.97969], [-78.81407, 35.97978], [-78.81538, 35.98008], [-78.81647, 35.98034], [-78.81826, 35.98076], [-78.821, 35.98142], [-78.82104, 35.98067], [-78.82112, 35.97975], [-78.82115, 35.97953], [-78.82117, 35.97948], [-78.82122, 35.97933], [-78.8213, 35.97915], [-78.82153, 35.97871], [-78.82171, 35.97841], [-78.82196, 35.97804], [-78.82209, 35.97786], [-78.82218, 35.97776], [-78.8224, 35.97756], [-78.82249, 35.97748], [-78.82271, 35.97732], [-78.82285, 35.97724], [-78.82315, 35.97707], [-78.8233, 35.977], [-78.82344, 35.97694], [-78.82438, 35.97665], [-78.82485, 35.97651], [-78.82531, 35.97637], [-78.8254, 35.97634], [-78.82552, 35.97629], [-78.82572, 35.97621], [-78.82622, 35.97597], [-78.82653, 35.97579], [-78.82665, 35.9757], [-78.8268, 35.97559], [-78.82686, 35.97553], [-78.8269, 35.97548], [-78.82717, 35.97514], [-78.82737, 35.97488], [-78.82754, 35.97468], [-78.82777, 35.97434], [-78.82788, 35.97417], [-78.82802, 35.97399], [-78.8289, 35.97289], [-78.829, 35.97275], [-78.82907, 35.97264], [-78.82926, 35.97235], [-78.82937, 35.97216], [-78.82963, 35.97165], [-78.82968, 35.97154], [-78.82974, 35.97139], [-78.82982, 35.97118], [-78.82995, 35.97089], [-78.83011, 35.97059], [-78.83026, 35.97036], [-78.83052, 35.97004], [-78.83059, 35.96997], [-78.8307, 35.9699], [-78.83094, 35.96974], [-78.83107, 35.96968], [-78.83119, 35.96962], [-78.83136, 35.96955], [-78.83167, 35.96945], [-78.83218, 35.96929], [-78.83309, 35.96903], [-78.83338, 35.96895], [-78.83374, 35.96888], [-78.83391, 35.96884], [-78.83399, 35.96883], [-78.83407, 35.96879], [-78.83415, 35.96875], [-78.83421, 35.9687], [-78.83431, 35.9686], [-78.83441, 35.96848], [-78.83445, 35.96843], [-78.83447, 35.96838], [-78.83448, 35.96832], [-78.83449, 35.96817], [-78.83449, 35.96807], [-78.83447, 35.968], [-78.8348, 35.96801], [-78.83565, 35.96805], [-78.83643, 35.96809], [-78.83648, 35.96809], [-78.83721, 35.96813], [-78.83752, 35.96814], [-78.83779, 35.96814], [-78.83795, 35.96815], [-78.83836, 35.96816], [-78.83869, 35.96817], [-78.83882, 35.96818], [-78.83901, 35.96819], [-78.83907, 35.96819], [-78.83934, 35.96819], [-78.8395, 35.96817], [-78.83959, 35.96816], [-78.83966, 35.96816], [-78.83973, 35.96815], [-78.83981, 35.96813], [-78.8399, 35.96811], [-78.8401, 35.96805], [-78.84079, 35.96777], [-78.84142, 35.96747], [-78.84242, 35.967], [-78.84265, 35.96689], [-78.84403, 35.96626], [-78.84418, 35.96619], [-78.84447, 35.96607], [-78.84486, 35.9659], [-78.84503, 35.96584], [-78.84508, 35.96582], [-78.8451, 35.96581], [-78.84523, 35.96577], [-78.84537, 35.96574], [-78.84601, 35.96566], [-78.84617, 35.96564], [-78.84645, 35.96563]]]}}, {"type": "Feature", "properties": {"tract_id": "37063001505", "name": "Census Tract 15.05", "pct_white_2020": 23.4, "pct_black_2020": 34.4, "pct_hispanic_2020": 17.4, "pct_asian_2020": 22.1, "population_2020": 3537}, "geometry": {"type": "Polygon", "coordinates": [[[-78.94858, 36.00975], [-78.94858, 36.00963], [-78.94858, 36.00958], [-78.94856, 36.00954], [-78.94854, 36.00948], [-78.9485, 36.00936], [-78.94845, 36.00925], [-78.94839, 36.00914], [-78.94835, 36.00907], [-78.94818, 36.00888], [-78.94811, 36.00881], [-78.948, 36.00872], [-78.94758, 36.00843], [-78.94672, 36.00783], [-78.94625, 36.00751], [-78.94581, 36.00794], [-78.94553, 36.00818], [-78.94537, 36.0083], [-78.94515, 36.00843], [-78.94497, 36.00851], [-78.94466, 36.00862], [-78.94446, 36.00866], [-78.94426, 36.0087], [-78.94409, 36.00872], [-78.94308, 36.00879], [-78.94264, 36.00882], [-78.9423, 36.00883], [-78.94199, 36.00882], [-78.94162, 36.0088], [-78.94154, 36.00879], [-78.94127, 36.00876], [-78.941, 36.00872], [-78.94082, 36.00868], [-78.94034, 36.00855], [-78.94009, 36.00849], [-78.94, 36.00848], [-78.93968, 36.00842], [-78.93922, 36.00836], [-78.93883, 36.00831], [-78.9373, 36.00818], [-78.93728, 36.00854], [-78.93727, 36.00922], [-78.93668, 36.00922], [-78.93601, 36.00921], [-78.93539, 36.00921], [-78.93498, 36.0092], [-78.93437, 36.0092], [-78.93419, 36.00918], [-78.93418, 36.00921], [-78.93402, 36.00921], [-78.93372, 36.0092], [-78.93343, 36.00921], [-78.93347, 36.00916], [-78.9335, 36.00908], [-78.93352, 36.00905], [-78.93353, 36.00903], [-78.93377, 36.00838], [-78.93399, 36.00787], [-78.93332, 36.0078], [-78.93269, 36.00773], [-78.93228, 36.00768], [-78.93211, 36.00765], [-78.93181, 36.00758], [-78.93162, 36.00752], [-78.93137, 36.00742], [-78.93096, 36.00724], [-78.93011, 36.00684], [-78.92979, 36.0067], [-78.92978, 36.00675], [-78.92968, 36.00706], [-78.92962, 36.00723], [-78.9296, 36.00729], [-78.92956, 36.00736], [-78.92954, 36.00743], [-78.92931, 36.00801], [-78.92936, 36.00801], [-78.92948, 36.00808], [-78.92981, 36.00828], [-78.93015, 36.0085], [-78.9304, 36.00867], [-78.93075, 36.00895], [-78.93099, 36.00915], [-78.93119, 36.00934], [-78.93155, 36.00969], [-78.93187, 36.01005], [-78.93204, 36.01026], [-78.93227, 36.01057], [-78.93297, 36.01152], [-78.93314, 36.01178], [-78.93319, 36.01182], [-78.93326, 36.01193], [-78.93331, 36.01201], [-78.93373, 36.01256], [-78.93401, 36.01296], [-78.93445, 36.01357], [-78.9346, 36.01375], [-78.9349, 36.0141], [-78.935, 36.01422], [-78.93512, 36.01433], [-78.93574, 36.01487], [-78.93588, 36.01498], [-78.93602, 36.01509], [-78.93609, 36.01513], [-78.93612, 36.01515], [-78.93618, 36.01518], [-78.93631, 36.01523], [-78.93646, 36.01532], [-78.93676, 36.01547], [-78.93729, 36.01569], [-78.9376, 36.0158], [-78.93789, 36.0159], [-78.93825, 36.01599], [-78.93898, 36.01615], [-78.93986, 36.01632], [-78.94017, 36.01636], [-78.94029, 36.01638], [-78.94042, 36.0164], [-78.94049, 36.01641], [-78.94059, 36.0164], [-78.94064, 36.01644], [-78.94079, 36.01646], [-78.94097, 36.01649], [-78.94106, 36.01652], [-78.94142, 36.01659], [-78.94209, 36.01671], [-78.94215, 36.01672], [-78.94281, 36.01685], [-78.94373, 36.01702], [-78.94516, 36.01731], [-78.94528, 36.01733], [-78.94543, 36.01739], [-78.94548, 36.01737], [-78.94555, 36.01738], [-78.94555, 36.01714], [-78.94555, 36.01693], [-78.94556, 36.01676], [-78.94557, 36.01669], [-78.94561, 36.01656], [-78.94569, 36.01638], [-78.94572, 36.01632], [-78.94576, 36.01627], [-78.94579, 36.01623], [-78.94585, 36.01616], [-78.94594, 36.01611], [-78.94604, 36.01599], [-78.94617, 36.01588], [-78.94632, 36.01575], [-78.94659, 36.0155], [-78.94707, 36.01511], [-78.94726, 36.01494], [-78.94768, 36.01459], [-78.94785, 36.01442], [-78.94789, 36.01438], [-78.94803, 36.01418], [-78.94804, 36.01416], [-78.94807, 36.01412], [-78.9481, 36.01405], [-78.94814, 36.01388], [-78.94817, 36.01374], [-78.94818, 36.01366], [-78.94818, 36.01325], [-78.94818, 36.01309], [-78.94819, 36.01245], [-78.9482, 36.01228], [-78.9482, 36.01217], [-78.94822, 36.01204], [-78.94825, 36.01191], [-78.94827, 36.01185], [-78.94843, 36.01152], [-78.94851, 36.01132], [-78.94854, 36.01118], [-78.94855, 36.01109], [-78.94857, 36.01099], [-78.94857, 36.01035], [-78.94858, 36.00975]]]}}, {"type": "Feature", "properties": {"tract_id": "37063001706", "name": "Census Tract 17.06", "pct_white_2020": 47.5, "pct_black_2020": 28.4, "pct_hispanic_2020": 13.2, "pct_asian_2020": 8.0, "population_2020": 5395}, "geometry": {"type": "Polygon", "coordinates": [[[-78.98837, 36.02352], [-78.9885, 36.02277], [-78.98835, 36.02257], [-78.98827, 36.02248], [-78.98814, 36.02231], [-78.98806, 36.0222], [-78.98785, 36.02193], [-78.98777, 36.02184], [-78.98766, 36.02173], [-78.98745, 36.02155], [-78.98736, 36.02147], [-78.98725, 36.0214], [-78.98708, 36.0213], [-78.98682, 36.02115], [-78.98666, 36.02108], [-78.98575, 36.02074], [-78.98509, 36.02048], [-78.985, 36.02043], [-78.98488, 36.02036], [-78.98467, 36.02022], [-78.98457, 36.02015], [-78.98447, 36.02006], [-78.98431, 36.01992], [-78.98417, 36.01978], [-78.98402, 36.01961], [-78.98275, 36.01766], [-78.98241, 36.01714], [-78.98232, 36.01698], [-78.98222, 36.01681], [-78.98208, 36.01662], [-78.98192, 36.0164], [-78.98179, 36.01624], [-78.98168, 36.01613], [-78.98149, 36.01595], [-78.9814, 36.01589], [-78.98131, 36.01582], [-78.98101, 36.01563], [-78.98093, 36.01558], [-78.98068, 36.01547], [-78.97999, 36.01519], [-78.97925, 36.01488], [-78.97892, 36.01472], [-78.97876, 36.01464], [-78.97858, 36.01454], [-78.97824, 36.01432], [-78.97791, 36.0141], [-78.97763, 36.01392], [-78.97734, 36.01374], [-78.97718, 36.01365], [-78.97701, 36.01357], [-78.97682, 36.01347], [-78.97642, 36.0133], [-78.97626, 36.01323], [-78.97606, 36.01316], [-78.97552, 36.013], [-78.97534, 36.01293], [-78.97512, 36.01284], [-78.97494, 36.01276], [-78.97479, 36.01268], [-78.97466, 36.0126], [-78.97452, 36.01251], [-78.97438, 36.01242], [-78.97426, 36.01233], [-78.97414, 36.01222], [-78.97328, 36.01146], [-78.97249, 36.01076], [-78.97235, 36.01065], [-78.97217, 36.01054], [-78.97202, 36.01045], [-78.97178, 36.01031], [-78.97142, 36.01013], [-78.97123, 36.01004], [-78.97097, 36.00994], [-78.96997, 36.00957], [-78.96929, 36.00931], [-78.96836, 36.00893], [-78.9682, 36.00886], [-78.96815, 36.00883], [-78.96802, 36.00877], [-78.9677, 36.00859], [-78.96755, 36.0085], [-78.96739, 36.00839], [-78.96724, 36.00826], [-78.96686, 36.00793], [-78.96595, 36.00709], [-78.96569, 36.00684], [-78.9656, 36.00674], [-78.9655, 36.00662], [-78.96541, 36.00649], [-78.96527, 36.00629], [-78.96521, 36.00618], [-78.96511, 36.00597], [-78.96507, 36.00589], [-78.96496, 36.0056], [-78.9648, 36.0051], [-78.96473, 36.00486], [-78.96464, 36.0046], [-78.96456, 36.00441], [-78.96429, 36.00388], [-78.96385, 36.00314], [-78.96292, 36.0017], [-78.96283, 36.00158], [-78.96273, 36.00146], [-78.96265, 36.00138], [-78.96249, 36.00122], [-78.96219, 36.00091], [-78.96209, 36.00082], [-78.96176, 36.00054], [-78.96155, 36.00034], [-78.96144, 36.00024], [-78.96111, 35.99998], [-78.96071, 35.99959], [-78.9606, 35.9995], [-78.96048, 35.99942], [-78.96021, 35.99927], [-78.95999, 35.99916], [-78.95985, 35.9991], [-78.95969, 35.99903], [-78.95953, 35.99898], [-78.95935, 35.99893], [-78.95888, 35.99882], [-78.95879, 35.9988], [-78.95831, 35.99871], [-78.95834, 36.00042], [-78.95837, 36.00123], [-78.95838, 36.00132], [-78.95838, 36.00137], [-78.95838, 36.00182], [-78.95837, 36.00254], [-78.95834, 36.00311], [-78.95832, 36.00335], [-78.95825, 36.00378], [-78.95812, 36.00439], [-78.95808, 36.00454], [-78.95795, 36.00496], [-78.95785, 36.00531], [-78.95776, 36.00559], [-78.95756, 36.00615], [-78.95733, 36.0069], [-78.95705, 36.00771], [-78.95679, 36.00844], [-78.9566, 36.00905], [-78.95655, 36.00916], [-78.95649, 36.00929], [-78.95633, 36.00975], [-78.95619, 36.0102], [-78.95604, 36.01064], [-78.95592, 36.01087], [-78.95572, 36.01128], [-78.95565, 36.0114], [-78.95557, 36.01152], [-78.95534, 36.01183], [-78.95531, 36.01188], [-78.95524, 36.01196], [-78.95481, 36.01252], [-78.9544, 36.01298], [-78.95369, 36.01374], [-78.9533, 36.01416], [-78.95273, 36.01478], [-78.95217, 36.01537], [-78.95152, 36.0161], [-78.95128, 36.01643], [-78.95117, 36.01659], [-78.95114, 36.01664], [-78.95102, 36.0168], [-78.95099, 36.01684], [-78.95084, 36.01706], [-78.95049, 36.01764], [-78.95039, 36.01784], [-78.95012, 36.0184], [-78.95009, 36.0185], [-78.95027, 36.01859], [-78.95038, 36.01865], [-78.95069, 36.01882], [-78.95094, 36.01897], [-78.95128, 36.01917], [-78.95199, 36.01965], [-78.95245, 36.01993], [-78.95365, 36.0207], [-78.95507, 36.02161], [-78.95556, 36.02195], [-78.9558, 36.02213], [-78.95599, 36.0223], [-78.95628, 36.02259], [-78.95644, 36.02278], [-78.95659, 36.02295], [-78.95678, 36.02321], [-78.95716, 36.02383], [-78.95745, 36.02429], [-78.9577, 36.02473], [-78.958, 36.02526], [-78.95835, 36.02584], [-78.95878, 36.02654], [-78.95954, 36.02783], [-78.95988, 36.0283], [-78.96, 36.02846], [-78.96013, 36.02858], [-78.96021, 36.02867], [-78.96036, 36.02881], [-78.96047, 36.0289], [-78.96057, 36.02898], [-78.96082, 36.02917], [-78.96128, 36.02945], [-78.96143, 36.02953], [-78.96181, 36.0297], [-78.962, 36.02977], [-78.9621, 36.0298], [-78.96262, 36.02995], [-78.96274, 36.02998], [-78.96327, 36.03007], [-78.96369, 36.03009], [-78.96391, 36.03012], [-78.96409, 36.03012], [-78.96429, 36.03011], [-78.96445, 36.0301], [-78.9646, 36.03008], [-78.96474, 36.03006], [-78.96523, 36.02997], [-78.9654, 36.02993], [-78.96554, 36.02989], [-78.9657, 36.02985], [-78.96587, 36.02979], [-78.96602, 36.02972], [-78.96657, 36.02948], [-78.96666, 36.02944], [-78.96716, 36.02914], [-78.96766, 36.0288], [-78.96819, 36.02847], [-78.96876, 36.02814], [-78.96912, 36.02796], [-78.96949, 36.02779], [-78.96982, 36.02766], [-78.97009, 36.02757], [-78.97018, 36.02754], [-78.97024, 36.02752], [-78.9703, 36.02751], [-78.97078, 36.02736], [-78.97122, 36.02723], [-78.9716, 36.02714], [-78.97196, 36.02708], [-78.97228, 36.02704], [-78.9729, 36.02697], [-78.97336, 36.02693], [-78.97343, 36.02693], [-78.97376, 36.02691], [-78.97413, 36.0269], [-78.97445, 36.02692], [-78.97525, 36.02698], [-78.97548, 36.02701], [-78.97579, 36.02706], [-78.97701, 36.02729], [-78.97777, 36.02744], [-78.97836, 36.02755], [-78.9789, 36.02766], [-78.98053, 36.02795], [-78.98123, 36.02808], [-78.98166, 36.02816], [-78.98235, 36.0283], [-78.98326, 36.0285], [-78.98407, 36.02868], [-78.98499, 36.02888], [-78.98556, 36.029], [-78.98624, 36.02913], [-78.98712, 36.02931], [-78.98735, 36.02935], [-78.98762, 36.02783], [-78.98815, 36.02476], [-78.98822, 36.02439], [-78.98827, 36.02413], [-78.98829, 36.024], [-78.98837, 36.02352]]]}}, {"type": "Feature", "properties": {"tract_id": "37063001708", "name": "Census Tract 17.08", "pct_white_2020": 13.0, "pct_black_2020": 70.8, "pct_hispanic_2020": 11.0, "pct_asian_2020": 2.9, "population_2020": 4947}, "geometry": {"type": "Polygon", "coordinates": [[[-78.90861, 36.07203], [-78.9086, 36.07197], [-78.90827, 36.07071], [-78.90797, 36.06961], [-78.90787, 36.06927], [-78.90776, 36.069], [-78.90765, 36.06875], [-78.90752, 36.06846], [-78.90738, 36.06817], [-78.90726, 36.06796], [-78.9072, 36.06786], [-78.90696, 36.06749], [-78.90668, 36.06709], [-78.90643, 36.06674], [-78.90556, 36.06558], [-78.90527, 36.06518], [-78.90518, 36.06504], [-78.90517, 36.06502], [-78.90492, 36.06462], [-78.9048, 36.06443], [-78.90472, 36.06428], [-78.90467, 36.06417], [-78.90443, 36.06364], [-78.90431, 36.0633], [-78.90413, 36.06281], [-78.9035, 36.06101], [-78.90339, 36.06069], [-78.90335, 36.06056], [-78.9033, 36.06041], [-78.90325, 36.06021], [-78.90324, 36.06015], [-78.90322, 36.06003], [-78.90321, 36.0599], [-78.90318, 36.05957], [-78.90318, 36.05944], [-78.90319, 36.05907], [-78.90205, 36.05883], [-78.90146, 36.05871], [-78.89994, 36.05838], [-78.89851, 36.05808], [-78.89774, 36.05791], [-78.89758, 36.05814], [-78.89752, 36.05823], [-78.89707, 36.05885], [-78.89697, 36.05898], [-78.89684, 36.05911], [-78.8967, 36.05923], [-78.89536, 36.05921], [-78.8951, 36.0592], [-78.89369, 36.0592], [-78.89334, 36.0592], [-78.89186, 36.05918], [-78.89142, 36.05917], [-78.89112, 36.05917], [-78.89016, 36.05915], [-78.88999, 36.05915], [-78.88873, 36.05912], [-78.88648, 36.05907], [-78.8863, 36.05907], [-78.88561, 36.05906], [-78.88524, 36.05904], [-78.8852, 36.05904], [-78.88517, 36.05904], [-78.88442, 36.05902], [-78.88374, 36.05901], [-78.88261, 36.05901], [-78.88181, 36.05901], [-78.88166, 36.05901], [-78.88109, 36.05901], [-78.88066, 36.05901], [-78.88009, 36.05901], [-78.87958, 36.05902], [-78.8792, 36.05902], [-78.87849, 36.05903], [-78.87841, 36.05903], [-78.87834, 36.05904], [-78.87788, 36.05903], [-78.87731, 36.05903], [-78.87666, 36.05903], [-78.87461, 36.05901], [-78.87296, 36.059], [-78.87289, 36.059], [-78.872, 36.05899], [-78.87117, 36.05898], [-78.87104, 36.05898], [-78.87097, 36.05898], [-78.86942, 36.05896], [-78.86895, 36.05896], [-78.86885, 36.05896], [-78.8688, 36.05896], [-78.86875, 36.05895], [-78.86859, 36.05895], [-78.86846, 36.05927], [-78.86712, 36.06241], [-78.8667, 36.06341], [-78.86618, 36.06464], [-78.86371, 36.07044], [-78.86338, 36.07125], [-78.86285, 36.07242], [-78.86279, 36.07255], [-78.86275, 36.07263], [-78.86282, 36.07266], [-78.86338, 36.07271], [-78.86349, 36.0728], [-78.86388, 36.07289], [-78.86477, 36.07298], [-78.86521, 36.07293], [-78.86538, 36.07284], [-78.8661, 36.07217], [-78.86666, 36.07122], [-78.8666, 36.07068], [-78.86644, 36.07019], [-78.86616, 36.06974], [-78.86611, 36.06937], [-78.86611, 36.06897], [-78.86633, 36.06852], [-78.868, 36.06708], [-78.86839, 36.0669], [-78.86888, 36.06681], [-78.86961, 36.06649], [-78.86994, 36.0665], [-78.87049, 36.06713], [-78.87099, 36.06803], [-78.8711, 36.06879], [-78.87004, 36.07073], [-78.86988, 36.07091], [-78.86988, 36.07109], [-78.86943, 36.07168], [-78.86926, 36.07231], [-78.86899, 36.07276], [-78.86887, 36.07316], [-78.86821, 36.07424], [-78.8682, 36.07429], [-78.86815, 36.07496], [-78.86841, 36.0752], [-78.86834, 36.07519], [-78.86821, 36.07518], [-78.86814, 36.07517], [-78.86801, 36.07516], [-78.86781, 36.07514], [-78.86783, 36.07515], [-78.86842, 36.07556], [-78.86897, 36.07582], [-78.869, 36.07583], [-78.86942, 36.07603], [-78.87041, 36.07624], [-78.87044, 36.07625], [-78.87049, 36.07626], [-78.87069, 36.0763], [-78.87091, 36.07635], [-78.87137, 36.07634], [-78.87163, 36.07625], [-78.87218, 36.07596], [-78.8729, 36.07632], [-78.87358, 36.07678], [-78.87393, 36.07687], [-78.87428, 36.07683], [-78.87452, 36.07675], [-78.87485, 36.07665], [-78.87587, 36.07661], [-78.87625, 36.07666], [-78.8766, 36.07728], [-78.8766, 36.07754], [-78.87663, 36.07782], [-78.87674, 36.07847], [-78.87683, 36.07871], [-78.87704, 36.07901], [-78.87769, 36.0795], [-78.87811, 36.07954], [-78.87822, 36.07955], [-78.87873, 36.07948], [-78.87914, 36.0793], [-78.88041, 36.07847], [-78.881, 36.07828], [-78.88155, 36.07809], [-78.88203, 36.07805], [-78.88311, 36.07812], [-78.88353, 36.07809], [-78.88358, 36.07809], [-78.88393, 36.07807], [-78.88397, 36.07806], [-78.88415, 36.07806], [-78.88453, 36.07796], [-78.8849, 36.07781], [-78.88495, 36.07779], [-78.88565, 36.07749], [-78.8855, 36.07726], [-78.88544, 36.07717], [-78.88597, 36.07694], [-78.88623, 36.07682], [-78.8864, 36.07675], [-78.88646, 36.0768], [-78.88652, 36.0768], [-78.8866, 36.07678], [-78.88707, 36.07666], [-78.88751, 36.07634], [-78.88756, 36.07611], [-78.88756, 36.07607], [-78.88818, 36.07558], [-78.88833, 36.07548], [-78.88885, 36.07515], [-78.88895, 36.07508], [-78.88952, 36.07463], [-78.89029, 36.074], [-78.89053, 36.07381], [-78.89102, 36.07325], [-78.8913, 36.07295], [-78.89155, 36.07277], [-78.89196, 36.07254], [-78.89202, 36.07254], [-78.89233, 36.07254], [-78.89246, 36.07257], [-78.8929, 36.07271], [-78.89412, 36.07309], [-78.89412, 36.07302], [-78.89423, 36.07306], [-78.89496, 36.07309], [-78.89529, 36.07311], [-78.89573, 36.07333], [-78.896, 36.07392], [-78.89595, 36.07536], [-78.89578, 36.07604], [-78.89578, 36.07644], [-78.8959, 36.07673], [-78.89606, 36.07689], [-78.89761, 36.07689], [-78.89867, 36.07708], [-78.89911, 36.07726], [-78.89967, 36.07726], [-78.9005, 36.0769], [-78.90125, 36.07628], [-78.90117, 36.07618], [-78.90183, 36.07491], [-78.90189, 36.0746], [-78.90228, 36.07397], [-78.90253, 36.07304], [-78.90266, 36.07295], [-78.9028, 36.07286], [-78.90295, 36.07275], [-78.90361, 36.07275], [-78.90439, 36.07307], [-78.90533, 36.07361], [-78.90605, 36.07379], [-78.90661, 36.07379], [-78.90683, 36.0737], [-78.90713, 36.07346], [-78.90738, 36.07325], [-78.90766, 36.0728], [-78.90839, 36.07213], [-78.90858, 36.07205], [-78.90861, 36.07203]]]}}, {"type": "Feature", "properties": {"tract_id": "37063002200", "name": "Census Tract 22", "pct_white_2020": 70.6, "pct_black_2020": 9.0, "pct_hispanic_2020": 4.9, "pct_asian_2020": 4.2, "population_2020": 2513}, "geometry": {"type": "Polygon", "coordinates": [[[-78.91332, 36.00187], [-78.91336, 36.00178], [-78.91252, 36.0009], [-78.91207, 36.00045], [-78.91195, 36.00034], [-78.91176, 36.00018], [-78.91142, 35.99991], [-78.91115, 35.99971], [-78.91065, 35.99938], [-78.91013, 35.9991], [-78.90879, 35.99836], [-78.90659, 35.99714], [-78.9063, 35.99698], [-78.90497, 35.99624], [-78.90477, 35.99616], [-78.90469, 35.9961], [-78.90455, 35.99605], [-78.90444, 35.99597], [-78.90436, 35.99592], [-78.90419, 35.99581], [-78.90393, 35.99567], [-78.90351, 35.99543], [-78.9026, 35.99493], [-78.90251, 35.99488], [-78.90181, 35.99449], [-78.90131, 35.99422], [-78.9004, 35.99371], [-78.90021, 35.9936], [-78.89999, 35.99345], [-78.89969, 35.99324], [-78.89945, 35.99307], [-78.89926, 35.99292], [-78.89916, 35.99283], [-78.89889, 35.99259], [-78.89872, 35.99244], [-78.89859, 35.99231], [-78.89839, 35.99209], [-78.89819, 35.99186], [-78.89789, 35.99148], [-78.8976, 35.99106], [-78.89749, 35.99091], [-78.89737, 35.99074], [-78.89733, 35.99068], [-78.89725, 35.99055], [-78.8972, 35.99045], [-78.89712, 35.9905], [-78.89711, 35.99051], [-78.89702, 35.99062], [-78.89697, 35.99067], [-78.89661, 35.99109], [-78.89631, 35.99145], [-78.89599, 35.99182], [-78.8957, 35.99216], [-78.89479, 35.99322], [-78.89371, 35.99449], [-78.89383, 35.99452], [-78.89399, 35.99455], [-78.89413, 35.9946], [-78.8952, 35.99498], [-78.89685, 35.99557], [-78.89669, 35.99575], [-78.89561, 35.99709], [-78.89544, 35.99729], [-78.89502, 35.99784], [-78.89473, 35.99821], [-78.89449, 35.9985], [-78.89441, 35.99857], [-78.89438, 35.99865], [-78.89432, 35.99877], [-78.89427, 35.99888], [-78.89424, 35.99895], [-78.89418, 35.99918], [-78.89407, 35.9996], [-78.89396, 36.0], [-78.89388, 36.00032], [-78.89367, 36.00122], [-78.89361, 36.00144], [-78.89351, 36.00183], [-78.89346, 36.00198], [-78.89317, 36.00298], [-78.89305, 36.00342], [-78.89387, 36.00358], [-78.89425, 36.00368], [-78.89463, 36.00379], [-78.89477, 36.00381], [-78.89513, 36.00382], [-78.89602, 36.00382], [-78.89709, 36.00381], [-78.89793, 36.0038], [-78.8991, 36.00378], [-78.90004, 36.00378], [-78.90073, 36.00377], [-78.9014, 36.00377], [-78.90185, 36.00377], [-78.90308, 36.00375], [-78.90241, 36.00482], [-78.90199, 36.00549], [-78.90234, 36.0055], [-78.90282, 36.0055], [-78.9031, 36.0055], [-78.90323, 36.00525], [-78.90332, 36.00512], [-78.90342, 36.00497], [-78.90381, 36.00445], [-78.90408, 36.00445], [-78.90566, 36.00445], [-78.90827, 36.00446], [-78.90828, 36.00394], [-78.90828, 36.00342], [-78.90937, 36.00343], [-78.9104, 36.00343], [-78.91117, 36.00344], [-78.91249, 36.00345], [-78.91251, 36.00309], [-78.91253, 36.00297], [-78.91257, 36.00286], [-78.91261, 36.00275], [-78.91262, 36.00274], [-78.91267, 36.00264], [-78.91274, 36.00254], [-78.91281, 36.00245], [-78.91293, 36.00233], [-78.91321, 36.00203], [-78.91329, 36.00193], [-78.91332, 36.00187]]]}}, {"type": "Feature", "properties": {"tract_id": "37063002026", "name": "Census Tract 20.26", "pct_white_2020": 14.3, "pct_black_2020": 60.2, "pct_hispanic_2020": 23.5, "pct_asian_2020": 1.2, "population_2020": 8827}, "geometry": {"type": "Polygon", "coordinates": [[[-78.92158, 35.94611], [-78.92169, 35.94599], [-78.92158, 35.9459], [-78.92147, 35.9458], [-78.92134, 35.94566], [-78.92125, 35.94557], [-78.92116, 35.94545], [-78.92107, 35.9453], [-78.92106, 35.94528], [-78.92098, 35.94515], [-78.92092, 35.94501], [-78.92087, 35.94484], [-78.92075, 35.94441], [-78.92071, 35.94428], [-78.92066, 35.94415], [-78.9206, 35.94402], [-78.92046, 35.94377], [-78.92036, 35.94363], [-78.92026, 35.94348], [-78.92006, 35.94326], [-78.91992, 35.94311], [-78.91982, 35.94302], [-78.9196, 35.94285], [-78.91939, 35.94271], [-78.91921, 35.94259], [-78.91907, 35.94252], [-78.91902, 35.9425], [-78.91896, 35.94246], [-78.91869, 35.94235], [-78.91845, 35.94226], [-78.91823, 35.94219], [-78.91798, 35.94213], [-78.91775, 35.94208], [-78.91709, 35.94199], [-78.91626, 35.94188], [-78.9158, 35.94181], [-78.91321, 35.94145], [-78.91279, 35.94138], [-78.91257, 35.94133], [-78.91215, 35.94122], [-78.91192, 35.94114], [-78.91172, 35.94108], [-78.9113, 35.9409], [-78.91101, 35.94078], [-78.91087, 35.94071], [-78.9104, 35.94052], [-78.9099, 35.94034], [-78.90941, 35.94018], [-78.90917, 35.94011], [-78.90907, 35.94008], [-78.90876, 35.94], [-78.90695, 35.93956], [-78.9063, 35.93941], [-78.90591, 35.93932], [-78.90532, 35.93919], [-78.90473, 35.93908], [-78.90415, 35.93899], [-78.90298, 35.93882], [-78.90229, 35.93873], [-78.90214, 35.93871], [-78.90191, 35.93866], [-78.90165, 35.93859], [-78.90142, 35.93851], [-78.9012, 35.93842], [-78.90106, 35.93836], [-78.90084, 35.93824], [-78.90064, 35.93811], [-78.90014, 35.93776], [-78.89933, 35.93716], [-78.89561, 35.93445], [-78.89331, 35.9328], [-78.89315, 35.93269], [-78.89289, 35.93252], [-78.8926, 35.93235], [-78.89231, 35.93221], [-78.89198, 35.93205], [-78.89166, 35.93192], [-78.89154, 35.93188], [-78.89133, 35.93181], [-78.89019, 35.93147], [-78.89013, 35.93146], [-78.88993, 35.9314], [-78.88966, 35.93134], [-78.88939, 35.93129], [-78.88848, 35.93119], [-78.88828, 35.93239], [-78.88828, 35.93286], [-78.88819, 35.93343], [-78.88815, 35.93361], [-78.88804, 35.93352], [-78.88795, 35.93343], [-78.88788, 35.93334], [-78.88726, 35.93238], [-78.88708, 35.9321], [-78.88653, 35.93394], [-78.88639, 35.9343], [-78.8864, 35.93435], [-78.8855, 35.93729], [-78.8847, 35.9399], [-78.88429, 35.94124], [-78.88311, 35.94506], [-78.88299, 35.94543], [-78.88239, 35.94738], [-78.88154, 35.95011], [-78.88116, 35.95137], [-78.88086, 35.95238], [-78.88057, 35.95334], [-78.88022, 35.95433], [-78.88006, 35.95476], [-78.87997, 35.95495], [-78.87993, 35.95504], [-78.87977, 35.95529], [-78.87957, 35.95561], [-78.87935, 35.95592], [-78.87928, 35.95602], [-78.87918, 35.95612], [-78.87905, 35.95624], [-78.87844, 35.9568], [-78.87824, 35.95699], [-78.87752, 35.95768], [-78.87733, 35.95785], [-78.87746, 35.95782], [-78.87765, 35.95777], [-78.87783, 35.95771], [-78.87803, 35.95764], [-78.87848, 35.95746], [-78.87866, 35.9574], [-78.87899, 35.95729], [-78.87917, 35.95724], [-78.87937, 35.95718], [-78.87973, 35.95709], [-78.8799, 35.95706], [-78.88036, 35.95698], [-78.8808, 35.95692], [-78.88134, 35.95684], [-78.88155, 35.95682], [-78.8823, 35.95674], [-78.88328, 35.95665], [-78.88761, 35.95629], [-78.88852, 35.95621], [-78.89035, 35.95603], [-78.89163, 35.95594], [-78.89208, 35.95591], [-78.89232, 35.95588], [-78.89246, 35.95586], [-78.89292, 35.95576], [-78.89303, 35.95573], [-78.89323, 35.95567], [-78.89335, 35.95562], [-78.89355, 35.95553], [-78.89364, 35.95548], [-78.89381, 35.95538], [-78.89393, 35.95531], [-78.89433, 35.95503], [-78.89449, 35.9549], [-78.89463, 35.95477], [-78.89531, 35.95417], [-78.89563, 35.9539], [-78.896, 35.95358], [-78.89614, 35.95347], [-78.8971, 35.95265], [-78.89764, 35.95218], [-78.89785, 35.95201], [-78.89813, 35.95182], [-78.89826, 35.95175], [-78.89839, 35.9517], [-78.89861, 35.95163], [-78.90016, 35.95123], [-78.90044, 35.95115], [-78.90068, 35.95106], [-78.90081, 35.95101], [-78.90104, 35.95089], [-78.90108, 35.95086], [-78.90146, 35.95063], [-78.90182, 35.95037], [-78.90235, 35.95], [-78.90286, 35.94975], [-78.90332, 35.94957], [-78.90379, 35.94948], [-78.90379, 35.94971], [-78.9038, 35.94976], [-78.90382, 35.94997], [-78.90386, 35.95016], [-78.9039, 35.95031], [-78.90393, 35.95036], [-78.90414, 35.95074], [-78.90426, 35.95095], [-78.90478, 35.95171], [-78.90501, 35.95207], [-78.90535, 35.95263], [-78.90672, 35.95246], [-78.90879, 35.95218], [-78.90896, 35.95216], [-78.9093, 35.9521], [-78.90947, 35.95207], [-78.90967, 35.95201], [-78.91001, 35.9519], [-78.91038, 35.95175], [-78.91077, 35.95158], [-78.91095, 35.95148], [-78.91136, 35.95131], [-78.91147, 35.95127], [-78.91169, 35.9512], [-78.91183, 35.95117], [-78.9121, 35.95113], [-78.91232, 35.95111], [-78.91246, 35.95111], [-78.91281, 35.95112], [-78.91326, 35.95116], [-78.91357, 35.95117], [-78.91384, 35.95116], [-78.91394, 35.95114], [-78.91414, 35.9511], [-78.91446, 35.95101], [-78.91464, 35.95094], [-78.91483, 35.95086], [-78.91499, 35.95076], [-78.91505, 35.95072], [-78.91512, 35.95067], [-78.91516, 35.95062], [-78.91526, 35.95054], [-78.91543, 35.9504], [-78.91563, 35.95022], [-78.91578, 35.9501], [-78.9162, 35.94974], [-78.9163, 35.94964], [-78.91632, 35.94962], [-78.91636, 35.94958], [-78.9164, 35.94954], [-78.91644, 35.94951], [-78.91661, 35.94941], [-78.91683, 35.9493], [-78.917, 35.94924], [-78.91806, 35.94893], [-78.91925, 35.9486], [-78.91954, 35.94852], [-78.91968, 35.94846], [-78.91975, 35.94842], [-78.91982, 35.94838], [-78.91998, 35.94824], [-78.92002, 35.94818], [-78.92026, 35.94784], [-78.9206, 35.9473], [-78.92083, 35.94698], [-78.92105, 35.94668], [-78.92109, 35.94663], [-78.92127, 35.94643], [-78.92158, 35.94611]]]}}, {"type": "Feature", "properties": {"tract_id": "37063002021", "name": "Census Tract 20.21", "pct_white_2020": 40.3, "pct_black_2020": 33.1, "pct_hispanic_2020": 13.5, "pct_asian_2020": 11.0, "population_2020": 4898}, "geometry": {"type": "Polygon", "coordinates": [[[-78.96155, 35.91857], [-78.96155, 35.9184], [-78.96149, 35.91786], [-78.96111, 35.91441], [-78.96102, 35.91351], [-78.96094, 35.91279], [-78.96082, 35.91171], [-78.96076, 35.91122], [-78.96075, 35.91112], [-78.96044, 35.90825], [-78.96038, 35.90764], [-78.96017, 35.9058], [-78.96015, 35.90555], [-78.96013, 35.90537], [-78.96011, 35.90521], [-78.96002, 35.9045], [-78.96, 35.90416], [-78.96, 35.90408], [-78.95999, 35.90396], [-78.95988, 35.90294], [-78.95983, 35.90268], [-78.95974, 35.90186], [-78.95961, 35.90103], [-78.9595, 35.90037], [-78.95941, 35.89989], [-78.95935, 35.89955], [-78.95924, 35.89896], [-78.95922, 35.89886], [-78.95885, 35.8969], [-78.95883, 35.89677], [-78.95866, 35.89585], [-78.95859, 35.89546], [-78.95858, 35.89542], [-78.95845, 35.89473], [-78.95824, 35.89362], [-78.95822, 35.89354], [-78.95816, 35.89349], [-78.95811, 35.89348], [-78.95806, 35.89346], [-78.95797, 35.89346], [-78.95767, 35.89349], [-78.95709, 35.89355], [-78.95637, 35.89362], [-78.95605, 35.89366], [-78.9558, 35.8937], [-78.95551, 35.89375], [-78.95518, 35.89383], [-78.95495, 35.89391], [-78.95474, 35.89399], [-78.95455, 35.89407], [-78.95423, 35.89423], [-78.95402, 35.89435], [-78.95374, 35.89449], [-78.95332, 35.89471], [-78.95319, 35.89477], [-78.953, 35.89485], [-78.95267, 35.89498], [-78.95246, 35.89504], [-78.95205, 35.89515], [-78.95178, 35.89521], [-78.95147, 35.89525], [-78.95099, 35.89528], [-78.94914, 35.89534], [-78.9491, 35.89534], [-78.94899, 35.89535], [-78.9488, 35.89535], [-78.94866, 35.89535], [-78.94856, 35.89535], [-78.94848, 35.89535], [-78.9481, 35.89535], [-78.94801, 35.89536], [-78.94789, 35.89536], [-78.94753, 35.89537], [-78.94708, 35.89539], [-78.9461, 35.89542], [-78.9456, 35.89543], [-78.94552, 35.89543], [-78.94529, 35.89544], [-78.94299, 35.89547], [-78.94244, 35.89546], [-78.94224, 35.89545], [-78.94207, 35.89546], [-78.94191, 35.89589], [-78.94178, 35.89622], [-78.94172, 35.89634], [-78.94163, 35.89635], [-78.94077, 35.89657], [-78.9406, 35.89662], [-78.94052, 35.89664], [-78.93997, 35.89679], [-78.93942, 35.89697], [-78.93899, 35.89712], [-78.9387, 35.89723], [-78.9385, 35.89735], [-78.93846, 35.89736], [-78.93832, 35.89746], [-78.93822, 35.89754], [-78.93811, 35.89765], [-78.93795, 35.89779], [-78.93781, 35.89793], [-78.93778, 35.89797], [-78.93743, 35.89826], [-78.93733, 35.89832], [-78.93705, 35.8985], [-78.93677, 35.89866], [-78.93664, 35.89872], [-78.93637, 35.89885], [-78.93622, 35.89892], [-78.93535, 35.89933], [-78.93498, 35.89949], [-78.93463, 35.89964], [-78.93415, 35.89983], [-78.93365, 35.90001], [-78.93326, 35.90014], [-78.93298, 35.90024], [-78.93247, 35.9004], [-78.9324, 35.90043], [-78.93225, 35.90047], [-78.93202, 35.90056], [-78.93184, 35.90061], [-78.93161, 35.90069], [-78.93137, 35.90077], [-78.92991, 35.90125], [-78.92957, 35.90138], [-78.92926, 35.90154], [-78.92905, 35.90168], [-78.92869, 35.90194], [-78.92853, 35.90208], [-78.9284, 35.90217], [-78.92828, 35.90224], [-78.92814, 35.90231], [-78.92793, 35.9024], [-78.92776, 35.90245], [-78.92771, 35.9025], [-78.92759, 35.90249], [-78.92742, 35.90249], [-78.92722, 35.90248], [-78.92701, 35.9025], [-78.9265, 35.90253], [-78.92634, 35.90246], [-78.92609, 35.9024], [-78.92597, 35.90237], [-78.92571, 35.90231], [-78.92545, 35.90222], [-78.92509, 35.90207], [-78.92498, 35.90201], [-78.92489, 35.90195], [-78.92476, 35.90187], [-78.92465, 35.90178], [-78.92451, 35.90166], [-78.92425, 35.9014], [-78.92412, 35.90124], [-78.9239, 35.90094], [-78.92376, 35.90071], [-78.92372, 35.90217], [-78.92369, 35.90311], [-78.92345, 35.90315], [-78.92315, 35.90322], [-78.92282, 35.90328], [-78.92251, 35.90333], [-78.92223, 35.9034], [-78.92191, 35.90346], [-78.92143, 35.90356], [-78.92132, 35.90359], [-78.92118, 35.90365], [-78.92105, 35.90368], [-78.92094, 35.90373], [-78.92086, 35.90378], [-78.92071, 35.90385], [-78.92063, 35.9039], [-78.92044, 35.90402], [-78.92023, 35.90421], [-78.92002, 35.90432], [-78.91982, 35.90443], [-78.91966, 35.90447], [-78.91943, 35.90456], [-78.91934, 35.90458], [-78.9191, 35.90465], [-78.919, 35.90467], [-78.91893, 35.90469], [-78.91877, 35.90472], [-78.91874, 35.90473], [-78.91865, 35.90474], [-78.9185, 35.90479], [-78.91839, 35.90482], [-78.91815, 35.90489], [-78.91802, 35.90494], [-78.91781, 35.90505], [-78.91764, 35.90517], [-78.91754, 35.90523], [-78.91743, 35.90531], [-78.91722, 35.90552], [-78.91686, 35.90601], [-78.91658, 35.90643], [-78.91645, 35.90667], [-78.91633, 35.90697], [-78.91629, 35.90709], [-78.91627, 35.90721], [-78.91624, 35.90748], [-78.91624, 35.90762], [-78.91624, 35.90769], [-78.91624, 35.90776], [-78.91631, 35.90825], [-78.91641, 35.90875], [-78.91842, 35.90893], [-78.92135, 35.9092], [-78.92266, 35.9093], [-78.92395, 35.90937], [-78.92481, 35.9094], [-78.92548, 35.90942], [-78.92697, 35.90942], [-78.92763, 35.90941], [-78.92821, 35.9094], [-78.92873, 35.90936], [-78.92924, 35.90935], [-78.92981, 35.90932], [-78.93044, 35.90951], [-78.93052, 35.90953], [-78.93133, 35.90977], [-78.93192, 35.90995], [-78.93246, 35.9101], [-78.93275, 35.91019], [-78.93348, 35.91039], [-78.93408, 35.91053], [-78.93465, 35.91068], [-78.93528, 35.91085], [-78.93554, 35.9109], [-78.93579, 35.91094], [-78.93603, 35.91097], [-78.93656, 35.91101], [-78.93689, 35.91103], [-78.93915, 35.91106], [-78.93986, 35.91108], [-78.94028, 35.91112], [-78.94065, 35.91117], [-78.94071, 35.91118], [-78.9413, 35.91128], [-78.94133, 35.91128], [-78.94188, 35.91139], [-78.94258, 35.91154], [-78.94337, 35.91168], [-78.94409, 35.91182], [-78.94519, 35.91205], [-78.94533, 35.9121], [-78.94579, 35.91216], [-78.94642, 35.91229], [-78.94683, 35.91238], [-78.94716, 35.91247], [-78.94726, 35.9125], [-78.94749, 35.91256], [-78.94786, 35.91268], [-78.94793, 35.9127], [-78.94827, 35.91286], [-78.94855, 35.91302], [-78.94881, 35.91324], [-78.9489, 35.91333], [-78.94899, 35.91342], [-78.94917, 35.91363], [-78.94934, 35.91386], [-78.94953, 35.91414], [-78.94954, 35.91417], [-78.94961, 35.91429], [-78.94971, 35.91444], [-78.9499, 35.91476], [-78.95008, 35.91503], [-78.95037, 35.9155], [-78.95053, 35.91572], [-78.95057, 35.91579], [-78.95063, 35.91587], [-78.95079, 35.91609], [-78.95088, 35.91619], [-78.95107, 35.91639], [-78.9512, 35.91652], [-78.95156, 35.91683], [-78.95167, 35.91689], [-78.95173, 35.91694], [-78.9518, 35.91697], [-78.95217, 35.91721], [-78.95252, 35.9174], [-78.95286, 35.91758], [-78.9533, 35.91782], [-78.95355, 35.91797], [-78.95378, 35.91808], [-78.95429, 35.91835], [-78.95441, 35.91842], [-78.95472, 35.91859], [-78.9551, 35.91879], [-78.95535, 35.91892], [-78.95548, 35.919], [-78.95565, 35.91908], [-78.95591, 35.91919], [-78.95614, 35.91926], [-78.95629, 35.91932], [-78.9564, 35.91935], [-78.95679, 35.91945], [-78.95706, 35.91949], [-78.95728, 35.91954], [-78.95745, 35.91955], [-78.95758, 35.91954], [-78.95769, 35.91954], [-78.95816, 35.91949], [-78.95841, 35.91945], [-78.95863, 35.91942], [-78.95883, 35.91938], [-78.95938, 35.91927], [-78.95962, 35.91922], [-78.95997, 35.91915], [-78.96007, 35.91913], [-78.9603, 35.91907], [-78.9609, 35.91895], [-78.96136, 35.91887], [-78.96145, 35.91875], [-78.9615, 35.91867], [-78.96155, 35.91857]]]}}, {"type": "Feature", "properties": {"tract_id": "37063002022", "name": "Census Tract 20.22", "pct_white_2020": 37.5, "pct_black_2020": 35.2, "pct_hispanic_2020": 15.0, "pct_asian_2020": 6.6, "population_2020": 4601}, "geometry": {"type": "Polygon", "coordinates": [[[-78.93465, 35.91068], [-78.93408, 35.91053], [-78.93348, 35.91039], [-78.93275, 35.91019], [-78.93246, 35.9101], [-78.93192, 35.90995], [-78.93133, 35.90977], [-78.93052, 35.90953], [-78.93044, 35.90951], [-78.92981, 35.90932], [-78.92924, 35.90935], [-78.92873, 35.90936], [-78.92821, 35.9094], [-78.92763, 35.90941], [-78.92697, 35.90942], [-78.92548, 35.90942], [-78.92481, 35.9094], [-78.92395, 35.90937], [-78.92266, 35.9093], [-78.92135, 35.9092], [-78.91842, 35.90893], [-78.91641, 35.90875], [-78.91645, 35.90896], [-78.91648, 35.90912], [-78.91658, 35.90957], [-78.9168, 35.91071], [-78.91681, 35.91075], [-78.91688, 35.91111], [-78.91691, 35.91126], [-78.91701, 35.91191], [-78.91713, 35.91261], [-78.91718, 35.91289], [-78.9172, 35.91297], [-78.91722, 35.91308], [-78.91728, 35.91351], [-78.91736, 35.91407], [-78.91745, 35.91463], [-78.91747, 35.91473], [-78.91748, 35.91503], [-78.91745, 35.91528], [-78.91743, 35.91538], [-78.9174, 35.91549], [-78.91734, 35.91568], [-78.91729, 35.91577], [-78.91722, 35.9159], [-78.91708, 35.91612], [-78.91697, 35.91624], [-78.91661, 35.91661], [-78.91619, 35.91699], [-78.9159, 35.91729], [-78.91587, 35.91733], [-78.91583, 35.91738], [-78.91557, 35.91777], [-78.91491, 35.91891], [-78.91405, 35.92042], [-78.91399, 35.92054], [-78.91397, 35.92058], [-78.9139, 35.92068], [-78.9138, 35.92089], [-78.91377, 35.92099], [-78.91375, 35.92107], [-78.91363, 35.92144], [-78.9136, 35.92156], [-78.91358, 35.92161], [-78.91353, 35.9218], [-78.91347, 35.92202], [-78.9134, 35.92218], [-78.9134, 35.92219], [-78.91338, 35.92227], [-78.91332, 35.92238], [-78.91326, 35.92251], [-78.91317, 35.92266], [-78.91311, 35.92277], [-78.91297, 35.92304], [-78.91291, 35.92314], [-78.91271, 35.92341], [-78.91254, 35.9236], [-78.91245, 35.92369], [-78.91237, 35.92375], [-78.91214, 35.9239], [-78.91179, 35.92415], [-78.91161, 35.9243], [-78.91143, 35.92446], [-78.91124, 35.92467], [-78.91111, 35.92486], [-78.91109, 35.92492], [-78.91103, 35.92504], [-78.91099, 35.92514], [-78.91094, 35.92532], [-78.9109, 35.92552], [-78.91089, 35.92565], [-78.91089, 35.92588], [-78.91089, 35.92593], [-78.91089, 35.92624], [-78.91422, 35.92633], [-78.91462, 35.92634], [-78.91674, 35.92637], [-78.91896, 35.92641], [-78.92226, 35.92647], [-78.92301, 35.9265], [-78.92308, 35.92652], [-78.92315, 35.92656], [-78.92393, 35.92601], [-78.92444, 35.92567], [-78.92502, 35.92524], [-78.92515, 35.92514], [-78.92533, 35.92498], [-78.92548, 35.92483], [-78.92602, 35.92433], [-78.92636, 35.92399], [-78.92655, 35.92377], [-78.92688, 35.92336], [-78.92709, 35.9231], [-78.92767, 35.92226], [-78.92795, 35.92189], [-78.92837, 35.92127], [-78.92872, 35.92081], [-78.92882, 35.92067], [-78.92921, 35.92015], [-78.9298, 35.91931], [-78.92995, 35.9191], [-78.93002, 35.91899], [-78.93029, 35.91861], [-78.93055, 35.9182], [-78.93064, 35.91805], [-78.93084, 35.91777], [-78.9311, 35.91739], [-78.93122, 35.91722], [-78.93143, 35.91688], [-78.93186, 35.91618], [-78.9321, 35.9157], [-78.93246, 35.91502], [-78.93249, 35.91495], [-78.93306, 35.91384], [-78.9334, 35.91317], [-78.93385, 35.91225], [-78.9339, 35.91215], [-78.93465, 35.91068]]]}}, {"type": "Feature", "properties": {"tract_id": "37063002023", "name": "Census Tract 20.23", "pct_white_2020": 62.4, "pct_black_2020": 25.7, "pct_hispanic_2020": 1.5, "pct_asian_2020": 7.9, "population_2020": 2860}, "geometry": {"type": "Polygon", "coordinates": [[[-78.9547, 35.91864], [-78.95472, 35.91859], [-78.95441, 35.91842], [-78.95429, 35.91835], [-78.95378, 35.91808], [-78.95355, 35.91797], [-78.9533, 35.91782], [-78.95286, 35.91758], [-78.95252, 35.9174], [-78.95217, 35.91721], [-78.9518, 35.91697], [-78.95173, 35.91694], [-78.95167, 35.91689], [-78.95156, 35.91683], [-78.9512, 35.91652], [-78.95107, 35.91639], [-78.95088, 35.91619], [-78.95079, 35.91609], [-78.95063, 35.91587], [-78.95057, 35.91579], [-78.95053, 35.91572], [-78.95037, 35.9155], [-78.95008, 35.91503], [-78.9499, 35.91476], [-78.94971, 35.91444], [-78.94961, 35.91429], [-78.94954, 35.91417], [-78.94953, 35.91414], [-78.94934, 35.91386], [-78.94917, 35.91363], [-78.94899, 35.91342], [-78.9489, 35.91333], [-78.94881, 35.91324], [-78.94855, 35.91302], [-78.94827, 35.91286], [-78.94793, 35.9127], [-78.94786, 35.91268], [-78.94749, 35.91256], [-78.94726, 35.9125], [-78.94716, 35.91247], [-78.94683, 35.91238], [-78.94642, 35.91229], [-78.94579, 35.91216], [-78.94533, 35.9121], [-78.94519, 35.91205], [-78.94409, 35.91182], [-78.94337, 35.91168], [-78.94258, 35.91154], [-78.94188, 35.91139], [-78.94133, 35.91128], [-78.9413, 35.91128], [-78.94071, 35.91118], [-78.94065, 35.91117], [-78.94028, 35.91112], [-78.93986, 35.91108], [-78.93915, 35.91106], [-78.93689, 35.91103], [-78.93656, 35.91101], [-78.93603, 35.91097], [-78.93579, 35.91094], [-78.93554, 35.9109], [-78.93528, 35.91085], [-78.93465, 35.91068], [-78.9339, 35.91215], [-78.93385, 35.91225], [-78.9334, 35.91317], [-78.93306, 35.91384], [-78.93249, 35.91495], [-78.93246, 35.91502], [-78.9321, 35.9157], [-78.93186, 35.91618], [-78.93143, 35.91688], [-78.93122, 35.91722], [-78.9311, 35.91739], [-78.93084, 35.91777], [-78.93064, 35.91805], [-78.93055, 35.9182], [-78.93029, 35.91861], [-78.93002, 35.91899], [-78.92995, 35.9191], [-78.9298, 35.91931], [-78.92921, 35.92015], [-78.92882, 35.92067], [-78.92872, 35.92081], [-78.92837, 35.92127], [-78.92795, 35.92189], [-78.92767, 35.92226], [-78.92709, 35.9231], [-78.92688, 35.92336], [-78.92699, 35.92342], [-78.92714, 35.92349], [-78.92732, 35.92359], [-78.9275, 35.92367], [-78.92788, 35.92379], [-78.92844, 35.92391], [-78.92849, 35.92392], [-78.9286, 35.9239], [-78.92882, 35.92391], [-78.92909, 35.92389], [-78.92921, 35.92387], [-78.92925, 35.92387], [-78.92938, 35.92384], [-78.9295, 35.92382], [-78.92972, 35.92377], [-78.92987, 35.92372], [-78.92992, 35.9237], [-78.93005, 35.92365], [-78.93018, 35.92359], [-78.93039, 35.92349], [-78.93047, 35.92343], [-78.93055, 35.92339], [-78.93072, 35.92326], [-78.93087, 35.92315], [-78.93103, 35.92299], [-78.9315, 35.9225], [-78.93177, 35.92222], [-78.93188, 35.92211], [-78.93199, 35.92199], [-78.93214, 35.92184], [-78.93227, 35.92175], [-78.93231, 35.9217], [-78.93236, 35.92167], [-78.93242, 35.92163], [-78.93262, 35.92153], [-78.93302, 35.92139], [-78.93325, 35.92134], [-78.93337, 35.92132], [-78.93376, 35.9213], [-78.93443, 35.9214], [-78.93461, 35.92144], [-78.93488, 35.92155], [-78.93505, 35.9216], [-78.93529, 35.92172], [-78.93542, 35.92178], [-78.93564, 35.92189], [-78.93617, 35.9222], [-78.93637, 35.92233], [-78.93656, 35.92245], [-78.93674, 35.92255], [-78.93687, 35.92262], [-78.93702, 35.92269], [-78.93728, 35.92278], [-78.9379, 35.92292], [-78.93833, 35.92294], [-78.93872, 35.92293], [-78.93898, 35.92294], [-78.93925, 35.92295], [-78.93987, 35.92304], [-78.94026, 35.92313], [-78.94035, 35.92316], [-78.94055, 35.92322], [-78.94123, 35.92347], [-78.94149, 35.92355], [-78.94179, 35.92369], [-78.94203, 35.92376], [-78.94229, 35.92382], [-78.9425, 35.92385], [-78.94275, 35.92387], [-78.94296, 35.92389], [-78.94322, 35.92387], [-78.94347, 35.92386], [-78.94363, 35.92384], [-78.94379, 35.92383], [-78.94412, 35.92374], [-78.94456, 35.92366], [-78.94467, 35.92362], [-78.94517, 35.92346], [-78.9456, 35.92326], [-78.94602, 35.92302], [-78.9464, 35.92274], [-78.94677, 35.92243], [-78.94713, 35.92217], [-78.94754, 35.92196], [-78.94795, 35.92183], [-78.94856, 35.92176], [-78.94869, 35.92176], [-78.94934, 35.92178], [-78.94965, 35.92181], [-78.95006, 35.92182], [-78.95026, 35.92184], [-78.95055, 35.92188], [-78.95071, 35.9219], [-78.95115, 35.92201], [-78.95141, 35.9221], [-78.95166, 35.92221], [-78.95192, 35.92233], [-78.95208, 35.92241], [-78.9524, 35.92256], [-78.95245, 35.92258], [-78.95254, 35.92248], [-78.95256, 35.92241], [-78.95259, 35.92237], [-78.95262, 35.92227], [-78.95265, 35.92221], [-78.95269, 35.92216], [-78.95281, 35.92207], [-78.95286, 35.92198], [-78.95287, 35.92177], [-78.95291, 35.92167], [-78.953, 35.92154], [-78.95334, 35.92103], [-78.9536, 35.9206], [-78.95376, 35.92041], [-78.95389, 35.92016], [-78.95393, 35.92004], [-78.95403, 35.91987], [-78.95405, 35.91985], [-78.95416, 35.9197], [-78.95423, 35.91959], [-78.95441, 35.91921], [-78.95455, 35.91897], [-78.9547, 35.91864]]]}}, {"type": "Feature", "properties": {"tract_id": "37063002037", "name": "Census Tract 20.37", "pct_white_2020": 37.5, "pct_black_2020": 28.8, "pct_hispanic_2020": 6.2, "pct_asian_2020": 25.1, "population_2020": 6192}, "geometry": {"type": "Polygon", "coordinates": [[[-78.86798, 35.88224], [-78.8678, 35.8818], [-78.86765, 35.88153], [-78.86741, 35.88104], [-78.86722, 35.88067], [-78.86715, 35.88054], [-78.867, 35.88026], [-78.86679, 35.87984], [-78.86669, 35.87963], [-78.86643, 35.87914], [-78.86638, 35.87904], [-78.86624, 35.87882], [-78.86625, 35.87842], [-78.86626, 35.87833], [-78.86627, 35.87825], [-78.86631, 35.87805], [-78.86633, 35.8778], [-78.86631, 35.87774], [-78.86624, 35.8769], [-78.86616, 35.8767], [-78.86606, 35.87644], [-78.86606, 35.87637], [-78.86605, 35.87583], [-78.86587, 35.87575], [-78.86548, 35.87559], [-78.86548, 35.87555], [-78.86554, 35.87523], [-78.86556, 35.8749], [-78.86554, 35.87462], [-78.86548, 35.87406], [-78.86544, 35.87365], [-78.86521, 35.87301], [-78.86495, 35.87221], [-78.8645, 35.87111], [-78.8644, 35.87078], [-78.86437, 35.87044], [-78.86438, 35.87013], [-78.86453, 35.86955], [-78.86467, 35.86881], [-78.86473, 35.86853], [-78.86473, 35.8684], [-78.86483, 35.8684], [-78.86484, 35.8675], [-78.86474, 35.8675], [-78.86275, 35.86747], [-78.86026, 35.86743], [-78.86016, 35.86743], [-78.85884, 35.86741], [-78.85763, 35.86739], [-78.85685, 35.86738], [-78.85668, 35.86738], [-78.85442, 35.86735], [-78.85243, 35.86731], [-78.85061, 35.86728], [-78.85042, 35.86728], [-78.85007, 35.86728], [-78.84967, 35.86728], [-78.84948, 35.86727], [-78.84603, 35.86722], [-78.84296, 35.86717], [-78.84228, 35.86716], [-78.84132, 35.86715], [-78.84017, 35.86713], [-78.83934, 35.86712], [-78.83927, 35.86712], [-78.83921, 35.86712], [-78.83852, 35.86711], [-78.83715, 35.86709], [-78.83661, 35.86708], [-78.83646, 35.86708], [-78.83609, 35.86707], [-78.83603, 35.86707], [-78.83589, 35.86707], [-78.83578, 35.86707], [-78.83555, 35.86706], [-78.83544, 35.86706], [-78.83506, 35.86705], [-78.83395, 35.86704], [-78.83373, 35.86704], [-78.83347, 35.86703], [-78.83168, 35.86701], [-78.83049, 35.86699], [-78.82997, 35.86698], [-78.82983, 35.8673], [-78.82978, 35.86743], [-78.82935, 35.86847], [-78.82861, 35.87024], [-78.82846, 35.87061], [-78.82843, 35.87068], [-78.82839, 35.87079], [-78.82835, 35.87088], [-78.82818, 35.8713], [-78.82799, 35.87175], [-78.82778, 35.87226], [-78.82767, 35.87252], [-78.82735, 35.8733], [-78.82729, 35.87343], [-78.82702, 35.87408], [-78.82648, 35.87538], [-78.82637, 35.87566], [-78.82627, 35.8759], [-78.82622, 35.87602], [-78.82616, 35.87616], [-78.82573, 35.8772], [-78.82561, 35.87749], [-78.82559, 35.87752], [-78.82529, 35.87824], [-78.82461, 35.87988], [-78.82449, 35.88018], [-78.82448, 35.8802], [-78.8244, 35.88041], [-78.82431, 35.88062], [-78.82416, 35.88098], [-78.8241, 35.88113], [-78.824, 35.88137], [-78.82374, 35.88199], [-78.82366, 35.8822], [-78.82357, 35.88241], [-78.82301, 35.88375], [-78.82281, 35.88423], [-78.82278, 35.8843], [-78.82275, 35.88438], [-78.8227, 35.88449], [-78.82223, 35.88563], [-78.822, 35.88618], [-78.82194, 35.88634], [-78.8215, 35.88739], [-78.82088, 35.8889], [-78.82063, 35.8895], [-78.82026, 35.89038], [-78.82008, 35.89082], [-78.81975, 35.89161], [-78.81951, 35.89218], [-78.81939, 35.89257], [-78.81943, 35.89326], [-78.81944, 35.89362], [-78.81943, 35.89369], [-78.81942, 35.89378], [-78.8194, 35.89389], [-78.81937, 35.89406], [-78.81933, 35.89428], [-78.81927, 35.89453], [-78.81926, 35.89457], [-78.81921, 35.89479], [-78.81905, 35.89539], [-78.81915, 35.89533], [-78.81919, 35.89528], [-78.81926, 35.89522], [-78.81949, 35.89503], [-78.81981, 35.89475], [-78.81986, 35.89471], [-78.81999, 35.8946], [-78.82025, 35.89436], [-78.82061, 35.89406], [-78.82101, 35.89376], [-78.82143, 35.89348], [-78.82199, 35.89312], [-78.82286, 35.89259], [-78.82296, 35.89255], [-78.8232, 35.89274], [-78.82329, 35.89279], [-78.82342, 35.89284], [-78.82348, 35.89286], [-78.82358, 35.89288], [-78.8237, 35.8929], [-78.8243, 35.89299], [-78.82449, 35.89302], [-78.82452, 35.89302], [-78.8247, 35.89306], [-78.82489, 35.89311], [-78.82506, 35.89316], [-78.82557, 35.89332], [-78.82561, 35.89333], [-78.82568, 35.89336], [-78.82617, 35.89353], [-78.82622, 35.89355], [-78.82623, 35.89355], [-78.82686, 35.89379], [-78.8274, 35.894], [-78.82901, 35.8946], [-78.82961, 35.89483], [-78.82979, 35.89489], [-78.83014, 35.89499], [-78.83034, 35.89504], [-78.83053, 35.89509], [-78.83067, 35.89512], [-78.83105, 35.89519], [-78.83119, 35.89522], [-78.83158, 35.89526], [-78.83236, 35.89535], [-78.83374, 35.8955], [-78.8345, 35.89558], [-78.83466, 35.89559], [-78.83489, 35.89562], [-78.83516, 35.89566], [-78.83539, 35.89571], [-78.83553, 35.89574], [-78.83564, 35.89577], [-78.8359, 35.89584], [-78.83596, 35.89586], [-78.83628, 35.89598], [-78.83647, 35.89604], [-78.8367, 35.89612], [-78.83684, 35.89617], [-78.83713, 35.89626], [-78.83745, 35.89632], [-78.83796, 35.89639], [-78.83845, 35.89645], [-78.83857, 35.89647], [-78.83915, 35.89655], [-78.83936, 35.89659], [-78.83966, 35.89668], [-78.83994, 35.89678], [-78.84029, 35.89699], [-78.84062, 35.89723], [-78.84115, 35.89764], [-78.84136, 35.89779], [-78.84156, 35.8979], [-78.84169, 35.89795], [-78.84175, 35.89798], [-78.84196, 35.89805], [-78.84206, 35.89807], [-78.84218, 35.89811], [-78.8424, 35.89815], [-78.84255, 35.89816], [-78.84276, 35.89817], [-78.8431, 35.89816], [-78.84349, 35.89812], [-78.84403, 35.89804], [-78.84436, 35.89798], [-78.84485, 35.89784], [-78.84522, 35.89773], [-78.84551, 35.89765], [-78.84586, 35.89758], [-78.84597, 35.89758], [-78.84627, 35.89755], [-78.84806, 35.8976], [-78.84836, 35.89761], [-78.84857, 35.89762], [-78.84936, 35.89763], [-78.85028, 35.89975], [-78.85087, 35.90101], [-78.85113, 35.90153], [-78.8512, 35.90152], [-78.85132, 35.90151], [-78.85167, 35.90157], [-78.85182, 35.90159], [-78.85208, 35.90162], [-78.85256, 35.90171], [-78.85254, 35.90162], [-78.85239, 35.90117], [-78.85226, 35.90084], [-78.85097, 35.8979], [-78.85087, 35.89767], [-78.85069, 35.89725], [-78.85059, 35.89701], [-78.85058, 35.89699], [-78.85051, 35.89684], [-78.85038, 35.89657], [-78.85037, 35.89654], [-78.84996, 35.89555], [-78.84987, 35.89531], [-78.84977, 35.89496], [-78.84976, 35.8949], [-78.84963, 35.89434], [-78.84959, 35.89405], [-78.84957, 35.8938], [-78.84956, 35.89362], [-78.84956, 35.89344], [-78.84956, 35.89337], [-78.84956, 35.89328], [-78.84957, 35.893], [-78.84963, 35.89247], [-78.84965, 35.89229], [-78.84972, 35.89189], [-78.84977, 35.89165], [-78.8498, 35.89155], [-78.84985, 35.89133], [-78.85001, 35.89081], [-78.85005, 35.89064], [-78.85025, 35.88986], [-78.85038, 35.88931], [-78.8504, 35.88911], [-78.85044, 35.88886], [-78.85046, 35.8886], [-78.85047, 35.88836], [-78.85047, 35.88794], [-78.85045, 35.88769], [-78.85045, 35.88768], [-78.85045, 35.88761], [-78.85044, 35.88748], [-78.85042, 35.88721], [-78.8504, 35.88703], [-78.85039, 35.88685], [-78.85038, 35.88671], [-78.85039, 35.88626], [-78.85043, 35.88574], [-78.85047, 35.8855], [-78.85054, 35.88518], [-78.8506, 35.88489], [-78.85066, 35.88471], [-78.85082, 35.88422], [-78.8509, 35.88405], [-78.85104, 35.88372], [-78.85126, 35.88328], [-78.85133, 35.88316], [-78.8514, 35.88304], [-78.8517, 35.88247], [-78.85223, 35.88149], [-78.85249, 35.88144], [-78.85261, 35.88147], [-78.85298, 35.88151], [-78.85398, 35.88163], [-78.85425, 35.88166], [-78.85432, 35.88166], [-78.85447, 35.88168], [-78.85455, 35.88169], [-78.85462, 35.8817], [-78.85498, 35.88178], [-78.85518, 35.88182], [-78.85559, 35.882], [-78.85605, 35.88225], [-78.85646, 35.88228], [-78.8565, 35.8823], [-78.85655, 35.88233], [-78.85674, 35.88243], [-78.85679, 35.88245], [-78.85749, 35.88255], [-78.8593, 35.88286], [-78.85982, 35.88295], [-78.86166, 35.88328], [-78.86243, 35.88342], [-78.86246, 35.88343], [-78.86246, 35.88341], [-78.86273, 35.88346], [-78.86294, 35.8835], [-78.86324, 35.88356], [-78.86326, 35.88357], [-78.86343, 35.8836], [-78.86368, 35.88365], [-78.86376, 35.88366], [-78.864, 35.88366], [-78.86406, 35.88367], [-78.86456, 35.88367], [-78.86469, 35.88368], [-78.86498, 35.88368], [-78.86544, 35.88369], [-78.86558, 35.8837], [-78.86597, 35.8837], [-78.86609, 35.88363], [-78.86643, 35.88336], [-78.86651, 35.88331], [-78.86652, 35.8833], [-78.86685, 35.88306], [-78.86712, 35.88286], [-78.86798, 35.88224]]]}}, {"type": "Feature", "properties": {"tract_id": "37063002038", "name": "Census Tract 20.38", "pct_white_2020": 44.4, "pct_black_2020": 39.3, "pct_hispanic_2020": 3.5, "pct_asian_2020": 6.1, "population_2020": 6399}, "geometry": {"type": "Polygon", "coordinates": [[[-78.85279, 35.90356], [-78.85279, 35.90321], [-78.85277, 35.9029], [-78.85273, 35.90248], [-78.85269, 35.90226], [-78.85265, 35.90204], [-78.85263, 35.90198], [-78.8526, 35.90182], [-78.85256, 35.90171], [-78.85208, 35.90162], [-78.85182, 35.90159], [-78.85167, 35.90157], [-78.85132, 35.90151], [-78.8512, 35.90152], [-78.85113, 35.90153], [-78.85087, 35.90101], [-78.85028, 35.89975], [-78.84936, 35.89763], [-78.84857, 35.89762], [-78.84836, 35.89761], [-78.84806, 35.8976], [-78.84627, 35.89755], [-78.84597, 35.89758], [-78.84586, 35.89758], [-78.84551, 35.89765], [-78.84522, 35.89773], [-78.84485, 35.89784], [-78.84436, 35.89798], [-78.84403, 35.89804], [-78.84349, 35.89812], [-78.8431, 35.89816], [-78.84276, 35.89817], [-78.84255, 35.89816], [-78.8424, 35.89815], [-78.84218, 35.89811], [-78.84206, 35.89807], [-78.84196, 35.89805], [-78.84175, 35.89798], [-78.84169, 35.89795], [-78.84156, 35.8979], [-78.84136, 35.89779], [-78.84115, 35.89764], [-78.84062, 35.89723], [-78.84029, 35.89699], [-78.83994, 35.89678], [-78.83966, 35.89668], [-78.83936, 35.89659], [-78.83915, 35.89655], [-78.83857, 35.89647], [-78.83845, 35.89645], [-78.83796, 35.89639], [-78.83745, 35.89632], [-78.83713, 35.89626], [-78.83684, 35.89617], [-78.8367, 35.89612], [-78.83647, 35.89604], [-78.83628, 35.89598], [-78.83596, 35.89586], [-78.8359, 35.89584], [-78.83564, 35.89577], [-78.83553, 35.89574], [-78.83539, 35.89571], [-78.83516, 35.89566], [-78.83489, 35.89562], [-78.83466, 35.89559], [-78.8345, 35.89558], [-78.83374, 35.8955], [-78.83236, 35.89535], [-78.83158, 35.89526], [-78.83119, 35.89522], [-78.83105, 35.89519], [-78.83067, 35.89512], [-78.83053, 35.89509], [-78.83034, 35.89504], [-78.83014, 35.89499], [-78.82979, 35.89489], [-78.82961, 35.89483], [-78.82901, 35.8946], [-78.8274, 35.894], [-78.82686, 35.89379], [-78.82623, 35.89355], [-78.82622, 35.89355], [-78.82617, 35.89353], [-78.82568, 35.89336], [-78.82561, 35.89333], [-78.82557, 35.89332], [-78.82506, 35.89316], [-78.82489, 35.89311], [-78.8247, 35.89306], [-78.82452, 35.89302], [-78.82449, 35.89302], [-78.8243, 35.89299], [-78.8237, 35.8929], [-78.82358, 35.89288], [-78.82348, 35.89286], [-78.82342, 35.89284], [-78.82329, 35.89279], [-78.8232, 35.89274], [-78.82296, 35.89255], [-78.82286, 35.89259], [-78.82199, 35.89312], [-78.82143, 35.89348], [-78.82101, 35.89376], [-78.82061, 35.89406], [-78.82025, 35.89436], [-78.81999, 35.8946], [-78.81986, 35.89471], [-78.81981, 35.89475], [-78.81949, 35.89503], [-78.81926, 35.89522], [-78.81919, 35.89528], [-78.81915, 35.89533], [-78.81905, 35.89539], [-78.81921, 35.89479], [-78.81926, 35.89457], [-78.81927, 35.89453], [-78.81933, 35.89428], [-78.81937, 35.89406], [-78.8194, 35.89389], [-78.81942, 35.89378], [-78.81943, 35.89369], [-78.81944, 35.89362], [-78.81943, 35.89326], [-78.81939, 35.89257], [-78.81916, 35.89301], [-78.81915, 35.89304], [-78.81875, 35.89404], [-78.81869, 35.89419], [-78.81866, 35.89424], [-78.81759, 35.89684], [-78.81755, 35.89691], [-78.81717, 35.89783], [-78.81703, 35.89816], [-78.81693, 35.89842], [-78.81682, 35.89869], [-78.81649, 35.89947], [-78.81642, 35.89963], [-78.81632, 35.8999], [-78.81617, 35.90025], [-78.81595, 35.90078], [-78.81587, 35.90097], [-78.81544, 35.90201], [-78.81541, 35.90208], [-78.8153, 35.90235], [-78.81497, 35.90313], [-78.81482, 35.90349], [-78.81454, 35.90418], [-78.81441, 35.90447], [-78.81439, 35.90454], [-78.81438, 35.90456], [-78.81432, 35.9047], [-78.81421, 35.90496], [-78.81417, 35.90506], [-78.81417, 35.90508], [-78.81391, 35.9057], [-78.81385, 35.90583], [-78.81378, 35.90601], [-78.81358, 35.90649], [-78.81318, 35.90745], [-78.81317, 35.90747], [-78.81302, 35.90784], [-78.81287, 35.90819], [-78.81285, 35.90825], [-78.81062, 35.91362], [-78.81056, 35.91376], [-78.80945, 35.91644], [-78.80935, 35.91668], [-78.80932, 35.91676], [-78.8091, 35.91729], [-78.80844, 35.91886], [-78.80836, 35.91906], [-78.8083, 35.9192], [-78.8073, 35.92162], [-78.80697, 35.92241], [-78.80676, 35.92293], [-78.80716, 35.92327], [-78.80719, 35.92329], [-78.80761, 35.92364], [-78.80764, 35.92367], [-78.80765, 35.92368], [-78.80781, 35.92384], [-78.80854, 35.92459], [-78.80877, 35.92481], [-78.80906, 35.92509], [-78.80919, 35.92521], [-78.80925, 35.92526], [-78.80941, 35.92538], [-78.80957, 35.92549], [-78.80969, 35.92557], [-78.80979, 35.92562], [-78.80983, 35.92565], [-78.80991, 35.92569], [-78.80995, 35.92571], [-78.81006, 35.92576], [-78.81016, 35.92579], [-78.81047, 35.9259], [-78.8106, 35.92593], [-78.81071, 35.92595], [-78.81096, 35.92599], [-78.81109, 35.926], [-78.8113, 35.92602], [-78.81224, 35.92601], [-78.81286, 35.92601], [-78.81446, 35.92601], [-78.81493, 35.92601], [-78.81583, 35.926], [-78.8162, 35.92599], [-78.81664, 35.92598], [-78.81744, 35.92596], [-78.81758, 35.92596], [-78.81803, 35.92595], [-78.8195, 35.9259], [-78.8199, 35.92589], [-78.82012, 35.92589], [-78.82032, 35.92588], [-78.82147, 35.92583], [-78.82162, 35.92583], [-78.82183, 35.92582], [-78.82206, 35.92583], [-78.82225, 35.92585], [-78.82243, 35.92588], [-78.82285, 35.92596], [-78.82305, 35.926], [-78.82335, 35.92607], [-78.82404, 35.92627], [-78.82483, 35.92649], [-78.82506, 35.92656], [-78.82601, 35.92682], [-78.82645, 35.92695], [-78.82711, 35.92713], [-78.82724, 35.92716], [-78.82734, 35.92719], [-78.82756, 35.92723], [-78.82877, 35.92743], [-78.82879, 35.92743], [-78.83036, 35.92771], [-78.8319, 35.92798], [-78.83262, 35.92811], [-78.83291, 35.92819], [-78.83349, 35.92839], [-78.83425, 35.92876], [-78.83497, 35.9291], [-78.83547, 35.92931], [-78.83608, 35.92952], [-78.83644, 35.92961], [-78.83731, 35.92985], [-78.838, 35.93002], [-78.83959, 35.93042], [-78.84047, 35.93055], [-78.84126, 35.93057], [-78.84245, 35.9306], [-78.84361, 35.93065], [-78.84363, 35.9306], [-78.84422, 35.92933], [-78.84445, 35.92883], [-78.8453, 35.927], [-78.84577, 35.92598], [-78.84646, 35.92459], [-78.84671, 35.9241], [-78.84752, 35.92427], [-78.84801, 35.92436], [-78.85012, 35.92469], [-78.85031, 35.92472], [-78.85048, 35.92473], [-78.85072, 35.92474], [-78.85108, 35.92475], [-78.85117, 35.92476], [-78.8514, 35.92475], [-78.85161, 35.92474], [-78.8521, 35.9247], [-78.85241, 35.92467], [-78.85249, 35.92052], [-78.8525, 35.91992], [-78.8525, 35.91924], [-78.8525, 35.91917], [-78.85251, 35.91877], [-78.85251, 35.91864], [-78.85257, 35.91569], [-78.85257, 35.91559], [-78.8526, 35.91407], [-78.85264, 35.91204], [-78.85265, 35.91144], [-78.85267, 35.91054], [-78.8527, 35.90897], [-78.85274, 35.90663], [-78.85274, 35.90642], [-78.85277, 35.90471], [-78.85278, 35.90443], [-78.85279, 35.90356]]]}}, {"type": "Feature", "properties": {"tract_id": "37063001811", "name": "Census Tract 18.11", "pct_white_2020": 27.8, "pct_black_2020": 58.2, "pct_hispanic_2020": 12.7, "pct_asian_2020": 0.0, "population_2020": 6329}, "geometry": {"type": "Polygon", "coordinates": [[[-78.83981, 35.98682], [-78.84001, 35.9859], [-78.83949, 35.98578], [-78.83798, 35.98542], [-78.83749, 35.9853], [-78.83669, 35.98511], [-78.83655, 35.98508], [-78.8365, 35.98507], [-78.83609, 35.98497], [-78.83572, 35.98488], [-78.83561, 35.98486], [-78.83491, 35.9847], [-78.83477, 35.98466], [-78.83379, 35.98443], [-78.83347, 35.98436], [-78.83332, 35.98432], [-78.83107, 35.98379], [-78.83014, 35.98357], [-78.82613, 35.98263], [-78.82607, 35.98262], [-78.82572, 35.98253], [-78.82453, 35.98225], [-78.82444, 35.98223], [-78.82418, 35.98217], [-78.8227, 35.98183], [-78.821, 35.98142], [-78.81826, 35.98076], [-78.81647, 35.98034], [-78.81538, 35.98008], [-78.81407, 35.97978], [-78.81373, 35.97969], [-78.81362, 35.97967], [-78.81326, 35.9796], [-78.81314, 35.97958], [-78.81305, 35.97957], [-78.81207, 35.97944], [-78.81132, 35.97933], [-78.80858, 35.97898], [-78.80792, 35.97889], [-78.80791, 35.97889], [-78.80668, 35.97873], [-78.80558, 35.97858], [-78.80411, 35.97837], [-78.80374, 35.97832], [-78.80265, 35.97815], [-78.80245, 35.97812], [-78.80046, 35.97781], [-78.79882, 35.97755], [-78.7988, 35.97754], [-78.79827, 35.97746], [-78.79824, 35.97746], [-78.79661, 35.9772], [-78.79623, 35.97714], [-78.79503, 35.97693], [-78.79491, 35.97691], [-78.79464, 35.97687], [-78.794, 35.97676], [-78.79364, 35.9767], [-78.79314, 35.97663], [-78.79271, 35.97708], [-78.79324, 35.97746], [-78.79339, 35.97757], [-78.79364, 35.97781], [-78.79374, 35.97793], [-78.79384, 35.97805], [-78.79389, 35.97813], [-78.7939, 35.97814], [-78.79439, 35.97893], [-78.79464, 35.97931], [-78.79473, 35.97945], [-78.79492, 35.97977], [-78.79507, 35.98003], [-78.79525, 35.98035], [-78.79535, 35.98055], [-78.7954, 35.98067], [-78.79548, 35.98086], [-78.79552, 35.98096], [-78.79564, 35.98125], [-78.79581, 35.98169], [-78.79621, 35.98277], [-78.79646, 35.98339], [-78.7965, 35.98346], [-78.79655, 35.98354], [-78.79664, 35.98369], [-78.79666, 35.98371], [-78.79675, 35.98382], [-78.79683, 35.9839], [-78.79733, 35.98436], [-78.79794, 35.98492], [-78.79815, 35.98511], [-78.79828, 35.98524], [-78.79839, 35.98536], [-78.79846, 35.98545], [-78.79849, 35.98549], [-78.79856, 35.98561], [-78.79862, 35.98571], [-78.79867, 35.98578], [-78.79875, 35.98594], [-78.79888, 35.9862], [-78.7991, 35.98668], [-78.79912, 35.98671], [-78.7996, 35.98776], [-78.79972, 35.98799], [-78.79986, 35.98823], [-78.80001, 35.98846], [-78.80012, 35.98861], [-78.80021, 35.98874], [-78.80024, 35.98878], [-78.80033, 35.9889], [-78.8009, 35.98963], [-78.80104, 35.98984], [-78.80109, 35.98992], [-78.80116, 35.99009], [-78.80125, 35.9903], [-78.80129, 35.99043], [-78.80134, 35.99062], [-78.80137, 35.99074], [-78.8014, 35.99095], [-78.80159, 35.99249], [-78.80166, 35.99298], [-78.80168, 35.9932], [-78.80179, 35.99407], [-78.80184, 35.99441], [-78.80192, 35.99504], [-78.80197, 35.99548], [-78.802, 35.99585], [-78.802, 35.99612], [-78.80199, 35.99638], [-78.80193, 35.99677], [-78.80186, 35.99707], [-78.80174, 35.99746], [-78.80076, 36.00076], [-78.8005, 36.00166], [-78.80042, 36.00189], [-78.80039, 36.00197], [-78.80433, 36.00036], [-78.80484, 36.00016], [-78.80504, 36.00006], [-78.80517, 35.99999], [-78.8053, 35.9999], [-78.80549, 35.99973], [-78.80622, 35.999], [-78.80642, 35.99882], [-78.80659, 35.9987], [-78.80733, 35.9982], [-78.80739, 35.99816], [-78.80747, 35.99811], [-78.8079, 35.99782], [-78.8081, 35.99768], [-78.80826, 35.99758], [-78.80832, 35.99753], [-78.80841, 35.99747], [-78.8086, 35.99735], [-78.80889, 35.99715], [-78.80908, 35.99702], [-78.80918, 35.99695], [-78.80931, 35.99686], [-78.80943, 35.99678], [-78.80968, 35.99663], [-78.80972, 35.99661], [-78.81003, 35.99643], [-78.81016, 35.99637], [-78.81018, 35.99636], [-78.8102, 35.99635], [-78.81036, 35.99629], [-78.81044, 35.99627], [-78.81063, 35.9962], [-78.8108, 35.99614], [-78.81091, 35.99611], [-78.81116, 35.99603], [-78.81154, 35.99591], [-78.8118, 35.99583], [-78.81207, 35.99572], [-78.81239, 35.99557], [-78.81255, 35.99549], [-78.81323, 35.99518], [-78.81354, 35.99506], [-78.81377, 35.99497], [-78.81391, 35.99493], [-78.81438, 35.99479], [-78.81479, 35.99465], [-78.81501, 35.99456], [-78.81538, 35.99488], [-78.81553, 35.995], [-78.81567, 35.99511], [-78.81576, 35.99515], [-78.81578, 35.99517], [-78.81579, 35.99517], [-78.81582, 35.99519], [-78.81597, 35.99525], [-78.81611, 35.99531], [-78.81636, 35.9954], [-78.81666, 35.9955], [-78.81685, 35.99555], [-78.81702, 35.99558], [-78.81718, 35.9956], [-78.81741, 35.99564], [-78.81761, 35.99568], [-78.81786, 35.99573], [-78.81812, 35.99578], [-78.81839, 35.99583], [-78.81848, 35.99585], [-78.81858, 35.99587], [-78.81923, 35.996], [-78.81926, 35.996], [-78.8194, 35.99603], [-78.81971, 35.99608], [-78.82, 35.9961], [-78.82013, 35.99611], [-78.8207, 35.99614], [-78.82114, 35.99615], [-78.82157, 35.99616], [-78.82184, 35.99617], [-78.82221, 35.99619], [-78.82293, 35.99622], [-78.82341, 35.99625], [-78.82357, 35.99627], [-78.82369, 35.99628], [-78.82381, 35.99631], [-78.82406, 35.99638], [-78.82417, 35.99642], [-78.82432, 35.99648], [-78.82446, 35.99655], [-78.82457, 35.99661], [-78.82486, 35.99676], [-78.82503, 35.99686], [-78.82505, 35.99687], [-78.82521, 35.99695], [-78.82542, 35.99705], [-78.82546, 35.99707], [-78.82571, 35.99717], [-78.8258, 35.9972], [-78.82594, 35.99724], [-78.82609, 35.99727], [-78.82621, 35.99727], [-78.82633, 35.99727], [-78.82666, 35.9973], [-78.82703, 35.99734], [-78.82709, 35.99735], [-78.82731, 35.99738], [-78.82751, 35.9974], [-78.82774, 35.99741], [-78.8283, 35.99746], [-78.82862, 35.99751], [-78.82884, 35.99754], [-78.82904, 35.99758], [-78.82928, 35.99764], [-78.83018, 35.99785], [-78.8305, 35.99793], [-78.83049, 35.99785], [-78.83049, 35.99777], [-78.8305, 35.99769], [-78.83052, 35.99757], [-78.83059, 35.99727], [-78.83062, 35.99714], [-78.83065, 35.99706], [-78.83088, 35.99633], [-78.83096, 35.99598], [-78.83234, 35.99542], [-78.83324, 35.99506], [-78.83376, 35.99485], [-78.83431, 35.99462], [-78.83468, 35.99447], [-78.83484, 35.99442], [-78.83501, 35.99437], [-78.83527, 35.99431], [-78.83536, 35.99429], [-78.83556, 35.99427], [-78.83574, 35.99426], [-78.83594, 35.99425], [-78.83616, 35.99423], [-78.83642, 35.99422], [-78.83647, 35.99421], [-78.83652, 35.99419], [-78.8366, 35.99416], [-78.83671, 35.99413], [-78.83678, 35.99409], [-78.83684, 35.99405], [-78.83689, 35.99401], [-78.83704, 35.99386], [-78.83728, 35.9936], [-78.83752, 35.99331], [-78.8379, 35.99284], [-78.83798, 35.99275], [-78.83806, 35.99262], [-78.83809, 35.99255], [-78.83813, 35.99245], [-78.83815, 35.99237], [-78.83826, 35.9919], [-78.83833, 35.99145], [-78.83843, 35.99092], [-78.83853, 35.99047], [-78.83855, 35.99041], [-78.8386, 35.9902], [-78.83864, 35.99008], [-78.83874, 35.98989], [-78.83893, 35.98946], [-78.8391, 35.98903], [-78.83926, 35.98857], [-78.83936, 35.98837], [-78.83938, 35.98833], [-78.83946, 35.98815], [-78.83955, 35.98793], [-78.83961, 35.98772], [-78.8397, 35.98737], [-78.83975, 35.98715], [-78.83981, 35.98682]]]}}, {"type": "Feature", "properties": {"tract_id": "37063001504", "name": "Census Tract 15.04", "pct_white_2020": 23.2, "pct_black_2020": 25.8, "pct_hispanic_2020": 19.4, "pct_asian_2020": 24.2, "population_2020": 2332}, "geometry": {"type": "Polygon", "coordinates": [[[-78.95838, 36.00137], [-78.95838, 36.00132], [-78.95837, 36.00123], [-78.95834, 36.00042], [-78.95831, 35.99871], [-78.95813, 35.99867], [-78.95757, 35.99856], [-78.95506, 35.99804], [-78.95442, 35.9979], [-78.95414, 35.99783], [-78.95396, 35.9978], [-78.95332, 35.99767], [-78.95315, 35.99813], [-78.95288, 35.99884], [-78.95277, 35.9991], [-78.95252, 35.99967], [-78.95239, 36.0], [-78.95231, 36.00021], [-78.95217, 36.00064], [-78.95206, 36.00102], [-78.95202, 36.00115], [-78.95199, 36.0013], [-78.95185, 36.00189], [-78.95184, 36.00193], [-78.95165, 36.00267], [-78.95162, 36.00278], [-78.95157, 36.00287], [-78.9515, 36.00299], [-78.95141, 36.00312], [-78.95125, 36.00332], [-78.95114, 36.00345], [-78.95099, 36.00359], [-78.9509, 36.00365], [-78.95077, 36.00374], [-78.95046, 36.00392], [-78.95032, 36.00401], [-78.94982, 36.00436], [-78.94947, 36.00461], [-78.94913, 36.00485], [-78.94893, 36.00503], [-78.94782, 36.00608], [-78.94696, 36.00687], [-78.94671, 36.0071], [-78.94625, 36.00751], [-78.94672, 36.00783], [-78.94758, 36.00843], [-78.948, 36.00872], [-78.94811, 36.00881], [-78.94818, 36.00888], [-78.94835, 36.00907], [-78.94839, 36.00914], [-78.94845, 36.00925], [-78.9485, 36.00936], [-78.94854, 36.00948], [-78.94856, 36.00954], [-78.94858, 36.00958], [-78.94858, 36.00963], [-78.94858, 36.00975], [-78.94857, 36.01035], [-78.94857, 36.01099], [-78.94855, 36.01109], [-78.94854, 36.01118], [-78.94851, 36.01132], [-78.94843, 36.01152], [-78.94827, 36.01185], [-78.94825, 36.01191], [-78.94822, 36.01204], [-78.9482, 36.01217], [-78.9482, 36.01228], [-78.94819, 36.01245], [-78.94818, 36.01309], [-78.94818, 36.01325], [-78.94818, 36.01366], [-78.94817, 36.01374], [-78.94814, 36.01388], [-78.9481, 36.01405], [-78.94807, 36.01412], [-78.94804, 36.01416], [-78.94803, 36.01418], [-78.94789, 36.01438], [-78.94785, 36.01442], [-78.94768, 36.01459], [-78.94726, 36.01494], [-78.94707, 36.01511], [-78.94659, 36.0155], [-78.94632, 36.01575], [-78.94617, 36.01588], [-78.94604, 36.01599], [-78.94594, 36.01611], [-78.94585, 36.01616], [-78.94579, 36.01623], [-78.94576, 36.01627], [-78.94572, 36.01632], [-78.94569, 36.01638], [-78.94561, 36.01656], [-78.94557, 36.01669], [-78.94556, 36.01676], [-78.94555, 36.01693], [-78.94555, 36.01714], [-78.94555, 36.01738], [-78.94586, 36.01744], [-78.94612, 36.0175], [-78.9472, 36.0177], [-78.94766, 36.01779], [-78.94833, 36.01792], [-78.94872, 36.01801], [-78.94928, 36.01817], [-78.94945, 36.01823], [-78.94975, 36.01835], [-78.94993, 36.0184], [-78.95009, 36.0185], [-78.95012, 36.0184], [-78.95039, 36.01784], [-78.95049, 36.01764], [-78.95084, 36.01706], [-78.95099, 36.01684], [-78.95102, 36.0168], [-78.95114, 36.01664], [-78.95117, 36.01659], [-78.95128, 36.01643], [-78.95152, 36.0161], [-78.95217, 36.01537], [-78.95273, 36.01478], [-78.9533, 36.01416], [-78.95369, 36.01374], [-78.9544, 36.01298], [-78.95481, 36.01252], [-78.95524, 36.01196], [-78.95531, 36.01188], [-78.95534, 36.01183], [-78.95557, 36.01152], [-78.95565, 36.0114], [-78.95572, 36.01128], [-78.95592, 36.01087], [-78.95604, 36.01064], [-78.95619, 36.0102], [-78.95633, 36.00975], [-78.95649, 36.00929], [-78.95655, 36.00916], [-78.9566, 36.00905], [-78.95679, 36.00844], [-78.95705, 36.00771], [-78.95733, 36.0069], [-78.95756, 36.00615], [-78.95776, 36.00559], [-78.95785, 36.00531], [-78.95795, 36.00496], [-78.95808, 36.00454], [-78.95812, 36.00439], [-78.95825, 36.00378], [-78.95832, 36.00335], [-78.95834, 36.00311], [-78.95837, 36.00254], [-78.95838, 36.00182], [-78.95838, 36.00137]]]}}, {"type": "Feature", "properties": {"tract_id": "37063000102", "name": "Census Tract 1.02", "pct_white_2020": 36.3, "pct_black_2020": 29.3, "pct_hispanic_2020": 24.0, "pct_asian_2020": 2.1, "population_2020": 3710}, "geometry": {"type": "Polygon", "coordinates": [[[-78.91655, 36.02532], [-78.9166, 36.02527], [-78.91468, 36.02387], [-78.91463, 36.02384], [-78.9135, 36.02312], [-78.9115, 36.02239], [-78.91118, 36.02234], [-78.91056, 36.02215], [-78.91033, 36.0221], [-78.91018, 36.02205], [-78.91001, 36.02201], [-78.90615, 36.02103], [-78.90571, 36.02093], [-78.90527, 36.02081], [-78.90411, 36.02049], [-78.90348, 36.02027], [-78.9025, 36.01994], [-78.90134, 36.01942], [-78.90109, 36.0193], [-78.90058, 36.01902], [-78.9002, 36.01881], [-78.89932, 36.01833], [-78.89837, 36.01794], [-78.89809, 36.01783], [-78.8975, 36.01758], [-78.89708, 36.0174], [-78.89606, 36.01699], [-78.8951, 36.0166], [-78.89441, 36.01632], [-78.89372, 36.01604], [-78.89137, 36.01509], [-78.891, 36.01496], [-78.89078, 36.0149], [-78.89047, 36.0148], [-78.89042, 36.01502], [-78.89039, 36.01516], [-78.89032, 36.01545], [-78.89025, 36.01574], [-78.89021, 36.01588], [-78.8901, 36.01631], [-78.89031, 36.01632], [-78.89124, 36.01635], [-78.89191, 36.01636], [-78.89232, 36.01636], [-78.89229, 36.01747], [-78.89228, 36.01809], [-78.89225, 36.01856], [-78.89268, 36.01857], [-78.89263, 36.01975], [-78.89258, 36.02164], [-78.89256, 36.02215], [-78.89254, 36.02264], [-78.89253, 36.02319], [-78.89251, 36.02351], [-78.89255, 36.02387], [-78.89273, 36.02475], [-78.89281, 36.02512], [-78.89282, 36.02523], [-78.8929, 36.02647], [-78.89298, 36.02759], [-78.893, 36.02789], [-78.89302, 36.02814], [-78.89311, 36.02856], [-78.89318, 36.02893], [-78.89461, 36.02873], [-78.89466, 36.02898], [-78.89481, 36.02953], [-78.89489, 36.02991], [-78.89343, 36.03011], [-78.89358, 36.03086], [-78.89366, 36.03121], [-78.89364, 36.03128], [-78.89283, 36.0314], [-78.89223, 36.03148], [-78.89143, 36.03159], [-78.89078, 36.03169], [-78.89103, 36.03285], [-78.89114, 36.03336], [-78.89126, 36.03374], [-78.89131, 36.03383], [-78.89146, 36.03407], [-78.89154, 36.03417], [-78.89168, 36.03434], [-78.89175, 36.03442], [-78.89186, 36.03453], [-78.89195, 36.03462], [-78.89208, 36.03471], [-78.89232, 36.03489], [-78.89339, 36.03562], [-78.89357, 36.03573], [-78.89379, 36.03585], [-78.89407, 36.03598], [-78.89437, 36.03611], [-78.89542, 36.03652], [-78.89576, 36.03666], [-78.89604, 36.03679], [-78.8961, 36.03682], [-78.89629, 36.03694], [-78.89674, 36.03724], [-78.89766, 36.03786], [-78.89784, 36.03799], [-78.89787, 36.03802], [-78.8981, 36.0382], [-78.89832, 36.03839], [-78.89853, 36.03863], [-78.89866, 36.03878], [-78.89878, 36.03893], [-78.89894, 36.03918], [-78.89905, 36.03938], [-78.89941, 36.04012], [-78.90003, 36.04138], [-78.90074, 36.04282], [-78.90078, 36.04289], [-78.90136, 36.04289], [-78.9023, 36.04289], [-78.90337, 36.04291], [-78.90395, 36.04291], [-78.90435, 36.04291], [-78.90586, 36.04292], [-78.90731, 36.04293], [-78.90873, 36.04294], [-78.90874, 36.04172], [-78.90874, 36.04156], [-78.90873, 36.04141], [-78.9087, 36.04116], [-78.90864, 36.04086], [-78.90862, 36.04076], [-78.90853, 36.04051], [-78.90844, 36.04021], [-78.9084, 36.04003], [-78.90827, 36.03918], [-78.90823, 36.03888], [-78.90823, 36.03885], [-78.9082, 36.03849], [-78.90821, 36.03813], [-78.90822, 36.03798], [-78.90825, 36.0378], [-78.90829, 36.03767], [-78.90837, 36.03744], [-78.90849, 36.03718], [-78.90852, 36.03711], [-78.909, 36.03629], [-78.90927, 36.03585], [-78.9095, 36.03544], [-78.90982, 36.0349], [-78.91006, 36.03449], [-78.91031, 36.03405], [-78.91048, 36.03376], [-78.91055, 36.03364], [-78.91063, 36.03347], [-78.91071, 36.03326], [-78.91074, 36.03317], [-78.91076, 36.03312], [-78.91081, 36.03292], [-78.91082, 36.03285], [-78.91085, 36.03273], [-78.91089, 36.0324], [-78.91091, 36.03216], [-78.91094, 36.03166], [-78.91095, 36.03144], [-78.91098, 36.03097], [-78.911, 36.03089], [-78.91103, 36.03077], [-78.9111, 36.03059], [-78.91113, 36.03052], [-78.91118, 36.03045], [-78.91129, 36.03028], [-78.91135, 36.03021], [-78.91251, 36.02904], [-78.91292, 36.02862], [-78.91374, 36.0278], [-78.91412, 36.02742], [-78.91425, 36.02729], [-78.91536, 36.02635], [-78.91609, 36.02573], [-78.91635, 36.0255], [-78.91655, 36.02532]]]}}, {"type": "Feature", "properties": {"tract_id": "37063002034", "name": "Census Tract 20.34", "pct_white_2020": 46.5, "pct_black_2020": 29.5, "pct_hispanic_2020": 16.5, "pct_asian_2020": 5.8, "population_2020": 6112}, "geometry": {"type": "Polygon", "coordinates": [[[-78.99882, 35.95093], [-78.99866, 35.95077], [-78.9984, 35.9505], [-78.99801, 35.95008], [-78.99747, 35.94948], [-78.99668, 35.94857], [-78.99643, 35.94825], [-78.99612, 35.94785], [-78.99552, 35.94703], [-78.99528, 35.9467], [-78.99502, 35.94632], [-78.99465, 35.94575], [-78.9942, 35.94503], [-78.99411, 35.94488], [-78.99392, 35.94455], [-78.99368, 35.94412], [-78.99324, 35.94331], [-78.99306, 35.94296], [-78.99287, 35.94256], [-78.99263, 35.94204], [-78.99136, 35.93902], [-78.99081, 35.93775], [-78.99029, 35.9365], [-78.98904, 35.93355], [-78.98892, 35.93331], [-78.98852, 35.93236], [-78.98742, 35.92973], [-78.98737, 35.92959], [-78.98702, 35.92863], [-78.98659, 35.92742], [-78.98619, 35.92567], [-78.98618, 35.9256], [-78.98576, 35.92311], [-78.98547, 35.92128], [-78.98536, 35.92061], [-78.98529, 35.92019], [-78.98512, 35.91937], [-78.98487, 35.91846], [-78.9846, 35.91772], [-78.98439, 35.91723], [-78.9843, 35.91701], [-78.98397, 35.9163], [-78.98369, 35.91579], [-78.98358, 35.9156], [-78.98318, 35.91495], [-78.98217, 35.91351], [-78.98208, 35.91339], [-78.98204, 35.91334], [-78.98199, 35.91328], [-78.98184, 35.91337], [-78.98066, 35.91403], [-78.98046, 35.91415], [-78.98023, 35.91428], [-78.98004, 35.91437], [-78.97977, 35.91448], [-78.97924, 35.91464], [-78.97918, 35.91466], [-78.97905, 35.9147], [-78.97735, 35.9151], [-78.97693, 35.91521], [-78.97374, 35.91597], [-78.97345, 35.91605], [-78.97263, 35.91624], [-78.97148, 35.91652], [-78.9705, 35.91676], [-78.97044, 35.91677], [-78.97041, 35.91678], [-78.96682, 35.91764], [-78.96629, 35.91777], [-78.96593, 35.91787], [-78.96562, 35.91794], [-78.96547, 35.91797], [-78.96512, 35.91806], [-78.96482, 35.91813], [-78.9643, 35.91826], [-78.96389, 35.91834], [-78.96353, 35.91842], [-78.96345, 35.91844], [-78.9633, 35.91847], [-78.9628, 35.91857], [-78.96247, 35.91865], [-78.96212, 35.91871], [-78.96175, 35.91879], [-78.96136, 35.91887], [-78.96129, 35.91895], [-78.96097, 35.91922], [-78.96066, 35.91946], [-78.9597, 35.92025], [-78.96036, 35.92078], [-78.9605, 35.92092], [-78.9606, 35.92104], [-78.9607, 35.92118], [-78.96078, 35.92133], [-78.96085, 35.92149], [-78.9609, 35.92165], [-78.96093, 35.92224], [-78.96091, 35.92391], [-78.96089, 35.92494], [-78.96081, 35.92592], [-78.96078, 35.92617], [-78.96076, 35.92645], [-78.96071, 35.92713], [-78.96066, 35.92758], [-78.96064, 35.92768], [-78.96061, 35.92776], [-78.96059, 35.92784], [-78.96045, 35.92827], [-78.96042, 35.92839], [-78.96038, 35.92846], [-78.96036, 35.92857], [-78.96032, 35.92872], [-78.96028, 35.92883], [-78.96016, 35.92922], [-78.96014, 35.92934], [-78.96013, 35.92947], [-78.96012, 35.92966], [-78.96013, 35.92985], [-78.96015, 35.93005], [-78.96019, 35.93028], [-78.9604, 35.93139], [-78.96042, 35.93153], [-78.96061, 35.93243], [-78.9607, 35.93274], [-78.96077, 35.93297], [-78.96086, 35.93318], [-78.96097, 35.93343], [-78.96104, 35.93354], [-78.96154, 35.93448], [-78.96184, 35.93502], [-78.96208, 35.93545], [-78.96248, 35.93612], [-78.96298, 35.93683], [-78.96377, 35.93799], [-78.96397, 35.93833], [-78.96453, 35.93939], [-78.96459, 35.93949], [-78.96478, 35.93985], [-78.96563, 35.94139], [-78.96586, 35.94179], [-78.96641, 35.94273], [-78.96719, 35.94404], [-78.9673, 35.94426], [-78.96774, 35.94508], [-78.96801, 35.94576], [-78.96803, 35.9458], [-78.96822, 35.94632], [-78.96858, 35.94731], [-78.96866, 35.94757], [-78.96888, 35.94821], [-78.96894, 35.9484], [-78.96903, 35.94866], [-78.96925, 35.94922], [-78.96936, 35.94946], [-78.96944, 35.94961], [-78.96983, 35.95029], [-78.96995, 35.95046], [-78.97073, 35.95163], [-78.97202, 35.95352], [-78.97241, 35.95415], [-78.97271, 35.9547], [-78.97284, 35.95497], [-78.97299, 35.95529], [-78.97377, 35.95699], [-78.97391, 35.95694], [-78.97402, 35.95686], [-78.97408, 35.95679], [-78.97421, 35.95659], [-78.97423, 35.95652], [-78.97423, 35.95646], [-78.97417, 35.9562], [-78.97418, 35.95617], [-78.9742, 35.95613], [-78.97423, 35.95609], [-78.97428, 35.95607], [-78.9743, 35.95604], [-78.97432, 35.95598], [-78.97433, 35.95595], [-78.97437, 35.9559], [-78.97442, 35.95587], [-78.97444, 35.95582], [-78.97444, 35.95573], [-78.97437, 35.95562], [-78.97428, 35.95548], [-78.9742, 35.95537], [-78.97417, 35.95532], [-78.97415, 35.95523], [-78.97428, 35.95517], [-78.97455, 35.95503], [-78.97484, 35.95492], [-78.97495, 35.9549], [-78.97514, 35.95484], [-78.97527, 35.9548], [-78.97568, 35.95458], [-78.97575, 35.9545], [-78.97578, 35.95443], [-78.97578, 35.95435], [-78.97577, 35.95432], [-78.97583, 35.95435], [-78.9759, 35.95441], [-78.97609, 35.9545], [-78.97624, 35.95454], [-78.97662, 35.95459], [-78.97698, 35.95462], [-78.97712, 35.95463], [-78.97721, 35.95465], [-78.9773, 35.95468], [-78.97738, 35.95471], [-78.97746, 35.95477], [-78.97746, 35.95496], [-78.97747, 35.95503], [-78.97749, 35.95506], [-78.97762, 35.95513], [-78.97772, 35.95516], [-78.97775, 35.95521], [-78.97776, 35.95533], [-78.97778, 35.95538], [-78.97782, 35.95544], [-78.97793, 35.95557], [-78.97802, 35.95564], [-78.97808, 35.95572], [-78.97815, 35.95587], [-78.97821, 35.95604], [-78.97834, 35.95626], [-78.9784, 35.95637], [-78.97846, 35.95645], [-78.97852, 35.95656], [-78.97863, 35.95668], [-78.97873, 35.95679], [-78.97884, 35.95693], [-78.97906, 35.95718], [-78.97925, 35.9575], [-78.97929, 35.9576], [-78.9794, 35.95798], [-78.97945, 35.95807], [-78.97948, 35.95811], [-78.97954, 35.95818], [-78.9796, 35.95822], [-78.97965, 35.95825], [-78.9797, 35.95826], [-78.97976, 35.95826], [-78.97983, 35.95826], [-78.9799, 35.95826], [-78.97996, 35.95822], [-78.98004, 35.95818], [-78.98011, 35.95813], [-78.98017, 35.95808], [-78.98021, 35.95806], [-78.98026, 35.95806], [-78.9803, 35.95806], [-78.98035, 35.95807], [-78.98043, 35.95812], [-78.98063, 35.95829], [-78.98087, 35.95855], [-78.98094, 35.95861], [-78.98104, 35.9587], [-78.9811, 35.95873], [-78.98133, 35.95889], [-78.9814, 35.95898], [-78.98146, 35.9591], [-78.98149, 35.95915], [-78.98151, 35.95917], [-78.98208, 35.95886], [-78.98327, 35.95823], [-78.98558, 35.95697], [-78.98678, 35.95637], [-78.98799, 35.95581], [-78.98884, 35.95542], [-78.99043, 35.9547], [-78.9906, 35.95463], [-78.99251, 35.95378], [-78.99291, 35.9536], [-78.99414, 35.95306], [-78.99446, 35.95291], [-78.99563, 35.95238], [-78.99615, 35.95215], [-78.99806, 35.95128], [-78.99882, 35.95093]]]}}, {"type": "Feature", "properties": {"tract_id": "37063002036", "name": "Census Tract 20.36", "pct_white_2020": 40.4, "pct_black_2020": 43.1, "pct_hispanic_2020": 0.0, "pct_asian_2020": 9.7, "population_2020": 3218}, "geometry": {"type": "Polygon", "coordinates": [[[-78.91686, 35.90601], [-78.91722, 35.90552], [-78.91558, 35.90502], [-78.91454, 35.90472], [-78.9144, 35.90467], [-78.91436, 35.90466], [-78.91375, 35.90448], [-78.91312, 35.90429], [-78.91241, 35.90408], [-78.91217, 35.904], [-78.9121, 35.90397], [-78.91203, 35.90395], [-78.91137, 35.90376], [-78.91076, 35.90358], [-78.90969, 35.90325], [-78.90906, 35.90306], [-78.90854, 35.90291], [-78.90808, 35.90283], [-78.9079, 35.9028], [-78.90734, 35.90271], [-78.90631, 35.90269], [-78.90549, 35.90269], [-78.90505, 35.90269], [-78.90486, 35.90269], [-78.90407, 35.9027], [-78.90323, 35.90271], [-78.90264, 35.9027], [-78.9009, 35.90268], [-78.90093, 35.90261], [-78.90097, 35.90226], [-78.90108, 35.90193], [-78.90121, 35.9014], [-78.9012, 35.90134], [-78.90117, 35.90129], [-78.90112, 35.90123], [-78.90107, 35.90117], [-78.90103, 35.90107], [-78.90105, 35.90101], [-78.90103, 35.90091], [-78.90105, 35.90084], [-78.90105, 35.90075], [-78.90109, 35.90067], [-78.90121, 35.90043], [-78.90125, 35.9003], [-78.90126, 35.90027], [-78.90127, 35.90019], [-78.90126, 35.90012], [-78.90126, 35.90009], [-78.90126, 35.89985], [-78.90133, 35.89973], [-78.90149, 35.89943], [-78.90151, 35.89939], [-78.90155, 35.89923], [-78.90156, 35.89917], [-78.90163, 35.8991], [-78.9017, 35.89904], [-78.90176, 35.89899], [-78.90183, 35.8989], [-78.90194, 35.89883], [-78.90197, 35.89877], [-78.90198, 35.89871], [-78.90198, 35.89865], [-78.90197, 35.89857], [-78.90199, 35.89839], [-78.90199, 35.8982], [-78.90198, 35.89801], [-78.90191, 35.89782], [-78.90191, 35.89774], [-78.9019, 35.89772], [-78.90186, 35.89763], [-78.90176, 35.89753], [-78.90172, 35.89745], [-78.90163, 35.89735], [-78.90156, 35.89723], [-78.90151, 35.89718], [-78.90153, 35.89716], [-78.9016, 35.89713], [-78.90163, 35.89711], [-78.90167, 35.89706], [-78.90169, 35.89703], [-78.9017, 35.89697], [-78.90167, 35.89689], [-78.90158, 35.89679], [-78.90156, 35.89676], [-78.90151, 35.89672], [-78.9012, 35.89654], [-78.90115, 35.89649], [-78.90112, 35.89645], [-78.90112, 35.89641], [-78.90115, 35.89635], [-78.90121, 35.89618], [-78.90121, 35.89615], [-78.90118, 35.89611], [-78.90112, 35.89602], [-78.9011, 35.89597], [-78.9011, 35.8959], [-78.9011, 35.89581], [-78.90105, 35.89574], [-78.901, 35.89569], [-78.90091, 35.89563], [-78.90086, 35.89557], [-78.90086, 35.89548], [-78.90087, 35.8954], [-78.90091, 35.89535], [-78.90101, 35.89516], [-78.90108, 35.89505], [-78.90115, 35.89485], [-78.90129, 35.89472], [-78.90141, 35.89458], [-78.90145, 35.89451], [-78.90149, 35.89445], [-78.90153, 35.89432], [-78.90153, 35.89411], [-78.90152, 35.89404], [-78.90151, 35.89401], [-78.90147, 35.89397], [-78.90134, 35.89389], [-78.90125, 35.89383], [-78.90115, 35.89376], [-78.90108, 35.89368], [-78.90104, 35.89363], [-78.90097, 35.89346], [-78.90094, 35.89342], [-78.90089, 35.89338], [-78.90086, 35.89338], [-78.90081, 35.89338], [-78.90077, 35.89336], [-78.90071, 35.89332], [-78.90068, 35.89328], [-78.90065, 35.89321], [-78.90064, 35.89312], [-78.90056, 35.89299], [-78.90046, 35.8929], [-78.90042, 35.89285], [-78.9004, 35.89282], [-78.90023, 35.89282], [-78.90017, 35.89283], [-78.90012, 35.89285], [-78.90009, 35.89289], [-78.90007, 35.89294], [-78.90002, 35.89299], [-78.89997, 35.89302], [-78.89982, 35.89309], [-78.89969, 35.89309], [-78.89968, 35.89302], [-78.89969, 35.89292], [-78.89965, 35.89276], [-78.89963, 35.89263], [-78.89961, 35.89236], [-78.89963, 35.89219], [-78.89962, 35.89215], [-78.89961, 35.89213], [-78.8996, 35.89211], [-78.89955, 35.892], [-78.89958, 35.89193], [-78.89959, 35.89186], [-78.89959, 35.89181], [-78.89954, 35.89177], [-78.89954, 35.89171], [-78.89951, 35.89166], [-78.89951, 35.89158], [-78.89954, 35.89153], [-78.89951, 35.89145], [-78.89957, 35.89133], [-78.89963, 35.89132], [-78.89973, 35.89134], [-78.89984, 35.89133], [-78.89994, 35.89133], [-78.90003, 35.89131], [-78.90007, 35.89121], [-78.90007, 35.89102], [-78.90008, 35.89094], [-78.90011, 35.89085], [-78.90011, 35.89082], [-78.90009, 35.89076], [-78.90008, 35.89074], [-78.90006, 35.89066], [-78.90007, 35.8906], [-78.90009, 35.89057], [-78.90012, 35.89055], [-78.90015, 35.89052], [-78.90017, 35.8905], [-78.90021, 35.89045], [-78.90024, 35.89044], [-78.90042, 35.89017], [-78.90063, 35.88979], [-78.90069, 35.88969], [-78.90073, 35.88963], [-78.90078, 35.88956], [-78.90084, 35.8895], [-78.90088, 35.88947], [-78.90093, 35.88946], [-78.901, 35.88945], [-78.90113, 35.88946], [-78.90123, 35.88948], [-78.90131, 35.88949], [-78.90138, 35.88949], [-78.90169, 35.8894], [-78.90177, 35.88937], [-78.90179, 35.88933], [-78.90181, 35.88928], [-78.90181, 35.88925], [-78.9018, 35.88922], [-78.90176, 35.88919], [-78.90171, 35.88902], [-78.90158, 35.88886], [-78.9015, 35.88881], [-78.90121, 35.8887], [-78.90119, 35.88868], [-78.90114, 35.88862], [-78.90109, 35.88851], [-78.90107, 35.88845], [-78.90103, 35.8884], [-78.901, 35.8884], [-78.90095, 35.88842], [-78.90092, 35.88844], [-78.90079, 35.88858], [-78.90077, 35.88859], [-78.90071, 35.8886], [-78.90066, 35.88859], [-78.90063, 35.88857], [-78.90059, 35.88851], [-78.90052, 35.88848], [-78.90048, 35.88847], [-78.90046, 35.88846], [-78.90045, 35.88844], [-78.90045, 35.88842], [-78.90049, 35.88832], [-78.90052, 35.88827], [-78.90053, 35.88823], [-78.90053, 35.88818], [-78.90052, 35.88816], [-78.9005, 35.88815], [-78.90048, 35.88814], [-78.90046, 35.88814], [-78.9004, 35.88816], [-78.90034, 35.88821], [-78.90028, 35.88827], [-78.90019, 35.88834], [-78.90015, 35.88839], [-78.90012, 35.88841], [-78.90006, 35.88842], [-78.90001, 35.88841], [-78.89996, 35.88836], [-78.89994, 35.88833], [-78.89991, 35.88825], [-78.8999, 35.88812], [-78.89989, 35.8877], [-78.89988, 35.88767], [-78.89986, 35.88765], [-78.89974, 35.88754], [-78.89971, 35.8875], [-78.89968, 35.88743], [-78.89969, 35.88741], [-78.89972, 35.8874], [-78.89981, 35.88735], [-78.89987, 35.88729], [-78.89988, 35.88725], [-78.8999, 35.88721], [-78.8999, 35.88717], [-78.8999, 35.8871], [-78.89988, 35.88704], [-78.89982, 35.88694], [-78.89981, 35.88672], [-78.89976, 35.88665], [-78.8997, 35.8866], [-78.89957, 35.88646], [-78.89953, 35.8864], [-78.89951, 35.88634], [-78.89951, 35.88621], [-78.89951, 35.88608], [-78.89947, 35.886], [-78.89943, 35.88594], [-78.89936, 35.88588], [-78.8993, 35.88586], [-78.89923, 35.88583], [-78.89912, 35.88577], [-78.89904, 35.88574], [-78.89899, 35.88571], [-78.89895, 35.88564], [-78.89893, 35.88555], [-78.89891, 35.88527], [-78.8989, 35.88525], [-78.89882, 35.88507], [-78.89879, 35.88501], [-78.89874, 35.88498], [-78.89872, 35.88498], [-78.89885, 35.88469], [-78.89887, 35.88461], [-78.89889, 35.88451], [-78.89892, 35.88443], [-78.89896, 35.88438], [-78.89906, 35.88432], [-78.89914, 35.88429], [-78.89923, 35.88428], [-78.89923, 35.88411], [-78.89948, 35.88412], [-78.89944, 35.88405], [-78.89941, 35.88389], [-78.8994, 35.88386], [-78.89935, 35.88372], [-78.89929, 35.88359], [-78.89929, 35.88358], [-78.8993, 35.88356], [-78.89931, 35.88354], [-78.89934, 35.88348], [-78.89934, 35.88347], [-78.89934, 35.88345], [-78.8993, 35.88342], [-78.89926, 35.8834], [-78.89922, 35.8834], [-78.89917, 35.88341], [-78.89913, 35.88342], [-78.8991, 35.88342], [-78.89907, 35.88342], [-78.89905, 35.88341], [-78.89903, 35.8834], [-78.899, 35.88336], [-78.899, 35.88333], [-78.89901, 35.8833], [-78.89927, 35.88302], [-78.89945, 35.88283], [-78.89948, 35.8828], [-78.89954, 35.88279], [-78.89963, 35.88281], [-78.8998, 35.88286], [-78.89983, 35.88292], [-78.90009, 35.88284], [-78.90014, 35.88279], [-78.90012, 35.88272], [-78.90012, 35.88267], [-78.90014, 35.88255], [-78.90012, 35.88245], [-78.9001, 35.88243], [-78.90007, 35.88242], [-78.89997, 35.8824], [-78.89968, 35.88243], [-78.89962, 35.88244], [-78.89948, 35.88246], [-78.89941, 35.88246], [-78.89939, 35.88245], [-78.89937, 35.88243], [-78.89933, 35.88226], [-78.89927, 35.88217], [-78.89924, 35.88215], [-78.89921, 35.88212], [-78.89912, 35.8821], [-78.89908, 35.8821], [-78.899, 35.8821], [-78.89891, 35.88211], [-78.89883, 35.88215], [-78.89875, 35.88222], [-78.89871, 35.88224], [-78.89865, 35.88224], [-78.89848, 35.8822], [-78.89839, 35.88216], [-78.89833, 35.88209], [-78.89833, 35.88207], [-78.89833, 35.88198], [-78.89831, 35.88189], [-78.89827, 35.88187], [-78.89823, 35.88184], [-78.89819, 35.88183], [-78.89811, 35.88181], [-78.89809, 35.88181], [-78.898, 35.88183], [-78.89794, 35.88183], [-78.8979, 35.88185], [-78.89779, 35.88188], [-78.8977, 35.8819], [-78.8975, 35.88188], [-78.8974, 35.88184], [-78.8973, 35.88176], [-78.89721, 35.88168], [-78.89716, 35.88162], [-78.89716, 35.88167], [-78.89715, 35.88171], [-78.8971, 35.88173], [-78.89705, 35.88177], [-78.89702, 35.88181], [-78.89701, 35.88189], [-78.89698, 35.88196], [-78.89696, 35.88201], [-78.89691, 35.88207], [-78.89688, 35.88211], [-78.89682, 35.88209], [-78.89676, 35.88206], [-78.89665, 35.88198], [-78.89652, 35.88184], [-78.89642, 35.88172], [-78.8964, 35.88165], [-78.89638, 35.88163], [-78.89631, 35.88158], [-78.89628, 35.88157], [-78.89626, 35.88156], [-78.89619, 35.88157], [-78.89611, 35.88159], [-78.89606, 35.88162], [-78.89599, 35.88165], [-78.89588, 35.88165], [-78.8959, 35.88163], [-78.89593, 35.88155], [-78.89595, 35.88151], [-78.89601, 35.88146], [-78.89611, 35.8814], [-78.89616, 35.88134], [-78.8962, 35.88127], [-78.89622, 35.88122], [-78.89626, 35.88109], [-78.89629, 35.88105], [-78.8964, 35.88099], [-78.89646, 35.88097], [-78.89655, 35.88093], [-78.89663, 35.88086], [-78.89672, 35.88074], [-78.89675, 35.88067], [-78.89682, 35.88055], [-78.89694, 35.88044], [-78.89703, 35.88033], [-78.89711, 35.88027], [-78.89715, 35.88024], [-78.89731, 35.88009], [-78.89738, 35.88006], [-78.89742, 35.88004], [-78.89743, 35.87999], [-78.89744, 35.8799], [-78.89747, 35.87983], [-78.89755, 35.87972], [-78.89763, 35.87965], [-78.89769, 35.8796], [-78.89773, 35.87954], [-78.89777, 35.87943], [-78.89783, 35.87906], [-78.89783, 35.87897], [-78.89784, 35.87891], [-78.89786, 35.87887], [-78.89797, 35.87878], [-78.89802, 35.87873], [-78.89804, 35.87868], [-78.89806, 35.87862], [-78.8981, 35.87853], [-78.89811, 35.87848], [-78.89809, 35.87844], [-78.89807, 35.87841], [-78.89799, 35.87834], [-78.89792, 35.87827], [-78.89791, 35.87822], [-78.89789, 35.87816], [-78.89789, 35.87809], [-78.89791, 35.87803], [-78.89798, 35.87793], [-78.89809, 35.87785], [-78.89841, 35.87763], [-78.89857, 35.87749], [-78.89863, 35.87744], [-78.89868, 35.8774], [-78.89881, 35.8771], [-78.89884, 35.87708], [-78.89893, 35.87708], [-78.89901, 35.87709], [-78.89909, 35.87709], [-78.89917, 35.87708], [-78.89921, 35.87705], [-78.89926, 35.877], [-78.89931, 35.87689], [-78.8993, 35.87686], [-78.89928, 35.87683], [-78.89917, 35.87675], [-78.8991, 35.87667], [-78.89908, 35.87662], [-78.89908, 35.8766], [-78.8991, 35.87658], [-78.89913, 35.87657], [-78.89917, 35.87656], [-78.89924, 35.87656], [-78.89934, 35.87659], [-78.89938, 35.87662], [-78.89945, 35.87665], [-78.89952, 35.87667], [-78.89957, 35.87668], [-78.89962, 35.87667], [-78.89969, 35.87664], [-78.89971, 35.87661], [-78.89979, 35.87649], [-78.89989, 35.87615], [-78.90001, 35.87609], [-78.90014, 35.87605], [-78.90024, 35.87603], [-78.90035, 35.87603], [-78.9006, 35.87605], [-78.90072, 35.87611], [-78.90079, 35.8762], [-78.90082, 35.87628], [-78.90082, 35.87637], [-78.90081, 35.87643], [-78.90077, 35.87654], [-78.90075, 35.8766], [-78.90075, 35.87667], [-78.90077, 35.87673], [-78.90083, 35.87684], [-78.9009, 35.87689], [-78.901, 35.87693], [-78.9011, 35.87695], [-78.90117, 35.87694], [-78.90122, 35.87693], [-78.90125, 35.87689], [-78.9013, 35.8768], [-78.90144, 35.87661], [-78.90149, 35.87656], [-78.90152, 35.87655], [-78.90163, 35.8765], [-78.90176, 35.87648], [-78.902, 35.87645], [-78.90214, 35.87641], [-78.90237, 35.87632], [-78.90243, 35.87628], [-78.9025, 35.87625], [-78.90264, 35.87617], [-78.90273, 35.8761], [-78.90307, 35.87585], [-78.90316, 35.87582], [-78.90327, 35.87581], [-78.90352, 35.8758], [-78.90378, 35.87572], [-78.90389, 35.87568], [-78.90405, 35.87558], [-78.90416, 35.8755], [-78.9042, 35.87544], [-78.90425, 35.87536], [-78.90426, 35.8753], [-78.90426, 35.87524], [-78.90433, 35.87525], [-78.90442, 35.87526], [-78.90451, 35.87527], [-78.90458, 35.87529], [-78.90467, 35.87528], [-78.90491, 35.87525], [-78.90501, 35.87524], [-78.90516, 35.87521], [-78.90522, 35.87521], [-78.9053, 35.87523], [-78.90543, 35.8753], [-78.90557, 35.87541], [-78.90579, 35.87565], [-78.90591, 35.87572], [-78.90605, 35.87574], [-78.90613, 35.87576], [-78.90607, 35.87569], [-78.90606, 35.87564], [-78.90607, 35.87546], [-78.90611, 35.87537], [-78.90615, 35.87533], [-78.90621, 35.87531], [-78.90639, 35.87516], [-78.90648, 35.87512], [-78.90671, 35.87505], [-78.9072, 35.87495], [-78.90739, 35.87487], [-78.90752, 35.87478], [-78.90764, 35.87471], [-78.90777, 35.87465], [-78.90788, 35.87462], [-78.90803, 35.87459], [-78.90819, 35.87459], [-78.90833, 35.87458], [-78.90847, 35.87456], [-78.90857, 35.87453], [-78.90865, 35.87448], [-78.9087, 35.87441], [-78.90871, 35.87432], [-78.90871, 35.8741], [-78.90874, 35.87399], [-78.90878, 35.87394], [-78.90885, 35.87393], [-78.90888, 35.87395], [-78.90894, 35.87399], [-78.90902, 35.87404], [-78.90912, 35.87406], [-78.90919, 35.87405], [-78.90925, 35.874], [-78.90923, 35.87392], [-78.9092, 35.87385], [-78.90913, 35.87377], [-78.90906, 35.87369], [-78.90903, 35.87361], [-78.90904, 35.87353], [-78.90907, 35.87346], [-78.90911, 35.8734], [-78.9092, 35.87333], [-78.90928, 35.87328], [-78.90937, 35.87321], [-78.90946, 35.87316], [-78.90956, 35.87316], [-78.90966, 35.87318], [-78.90977, 35.8732], [-78.90987, 35.87319], [-78.90993, 35.87317], [-78.90998, 35.87313], [-78.91003, 35.87309], [-78.91007, 35.87309], [-78.91015, 35.8731], [-78.91021, 35.87314], [-78.91028, 35.87319], [-78.9103, 35.87318], [-78.91035, 35.87319], [-78.91042, 35.8732], [-78.9105, 35.87322], [-78.91058, 35.87319], [-78.91063, 35.87313], [-78.91065, 35.87304], [-78.91079, 35.87295], [-78.91089, 35.87292], [-78.9109, 35.87287], [-78.9109, 35.87282], [-78.91092, 35.87275], [-78.91098, 35.87274], [-78.91105, 35.87272], [-78.91112, 35.87271], [-78.91116, 35.87268], [-78.91116, 35.87253], [-78.91118, 35.87244], [-78.91122, 35.8724], [-78.9113, 35.87232], [-78.91132, 35.87231], [-78.91138, 35.8723], [-78.91147, 35.87232], [-78.91153, 35.87234], [-78.91162, 35.87236], [-78.91174, 35.87236], [-78.91186, 35.87238], [-78.91191, 35.8724], [-78.91201, 35.87245], [-78.91211, 35.87246], [-78.91222, 35.87244], [-78.91226, 35.87242], [-78.91237, 35.87214], [-78.91245, 35.87207], [-78.91267, 35.87198], [-78.91282, 35.87197], [-78.9129, 35.87198], [-78.91293, 35.87201], [-78.91294, 35.87206], [-78.91292, 35.87212], [-78.91292, 35.87219], [-78.91292, 35.87226], [-78.91293, 35.87235], [-78.91295, 35.8724], [-78.91299, 35.87243], [-78.91305, 35.87244], [-78.91315, 35.87244], [-78.91319, 35.87243], [-78.91327, 35.8721], [-78.91334, 35.87192], [-78.91351, 35.87153], [-78.91409, 35.87042], [-78.91423, 35.87016], [-78.91449, 35.86965], [-78.9146, 35.86939], [-78.91462, 35.86931], [-78.91469, 35.86911], [-78.91475, 35.86881], [-78.91476, 35.86856], [-78.91476, 35.86802], [-78.91476, 35.86778], [-78.91476, 35.86774], [-78.91476, 35.8677], [-78.91368, 35.86775], [-78.91248, 35.86781], [-78.91193, 35.86783], [-78.91177, 35.86784], [-78.91109, 35.86787], [-78.91079, 35.86788], [-78.91003, 35.86792], [-78.90847, 35.86799], [-78.90663, 35.86807], [-78.90618, 35.86809], [-78.90607, 35.8681], [-78.90088, 35.86802], [-78.90081, 35.86802], [-78.8998, 35.86801], [-78.89834, 35.86799], [-78.89711, 35.86797], [-78.89601, 35.86795], [-78.89466, 35.86793], [-78.89451, 35.86793], [-78.89381, 35.86792], [-78.89326, 35.86791], [-78.89264, 35.8679], [-78.8924, 35.8679], [-78.89225, 35.8679], [-78.89159, 35.86789], [-78.89066, 35.86788], [-78.89049, 35.86787], [-78.88988, 35.86998], [-78.88948, 35.87139], [-78.88888, 35.87349], [-78.88786, 35.87704], [-78.88771, 35.87758], [-78.88763, 35.87801], [-78.8876, 35.87819], [-78.8876, 35.87823], [-78.88751, 35.8783], [-78.88736, 35.87849], [-78.8873, 35.87858], [-78.88726, 35.87864], [-78.8871, 35.87892], [-78.88706, 35.87901], [-78.887, 35.87912], [-78.88696, 35.87926], [-78.88691, 35.87936], [-78.88681, 35.87955], [-78.88675, 35.87969], [-78.8867, 35.87975], [-78.88662, 35.87984], [-78.88653, 35.87993], [-78.88645, 35.87998], [-78.8864, 35.88001], [-78.88646, 35.88004], [-78.88651, 35.88011], [-78.88652, 35.88017], [-78.88651, 35.88021], [-78.88648, 35.8803], [-78.88644, 35.88036], [-78.88634, 35.88059], [-78.88623, 35.8809], [-78.88619, 35.88106], [-78.88615, 35.88125], [-78.8861, 35.8813], [-78.88578, 35.88135], [-78.88586, 35.88159], [-78.88593, 35.88184], [-78.88596, 35.88206], [-78.88599, 35.8825], [-78.886, 35.8826], [-78.88591, 35.88338], [-78.88587, 35.88368], [-78.88602, 35.88366], [-78.886, 35.88377], [-78.88595, 35.88402], [-78.8856, 35.88561], [-78.88547, 35.88608], [-78.88536, 35.88608], [-78.88525, 35.88608], [-78.88512, 35.88608], [-78.88332, 35.88602], [-78.88308, 35.88601], [-78.88285, 35.88601], [-78.88274, 35.886], [-78.88234, 35.88599], [-78.88233, 35.88617], [-78.88232, 35.88659], [-78.8823, 35.88714], [-78.88227, 35.88822], [-78.88222, 35.88957], [-78.88221, 35.88997], [-78.88219, 35.89048], [-78.88217, 35.891], [-78.88213, 35.89184], [-78.88213, 35.89195], [-78.88212, 35.892], [-78.88208, 35.89297], [-78.88517, 35.89299], [-78.88825, 35.893], [-78.88824, 35.89421], [-78.88824, 35.89428], [-78.88824, 35.89462], [-78.88861, 35.89463], [-78.88882, 35.89463], [-78.8889, 35.89464], [-78.8889, 35.89467], [-78.88889, 35.89496], [-78.88886, 35.89858], [-78.88872, 35.89858], [-78.88854, 35.89858], [-78.88821, 35.89858], [-78.88819, 35.89913], [-78.88819, 35.90023], [-78.88817, 35.90023], [-78.88751, 35.90023], [-78.88751, 35.90021], [-78.887, 35.90023], [-78.88701, 35.89967], [-78.88639, 35.89967], [-78.88627, 35.89997], [-78.88595, 35.89987], [-78.88573, 35.90038], [-78.88556, 35.90043], [-78.88533, 35.90049], [-78.88512, 35.90098], [-78.88472, 35.90086], [-78.88459, 35.90084], [-78.88459, 35.90095], [-78.88457, 35.90384], [-78.88492, 35.90374], [-78.88502, 35.90372], [-78.88508, 35.9037], [-78.88628, 35.9036], [-78.8864, 35.90359], [-78.88642, 35.90359], [-78.88642, 35.90361], [-78.88642, 35.9037], [-78.88641, 35.90401], [-78.88641, 35.9042], [-78.88779, 35.90421], [-78.88816, 35.90421], [-78.88815, 35.90448], [-78.88815, 35.90462], [-78.88815, 35.90517], [-78.88815, 35.90552], [-78.88815, 35.90581], [-78.88821, 35.90583], [-78.88862, 35.90596], [-78.88882, 35.90601], [-78.88922, 35.90611], [-78.89013, 35.90628], [-78.89074, 35.90637], [-78.89166, 35.90648], [-78.89252, 35.90657], [-78.89424, 35.90673], [-78.89492, 35.9068], [-78.89554, 35.90683], [-78.89799, 35.90705], [-78.8987, 35.90712], [-78.89933, 35.90719], [-78.90182, 35.90742], [-78.90412, 35.90763], [-78.90501, 35.90771], [-78.90793, 35.90798], [-78.90889, 35.90806], [-78.91395, 35.90855], [-78.91558, 35.90866], [-78.91599, 35.90871], [-78.91641, 35.90875], [-78.91631, 35.90825], [-78.91624, 35.90776], [-78.91624, 35.90769], [-78.91624, 35.90762], [-78.91624, 35.90748], [-78.91627, 35.90721], [-78.91629, 35.90709], [-78.91633, 35.90697], [-78.91645, 35.90667], [-78.91658, 35.90643], [-78.91686, 35.90601]]]}}, {"type": "Feature", "properties": {"tract_id": "37063001712", "name": "Census Tract 17.12", "pct_white_2020": 78.3, "pct_black_2020": 12.3, "pct_hispanic_2020": 4.1, "pct_asian_2020": 3.1, "population_2020": 5204}, "geometry": {"type": "Polygon", "coordinates": [[[-78.97804, 36.05933], [-78.97793, 36.05923], [-78.97763, 36.05897], [-78.97744, 36.05881], [-78.97701, 36.05844], [-78.97681, 36.05825], [-78.97647, 36.05791], [-78.97628, 36.05769], [-78.97624, 36.05765], [-78.97602, 36.05738], [-78.97585, 36.05715], [-78.97574, 36.057], [-78.97563, 36.05682], [-78.97538, 36.05637], [-78.97518, 36.05598], [-78.97504, 36.0557], [-78.97489, 36.05543], [-78.97467, 36.05507], [-78.97437, 36.0546], [-78.97411, 36.0542], [-78.974, 36.05402], [-78.9739, 36.05387], [-78.97368, 36.05353], [-78.97359, 36.0534], [-78.97335, 36.05305], [-78.97312, 36.0527], [-78.97256, 36.05189], [-78.97209, 36.0512], [-78.9718, 36.05079], [-78.97161, 36.05051], [-78.97117, 36.04985], [-78.97089, 36.04942], [-78.97086, 36.04938], [-78.97066, 36.04911], [-78.97047, 36.04885], [-78.97009, 36.04837], [-78.96989, 36.04812], [-78.96929, 36.0474], [-78.96878, 36.0468], [-78.9683, 36.04624], [-78.96815, 36.04607], [-78.96807, 36.046], [-78.96788, 36.04586], [-78.96766, 36.04571], [-78.96759, 36.04566], [-78.96738, 36.04556], [-78.96709, 36.04544], [-78.96681, 36.04535], [-78.96639, 36.04519], [-78.96605, 36.04507], [-78.96555, 36.04487], [-78.96523, 36.04473], [-78.9651, 36.04466], [-78.96494, 36.04456], [-78.96481, 36.04448], [-78.96451, 36.04426], [-78.96399, 36.04386], [-78.96355, 36.0435], [-78.9635, 36.04345], [-78.96339, 36.04336], [-78.96322, 36.04324], [-78.96272, 36.04293], [-78.96242, 36.04276], [-78.96202, 36.04254], [-78.96146, 36.04223], [-78.9606, 36.04177], [-78.96034, 36.04163], [-78.96019, 36.04155], [-78.96002, 36.04147], [-78.95973, 36.04135], [-78.9596, 36.04131], [-78.95944, 36.04128], [-78.9591, 36.04121], [-78.95874, 36.04114], [-78.95814, 36.04099], [-78.95802, 36.04096], [-78.95794, 36.04092], [-78.95784, 36.04087], [-78.95773, 36.04081], [-78.95765, 36.04095], [-78.95756, 36.04115], [-78.95748, 36.04134], [-78.95738, 36.04177], [-78.95735, 36.04188], [-78.95725, 36.04255], [-78.95724, 36.0427], [-78.95573, 36.04266], [-78.95542, 36.04264], [-78.95498, 36.04262], [-78.95482, 36.0426], [-78.95474, 36.04259], [-78.95466, 36.04257], [-78.95459, 36.04255], [-78.95443, 36.04251], [-78.95419, 36.04243], [-78.95409, 36.04239], [-78.95396, 36.04233], [-78.95383, 36.04226], [-78.9537, 36.04218], [-78.95357, 36.04209], [-78.95342, 36.04197], [-78.95329, 36.04183], [-78.95299, 36.04151], [-78.95265, 36.04115], [-78.95256, 36.04104], [-78.95246, 36.04089], [-78.95237, 36.04074], [-78.95227, 36.0405], [-78.95222, 36.0404], [-78.95216, 36.0403], [-78.95205, 36.04013], [-78.95193, 36.03998], [-78.95178, 36.0398], [-78.95165, 36.03965], [-78.95155, 36.03957], [-78.95151, 36.03953], [-78.9513, 36.03938], [-78.95103, 36.0392], [-78.9509, 36.03914], [-78.95076, 36.03906], [-78.95045, 36.03893], [-78.95033, 36.03889], [-78.95022, 36.03886], [-78.95009, 36.03883], [-78.94994, 36.0388], [-78.94975, 36.03877], [-78.94957, 36.03875], [-78.94871, 36.03867], [-78.94815, 36.03863], [-78.94777, 36.03859], [-78.94739, 36.03854], [-78.94715, 36.0385], [-78.94704, 36.03847], [-78.94695, 36.03844], [-78.94692, 36.03843], [-78.94668, 36.03835], [-78.94534, 36.03785], [-78.94448, 36.03755], [-78.94356, 36.03721], [-78.94273, 36.03693], [-78.94259, 36.03689], [-78.94246, 36.03685], [-78.94231, 36.03682], [-78.94185, 36.03674], [-78.9417, 36.03672], [-78.94151, 36.03671], [-78.94131, 36.0367], [-78.94115, 36.0367], [-78.94089, 36.03672], [-78.94065, 36.03673], [-78.94034, 36.03677], [-78.94019, 36.0368], [-78.93999, 36.03684], [-78.93942, 36.03697], [-78.93903, 36.03706], [-78.93848, 36.03716], [-78.93787, 36.03725], [-78.93699, 36.03738], [-78.93637, 36.03746], [-78.93551, 36.03755], [-78.93547, 36.03866], [-78.93541, 36.04099], [-78.9354, 36.04138], [-78.93536, 36.04233], [-78.93534, 36.04262], [-78.93529, 36.04358], [-78.93528, 36.04372], [-78.93528, 36.04389], [-78.93529, 36.04403], [-78.93535, 36.04418], [-78.93544, 36.04441], [-78.93557, 36.04471], [-78.93561, 36.04481], [-78.93568, 36.04501], [-78.93585, 36.0455], [-78.936, 36.04592], [-78.93604, 36.04605], [-78.93608, 36.04617], [-78.93613, 36.04642], [-78.93615, 36.04662], [-78.93616, 36.04669], [-78.93619, 36.04707], [-78.93626, 36.04769], [-78.93628, 36.04792], [-78.93628, 36.04803], [-78.93627, 36.04806], [-78.93627, 36.04811], [-78.93614, 36.04866], [-78.93582, 36.04985], [-78.93563, 36.05062], [-78.93554, 36.05098], [-78.93539, 36.05148], [-78.93523, 36.05201], [-78.93502, 36.05287], [-78.9348, 36.05366], [-78.93477, 36.0538], [-78.93474, 36.05406], [-78.93475, 36.05417], [-78.93481, 36.05438], [-78.93487, 36.05453], [-78.93495, 36.05465], [-78.93505, 36.05479], [-78.93521, 36.05497], [-78.93568, 36.05548], [-78.93578, 36.0556], [-78.93592, 36.05576], [-78.93636, 36.05629], [-78.93685, 36.05685], [-78.9369, 36.05692], [-78.9372, 36.05728], [-78.93736, 36.05726], [-78.93749, 36.05725], [-78.93769, 36.05725], [-78.93814, 36.05728], [-78.93852, 36.0573], [-78.93869, 36.05731], [-78.93885, 36.05734], [-78.93919, 36.05744], [-78.93941, 36.05749], [-78.93954, 36.05754], [-78.93968, 36.05761], [-78.93981, 36.05769], [-78.93997, 36.05781], [-78.94009, 36.05792], [-78.94016, 36.05798], [-78.94036, 36.05809], [-78.94066, 36.05825], [-78.94089, 36.05838], [-78.94129, 36.05864], [-78.94146, 36.05874], [-78.94254, 36.05934], [-78.94285, 36.05951], [-78.94413, 36.06026], [-78.94506, 36.06082], [-78.94573, 36.06127], [-78.94627, 36.06164], [-78.94644, 36.06177], [-78.94648, 36.06184], [-78.94623, 36.0619], [-78.94596, 36.06196], [-78.94547, 36.06204], [-78.94513, 36.06209], [-78.94381, 36.06226], [-78.9435, 36.06232], [-78.9434, 36.06237], [-78.94331, 36.06235], [-78.94294, 36.06243], [-78.94268, 36.06251], [-78.94242, 36.0626], [-78.94213, 36.06271], [-78.94197, 36.06279], [-78.94179, 36.06288], [-78.9415, 36.06304], [-78.94055, 36.06359], [-78.94011, 36.06385], [-78.93954, 36.06416], [-78.93931, 36.06427], [-78.93913, 36.06435], [-78.93893, 36.06442], [-78.93874, 36.06449], [-78.93856, 36.06455], [-78.93837, 36.06459], [-78.93819, 36.06463], [-78.93642, 36.06497], [-78.93494, 36.06526], [-78.93474, 36.0653], [-78.93406, 36.06543], [-78.93356, 36.06552], [-78.93316, 36.0656], [-78.93262, 36.06572], [-78.933, 36.06615], [-78.93366, 36.06688], [-78.93389, 36.06712], [-78.93434, 36.06759], [-78.93494, 36.06822], [-78.93509, 36.06839], [-78.93523, 36.06856], [-78.93537, 36.06876], [-78.93546, 36.06891], [-78.93554, 36.06906], [-78.9356, 36.0692], [-78.93562, 36.06931], [-78.93563, 36.06942], [-78.93569, 36.06983], [-78.9357, 36.06995], [-78.9357, 36.07007], [-78.93569, 36.07019], [-78.93566, 36.07032], [-78.93561, 36.07053], [-78.9356, 36.07058], [-78.93558, 36.07063], [-78.93555, 36.07071], [-78.93531, 36.07117], [-78.93522, 36.07133], [-78.93508, 36.07157], [-78.93497, 36.07175], [-78.93486, 36.07192], [-78.935, 36.072], [-78.93521, 36.0722], [-78.93535, 36.07241], [-78.93538, 36.07251], [-78.93581, 36.0725], [-78.93619, 36.07273], [-78.93647, 36.07276], [-78.93686, 36.07273], [-78.93714, 36.07255], [-78.93792, 36.07255], [-78.9383, 36.07282], [-78.93853, 36.07282], [-78.93897, 36.07264], [-78.93925, 36.0724], [-78.93969, 36.07201], [-78.93997, 36.07129], [-78.94047, 36.07057], [-78.94103, 36.07016], [-78.94147, 36.07012], [-78.94155, 36.07015], [-78.94169, 36.07021], [-78.94252, 36.07079], [-78.94325, 36.07093], [-78.94441, 36.07098], [-78.94485, 36.07093], [-78.94541, 36.07075], [-78.94597, 36.07034], [-78.94613, 36.07007], [-78.94641, 36.06985], [-78.94652, 36.06985], [-78.94724, 36.06981], [-78.94896, 36.06972], [-78.94907, 36.06981], [-78.95096, 36.06994], [-78.95224, 36.07017], [-78.95321, 36.07013], [-78.95346, 36.07012], [-78.95352, 36.07008], [-78.95358, 36.07004], [-78.95383, 36.06986], [-78.95396, 36.06976], [-78.95401, 36.06913], [-78.95388, 36.06879], [-78.95388, 36.06878], [-78.95377, 36.06869], [-78.95367, 36.06861], [-78.95361, 36.06855], [-78.95353, 36.0685], [-78.95345, 36.06843], [-78.95342, 36.06837], [-78.95342, 36.06826], [-78.95342, 36.06817], [-78.9534, 36.06806], [-78.95339, 36.06793], [-78.95337, 36.06786], [-78.95339, 36.06776], [-78.95339, 36.06768], [-78.95342, 36.06764], [-78.95342, 36.06763], [-78.95352, 36.0675], [-78.95359, 36.0675], [-78.95369, 36.0675], [-78.9538, 36.0675], [-78.9539, 36.0675], [-78.95392, 36.0675], [-78.95414, 36.0675], [-78.95457, 36.0676], [-78.95462, 36.06761], [-78.95472, 36.06762], [-78.95494, 36.06764], [-78.95527, 36.06766], [-78.9554, 36.06767], [-78.95577, 36.0677], [-78.9563, 36.0677], [-78.9565, 36.0677], [-78.95663, 36.06769], [-78.95676, 36.06765], [-78.95685, 36.06764], [-78.95699, 36.0676], [-78.95733, 36.06749], [-78.95754, 36.06743], [-78.95785, 36.06734], [-78.95794, 36.06731], [-78.95801, 36.06729], [-78.95801, 36.06721], [-78.95807, 36.0672], [-78.95819, 36.06715], [-78.95824, 36.06713], [-78.95835, 36.0671], [-78.95896, 36.06688], [-78.95968, 36.06684], [-78.95997, 36.06662], [-78.96029, 36.06675], [-78.96084, 36.06661], [-78.96123, 36.06611], [-78.96129, 36.06427], [-78.96112, 36.06368], [-78.96112, 36.06323], [-78.96157, 36.06265], [-78.9619, 36.06238], [-78.96259, 36.06229], [-78.96268, 36.06242], [-78.96317, 36.06251], [-78.96368, 36.06238], [-78.96384, 36.06224], [-78.96423, 36.06211], [-78.9649, 36.06211], [-78.96606, 36.06233], [-78.96673, 36.06233], [-78.96712, 36.0622], [-78.96773, 36.0622], [-78.96834, 36.06233], [-78.9685, 36.06247], [-78.96884, 36.06256], [-78.96911, 36.06278], [-78.96939, 36.06283], [-78.96978, 36.06305], [-78.97, 36.06305], [-78.97039, 36.06323], [-78.97128, 36.06341], [-78.97183, 36.06342], [-78.97228, 36.06337], [-78.97261, 36.06323], [-78.97339, 36.06265], [-78.97381, 36.06219], [-78.97367, 36.06202], [-78.97378, 36.06193], [-78.97378, 36.06107], [-78.97367, 36.06085], [-78.97361, 36.06026], [-78.97378, 36.06008], [-78.97383, 36.05981], [-78.97411, 36.05959], [-78.97468, 36.05939], [-78.97539, 36.05954], [-78.97589, 36.05967], [-78.97661, 36.05967], [-78.97783, 36.0595], [-78.97804, 36.05933]]]}}, {"type": "Feature", "properties": {"tract_id": "37063002029", "name": "Census Tract 20.29", "pct_white_2020": 64.4, "pct_black_2020": 15.7, "pct_hispanic_2020": 0.3, "pct_asian_2020": 13.0, "population_2020": 4146}, "geometry": {"type": "Polygon", "coordinates": [[[-79.00121, 35.94994], [-79.00124, 35.9498], [-79.00074, 35.95004], [-79.00044, 35.9502], [-79.00029, 35.95027], [-79.00025, 35.95029], [-79.00009, 35.95036], [-79.00005, 35.95038], [-78.99981, 35.95049], [-78.99905, 35.95083], [-78.99882, 35.95093], [-78.99806, 35.95128], [-78.99615, 35.95215], [-78.99563, 35.95238], [-78.99446, 35.95291], [-78.99414, 35.95306], [-78.99291, 35.9536], [-78.99251, 35.95378], [-78.9906, 35.95463], [-78.99043, 35.9547], [-78.98884, 35.95542], [-78.98799, 35.95581], [-78.98678, 35.95637], [-78.98558, 35.95697], [-78.98327, 35.95823], [-78.98208, 35.95886], [-78.98151, 35.95917], [-78.97941, 35.96029], [-78.97743, 35.96135], [-78.97697, 35.96158], [-78.97639, 35.96189], [-78.97368, 35.96333], [-78.97306, 35.96365], [-78.97198, 35.96424], [-78.97029, 35.96514], [-78.96981, 35.96539], [-78.96952, 35.96553], [-78.96873, 35.96592], [-78.9687, 35.96593], [-78.96772, 35.96639], [-78.96758, 35.96645], [-78.9668, 35.96678], [-78.96641, 35.96695], [-78.96521, 35.96744], [-78.9643, 35.96779], [-78.96352, 35.96805], [-78.96344, 35.96819], [-78.96306, 35.96877], [-78.96271, 35.96934], [-78.96238, 35.96996], [-78.96204, 35.97065], [-78.96156, 35.97166], [-78.96136, 35.9721], [-78.96125, 35.97234], [-78.96077, 35.97344], [-78.96051, 35.97405], [-78.96108, 35.97421], [-78.96119, 35.97425], [-78.96249, 35.97469], [-78.96278, 35.97481], [-78.96332, 35.97502], [-78.96372, 35.97518], [-78.96419, 35.97534], [-78.96439, 35.9754], [-78.96467, 35.97547], [-78.96492, 35.97552], [-78.96509, 35.97555], [-78.96512, 35.97555], [-78.96524, 35.97556], [-78.96536, 35.97557], [-78.96625, 35.97557], [-78.96788, 35.97557], [-78.96998, 35.97555], [-78.97262, 35.97555], [-78.97411, 35.97555], [-78.97485, 35.97555], [-78.97493, 35.97558], [-78.97547, 35.97556], [-78.97565, 35.97555], [-78.9757, 35.97555], [-78.97641, 35.97555], [-78.97653, 35.97555], [-78.97659, 35.97555], [-78.97703, 35.97554], [-78.9771, 35.97554], [-78.97723, 35.97553], [-78.97751, 35.97551], [-78.97758, 35.97551], [-78.97886, 35.97537], [-78.97993, 35.97525], [-78.98003, 35.97524], [-78.98024, 35.97523], [-78.98045, 35.97522], [-78.98099, 35.97523], [-78.98121, 35.97522], [-78.98168, 35.97522], [-78.98178, 35.97522], [-78.98311, 35.97522], [-78.98437, 35.97522], [-78.9845, 35.97522], [-78.98524, 35.97523], [-78.98666, 35.97522], [-78.98684, 35.97522], [-78.98721, 35.97523], [-78.98732, 35.97524], [-78.98752, 35.97526], [-78.98788, 35.97531], [-78.988, 35.97534], [-78.98819, 35.97539], [-78.98846, 35.97549], [-78.98904, 35.97576], [-78.98924, 35.97585], [-78.98934, 35.97588], [-78.98963, 35.97594], [-78.98976, 35.97597], [-78.99024, 35.97599], [-78.99203, 35.97602], [-78.99232, 35.97603], [-78.99239, 35.97604], [-78.99255, 35.97606], [-78.99263, 35.97611], [-78.99274, 35.97618], [-78.99288, 35.97629], [-78.9933, 35.97668], [-78.99346, 35.97683], [-78.99354, 35.9769], [-78.99411, 35.97744], [-78.99432, 35.97764], [-78.99453, 35.97782], [-78.99506, 35.97825], [-78.99529, 35.97843], [-78.99547, 35.97856], [-78.99606, 35.97898], [-78.9961, 35.97901], [-78.99614, 35.97903], [-78.99623, 35.97853], [-78.99642, 35.97744], [-78.99661, 35.97632], [-78.99689, 35.97471], [-78.99732, 35.97226], [-78.99736, 35.97204], [-78.99739, 35.9718], [-78.99757, 35.9708], [-78.99792, 35.96882], [-78.99827, 35.96682], [-78.99852, 35.96539], [-78.99863, 35.96472], [-78.99899, 35.96271], [-78.99903, 35.96246], [-78.99907, 35.96224], [-78.99926, 35.96117], [-78.99946, 35.96001], [-78.9998, 35.95804], [-78.99983, 35.95791], [-79.0001, 35.95627], [-79.00016, 35.95596], [-79.00046, 35.9542], [-79.00055, 35.95375], [-79.00064, 35.9532], [-79.00069, 35.95293], [-79.00074, 35.9527], [-79.00075, 35.95258], [-79.00078, 35.95244], [-79.00086, 35.95199], [-79.00086, 35.95194], [-79.00088, 35.95184], [-79.00092, 35.95161], [-79.00093, 35.95152], [-79.00096, 35.95139], [-79.00097, 35.95134], [-79.00097, 35.95131], [-79.00099, 35.95123], [-79.00117, 35.95022], [-79.0012, 35.95003], [-79.00121, 35.94994]]]}}]}